2026-05-19 21:41:35,269 - root - INFO - **** Training e_1M_full
2026-05-19 21:41:37,437 - helper_functions - INFO - Users: 6040, Items: 3883
2026-05-19 21:41:40,576 - helper_functions - INFO - Edge index: torch.Size([2, 1000209])
2026-05-19 21:41:40,576 - root - INFO - **** Generating the graph:
2026-05-19 21:41:41,457 - helper_functions - INFO - Number of unique users: 6040
2026-05-19 21:41:41,466 - helper_functions - INFO - Number of unique items: 3706
2026-05-19 21:41:41,466 - helper_functions - INFO - Number of nodes: 9746
2026-05-19 21:41:41,470 - helper_functions - INFO - Number of edges: 1000209
2026-05-19 21:41:44,411 - optuna.storages._rdb.storage - INFO - A new study created in RDB with name: Study_e_1M_full
2026-05-19 21:43:01,108 - optuna.study.study - INFO - Trial 0 finished with value: 0.019848868771018303 and parameters: {'n_layers': 2, 'embedding_dim': 128, 'lr': 0.0001000840878114702, 'lambda_val': 6.843611078303188e-06, 'batch_size': 1047, 'optimizer': 'RMSprop'}. Best is trial 0 with value: 0.019848868771018303.
2026-05-19 21:43:20,867 - experiment_functions - INFO - Early stopping at epoch 1250. Best Recall: 0.0043
2026-05-19 21:43:20,966 - optuna.study.study - INFO - Trial 1 finished with value: 0.004334972483767298 and parameters: {'n_layers': 3, 'embedding_dim': 32, 'lr': 1.4203524330527641e-05, 'lambda_val': 1.4096384173649756e-06, 'batch_size': 3180, 'optimizer': 'Adam'}. Best is trial 0 with value: 0.019848868771018303.
2026-05-19 21:44:27,258 - optuna.study.study - INFO - Trial 2 finished with value: 0.0211346263978817 and parameters: {'n_layers': 2, 'embedding_dim': 96, 'lr': 7.484581795462278e-05, 'lambda_val': 0.0005790285884533018, 'batch_size': 3249, 'optimizer': 'RMSprop'}. Best is trial 2 with value: 0.0211346263978817.
2026-05-19 21:44:43,940 - experiment_functions - INFO - Early stopping at epoch 950. Best Recall: 0.0092
2026-05-19 21:44:44,041 - optuna.study.study - INFO - Trial 3 finished with value: 0.009169549765268905 and parameters: {'n_layers': 2, 'embedding_dim': 96, 'lr': 0.02585556274741509, 'lambda_val': 0.029548338623558434, 'batch_size': 784, 'optimizer': 'Adam'}. Best is trial 2 with value: 0.0211346263978817.
2026-05-19 21:44:52,944 - experiment_functions - INFO - Early stopping at epoch 500. Best Recall: 0.0053
2026-05-19 21:44:53,046 - optuna.study.study - INFO - Trial 4 finished with value: 0.005348793870172268 and parameters: {'n_layers': 2, 'embedding_dim': 64, 'lr': 0.0009465848106993404, 'lambda_val': 3.1162214628094185e-05, 'batch_size': 3343, 'optimizer': 'SGD'}. Best is trial 2 with value: 0.0211346263978817.
2026-05-19 21:45:09,892 - experiment_functions - INFO - Early stopping at epoch 800. Best Recall: 0.0315
2026-05-19 21:45:09,995 - optuna.study.study - INFO - Trial 5 finished with value: 0.03153424006457588 and parameters: {'n_layers': 4, 'embedding_dim': 64, 'lr': 0.0004397500899304751, 'lambda_val': 0.00010951835764914366, 'batch_size': 4055, 'optimizer': 'Adam'}. Best is trial 5 with value: 0.03153424006457588.
2026-05-19 21:45:19,834 - experiment_functions - INFO - Early stopping at epoch 500. Best Recall: 0.0054
2026-05-19 21:45:19,936 - optuna.study.study - INFO - Trial 6 finished with value: 0.0053890194527925995 and parameters: {'n_layers': 2, 'embedding_dim': 128, 'lr': 6.0742729062519315e-05, 'lambda_val': 6.962690389758867e-05, 'batch_size': 3711, 'optimizer': 'SGD'}. Best is trial 5 with value: 0.03153424006457588.
2026-05-19 21:46:29,867 - experiment_functions - INFO - Early stopping at epoch 3300. Best Recall: 0.0596
2026-05-19 21:46:29,972 - optuna.study.study - INFO - Trial 7 finished with value: 0.0595987838330115 and parameters: {'n_layers': 1, 'embedding_dim': 256, 'lr': 0.00802480522796383, 'lambda_val': 0.0001845944514349513, 'batch_size': 3221, 'optimizer': 'RMSprop'}. Best is trial 7 with value: 0.0595987838330115.
2026-05-19 21:46:37,928 - experiment_functions - INFO - Early stopping at epoch 500. Best Recall: 0.0051
2026-05-19 21:46:38,020 - optuna.study.study - INFO - Trial 8 finished with value: 0.005096623134118286 and parameters: {'n_layers': 1, 'embedding_dim': 64, 'lr': 0.03837468507824652, 'lambda_val': 9.479437961687173e-06, 'batch_size': 2567, 'optimizer': 'SGD'}. Best is trial 7 with value: 0.0595987838330115.
2026-05-19 21:46:49,246 - experiment_functions - INFO - Early stopping at epoch 500. Best Recall: 0.0056
2026-05-19 21:46:49,399 - optuna.study.study - INFO - Trial 9 finished with value: 0.005574237919480775 and parameters: {'n_layers': 2, 'embedding_dim': 256, 'lr': 0.00018451974723714533, 'lambda_val': 2.0324362802733233e-06, 'batch_size': 2833, 'optimizer': 'SGD'}. Best is trial 7 with value: 0.0595987838330115.
2026-05-19 21:47:25,404 - experiment_functions - INFO - Early stopping at epoch 1950. Best Recall: 0.0550
2026-05-19 21:47:25,505 - optuna.study.study - INFO - Trial 10 finished with value: 0.0549906113885728 and parameters: {'n_layers': 1, 'embedding_dim': 256, 'lr': 0.006014328468812868, 'lambda_val': 0.0016251222199135176, 'batch_size': 1883, 'optimizer': 'RMSprop'}. Best is trial 7 with value: 0.0595987838330115.
2026-05-19 21:48:16,582 - experiment_functions - INFO - Early stopping at epoch 2700. Best Recall: 0.0566
2026-05-19 21:48:16,673 - optuna.study.study - INFO - Trial 11 finished with value: 0.05660818894335773 and parameters: {'n_layers': 1, 'embedding_dim': 256, 'lr': 0.005467357437931438, 'lambda_val': 0.00175868015629025, 'batch_size': 1857, 'optimizer': 'RMSprop'}. Best is trial 7 with value: 0.0595987838330115.
2026-05-19 21:48:40,890 - optuna.study._optimize - INFO - Trial 12 pruned. 
2026-05-19 21:49:08,284 - optuna.study._optimize - INFO - Trial 13 pruned. 
2026-05-19 21:49:23,537 - experiment_functions - INFO - Early stopping at epoch 500. Best Recall: 0.0426
2026-05-19 21:49:23,617 - optuna.study.study - INFO - Trial 14 finished with value: 0.042578215167576594 and parameters: {'n_layers': 3, 'embedding_dim': 256, 'lr': 0.07712114123007781, 'lambda_val': 0.00041356933494184956, 'batch_size': 1275, 'optimizer': 'RMSprop'}. Best is trial 7 with value: 0.0595987838330115.
2026-05-19 21:49:32,234 - experiment_functions - INFO - Early stopping at epoch 550. Best Recall: 0.0457
2026-05-19 21:49:32,383 - optuna.study.study - INFO - Trial 15 finished with value: 0.04570645630225368 and parameters: {'n_layers': 1, 'embedding_dim': 32, 'lr': 0.0021136115297699844, 'lambda_val': 0.06075801441573741, 'batch_size': 2347, 'optimizer': 'RMSprop'}. Best is trial 7 with value: 0.0595987838330115.
2026-05-19 21:50:07,447 - optuna.study._optimize - INFO - Trial 16 pruned. 
2026-05-19 21:50:19,916 - experiment_functions - INFO - Early stopping at epoch 550. Best Recall: 0.0565
2026-05-19 21:50:20,019 - optuna.study.study - INFO - Trial 17 finished with value: 0.0564583443140625 and parameters: {'n_layers': 1, 'embedding_dim': 256, 'lr': 0.0017799448940967358, 'lambda_val': 0.00016381400834647312, 'batch_size': 2759, 'optimizer': 'RMSprop'}. Best is trial 7 with value: 0.0595987838330115.
2026-05-19 21:50:55,239 - optuna.study._optimize - INFO - Trial 18 pruned. 
2026-05-19 21:51:13,623 - optuna.study._optimize - INFO - Trial 19 pruned. 
2026-05-19 21:52:11,245 - experiment_functions - INFO - Early stopping at epoch 3450. Best Recall: 0.0613
2026-05-19 21:52:11,340 - optuna.study.study - INFO - Trial 20 finished with value: 0.06133108028599763 and parameters: {'n_layers': 1, 'embedding_dim': 96, 'lr': 0.0032243113827390055, 'lambda_val': 4.645973377597635e-05, 'batch_size': 4083, 'optimizer': 'RMSprop'}. Best is trial 20 with value: 0.06133108028599763.
2026-05-19 21:52:59,811 - experiment_functions - INFO - Early stopping at epoch 3000. Best Recall: 0.0603
2026-05-19 21:52:59,903 - optuna.study.study - INFO - Trial 21 finished with value: 0.06027240559297134 and parameters: {'n_layers': 1, 'embedding_dim': 96, 'lr': 0.0032825916332859407, 'lambda_val': 2.6254254307825686e-05, 'batch_size': 4009, 'optimizer': 'RMSprop'}. Best is trial 20 with value: 0.06133108028599763.
2026-05-19 21:53:11,393 - experiment_functions - INFO - Early stopping at epoch 650. Best Recall: 0.0640
2026-05-19 21:53:11,509 - optuna.study.study - INFO - Trial 22 finished with value: 0.06396677209864934 and parameters: {'n_layers': 1, 'embedding_dim': 96, 'lr': 0.0009410415698572454, 'lambda_val': 3.309797817991235e-05, 'batch_size': 4032, 'optimizer': 'RMSprop'}. Best is trial 22 with value: 0.06396677209864934.
2026-05-19 21:53:27,060 - experiment_functions - INFO - Early stopping at epoch 850. Best Recall: 0.0623
2026-05-19 21:53:27,162 - optuna.study.study - INFO - Trial 23 finished with value: 0.06230089035194995 and parameters: {'n_layers': 1, 'embedding_dim': 96, 'lr': 0.0006127084929513744, 'lambda_val': 2.3672654286816722e-05, 'batch_size': 4067, 'optimizer': 'RMSprop'}. Best is trial 22 with value: 0.06396677209864934.
2026-05-19 21:53:38,308 - experiment_functions - INFO - Early stopping at epoch 600. Best Recall: 0.0530
2026-05-19 21:53:38,410 - optuna.study.study - INFO - Trial 24 finished with value: 0.05297188783909752 and parameters: {'n_layers': 2, 'embedding_dim': 96, 'lr': 0.0007223518712854985, 'lambda_val': 6.14416317258001e-06, 'batch_size': 3733, 'optimizer': 'RMSprop'}. Best is trial 22 with value: 0.06396677209864934.
2026-05-19 21:53:55,480 - optuna.study._optimize - INFO - Trial 25 pruned. 
2026-05-19 21:54:11,326 - experiment_functions - INFO - Early stopping at epoch 800. Best Recall: 0.0518
2026-05-19 21:54:11,466 - optuna.study.study - INFO - Trial 26 finished with value: 0.05182926687709396 and parameters: {'n_layers': 2, 'embedding_dim': 96, 'lr': 0.00037609319132721365, 'lambda_val': 1.2318967139157438e-05, 'batch_size': 4063, 'optimizer': 'RMSprop'}. Best is trial 22 with value: 0.06396677209864934.
2026-05-19 21:54:21,424 - experiment_functions - INFO - Early stopping at epoch 550. Best Recall: 0.0667
2026-05-19 21:54:21,530 - optuna.study.study - INFO - Trial 27 finished with value: 0.06665207914985044 and parameters: {'n_layers': 1, 'embedding_dim': 96, 'lr': 0.0015332905055480497, 'lambda_val': 3.6609414607834305e-06, 'batch_size': 3509, 'optimizer': 'RMSprop'}. Best is trial 27 with value: 0.06665207914985044.
2026-05-19 21:54:34,143 - experiment_functions - INFO - Early stopping at epoch 600. Best Recall: 0.0448
2026-05-19 21:54:34,278 - optuna.study.study - INFO - Trial 28 finished with value: 0.04476638185641692 and parameters: {'n_layers': 3, 'embedding_dim': 96, 'lr': 0.0012534741553292099, 'lambda_val': 2.819383078588233e-06, 'batch_size': 3562, 'optimizer': 'Adam'}. Best is trial 27 with value: 0.06665207914985044.
2026-05-19 21:54:43,377 - experiment_functions - INFO - Early stopping at epoch 500. Best Recall: 0.0049
2026-05-19 21:54:43,547 - optuna.study.study - INFO - Trial 29 finished with value: 0.004922925270958838 and parameters: {'n_layers': 2, 'embedding_dim': 96, 'lr': 0.0005595838408644485, 'lambda_val': 4.046431998438956e-06, 'batch_size': 2968, 'optimizer': 'SGD'}. Best is trial 27 with value: 0.06665207914985044.
2026-05-19 21:54:52,920 - experiment_functions - INFO - Early stopping at epoch 600. Best Recall: 0.0050
2026-05-19 21:54:53,021 - optuna.study.study - INFO - Trial 30 finished with value: 0.00504278035753553 and parameters: {'n_layers': 1, 'embedding_dim': 96, 'lr': 3.26867581192268e-05, 'lambda_val': 1.4745289535354603e-05, 'batch_size': 3807, 'optimizer': 'RMSprop'}. Best is trial 27 with value: 0.06665207914985044.
2026-05-19 21:55:03,209 - experiment_functions - INFO - Early stopping at epoch 550. Best Recall: 0.0374
2026-05-19 21:55:03,310 - optuna.study.study - INFO - Trial 31 finished with value: 0.037373565461698864 and parameters: {'n_layers': 1, 'embedding_dim': 96, 'lr': 0.0025394556441905246, 'lambda_val': 5.683617105420781e-05, 'batch_size': 3465, 'optimizer': 'RMSprop'}. Best is trial 27 with value: 0.06665207914985044.
2026-05-19 21:55:19,984 - optuna.study._optimize - INFO - Trial 32 pruned. 
2026-05-19 21:55:33,789 - experiment_functions - INFO - Early stopping at epoch 650. Best Recall: 0.0586
2026-05-19 21:55:33,930 - optuna.study.study - INFO - Trial 33 finished with value: 0.05857510084336733 and parameters: {'n_layers': 1, 'embedding_dim': 32, 'lr': 0.0013005125860685166, 'lambda_val': 1.2313567071061355e-06, 'batch_size': 3506, 'optimizer': 'RMSprop'}. Best is trial 27 with value: 0.06665207914985044.
2026-05-19 21:55:57,663 - optuna.study._optimize - INFO - Trial 34 pruned. 
2026-05-19 21:56:11,243 - experiment_functions - INFO - Early stopping at epoch 700. Best Recall: 0.0611
2026-05-19 21:56:11,334 - optuna.study.study - INFO - Trial 35 finished with value: 0.061126861918873863 and parameters: {'n_layers': 2, 'embedding_dim': 96, 'lr': 0.0008692285245689984, 'lambda_val': 5.230755199213814e-05, 'batch_size': 3062, 'optimizer': 'Adam'}. Best is trial 27 with value: 0.06665207914985044.
2026-05-19 21:56:28,808 - optuna.study._optimize - INFO - Trial 36 pruned. 
2026-05-19 21:57:13,144 - experiment_functions - INFO - Early stopping at epoch 2450. Best Recall: 0.0751
2026-05-19 21:57:13,236 - optuna.study.study - INFO - Trial 37 finished with value: 0.07508370903069492 and parameters: {'n_layers': 1, 'embedding_dim': 128, 'lr': 0.0002982882395631575, 'lambda_val': 8.889027355834453e-06, 'batch_size': 3363, 'optimizer': 'RMSprop'}. Best is trial 37 with value: 0.07508370903069492.
2026-05-19 21:57:24,352 - experiment_functions - INFO - Early stopping at epoch 700. Best Recall: 0.0046
2026-05-19 21:57:24,478 - optuna.study.study - INFO - Trial 38 finished with value: 0.004626420252733519 and parameters: {'n_layers': 1, 'embedding_dim': 128, 'lr': 1.0081340094450663e-05, 'lambda_val': 2.538413439115852e-06, 'batch_size': 3360, 'optimizer': 'Adam'}. Best is trial 37 with value: 0.07508370903069492.
2026-05-19 21:57:34,069 - experiment_functions - INFO - Early stopping at epoch 500. Best Recall: 0.0052
2026-05-19 21:57:34,173 - optuna.study.study - INFO - Trial 39 finished with value: 0.005182093111741136 and parameters: {'n_layers': 2, 'embedding_dim': 128, 'lr': 0.0002953714686009263, 'lambda_val': 1.0566646896592867e-06, 'batch_size': 3195, 'optimizer': 'SGD'}. Best is trial 37 with value: 0.07508370903069492.
2026-05-19 21:57:53,871 - optuna.study._optimize - INFO - Trial 40 pruned. 
2026-05-19 21:58:08,348 - experiment_functions - INFO - Early stopping at epoch 850. Best Recall: 0.0677
2026-05-19 21:58:08,484 - optuna.study.study - INFO - Trial 41 finished with value: 0.06768011393616445 and parameters: {'n_layers': 1, 'embedding_dim': 64, 'lr': 0.0006193572189570673, 'lambda_val': 8.960178842087326e-06, 'batch_size': 3840, 'optimizer': 'RMSprop'}. Best is trial 37 with value: 0.07508370903069492.
2026-05-19 21:58:24,674 - experiment_functions - INFO - Early stopping at epoch 1000. Best Recall: 0.0649
2026-05-19 21:58:24,765 - optuna.study.study - INFO - Trial 42 finished with value: 0.06494045777063882 and parameters: {'n_layers': 1, 'embedding_dim': 64, 'lr': 0.000543808859838576, 'lambda_val': 8.568108418991206e-06, 'batch_size': 3838, 'optimizer': 'RMSprop'}. Best is trial 37 with value: 0.07508370903069492.
2026-05-19 21:58:51,381 - experiment_functions - INFO - Early stopping at epoch 1600. Best Recall: 0.0705
2026-05-19 21:58:51,482 - optuna.study.study - INFO - Trial 43 finished with value: 0.07046136245675087 and parameters: {'n_layers': 1, 'embedding_dim': 64, 'lr': 0.0004353184941844625, 'lambda_val': 8.724852453002567e-06, 'batch_size': 3400, 'optimizer': 'RMSprop'}. Best is trial 37 with value: 0.07508370903069492.
2026-05-19 21:59:06,488 - optuna.study._optimize - INFO - Trial 44 pruned. 
2026-05-19 21:59:16,484 - experiment_functions - INFO - Early stopping at epoch 500. Best Recall: 0.0057
2026-05-19 21:59:16,574 - optuna.study.study - INFO - Trial 45 finished with value: 0.00572064945687646 and parameters: {'n_layers': 1, 'embedding_dim': 64, 'lr': 0.000408840258105154, 'lambda_val': 5.557138088763356e-06, 'batch_size': 3131, 'optimizer': 'SGD'}. Best is trial 37 with value: 0.07508370903069492.
2026-05-19 21:59:36,032 - optuna.study._optimize - INFO - Trial 46 pruned. 
2026-05-19 21:59:47,428 - experiment_functions - INFO - Early stopping at epoch 600. Best Recall: 0.0647
2026-05-19 21:59:47,519 - optuna.study.study - INFO - Trial 47 finished with value: 0.06468362263411699 and parameters: {'n_layers': 1, 'embedding_dim': 64, 'lr': 0.0015306529144991704, 'lambda_val': 1.6443002943023817e-06, 'batch_size': 2577, 'optimizer': 'RMSprop'}. Best is trial 37 with value: 0.07508370903069492.
2026-05-19 22:00:52,481 - optuna.study.study - INFO - Trial 48 finished with value: 0.07237696244786607 and parameters: {'n_layers': 1, 'embedding_dim': 64, 'lr': 0.000290026636612429, 'lambda_val': 1.0609359361694217e-05, 'batch_size': 3335, 'optimizer': 'RMSprop'}. Best is trial 37 with value: 0.07508370903069492.
2026-05-19 22:01:11,459 - experiment_functions - INFO - Early stopping at epoch 1100. Best Recall: 0.0589
2026-05-19 22:01:11,563 - optuna.study.study - INFO - Trial 49 finished with value: 0.058940679215774026 and parameters: {'n_layers': 2, 'embedding_dim': 64, 'lr': 0.00033707088232272223, 'lambda_val': 1.3092432986394107e-05, 'batch_size': 3289, 'optimizer': 'RMSprop'}. Best is trial 37 with value: 0.07508370903069492.
2026-05-19 22:01:20,621 - experiment_functions - INFO - Early stopping at epoch 500. Best Recall: 0.0049
2026-05-19 22:01:20,757 - optuna.study.study - INFO - Trial 50 finished with value: 0.0049206636972843765 and parameters: {'n_layers': 1, 'embedding_dim': 64, 'lr': 4.557254268991671e-05, 'lambda_val': 3.1850012962483154e-06, 'batch_size': 2737, 'optimizer': 'SGD'}. Best is trial 37 with value: 0.07508370903069492.
2026-05-19 22:01:39,530 - experiment_functions - INFO - Early stopping at epoch 1150. Best Recall: 0.0730
2026-05-19 22:01:39,621 - optuna.study.study - INFO - Trial 51 finished with value: 0.07295467247984341 and parameters: {'n_layers': 1, 'embedding_dim': 64, 'lr': 0.0005197080473494652, 'lambda_val': 1.0018016936781318e-05, 'batch_size': 3418, 'optimizer': 'RMSprop'}. Best is trial 37 with value: 0.07508370903069492.
2026-05-19 22:01:57,398 - optuna.study._optimize - INFO - Trial 52 pruned. 
2026-05-19 22:02:20,559 - experiment_functions - INFO - Early stopping at epoch 1350. Best Recall: 0.0732
2026-05-19 22:02:20,649 - optuna.study.study - INFO - Trial 53 finished with value: 0.07319452567828844 and parameters: {'n_layers': 1, 'embedding_dim': 64, 'lr': 0.0004686054187348819, 'lambda_val': 2.23002345634996e-06, 'batch_size': 3482, 'optimizer': 'RMSprop'}. Best is trial 37 with value: 0.07508370903069492.
2026-05-19 22:03:25,608 - optuna.study.study - INFO - Trial 54 finished with value: 0.07773501796130158 and parameters: {'n_layers': 1, 'embedding_dim': 64, 'lr': 0.0002965882498485035, 'lambda_val': 2.0081156100220864e-06, 'batch_size': 3127, 'optimizer': 'RMSprop'}. Best is trial 54 with value: 0.07773501796130158.
2026-05-19 22:03:40,519 - optuna.study._optimize - INFO - Trial 55 pruned. 
2026-05-19 22:03:57,597 - optuna.study._optimize - INFO - Trial 56 pruned. 
2026-05-19 22:04:14,662 - optuna.study._optimize - INFO - Trial 57 pruned. 
2026-05-19 22:04:33,821 - optuna.study._optimize - INFO - Trial 58 pruned. 
2026-05-19 22:04:57,585 - experiment_functions - INFO - Early stopping at epoch 1450. Best Recall: 0.0725
2026-05-19 22:04:57,731 - optuna.study.study - INFO - Trial 59 finished with value: 0.07246903218226815 and parameters: {'n_layers': 1, 'embedding_dim': 64, 'lr': 0.00044731735110066143, 'lambda_val': 5.026827757023638e-06, 'batch_size': 3429, 'optimizer': 'RMSprop'}. Best is trial 54 with value: 0.07773501796130158.
2026-05-19 22:05:09,892 - experiment_functions - INFO - Early stopping at epoch 700. Best Recall: 0.0674
2026-05-19 22:05:09,981 - optuna.study.study - INFO - Trial 60 finished with value: 0.06736309245431862 and parameters: {'n_layers': 1, 'embedding_dim': 128, 'lr': 0.0008481337425917288, 'lambda_val': 4.940385179556289e-06, 'batch_size': 2873, 'optimizer': 'RMSprop'}. Best is trial 54 with value: 0.07773501796130158.
2026-05-19 22:05:35,150 - experiment_functions - INFO - Early stopping at epoch 1350. Best Recall: 0.0709
2026-05-19 22:05:35,285 - optuna.study.study - INFO - Trial 61 finished with value: 0.07085377132727239 and parameters: {'n_layers': 1, 'embedding_dim': 64, 'lr': 0.00044341763181532953, 'lambda_val': 1.2748205656665672e-05, 'batch_size': 3635, 'optimizer': 'RMSprop'}. Best is trial 54 with value: 0.07773501796130158.
2026-05-19 22:05:50,448 - optuna.study._optimize - INFO - Trial 62 pruned. 
2026-05-19 22:06:14,301 - experiment_functions - INFO - Early stopping at epoch 1500. Best Recall: 0.0769
2026-05-19 22:06:14,404 - optuna.study.study - INFO - Trial 63 finished with value: 0.07692345350105939 and parameters: {'n_layers': 1, 'embedding_dim': 64, 'lr': 0.0004454865539427936, 'lambda_val': 2.490070152547682e-06, 'batch_size': 3600, 'optimizer': 'RMSprop'}. Best is trial 54 with value: 0.07773501796130158.
2026-05-19 22:06:24,746 - experiment_functions - INFO - Early stopping at epoch 650. Best Recall: 0.0676
2026-05-19 22:06:24,836 - optuna.study.study - INFO - Trial 64 finished with value: 0.06762597732913841 and parameters: {'n_layers': 1, 'embedding_dim': 64, 'lr': 0.0010023777324682866, 'lambda_val': 1.0261799206613138e-06, 'batch_size': 3096, 'optimizer': 'RMSprop'}. Best is trial 54 with value: 0.07773501796130158.
2026-05-19 22:06:41,487 - optuna.study._optimize - INFO - Trial 65 pruned. 
2026-05-19 22:06:56,261 - optuna.study._optimize - INFO - Trial 66 pruned. 
2026-05-19 22:07:20,501 - experiment_functions - INFO - Early stopping at epoch 1350. Best Recall: 0.0803
2026-05-19 22:07:20,591 - optuna.study.study - INFO - Trial 67 finished with value: 0.0803340006000126 and parameters: {'n_layers': 1, 'embedding_dim': 128, 'lr': 0.0004791648399375376, 'lambda_val': 1.4176836777361127e-06, 'batch_size': 2074, 'optimizer': 'RMSprop'}. Best is trial 67 with value: 0.0803340006000126.
2026-05-19 22:07:39,505 - experiment_functions - INFO - Early stopping at epoch 1100. Best Recall: 0.0781
2026-05-19 22:07:39,583 - optuna.study.study - INFO - Trial 68 finished with value: 0.07813817926162271 and parameters: {'n_layers': 1, 'embedding_dim': 128, 'lr': 0.0005292975058922474, 'lambda_val': 1.6857019350121612e-06, 'batch_size': 2088, 'optimizer': 'RMSprop'}. Best is trial 67 with value: 0.0803340006000126.
2026-05-19 22:07:47,788 - experiment_functions - INFO - Early stopping at epoch 500. Best Recall: 0.0049
2026-05-19 22:07:47,956 - optuna.study.study - INFO - Trial 69 finished with value: 0.004880891031440259 and parameters: {'n_layers': 1, 'embedding_dim': 128, 'lr': 0.001167877155379611, 'lambda_val': 1.3942891299014567e-06, 'batch_size': 2052, 'optimizer': 'SGD'}. Best is trial 67 with value: 0.0803340006000126.
2026-05-19 22:08:08,156 - experiment_functions - INFO - Early stopping at epoch 1150. Best Recall: 0.0790
2026-05-19 22:08:08,246 - optuna.study.study - INFO - Trial 70 finished with value: 0.07899370570207911 and parameters: {'n_layers': 1, 'embedding_dim': 128, 'lr': 0.0006703140382603332, 'lambda_val': 1.9063379416881016e-06, 'batch_size': 1689, 'optimizer': 'Adam'}. Best is trial 67 with value: 0.0803340006000126.
2026-05-19 22:08:26,503 - experiment_functions - INFO - Early stopping at epoch 1100. Best Recall: 0.0768
2026-05-19 22:08:26,593 - optuna.study.study - INFO - Trial 71 finished with value: 0.076754862970553 and parameters: {'n_layers': 1, 'embedding_dim': 128, 'lr': 0.0007215483470107658, 'lambda_val': 1.768049482889642e-06, 'batch_size': 1721, 'optimizer': 'Adam'}. Best is trial 67 with value: 0.0803340006000126.
2026-05-19 22:08:45,436 - experiment_functions - INFO - Early stopping at epoch 1050. Best Recall: 0.0782
2026-05-19 22:08:45,527 - optuna.study.study - INFO - Trial 72 finished with value: 0.07824000338025905 and parameters: {'n_layers': 1, 'embedding_dim': 128, 'lr': 0.0008213515661024362, 'lambda_val': 1.7129216883310826e-06, 'batch_size': 1651, 'optimizer': 'Adam'}. Best is trial 67 with value: 0.0803340006000126.
2026-05-19 22:09:04,322 - experiment_functions - INFO - Early stopping at epoch 1150. Best Recall: 0.0824
2026-05-19 22:09:04,459 - optuna.study.study - INFO - Trial 73 finished with value: 0.08243534473841134 and parameters: {'n_layers': 1, 'embedding_dim': 128, 'lr': 0.0007316204992691144, 'lambda_val': 3.366184401052786e-06, 'batch_size': 1457, 'optimizer': 'Adam'}. Best is trial 73 with value: 0.08243534473841134.
2026-05-19 22:09:25,726 - experiment_functions - INFO - Early stopping at epoch 1150. Best Recall: 0.0807
2026-05-19 22:09:25,816 - optuna.study.study - INFO - Trial 74 finished with value: 0.08069440514425542 and parameters: {'n_layers': 1, 'embedding_dim': 128, 'lr': 0.0007322533351984229, 'lambda_val': 1.5700184834897625e-06, 'batch_size': 1600, 'optimizer': 'Adam'}. Best is trial 73 with value: 0.08243534473841134.
2026-05-19 22:09:45,732 - experiment_functions - INFO - Early stopping at epoch 1150. Best Recall: 0.0800
2026-05-19 22:09:45,833 - optuna.study.study - INFO - Trial 75 finished with value: 0.0800128468830111 and parameters: {'n_layers': 1, 'embedding_dim': 128, 'lr': 0.0007235115570049369, 'lambda_val': 1.448338206072458e-06, 'batch_size': 1487, 'optimizer': 'Adam'}. Best is trial 73 with value: 0.08243534473841134.
2026-05-19 22:09:58,626 - experiment_functions - INFO - Early stopping at epoch 550. Best Recall: 0.0341
2026-05-19 22:09:58,715 - optuna.study.study - INFO - Trial 76 finished with value: 0.03411253687766544 and parameters: {'n_layers': 4, 'embedding_dim': 128, 'lr': 0.0020039530563783817, 'lambda_val': 1.3079103923469737e-06, 'batch_size': 1515, 'optimizer': 'Adam'}. Best is trial 73 with value: 0.08243534473841134.
2026-05-19 22:10:21,340 - experiment_functions - INFO - Early stopping at epoch 1250. Best Recall: 0.0796
2026-05-19 22:10:21,475 - optuna.study.study - INFO - Trial 77 finished with value: 0.07960078828273078 and parameters: {'n_layers': 1, 'embedding_dim': 128, 'lr': 0.0007525498016040318, 'lambda_val': 1.0361135944404517e-06, 'batch_size': 1228, 'optimizer': 'Adam'}. Best is trial 73 with value: 0.08243534473841134.
2026-05-19 22:10:44,761 - experiment_functions - INFO - Early stopping at epoch 1350. Best Recall: 0.0826
2026-05-19 22:10:44,855 - optuna.study.study - INFO - Trial 78 finished with value: 0.0825951617489096 and parameters: {'n_layers': 1, 'embedding_dim': 128, 'lr': 0.0006897918009840428, 'lambda_val': 1.0809960178170255e-06, 'batch_size': 1096, 'optimizer': 'Adam'}. Best is trial 78 with value: 0.0825951617489096.
2026-05-19 22:10:55,392 - experiment_functions - INFO - Early stopping at epoch 550. Best Recall: 0.0719
2026-05-19 22:10:55,596 - optuna.study.study - INFO - Trial 79 finished with value: 0.0719488000462713 and parameters: {'n_layers': 2, 'embedding_dim': 128, 'lr': 0.004504396250519361, 'lambda_val': 1.082392240887436e-06, 'batch_size': 963, 'optimizer': 'Adam'}. Best is trial 78 with value: 0.0825951617489096.
2026-05-19 22:11:11,565 - experiment_functions - INFO - Early stopping at epoch 950. Best Recall: 0.0773
2026-05-19 22:11:11,656 - optuna.study.study - INFO - Trial 80 finished with value: 0.0772691948059427 and parameters: {'n_layers': 1, 'embedding_dim': 128, 'lr': 0.0010757635286346432, 'lambda_val': 3.1593669774879856e-06, 'batch_size': 1291, 'optimizer': 'Adam'}. Best is trial 78 with value: 0.0825951617489096.
2026-05-19 22:11:36,938 - experiment_functions - INFO - Early stopping at epoch 1200. Best Recall: 0.0772
2026-05-19 22:11:37,027 - optuna.study.study - INFO - Trial 81 finished with value: 0.07718365631028754 and parameters: {'n_layers': 1, 'embedding_dim': 128, 'lr': 0.0007288783241305862, 'lambda_val': 1.5521188840701034e-06, 'batch_size': 1647, 'optimizer': 'Adam'}. Best is trial 78 with value: 0.0825951617489096.
2026-05-19 22:11:59,486 - experiment_functions - INFO - Early stopping at epoch 1200. Best Recall: 0.0885
2026-05-19 22:11:59,646 - optuna.study.study - INFO - Trial 82 finished with value: 0.08854803385288794 and parameters: {'n_layers': 1, 'embedding_dim': 128, 'lr': 0.0007679420643003609, 'lambda_val': 1.3354734617059608e-06, 'batch_size': 1174, 'optimizer': 'Adam'}. Best is trial 82 with value: 0.08854803385288794.
2026-05-19 22:12:12,516 - experiment_functions - INFO - Early stopping at epoch 750. Best Recall: 0.0820
2026-05-19 22:12:12,606 - optuna.study.study - INFO - Trial 83 finished with value: 0.0820103904328052 and parameters: {'n_layers': 1, 'embedding_dim': 128, 'lr': 0.0017741260731651278, 'lambda_val': 1.0082217064215119e-06, 'batch_size': 1112, 'optimizer': 'Adam'}. Best is trial 82 with value: 0.08854803385288794.
2026-05-19 22:12:28,955 - experiment_functions - INFO - Early stopping at epoch 800. Best Recall: 0.0749
2026-05-19 22:12:29,044 - optuna.study.study - INFO - Trial 84 finished with value: 0.07486242702832006 and parameters: {'n_layers': 1, 'embedding_dim': 128, 'lr': 0.0015834717471682467, 'lambda_val': 1.03698981759903e-06, 'batch_size': 1107, 'optimizer': 'Adam'}. Best is trial 82 with value: 0.08854803385288794.
2026-05-19 22:12:40,821 - experiment_functions - INFO - Early stopping at epoch 650. Best Recall: 0.0703
2026-05-19 22:12:40,920 - optuna.study.study - INFO - Trial 85 finished with value: 0.07032895162399527 and parameters: {'n_layers': 1, 'embedding_dim': 128, 'lr': 0.0021942261544741766, 'lambda_val': 0.0008379599394435203, 'batch_size': 1292, 'optimizer': 'Adam'}. Best is trial 82 with value: 0.08854803385288794.
2026-05-19 22:13:14,352 - experiment_functions - INFO - Early stopping at epoch 1900. Best Recall: 0.0838
2026-05-19 22:13:14,486 - optuna.study.study - INFO - Trial 86 finished with value: 0.08384852500126269 and parameters: {'n_layers': 1, 'embedding_dim': 128, 'lr': 0.0006501221129348077, 'lambda_val': 3.2083288265719785e-06, 'batch_size': 840, 'optimizer': 'Adam'}. Best is trial 82 with value: 0.08854803385288794.
2026-05-19 22:13:32,721 - experiment_functions - INFO - Early stopping at epoch 900. Best Recall: 0.0795
2026-05-19 22:13:32,811 - optuna.study.study - INFO - Trial 87 finished with value: 0.07948703512343436 and parameters: {'n_layers': 1, 'embedding_dim': 128, 'lr': 0.0013327675972610972, 'lambda_val': 3.466762951038407e-06, 'batch_size': 737, 'optimizer': 'Adam'}. Best is trial 82 with value: 0.08854803385288794.
2026-05-19 22:13:47,402 - experiment_functions - INFO - Early stopping at epoch 750. Best Recall: 0.0690
2026-05-19 22:13:47,494 - optuna.study.study - INFO - Trial 88 finished with value: 0.06900414561859586 and parameters: {'n_layers': 2, 'embedding_dim': 128, 'lr': 0.0009771978765883043, 'lambda_val': 1.3384257824383892e-06, 'batch_size': 1084, 'optimizer': 'Adam'}. Best is trial 82 with value: 0.08854803385288794.
2026-05-19 22:14:02,598 - experiment_functions - INFO - Early stopping at epoch 750. Best Recall: 0.0820
2026-05-19 22:14:02,670 - optuna.study.study - INFO - Trial 89 finished with value: 0.08195992956054325 and parameters: {'n_layers': 1, 'embedding_dim': 128, 'lr': 0.0017333746860917335, 'lambda_val': 2.8898425124156673e-06, 'batch_size': 1202, 'optimizer': 'Adam'}. Best is trial 82 with value: 0.08854803385288794.
2026-05-19 22:14:15,154 - experiment_functions - INFO - Early stopping at epoch 600. Best Recall: 0.0747
2026-05-19 22:14:15,245 - optuna.study.study - INFO - Trial 90 finished with value: 0.07472616860496285 and parameters: {'n_layers': 1, 'embedding_dim': 128, 'lr': 0.0037128146380601998, 'lambda_val': 6.915242500413225e-06, 'batch_size': 923, 'optimizer': 'Adam'}. Best is trial 82 with value: 0.08854803385288794.
2026-05-19 22:14:29,234 - experiment_functions - INFO - Early stopping at epoch 700. Best Recall: 0.0806
2026-05-19 22:14:29,325 - optuna.study.study - INFO - Trial 91 finished with value: 0.08056423973786679 and parameters: {'n_layers': 1, 'embedding_dim': 128, 'lr': 0.0018891535489544457, 'lambda_val': 2.5489943492562887e-06, 'batch_size': 1407, 'optimizer': 'Adam'}. Best is trial 82 with value: 0.08854803385288794.
2026-05-19 22:14:41,900 - experiment_functions - INFO - Early stopping at epoch 700. Best Recall: 0.0813
2026-05-19 22:14:41,989 - optuna.study.study - INFO - Trial 92 finished with value: 0.081326021301964 and parameters: {'n_layers': 1, 'embedding_dim': 128, 'lr': 0.0018940666196485812, 'lambda_val': 2.68992259191452e-06, 'batch_size': 1413, 'optimizer': 'Adam'}. Best is trial 82 with value: 0.08854803385288794.
2026-05-19 22:14:53,736 - experiment_functions - INFO - Early stopping at epoch 650. Best Recall: 0.0783
2026-05-19 22:14:53,837 - optuna.study.study - INFO - Trial 93 finished with value: 0.07833944561687844 and parameters: {'n_layers': 1, 'embedding_dim': 128, 'lr': 0.002782466923274263, 'lambda_val': 2.6760866902214876e-06, 'batch_size': 1369, 'optimizer': 'Adam'}. Best is trial 82 with value: 0.08854803385288794.
2026-05-19 22:15:09,615 - experiment_functions - INFO - Early stopping at epoch 850. Best Recall: 0.0831
2026-05-19 22:15:09,705 - optuna.study.study - INFO - Trial 94 finished with value: 0.08313909361613203 and parameters: {'n_layers': 1, 'embedding_dim': 128, 'lr': 0.001557571136895881, 'lambda_val': 2.9111588117262985e-06, 'batch_size': 737, 'optimizer': 'Adam'}. Best is trial 82 with value: 0.08854803385288794.
2026-05-19 22:15:19,374 - experiment_functions - INFO - Early stopping at epoch 550. Best Recall: 0.0666
2026-05-19 22:15:19,464 - optuna.study.study - INFO - Trial 95 finished with value: 0.0666324826660897 and parameters: {'n_layers': 1, 'embedding_dim': 128, 'lr': 0.009153160708135004, 'lambda_val': 3.604801166134592e-06, 'batch_size': 674, 'optimizer': 'Adam'}. Best is trial 82 with value: 0.08854803385288794.
2026-05-19 22:15:31,506 - experiment_functions - INFO - Early stopping at epoch 700. Best Recall: 0.0756
2026-05-19 22:15:31,596 - optuna.study.study - INFO - Trial 96 finished with value: 0.07560448393544124 and parameters: {'n_layers': 1, 'embedding_dim': 128, 'lr': 0.0023399772214944456, 'lambda_val': 6.264046264651382e-06, 'batch_size': 1172, 'optimizer': 'Adam'}. Best is trial 82 with value: 0.08854803385288794.
2026-05-19 22:15:49,861 - experiment_functions - INFO - Early stopping at epoch 850. Best Recall: 0.0448
2026-05-19 22:15:50,006 - optuna.study.study - INFO - Trial 97 finished with value: 0.044794407887893774 and parameters: {'n_layers': 1, 'embedding_dim': 32, 'lr': 0.001953190522049032, 'lambda_val': 0.0902897502324883, 'batch_size': 883, 'optimizer': 'Adam'}. Best is trial 82 with value: 0.08854803385288794.
2026-05-19 22:16:04,842 - experiment_functions - INFO - Early stopping at epoch 850. Best Recall: 0.0792
2026-05-19 22:16:04,931 - optuna.study.study - INFO - Trial 98 finished with value: 0.07919125225017254 and parameters: {'n_layers': 1, 'embedding_dim': 128, 'lr': 0.0013664815441719082, 'lambda_val': 2.953821965637964e-06, 'batch_size': 1008, 'optimizer': 'Adam'}. Best is trial 82 with value: 0.08854803385288794.
2026-05-19 22:16:16,848 - experiment_functions - INFO - Early stopping at epoch 700. Best Recall: 0.0725
2026-05-19 22:16:16,928 - optuna.study.study - INFO - Trial 99 finished with value: 0.07247969482064093 and parameters: {'n_layers': 1, 'embedding_dim': 128, 'lr': 0.001752215500436372, 'lambda_val': 0.01687233477124511, 'batch_size': 856, 'optimizer': 'Adam'}. Best is trial 82 with value: 0.08854803385288794.
2026-05-19 22:16:28,558 - experiment_functions - INFO - Early stopping at epoch 650. Best Recall: 0.0721
2026-05-19 22:16:28,648 - optuna.study.study - INFO - Trial 100 finished with value: 0.07207022674934642 and parameters: {'n_layers': 1, 'embedding_dim': 128, 'lr': 0.0032307649048566012, 'lambda_val': 4.274050744134845e-06, 'batch_size': 599, 'optimizer': 'Adam'}. Best is trial 82 with value: 0.08854803385288794.
2026-05-19 22:16:39,091 - experiment_functions - INFO - Early stopping at epoch 600. Best Recall: 0.0773
2026-05-19 22:16:39,190 - optuna.study.study - INFO - Trial 101 finished with value: 0.07729508736677715 and parameters: {'n_layers': 1, 'embedding_dim': 128, 'lr': 0.0039531264586694145, 'lambda_val': 2.2329574330654643e-06, 'batch_size': 1379, 'optimizer': 'Adam'}. Best is trial 82 with value: 0.08854803385288794.
2026-05-19 22:16:59,744 - experiment_functions - INFO - Early stopping at epoch 1000. Best Recall: 0.0818
2026-05-19 22:16:59,834 - optuna.study.study - INFO - Trial 102 finished with value: 0.08181693039200034 and parameters: {'n_layers': 1, 'embedding_dim': 128, 'lr': 0.001080950955182004, 'lambda_val': 2.85211722915202e-06, 'batch_size': 1165, 'optimizer': 'Adam'}. Best is trial 82 with value: 0.08854803385288794.
2026-05-19 22:17:09,554 - experiment_functions - INFO - Early stopping at epoch 550. Best Recall: 0.0709
2026-05-19 22:17:09,860 - optuna.study.study - INFO - Trial 103 finished with value: 0.07088449095367336 and parameters: {'n_layers': 1, 'embedding_dim': 128, 'lr': 0.007036583898817621, 'lambda_val': 2.9101576235054794e-06, 'batch_size': 1147, 'optimizer': 'Adam'}. Best is trial 82 with value: 0.08854803385288794.
2026-05-19 22:17:30,256 - experiment_functions - INFO - Early stopping at epoch 950. Best Recall: 0.0749
2026-05-19 22:17:30,336 - optuna.study.study - INFO - Trial 104 finished with value: 0.0748699203679985 and parameters: {'n_layers': 1, 'embedding_dim': 256, 'lr': 0.001090923920790907, 'lambda_val': 4.255449158382347e-06, 'batch_size': 811, 'optimizer': 'Adam'}. Best is trial 82 with value: 0.08854803385288794.
2026-05-19 22:17:43,948 - experiment_functions - INFO - Early stopping at epoch 800. Best Recall: 0.0775
2026-05-19 22:17:44,038 - optuna.study.study - INFO - Trial 105 finished with value: 0.0775445487788508 and parameters: {'n_layers': 1, 'embedding_dim': 128, 'lr': 0.0015405326672168693, 'lambda_val': 5.920954193107387e-06, 'batch_size': 1018, 'optimizer': 'Adam'}. Best is trial 82 with value: 0.08854803385288794.
2026-05-19 22:17:58,786 - experiment_functions - INFO - Early stopping at epoch 650. Best Recall: 0.0757
2026-05-19 22:17:58,875 - optuna.study.study - INFO - Trial 106 finished with value: 0.07571233563247522 and parameters: {'n_layers': 1, 'embedding_dim': 128, 'lr': 0.002604278536368934, 'lambda_val': 2.197748253580241e-06, 'batch_size': 1403, 'optimizer': 'Adam'}. Best is trial 82 with value: 0.08854803385288794.
2026-05-19 22:18:13,155 - experiment_functions - INFO - Early stopping at epoch 850. Best Recall: 0.0820
2026-05-19 22:18:13,235 - optuna.study.study - INFO - Trial 107 finished with value: 0.08203726189668051 and parameters: {'n_layers': 1, 'embedding_dim': 128, 'lr': 0.0011957300720841578, 'lambda_val': 3.696226131589454e-06, 'batch_size': 1578, 'optimizer': 'Adam'}. Best is trial 82 with value: 0.08854803385288794.
2026-05-19 22:18:28,134 - experiment_functions - INFO - Early stopping at epoch 800. Best Recall: 0.0816
2026-05-19 22:18:28,236 - optuna.study.study - INFO - Trial 108 finished with value: 0.08158824780762797 and parameters: {'n_layers': 1, 'embedding_dim': 128, 'lr': 0.0012386175485295898, 'lambda_val': 6.782771224728683e-06, 'batch_size': 1563, 'optimizer': 'Adam'}. Best is trial 82 with value: 0.08854803385288794.
2026-05-19 22:18:41,999 - experiment_functions - INFO - Early stopping at epoch 650. Best Recall: 0.0525
2026-05-19 22:18:42,089 - optuna.study.study - INFO - Trial 109 finished with value: 0.052505124235833284 and parameters: {'n_layers': 3, 'embedding_dim': 128, 'lr': 0.0009044352099418348, 'lambda_val': 0.0032475906344328434, 'batch_size': 1206, 'optimizer': 'Adam'}. Best is trial 82 with value: 0.08854803385288794.
2026-05-19 22:18:56,233 - experiment_functions - INFO - Early stopping at epoch 900. Best Recall: 0.0786
2026-05-19 22:18:56,334 - optuna.study.study - INFO - Trial 110 finished with value: 0.07859970749056563 and parameters: {'n_layers': 1, 'embedding_dim': 32, 'lr': 0.0012462586365878272, 'lambda_val': 4.6955814320822486e-06, 'batch_size': 1547, 'optimizer': 'Adam'}. Best is trial 82 with value: 0.08854803385288794.
2026-05-19 22:19:11,653 - experiment_functions - INFO - Early stopping at epoch 750. Best Recall: 0.0791
2026-05-19 22:19:11,856 - optuna.study.study - INFO - Trial 111 finished with value: 0.07913186354839723 and parameters: {'n_layers': 1, 'embedding_dim': 128, 'lr': 0.0014530018642873227, 'lambda_val': 7.178243514990948e-06, 'batch_size': 1590, 'optimizer': 'Adam'}. Best is trial 82 with value: 0.08854803385288794.
2026-05-19 22:19:39,626 - experiment_functions - INFO - Early stopping at epoch 1600. Best Recall: 0.0815
2026-05-19 22:19:39,716 - optuna.study.study - INFO - Trial 112 finished with value: 0.08152714736661386 and parameters: {'n_layers': 1, 'embedding_dim': 128, 'lr': 0.0006002725367703937, 'lambda_val': 3.574996811368833e-06, 'batch_size': 1277, 'optimizer': 'Adam'}. Best is trial 82 with value: 0.08854803385288794.
2026-05-19 22:19:56,353 - optuna.study._optimize - INFO - Trial 113 pruned. 
2026-05-19 22:20:26,101 - experiment_functions - INFO - Early stopping at epoch 1800. Best Recall: 0.0822
2026-05-19 22:20:26,201 - optuna.study.study - INFO - Trial 114 finished with value: 0.0821681308612587 and parameters: {'n_layers': 1, 'embedding_dim': 128, 'lr': 0.0005737483949940484, 'lambda_val': 2.982986093852423e-06, 'batch_size': 1229, 'optimizer': 'Adam'}. Best is trial 82 with value: 0.08854803385288794.
2026-05-19 22:21:03,384 - experiment_functions - INFO - Early stopping at epoch 1900. Best Recall: 0.0849
2026-05-19 22:21:03,474 - optuna.study.study - INFO - Trial 115 finished with value: 0.08485577623968561 and parameters: {'n_layers': 1, 'embedding_dim': 128, 'lr': 0.0006148879055599564, 'lambda_val': 5.398933855167873e-06, 'batch_size': 1066, 'optimizer': 'Adam'}. Best is trial 82 with value: 0.08854803385288794.
2026-05-19 22:21:19,905 - experiment_functions - INFO - Early stopping at epoch 950. Best Recall: 0.0808
2026-05-19 22:21:19,996 - optuna.study.study - INFO - Trial 116 finished with value: 0.08080202900863129 and parameters: {'n_layers': 1, 'embedding_dim': 128, 'lr': 0.0009392908049516849, 'lambda_val': 5.448701838913366e-06, 'batch_size': 1790, 'optimizer': 'Adam'}. Best is trial 82 with value: 0.08854803385288794.
2026-05-19 22:22:26,052 - optuna.study.study - INFO - Trial 117 finished with value: 0.09307670313944087 and parameters: {'n_layers': 1, 'embedding_dim': 128, 'lr': 0.0005661669492578052, 'lambda_val': 2.0237201064773095e-06, 'batch_size': 704, 'optimizer': 'Adam'}. Best is trial 117 with value: 0.09307670313944087.
2026-05-19 22:23:12,246 - experiment_functions - INFO - Early stopping at epoch 2000. Best Recall: 0.0835
2026-05-19 22:23:12,355 - optuna.study.study - INFO - Trial 118 finished with value: 0.08353585710033626 and parameters: {'n_layers': 1, 'embedding_dim': 256, 'lr': 0.0006365984681436782, 'lambda_val': 1.953208361132447e-06, 'batch_size': 547, 'optimizer': 'Adam'}. Best is trial 117 with value: 0.09307670313944087.
2026-05-19 22:23:30,756 - optuna.study._optimize - INFO - Trial 119 pruned. 
2026-05-19 22:23:48,908 - optuna.study._optimize - INFO - Trial 120 pruned. 
2026-05-19 22:24:19,936 - experiment_functions - INFO - Early stopping at epoch 1700. Best Recall: 0.0836
2026-05-19 22:24:20,026 - optuna.study.study - INFO - Trial 121 finished with value: 0.08359501215144814 and parameters: {'n_layers': 1, 'embedding_dim': 256, 'lr': 0.0005830457575608596, 'lambda_val': 1.859545896652017e-06, 'batch_size': 1040, 'optimizer': 'Adam'}. Best is trial 117 with value: 0.09307670313944087.
2026-05-19 22:25:01,080 - experiment_functions - INFO - Early stopping at epoch 2250. Best Recall: 0.0820
2026-05-19 22:25:01,170 - optuna.study.study - INFO - Trial 122 finished with value: 0.08201000579638754 and parameters: {'n_layers': 1, 'embedding_dim': 256, 'lr': 0.0005769583795881251, 'lambda_val': 1.8781331995322396e-06, 'batch_size': 665, 'optimizer': 'Adam'}. Best is trial 117 with value: 0.09307670313944087.
2026-05-19 22:25:50,845 - experiment_functions - INFO - Early stopping at epoch 2250. Best Recall: 0.0845
2026-05-19 22:25:50,978 - optuna.study.study - INFO - Trial 123 finished with value: 0.0845463362680493 and parameters: {'n_layers': 1, 'embedding_dim': 256, 'lr': 0.0005972758717341669, 'lambda_val': 1.7555293310062345e-06, 'batch_size': 631, 'optimizer': 'Adam'}. Best is trial 117 with value: 0.09307670313944087.
2026-05-19 22:26:19,463 - experiment_functions - INFO - Early stopping at epoch 1550. Best Recall: 0.0833
2026-05-19 22:26:19,563 - optuna.study.study - INFO - Trial 124 finished with value: 0.08331550190322262 and parameters: {'n_layers': 1, 'embedding_dim': 256, 'lr': 0.0006648892689282306, 'lambda_val': 1.3751560877130108e-06, 'batch_size': 792, 'optimizer': 'Adam'}. Best is trial 117 with value: 0.09307670313944087.
2026-05-19 22:26:48,478 - experiment_functions - INFO - Early stopping at epoch 1550. Best Recall: 0.0810
2026-05-19 22:26:48,567 - optuna.study.study - INFO - Trial 125 finished with value: 0.08101025047821739 and parameters: {'n_layers': 1, 'embedding_dim': 256, 'lr': 0.0006565119461163346, 'lambda_val': 1.80755473022486e-06, 'batch_size': 801, 'optimizer': 'Adam'}. Best is trial 117 with value: 0.09307670313944087.
2026-05-19 22:26:58,088 - experiment_functions - INFO - Early stopping at epoch 500. Best Recall: 0.0054
2026-05-19 22:26:58,190 - optuna.study.study - INFO - Trial 126 finished with value: 0.005427214536907001 and parameters: {'n_layers': 1, 'embedding_dim': 256, 'lr': 0.00041426368795057894, 'lambda_val': 1.2360946793587241e-06, 'batch_size': 609, 'optimizer': 'SGD'}. Best is trial 117 with value: 0.09307670313944087.
2026-05-19 22:27:34,080 - experiment_functions - INFO - Early stopping at epoch 1450. Best Recall: 0.0767
2026-05-19 22:27:34,169 - optuna.study.study - INFO - Trial 127 finished with value: 0.0767263471202093 and parameters: {'n_layers': 1, 'embedding_dim': 256, 'lr': 0.0006205094442439133, 'lambda_val': 1.5634814045747443e-06, 'batch_size': 954, 'optimizer': 'Adam'}. Best is trial 117 with value: 0.09307670313944087.
2026-05-19 22:27:58,045 - experiment_functions - INFO - Early stopping at epoch 1250. Best Recall: 0.0830
2026-05-19 22:27:58,145 - optuna.study.study - INFO - Trial 128 finished with value: 0.08301286077034434 and parameters: {'n_layers': 1, 'embedding_dim': 256, 'lr': 0.0008526340095389762, 'lambda_val': 2.217287871920893e-06, 'batch_size': 756, 'optimizer': 'Adam'}. Best is trial 117 with value: 0.09307670313944087.
2026-05-19 22:28:20,544 - experiment_functions - INFO - Early stopping at epoch 1200. Best Recall: 0.0841
2026-05-19 22:28:20,664 - optuna.study.study - INFO - Trial 129 finished with value: 0.08411265609501635 and parameters: {'n_layers': 1, 'embedding_dim': 256, 'lr': 0.0008425355048355907, 'lambda_val': 2.2487213746753665e-06, 'batch_size': 763, 'optimizer': 'Adam'}. Best is trial 117 with value: 0.09307670313944087.
2026-05-19 22:28:45,202 - experiment_functions - INFO - Early stopping at epoch 1300. Best Recall: 0.0784
2026-05-19 22:28:45,291 - optuna.study.study - INFO - Trial 130 finished with value: 0.07843951246882144 and parameters: {'n_layers': 1, 'embedding_dim': 256, 'lr': 0.0008197459872851064, 'lambda_val': 2.2197937350481417e-06, 'batch_size': 722, 'optimizer': 'Adam'}. Best is trial 117 with value: 0.09307670313944087.
2026-05-19 22:29:03,395 - optuna.study._optimize - INFO - Trial 131 pruned. 
2026-05-19 22:29:30,626 - experiment_functions - INFO - Early stopping at epoch 1450. Best Recall: 0.0777
2026-05-19 22:29:30,724 - optuna.study.study - INFO - Trial 132 finished with value: 0.07768384021454157 and parameters: {'n_layers': 1, 'embedding_dim': 256, 'lr': 0.0007966657390456977, 'lambda_val': 1.8462027586476993e-06, 'batch_size': 539, 'optimizer': 'Adam'}. Best is trial 117 with value: 0.09307670313944087.
2026-05-19 22:29:48,969 - optuna.study._optimize - INFO - Trial 133 pruned. 
2026-05-19 22:30:26,760 - experiment_functions - INFO - Early stopping at epoch 2050. Best Recall: 0.0793
2026-05-19 22:30:26,849 - optuna.study.study - INFO - Trial 134 finished with value: 0.07932586787289597 and parameters: {'n_layers': 1, 'embedding_dim': 256, 'lr': 0.0005949612243164799, 'lambda_val': 1.5501941859707044e-06, 'batch_size': 666, 'optimizer': 'Adam'}. Best is trial 117 with value: 0.09307670313944087.
2026-05-19 22:30:44,761 - optuna.study._optimize - INFO - Trial 135 pruned. 
2026-05-19 22:31:04,181 - experiment_functions - INFO - Early stopping at epoch 1050. Best Recall: 0.0768
2026-05-19 22:31:04,251 - optuna.study.study - INFO - Trial 136 finished with value: 0.07683136629841375 and parameters: {'n_layers': 1, 'embedding_dim': 256, 'lr': 0.0009469315376403785, 'lambda_val': 1.2715187844597578e-06, 'batch_size': 959, 'optimizer': 'Adam'}. Best is trial 117 with value: 0.09307670313944087.
2026-05-19 22:31:30,803 - experiment_functions - INFO - Early stopping at epoch 1500. Best Recall: 0.0802
2026-05-19 22:31:30,907 - optuna.study.study - INFO - Trial 137 finished with value: 0.0801973627394809 and parameters: {'n_layers': 1, 'embedding_dim': 256, 'lr': 0.0007067318846412869, 'lambda_val': 3.149187446783103e-06, 'batch_size': 631, 'optimizer': 'Adam'}. Best is trial 117 with value: 0.09307670313944087.
2026-05-19 22:31:48,740 - optuna.study._optimize - INFO - Trial 138 pruned. 
2026-05-19 22:32:06,271 - optuna.study._optimize - INFO - Trial 139 pruned. 
2026-05-19 22:32:19,448 - experiment_functions - INFO - Early stopping at epoch 500. Best Recall: 0.0051
2026-05-19 22:32:19,527 - optuna.study.study - INFO - Trial 140 finished with value: 0.0050830796450302 and parameters: {'n_layers': 3, 'embedding_dim': 256, 'lr': 0.0008616197057836328, 'lambda_val': 2.373581206391121e-06, 'batch_size': 848, 'optimizer': 'SGD'}. Best is trial 117 with value: 0.09307670313944087.
2026-05-19 22:32:39,023 - experiment_functions - INFO - Early stopping at epoch 1000. Best Recall: 0.0779
2026-05-19 22:32:39,112 - optuna.study.study - INFO - Trial 141 finished with value: 0.07789331452005961 and parameters: {'n_layers': 1, 'embedding_dim': 256, 'lr': 0.001040021238591819, 'lambda_val': 3.7554577314038454e-06, 'batch_size': 900, 'optimizer': 'Adam'}. Best is trial 117 with value: 0.09307670313944087.
2026-05-19 22:33:05,240 - experiment_functions - INFO - Early stopping at epoch 1400. Best Recall: 0.0769
2026-05-19 22:33:05,343 - optuna.study.study - INFO - Trial 142 finished with value: 0.07690096355571027 and parameters: {'n_layers': 1, 'embedding_dim': 256, 'lr': 0.000631355122737504, 'lambda_val': 3.422277503539867e-06, 'batch_size': 1057, 'optimizer': 'Adam'}. Best is trial 117 with value: 0.09307670313944087.
2026-05-19 22:33:16,871 - experiment_functions - INFO - Early stopping at epoch 600. Best Recall: 0.0238
2026-05-19 22:33:16,971 - optuna.study.study - INFO - Trial 143 finished with value: 0.023762527908482566 and parameters: {'n_layers': 1, 'embedding_dim': 256, 'lr': 0.028180645069126778, 'lambda_val': 1.5672593910239678e-06, 'batch_size': 703, 'optimizer': 'Adam'}. Best is trial 117 with value: 0.09307670313944087.
2026-05-19 22:33:48,766 - experiment_functions - INFO - Early stopping at epoch 2050. Best Recall: 0.0976
2026-05-19 22:33:48,868 - optuna.study.study - INFO - Trial 144 finished with value: 0.09755815166188506 and parameters: {'n_layers': 1, 'embedding_dim': 32, 'lr': 0.0008284423380440983, 'lambda_val': 2.711407432527964e-06, 'batch_size': 795, 'optimizer': 'Adam'}. Best is trial 144 with value: 0.09755815166188506.
2026-05-19 22:34:03,312 - optuna.study._optimize - INFO - Trial 145 pruned. 
2026-05-19 22:34:29,056 - experiment_functions - INFO - Early stopping at epoch 1700. Best Recall: 0.0892
2026-05-19 22:34:29,145 - optuna.study.study - INFO - Trial 146 finished with value: 0.08918255995691429 and parameters: {'n_layers': 1, 'embedding_dim': 32, 'lr': 0.0007953479372575208, 'lambda_val': 1.137562020396046e-06, 'batch_size': 1001, 'optimizer': 'Adam'}. Best is trial 144 with value: 0.09755815166188506.
2026-05-19 22:35:01,821 - experiment_functions - INFO - Early stopping at epoch 2150. Best Recall: 0.0877
2026-05-19 22:35:01,957 - optuna.study.study - INFO - Trial 147 finished with value: 0.08770693446769681 and parameters: {'n_layers': 1, 'embedding_dim': 32, 'lr': 0.0007412372696358849, 'lambda_val': 1.0119916787516258e-06, 'batch_size': 925, 'optimizer': 'Adam'}. Best is trial 144 with value: 0.09755815166188506.
2026-05-19 22:35:28,524 - experiment_functions - INFO - Early stopping at epoch 1700. Best Recall: 0.0865
2026-05-19 22:35:28,634 - optuna.study.study - INFO - Trial 148 finished with value: 0.0865451640998355 and parameters: {'n_layers': 1, 'embedding_dim': 32, 'lr': 0.0008292784919927733, 'lambda_val': 1.163248798249912e-06, 'batch_size': 1003, 'optimizer': 'Adam'}. Best is trial 144 with value: 0.09755815166188506.
2026-05-19 22:35:53,173 - experiment_functions - INFO - Early stopping at epoch 1600. Best Recall: 0.0877
2026-05-19 22:35:53,284 - optuna.study.study - INFO - Trial 149 finished with value: 0.08768076466654247 and parameters: {'n_layers': 1, 'embedding_dim': 32, 'lr': 0.0008903699508767467, 'lambda_val': 1.1931838011164241e-06, 'batch_size': 908, 'optimizer': 'Adam'}. Best is trial 144 with value: 0.09755815166188506.
2026-05-19 22:36:10,801 - experiment_functions - INFO - Early stopping at epoch 1150. Best Recall: 0.0905
2026-05-19 22:36:10,926 - optuna.study.study - INFO - Trial 150 finished with value: 0.09045461454776554 and parameters: {'n_layers': 1, 'embedding_dim': 32, 'lr': 0.0011098794089485831, 'lambda_val': 1.0229664932451765e-06, 'batch_size': 992, 'optimizer': 'Adam'}. Best is trial 144 with value: 0.09755815166188506.
2026-05-19 22:36:28,703 - experiment_functions - INFO - Early stopping at epoch 1200. Best Recall: 0.0858
2026-05-19 22:36:28,846 - optuna.study.study - INFO - Trial 151 finished with value: 0.08584602271717594 and parameters: {'n_layers': 1, 'embedding_dim': 32, 'lr': 0.001060811468389907, 'lambda_val': 1.0609751774031321e-06, 'batch_size': 999, 'optimizer': 'Adam'}. Best is trial 144 with value: 0.09755815166188506.
2026-05-19 22:36:48,294 - experiment_functions - INFO - Early stopping at epoch 1300. Best Recall: 0.0874
2026-05-19 22:36:48,427 - optuna.study.study - INFO - Trial 152 finished with value: 0.08741716113576231 and parameters: {'n_layers': 1, 'embedding_dim': 32, 'lr': 0.001026971742406056, 'lambda_val': 1.0047828479730014e-06, 'batch_size': 993, 'optimizer': 'Adam'}. Best is trial 144 with value: 0.09755815166188506.
2026-05-19 22:37:06,628 - experiment_functions - INFO - Early stopping at epoch 1200. Best Recall: 0.0880
2026-05-19 22:37:06,706 - optuna.study.study - INFO - Trial 153 finished with value: 0.08803526755154366 and parameters: {'n_layers': 1, 'embedding_dim': 32, 'lr': 0.0010504205750739484, 'lambda_val': 1.01975974816002e-06, 'batch_size': 984, 'optimizer': 'Adam'}. Best is trial 144 with value: 0.09755815166188506.
2026-05-19 22:37:25,128 - experiment_functions - INFO - Early stopping at epoch 1250. Best Recall: 0.0828
2026-05-19 22:37:25,228 - optuna.study.study - INFO - Trial 154 finished with value: 0.08276345915541859 and parameters: {'n_layers': 1, 'embedding_dim': 32, 'lr': 0.0010474284227066876, 'lambda_val': 1.0419536491568818e-06, 'batch_size': 1004, 'optimizer': 'Adam'}. Best is trial 144 with value: 0.09755815166188506.
2026-05-19 22:37:41,874 - experiment_functions - INFO - Early stopping at epoch 1100. Best Recall: 0.0824
2026-05-19 22:37:41,964 - optuna.study.study - INFO - Trial 155 finished with value: 0.08240594143467775 and parameters: {'n_layers': 1, 'embedding_dim': 32, 'lr': 0.0012008848828523769, 'lambda_val': 1.038566508864542e-06, 'batch_size': 953, 'optimizer': 'Adam'}. Best is trial 144 with value: 0.09755815166188506.
2026-05-19 22:37:50,244 - experiment_functions - INFO - Early stopping at epoch 550. Best Recall: 0.0126
2026-05-19 22:37:50,335 - optuna.study.study - INFO - Trial 156 finished with value: 0.01257256217205706 and parameters: {'n_layers': 1, 'embedding_dim': 32, 'lr': 0.09889955293237568, 'lambda_val': 1.2386199906445728e-06, 'batch_size': 892, 'optimizer': 'Adam'}. Best is trial 144 with value: 0.09755815166188506.
2026-05-19 22:38:09,768 - experiment_functions - INFO - Early stopping at epoch 1300. Best Recall: 0.0905
2026-05-19 22:38:09,945 - optuna.study.study - INFO - Trial 157 finished with value: 0.09053774848046905 and parameters: {'n_layers': 1, 'embedding_dim': 32, 'lr': 0.0009323571026157803, 'lambda_val': 1.026108844005463e-06, 'batch_size': 1047, 'optimizer': 'Adam'}. Best is trial 144 with value: 0.09755815166188506.
2026-05-19 22:38:30,436 - experiment_functions - INFO - Early stopping at epoch 1350. Best Recall: 0.0875
2026-05-19 22:38:30,557 - optuna.study.study - INFO - Trial 158 finished with value: 0.08748489732287604 and parameters: {'n_layers': 1, 'embedding_dim': 32, 'lr': 0.0009286380942854362, 'lambda_val': 1.0026416110705655e-06, 'batch_size': 934, 'optimizer': 'Adam'}. Best is trial 144 with value: 0.09755815166188506.
2026-05-19 22:38:51,821 - experiment_functions - INFO - Early stopping at epoch 1450. Best Recall: 0.0889
2026-05-19 22:38:51,910 - optuna.study.study - INFO - Trial 159 finished with value: 0.0888883294789472 and parameters: {'n_layers': 1, 'embedding_dim': 32, 'lr': 0.0009138359343189683, 'lambda_val': 1.06308353024789e-06, 'batch_size': 957, 'optimizer': 'Adam'}. Best is trial 144 with value: 0.09755815166188506.
2026-05-19 22:39:08,396 - experiment_functions - INFO - Early stopping at epoch 1050. Best Recall: 0.0800
2026-05-19 22:39:08,563 - optuna.study.study - INFO - Trial 160 finished with value: 0.07999819304054318 and parameters: {'n_layers': 1, 'embedding_dim': 32, 'lr': 0.001313879247116072, 'lambda_val': 1.0099449152987295e-06, 'batch_size': 1098, 'optimizer': 'Adam'}. Best is trial 144 with value: 0.09755815166188506.
2026-05-19 22:39:28,075 - experiment_functions - INFO - Early stopping at epoch 1300. Best Recall: 0.0870
2026-05-19 22:39:28,195 - optuna.study.study - INFO - Trial 161 finished with value: 0.08695500518949316 and parameters: {'n_layers': 1, 'embedding_dim': 32, 'lr': 0.0009610316263420574, 'lambda_val': 1.2474935011116071e-06, 'batch_size': 975, 'optimizer': 'Adam'}. Best is trial 144 with value: 0.09755815166188506.
2026-05-19 22:39:48,570 - experiment_functions - INFO - Early stopping at epoch 1300. Best Recall: 0.0938
2026-05-19 22:39:48,671 - optuna.study.study - INFO - Trial 162 finished with value: 0.09382175983785596 and parameters: {'n_layers': 1, 'embedding_dim': 32, 'lr': 0.0010066938986687613, 'lambda_val': 1.2856853958141305e-06, 'batch_size': 976, 'optimizer': 'Adam'}. Best is trial 144 with value: 0.09755815166188506.
2026-05-19 22:40:07,892 - experiment_functions - INFO - Early stopping at epoch 1300. Best Recall: 0.0923
2026-05-19 22:40:08,004 - optuna.study.study - INFO - Trial 163 finished with value: 0.09232118228920548 and parameters: {'n_layers': 1, 'embedding_dim': 32, 'lr': 0.0009832767284144945, 'lambda_val': 1.2656558401785689e-06, 'batch_size': 988, 'optimizer': 'Adam'}. Best is trial 144 with value: 0.09755815166188506.
2026-05-19 22:40:27,208 - experiment_functions - INFO - Early stopping at epoch 1250. Best Recall: 0.0892
2026-05-19 22:40:27,316 - optuna.study.study - INFO - Trial 164 finished with value: 0.08919436906481729 and parameters: {'n_layers': 1, 'embedding_dim': 32, 'lr': 0.0010041366329233184, 'lambda_val': 1.2924247254743682e-06, 'batch_size': 949, 'optimizer': 'Adam'}. Best is trial 144 with value: 0.09755815166188506.
2026-05-19 22:40:47,869 - experiment_functions - INFO - Early stopping at epoch 1300. Best Recall: 0.0877
2026-05-19 22:40:47,968 - optuna.study.study - INFO - Trial 165 finished with value: 0.08769189717458808 and parameters: {'n_layers': 1, 'embedding_dim': 32, 'lr': 0.0009691845882668459, 'lambda_val': 1.3369269533605386e-06, 'batch_size': 915, 'optimizer': 'Adam'}. Best is trial 144 with value: 0.09755815166188506.
2026-05-19 22:41:02,390 - experiment_functions - INFO - Early stopping at epoch 950. Best Recall: 0.0882
2026-05-19 22:41:02,481 - optuna.study.study - INFO - Trial 166 finished with value: 0.08818630544171158 and parameters: {'n_layers': 1, 'embedding_dim': 32, 'lr': 0.001323350053987789, 'lambda_val': 1.3804415011079353e-06, 'batch_size': 905, 'optimizer': 'Adam'}. Best is trial 144 with value: 0.09755815166188506.
2026-05-19 22:41:17,029 - experiment_functions - INFO - Early stopping at epoch 950. Best Recall: 0.0861
2026-05-19 22:41:17,173 - optuna.study.study - INFO - Trial 167 finished with value: 0.08608454986410363 and parameters: {'n_layers': 1, 'embedding_dim': 32, 'lr': 0.0014167013470790454, 'lambda_val': 1.3632816575239456e-06, 'batch_size': 879, 'optimizer': 'Adam'}. Best is trial 144 with value: 0.09755815166188506.
2026-05-19 22:41:24,900 - experiment_functions - INFO - Early stopping at epoch 500. Best Recall: 0.0063
2026-05-19 22:41:25,019 - optuna.study.study - INFO - Trial 168 finished with value: 0.006282407641718792 and parameters: {'n_layers': 1, 'embedding_dim': 32, 'lr': 0.0011930312742973001, 'lambda_val': 1.4826602211927987e-06, 'batch_size': 927, 'optimizer': 'SGD'}. Best is trial 144 with value: 0.09755815166188506.
2026-05-19 22:41:39,658 - experiment_functions - INFO - Early stopping at epoch 950. Best Recall: 0.0855
2026-05-19 22:41:39,803 - optuna.study.study - INFO - Trial 169 finished with value: 0.08546981951173796 and parameters: {'n_layers': 1, 'embedding_dim': 32, 'lr': 0.001446455745662723, 'lambda_val': 1.4391386877990449e-06, 'batch_size': 916, 'optimizer': 'Adam'}. Best is trial 144 with value: 0.09755815166188506.
2026-05-19 22:41:53,529 - experiment_functions - INFO - Early stopping at epoch 750. Best Recall: 0.0377
2026-05-19 22:41:53,716 - optuna.study.study - INFO - Trial 170 finished with value: 0.03774653961945596 and parameters: {'n_layers': 4, 'embedding_dim': 32, 'lr': 0.0010106688275273359, 'lambda_val': 1.0221196303427495e-06, 'batch_size': 1170, 'optimizer': 'Adam'}. Best is trial 144 with value: 0.09755815166188506.
2026-05-19 22:42:14,634 - experiment_functions - INFO - Early stopping at epoch 1350. Best Recall: 0.0850
2026-05-19 22:42:14,726 - optuna.study.study - INFO - Trial 171 finished with value: 0.08501834033530735 and parameters: {'n_layers': 1, 'embedding_dim': 32, 'lr': 0.0009914166655391066, 'lambda_val': 1.2564544157697637e-06, 'batch_size': 966, 'optimizer': 'Adam'}. Best is trial 144 with value: 0.09755815166188506.
2026-05-19 22:42:36,789 - experiment_functions - INFO - Early stopping at epoch 1500. Best Recall: 0.0832
2026-05-19 22:42:36,879 - optuna.study.study - INFO - Trial 172 finished with value: 0.0831636162427697 and parameters: {'n_layers': 1, 'embedding_dim': 32, 'lr': 0.0008565061084347914, 'lambda_val': 1.0012352115836504e-06, 'batch_size': 1082, 'optimizer': 'Adam'}. Best is trial 144 with value: 0.09755815166188506.
2026-05-19 22:42:52,987 - experiment_functions - INFO - Early stopping at epoch 1050. Best Recall: 0.0874
2026-05-19 22:42:53,077 - optuna.study.study - INFO - Trial 173 finished with value: 0.08739350658646461 and parameters: {'n_layers': 1, 'embedding_dim': 32, 'lr': 0.0012927420175445853, 'lambda_val': 1.5157748405604372e-06, 'batch_size': 857, 'optimizer': 'Adam'}. Best is trial 144 with value: 0.09755815166188506.
2026-05-19 22:43:07,277 - experiment_functions - INFO - Early stopping at epoch 900. Best Recall: 0.0856
2026-05-19 22:43:07,365 - optuna.study.study - INFO - Trial 174 finished with value: 0.0856096788173157 and parameters: {'n_layers': 1, 'embedding_dim': 32, 'lr': 0.001658083450068069, 'lambda_val': 1.6157981882162857e-06, 'batch_size': 843, 'optimizer': 'Adam'}. Best is trial 144 with value: 0.09755815166188506.
2026-05-19 22:43:15,083 - experiment_functions - INFO - Early stopping at epoch 500. Best Recall: 0.0055
2026-05-19 22:43:15,183 - optuna.study.study - INFO - Trial 175 finished with value: 0.005464181134074952 and parameters: {'n_layers': 1, 'embedding_dim': 32, 'lr': 2.015862430201447e-05, 'lambda_val': 1.4388272582092788e-06, 'batch_size': 1126, 'optimizer': 'Adam'}. Best is trial 144 with value: 0.09755815166188506.
2026-05-19 22:43:33,542 - experiment_functions - INFO - Early stopping at epoch 1150. Best Recall: 0.0841
2026-05-19 22:43:33,651 - optuna.study.study - INFO - Trial 176 finished with value: 0.08411203732598532 and parameters: {'n_layers': 1, 'embedding_dim': 32, 'lr': 0.0011559919936438557, 'lambda_val': 1.6500828623840576e-06, 'batch_size': 891, 'optimizer': 'Adam'}. Best is trial 144 with value: 0.09755815166188506.
2026-05-19 22:43:48,792 - experiment_functions - INFO - Early stopping at epoch 1000. Best Recall: 0.0919
2026-05-19 22:43:48,882 - optuna.study.study - INFO - Trial 177 finished with value: 0.0918645211797228 and parameters: {'n_layers': 1, 'embedding_dim': 32, 'lr': 0.001384867272206857, 'lambda_val': 1.2572782205015271e-06, 'batch_size': 835, 'optimizer': 'Adam'}. Best is trial 144 with value: 0.09755815166188506.
2026-05-19 22:44:00,351 - experiment_functions - INFO - Early stopping at epoch 750. Best Recall: 0.0754
2026-05-19 22:44:00,496 - optuna.study.study - INFO - Trial 178 finished with value: 0.07543650285436782 and parameters: {'n_layers': 1, 'embedding_dim': 32, 'lr': 0.002211340904370845, 'lambda_val': 1.27480904676053e-06, 'batch_size': 1040, 'optimizer': 'Adam'}. Best is trial 144 with value: 0.09755815166188506.
2026-05-19 22:44:35,666 - experiment_functions - INFO - Early stopping at epoch 2350. Best Recall: 0.0854
2026-05-19 22:44:35,797 - optuna.study.study - INFO - Trial 179 finished with value: 0.0853947529676308 and parameters: {'n_layers': 1, 'embedding_dim': 32, 'lr': 0.0007801171424784712, 'lambda_val': 1.0066568537577067e-06, 'batch_size': 939, 'optimizer': 'Adam'}. Best is trial 144 with value: 0.09755815166188506.
2026-05-19 22:44:50,935 - experiment_functions - INFO - Early stopping at epoch 950. Best Recall: 0.0868
2026-05-19 22:44:51,068 - optuna.study.study - INFO - Trial 180 finished with value: 0.08676299933118874 and parameters: {'n_layers': 1, 'embedding_dim': 32, 'lr': 0.0015935654456432017, 'lambda_val': 1.2594070660643484e-06, 'batch_size': 827, 'optimizer': 'Adam'}. Best is trial 144 with value: 0.09755815166188506.
2026-05-19 22:45:08,455 - experiment_functions - INFO - Early stopping at epoch 1100. Best Recall: 0.0889
2026-05-19 22:45:08,544 - optuna.study.study - INFO - Trial 181 finished with value: 0.08893839689752588 and parameters: {'n_layers': 1, 'embedding_dim': 32, 'lr': 0.0012876290106688618, 'lambda_val': 1.810460427685443e-06, 'batch_size': 882, 'optimizer': 'Adam'}. Best is trial 144 with value: 0.09755815166188506.
2026-05-19 22:45:25,304 - experiment_functions - INFO - Early stopping at epoch 1100. Best Recall: 0.0872
2026-05-19 22:45:25,403 - optuna.study.study - INFO - Trial 182 finished with value: 0.08720698405799218 and parameters: {'n_layers': 1, 'embedding_dim': 32, 'lr': 0.0011213608827590118, 'lambda_val': 1.758175931375302e-06, 'batch_size': 987, 'optimizer': 'Adam'}. Best is trial 144 with value: 0.09755815166188506.
2026-05-19 22:45:47,551 - experiment_functions - INFO - Early stopping at epoch 1450. Best Recall: 0.0831
2026-05-19 22:45:47,658 - optuna.study.study - INFO - Trial 183 finished with value: 0.08311606003220738 and parameters: {'n_layers': 1, 'embedding_dim': 32, 'lr': 0.0009658178620947572, 'lambda_val': 1.235267571477495e-06, 'batch_size': 918, 'optimizer': 'Adam'}. Best is trial 144 with value: 0.09755815166188506.
2026-05-19 22:46:00,238 - experiment_functions - INFO - Early stopping at epoch 800. Best Recall: 0.0790
2026-05-19 22:46:00,374 - optuna.study.study - INFO - Trial 184 finished with value: 0.07903935582967346 and parameters: {'n_layers': 1, 'embedding_dim': 32, 'lr': 0.0013804498095645022, 'lambda_val': 1.7799864706184024e-06, 'batch_size': 2398, 'optimizer': 'Adam'}. Best is trial 144 with value: 0.09755815166188506.
2026-05-19 22:46:26,061 - experiment_functions - INFO - Early stopping at epoch 1750. Best Recall: 0.0874
2026-05-19 22:46:26,139 - optuna.study.study - INFO - Trial 185 finished with value: 0.08740325095904518 and parameters: {'n_layers': 1, 'embedding_dim': 32, 'lr': 0.000780147954703146, 'lambda_val': 1.4360503109563e-06, 'batch_size': 1058, 'optimizer': 'Adam'}. Best is trial 144 with value: 0.09755815166188506.
2026-05-19 22:46:41,089 - experiment_functions - INFO - Early stopping at epoch 1000. Best Recall: 0.0860
2026-05-19 22:46:41,179 - optuna.study.study - INFO - Trial 186 finished with value: 0.08601534582638708 and parameters: {'n_layers': 1, 'embedding_dim': 32, 'lr': 0.001218057527593669, 'lambda_val': 1.010437974235362e-06, 'batch_size': 1148, 'optimizer': 'Adam'}. Best is trial 144 with value: 0.09755815166188506.
2026-05-19 22:47:17,997 - experiment_functions - INFO - Early stopping at epoch 2350. Best Recall: 0.0941
2026-05-19 22:47:18,098 - optuna.study.study - INFO - Trial 187 finished with value: 0.09409659872346035 and parameters: {'n_layers': 1, 'embedding_dim': 32, 'lr': 0.0007591839871857256, 'lambda_val': 0.00014842904737813657, 'batch_size': 806, 'optimizer': 'Adam'}. Best is trial 144 with value: 0.09755815166188506.
2026-05-19 22:47:46,052 - experiment_functions - INFO - Early stopping at epoch 1800. Best Recall: 0.0852
2026-05-19 22:47:46,153 - optuna.study.study - INFO - Trial 188 finished with value: 0.08523060454538631 and parameters: {'n_layers': 1, 'embedding_dim': 32, 'lr': 0.0008027680160098531, 'lambda_val': 2.033646233092095e-06, 'batch_size': 819, 'optimizer': 'Adam'}. Best is trial 144 with value: 0.09755815166188506.
2026-05-19 22:48:10,416 - experiment_functions - INFO - Early stopping at epoch 1550. Best Recall: 0.0908
2026-05-19 22:48:10,516 - optuna.study.study - INFO - Trial 189 finished with value: 0.09081760641841417 and parameters: {'n_layers': 1, 'embedding_dim': 32, 'lr': 0.0009107453103050178, 'lambda_val': 0.0067702912489224, 'batch_size': 739, 'optimizer': 'Adam'}. Best is trial 144 with value: 0.09755815166188506.
2026-05-19 22:49:13,658 - optuna.study.study - INFO - Trial 190 finished with value: 0.09448898282476259 and parameters: {'n_layers': 1, 'embedding_dim': 32, 'lr': 0.000736527842522625, 'lambda_val': 4.089725845929026e-05, 'batch_size': 717, 'optimizer': 'Adam'}. Best is trial 144 with value: 0.09755815166188506.
2026-05-19 22:50:12,097 - experiment_functions - INFO - Early stopping at epoch 3700. Best Recall: 0.0954
2026-05-19 22:50:12,200 - optuna.study.study - INFO - Trial 191 finished with value: 0.0954408321300207 and parameters: {'n_layers': 1, 'embedding_dim': 32, 'lr': 0.0007612910465087921, 'lambda_val': 0.00016856479416191392, 'batch_size': 692, 'optimizer': 'Adam'}. Best is trial 144 with value: 0.09755815166188506.
2026-05-19 22:51:14,198 - optuna.study.study - INFO - Trial 192 finished with value: 0.09474416016209766 and parameters: {'n_layers': 1, 'embedding_dim': 32, 'lr': 0.0007376539995859885, 'lambda_val': 0.0001532469797035713, 'batch_size': 693, 'optimizer': 'Adam'}. Best is trial 144 with value: 0.09755815166188506.
2026-05-19 22:51:29,641 - optuna.study._optimize - INFO - Trial 193 pruned. 
2026-05-19 22:52:30,354 - optuna.study.study - INFO - Trial 194 finished with value: 0.09452949222553575 and parameters: {'n_layers': 1, 'embedding_dim': 32, 'lr': 0.0007384534832112287, 'lambda_val': 0.00013840510789297686, 'batch_size': 683, 'optimizer': 'Adam'}. Best is trial 144 with value: 0.09755815166188506.
2026-05-19 22:52:45,782 - optuna.study._optimize - INFO - Trial 195 pruned. 
2026-05-19 22:53:00,865 - optuna.study._optimize - INFO - Trial 196 pruned. 
2026-05-19 22:53:20,265 - experiment_functions - INFO - Early stopping at epoch 1200. Best Recall: 0.0880
2026-05-19 22:53:20,365 - optuna.study.study - INFO - Trial 197 finished with value: 0.08796132605457067 and parameters: {'n_layers': 1, 'embedding_dim': 32, 'lr': 0.001290267056709767, 'lambda_val': 0.0003219457273201106, 'batch_size': 579, 'optimizer': 'Adam'}. Best is trial 144 with value: 0.09755815166188506.
2026-05-19 22:53:35,215 - experiment_functions - INFO - Early stopping at epoch 900. Best Recall: 0.0865
2026-05-19 22:53:35,311 - optuna.study.study - INFO - Trial 198 finished with value: 0.08652937135579838 and parameters: {'n_layers': 1, 'embedding_dim': 32, 'lr': 0.0017960361533546285, 'lambda_val': 6.61781431090971e-05, 'batch_size': 644, 'optimizer': 'Adam'}. Best is trial 144 with value: 0.09755815166188506.
2026-05-19 22:53:43,026 - experiment_functions - INFO - Early stopping at epoch 500. Best Recall: 0.0053
2026-05-19 22:53:43,107 - optuna.study.study - INFO - Trial 199 finished with value: 0.005336087523436941 and parameters: {'n_layers': 1, 'embedding_dim': 32, 'lr': 0.0011158974554596399, 'lambda_val': 3.895825233265037e-05, 'batch_size': 766, 'optimizer': 'SGD'}. Best is trial 144 with value: 0.09755815166188506.
2026-05-19 22:54:27,672 - experiment_functions - INFO - Early stopping at epoch 2850. Best Recall: 0.0928
2026-05-19 22:54:27,762 - optuna.study.study - INFO - Trial 200 finished with value: 0.0928272444866031 and parameters: {'n_layers': 1, 'embedding_dim': 32, 'lr': 0.0008334055000418054, 'lambda_val': 8.574055743164746e-05, 'batch_size': 691, 'optimizer': 'Adam'}. Best is trial 144 with value: 0.09755815166188506.
2026-05-19 22:55:15,127 - experiment_functions - INFO - Early stopping at epoch 3050. Best Recall: 0.0948
2026-05-19 22:55:15,205 - optuna.study.study - INFO - Trial 201 finished with value: 0.09476498984740123 and parameters: {'n_layers': 1, 'embedding_dim': 32, 'lr': 0.0008179626038032633, 'lambda_val': 0.0002211069817372424, 'batch_size': 681, 'optimizer': 'Adam'}. Best is trial 144 with value: 0.09755815166188506.
2026-05-19 22:55:31,086 - optuna.study._optimize - INFO - Trial 202 pruned. 
2026-05-19 22:56:04,927 - experiment_functions - INFO - Early stopping at epoch 2100. Best Recall: 0.0959
2026-05-19 22:56:05,051 - optuna.study.study - INFO - Trial 203 finished with value: 0.09593948325433801 and parameters: {'n_layers': 1, 'embedding_dim': 32, 'lr': 0.0008623714994853495, 'lambda_val': 0.00012527689970591533, 'batch_size': 774, 'optimizer': 'Adam'}. Best is trial 144 with value: 0.09755815166188506.
2026-05-19 22:56:51,102 - experiment_functions - INFO - Early stopping at epoch 2950. Best Recall: 0.0940
2026-05-19 22:56:51,192 - optuna.study.study - INFO - Trial 204 finished with value: 0.093994478602887 and parameters: {'n_layers': 1, 'embedding_dim': 32, 'lr': 0.0008433818809471859, 'lambda_val': 0.00013245694071780805, 'batch_size': 641, 'optimizer': 'Adam'}. Best is trial 144 with value: 0.09755815166188506.
2026-05-19 22:57:45,480 - optuna.study._optimize - INFO - Trial 205 pruned. 
2026-05-19 22:58:00,427 - optuna.study._optimize - INFO - Trial 206 pruned. 
2026-05-19 22:58:16,105 - optuna.study._optimize - INFO - Trial 207 pruned. 
2026-05-19 22:58:42,551 - experiment_functions - INFO - Early stopping at epoch 1650. Best Recall: 0.0903
2026-05-19 22:58:42,652 - optuna.study.study - INFO - Trial 208 finished with value: 0.09030171513539736 and parameters: {'n_layers': 1, 'embedding_dim': 32, 'lr': 0.0009101313221092045, 'lambda_val': 0.00019691856925033892, 'batch_size': 791, 'optimizer': 'Adam'}. Best is trial 144 with value: 0.09755815166188506.
2026-05-19 22:58:57,971 - optuna.study._optimize - INFO - Trial 209 pruned. 
2026-05-19 22:59:41,329 - optuna.study._optimize - INFO - Trial 210 pruned. 
2026-05-19 23:00:13,063 - experiment_functions - INFO - Early stopping at epoch 2000. Best Recall: 0.0914
2026-05-19 23:00:13,161 - optuna.study.study - INFO - Trial 211 finished with value: 0.09138475654332398 and parameters: {'n_layers': 1, 'embedding_dim': 32, 'lr': 0.0008727224266104402, 'lambda_val': 0.00023874915862025998, 'batch_size': 703, 'optimizer': 'Adam'}. Best is trial 144 with value: 0.09755815166188506.
2026-05-19 23:00:28,793 - optuna.study._optimize - INFO - Trial 212 pruned. 
2026-05-19 23:01:00,277 - experiment_functions - INFO - Early stopping at epoch 1950. Best Recall: 0.0923
2026-05-19 23:01:00,379 - optuna.study.study - INFO - Trial 213 finished with value: 0.0923470036436283 and parameters: {'n_layers': 1, 'embedding_dim': 32, 'lr': 0.0008759172158169659, 'lambda_val': 0.00019001608024120763, 'batch_size': 756, 'optimizer': 'Adam'}. Best is trial 144 with value: 0.09755815166188506.
2026-05-19 23:01:42,892 - experiment_functions - INFO - Early stopping at epoch 2750. Best Recall: 0.0978
2026-05-19 23:01:42,999 - optuna.study.study - INFO - Trial 214 finished with value: 0.09780120887468562 and parameters: {'n_layers': 1, 'embedding_dim': 32, 'lr': 0.000843757837376434, 'lambda_val': 0.00019595231678636772, 'batch_size': 607, 'optimizer': 'Adam'}. Best is trial 214 with value: 0.09780120887468562.
2026-05-19 23:02:19,930 - experiment_functions - INFO - Early stopping at epoch 2300. Best Recall: 0.0927
2026-05-19 23:02:20,029 - optuna.study.study - INFO - Trial 215 finished with value: 0.09270127856439282 and parameters: {'n_layers': 1, 'embedding_dim': 32, 'lr': 0.000889350641233757, 'lambda_val': 0.000191568670342289, 'batch_size': 590, 'optimizer': 'Adam'}. Best is trial 214 with value: 0.09780120887468562.
2026-05-19 23:02:36,060 - optuna.study._optimize - INFO - Trial 216 pruned. 
2026-05-19 23:03:06,702 - experiment_functions - INFO - Early stopping at epoch 2050. Best Recall: 0.0940
2026-05-19 23:03:06,791 - optuna.study.study - INFO - Trial 217 finished with value: 0.09396945950402116 and parameters: {'n_layers': 1, 'embedding_dim': 32, 'lr': 0.0008669839479044429, 'lambda_val': 0.00031189896253422205, 'batch_size': 582, 'optimizer': 'Adam'}. Best is trial 214 with value: 0.09780120887468562.
2026-05-19 23:03:21,100 - optuna.study._optimize - INFO - Trial 218 pruned. 
2026-05-19 23:04:15,556 - experiment_functions - INFO - Early stopping at epoch 3700. Best Recall: 0.0952
2026-05-19 23:04:15,690 - optuna.study.study - INFO - Trial 219 finished with value: 0.0952178891945554 and parameters: {'n_layers': 1, 'embedding_dim': 32, 'lr': 0.0008404308858075353, 'lambda_val': 0.0003046462273817668, 'batch_size': 512, 'optimizer': 'Adam'}. Best is trial 214 with value: 0.09780120887468562.
2026-05-19 23:04:32,534 - optuna.study._optimize - INFO - Trial 220 pruned. 
2026-05-19 23:05:00,002 - experiment_functions - INFO - Early stopping at epoch 1800. Best Recall: 0.0921
2026-05-19 23:05:00,180 - optuna.study.study - INFO - Trial 221 finished with value: 0.09209470583042552 and parameters: {'n_layers': 1, 'embedding_dim': 32, 'lr': 0.0008899909137930176, 'lambda_val': 0.00027470905609847806, 'batch_size': 598, 'optimizer': 'Adam'}. Best is trial 214 with value: 0.09780120887468562.
2026-05-19 23:05:15,223 - optuna.study._optimize - INFO - Trial 222 pruned. 
2026-05-19 23:05:45,793 - experiment_functions - INFO - Early stopping at epoch 2050. Best Recall: 0.0953
2026-05-19 23:05:45,884 - optuna.study.study - INFO - Trial 223 finished with value: 0.09533149429987395 and parameters: {'n_layers': 1, 'embedding_dim': 32, 'lr': 0.0008834773091409076, 'lambda_val': 0.0007341110905348126, 'batch_size': 687, 'optimizer': 'Adam'}. Best is trial 214 with value: 0.09780120887468562.
2026-05-19 23:06:22,808 - experiment_functions - INFO - Early stopping at epoch 2500. Best Recall: 0.0956
2026-05-19 23:06:22,897 - optuna.study.study - INFO - Trial 224 finished with value: 0.09557695616920894 and parameters: {'n_layers': 1, 'embedding_dim': 32, 'lr': 0.0007920643238151786, 'lambda_val': 0.0007226681025083218, 'batch_size': 684, 'optimizer': 'Adam'}. Best is trial 214 with value: 0.09780120887468562.
2026-05-19 23:06:36,992 - optuna.study._optimize - INFO - Trial 225 pruned. 
2026-05-19 23:06:51,273 - optuna.study._optimize - INFO - Trial 226 pruned. 
2026-05-19 23:07:47,908 - experiment_functions - INFO - Early stopping at epoch 3700. Best Recall: 0.0955
2026-05-19 23:07:48,683 - optuna.study.study - INFO - Trial 227 finished with value: 0.09550365512205142 and parameters: {'n_layers': 1, 'embedding_dim': 32, 'lr': 0.0007707622580400945, 'lambda_val': 0.0006503558559789698, 'batch_size': 581, 'optimizer': 'Adam'}. Best is trial 214 with value: 0.09780120887468562.
2026-05-19 23:08:11,359 - optuna.study._optimize - INFO - Trial 228 pruned. 
2026-05-19 23:08:25,741 - optuna.study._optimize - INFO - Trial 229 pruned. 
2026-05-19 23:08:41,092 - optuna.study._optimize - INFO - Trial 230 pruned. 
2026-05-19 23:09:06,627 - experiment_functions - INFO - Early stopping at epoch 1700. Best Recall: 0.0933
2026-05-19 23:09:06,716 - optuna.study.study - INFO - Trial 231 finished with value: 0.09329179624033757 and parameters: {'n_layers': 1, 'embedding_dim': 32, 'lr': 0.0008823107705134636, 'lambda_val': 0.0011971290040372594, 'batch_size': 688, 'optimizer': 'Adam'}. Best is trial 214 with value: 0.09780120887468562.
2026-05-19 23:09:28,115 - experiment_functions - INFO - Early stopping at epoch 1450. Best Recall: 0.0968
2026-05-19 23:09:28,250 - optuna.study.study - INFO - Trial 232 finished with value: 0.09680245018116163 and parameters: {'n_layers': 1, 'embedding_dim': 32, 'lr': 0.0010561572216560224, 'lambda_val': 0.0011255935290717005, 'batch_size': 680, 'optimizer': 'Adam'}. Best is trial 214 with value: 0.09780120887468562.
2026-05-19 23:09:47,536 - experiment_functions - INFO - Early stopping at epoch 1300. Best Recall: 0.0873
2026-05-19 23:09:47,637 - optuna.study.study - INFO - Trial 233 finished with value: 0.08726513703217247 and parameters: {'n_layers': 1, 'embedding_dim': 32, 'lr': 0.0010902954489093062, 'lambda_val': 0.0016736911789064454, 'batch_size': 683, 'optimizer': 'Adam'}. Best is trial 214 with value: 0.09780120887468562.
2026-05-19 23:10:02,392 - optuna.study._optimize - INFO - Trial 234 pruned. 
2026-05-19 23:10:16,983 - optuna.study._optimize - INFO - Trial 235 pruned. 
2026-05-19 23:10:35,599 - experiment_functions - INFO - Early stopping at epoch 1100. Best Recall: 0.0856
2026-05-19 23:10:35,719 - optuna.study.study - INFO - Trial 236 finished with value: 0.08563700891871812 and parameters: {'n_layers': 1, 'embedding_dim': 96, 'lr': 0.0010035066353703355, 'lambda_val': 0.0006304864942211865, 'batch_size': 715, 'optimizer': 'Adam'}. Best is trial 214 with value: 0.09780120887468562.
2026-05-19 23:11:14,636 - optuna.study._optimize - INFO - Trial 237 pruned. 
2026-05-19 23:11:29,721 - optuna.study._optimize - INFO - Trial 238 pruned. 
2026-05-19 23:11:37,174 - experiment_functions - INFO - Early stopping at epoch 500. Best Recall: 0.0055
2026-05-19 23:11:37,275 - optuna.study.study - INFO - Trial 239 finished with value: 0.005453696053426949 and parameters: {'n_layers': 1, 'embedding_dim': 32, 'lr': 0.0008807902020895481, 'lambda_val': 0.0001209761021324869, 'batch_size': 647, 'optimizer': 'SGD'}. Best is trial 214 with value: 0.09780120887468562.
2026-05-19 23:11:56,696 - experiment_functions - INFO - Early stopping at epoch 1300. Best Recall: 0.0859
2026-05-19 23:11:57,279 - optuna.study.study - INFO - Trial 240 finished with value: 0.08585074789427301 and parameters: {'n_layers': 1, 'embedding_dim': 32, 'lr': 0.0010689602774894406, 'lambda_val': 0.0006605389762984499, 'batch_size': 690, 'optimizer': 'Adam'}. Best is trial 214 with value: 0.09780120887468562.
2026-05-19 23:12:36,175 - optuna.study._optimize - INFO - Trial 241 pruned. 
2026-05-19 23:12:57,285 - experiment_functions - INFO - Early stopping at epoch 1400. Best Recall: 0.0860
2026-05-19 23:12:57,384 - optuna.study.study - INFO - Trial 242 finished with value: 0.08599246014511269 and parameters: {'n_layers': 1, 'embedding_dim': 32, 'lr': 0.0010691624482310085, 'lambda_val': 0.0023721142710135816, 'batch_size': 573, 'optimizer': 'Adam'}. Best is trial 214 with value: 0.09780120887468562.
2026-05-19 23:13:11,084 - experiment_functions - INFO - Early stopping at epoch 800. Best Recall: 0.0608
2026-05-19 23:13:11,183 - optuna.study.study - INFO - Trial 243 finished with value: 0.06078535953099757 and parameters: {'n_layers': 3, 'embedding_dim': 32, 'lr': 0.0008876577487565393, 'lambda_val': 0.0001871866690880161, 'batch_size': 777, 'optimizer': 'Adam'}. Best is trial 214 with value: 0.09780120887468562.
2026-05-19 23:13:25,980 - optuna.study._optimize - INFO - Trial 244 pruned. 
2026-05-19 23:13:44,710 - experiment_functions - INFO - Early stopping at epoch 1200. Best Recall: 0.0967
2026-05-19 23:13:44,876 - optuna.study.study - INFO - Trial 245 finished with value: 0.09665265197379075 and parameters: {'n_layers': 1, 'embedding_dim': 32, 'lr': 0.0011838486431778846, 'lambda_val': 0.00028494635343722226, 'batch_size': 725, 'optimizer': 'Adam'}. Best is trial 214 with value: 0.09780120887468562.
2026-05-19 23:14:05,000 - experiment_functions - INFO - Early stopping at epoch 1350. Best Recall: 0.0896
2026-05-19 23:14:05,146 - optuna.study.study - INFO - Trial 246 finished with value: 0.08959967687462686 and parameters: {'n_layers': 1, 'embedding_dim': 32, 'lr': 0.0011625984055627428, 'lambda_val': 0.00034930556219648116, 'batch_size': 522, 'optimizer': 'Adam'}. Best is trial 214 with value: 0.09780120887468562.
2026-05-19 23:14:20,498 - optuna.study._optimize - INFO - Trial 247 pruned. 
2026-05-19 23:14:46,716 - experiment_functions - INFO - Early stopping at epoch 1750. Best Recall: 0.0928
2026-05-19 23:14:46,795 - optuna.study.study - INFO - Trial 248 finished with value: 0.09276145196981285 and parameters: {'n_layers': 1, 'embedding_dim': 32, 'lr': 0.0009275611905822256, 'lambda_val': 0.0004812312344622527, 'batch_size': 638, 'optimizer': 'Adam'}. Best is trial 214 with value: 0.09780120887468562.
2026-05-19 23:15:08,812 - experiment_functions - INFO - Early stopping at epoch 1450. Best Recall: 0.0921
2026-05-19 23:15:08,980 - optuna.study.study - INFO - Trial 249 finished with value: 0.09213378000603828 and parameters: {'n_layers': 1, 'embedding_dim': 32, 'lr': 0.0009953420893116759, 'lambda_val': 0.00044436226906028936, 'batch_size': 673, 'optimizer': 'Adam'}. Best is trial 214 with value: 0.09780120887468562.
2026-05-19 23:15:23,024 - optuna.study._optimize - INFO - Trial 250 pruned. 
2026-05-19 23:15:38,020 - optuna.study._optimize - INFO - Trial 251 pruned. 
2026-05-19 23:16:04,721 - experiment_functions - INFO - Early stopping at epoch 1100. Best Recall: 0.0912
2026-05-19 23:16:04,830 - optuna.study.study - INFO - Trial 252 finished with value: 0.09117391119648521 and parameters: {'n_layers': 1, 'embedding_dim': 32, 'lr': 0.0011979912250942928, 'lambda_val': 0.001341915836099407, 'batch_size': 753, 'optimizer': 'Adam'}. Best is trial 214 with value: 0.09780120887468562.
2026-05-19 23:16:19,549 - optuna.study._optimize - INFO - Trial 253 pruned. 
2026-05-19 23:16:45,323 - experiment_functions - INFO - Early stopping at epoch 1700. Best Recall: 0.0931
2026-05-19 23:16:45,420 - optuna.study.study - INFO - Trial 254 finished with value: 0.0930996342956752 and parameters: {'n_layers': 1, 'embedding_dim': 32, 'lr': 0.0009370891660047808, 'lambda_val': 0.0007545026679594614, 'batch_size': 572, 'optimizer': 'Adam'}. Best is trial 214 with value: 0.09780120887468562.
2026-05-19 23:17:01,019 - optuna.study._optimize - INFO - Trial 255 pruned. 
2026-05-19 23:17:43,228 - experiment_functions - INFO - Early stopping at epoch 2750. Best Recall: 0.0992
2026-05-19 23:17:43,332 - optuna.study.study - INFO - Trial 256 finished with value: 0.09920686227980569 and parameters: {'n_layers': 1, 'embedding_dim': 32, 'lr': 0.0008239945480794106, 'lambda_val': 0.0007673676159145175, 'batch_size': 590, 'optimizer': 'Adam'}. Best is trial 256 with value: 0.09920686227980569.
2026-05-19 23:17:58,032 - optuna.study._optimize - INFO - Trial 257 pruned. 
2026-05-19 23:18:15,114 - optuna.study._optimize - INFO - Trial 258 pruned. 
2026-05-19 23:18:44,179 - experiment_functions - INFO - Early stopping at epoch 1400. Best Recall: 0.0894
2026-05-19 23:18:44,303 - optuna.study.study - INFO - Trial 259 finished with value: 0.0894318809024204 and parameters: {'n_layers': 1, 'embedding_dim': 32, 'lr': 0.0010895600258350607, 'lambda_val': 0.0009981575889319314, 'batch_size': 653, 'optimizer': 'Adam'}. Best is trial 256 with value: 0.09920686227980569.
2026-05-19 23:18:58,250 - optuna.study._optimize - INFO - Trial 260 pruned. 
2026-05-19 23:19:23,019 - experiment_functions - INFO - Early stopping at epoch 1500. Best Recall: 0.0899
2026-05-19 23:19:23,119 - optuna.study.study - INFO - Trial 261 finished with value: 0.08990814031496866 and parameters: {'n_layers': 1, 'embedding_dim': 96, 'lr': 0.0009209701313089189, 'lambda_val': 0.0006207318351119286, 'batch_size': 592, 'optimizer': 'Adam'}. Best is trial 256 with value: 0.09920686227980569.
2026-05-19 23:19:38,186 - optuna.study._optimize - INFO - Trial 262 pruned. 
2026-05-19 23:19:53,151 - optuna.study._optimize - INFO - Trial 263 pruned. 
2026-05-19 23:20:09,129 - optuna.study._optimize - INFO - Trial 264 pruned. 
2026-05-19 23:20:25,122 - experiment_functions - INFO - Early stopping at epoch 1050. Best Recall: 0.0938
2026-05-19 23:20:25,223 - optuna.study.study - INFO - Trial 265 finished with value: 0.09383694901422532 and parameters: {'n_layers': 1, 'embedding_dim': 32, 'lr': 0.0013519272778583647, 'lambda_val': 0.00039590866464297894, 'batch_size': 714, 'optimizer': 'Adam'}. Best is trial 256 with value: 0.09920686227980569.
2026-05-19 23:20:32,998 - experiment_functions - INFO - Early stopping at epoch 500. Best Recall: 0.0052
2026-05-19 23:20:33,087 - optuna.study.study - INFO - Trial 266 finished with value: 0.005228826692497133 and parameters: {'n_layers': 1, 'embedding_dim': 32, 'lr': 0.0012712716423835867, 'lambda_val': 0.0003633002806921281, 'batch_size': 727, 'optimizer': 'SGD'}. Best is trial 256 with value: 0.09920686227980569.
2026-05-19 23:20:48,590 - experiment_functions - INFO - Early stopping at epoch 1000. Best Recall: 0.0828
2026-05-19 23:20:48,868 - optuna.study.study - INFO - Trial 267 finished with value: 0.0827850717337856 and parameters: {'n_layers': 1, 'embedding_dim': 32, 'lr': 0.001435189126164792, 'lambda_val': 2.7960191999075736e-05, 'batch_size': 800, 'optimizer': 'Adam'}. Best is trial 256 with value: 0.09920686227980569.
2026-05-19 23:21:19,534 - optuna.study._optimize - INFO - Trial 268 pruned. 
2026-05-19 23:21:38,418 - experiment_functions - INFO - Early stopping at epoch 1250. Best Recall: 0.0886
2026-05-19 23:21:38,507 - optuna.study.study - INFO - Trial 269 finished with value: 0.08858353882019755 and parameters: {'n_layers': 1, 'embedding_dim': 32, 'lr': 0.0011678295212797993, 'lambda_val': 0.00013937137751204078, 'batch_size': 645, 'optimizer': 'Adam'}. Best is trial 256 with value: 0.09920686227980569.
2026-05-19 23:21:53,130 - optuna.study._optimize - INFO - Trial 270 pruned. 
2026-05-19 23:22:08,905 - experiment_functions - INFO - Early stopping at epoch 1000. Best Recall: 0.0889
2026-05-19 23:22:09,005 - optuna.study.study - INFO - Trial 271 finished with value: 0.08887792672996718 and parameters: {'n_layers': 1, 'embedding_dim': 32, 'lr': 0.0015176040302042773, 'lambda_val': 0.00030205233470581935, 'batch_size': 579, 'optimizer': 'Adam'}. Best is trial 256 with value: 0.09920686227980569.
2026-05-19 23:22:23,937 - optuna.study._optimize - INFO - Trial 272 pruned. 
2026-05-19 23:22:44,554 - experiment_functions - INFO - Early stopping at epoch 1300. Best Recall: 0.0920
2026-05-19 23:22:44,707 - optuna.study.study - INFO - Trial 273 finished with value: 0.09202469352079636 and parameters: {'n_layers': 1, 'embedding_dim': 32, 'lr': 0.0009994328278917883, 'lambda_val': 0.0014843972675336794, 'batch_size': 821, 'optimizer': 'Adam'}. Best is trial 256 with value: 0.09920686227980569.
2026-05-19 23:22:59,611 - optuna.study._optimize - INFO - Trial 274 pruned. 
2026-05-19 23:23:17,398 - optuna.study._optimize - INFO - Trial 275 pruned. 
2026-05-19 23:23:43,008 - optuna.study._optimize - INFO - Trial 276 pruned. 
2026-05-19 23:24:20,176 - experiment_functions - INFO - Early stopping at epoch 2550. Best Recall: 0.0974
2026-05-19 23:24:20,267 - optuna.study.study - INFO - Trial 277 finished with value: 0.09743267862632275 and parameters: {'n_layers': 1, 'embedding_dim': 32, 'lr': 0.0007585281192705169, 'lambda_val': 0.002014314194612594, 'batch_size': 654, 'optimizer': 'Adam'}. Best is trial 256 with value: 0.09920686227980569.
2026-05-19 23:24:35,348 - optuna.study._optimize - INFO - Trial 278 pruned. 
2026-05-19 23:24:49,704 - optuna.study._optimize - INFO - Trial 279 pruned. 
2026-05-19 23:25:07,520 - experiment_functions - INFO - Early stopping at epoch 1150. Best Recall: 0.0894
2026-05-19 23:25:07,609 - optuna.study.study - INFO - Trial 280 finished with value: 0.0893778033869591 and parameters: {'n_layers': 1, 'embedding_dim': 32, 'lr': 0.0012352160534129404, 'lambda_val': 0.0002321005121618893, 'batch_size': 638, 'optimizer': 'Adam'}. Best is trial 256 with value: 0.09920686227980569.
2026-05-19 23:25:22,453 - optuna.study._optimize - INFO - Trial 281 pruned. 
2026-05-19 23:25:37,064 - optuna.study._optimize - INFO - Trial 282 pruned. 
2026-05-19 23:25:59,089 - experiment_functions - INFO - Early stopping at epoch 1450. Best Recall: 0.0899
2026-05-19 23:25:59,189 - optuna.study.study - INFO - Trial 283 finished with value: 0.08994522151674969 and parameters: {'n_layers': 1, 'embedding_dim': 32, 'lr': 0.0010368642943156042, 'lambda_val': 0.00015440332987469644, 'batch_size': 701, 'optimizer': 'Adam'}. Best is trial 256 with value: 0.09920686227980569.
2026-05-19 23:26:14,166 - optuna.study._optimize - INFO - Trial 284 pruned. 
2026-05-19 23:26:30,873 - optuna.study._optimize - INFO - Trial 285 pruned. 
2026-05-19 23:26:43,555 - experiment_functions - INFO - Early stopping at epoch 800. Best Recall: 0.0756
2026-05-19 23:26:43,692 - optuna.study.study - INFO - Trial 286 finished with value: 0.07559001437923757 and parameters: {'n_layers': 1, 'embedding_dim': 32, 'lr': 0.0015743408444018, 'lambda_val': 0.00023764863151989839, 'batch_size': 1980, 'optimizer': 'Adam'}. Best is trial 256 with value: 0.09920686227980569.
2026-05-19 23:26:50,979 - experiment_functions - INFO - Early stopping at epoch 500. Best Recall: 0.0055
2026-05-19 23:26:51,069 - optuna.study.study - INFO - Trial 287 finished with value: 0.005543106618422314 and parameters: {'n_layers': 1, 'embedding_dim': 32, 'lr': 0.0009217915148720413, 'lambda_val': 0.0006535663495257879, 'batch_size': 711, 'optimizer': 'SGD'}. Best is trial 256 with value: 0.09920686227980569.
2026-05-19 23:27:04,437 - experiment_functions - INFO - Early stopping at epoch 800. Best Recall: 0.0843
2026-05-19 23:27:04,537 - optuna.study.study - INFO - Trial 288 finished with value: 0.08433085025081824 and parameters: {'n_layers': 2, 'embedding_dim': 32, 'lr': 0.0012542380146693304, 'lambda_val': 8.018144655958655e-05, 'batch_size': 563, 'optimizer': 'Adam'}. Best is trial 256 with value: 0.09920686227980569.
2026-05-19 23:27:19,034 - optuna.study._optimize - INFO - Trial 289 pruned. 
2026-05-19 23:27:42,878 - optuna.study._optimize - INFO - Trial 290 pruned. 
2026-05-19 23:27:57,096 - optuna.study._optimize - INFO - Trial 291 pruned. 
2026-05-19 23:28:15,633 - experiment_functions - INFO - Early stopping at epoch 1250. Best Recall: 0.0882
2026-05-19 23:28:15,721 - optuna.study.study - INFO - Trial 292 finished with value: 0.0882110887366822 and parameters: {'n_layers': 1, 'embedding_dim': 32, 'lr': 0.0010406897485371023, 'lambda_val': 0.003911118665104949, 'batch_size': 666, 'optimizer': 'Adam'}. Best is trial 256 with value: 0.09920686227980569.
2026-05-19 23:28:30,462 - optuna.study._optimize - INFO - Trial 293 pruned. 
2026-05-19 23:28:45,701 - optuna.study._optimize - INFO - Trial 294 pruned. 
2026-05-19 23:29:37,323 - optuna.study._optimize - INFO - Trial 295 pruned. 
2026-05-19 23:30:01,632 - experiment_functions - INFO - Early stopping at epoch 1600. Best Recall: 0.0931
2026-05-19 23:30:01,722 - optuna.study.study - INFO - Trial 296 finished with value: 0.09312187412701306 and parameters: {'n_layers': 1, 'embedding_dim': 32, 'lr': 0.0011143674037321501, 'lambda_val': 5.9932732692740106e-05, 'batch_size': 582, 'optimizer': 'Adam'}. Best is trial 256 with value: 0.09920686227980569.
2026-05-19 23:30:19,357 - experiment_functions - INFO - Early stopping at epoch 1100. Best Recall: 0.0910
2026-05-19 23:30:19,503 - optuna.study.study - INFO - Trial 297 finished with value: 0.09099225634851603 and parameters: {'n_layers': 1, 'embedding_dim': 32, 'lr': 0.0013697221501791847, 'lambda_val': 0.0011794730751033431, 'batch_size': 590, 'optimizer': 'Adam'}. Best is trial 256 with value: 0.09920686227980569.
2026-05-19 23:30:42,805 - experiment_functions - INFO - Early stopping at epoch 1500. Best Recall: 0.0909
2026-05-19 23:30:42,895 - optuna.study.study - INFO - Trial 298 finished with value: 0.09089412558981586 and parameters: {'n_layers': 1, 'embedding_dim': 32, 'lr': 0.0011206353297613875, 'lambda_val': 0.0006845536124671435, 'batch_size': 598, 'optimizer': 'Adam'}. Best is trial 256 with value: 0.09920686227980569.
2026-05-19 23:31:00,785 - experiment_functions - INFO - Early stopping at epoch 1100. Best Recall: 0.0925
2026-05-19 23:31:00,875 - optuna.study.study - INFO - Trial 299 finished with value: 0.092469202465982 and parameters: {'n_layers': 1, 'embedding_dim': 32, 'lr': 0.0015376779669287251, 'lambda_val': 6.295735429152685e-05, 'batch_size': 572, 'optimizer': 'Adam'}. Best is trial 256 with value: 0.09920686227980569.
2026-05-19 23:31:00,877 - experiment_functions - INFO - Training the best model ... for e_1M_full
2026-05-19 23:31:30,380 - experiment_functions - INFO - Early stopping at epoch 2300. Best Recall: 0.0943
2026-05-19 23:31:31,326 - root - INFO - **** Training e_1M_1c1dcs
2026-05-19 23:31:31,326 - root - INFO -   ** 1-Dominant stats:
2026-05-19 23:31:31,326 - root - INFO -   ** Finding the dominant set:
2026-05-20 00:11:21,156 - root - INFO -   ** Getting the trainable edges:
2026-05-20 00:11:21,172 - helper_functions - INFO -      Number of nodes: 4740
2026-05-20 00:11:21,172 - helper_functions - INFO -      Ratio: 0.4863533757438949
2026-05-20 00:11:21,172 - helper_functions - INFO -      Number of unique users: 3156
2026-05-20 00:11:21,172 - helper_functions - INFO -      Number of unique items: 1584
2026-05-20 00:11:21,172 - helper_functions - INFO -      Total dominant set edge: 14614
2026-05-20 00:11:21,172 - helper_functions - INFO -      Trainable edges: 11691.2
2026-05-20 00:11:21,214 - root - INFO -   **** Getting 14614 dominant set edges
2026-05-20 00:11:21,324 - optuna.storages._rdb.storage - INFO - A new study created in RDB with name: Study_e_1M_1c1dcs_strict
2026-05-20 00:11:31,117 - experiment_functions - INFO - Early stopping at epoch 750. Best Recall: 0.0228
2026-05-20 00:11:31,217 - optuna.study.study - INFO - Trial 0 finished with value: 0.022759277337973602 and parameters: {'n_layers': 2, 'embedding_dim': 32, 'lr': 0.0007103507124476485, 'lambda_val': 3.06960679630161e-05, 'batch_size': 1124, 'optimizer': 'Adam'}. Best is trial 0 with value: 0.022759277337973602.
2026-05-20 00:11:46,480 - experiment_functions - INFO - Early stopping at epoch 1250. Best Recall: 0.0049
2026-05-20 00:11:46,592 - optuna.study.study - INFO - Trial 1 finished with value: 0.0049353249658835915 and parameters: {'n_layers': 1, 'embedding_dim': 64, 'lr': 1.889644089712686e-05, 'lambda_val': 0.09378432763049818, 'batch_size': 1736, 'optimizer': 'RMSprop'}. Best is trial 0 with value: 0.022759277337973602.
2026-05-20 00:12:02,393 - experiment_functions - INFO - Early stopping at epoch 500. Best Recall: 0.0053
2026-05-20 00:12:02,668 - optuna.study.study - INFO - Trial 2 finished with value: 0.005278822003483211 and parameters: {'n_layers': 1, 'embedding_dim': 32, 'lr': 0.00033931973530554137, 'lambda_val': 0.08159947617715643, 'batch_size': 3199, 'optimizer': 'RMSprop'}. Best is trial 0 with value: 0.022759277337973602.
2026-05-20 00:12:10,367 - experiment_functions - INFO - Early stopping at epoch 500. Best Recall: 0.0057
2026-05-20 00:12:10,466 - optuna.study.study - INFO - Trial 3 finished with value: 0.005675704876462799 and parameters: {'n_layers': 1, 'embedding_dim': 256, 'lr': 6.870303603322165e-05, 'lambda_val': 6.133898776832708e-05, 'batch_size': 1849, 'optimizer': 'SGD'}. Best is trial 0 with value: 0.022759277337973602.
2026-05-20 00:12:17,531 - experiment_functions - INFO - Early stopping at epoch 500. Best Recall: 0.0052
2026-05-20 00:12:17,622 - optuna.study.study - INFO - Trial 4 finished with value: 0.005213420450802378 and parameters: {'n_layers': 1, 'embedding_dim': 32, 'lr': 0.0015502186708795794, 'lambda_val': 0.019406394221866408, 'batch_size': 3318, 'optimizer': 'RMSprop'}. Best is trial 0 with value: 0.022759277337973602.
2026-05-20 00:12:24,567 - experiment_functions - INFO - Early stopping at epoch 500. Best Recall: 0.0118
2026-05-20 00:12:24,659 - optuna.study.study - INFO - Trial 5 finished with value: 0.011768730178177537 and parameters: {'n_layers': 3, 'embedding_dim': 32, 'lr': 0.07164070575596554, 'lambda_val': 0.00021484661408043498, 'batch_size': 2459, 'optimizer': 'RMSprop'}. Best is trial 0 with value: 0.022759277337973602.
2026-05-20 00:12:31,504 - experiment_functions - INFO - Early stopping at epoch 500. Best Recall: 0.0049
2026-05-20 00:12:31,617 - optuna.study.study - INFO - Trial 6 finished with value: 0.004901333432587414 and parameters: {'n_layers': 3, 'embedding_dim': 64, 'lr': 2.3188543396588365e-05, 'lambda_val': 0.004432092242126761, 'batch_size': 892, 'optimizer': 'RMSprop'}. Best is trial 0 with value: 0.022759277337973602.
2026-05-20 00:12:43,905 - experiment_functions - INFO - Early stopping at epoch 500. Best Recall: 0.0047
2026-05-20 00:12:44,667 - optuna.study.study - INFO - Trial 7 finished with value: 0.004702967630855858 and parameters: {'n_layers': 4, 'embedding_dim': 128, 'lr': 1.0762867271551217e-05, 'lambda_val': 0.018243951167914895, 'batch_size': 3771, 'optimizer': 'RMSprop'}. Best is trial 0 with value: 0.022759277337973602.
2026-05-20 00:12:56,614 - experiment_functions - INFO - Early stopping at epoch 500. Best Recall: 0.0039
2026-05-20 00:12:56,705 - optuna.study.study - INFO - Trial 8 finished with value: 0.003919218821670286 and parameters: {'n_layers': 2, 'embedding_dim': 32, 'lr': 0.04455283019332054, 'lambda_val': 0.004781231105891843, 'batch_size': 3338, 'optimizer': 'Adam'}. Best is trial 0 with value: 0.022759277337973602.
2026-05-20 00:13:06,247 - experiment_functions - INFO - Early stopping at epoch 700. Best Recall: 0.0131
2026-05-20 00:13:06,338 - optuna.study.study - INFO - Trial 9 finished with value: 0.013086102806394311 and parameters: {'n_layers': 3, 'embedding_dim': 64, 'lr': 0.0006656069550711846, 'lambda_val': 2.3383526464486646e-05, 'batch_size': 2785, 'optimizer': 'Adam'}. Best is trial 0 with value: 0.022759277337973602.
2026-05-20 00:13:13,862 - experiment_functions - INFO - Early stopping at epoch 550. Best Recall: 0.0124
2026-05-20 00:13:13,961 - optuna.study.study - INFO - Trial 10 finished with value: 0.012432147598369494 and parameters: {'n_layers': 2, 'embedding_dim': 96, 'lr': 0.006513515608196267, 'lambda_val': 1.0432767649862882e-06, 'batch_size': 536, 'optimizer': 'Adam'}. Best is trial 0 with value: 0.022759277337973602.
2026-05-20 00:13:24,316 - experiment_functions - INFO - Early stopping at epoch 700. Best Recall: 0.0093
2026-05-20 00:13:24,463 - optuna.study.study - INFO - Trial 11 finished with value: 0.009328654282917487 and parameters: {'n_layers': 4, 'embedding_dim': 64, 'lr': 0.0005004533864459514, 'lambda_val': 1.1077535152104567e-05, 'batch_size': 2596, 'optimizer': 'Adam'}. Best is trial 0 with value: 0.022759277337973602.
2026-05-20 00:13:33,863 - experiment_functions - INFO - Early stopping at epoch 550. Best Recall: 0.0137
2026-05-20 00:13:34,638 - optuna.study.study - INFO - Trial 12 finished with value: 0.013727922597797123 and parameters: {'n_layers': 3, 'embedding_dim': 128, 'lr': 0.003051251307031886, 'lambda_val': 1.915172434301832e-05, 'batch_size': 1396, 'optimizer': 'Adam'}. Best is trial 0 with value: 0.022759277337973602.
2026-05-20 00:13:48,832 - experiment_functions - INFO - Early stopping at epoch 550. Best Recall: 0.0057
2026-05-20 00:13:48,922 - optuna.study.study - INFO - Trial 13 finished with value: 0.005743797095114956 and parameters: {'n_layers': 2, 'embedding_dim': 128, 'lr': 0.005787028523873719, 'lambda_val': 2.8653452245261303e-06, 'batch_size': 1392, 'optimizer': 'Adam'}. Best is trial 0 with value: 0.022759277337973602.
2026-05-20 00:13:56,326 - experiment_functions - INFO - Early stopping at epoch 500. Best Recall: 0.0058
2026-05-20 00:13:56,437 - optuna.study.study - INFO - Trial 14 finished with value: 0.005750750578532209 and parameters: {'n_layers': 3, 'embedding_dim': 128, 'lr': 0.0033255570064001047, 'lambda_val': 0.00023355968489170256, 'batch_size': 1093, 'optimizer': 'SGD'}. Best is trial 0 with value: 0.022759277337973602.
2026-05-20 00:14:14,282 - experiment_functions - INFO - Early stopping at epoch 1250. Best Recall: 0.0208
2026-05-20 00:14:14,390 - optuna.study.study - INFO - Trial 15 finished with value: 0.020775966926937426 and parameters: {'n_layers': 2, 'embedding_dim': 256, 'lr': 0.00016873961690972564, 'lambda_val': 1.874975178192486e-05, 'batch_size': 1940, 'optimizer': 'Adam'}. Best is trial 0 with value: 0.022759277337973602.
2026-05-20 00:15:07,765 - optuna.study.study - INFO - Trial 16 finished with value: 0.023715626139453848 and parameters: {'n_layers': 2, 'embedding_dim': 256, 'lr': 9.663343540147123e-05, 'lambda_val': 0.000690614241937921, 'batch_size': 2087, 'optimizer': 'Adam'}. Best is trial 16 with value: 0.023715626139453848.
2026-05-20 00:15:15,136 - experiment_functions - INFO - Early stopping at epoch 500. Best Recall: 0.0048
2026-05-20 00:15:15,235 - optuna.study.study - INFO - Trial 17 finished with value: 0.0048428744094217565 and parameters: {'n_layers': 2, 'embedding_dim': 256, 'lr': 9.296878228500768e-05, 'lambda_val': 0.0008791218934312445, 'batch_size': 2189, 'optimizer': 'SGD'}. Best is trial 16 with value: 0.023715626139453848.
2026-05-20 00:15:22,400 - experiment_functions - INFO - Early stopping at epoch 500. Best Recall: 0.0047
2026-05-20 00:15:22,511 - optuna.study.study - INFO - Trial 18 finished with value: 0.004676167775498498 and parameters: {'n_layers': 2, 'embedding_dim': 96, 'lr': 0.01825281643333932, 'lambda_val': 0.0010031585966471111, 'batch_size': 1446, 'optimizer': 'Adam'}. Best is trial 16 with value: 0.023715626139453848.
2026-05-20 00:15:35,867 - optuna.study._optimize - INFO - Trial 19 pruned. 
2026-05-20 00:15:48,402 - experiment_functions - INFO - Early stopping at epoch 900. Best Recall: 0.0225
2026-05-20 00:15:48,570 - optuna.study.study - INFO - Trial 20 finished with value: 0.022509120362235922 and parameters: {'n_layers': 2, 'embedding_dim': 256, 'lr': 0.00025253461482114815, 'lambda_val': 0.0015145407126715342, 'batch_size': 1080, 'optimizer': 'Adam'}. Best is trial 16 with value: 0.023715626139453848.
2026-05-20 00:16:05,993 - experiment_functions - INFO - Early stopping at epoch 1250. Best Recall: 0.0252
2026-05-20 00:16:06,095 - optuna.study.study - INFO - Trial 21 finished with value: 0.025175906491101904 and parameters: {'n_layers': 2, 'embedding_dim': 256, 'lr': 0.00021512851138997724, 'lambda_val': 0.0006677759647612824, 'batch_size': 984, 'optimizer': 'Adam'}. Best is trial 21 with value: 0.025175906491101904.
2026-05-20 00:16:15,003 - experiment_functions - INFO - Early stopping at epoch 600. Best Recall: 0.0247
2026-05-20 00:16:15,113 - optuna.study.study - INFO - Trial 22 finished with value: 0.024747277921347136 and parameters: {'n_layers': 2, 'embedding_dim': 256, 'lr': 0.0011795330814662964, 'lambda_val': 0.00010732286020417383, 'batch_size': 936, 'optimizer': 'Adam'}. Best is trial 21 with value: 0.025175906491101904.
2026-05-20 00:16:50,472 - experiment_functions - INFO - Early stopping at epoch 2650. Best Recall: 0.0261
2026-05-20 00:16:50,612 - optuna.study.study - INFO - Trial 23 finished with value: 0.026090444651601846 and parameters: {'n_layers': 2, 'embedding_dim': 256, 'lr': 0.00017020986435260416, 'lambda_val': 0.00042871191493373367, 'batch_size': 806, 'optimizer': 'Adam'}. Best is trial 23 with value: 0.026090444651601846.
2026-05-20 00:17:04,952 - optuna.study._optimize - INFO - Trial 24 pruned. 
2026-05-20 00:17:12,591 - experiment_functions - INFO - Early stopping at epoch 500. Best Recall: 0.0052
2026-05-20 00:17:12,683 - optuna.study.study - INFO - Trial 25 finished with value: 0.0051807047465850155 and parameters: {'n_layers': 2, 'embedding_dim': 256, 'lr': 0.001375504671807144, 'lambda_val': 0.0004651036588891638, 'batch_size': 1638, 'optimizer': 'SGD'}. Best is trial 23 with value: 0.026090444651601846.
2026-05-20 00:17:24,349 - experiment_functions - INFO - Early stopping at epoch 850. Best Recall: 0.0052
2026-05-20 00:17:24,427 - optuna.study.study - INFO - Trial 26 finished with value: 0.005189716941865633 and parameters: {'n_layers': 1, 'embedding_dim': 256, 'lr': 3.6584161789091904e-05, 'lambda_val': 0.0036625654532098768, 'batch_size': 791, 'optimizer': 'Adam'}. Best is trial 23 with value: 0.026090444651601846.
2026-05-20 00:17:32,271 - experiment_functions - INFO - Early stopping at epoch 550. Best Recall: 0.0209
2026-05-20 00:17:32,362 - optuna.study.study - INFO - Trial 27 finished with value: 0.020903777157101722 and parameters: {'n_layers': 2, 'embedding_dim': 256, 'lr': 0.0012061861826884416, 'lambda_val': 0.002106151506686237, 'batch_size': 1218, 'optimizer': 'Adam'}. Best is trial 23 with value: 0.026090444651601846.
2026-05-20 00:17:45,691 - optuna.study._optimize - INFO - Trial 28 pruned. 
2026-05-20 00:18:01,098 - experiment_functions - INFO - Early stopping at epoch 1150. Best Recall: 0.0266
2026-05-20 00:18:01,188 - optuna.study.study - INFO - Trial 29 finished with value: 0.02663440909153695 and parameters: {'n_layers': 1, 'embedding_dim': 256, 'lr': 0.0004571632935040404, 'lambda_val': 5.859304548495896e-06, 'batch_size': 1016, 'optimizer': 'Adam'}. Best is trial 29 with value: 0.02663440909153695.
2026-05-20 00:18:08,295 - experiment_functions - INFO - Early stopping at epoch 500. Best Recall: 0.0057
2026-05-20 00:18:08,393 - optuna.study.study - INFO - Trial 30 finished with value: 0.005664028261413262 and parameters: {'n_layers': 1, 'embedding_dim': 256, 'lr': 0.00038284205669908525, 'lambda_val': 7.0219442341188775e-06, 'batch_size': 1225, 'optimizer': 'SGD'}. Best is trial 29 with value: 0.02663440909153695.
2026-05-20 00:18:19,418 - experiment_functions - INFO - Early stopping at epoch 800. Best Recall: 0.0271
2026-05-20 00:18:19,519 - optuna.study.study - INFO - Trial 31 finished with value: 0.027145168755111266 and parameters: {'n_layers': 1, 'embedding_dim': 256, 'lr': 0.0006123567950621453, 'lambda_val': 5.2779483100365813e-05, 'batch_size': 948, 'optimizer': 'Adam'}. Best is trial 31 with value: 0.027145168755111266.
2026-05-20 00:18:29,946 - experiment_functions - INFO - Early stopping at epoch 750. Best Recall: 0.0261
2026-05-20 00:18:30,045 - optuna.study.study - INFO - Trial 32 finished with value: 0.02612014983089216 and parameters: {'n_layers': 1, 'embedding_dim': 256, 'lr': 0.0006307445234992025, 'lambda_val': 4.3729382871464e-05, 'batch_size': 1613, 'optimizer': 'Adam'}. Best is trial 31 with value: 0.027145168755111266.
2026-05-20 00:18:40,949 - experiment_functions - INFO - Early stopping at epoch 750. Best Recall: 0.0257
2026-05-20 00:18:41,038 - optuna.study.study - INFO - Trial 33 finished with value: 0.025673600218019833 and parameters: {'n_layers': 1, 'embedding_dim': 256, 'lr': 0.0007156622696024331, 'lambda_val': 4.5303380578580264e-05, 'batch_size': 1537, 'optimizer': 'Adam'}. Best is trial 31 with value: 0.027145168755111266.
2026-05-20 00:18:48,949 - experiment_functions - INFO - Early stopping at epoch 550. Best Recall: 0.0247
2026-05-20 00:18:49,059 - optuna.study.study - INFO - Trial 34 finished with value: 0.02471604660158979 and parameters: {'n_layers': 1, 'embedding_dim': 256, 'lr': 0.002094055785133343, 'lambda_val': 4.1505444282209216e-06, 'batch_size': 1724, 'optimizer': 'Adam'}. Best is trial 31 with value: 0.027145168755111266.
2026-05-20 00:19:06,660 - experiment_functions - INFO - Early stopping at epoch 1350. Best Recall: 0.0273
2026-05-20 00:19:06,757 - optuna.study.study - INFO - Trial 35 finished with value: 0.027270384207374515 and parameters: {'n_layers': 1, 'embedding_dim': 256, 'lr': 0.0003973748010317229, 'lambda_val': 2.411303267670809e-06, 'batch_size': 625, 'optimizer': 'Adam'}. Best is trial 35 with value: 0.027270384207374515.
2026-05-20 00:19:18,727 - experiment_functions - INFO - Early stopping at epoch 850. Best Recall: 0.0271
2026-05-20 00:19:18,847 - optuna.study.study - INFO - Trial 36 finished with value: 0.02712601607316195 and parameters: {'n_layers': 1, 'embedding_dim': 256, 'lr': 0.0006956399540069129, 'lambda_val': 1.1104963555139472e-06, 'batch_size': 532, 'optimizer': 'RMSprop'}. Best is trial 35 with value: 0.027270384207374515.
2026-05-20 00:19:55,677 - experiment_functions - INFO - Early stopping at epoch 3000. Best Recall: 0.0309
2026-05-20 00:19:55,784 - optuna.study.study - INFO - Trial 37 finished with value: 0.030943974763693986 and parameters: {'n_layers': 1, 'embedding_dim': 32, 'lr': 0.0003738343727253439, 'lambda_val': 1.1756455219138224e-06, 'batch_size': 532, 'optimizer': 'RMSprop'}. Best is trial 37 with value: 0.030943974763693986.
2026-05-20 00:20:52,795 - optuna.study.study - INFO - Trial 38 finished with value: 0.03034990830315366 and parameters: {'n_layers': 1, 'embedding_dim': 32, 'lr': 0.0002972258920845796, 'lambda_val': 1.8972920107936485e-06, 'batch_size': 566, 'optimizer': 'RMSprop'}. Best is trial 37 with value: 0.030943974763693986.
2026-05-20 00:21:35,932 - experiment_functions - INFO - Early stopping at epoch 3650. Best Recall: 0.0305
2026-05-20 00:21:36,022 - optuna.study.study - INFO - Trial 39 finished with value: 0.03050919853575996 and parameters: {'n_layers': 1, 'embedding_dim': 32, 'lr': 0.00033735669061700166, 'lambda_val': 2.2661908940057825e-06, 'batch_size': 755, 'optimizer': 'RMSprop'}. Best is trial 37 with value: 0.030943974763693986.
2026-05-20 00:21:53,267 - optuna.study._optimize - INFO - Trial 40 pruned. 
2026-05-20 00:22:05,584 - optuna.study._optimize - INFO - Trial 41 pruned. 
2026-05-20 00:22:23,107 - optuna.study._optimize - INFO - Trial 42 pruned. 
2026-05-20 00:22:39,239 - optuna.study._optimize - INFO - Trial 43 pruned. 
2026-05-20 00:22:46,797 - experiment_functions - INFO - Early stopping at epoch 550. Best Recall: 0.0262
2026-05-20 00:22:46,876 - optuna.study.study - INFO - Trial 44 finished with value: 0.026243331844440675 and parameters: {'n_layers': 1, 'embedding_dim': 32, 'lr': 0.0018454758870425983, 'lambda_val': 4.313335461214651e-06, 'batch_size': 891, 'optimizer': 'RMSprop'}. Best is trial 37 with value: 0.030943974763693986.
2026-05-20 00:22:53,801 - experiment_functions - INFO - Early stopping at epoch 500. Best Recall: 0.0061
2026-05-20 00:22:53,891 - optuna.study.study - INFO - Trial 45 finished with value: 0.006071139239935045 and parameters: {'n_layers': 1, 'embedding_dim': 32, 'lr': 4.2784473585302555e-05, 'lambda_val': 1.3316333182855269e-05, 'batch_size': 3969, 'optimizer': 'RMSprop'}. Best is trial 37 with value: 0.030943974763693986.
2026-05-20 00:23:06,820 - optuna.study._optimize - INFO - Trial 46 pruned. 
2026-05-20 00:23:20,381 - optuna.study._optimize - INFO - Trial 47 pruned. 
2026-05-20 00:23:38,450 - optuna.study._optimize - INFO - Trial 48 pruned. 
2026-05-20 00:23:45,657 - experiment_functions - INFO - Early stopping at epoch 500. Best Recall: 0.0047
2026-05-20 00:23:45,747 - optuna.study.study - INFO - Trial 49 finished with value: 0.004672359420222975 and parameters: {'n_layers': 4, 'embedding_dim': 64, 'lr': 0.0034599414708616585, 'lambda_val': 3.013805642301533e-06, 'batch_size': 944, 'optimizer': 'RMSprop'}. Best is trial 37 with value: 0.030943974763693986.
2026-05-20 00:24:17,947 - experiment_functions - INFO - Early stopping at epoch 2550. Best Recall: 0.0303
2026-05-20 00:24:18,047 - optuna.study.study - INFO - Trial 50 finished with value: 0.03029334006119583 and parameters: {'n_layers': 1, 'embedding_dim': 32, 'lr': 0.0005029554478324645, 'lambda_val': 1.0410887614730562e-05, 'batch_size': 512, 'optimizer': 'RMSprop'}. Best is trial 37 with value: 0.030943974763693986.
2026-05-20 00:24:36,667 - optuna.study._optimize - INFO - Trial 51 pruned. 
2026-05-20 00:25:00,455 - experiment_functions - INFO - Early stopping at epoch 1950. Best Recall: 0.0306
2026-05-20 00:25:00,565 - optuna.study.study - INFO - Trial 52 finished with value: 0.030557791211559174 and parameters: {'n_layers': 1, 'embedding_dim': 32, 'lr': 0.0005223984008927951, 'lambda_val': 3.0080386570616304e-05, 'batch_size': 683, 'optimizer': 'RMSprop'}. Best is trial 37 with value: 0.030943974763693986.
2026-05-20 00:25:13,549 - optuna.study._optimize - INFO - Trial 53 pruned. 
2026-05-20 00:25:30,382 - optuna.study._optimize - INFO - Trial 54 pruned. 
2026-05-20 00:25:48,334 - optuna.study._optimize - INFO - Trial 55 pruned. 
2026-05-20 00:25:56,207 - experiment_functions - INFO - Early stopping at epoch 550. Best Recall: 0.0073
2026-05-20 00:25:56,286 - optuna.study.study - INFO - Trial 56 finished with value: 0.007307907816319289 and parameters: {'n_layers': 1, 'embedding_dim': 32, 'lr': 0.0025852967762502134, 'lambda_val': 1.3435870934092938e-06, 'batch_size': 3502, 'optimizer': 'RMSprop'}. Best is trial 37 with value: 0.030943974763693986.
2026-05-20 00:26:05,050 - experiment_functions - INFO - Early stopping at epoch 600. Best Recall: 0.0247
2026-05-20 00:26:05,151 - optuna.study.study - INFO - Trial 57 finished with value: 0.024698898210758463 and parameters: {'n_layers': 1, 'embedding_dim': 128, 'lr': 0.0008607775260361323, 'lambda_val': 5.684169290835155e-06, 'batch_size': 2485, 'optimizer': 'RMSprop'}. Best is trial 37 with value: 0.030943974763693986.
2026-05-20 00:26:22,698 - optuna.study._optimize - INFO - Trial 58 pruned. 
2026-05-20 00:26:36,821 - optuna.study._optimize - INFO - Trial 59 pruned. 
2026-05-20 00:26:43,962 - experiment_functions - INFO - Early stopping at epoch 500. Best Recall: 0.0051
2026-05-20 00:26:44,052 - optuna.study.study - INFO - Trial 60 finished with value: 0.0051237745514882286 and parameters: {'n_layers': 1, 'embedding_dim': 32, 'lr': 0.0005042893267699385, 'lambda_val': 0.03142987232324769, 'batch_size': 831, 'optimizer': 'SGD'}. Best is trial 37 with value: 0.030943974763693986.
2026-05-20 00:27:02,048 - optuna.study._optimize - INFO - Trial 61 pruned. 
2026-05-20 00:27:20,960 - optuna.study._optimize - INFO - Trial 62 pruned. 
2026-05-20 00:27:40,613 - experiment_functions - INFO - Early stopping at epoch 1100. Best Recall: 0.0289
2026-05-20 00:27:41,386 - optuna.study.study - INFO - Trial 63 finished with value: 0.028886875829993705 and parameters: {'n_layers': 1, 'embedding_dim': 128, 'lr': 0.0006331761544879393, 'lambda_val': 1.6909484986369206e-06, 'batch_size': 517, 'optimizer': 'RMSprop'}. Best is trial 37 with value: 0.030943974763693986.
2026-05-20 00:27:55,065 - experiment_functions - INFO - Early stopping at epoch 550. Best Recall: 0.0254
2026-05-20 00:27:55,187 - optuna.study.study - INFO - Trial 64 finished with value: 0.025415609830601125 and parameters: {'n_layers': 1, 'embedding_dim': 128, 'lr': 0.001411130688948899, 'lambda_val': 1.8445734373367242e-06, 'batch_size': 531, 'optimizer': 'RMSprop'}. Best is trial 37 with value: 0.030943974763693986.
2026-05-20 00:28:02,657 - experiment_functions - INFO - Early stopping at epoch 500. Best Recall: 0.0066
2026-05-20 00:28:02,747 - optuna.study.study - INFO - Trial 65 finished with value: 0.006589514028369856 and parameters: {'n_layers': 1, 'embedding_dim': 128, 'lr': 0.09577828985673595, 'lambda_val': 4.937511807394893e-06, 'batch_size': 842, 'optimizer': 'RMSprop'}. Best is trial 37 with value: 0.030943974763693986.
2026-05-20 00:28:20,581 - optuna.study._optimize - INFO - Trial 66 pruned. 
2026-05-20 00:28:34,895 - optuna.study._optimize - INFO - Trial 67 pruned. 
2026-05-20 00:28:42,427 - experiment_functions - INFO - Early stopping at epoch 500. Best Recall: 0.0048
2026-05-20 00:28:42,527 - optuna.study.study - INFO - Trial 68 finished with value: 0.0047543907626640585 and parameters: {'n_layers': 1, 'embedding_dim': 96, 'lr': 0.0010322294279468426, 'lambda_val': 1.630974288302374e-06, 'batch_size': 786, 'optimizer': 'SGD'}. Best is trial 37 with value: 0.030943974763693986.
2026-05-20 00:28:49,753 - experiment_functions - INFO - Early stopping at epoch 500. Best Recall: 0.0047
2026-05-20 00:28:49,854 - optuna.study.study - INFO - Trial 69 finished with value: 0.004698839496252019 and parameters: {'n_layers': 2, 'embedding_dim': 32, 'lr': 0.02851289118472601, 'lambda_val': 2.9871508674108742e-06, 'batch_size': 618, 'optimizer': 'RMSprop'}. Best is trial 37 with value: 0.030943974763693986.
2026-05-20 00:28:58,998 - experiment_functions - INFO - Early stopping at epoch 650. Best Recall: 0.0258
2026-05-20 00:28:59,089 - optuna.study.study - INFO - Trial 70 finished with value: 0.025761816572271803 and parameters: {'n_layers': 1, 'embedding_dim': 64, 'lr': 0.0007504064109702278, 'lambda_val': 8.752277521880612e-06, 'batch_size': 1947, 'optimizer': 'RMSprop'}. Best is trial 37 with value: 0.030943974763693986.
2026-05-20 00:29:15,938 - optuna.study._optimize - INFO - Trial 71 pruned. 
2026-05-20 00:29:32,457 - optuna.study._optimize - INFO - Trial 72 pruned. 
2026-05-20 00:29:45,753 - optuna.study._optimize - INFO - Trial 73 pruned. 
2026-05-20 00:29:52,876 - experiment_functions - INFO - Early stopping at epoch 500. Best Recall: 0.0045
2026-05-20 00:29:52,975 - optuna.study.study - INFO - Trial 74 finished with value: 0.004498386486169705 and parameters: {'n_layers': 1, 'embedding_dim': 32, 'lr': 0.0004579288735526801, 'lambda_val': 3.167323677024146e-05, 'batch_size': 903, 'optimizer': 'SGD'}. Best is trial 37 with value: 0.030943974763693986.
2026-05-20 00:30:09,689 - optuna.study._optimize - INFO - Trial 75 pruned. 
2026-05-20 00:30:18,666 - experiment_functions - INFO - Early stopping at epoch 600. Best Recall: 0.0108
2026-05-20 00:30:18,756 - optuna.study.study - INFO - Trial 76 finished with value: 0.010822979830259963 and parameters: {'n_layers': 4, 'embedding_dim': 96, 'lr': 0.0005763309079009771, 'lambda_val': 0.0001942859911277389, 'batch_size': 517, 'optimizer': 'RMSprop'}. Best is trial 37 with value: 0.030943974763693986.
2026-05-20 00:30:27,511 - experiment_functions - INFO - Early stopping at epoch 600. Best Recall: 0.0252
2026-05-20 00:30:27,602 - optuna.study.study - INFO - Trial 77 finished with value: 0.02516396956987581 and parameters: {'n_layers': 1, 'embedding_dim': 256, 'lr': 0.0017388720766822084, 'lambda_val': 6.301089956695188e-06, 'batch_size': 1040, 'optimizer': 'Adam'}. Best is trial 37 with value: 0.030943974763693986.
2026-05-20 00:30:36,370 - experiment_functions - INFO - Early stopping at epoch 600. Best Recall: 0.0245
2026-05-20 00:30:36,505 - optuna.study.study - INFO - Trial 78 finished with value: 0.024503411239353796 and parameters: {'n_layers': 1, 'embedding_dim': 32, 'lr': 0.0011596317928845264, 'lambda_val': 2.2431278534363633e-06, 'batch_size': 1169, 'optimizer': 'RMSprop'}. Best is trial 37 with value: 0.030943974763693986.
2026-05-20 00:30:50,169 - optuna.study._optimize - INFO - Trial 79 pruned. 
2026-05-20 00:30:59,296 - experiment_functions - INFO - Early stopping at epoch 550. Best Recall: 0.0195
2026-05-20 00:30:59,404 - optuna.study.study - INFO - Trial 80 finished with value: 0.01949742450743153 and parameters: {'n_layers': 2, 'embedding_dim': 256, 'lr': 0.0008228557740530696, 'lambda_val': 1.4157357472511792e-06, 'batch_size': 624, 'optimizer': 'RMSprop'}. Best is trial 37 with value: 0.030943974763693986.
2026-05-20 00:31:10,705 - experiment_functions - INFO - Early stopping at epoch 800. Best Recall: 0.0264
2026-05-20 00:31:10,794 - optuna.study.study - INFO - Trial 81 finished with value: 0.026392100149761368 and parameters: {'n_layers': 1, 'embedding_dim': 256, 'lr': 0.0006883503650847855, 'lambda_val': 1.0958218235854027e-06, 'batch_size': 512, 'optimizer': 'RMSprop'}. Best is trial 37 with value: 0.030943974763693986.
2026-05-20 00:31:27,682 - optuna.study._optimize - INFO - Trial 82 pruned. 
2026-05-20 00:31:49,306 - optuna.study._optimize - INFO - Trial 83 pruned. 
2026-05-20 00:32:03,615 - experiment_functions - INFO - Early stopping at epoch 1050. Best Recall: 0.0274
2026-05-20 00:32:03,705 - optuna.study.study - INFO - Trial 84 finished with value: 0.02738070498116719 and parameters: {'n_layers': 1, 'embedding_dim': 256, 'lr': 0.0005990747967808456, 'lambda_val': 1.0747477445058518e-05, 'batch_size': 580, 'optimizer': 'RMSprop'}. Best is trial 37 with value: 0.030943974763693986.
2026-05-20 00:32:21,283 - optuna.study._optimize - INFO - Trial 85 pruned. 
2026-05-20 00:32:34,016 - optuna.study._optimize - INFO - Trial 86 pruned. 
2026-05-20 00:32:46,333 - experiment_functions - INFO - Early stopping at epoch 950. Best Recall: 0.0268
2026-05-20 00:32:46,423 - optuna.study.study - INFO - Trial 87 finished with value: 0.02675624369410084 and parameters: {'n_layers': 1, 'embedding_dim': 64, 'lr': 0.0005680896547652508, 'lambda_val': 1.9088064584593035e-05, 'batch_size': 963, 'optimizer': 'Adam'}. Best is trial 37 with value: 0.030943974763693986.
2026-05-20 00:32:55,020 - experiment_functions - INFO - Early stopping at epoch 600. Best Recall: 0.0219
2026-05-20 00:32:55,110 - optuna.study.study - INFO - Trial 88 finished with value: 0.021918858563687662 and parameters: {'n_layers': 1, 'embedding_dim': 32, 'lr': 0.0010400425922993592, 'lambda_val': 6.953675533920826e-06, 'batch_size': 2772, 'optimizer': 'RMSprop'}. Best is trial 37 with value: 0.030943974763693986.
2026-05-20 00:33:02,676 - experiment_functions - INFO - Early stopping at epoch 500. Best Recall: 0.0055
2026-05-20 00:33:02,863 - optuna.study.study - INFO - Trial 89 finished with value: 0.005487208081370339 and parameters: {'n_layers': 3, 'embedding_dim': 256, 'lr': 0.0004498822859950973, 'lambda_val': 4.965567977253082e-06, 'batch_size': 1115, 'optimizer': 'SGD'}. Best is trial 37 with value: 0.030943974763693986.
2026-05-20 00:33:09,635 - experiment_functions - INFO - Early stopping at epoch 500. Best Recall: 0.0038
2026-05-20 00:33:09,726 - optuna.study.study - INFO - Trial 90 finished with value: 0.0038368772658559547 and parameters: {'n_layers': 1, 'embedding_dim': 32, 'lr': 0.010728590719756619, 'lambda_val': 8.334485998806681e-05, 'batch_size': 847, 'optimizer': 'RMSprop'}. Best is trial 37 with value: 0.030943974763693986.
2026-05-20 00:33:19,978 - experiment_functions - INFO - Early stopping at epoch 750. Best Recall: 0.0269
2026-05-20 00:33:20,078 - optuna.study.study - INFO - Trial 91 finished with value: 0.026858825831357805 and parameters: {'n_layers': 1, 'embedding_dim': 256, 'lr': 0.0006400365312833566, 'lambda_val': 0.00013618469192496987, 'batch_size': 603, 'optimizer': 'RMSprop'}. Best is trial 37 with value: 0.030943974763693986.
2026-05-20 00:33:31,083 - experiment_functions - INFO - Early stopping at epoch 750. Best Recall: 0.0271
2026-05-20 00:33:31,184 - optuna.study.study - INFO - Trial 92 finished with value: 0.027130268426431344 and parameters: {'n_layers': 1, 'embedding_dim': 256, 'lr': 0.0007780633819196352, 'lambda_val': 2.0663344080181565e-06, 'batch_size': 695, 'optimizer': 'RMSprop'}. Best is trial 37 with value: 0.030943974763693986.
2026-05-20 00:33:40,223 - experiment_functions - INFO - Early stopping at epoch 650. Best Recall: 0.0251
2026-05-20 00:33:40,312 - optuna.study.study - INFO - Trial 93 finished with value: 0.02507356977651471 and parameters: {'n_layers': 1, 'embedding_dim': 256, 'lr': 0.0008140700971274147, 'lambda_val': 0.0003070336474874666, 'batch_size': 690, 'optimizer': 'RMSprop'}. Best is trial 37 with value: 0.030943974763693986.
2026-05-20 00:33:48,080 - experiment_functions - INFO - Early stopping at epoch 550. Best Recall: 0.0234
2026-05-20 00:33:48,208 - optuna.study.study - INFO - Trial 94 finished with value: 0.02340563340325238 and parameters: {'n_layers': 1, 'embedding_dim': 256, 'lr': 0.0015275962759174685, 'lambda_val': 1.8176176295347186e-06, 'batch_size': 797, 'optimizer': 'RMSprop'}. Best is trial 37 with value: 0.030943974763693986.
2026-05-20 00:34:06,491 - optuna.study._optimize - INFO - Trial 95 pruned. 
2026-05-20 00:34:15,422 - experiment_functions - INFO - Early stopping at epoch 650. Best Recall: 0.0274
2026-05-20 00:34:15,512 - optuna.study.study - INFO - Trial 96 finished with value: 0.027395951722724216 and parameters: {'n_layers': 1, 'embedding_dim': 32, 'lr': 0.002166252621555664, 'lambda_val': 2.6593723828488874e-06, 'batch_size': 681, 'optimizer': 'Adam'}. Best is trial 37 with value: 0.030943974763693986.
2026-05-20 00:34:29,364 - optuna.study._optimize - INFO - Trial 97 pruned. 
2026-05-20 00:34:38,518 - experiment_functions - INFO - Early stopping at epoch 650. Best Recall: 0.0281
2026-05-20 00:34:38,618 - optuna.study.study - INFO - Trial 98 finished with value: 0.02814896603266469 and parameters: {'n_layers': 1, 'embedding_dim': 32, 'lr': 0.0023680197873060657, 'lambda_val': 2.39566215241549e-06, 'batch_size': 752, 'optimizer': 'Adam'}. Best is trial 37 with value: 0.030943974763693986.
2026-05-20 00:34:46,827 - experiment_functions - INFO - Early stopping at epoch 600. Best Recall: 0.0279
2026-05-20 00:34:46,926 - optuna.study.study - INFO - Trial 99 finished with value: 0.027920450813378336 and parameters: {'n_layers': 1, 'embedding_dim': 32, 'lr': 0.0028179378044623877, 'lambda_val': 2.4736126084922607e-06, 'batch_size': 757, 'optimizer': 'Adam'}. Best is trial 37 with value: 0.030943974763693986.
2026-05-20 00:34:54,145 - experiment_functions - INFO - Early stopping at epoch 550. Best Recall: 0.0266
2026-05-20 00:34:54,224 - optuna.study.study - INFO - Trial 100 finished with value: 0.026634314715380324 and parameters: {'n_layers': 1, 'embedding_dim': 32, 'lr': 0.004311273317128647, 'lambda_val': 1.3166744378265205e-06, 'batch_size': 758, 'optimizer': 'Adam'}. Best is trial 37 with value: 0.030943974763693986.
2026-05-20 00:35:02,237 - experiment_functions - INFO - Early stopping at epoch 600. Best Recall: 0.0283
2026-05-20 00:35:02,339 - optuna.study.study - INFO - Trial 101 finished with value: 0.028296344583576803 and parameters: {'n_layers': 1, 'embedding_dim': 32, 'lr': 0.0026169710796759894, 'lambda_val': 2.3911605413776153e-06, 'batch_size': 659, 'optimizer': 'Adam'}. Best is trial 37 with value: 0.030943974763693986.
2026-05-20 00:35:10,994 - experiment_functions - INFO - Early stopping at epoch 600. Best Recall: 0.0279
2026-05-20 00:35:11,095 - optuna.study.study - INFO - Trial 102 finished with value: 0.02791298225571006 and parameters: {'n_layers': 1, 'embedding_dim': 32, 'lr': 0.002671892897328298, 'lambda_val': 2.6200085069087097e-06, 'batch_size': 866, 'optimizer': 'Adam'}. Best is trial 37 with value: 0.030943974763693986.
2026-05-20 00:35:19,143 - experiment_functions - INFO - Early stopping at epoch 600. Best Recall: 0.0239
2026-05-20 00:35:19,243 - optuna.study.study - INFO - Trial 103 finished with value: 0.02389300982225255 and parameters: {'n_layers': 1, 'embedding_dim': 32, 'lr': 0.0023506322271043246, 'lambda_val': 2.61644508629419e-06, 'batch_size': 858, 'optimizer': 'Adam'}. Best is trial 37 with value: 0.030943974763693986.
2026-05-20 00:35:26,645 - experiment_functions - INFO - Early stopping at epoch 550. Best Recall: 0.0263
2026-05-20 00:35:26,744 - optuna.study.study - INFO - Trial 104 finished with value: 0.026254404325966336 and parameters: {'n_layers': 1, 'embedding_dim': 32, 'lr': 0.005764780039798008, 'lambda_val': 3.9826864378291375e-06, 'batch_size': 1034, 'optimizer': 'Adam'}. Best is trial 37 with value: 0.030943974763693986.
2026-05-20 00:35:34,103 - experiment_functions - INFO - Early stopping at epoch 550. Best Recall: 0.0272
2026-05-20 00:35:34,223 - optuna.study.study - INFO - Trial 105 finished with value: 0.02717054074405442 and parameters: {'n_layers': 1, 'embedding_dim': 32, 'lr': 0.004874093544221278, 'lambda_val': 5.552935424116984e-06, 'batch_size': 678, 'optimizer': 'Adam'}. Best is trial 37 with value: 0.030943974763693986.
2026-05-20 00:35:43,145 - experiment_functions - INFO - Early stopping at epoch 600. Best Recall: 0.0277
2026-05-20 00:35:43,235 - optuna.study.study - INFO - Trial 106 finished with value: 0.02771151042989587 and parameters: {'n_layers': 1, 'embedding_dim': 32, 'lr': 0.002824511529659862, 'lambda_val': 1.960086837273777e-06, 'batch_size': 769, 'optimizer': 'Adam'}. Best is trial 37 with value: 0.030943974763693986.
2026-05-20 00:35:50,758 - experiment_functions - INFO - Early stopping at epoch 550. Best Recall: 0.0219
2026-05-20 00:35:50,848 - optuna.study.study - INFO - Trial 107 finished with value: 0.021887697604599313 and parameters: {'n_layers': 1, 'embedding_dim': 32, 'lr': 0.0031252901175321543, 'lambda_val': 1.3988963866411257e-06, 'batch_size': 2195, 'optimizer': 'Adam'}. Best is trial 37 with value: 0.030943974763693986.
2026-05-20 00:35:58,311 - experiment_functions - INFO - Early stopping at epoch 550. Best Recall: 0.0259
2026-05-20 00:35:58,401 - optuna.study.study - INFO - Trial 108 finished with value: 0.025858458203177025 and parameters: {'n_layers': 1, 'embedding_dim': 32, 'lr': 0.007150230069444822, 'lambda_val': 2.144234629484401e-06, 'batch_size': 804, 'optimizer': 'Adam'}. Best is trial 37 with value: 0.030943974763693986.
2026-05-20 00:36:05,909 - experiment_functions - INFO - Early stopping at epoch 550. Best Recall: 0.0263
2026-05-20 00:36:06,009 - optuna.study.study - INFO - Trial 109 finished with value: 0.026308774301267213 and parameters: {'n_layers': 1, 'embedding_dim': 32, 'lr': 0.0038662227510023114, 'lambda_val': 3.534104750980165e-06, 'batch_size': 978, 'optimizer': 'Adam'}. Best is trial 37 with value: 0.030943974763693986.
2026-05-20 00:36:15,197 - experiment_functions - INFO - Early stopping at epoch 650. Best Recall: 0.0284
2026-05-20 00:36:15,297 - optuna.study.study - INFO - Trial 110 finished with value: 0.028370498257601823 and parameters: {'n_layers': 1, 'embedding_dim': 32, 'lr': 0.0026332360812127845, 'lambda_val': 1.769311699782965e-06, 'batch_size': 515, 'optimizer': 'Adam'}. Best is trial 37 with value: 0.030943974763693986.
2026-05-20 00:36:24,873 - experiment_functions - INFO - Early stopping at epoch 700. Best Recall: 0.0286
2026-05-20 00:36:24,982 - optuna.study.study - INFO - Trial 111 finished with value: 0.028628566760580704 and parameters: {'n_layers': 1, 'embedding_dim': 32, 'lr': 0.001722382344520495, 'lambda_val': 1.7910087483542864e-06, 'batch_size': 546, 'optimizer': 'Adam'}. Best is trial 37 with value: 0.030943974763693986.
2026-05-20 00:36:35,024 - experiment_functions - INFO - Early stopping at epoch 700. Best Recall: 0.0290
2026-05-20 00:36:35,114 - optuna.study.study - INFO - Trial 112 finished with value: 0.029039172520992557 and parameters: {'n_layers': 1, 'embedding_dim': 32, 'lr': 0.0018578980311613562, 'lambda_val': 1.6471358998593922e-06, 'batch_size': 567, 'optimizer': 'Adam'}. Best is trial 37 with value: 0.030943974763693986.
2026-05-20 00:36:45,515 - experiment_functions - INFO - Early stopping at epoch 750. Best Recall: 0.0289
2026-05-20 00:36:45,605 - optuna.study.study - INFO - Trial 113 finished with value: 0.028850309000025047 and parameters: {'n_layers': 1, 'embedding_dim': 32, 'lr': 0.0019446242137178503, 'lambda_val': 1.3202733175960865e-06, 'batch_size': 517, 'optimizer': 'Adam'}. Best is trial 37 with value: 0.030943974763693986.
2026-05-20 00:36:54,996 - experiment_functions - INFO - Early stopping at epoch 700. Best Recall: 0.0281
2026-05-20 00:36:55,096 - optuna.study.study - INFO - Trial 114 finished with value: 0.028089966197422968 and parameters: {'n_layers': 1, 'embedding_dim': 32, 'lr': 0.001724203177504898, 'lambda_val': 1.3015751317159502e-06, 'batch_size': 514, 'optimizer': 'Adam'}. Best is trial 37 with value: 0.030943974763693986.
2026-05-20 00:37:04,475 - experiment_functions - INFO - Early stopping at epoch 650. Best Recall: 0.0281
2026-05-20 00:37:04,565 - optuna.study.study - INFO - Trial 115 finished with value: 0.028064039645342223 and parameters: {'n_layers': 1, 'embedding_dim': 32, 'lr': 0.002044729946676878, 'lambda_val': 1.5603957826340229e-06, 'batch_size': 580, 'optimizer': 'Adam'}. Best is trial 37 with value: 0.030943974763693986.
2026-05-20 00:37:14,950 - experiment_functions - INFO - Early stopping at epoch 750. Best Recall: 0.0290
2026-05-20 00:37:15,048 - optuna.study.study - INFO - Trial 116 finished with value: 0.029007998810135223 and parameters: {'n_layers': 1, 'embedding_dim': 32, 'lr': 0.0013849294228019345, 'lambda_val': 1.0145013373367721e-06, 'batch_size': 641, 'optimizer': 'Adam'}. Best is trial 37 with value: 0.030943974763693986.
2026-05-20 00:37:24,584 - experiment_functions - INFO - Early stopping at epoch 700. Best Recall: 0.0285
2026-05-20 00:37:24,682 - optuna.study.study - INFO - Trial 117 finished with value: 0.028522764698739423 and parameters: {'n_layers': 1, 'embedding_dim': 32, 'lr': 0.0014072604681231852, 'lambda_val': 1.0327112004529484e-06, 'batch_size': 641, 'optimizer': 'Adam'}. Best is trial 37 with value: 0.030943974763693986.
2026-05-20 00:37:33,739 - experiment_functions - INFO - Early stopping at epoch 650. Best Recall: 0.0183
2026-05-20 00:37:33,892 - optuna.study.study - INFO - Trial 118 finished with value: 0.01828817966813222 and parameters: {'n_layers': 3, 'embedding_dim': 32, 'lr': 0.0014152909927026471, 'lambda_val': 1.169623726608687e-06, 'batch_size': 569, 'optimizer': 'Adam'}. Best is trial 37 with value: 0.030943974763693986.
2026-05-20 00:37:45,771 - experiment_functions - INFO - Early stopping at epoch 900. Best Recall: 0.0286
2026-05-20 00:37:45,872 - optuna.study.study - INFO - Trial 119 finished with value: 0.02855576330446498 and parameters: {'n_layers': 1, 'embedding_dim': 32, 'lr': 0.001224623660382791, 'lambda_val': 1.707560745186865e-06, 'batch_size': 640, 'optimizer': 'Adam'}. Best is trial 37 with value: 0.030943974763693986.
2026-05-20 00:37:53,119 - experiment_functions - INFO - Early stopping at epoch 500. Best Recall: 0.0052
2026-05-20 00:37:53,208 - optuna.study.study - INFO - Trial 120 finished with value: 0.005240811955562694 and parameters: {'n_layers': 1, 'embedding_dim': 32, 'lr': 0.0011734670494757912, 'lambda_val': 1.061195168967564e-06, 'batch_size': 639, 'optimizer': 'SGD'}. Best is trial 37 with value: 0.030943974763693986.
2026-05-20 00:38:02,437 - experiment_functions - INFO - Early stopping at epoch 700. Best Recall: 0.0291
2026-05-20 00:38:02,527 - optuna.study.study - INFO - Trial 121 finished with value: 0.029139321865903622 and parameters: {'n_layers': 1, 'embedding_dim': 32, 'lr': 0.001709828657906705, 'lambda_val': 1.3251764354617475e-06, 'batch_size': 566, 'optimizer': 'Adam'}. Best is trial 37 with value: 0.030943974763693986.
2026-05-20 00:38:12,620 - experiment_functions - INFO - Early stopping at epoch 750. Best Recall: 0.0285
2026-05-20 00:38:12,719 - optuna.study.study - INFO - Trial 122 finished with value: 0.02852612673961521 and parameters: {'n_layers': 1, 'embedding_dim': 32, 'lr': 0.0013077842751408812, 'lambda_val': 1.5467796652261546e-06, 'batch_size': 590, 'optimizer': 'Adam'}. Best is trial 37 with value: 0.030943974763693986.
2026-05-20 00:38:26,213 - experiment_functions - INFO - Early stopping at epoch 1000. Best Recall: 0.0290
2026-05-20 00:38:26,309 - optuna.study.study - INFO - Trial 123 finished with value: 0.029015010752595684 and parameters: {'n_layers': 1, 'embedding_dim': 32, 'lr': 0.0009840287591531588, 'lambda_val': 1.5288824346001753e-06, 'batch_size': 569, 'optimizer': 'Adam'}. Best is trial 37 with value: 0.030943974763693986.
2026-05-20 00:38:37,309 - experiment_functions - INFO - Early stopping at epoch 800. Best Recall: 0.0276
2026-05-20 00:38:37,387 - optuna.study.study - INFO - Trial 124 finished with value: 0.027595895833113976 and parameters: {'n_layers': 1, 'embedding_dim': 128, 'lr': 0.0009189299238143145, 'lambda_val': 1.8248587213803593e-06, 'batch_size': 561, 'optimizer': 'Adam'}. Best is trial 37 with value: 0.030943974763693986.
2026-05-20 00:38:46,533 - experiment_functions - INFO - Early stopping at epoch 700. Best Recall: 0.0282
2026-05-20 00:38:46,661 - optuna.study.study - INFO - Trial 125 finished with value: 0.028233424856836466 and parameters: {'n_layers': 1, 'embedding_dim': 32, 'lr': 0.0018598367478633963, 'lambda_val': 1.4073594299767264e-06, 'batch_size': 703, 'optimizer': 'Adam'}. Best is trial 37 with value: 0.030943974763693986.
2026-05-20 00:38:59,474 - optuna.study._optimize - INFO - Trial 126 pruned. 
2026-05-20 00:39:10,738 - experiment_functions - INFO - Early stopping at epoch 850. Best Recall: 0.0276
2026-05-20 00:39:10,881 - optuna.study.study - INFO - Trial 127 finished with value: 0.02760099123164044 and parameters: {'n_layers': 1, 'embedding_dim': 96, 'lr': 0.0010599902026553832, 'lambda_val': 1.7234782900333681e-06, 'batch_size': 633, 'optimizer': 'Adam'}. Best is trial 37 with value: 0.030943974763693986.
2026-05-20 00:39:18,937 - experiment_functions - INFO - Early stopping at epoch 600. Best Recall: 0.0170
2026-05-20 00:39:19,024 - optuna.study.study - INFO - Trial 128 finished with value: 0.017028349956298695 and parameters: {'n_layers': 1, 'embedding_dim': 32, 'lr': 0.0016907068128076818, 'lambda_val': 0.009039414258852166, 'batch_size': 3175, 'optimizer': 'Adam'}. Best is trial 37 with value: 0.030943974763693986.
2026-05-20 00:39:30,506 - experiment_functions - INFO - Early stopping at epoch 850. Best Recall: 0.0282
2026-05-20 00:39:30,597 - optuna.study.study - INFO - Trial 129 finished with value: 0.02823918743975046 and parameters: {'n_layers': 1, 'embedding_dim': 32, 'lr': 0.001168164049979529, 'lambda_val': 3.366323747700907e-06, 'batch_size': 713, 'optimizer': 'Adam'}. Best is trial 37 with value: 0.030943974763693986.
2026-05-20 00:39:43,756 - experiment_functions - INFO - Early stopping at epoch 1000. Best Recall: 0.0297
2026-05-20 00:39:43,902 - optuna.study.study - INFO - Trial 130 finished with value: 0.02971508973857407 and parameters: {'n_layers': 1, 'embedding_dim': 32, 'lr': 0.0009237219979449666, 'lambda_val': 1.3106946826445442e-06, 'batch_size': 516, 'optimizer': 'RMSprop'}. Best is trial 37 with value: 0.030943974763693986.
2026-05-20 00:39:58,034 - experiment_functions - INFO - Early stopping at epoch 1100. Best Recall: 0.0304
2026-05-20 00:39:58,143 - optuna.study.study - INFO - Trial 131 finished with value: 0.030430358520448987 and parameters: {'n_layers': 1, 'embedding_dim': 32, 'lr': 0.0009668960855382876, 'lambda_val': 1.3881586526785075e-06, 'batch_size': 571, 'optimizer': 'RMSprop'}. Best is trial 37 with value: 0.030943974763693986.
2026-05-20 00:40:15,247 - optuna.study._optimize - INFO - Trial 132 pruned. 
2026-05-20 00:40:42,004 - experiment_functions - INFO - Early stopping at epoch 2200. Best Recall: 0.0304
2026-05-20 00:40:42,094 - optuna.study.study - INFO - Trial 133 finished with value: 0.030372963643619872 and parameters: {'n_layers': 1, 'embedding_dim': 32, 'lr': 0.0005013112234018776, 'lambda_val': 1.254807458794659e-06, 'batch_size': 563, 'optimizer': 'RMSprop'}. Best is trial 37 with value: 0.030943974763693986.
2026-05-20 00:41:00,169 - optuna.study._optimize - INFO - Trial 134 pruned. 
2026-05-20 00:41:23,184 - experiment_functions - INFO - Early stopping at epoch 1850. Best Recall: 0.0303
2026-05-20 00:41:23,283 - optuna.study.study - INFO - Trial 135 finished with value: 0.030342580914078942 and parameters: {'n_layers': 1, 'embedding_dim': 32, 'lr': 0.0005083201200627782, 'lambda_val': 1.2924806017263523e-06, 'batch_size': 675, 'optimizer': 'RMSprop'}. Best is trial 37 with value: 0.030943974763693986.
2026-05-20 00:41:36,709 - optuna.study._optimize - INFO - Trial 136 pruned. 
2026-05-20 00:41:50,067 - experiment_functions - INFO - Early stopping at epoch 1050. Best Recall: 0.0302
2026-05-20 00:41:50,155 - optuna.study.study - INFO - Trial 137 finished with value: 0.030193298888866734 and parameters: {'n_layers': 1, 'embedding_dim': 32, 'lr': 0.0007379174054322927, 'lambda_val': 1.0053558354735466e-06, 'batch_size': 706, 'optimizer': 'RMSprop'}. Best is trial 37 with value: 0.030943974763693986.
2026-05-20 00:42:05,093 - experiment_functions - INFO - Early stopping at epoch 1150. Best Recall: 0.0295
2026-05-20 00:42:05,171 - optuna.study.study - INFO - Trial 138 finished with value: 0.02949843241668602 and parameters: {'n_layers': 1, 'embedding_dim': 32, 'lr': 0.0007306384961840972, 'lambda_val': 1.257317904738047e-06, 'batch_size': 888, 'optimizer': 'RMSprop'}. Best is trial 37 with value: 0.030943974763693986.
2026-05-20 00:42:20,463 - optuna.study._optimize - INFO - Trial 139 pruned. 
2026-05-20 00:42:33,446 - optuna.study._optimize - INFO - Trial 140 pruned. 
2026-05-20 00:42:56,095 - experiment_functions - INFO - Early stopping at epoch 1800. Best Recall: 0.0303
2026-05-20 00:42:56,196 - optuna.study.study - INFO - Trial 141 finished with value: 0.030318229169053485 and parameters: {'n_layers': 1, 'embedding_dim': 32, 'lr': 0.0005661333022751098, 'lambda_val': 1.2181110481748228e-06, 'batch_size': 657, 'optimizer': 'RMSprop'}. Best is trial 37 with value: 0.030943974763693986.
2026-05-20 00:43:22,210 - experiment_functions - INFO - Early stopping at epoch 2050. Best Recall: 0.0304
2026-05-20 00:43:22,300 - optuna.study.study - INFO - Trial 142 finished with value: 0.030373926116588592 and parameters: {'n_layers': 1, 'embedding_dim': 32, 'lr': 0.0005617927843827106, 'lambda_val': 1.266086554448447e-06, 'batch_size': 710, 'optimizer': 'RMSprop'}. Best is trial 37 with value: 0.030943974763693986.
2026-05-20 00:43:39,068 - optuna.study._optimize - INFO - Trial 143 pruned. 
2026-05-20 00:43:55,960 - optuna.study._optimize - INFO - Trial 144 pruned. 
2026-05-20 00:44:09,376 - optuna.study._optimize - INFO - Trial 145 pruned. 
2026-05-20 00:44:30,613 - experiment_functions - INFO - Early stopping at epoch 1650. Best Recall: 0.0304
2026-05-20 00:44:30,712 - optuna.study.study - INFO - Trial 146 finished with value: 0.030430614777325168 and parameters: {'n_layers': 1, 'embedding_dim': 32, 'lr': 0.0005459675168175529, 'lambda_val': 2.1604365648413923e-06, 'batch_size': 661, 'optimizer': 'RMSprop'}. Best is trial 37 with value: 0.030943974763693986.
2026-05-20 00:44:44,787 - optuna.study._optimize - INFO - Trial 147 pruned. 
2026-05-20 00:44:58,944 - optuna.study._optimize - INFO - Trial 148 pruned. 
2026-05-20 00:45:12,057 - optuna.study._optimize - INFO - Trial 149 pruned. 
2026-05-20 00:45:28,853 - optuna.study._optimize - INFO - Trial 150 pruned. 
2026-05-20 00:45:35,887 - experiment_functions - INFO - Early stopping at epoch 500. Best Recall: 0.0059
2026-05-20 00:45:36,000 - optuna.study.study - INFO - Trial 151 finished with value: 0.005866749493674056 and parameters: {'n_layers': 1, 'embedding_dim': 32, 'lr': 0.0006360631102914779, 'lambda_val': 0.06272534373875902, 'batch_size': 628, 'optimizer': 'RMSprop'}. Best is trial 37 with value: 0.030943974763693986.
2026-05-20 00:45:52,868 - optuna.study._optimize - INFO - Trial 152 pruned. 
2026-05-20 00:46:19,735 - experiment_functions - INFO - Early stopping at epoch 2150. Best Recall: 0.0306
2026-05-20 00:46:19,824 - optuna.study.study - INFO - Trial 153 finished with value: 0.030553201152167257 and parameters: {'n_layers': 1, 'embedding_dim': 32, 'lr': 0.0005363686828654061, 'lambda_val': 1.942386811856766e-06, 'batch_size': 607, 'optimizer': 'RMSprop'}. Best is trial 37 with value: 0.030943974763693986.
2026-05-20 00:46:43,652 - experiment_functions - INFO - Early stopping at epoch 1850. Best Recall: 0.0303
2026-05-20 00:46:43,740 - optuna.study.study - INFO - Trial 154 finished with value: 0.030300115757342653 and parameters: {'n_layers': 1, 'embedding_dim': 32, 'lr': 0.0005091705633140037, 'lambda_val': 2.1640584909145645e-06, 'batch_size': 661, 'optimizer': 'RMSprop'}. Best is trial 37 with value: 0.030943974763693986.
2026-05-20 00:47:08,355 - optuna.study._optimize - INFO - Trial 155 pruned. 
2026-05-20 00:47:22,230 - optuna.study._optimize - INFO - Trial 156 pruned. 
2026-05-20 00:47:35,127 - optuna.study._optimize - INFO - Trial 157 pruned. 
2026-05-20 00:47:48,719 - optuna.study._optimize - INFO - Trial 158 pruned. 
2026-05-20 00:47:58,892 - experiment_functions - INFO - Early stopping at epoch 700. Best Recall: 0.0175
2026-05-20 00:47:59,000 - optuna.study.study - INFO - Trial 159 finished with value: 0.01745910331995457 and parameters: {'n_layers': 1, 'embedding_dim': 32, 'lr': 0.000680015184205766, 'lambda_val': 1.799759529105752e-06, 'batch_size': 3642, 'optimizer': 'RMSprop'}. Best is trial 37 with value: 0.030943974763693986.
2026-05-20 00:48:19,815 - experiment_functions - INFO - Early stopping at epoch 1650. Best Recall: 0.0305
2026-05-20 00:48:19,904 - optuna.study.study - INFO - Trial 160 finished with value: 0.03047540261157729 and parameters: {'n_layers': 1, 'embedding_dim': 32, 'lr': 0.0005649282085956294, 'lambda_val': 1.2249351416816957e-06, 'batch_size': 616, 'optimizer': 'RMSprop'}. Best is trial 37 with value: 0.030943974763693986.
2026-05-20 00:48:41,577 - experiment_functions - INFO - Early stopping at epoch 1650. Best Recall: 0.0305
2026-05-20 00:48:41,666 - optuna.study.study - INFO - Trial 161 finished with value: 0.030543663185739027 and parameters: {'n_layers': 1, 'embedding_dim': 32, 'lr': 0.0005670499960650089, 'lambda_val': 1.0006207963073826e-06, 'batch_size': 629, 'optimizer': 'RMSprop'}. Best is trial 37 with value: 0.030943974763693986.
2026-05-20 00:48:55,201 - optuna.study._optimize - INFO - Trial 162 pruned. 
2026-05-20 00:49:08,340 - optuna.study._optimize - INFO - Trial 163 pruned. 
2026-05-20 00:49:21,292 - optuna.study._optimize - INFO - Trial 164 pruned. 
2026-05-20 00:49:47,182 - experiment_functions - INFO - Early stopping at epoch 2100. Best Recall: 0.0305
2026-05-20 00:49:47,272 - optuna.study.study - INFO - Trial 165 finished with value: 0.030545900118156187 and parameters: {'n_layers': 1, 'embedding_dim': 32, 'lr': 0.00045041655635643014, 'lambda_val': 2.6414561767993356e-06, 'batch_size': 593, 'optimizer': 'RMSprop'}. Best is trial 37 with value: 0.030943974763693986.
2026-05-20 00:50:00,417 - optuna.study._optimize - INFO - Trial 166 pruned. 
2026-05-20 00:50:13,408 - optuna.study._optimize - INFO - Trial 167 pruned. 
2026-05-20 00:50:37,384 - experiment_functions - INFO - Early stopping at epoch 1850. Best Recall: 0.0307
2026-05-20 00:50:37,486 - optuna.study.study - INFO - Trial 168 finished with value: 0.03067518334759271 and parameters: {'n_layers': 1, 'embedding_dim': 32, 'lr': 0.0004947365191019901, 'lambda_val': 1.9543514347714713e-06, 'batch_size': 607, 'optimizer': 'RMSprop'}. Best is trial 37 with value: 0.030943974763693986.
2026-05-20 00:50:51,430 - optuna.study._optimize - INFO - Trial 169 pruned. 
2026-05-20 00:51:05,034 - optuna.study._optimize - INFO - Trial 170 pruned. 
2026-05-20 00:51:18,837 - optuna.study._optimize - INFO - Trial 171 pruned. 
2026-05-20 00:51:32,429 - optuna.study._optimize - INFO - Trial 172 pruned. 
2026-05-20 00:51:47,159 - optuna.study._optimize - INFO - Trial 173 pruned. 
2026-05-20 00:51:57,772 - experiment_functions - INFO - Early stopping at epoch 800. Best Recall: 0.0190
2026-05-20 00:51:57,861 - optuna.study.study - INFO - Trial 174 finished with value: 0.01903470631770969 and parameters: {'n_layers': 1, 'embedding_dim': 32, 'lr': 0.0004999050787586545, 'lambda_val': 1.00405755861149e-06, 'batch_size': 4030, 'optimizer': 'RMSprop'}. Best is trial 37 with value: 0.030943974763693986.
2026-05-20 00:52:10,887 - optuna.study._optimize - INFO - Trial 175 pruned. 
2026-05-20 00:52:25,662 - optuna.study._optimize - INFO - Trial 176 pruned. 
2026-05-20 00:52:38,939 - optuna.study._optimize - INFO - Trial 177 pruned. 
2026-05-20 00:52:54,117 - optuna.study._optimize - INFO - Trial 178 pruned. 
2026-05-20 00:53:08,332 - optuna.study._optimize - INFO - Trial 179 pruned. 
2026-05-20 00:53:21,039 - optuna.study._optimize - INFO - Trial 180 pruned. 
2026-05-20 00:53:34,475 - optuna.study._optimize - INFO - Trial 181 pruned. 
2026-05-20 00:53:58,835 - experiment_functions - INFO - Early stopping at epoch 1950. Best Recall: 0.0304
2026-05-20 00:53:58,938 - optuna.study.study - INFO - Trial 182 finished with value: 0.030442510235171503 and parameters: {'n_layers': 1, 'embedding_dim': 32, 'lr': 0.0006634954934940447, 'lambda_val': 1.5583204102202397e-06, 'batch_size': 521, 'optimizer': 'RMSprop'}. Best is trial 37 with value: 0.030943974763693986.
2026-05-20 00:54:13,843 - optuna.study._optimize - INFO - Trial 183 pruned. 
2026-05-20 00:54:26,907 - optuna.study._optimize - INFO - Trial 184 pruned. 
2026-05-20 00:54:40,178 - optuna.study._optimize - INFO - Trial 185 pruned. 
2026-05-20 00:54:56,058 - optuna.study._optimize - INFO - Trial 186 pruned. 
2026-05-20 00:55:08,806 - optuna.study._optimize - INFO - Trial 187 pruned. 
2026-05-20 00:55:22,422 - optuna.study._optimize - INFO - Trial 188 pruned. 
2026-05-20 00:55:36,721 - optuna.study._optimize - INFO - Trial 189 pruned. 
2026-05-20 00:55:43,648 - experiment_functions - INFO - Early stopping at epoch 500. Best Recall: 0.0047
2026-05-20 00:55:43,740 - optuna.study.study - INFO - Trial 190 finished with value: 0.004660705678816749 and parameters: {'n_layers': 1, 'embedding_dim': 32, 'lr': 0.00034467758573486257, 'lambda_val': 1.1896410255819735e-06, 'batch_size': 583, 'optimizer': 'SGD'}. Best is trial 37 with value: 0.030943974763693986.
2026-05-20 00:55:58,360 - optuna.study._optimize - INFO - Trial 191 pruned. 
2026-05-20 00:56:17,168 - experiment_functions - INFO - Early stopping at epoch 1450. Best Recall: 0.0308
2026-05-20 00:56:17,271 - optuna.study.study - INFO - Trial 192 finished with value: 0.030772631347789643 and parameters: {'n_layers': 1, 'embedding_dim': 32, 'lr': 0.0007260624100639453, 'lambda_val': 1.0270379031188263e-06, 'batch_size': 513, 'optimizer': 'RMSprop'}. Best is trial 37 with value: 0.030943974763693986.
2026-05-20 00:56:32,074 - optuna.study._optimize - INFO - Trial 193 pruned. 
2026-05-20 00:56:46,967 - optuna.study._optimize - INFO - Trial 194 pruned. 
2026-05-20 00:56:59,788 - optuna.study._optimize - INFO - Trial 195 pruned. 
2026-05-20 00:57:14,969 - optuna.study._optimize - INFO - Trial 196 pruned. 
2026-05-20 00:57:27,912 - optuna.study._optimize - INFO - Trial 197 pruned. 
2026-05-20 00:57:41,248 - optuna.study._optimize - INFO - Trial 198 pruned. 
2026-05-20 00:57:54,997 - optuna.study._optimize - INFO - Trial 199 pruned. 
2026-05-20 00:58:08,315 - optuna.study._optimize - INFO - Trial 200 pruned. 
2026-05-20 00:58:21,336 - optuna.study._optimize - INFO - Trial 201 pruned. 
2026-05-20 00:58:43,432 - experiment_functions - INFO - Early stopping at epoch 1750. Best Recall: 0.0307
2026-05-20 00:58:43,536 - optuna.study.study - INFO - Trial 202 finished with value: 0.0306971896676831 and parameters: {'n_layers': 1, 'embedding_dim': 32, 'lr': 0.0007482779188401392, 'lambda_val': 1.4350606651920264e-06, 'batch_size': 650, 'optimizer': 'RMSprop'}. Best is trial 37 with value: 0.030943974763693986.
2026-05-20 00:58:56,431 - optuna.study._optimize - INFO - Trial 203 pruned. 
2026-05-20 00:59:10,229 - optuna.study._optimize - INFO - Trial 204 pruned. 
2026-05-20 00:59:25,446 - optuna.study._optimize - INFO - Trial 205 pruned. 
2026-05-20 00:59:38,565 - optuna.study._optimize - INFO - Trial 206 pruned. 
2026-05-20 00:59:52,056 - optuna.study._optimize - INFO - Trial 207 pruned. 
2026-05-20 01:00:04,930 - optuna.study._optimize - INFO - Trial 208 pruned. 
2026-05-20 01:00:33,925 - experiment_functions - INFO - Early stopping at epoch 2250. Best Recall: 0.0306
2026-05-20 01:00:34,107 - optuna.study.study - INFO - Trial 209 finished with value: 0.030618000545394236 and parameters: {'n_layers': 1, 'embedding_dim': 32, 'lr': 0.0005361894497795822, 'lambda_val': 1.8689595652228334e-06, 'batch_size': 581, 'optimizer': 'RMSprop'}. Best is trial 37 with value: 0.030943974763693986.
2026-05-20 01:00:47,231 - optuna.study._optimize - INFO - Trial 210 pruned. 
2026-05-20 01:01:01,427 - optuna.study._optimize - INFO - Trial 211 pruned. 
2026-05-20 01:01:15,229 - optuna.study._optimize - INFO - Trial 212 pruned. 
2026-05-20 01:01:28,634 - optuna.study._optimize - INFO - Trial 213 pruned. 
2026-05-20 01:01:44,424 - optuna.study._optimize - INFO - Trial 214 pruned. 
2026-05-20 01:01:57,246 - optuna.study._optimize - INFO - Trial 215 pruned. 
2026-05-20 01:02:07,745 - experiment_functions - INFO - Early stopping at epoch 800. Best Recall: 0.0289
2026-05-20 01:02:07,838 - optuna.study.study - INFO - Trial 216 finished with value: 0.02888851735211981 and parameters: {'n_layers': 1, 'embedding_dim': 32, 'lr': 0.0010553280529853714, 'lambda_val': 2.1823143911285716e-06, 'batch_size': 622, 'optimizer': 'RMSprop'}. Best is trial 37 with value: 0.030943974763693986.
2026-05-20 01:02:21,421 - optuna.study._optimize - INFO - Trial 217 pruned. 
2026-05-20 01:02:34,408 - optuna.study._optimize - INFO - Trial 218 pruned. 
2026-05-20 01:02:47,854 - optuna.study._optimize - INFO - Trial 219 pruned. 
2026-05-20 01:03:01,532 - optuna.study._optimize - INFO - Trial 220 pruned. 
2026-05-20 01:03:15,243 - optuna.study._optimize - INFO - Trial 221 pruned. 
2026-05-20 01:03:34,711 - optuna.study._optimize - INFO - Trial 222 pruned. 
2026-05-20 01:03:48,189 - optuna.study._optimize - INFO - Trial 223 pruned. 
2026-05-20 01:03:54,986 - experiment_functions - INFO - Early stopping at epoch 500. Best Recall: 0.0049
2026-05-20 01:03:55,079 - optuna.study.study - INFO - Trial 224 finished with value: 0.004879782472970256 and parameters: {'n_layers': 1, 'embedding_dim': 32, 'lr': 0.0005482981187977057, 'lambda_val': 0.00219820965007349, 'batch_size': 591, 'optimizer': 'SGD'}. Best is trial 37 with value: 0.030943974763693986.
2026-05-20 01:04:08,653 - optuna.study._optimize - INFO - Trial 225 pruned. 
2026-05-20 01:04:22,054 - optuna.study._optimize - INFO - Trial 226 pruned. 
2026-05-20 01:04:34,472 - experiment_functions - INFO - Early stopping at epoch 900. Best Recall: 0.0299
2026-05-20 01:04:34,588 - optuna.study.study - INFO - Trial 227 finished with value: 0.02990060871313028 and parameters: {'n_layers': 1, 'embedding_dim': 32, 'lr': 0.0008635213811656605, 'lambda_val': 1.4900779086922716e-06, 'batch_size': 720, 'optimizer': 'RMSprop'}. Best is trial 37 with value: 0.030943974763693986.
2026-05-20 01:04:51,192 - optuna.study._optimize - INFO - Trial 228 pruned. 
2026-05-20 01:05:04,051 - optuna.study._optimize - INFO - Trial 229 pruned. 
2026-05-20 01:05:20,039 - optuna.study._optimize - INFO - Trial 230 pruned. 
2026-05-20 01:05:33,682 - optuna.study._optimize - INFO - Trial 231 pruned. 
2026-05-20 01:05:44,485 - experiment_functions - INFO - Early stopping at epoch 800. Best Recall: 0.0286
2026-05-20 01:05:44,650 - optuna.study.study - INFO - Trial 232 finished with value: 0.028644172335449435 and parameters: {'n_layers': 1, 'embedding_dim': 32, 'lr': 0.0010919658528685627, 'lambda_val': 1.2869089202398868e-06, 'batch_size': 636, 'optimizer': 'RMSprop'}. Best is trial 37 with value: 0.030943974763693986.
2026-05-20 01:05:58,564 - optuna.study._optimize - INFO - Trial 233 pruned. 
2026-05-20 01:06:12,480 - optuna.study._optimize - INFO - Trial 234 pruned. 
2026-05-20 01:06:26,604 - optuna.study._optimize - INFO - Trial 235 pruned. 
2026-05-20 01:06:40,492 - optuna.study._optimize - INFO - Trial 236 pruned. 
2026-05-20 01:06:53,727 - optuna.study._optimize - INFO - Trial 237 pruned. 
2026-05-20 01:07:11,243 - experiment_functions - INFO - Early stopping at epoch 1350. Best Recall: 0.0309
2026-05-20 01:07:11,335 - optuna.study.study - INFO - Trial 238 finished with value: 0.030934748786401307 and parameters: {'n_layers': 1, 'embedding_dim': 32, 'lr': 0.0006398334313932572, 'lambda_val': 2.0830311897287653e-06, 'batch_size': 512, 'optimizer': 'RMSprop'}. Best is trial 37 with value: 0.030943974763693986.
2026-05-20 01:07:38,691 - experiment_functions - INFO - Early stopping at epoch 2200. Best Recall: 0.0308
2026-05-20 01:07:38,806 - optuna.study.study - INFO - Trial 239 finished with value: 0.03081645489145349 and parameters: {'n_layers': 1, 'embedding_dim': 32, 'lr': 0.0004156545863489539, 'lambda_val': 2.3930545040395477e-06, 'batch_size': 652, 'optimizer': 'RMSprop'}. Best is trial 37 with value: 0.030943974763693986.
2026-05-20 01:07:52,988 - optuna.study._optimize - INFO - Trial 240 pruned. 
2026-05-20 01:08:16,903 - experiment_functions - INFO - Early stopping at epoch 1900. Best Recall: 0.0312
2026-05-20 01:08:17,010 - optuna.study.study - INFO - Trial 241 finished with value: 0.03121229047829421 and parameters: {'n_layers': 1, 'embedding_dim': 32, 'lr': 0.0004957662613774472, 'lambda_val': 2.1868721964609906e-06, 'batch_size': 513, 'optimizer': 'RMSprop'}. Best is trial 241 with value: 0.03121229047829421.
2026-05-20 01:08:32,962 - optuna.study._optimize - INFO - Trial 242 pruned. 
2026-05-20 01:08:47,948 - optuna.study._optimize - INFO - Trial 243 pruned. 
2026-05-20 01:09:12,680 - experiment_functions - INFO - Early stopping at epoch 2000. Best Recall: 0.0305
2026-05-20 01:09:12,784 - optuna.study.study - INFO - Trial 244 finished with value: 0.030481872228130785 and parameters: {'n_layers': 1, 'embedding_dim': 32, 'lr': 0.00043243303038240945, 'lambda_val': 2.454980875793229e-06, 'batch_size': 512, 'optimizer': 'RMSprop'}. Best is trial 241 with value: 0.03121229047829421.
2026-05-20 01:09:26,381 - optuna.study._optimize - INFO - Trial 245 pruned. 
2026-05-20 01:09:39,591 - optuna.study._optimize - INFO - Trial 246 pruned. 
2026-05-20 01:09:53,311 - optuna.study._optimize - INFO - Trial 247 pruned. 
2026-05-20 01:10:26,458 - experiment_functions - INFO - Early stopping at epoch 2700. Best Recall: 0.0306
2026-05-20 01:10:26,574 - optuna.study.study - INFO - Trial 248 finished with value: 0.030644192502727655 and parameters: {'n_layers': 1, 'embedding_dim': 32, 'lr': 0.0004647182279880579, 'lambda_val': 3.0401542866702852e-06, 'batch_size': 648, 'optimizer': 'RMSprop'}. Best is trial 241 with value: 0.03121229047829421.
2026-05-20 01:10:41,125 - optuna.study._optimize - INFO - Trial 249 pruned. 
2026-05-20 01:10:54,396 - optuna.study._optimize - INFO - Trial 250 pruned. 
2026-05-20 01:11:07,338 - experiment_functions - INFO - Early stopping at epoch 950. Best Recall: 0.0282
2026-05-20 01:11:07,441 - optuna.study.study - INFO - Trial 251 finished with value: 0.028195745101271458 and parameters: {'n_layers': 1, 'embedding_dim': 128, 'lr': 0.0006158417728573789, 'lambda_val': 1.9763138335258297e-06, 'batch_size': 657, 'optimizer': 'RMSprop'}. Best is trial 241 with value: 0.03121229047829421.
2026-05-20 01:11:20,819 - optuna.study._optimize - INFO - Trial 252 pruned. 
2026-05-20 01:11:34,060 - optuna.study._optimize - INFO - Trial 253 pruned. 
2026-05-20 01:11:48,688 - optuna.study._optimize - INFO - Trial 254 pruned. 
2026-05-20 01:11:55,851 - experiment_functions - INFO - Early stopping at epoch 500. Best Recall: 0.0057
2026-05-20 01:11:55,954 - optuna.study.study - INFO - Trial 255 finished with value: 0.005702813773936633 and parameters: {'n_layers': 1, 'embedding_dim': 32, 'lr': 0.00040128059721636594, 'lambda_val': 2.4572557381568315e-06, 'batch_size': 581, 'optimizer': 'SGD'}. Best is trial 241 with value: 0.03121229047829421.
2026-05-20 01:12:09,786 - optuna.study._optimize - INFO - Trial 256 pruned. 
2026-05-20 01:12:23,949 - optuna.study._optimize - INFO - Trial 257 pruned. 
2026-05-20 01:12:37,610 - optuna.study._optimize - INFO - Trial 258 pruned. 
2026-05-20 01:12:59,782 - optuna.study._optimize - INFO - Trial 259 pruned. 
2026-05-20 01:13:13,300 - optuna.study._optimize - INFO - Trial 260 pruned. 
2026-05-20 01:13:26,449 - optuna.study._optimize - INFO - Trial 261 pruned. 
2026-05-20 01:13:40,113 - optuna.study._optimize - INFO - Trial 262 pruned. 
2026-05-20 01:14:12,298 - experiment_functions - INFO - Early stopping at epoch 1850. Best Recall: 0.0305
2026-05-20 01:14:12,389 - optuna.study.study - INFO - Trial 263 finished with value: 0.030465725106673055 and parameters: {'n_layers': 1, 'embedding_dim': 32, 'lr': 0.0006684919753507072, 'lambda_val': 2.201224617297853e-06, 'batch_size': 512, 'optimizer': 'RMSprop'}. Best is trial 241 with value: 0.03121229047829421.
2026-05-20 01:14:34,472 - experiment_functions - INFO - Early stopping at epoch 1750. Best Recall: 0.0314
2026-05-20 01:14:34,573 - optuna.study.study - INFO - Trial 264 finished with value: 0.031420010681249416 and parameters: {'n_layers': 1, 'embedding_dim': 32, 'lr': 0.0007028236273820696, 'lambda_val': 2.473575536290199e-06, 'batch_size': 513, 'optimizer': 'RMSprop'}. Best is trial 264 with value: 0.031420010681249416.
2026-05-20 01:14:47,186 - optuna.study._optimize - INFO - Trial 265 pruned. 
2026-05-20 01:15:17,093 - experiment_functions - INFO - Early stopping at epoch 2500. Best Recall: 0.0306
2026-05-20 01:15:17,195 - optuna.study.study - INFO - Trial 266 finished with value: 0.030646453522213967 and parameters: {'n_layers': 1, 'embedding_dim': 32, 'lr': 0.0007334437064371323, 'lambda_val': 2.74431452718408e-06, 'batch_size': 513, 'optimizer': 'RMSprop'}. Best is trial 264 with value: 0.031420010681249416.
2026-05-20 01:15:29,412 - optuna.study._optimize - INFO - Trial 267 pruned. 
2026-05-20 01:15:42,120 - optuna.study._optimize - INFO - Trial 268 pruned. 
2026-05-20 01:15:55,290 - optuna.study._optimize - INFO - Trial 269 pruned. 
2026-05-20 01:16:08,885 - optuna.study._optimize - INFO - Trial 270 pruned. 
2026-05-20 01:16:48,154 - experiment_functions - INFO - Early stopping at epoch 2250. Best Recall: 0.0308
2026-05-20 01:16:48,476 - optuna.study.study - INFO - Trial 271 finished with value: 0.030815999018103057 and parameters: {'n_layers': 1, 'embedding_dim': 32, 'lr': 0.0005759261874941792, 'lambda_val': 3.7381125568148e-06, 'batch_size': 580, 'optimizer': 'RMSprop'}. Best is trial 264 with value: 0.031420010681249416.
2026-05-20 01:17:02,195 - optuna.study._optimize - INFO - Trial 272 pruned. 
2026-05-20 01:17:10,916 - experiment_functions - INFO - Early stopping at epoch 500. Best Recall: 0.0059
2026-05-20 01:17:11,017 - optuna.study.study - INFO - Trial 273 finished with value: 0.005892339119949648 and parameters: {'n_layers': 1, 'embedding_dim': 32, 'lr': 0.03492314354314271, 'lambda_val': 3.7905719709255757e-06, 'batch_size': 3411, 'optimizer': 'RMSprop'}. Best is trial 264 with value: 0.031420010681249416.
2026-05-20 01:17:25,005 - optuna.study._optimize - INFO - Trial 274 pruned. 
2026-05-20 01:17:32,697 - experiment_functions - INFO - Early stopping at epoch 550. Best Recall: 0.0213
2026-05-20 01:17:32,788 - optuna.study.study - INFO - Trial 275 finished with value: 0.021297089000426334 and parameters: {'n_layers': 2, 'embedding_dim': 32, 'lr': 0.0009551109888865935, 'lambda_val': 0.0002742295570504639, 'batch_size': 1604, 'optimizer': 'RMSprop'}. Best is trial 264 with value: 0.031420010681249416.
2026-05-20 01:17:40,112 - experiment_functions - INFO - Early stopping at epoch 500. Best Recall: 0.0058
2026-05-20 01:17:40,225 - optuna.study.study - INFO - Trial 276 finished with value: 0.005750777012223654 and parameters: {'n_layers': 1, 'embedding_dim': 32, 'lr': 0.0005973601077130212, 'lambda_val': 3.1543703532718715e-06, 'batch_size': 582, 'optimizer': 'SGD'}. Best is trial 264 with value: 0.031420010681249416.
2026-05-20 01:18:20,095 - experiment_functions - INFO - Early stopping at epoch 2300. Best Recall: 0.0310
2026-05-20 01:18:20,187 - optuna.study.study - INFO - Trial 277 finished with value: 0.031027763195292327 and parameters: {'n_layers': 1, 'embedding_dim': 32, 'lr': 0.00044933106784575237, 'lambda_val': 2.4207737882473154e-06, 'batch_size': 518, 'optimizer': 'RMSprop'}. Best is trial 264 with value: 0.031420010681249416.
2026-05-20 01:18:33,010 - experiment_functions - INFO - Early stopping at epoch 950. Best Recall: 0.0288
2026-05-20 01:18:33,099 - optuna.study.study - INFO - Trial 278 finished with value: 0.02881260903758811 and parameters: {'n_layers': 1, 'embedding_dim': 128, 'lr': 0.00041306526953174133, 'lambda_val': 6.113913109195511e-06, 'batch_size': 617, 'optimizer': 'RMSprop'}. Best is trial 264 with value: 0.031420010681249416.
2026-05-20 01:18:45,336 - experiment_functions - INFO - Early stopping at epoch 900. Best Recall: 0.0299
2026-05-20 01:18:45,440 - optuna.study.study - INFO - Trial 279 finished with value: 0.02991611932331482 and parameters: {'n_layers': 1, 'embedding_dim': 32, 'lr': 0.001155461230119968, 'lambda_val': 2.6432039934922383e-06, 'batch_size': 523, 'optimizer': 'RMSprop'}. Best is trial 264 with value: 0.031420010681249416.
2026-05-20 01:18:58,508 - optuna.study._optimize - INFO - Trial 280 pruned. 
2026-05-20 01:19:11,960 - optuna.study._optimize - INFO - Trial 281 pruned. 
2026-05-20 01:19:25,398 - optuna.study._optimize - INFO - Trial 282 pruned. 
2026-05-20 01:19:39,087 - optuna.study._optimize - INFO - Trial 283 pruned. 
2026-05-20 01:19:53,088 - optuna.study._optimize - INFO - Trial 284 pruned. 
2026-05-20 01:20:06,029 - optuna.study._optimize - INFO - Trial 285 pruned. 
2026-05-20 01:20:32,277 - experiment_functions - INFO - Early stopping at epoch 2050. Best Recall: 0.0310
2026-05-20 01:20:32,378 - optuna.study.study - INFO - Trial 286 finished with value: 0.0310259099227778 and parameters: {'n_layers': 1, 'embedding_dim': 32, 'lr': 0.0005429485090492118, 'lambda_val': 4.4206989859918645e-06, 'batch_size': 659, 'optimizer': 'RMSprop'}. Best is trial 264 with value: 0.031420010681249416.
2026-05-20 01:20:45,808 - optuna.study._optimize - INFO - Trial 287 pruned. 
2026-05-20 01:20:58,884 - optuna.study._optimize - INFO - Trial 288 pruned. 
2026-05-20 01:21:12,501 - optuna.study._optimize - INFO - Trial 289 pruned. 
2026-05-20 01:21:25,501 - optuna.study._optimize - INFO - Trial 290 pruned. 
2026-05-20 01:21:38,480 - optuna.study._optimize - INFO - Trial 291 pruned. 
2026-05-20 01:21:51,904 - optuna.study._optimize - INFO - Trial 292 pruned. 
2026-05-20 01:22:05,073 - optuna.study._optimize - INFO - Trial 293 pruned. 
2026-05-20 01:22:11,993 - experiment_functions - INFO - Early stopping at epoch 500. Best Recall: 0.0045
2026-05-20 01:22:12,094 - optuna.study.study - INFO - Trial 294 finished with value: 0.004461638320750967 and parameters: {'n_layers': 1, 'embedding_dim': 32, 'lr': 3.823959206360135e-05, 'lambda_val': 5.199363364155738e-06, 'batch_size': 751, 'optimizer': 'RMSprop'}. Best is trial 264 with value: 0.031420010681249416.
2026-05-20 01:22:28,477 - experiment_functions - INFO - Early stopping at epoch 1200. Best Recall: 0.0305
2026-05-20 01:22:28,585 - optuna.study.study - INFO - Trial 295 finished with value: 0.03053031884302179 and parameters: {'n_layers': 1, 'embedding_dim': 32, 'lr': 0.0008174882945182642, 'lambda_val': 3.5066737825674843e-06, 'batch_size': 634, 'optimizer': 'RMSprop'}. Best is trial 264 with value: 0.031420010681249416.
2026-05-20 01:22:41,767 - optuna.study._optimize - INFO - Trial 296 pruned. 
2026-05-20 01:22:53,837 - experiment_functions - INFO - Early stopping at epoch 900. Best Recall: 0.0288
2026-05-20 01:22:53,926 - optuna.study.study - INFO - Trial 297 finished with value: 0.028847761539978447 and parameters: {'n_layers': 1, 'embedding_dim': 32, 'lr': 0.0008259852804863063, 'lambda_val': 4.005983469537559e-06, 'batch_size': 827, 'optimizer': 'RMSprop'}. Best is trial 264 with value: 0.031420010681249416.
2026-05-20 01:23:07,130 - optuna.study._optimize - INFO - Trial 298 pruned. 
2026-05-20 01:23:20,113 - optuna.study._optimize - INFO - Trial 299 pruned. 
2026-05-20 01:23:20,114 - experiment_functions - INFO - Training the best model ... for e_1M_1c1dcs_strict
2026-05-20 01:23:33,154 - experiment_functions - INFO - Early stopping at epoch 1300. Best Recall: 0.0303
2026-05-20 01:23:33,928 - root - INFO -   ** Getting the trainable edges:
2026-05-20 01:23:33,949 - helper_functions - INFO -      Number of nodes: 4740
2026-05-20 01:23:33,950 - helper_functions - INFO -      Ratio: 0.4863533757438949
2026-05-20 01:23:33,950 - helper_functions - INFO -      Number of unique users: 3156
2026-05-20 01:23:33,950 - helper_functions - INFO -      Number of unique items: 1584
2026-05-20 01:23:33,950 - helper_functions - INFO -      Total dominant set edge: 234063
2026-05-20 01:23:33,950 - helper_functions - INFO -      Trainable edges: 187250.40000000002
2026-05-20 01:23:34,020 - root - INFO -   **** Getting 234063 dominant set edges
2026-05-20 01:23:34,151 - optuna.storages._rdb.storage - INFO - A new study created in RDB with name: Study_e_1M_1c1dcs
2026-05-20 01:23:42,115 - experiment_functions - INFO - Early stopping at epoch 500. Best Recall: 0.0055
2026-05-20 01:23:42,225 - optuna.study.study - INFO - Trial 0 finished with value: 0.0055234581973947865 and parameters: {'n_layers': 1, 'embedding_dim': 256, 'lr': 0.00023792170504027707, 'lambda_val': 0.0003938168403248559, 'batch_size': 596, 'optimizer': 'SGD'}. Best is trial 0 with value: 0.0055234581973947865.
2026-05-20 01:24:11,496 - experiment_functions - INFO - Early stopping at epoch 2300. Best Recall: 0.0247
2026-05-20 01:24:11,591 - optuna.study.study - INFO - Trial 1 finished with value: 0.024748929051458906 and parameters: {'n_layers': 1, 'embedding_dim': 64, 'lr': 0.014825874765314606, 'lambda_val': 0.03499559849252326, 'batch_size': 2993, 'optimizer': 'Adam'}. Best is trial 1 with value: 0.024748929051458906.
2026-05-20 01:24:20,883 - experiment_functions - INFO - Early stopping at epoch 500. Best Recall: 0.0054
2026-05-20 01:24:21,647 - optuna.study.study - INFO - Trial 2 finished with value: 0.00539298273752845 and parameters: {'n_layers': 1, 'embedding_dim': 256, 'lr': 2.595926118114184e-05, 'lambda_val': 0.031744688864033234, 'batch_size': 1177, 'optimizer': 'RMSprop'}. Best is trial 1 with value: 0.024748929051458906.
2026-05-20 01:25:26,219 - optuna.study.study - INFO - Trial 3 finished with value: 0.007265518220760418 and parameters: {'n_layers': 3, 'embedding_dim': 96, 'lr': 3.311015952345367e-05, 'lambda_val': 1.296506172501824e-05, 'batch_size': 1859, 'optimizer': 'RMSprop'}. Best is trial 1 with value: 0.024748929051458906.
2026-05-20 01:25:45,726 - experiment_functions - INFO - Early stopping at epoch 1000. Best Recall: 0.0400
2026-05-20 01:25:45,809 - optuna.study.study - INFO - Trial 4 finished with value: 0.04001955580076026 and parameters: {'n_layers': 4, 'embedding_dim': 256, 'lr': 0.00600583813403925, 'lambda_val': 0.00048438334397459356, 'batch_size': 1939, 'optimizer': 'RMSprop'}. Best is trial 4 with value: 0.04001955580076026.
2026-05-20 01:25:53,040 - experiment_functions - INFO - Early stopping at epoch 500. Best Recall: 0.0058
2026-05-20 01:25:53,140 - optuna.study.study - INFO - Trial 5 finished with value: 0.005824795749931276 and parameters: {'n_layers': 1, 'embedding_dim': 64, 'lr': 4.79933352211134e-05, 'lambda_val': 0.0015062651945447034, 'batch_size': 3993, 'optimizer': 'Adam'}. Best is trial 4 with value: 0.04001955580076026.
2026-05-20 01:26:01,002 - experiment_functions - INFO - Early stopping at epoch 500. Best Recall: 0.0053
2026-05-20 01:26:01,139 - optuna.study.study - INFO - Trial 6 finished with value: 0.0052839304744327405 and parameters: {'n_layers': 3, 'embedding_dim': 96, 'lr': 0.0009514252892078593, 'lambda_val': 0.0995222553137116, 'batch_size': 1221, 'optimizer': 'SGD'}. Best is trial 4 with value: 0.04001955580076026.
2026-05-20 01:26:31,858 - experiment_functions - INFO - Early stopping at epoch 2050. Best Recall: 0.0458
2026-05-20 01:26:31,966 - optuna.study.study - INFO - Trial 7 finished with value: 0.04579876345690196 and parameters: {'n_layers': 2, 'embedding_dim': 128, 'lr': 0.00016661035125341254, 'lambda_val': 1.18496882250038e-05, 'batch_size': 4042, 'optimizer': 'Adam'}. Best is trial 7 with value: 0.04579876345690196.
2026-05-20 01:26:53,972 - optuna.study._optimize - INFO - Trial 8 pruned. 
2026-05-20 01:27:05,618 - experiment_functions - INFO - Early stopping at epoch 700. Best Recall: 0.0054
2026-05-20 01:27:05,719 - optuna.study.study - INFO - Trial 9 finished with value: 0.005448646660421909 and parameters: {'n_layers': 1, 'embedding_dim': 96, 'lr': 2.857912857733122e-05, 'lambda_val': 2.614524840331088e-06, 'batch_size': 2689, 'optimizer': 'RMSprop'}. Best is trial 7 with value: 0.04579876345690196.
2026-05-20 01:27:23,156 - experiment_functions - INFO - Early stopping at epoch 1250. Best Recall: 0.0382
2026-05-20 01:27:23,303 - optuna.study.study - INFO - Trial 10 finished with value: 0.038208160332482866 and parameters: {'n_layers': 2, 'embedding_dim': 32, 'lr': 0.00032471896057613056, 'lambda_val': 3.542474234682854e-05, 'batch_size': 4024, 'optimizer': 'Adam'}. Best is trial 7 with value: 0.04579876345690196.
2026-05-20 01:27:41,227 - optuna.study._optimize - INFO - Trial 11 pruned. 
2026-05-20 01:27:51,316 - experiment_functions - INFO - Early stopping at epoch 550. Best Recall: 0.0591
2026-05-20 01:27:51,412 - optuna.study.study - INFO - Trial 12 finished with value: 0.05906928444475848 and parameters: {'n_layers': 2, 'embedding_dim': 256, 'lr': 0.003487472861092147, 'lambda_val': 1.4231622178908051e-06, 'batch_size': 2471, 'optimizer': 'Adam'}. Best is trial 12 with value: 0.05906928444475848.
2026-05-20 01:28:01,046 - experiment_functions - INFO - Early stopping at epoch 600. Best Recall: 0.0543
2026-05-20 01:28:01,204 - optuna.study.study - INFO - Trial 13 finished with value: 0.05434887027305742 and parameters: {'n_layers': 2, 'embedding_dim': 128, 'lr': 0.0016911694050897297, 'lambda_val': 1.0018002919043673e-06, 'batch_size': 3511, 'optimizer': 'Adam'}. Best is trial 12 with value: 0.05906928444475848.
2026-05-20 01:28:11,292 - experiment_functions - INFO - Early stopping at epoch 650. Best Recall: 0.0479
2026-05-20 01:28:11,383 - optuna.study.study - INFO - Trial 14 finished with value: 0.047926884989763836 and parameters: {'n_layers': 2, 'embedding_dim': 32, 'lr': 0.0017754253083734537, 'lambda_val': 1.6608534099294873e-06, 'batch_size': 3358, 'optimizer': 'Adam'}. Best is trial 12 with value: 0.05906928444475848.
2026-05-20 01:28:23,412 - experiment_functions - INFO - Early stopping at epoch 600. Best Recall: 0.0407
2026-05-20 01:28:23,525 - optuna.study.study - INFO - Trial 15 finished with value: 0.040695252741039654 and parameters: {'n_layers': 3, 'embedding_dim': 256, 'lr': 0.0013989434938288157, 'lambda_val': 1.1511785454950396e-06, 'batch_size': 2459, 'optimizer': 'Adam'}. Best is trial 12 with value: 0.05906928444475848.
2026-05-20 01:28:37,977 - experiment_functions - INFO - Early stopping at epoch 950. Best Recall: 0.0056
2026-05-20 01:28:38,113 - optuna.study.study - INFO - Trial 16 finished with value: 0.005564267635200102 and parameters: {'n_layers': 2, 'embedding_dim': 128, 'lr': 0.028482920730242382, 'lambda_val': 7.305251843272476e-06, 'batch_size': 3387, 'optimizer': 'SGD'}. Best is trial 12 with value: 0.05906928444475848.
2026-05-20 01:29:01,045 - experiment_functions - INFO - Early stopping at epoch 1500. Best Recall: 0.0576
2026-05-20 01:29:01,181 - optuna.study.study - INFO - Trial 17 finished with value: 0.057573136065441566 and parameters: {'n_layers': 2, 'embedding_dim': 128, 'lr': 0.004628410935646559, 'lambda_val': 6.229381073131117e-05, 'batch_size': 2968, 'optimizer': 'Adam'}. Best is trial 12 with value: 0.05906928444475848.
2026-05-20 01:29:44,069 - experiment_functions - INFO - Early stopping at epoch 2400. Best Recall: 0.0464
2026-05-20 01:29:44,206 - optuna.study.study - INFO - Trial 18 finished with value: 0.046406850672583114 and parameters: {'n_layers': 3, 'embedding_dim': 256, 'lr': 0.006218129978824795, 'lambda_val': 9.100349640961937e-05, 'batch_size': 2802, 'optimizer': 'Adam'}. Best is trial 12 with value: 0.05906928444475848.
2026-05-20 01:30:02,349 - optuna.study._optimize - INFO - Trial 19 pruned. 
2026-05-20 01:30:10,269 - experiment_functions - INFO - Early stopping at epoch 500. Best Recall: 0.0054
2026-05-20 01:30:10,372 - optuna.study.study - INFO - Trial 20 finished with value: 0.005357795384413628 and parameters: {'n_layers': 3, 'embedding_dim': 64, 'lr': 0.0006864664765570722, 'lambda_val': 0.0030172850669851867, 'batch_size': 1481, 'optimizer': 'SGD'}. Best is trial 12 with value: 0.05906928444475848.
2026-05-20 01:30:19,315 - experiment_functions - INFO - Early stopping at epoch 550. Best Recall: 0.0527
2026-05-20 01:30:19,452 - optuna.study.study - INFO - Trial 21 finished with value: 0.0527162007863504 and parameters: {'n_layers': 2, 'embedding_dim': 128, 'lr': 0.002598156255558451, 'lambda_val': 4.941806819598059e-06, 'batch_size': 3053, 'optimizer': 'Adam'}. Best is trial 12 with value: 0.05906928444475848.
2026-05-20 01:30:48,923 - experiment_functions - INFO - Early stopping at epoch 2000. Best Recall: 0.0605
2026-05-20 01:30:49,017 - optuna.study.study - INFO - Trial 22 finished with value: 0.0604764395447979 and parameters: {'n_layers': 2, 'embedding_dim': 128, 'lr': 0.0032211991362016052, 'lambda_val': 1.0874674477387058e-06, 'batch_size': 3604, 'optimizer': 'Adam'}. Best is trial 22 with value: 0.0604764395447979.
2026-05-20 01:30:57,769 - experiment_functions - INFO - Early stopping at epoch 550. Best Recall: 0.0548
2026-05-20 01:30:57,915 - optuna.study.study - INFO - Trial 23 finished with value: 0.05477253198386249 and parameters: {'n_layers': 2, 'embedding_dim': 128, 'lr': 0.0036252994654982665, 'lambda_val': 2.105100461878972e-05, 'batch_size': 3743, 'optimizer': 'Adam'}. Best is trial 22 with value: 0.0604764395447979.
2026-05-20 01:31:06,751 - experiment_functions - INFO - Early stopping at epoch 550. Best Recall: 0.0263
2026-05-20 01:31:06,898 - optuna.study.study - INFO - Trial 24 finished with value: 0.026264950959320632 and parameters: {'n_layers': 2, 'embedding_dim': 128, 'lr': 0.07101173595674713, 'lambda_val': 3.620505247448423e-06, 'batch_size': 2444, 'optimizer': 'Adam'}. Best is trial 22 with value: 0.0604764395447979.
2026-05-20 01:31:25,519 - optuna.study._optimize - INFO - Trial 25 pruned. 
2026-05-20 01:31:38,227 - experiment_functions - INFO - Early stopping at epoch 800. Best Recall: 0.0492
2026-05-20 01:31:38,319 - optuna.study.study - INFO - Trial 26 finished with value: 0.049237498832289416 and parameters: {'n_layers': 2, 'embedding_dim': 128, 'lr': 0.0005661397912143691, 'lambda_val': 4.154334238236916e-06, 'batch_size': 2675, 'optimizer': 'Adam'}. Best is trial 22 with value: 0.0604764395447979.
2026-05-20 01:31:47,508 - experiment_functions - INFO - Early stopping at epoch 600. Best Recall: 0.0670
2026-05-20 01:31:47,591 - optuna.study.study - INFO - Trial 27 finished with value: 0.06703932618536035 and parameters: {'n_layers': 1, 'embedding_dim': 128, 'lr': 0.003992445233468801, 'lambda_val': 0.0010262522117779655, 'batch_size': 3609, 'optimizer': 'Adam'}. Best is trial 27 with value: 0.06703932618536035.
2026-05-20 01:32:44,697 - optuna.study.study - INFO - Trial 28 finished with value: 0.061376117167172804 and parameters: {'n_layers': 1, 'embedding_dim': 256, 'lr': 0.030980501254982175, 'lambda_val': 0.000824742560653354, 'batch_size': 3736, 'optimizer': 'Adam'}. Best is trial 27 with value: 0.06703932618536035.
2026-05-20 01:32:52,543 - experiment_functions - INFO - Early stopping at epoch 500. Best Recall: 0.0054
2026-05-20 01:32:52,633 - optuna.study.study - INFO - Trial 29 finished with value: 0.005416743695765219 and parameters: {'n_layers': 1, 'embedding_dim': 256, 'lr': 0.040011248383786835, 'lambda_val': 0.0005945719569624234, 'batch_size': 3635, 'optimizer': 'SGD'}. Best is trial 27 with value: 0.06703932618536035.
2026-05-20 01:33:00,319 - experiment_functions - INFO - Early stopping at epoch 500. Best Recall: 0.0052
2026-05-20 01:33:00,420 - optuna.study.study - INFO - Trial 30 finished with value: 0.005227088429935584 and parameters: {'n_layers': 1, 'embedding_dim': 96, 'lr': 0.09317693078708719, 'lambda_val': 0.0010857918639942748, 'batch_size': 601, 'optimizer': 'SGD'}. Best is trial 27 with value: 0.06703932618536035.
2026-05-20 01:34:07,302 - optuna.study.study - INFO - Trial 31 finished with value: 0.05909191600080898 and parameters: {'n_layers': 1, 'embedding_dim': 256, 'lr': 0.01004024283577538, 'lambda_val': 0.005500189125028307, 'batch_size': 3748, 'optimizer': 'Adam'}. Best is trial 27 with value: 0.06703932618536035.
2026-05-20 01:34:43,876 - optuna.study._optimize - INFO - Trial 32 pruned. 
2026-05-20 01:35:00,605 - optuna.study._optimize - INFO - Trial 33 pruned. 
2026-05-20 01:35:08,938 - experiment_functions - INFO - Early stopping at epoch 550. Best Recall: 0.0450
2026-05-20 01:35:09,036 - optuna.study.study - INFO - Trial 34 finished with value: 0.045046714826852206 and parameters: {'n_layers': 1, 'embedding_dim': 64, 'lr': 0.009189323322911896, 'lambda_val': 0.014684454367489889, 'batch_size': 3778, 'optimizer': 'Adam'}. Best is trial 27 with value: 0.06703932618536035.
2026-05-20 01:35:24,584 - optuna.study._optimize - INFO - Trial 35 pruned. 
2026-05-20 01:35:39,208 - optuna.study._optimize - INFO - Trial 36 pruned. 
2026-05-20 01:35:48,095 - experiment_functions - INFO - Early stopping at epoch 600. Best Recall: 0.0344
2026-05-20 01:35:48,203 - optuna.study.study - INFO - Trial 37 finished with value: 0.03443105722356521 and parameters: {'n_layers': 1, 'embedding_dim': 64, 'lr': 0.03781723345982082, 'lambda_val': 0.0008155120091580948, 'batch_size': 3842, 'optimizer': 'Adam'}. Best is trial 27 with value: 0.06703932618536035.
2026-05-20 01:36:02,107 - optuna.study._optimize - INFO - Trial 38 pruned. 
2026-05-20 01:36:10,640 - experiment_functions - INFO - Early stopping at epoch 550. Best Recall: 0.0277
2026-05-20 01:36:10,750 - optuna.study.study - INFO - Trial 39 finished with value: 0.02772204604412673 and parameters: {'n_layers': 1, 'embedding_dim': 128, 'lr': 0.007026670070493403, 'lambda_val': 0.02584684297642492, 'batch_size': 3882, 'optimizer': 'Adam'}. Best is trial 27 with value: 0.06703932618536035.
2026-05-20 01:36:20,116 - experiment_functions - INFO - Early stopping at epoch 600. Best Recall: 0.0681
2026-05-20 01:36:20,209 - optuna.study.study - INFO - Trial 40 finished with value: 0.0681009008905252 and parameters: {'n_layers': 1, 'embedding_dim': 96, 'lr': 0.0022998282767243603, 'lambda_val': 0.00033162176728868147, 'batch_size': 3604, 'optimizer': 'Adam'}. Best is trial 40 with value: 0.0681009008905252.
2026-05-20 01:36:29,655 - experiment_functions - INFO - Early stopping at epoch 650. Best Recall: 0.0716
2026-05-20 01:36:29,760 - optuna.study.study - INFO - Trial 41 finished with value: 0.0715750620521963 and parameters: {'n_layers': 1, 'embedding_dim': 96, 'lr': 0.002356034469114546, 'lambda_val': 0.00018088025131525478, 'batch_size': 3596, 'optimizer': 'Adam'}. Best is trial 41 with value: 0.0715750620521963.
2026-05-20 01:36:39,392 - experiment_functions - INFO - Early stopping at epoch 600. Best Recall: 0.0698
2026-05-20 01:36:39,494 - optuna.study.study - INFO - Trial 42 finished with value: 0.06975668055692785 and parameters: {'n_layers': 1, 'embedding_dim': 96, 'lr': 0.0024020037389297978, 'lambda_val': 0.0004723455170680178, 'batch_size': 3561, 'optimizer': 'Adam'}. Best is trial 41 with value: 0.0715750620521963.
2026-05-20 01:36:53,413 - experiment_functions - INFO - Early stopping at epoch 950. Best Recall: 0.0668
2026-05-20 01:36:53,513 - optuna.study.study - INFO - Trial 43 finished with value: 0.06683017420754431 and parameters: {'n_layers': 1, 'embedding_dim': 96, 'lr': 0.0010114604863286079, 'lambda_val': 0.00034062580561333396, 'batch_size': 3521, 'optimizer': 'Adam'}. Best is trial 41 with value: 0.0715750620521963.
2026-05-20 01:37:04,514 - experiment_functions - INFO - Early stopping at epoch 700. Best Recall: 0.0713
2026-05-20 01:37:04,604 - optuna.study.study - INFO - Trial 44 finished with value: 0.0712954394175232 and parameters: {'n_layers': 1, 'embedding_dim': 96, 'lr': 0.0010617057222662577, 'lambda_val': 0.00033175733919229184, 'batch_size': 2928, 'optimizer': 'Adam'}. Best is trial 41 with value: 0.0715750620521963.
2026-05-20 01:37:47,604 - experiment_functions - INFO - Early stopping at epoch 3100. Best Recall: 0.0629
2026-05-20 01:37:47,739 - optuna.study.study - INFO - Trial 45 finished with value: 0.0629089737002669 and parameters: {'n_layers': 1, 'embedding_dim': 96, 'lr': 0.00031784941347840016, 'lambda_val': 0.00018128723790479862, 'batch_size': 2961, 'optimizer': 'RMSprop'}. Best is trial 41 with value: 0.0715750620521963.
2026-05-20 01:37:57,483 - experiment_functions - INFO - Early stopping at epoch 650. Best Recall: 0.0689
2026-05-20 01:37:57,618 - optuna.study.study - INFO - Trial 46 finished with value: 0.06893285633589469 and parameters: {'n_layers': 1, 'embedding_dim': 96, 'lr': 0.0023732686637037118, 'lambda_val': 0.00044796214771185836, 'batch_size': 2782, 'optimizer': 'Adam'}. Best is trial 41 with value: 0.0715750620521963.
2026-05-20 01:38:17,335 - experiment_functions - INFO - Early stopping at epoch 1400. Best Recall: 0.0641
2026-05-20 01:38:17,425 - optuna.study.study - INFO - Trial 47 finished with value: 0.06413269029152918 and parameters: {'n_layers': 1, 'embedding_dim': 96, 'lr': 0.0007153988657190537, 'lambda_val': 0.00046186773301019326, 'batch_size': 2771, 'optimizer': 'Adam'}. Best is trial 41 with value: 0.0715750620521963.
2026-05-20 01:38:24,668 - experiment_functions - INFO - Early stopping at epoch 500. Best Recall: 0.0057
2026-05-20 01:38:24,758 - optuna.study.study - INFO - Trial 48 finished with value: 0.005686835569601748 and parameters: {'n_layers': 1, 'embedding_dim': 96, 'lr': 0.0018696399578864364, 'lambda_val': 0.00012373775853445772, 'batch_size': 3201, 'optimizer': 'SGD'}. Best is trial 41 with value: 0.0715750620521963.
2026-05-20 01:38:39,155 - experiment_functions - INFO - Early stopping at epoch 1000. Best Recall: 0.0682
2026-05-20 01:38:39,256 - optuna.study.study - INFO - Trial 49 finished with value: 0.06815046924114938 and parameters: {'n_layers': 1, 'embedding_dim': 96, 'lr': 0.0012274364263547652, 'lambda_val': 0.0003579267705527005, 'batch_size': 2183, 'optimizer': 'Adam'}. Best is trial 41 with value: 0.0715750620521963.
2026-05-20 01:38:50,837 - experiment_functions - INFO - Early stopping at epoch 750. Best Recall: 0.0660
2026-05-20 01:38:50,938 - optuna.study.study - INFO - Trial 50 finished with value: 0.06598719315396517 and parameters: {'n_layers': 1, 'embedding_dim': 96, 'lr': 0.0011906166921866422, 'lambda_val': 0.00023649774389577656, 'batch_size': 2176, 'optimizer': 'Adam'}. Best is trial 41 with value: 0.0715750620521963.
2026-05-20 01:39:10,288 - experiment_functions - INFO - Early stopping at epoch 1350. Best Recall: 0.0656
2026-05-20 01:39:10,422 - optuna.study.study - INFO - Trial 51 finished with value: 0.06555845096682697 and parameters: {'n_layers': 1, 'embedding_dim': 96, 'lr': 0.0004282384784819864, 'lambda_val': 0.00035884671473147026, 'batch_size': 1890, 'optimizer': 'Adam'}. Best is trial 41 with value: 0.0715750620521963.
2026-05-20 01:39:20,412 - experiment_functions - INFO - Early stopping at epoch 650. Best Recall: 0.0685
2026-05-20 01:39:20,536 - optuna.study.study - INFO - Trial 52 finished with value: 0.06846666953371461 and parameters: {'n_layers': 1, 'embedding_dim': 96, 'lr': 0.002431795669799849, 'lambda_val': 0.00015049746218152258, 'batch_size': 2607, 'optimizer': 'Adam'}. Best is trial 41 with value: 0.0715750620521963.
2026-05-20 01:39:35,044 - optuna.study._optimize - INFO - Trial 53 pruned. 
2026-05-20 01:39:58,480 - experiment_functions - INFO - Early stopping at epoch 1650. Best Recall: 0.0704
2026-05-20 01:39:58,728 - optuna.study.study - INFO - Trial 54 finished with value: 0.07035173694567691 and parameters: {'n_layers': 1, 'embedding_dim': 96, 'lr': 0.0008895132950072849, 'lambda_val': 6.310487759788263e-05, 'batch_size': 2086, 'optimizer': 'Adam'}. Best is trial 41 with value: 0.0715750620521963.
2026-05-20 01:40:24,738 - experiment_functions - INFO - Early stopping at epoch 1800. Best Recall: 0.0724
2026-05-20 01:40:24,841 - optuna.study.study - INFO - Trial 55 finished with value: 0.0724392199869154 and parameters: {'n_layers': 1, 'embedding_dim': 96, 'lr': 0.0008376299018153147, 'lambda_val': 3.0465331177331985e-05, 'batch_size': 1629, 'optimizer': 'Adam'}. Best is trial 55 with value: 0.0724392199869154.
2026-05-20 01:40:34,534 - experiment_functions - INFO - Early stopping at epoch 550. Best Recall: 0.0325
2026-05-20 01:40:34,625 - optuna.study.study - INFO - Trial 56 finished with value: 0.03246786376809878 and parameters: {'n_layers': 4, 'embedding_dim': 96, 'lr': 0.0009049515921938625, 'lambda_val': 2.1678072703386668e-05, 'batch_size': 1737, 'optimizer': 'RMSprop'}. Best is trial 55 with value: 0.0724392199869154.
2026-05-20 01:40:48,534 - optuna.study._optimize - INFO - Trial 57 pruned. 
2026-05-20 01:41:49,435 - experiment_functions - INFO - Early stopping at epoch 3750. Best Recall: 0.0718
2026-05-20 01:41:49,580 - optuna.study.study - INFO - Trial 58 finished with value: 0.07181932571251365 and parameters: {'n_layers': 1, 'embedding_dim': 96, 'lr': 0.0005394355225797009, 'lambda_val': 2.5893264332303775e-05, 'batch_size': 1671, 'optimizer': 'Adam'}. Best is trial 55 with value: 0.0724392199869154.
2026-05-20 01:42:04,149 - optuna.study._optimize - INFO - Trial 59 pruned. 
2026-05-20 01:42:12,218 - experiment_functions - INFO - Early stopping at epoch 500. Best Recall: 0.0056
2026-05-20 01:42:12,309 - optuna.study.study - INFO - Trial 60 finished with value: 0.00557963878970974 and parameters: {'n_layers': 2, 'embedding_dim': 96, 'lr': 0.0004418588554881174, 'lambda_val': 3.514504076541809e-05, 'batch_size': 1364, 'optimizer': 'SGD'}. Best is trial 55 with value: 0.0724392199869154.
2026-05-20 01:42:32,059 - experiment_functions - INFO - Early stopping at epoch 700. Best Recall: 0.0721
2026-05-20 01:42:32,395 - optuna.study.study - INFO - Trial 61 finished with value: 0.07211330566714537 and parameters: {'n_layers': 1, 'embedding_dim': 96, 'lr': 0.001487880353073122, 'lambda_val': 6.320766974801178e-05, 'batch_size': 1120, 'optimizer': 'Adam'}. Best is trial 55 with value: 0.0724392199869154.
2026-05-20 01:42:48,506 - experiment_functions - INFO - Early stopping at epoch 1100. Best Recall: 0.0746
2026-05-20 01:42:48,608 - optuna.study.study - INFO - Trial 62 finished with value: 0.07461260157090262 and parameters: {'n_layers': 1, 'embedding_dim': 96, 'lr': 0.0007083993740345393, 'lambda_val': 3.898237073442945e-05, 'batch_size': 969, 'optimizer': 'Adam'}. Best is trial 62 with value: 0.07461260157090262.
2026-05-20 01:43:42,888 - experiment_functions - INFO - Early stopping at epoch 3850. Best Recall: 0.0747
2026-05-20 01:43:43,029 - optuna.study.study - INFO - Trial 63 finished with value: 0.07466079993292488 and parameters: {'n_layers': 1, 'embedding_dim': 96, 'lr': 0.0007712929725596519, 'lambda_val': 8.608847838398801e-06, 'batch_size': 842, 'optimizer': 'Adam'}. Best is trial 63 with value: 0.07466079993292488.
2026-05-20 01:44:02,598 - experiment_functions - INFO - Early stopping at epoch 1350. Best Recall: 0.0715
2026-05-20 01:44:02,697 - optuna.study.study - INFO - Trial 64 finished with value: 0.07154504952389266 and parameters: {'n_layers': 1, 'embedding_dim': 96, 'lr': 0.0005685917926673618, 'lambda_val': 1.0021892378292962e-05, 'batch_size': 899, 'optimizer': 'Adam'}. Best is trial 63 with value: 0.07466079993292488.
2026-05-20 01:44:33,073 - experiment_functions - INFO - Early stopping at epoch 2150. Best Recall: 0.0729
2026-05-20 01:44:33,173 - optuna.study.study - INFO - Trial 65 finished with value: 0.07286016189176527 and parameters: {'n_layers': 1, 'embedding_dim': 96, 'lr': 0.000446840477090865, 'lambda_val': 1.3733302937651239e-05, 'batch_size': 877, 'optimizer': 'Adam'}. Best is trial 63 with value: 0.07466079993292488.
2026-05-20 01:44:46,760 - optuna.study._optimize - INFO - Trial 66 pruned. 
2026-05-20 01:44:58,517 - experiment_functions - INFO - Early stopping at epoch 800. Best Recall: 0.0721
2026-05-20 01:44:58,608 - optuna.study.study - INFO - Trial 67 finished with value: 0.07206240001822822 and parameters: {'n_layers': 1, 'embedding_dim': 32, 'lr': 0.0015272414056913858, 'lambda_val': 1.4969088185072538e-05, 'batch_size': 785, 'optimizer': 'Adam'}. Best is trial 63 with value: 0.07466079993292488.
2026-05-20 01:45:12,729 - optuna.study._optimize - INFO - Trial 68 pruned. 
2026-05-20 01:45:36,552 - experiment_functions - INFO - Early stopping at epoch 1750. Best Recall: 0.0676
2026-05-20 01:45:36,686 - optuna.study.study - INFO - Trial 69 finished with value: 0.06763210682059319 and parameters: {'n_layers': 1, 'embedding_dim': 32, 'lr': 0.00046191094786493704, 'lambda_val': 6.045743254876976e-06, 'batch_size': 1142, 'optimizer': 'Adam'}. Best is trial 63 with value: 0.07466079993292488.
2026-05-20 01:45:48,918 - experiment_functions - INFO - Early stopping at epoch 850. Best Recall: 0.0732
2026-05-20 01:45:49,010 - optuna.study.study - INFO - Trial 70 finished with value: 0.07315108299737451 and parameters: {'n_layers': 1, 'embedding_dim': 64, 'lr': 0.0014546767933406417, 'lambda_val': 3.0643558250795706e-05, 'batch_size': 546, 'optimizer': 'Adam'}. Best is trial 63 with value: 0.07466079993292488.
2026-05-20 01:46:01,600 - experiment_functions - INFO - Early stopping at epoch 850. Best Recall: 0.0719
2026-05-20 01:46:01,748 - optuna.study.study - INFO - Trial 71 finished with value: 0.07194716687654724 and parameters: {'n_layers': 1, 'embedding_dim': 64, 'lr': 0.0016446204669697778, 'lambda_val': 3.053117937531082e-05, 'batch_size': 517, 'optimizer': 'Adam'}. Best is trial 63 with value: 0.07466079993292488.
2026-05-20 01:46:14,313 - experiment_functions - INFO - Early stopping at epoch 800. Best Recall: 0.0785
2026-05-20 01:46:14,452 - optuna.study.study - INFO - Trial 72 finished with value: 0.07853061589029046 and parameters: {'n_layers': 1, 'embedding_dim': 64, 'lr': 0.0014656670394672421, 'lambda_val': 1.3299714391249666e-05, 'batch_size': 568, 'optimizer': 'Adam'}. Best is trial 72 with value: 0.07853061589029046.
2026-05-20 01:46:28,389 - experiment_functions - INFO - Early stopping at epoch 950. Best Recall: 0.0696
2026-05-20 01:46:28,467 - optuna.study.study - INFO - Trial 73 finished with value: 0.06958515285122585 and parameters: {'n_layers': 1, 'embedding_dim': 64, 'lr': 0.0015087198649165689, 'lambda_val': 1.2486410570947493e-05, 'batch_size': 833, 'optimizer': 'Adam'}. Best is trial 72 with value: 0.07853061589029046.
2026-05-20 01:46:37,713 - experiment_functions - INFO - Early stopping at epoch 600. Best Recall: 0.0686
2026-05-20 01:46:37,793 - optuna.study.study - INFO - Trial 74 finished with value: 0.06861586989034707 and parameters: {'n_layers': 1, 'embedding_dim': 64, 'lr': 0.004663595989617802, 'lambda_val': 2.1971641915886114e-06, 'batch_size': 688, 'optimizer': 'Adam'}. Best is trial 72 with value: 0.07853061589029046.
2026-05-20 01:46:53,125 - experiment_functions - INFO - Early stopping at epoch 1000. Best Recall: 0.0755
2026-05-20 01:46:53,271 - optuna.study.study - INFO - Trial 75 finished with value: 0.07553294955465907 and parameters: {'n_layers': 1, 'embedding_dim': 64, 'lr': 0.0007859105666748038, 'lambda_val': 4.845215509806907e-05, 'batch_size': 974, 'optimizer': 'Adam'}. Best is trial 72 with value: 0.07853061589029046.
2026-05-20 01:47:01,304 - experiment_functions - INFO - Early stopping at epoch 500. Best Recall: 0.0055
2026-05-20 01:47:01,394 - optuna.study.study - INFO - Trial 76 finished with value: 0.005539546756395116 and parameters: {'n_layers': 1, 'embedding_dim': 64, 'lr': 0.0007526974930749387, 'lambda_val': 4.9235820233281475e-05, 'batch_size': 975, 'optimizer': 'SGD'}. Best is trial 72 with value: 0.07853061589029046.
2026-05-20 01:47:13,782 - experiment_functions - INFO - Early stopping at epoch 800. Best Recall: 0.0512
2026-05-20 01:47:13,873 - optuna.study.study - INFO - Trial 77 finished with value: 0.051246948944724376 and parameters: {'n_layers': 2, 'embedding_dim': 64, 'lr': 0.0007189588797936158, 'lambda_val': 8.92476510751711e-05, 'batch_size': 1292, 'optimizer': 'RMSprop'}. Best is trial 72 with value: 0.07853061589029046.
2026-05-20 01:47:23,916 - experiment_functions - INFO - Early stopping at epoch 650. Best Recall: 0.0704
2026-05-20 01:47:24,052 - optuna.study.study - INFO - Trial 78 finished with value: 0.07039605684933326 and parameters: {'n_layers': 1, 'embedding_dim': 64, 'lr': 0.003156328234296553, 'lambda_val': 4.3634813426311384e-05, 'batch_size': 987, 'optimizer': 'Adam'}. Best is trial 72 with value: 0.07853061589029046.
2026-05-20 01:47:40,370 - optuna.study._optimize - INFO - Trial 79 pruned. 
2026-05-20 01:47:51,781 - experiment_functions - INFO - Early stopping at epoch 750. Best Recall: 0.0713
2026-05-20 01:47:51,872 - optuna.study.study - INFO - Trial 80 finished with value: 0.07131870212774383 and parameters: {'n_layers': 1, 'embedding_dim': 64, 'lr': 0.0012445062649713565, 'lambda_val': 3.3575071713935102e-06, 'batch_size': 1217, 'optimizer': 'Adam'}. Best is trial 72 with value: 0.07853061589029046.
2026-05-20 01:48:03,012 - experiment_functions - INFO - Early stopping at epoch 750. Best Recall: 0.0798
2026-05-20 01:48:03,118 - optuna.study.study - INFO - Trial 81 finished with value: 0.07979191012431888 and parameters: {'n_layers': 1, 'embedding_dim': 32, 'lr': 0.0016847813117969643, 'lambda_val': 1.5141566584053528e-05, 'batch_size': 840, 'optimizer': 'Adam'}. Best is trial 81 with value: 0.07979191012431888.
2026-05-20 01:48:19,262 - experiment_functions - INFO - Early stopping at epoch 1100. Best Recall: 0.0683
2026-05-20 01:48:19,352 - optuna.study.study - INFO - Trial 82 finished with value: 0.06827379367321544 and parameters: {'n_layers': 1, 'embedding_dim': 32, 'lr': 0.0008555056382744934, 'lambda_val': 1.0079241089821915e-05, 'batch_size': 1099, 'optimizer': 'Adam'}. Best is trial 81 with value: 0.07979191012431888.
2026-05-20 01:48:46,402 - experiment_functions - INFO - Early stopping at epoch 1900. Best Recall: 0.0809
2026-05-20 01:48:46,507 - optuna.study.study - INFO - Trial 83 finished with value: 0.08090337871089973 and parameters: {'n_layers': 1, 'embedding_dim': 64, 'lr': 0.0005769072543663128, 'lambda_val': 1.7561430897282004e-05, 'batch_size': 513, 'optimizer': 'Adam'}. Best is trial 83 with value: 0.08090337871089973.
2026-05-20 01:49:01,440 - optuna.study._optimize - INFO - Trial 84 pruned. 
2026-05-20 01:49:25,203 - experiment_functions - INFO - Early stopping at epoch 1650. Best Recall: 0.0788
2026-05-20 01:49:25,304 - optuna.study.study - INFO - Trial 85 finished with value: 0.07882260095217017 and parameters: {'n_layers': 1, 'embedding_dim': 64, 'lr': 0.0005343671677220784, 'lambda_val': 5.304818318818218e-06, 'batch_size': 917, 'optimizer': 'Adam'}. Best is trial 83 with value: 0.08090337871089973.
2026-05-20 01:49:47,789 - experiment_functions - INFO - Early stopping at epoch 1600. Best Recall: 0.0735
2026-05-20 01:49:47,878 - optuna.study.study - INFO - Trial 86 finished with value: 0.07346055658852527 and parameters: {'n_layers': 1, 'embedding_dim': 64, 'lr': 0.0005915923807372332, 'lambda_val': 5.197435762874218e-06, 'batch_size': 882, 'optimizer': 'Adam'}. Best is trial 83 with value: 0.08090337871089973.
2026-05-20 01:50:08,034 - experiment_functions - INFO - Early stopping at epoch 1450. Best Recall: 0.0806
2026-05-20 01:50:08,177 - optuna.study.study - INFO - Trial 87 finished with value: 0.0805533151838632 and parameters: {'n_layers': 1, 'embedding_dim': 64, 'lr': 0.0005791325071737355, 'lambda_val': 5.6834782848128445e-06, 'batch_size': 716, 'optimizer': 'Adam'}. Best is trial 83 with value: 0.08090337871089973.
2026-05-20 01:50:28,854 - experiment_functions - INFO - Early stopping at epoch 1450. Best Recall: 0.0779
2026-05-20 01:50:28,954 - optuna.study.study - INFO - Trial 88 finished with value: 0.07793851985488684 and parameters: {'n_layers': 1, 'embedding_dim': 64, 'lr': 0.0005790704701106939, 'lambda_val': 4.893129325020081e-06, 'batch_size': 703, 'optimizer': 'Adam'}. Best is trial 83 with value: 0.08090337871089973.
2026-05-20 01:50:42,587 - optuna.study._optimize - INFO - Trial 89 pruned. 
2026-05-20 01:50:56,860 - optuna.study._optimize - INFO - Trial 90 pruned. 
2026-05-20 01:51:19,289 - experiment_functions - INFO - Early stopping at epoch 1550. Best Recall: 0.0724
2026-05-20 01:51:19,400 - optuna.study.study - INFO - Trial 91 finished with value: 0.07239919470732041 and parameters: {'n_layers': 1, 'embedding_dim': 64, 'lr': 0.0006091212710441136, 'lambda_val': 5.624183196985329e-06, 'batch_size': 655, 'optimizer': 'Adam'}. Best is trial 83 with value: 0.08090337871089973.
2026-05-20 01:51:42,242 - experiment_functions - INFO - Early stopping at epoch 1650. Best Recall: 0.0694
2026-05-20 01:51:42,340 - optuna.study.study - INFO - Trial 92 finished with value: 0.06944285732782846 and parameters: {'n_layers': 1, 'embedding_dim': 64, 'lr': 0.0005825141295213139, 'lambda_val': 4.589611416202294e-06, 'batch_size': 794, 'optimizer': 'Adam'}. Best is trial 83 with value: 0.08090337871089973.
2026-05-20 01:51:59,311 - optuna.study._optimize - INFO - Trial 93 pruned. 
2026-05-20 01:52:12,083 - experiment_functions - INFO - Early stopping at epoch 900. Best Recall: 0.0707
2026-05-20 01:52:12,174 - optuna.study.study - INFO - Trial 94 finished with value: 0.0706853295096627 and parameters: {'n_layers': 1, 'embedding_dim': 64, 'lr': 0.0011126684062553857, 'lambda_val': 7.830078525792962e-06, 'batch_size': 731, 'optimizer': 'Adam'}. Best is trial 83 with value: 0.08090337871089973.
2026-05-20 01:52:23,024 - experiment_functions - INFO - Early stopping at epoch 750. Best Recall: 0.0718
2026-05-20 01:52:23,160 - optuna.study.study - INFO - Trial 95 finished with value: 0.07176844137291187 and parameters: {'n_layers': 1, 'embedding_dim': 64, 'lr': 0.0018419955551418682, 'lambda_val': 8.682623153170862e-06, 'batch_size': 595, 'optimizer': 'Adam'}. Best is trial 83 with value: 0.08090337871089973.
2026-05-20 01:52:50,042 - experiment_functions - INFO - Early stopping at epoch 1950. Best Recall: 0.0728
2026-05-20 01:52:50,132 - optuna.study.study - INFO - Trial 96 finished with value: 0.07278153772129635 and parameters: {'n_layers': 1, 'embedding_dim': 64, 'lr': 0.0005052384824820672, 'lambda_val': 3.87943958101311e-06, 'batch_size': 1008, 'optimizer': 'Adam'}. Best is trial 83 with value: 0.08090337871089973.
2026-05-20 01:52:57,081 - experiment_functions - INFO - Early stopping at epoch 500. Best Recall: 0.0054
2026-05-20 01:52:57,181 - optuna.study.study - INFO - Trial 97 finished with value: 0.005433746886657962 and parameters: {'n_layers': 1, 'embedding_dim': 64, 'lr': 0.0006798617314900399, 'lambda_val': 1.146755661077231e-05, 'batch_size': 858, 'optimizer': 'SGD'}. Best is trial 83 with value: 0.08090337871089973.
2026-05-20 01:53:12,173 - experiment_functions - INFO - Early stopping at epoch 1000. Best Recall: 0.0713
2026-05-20 01:53:12,316 - optuna.study.study - INFO - Trial 98 finished with value: 0.07129824766190306 and parameters: {'n_layers': 1, 'embedding_dim': 64, 'lr': 0.0009972000665836196, 'lambda_val': 2.5075214468546954e-06, 'batch_size': 742, 'optimizer': 'Adam'}. Best is trial 83 with value: 0.08090337871089973.
2026-05-20 01:53:25,896 - optuna.study._optimize - INFO - Trial 99 pruned. 
2026-05-20 01:53:50,720 - experiment_functions - INFO - Early stopping at epoch 1800. Best Recall: 0.0755
2026-05-20 01:53:50,821 - optuna.study.study - INFO - Trial 100 finished with value: 0.07551372997802781 and parameters: {'n_layers': 1, 'embedding_dim': 32, 'lr': 0.0006440530354712908, 'lambda_val': 1.8295730180370222e-05, 'batch_size': 605, 'optimizer': 'Adam'}. Best is trial 83 with value: 0.08090337871089973.
2026-05-20 01:54:12,674 - experiment_functions - INFO - Early stopping at epoch 1600. Best Recall: 0.0751
2026-05-20 01:54:12,809 - optuna.study.study - INFO - Trial 101 finished with value: 0.07511552066991824 and parameters: {'n_layers': 1, 'embedding_dim': 64, 'lr': 0.0006301964521829214, 'lambda_val': 2.1929735624001258e-05, 'batch_size': 601, 'optimizer': 'Adam'}. Best is trial 83 with value: 0.08090337871089973.
2026-05-20 01:54:34,112 - experiment_functions - INFO - Early stopping at epoch 1550. Best Recall: 0.0741
2026-05-20 01:54:34,222 - optuna.study.study - INFO - Trial 102 finished with value: 0.07413132629475244 and parameters: {'n_layers': 1, 'embedding_dim': 32, 'lr': 0.0008060272362717644, 'lambda_val': 1.970564641605936e-05, 'batch_size': 629, 'optimizer': 'Adam'}. Best is trial 83 with value: 0.08090337871089973.
2026-05-20 01:54:47,736 - optuna.study._optimize - INFO - Trial 103 pruned. 
2026-05-20 01:55:01,225 - experiment_functions - INFO - Early stopping at epoch 950. Best Recall: 0.0718
2026-05-20 01:55:01,317 - optuna.study.study - INFO - Trial 104 finished with value: 0.07180452743192543 and parameters: {'n_layers': 1, 'embedding_dim': 32, 'lr': 0.0010448109367302905, 'lambda_val': 2.518333219043404e-05, 'batch_size': 789, 'optimizer': 'Adam'}. Best is trial 83 with value: 0.08090337871089973.
2026-05-20 01:55:14,710 - optuna.study._optimize - INFO - Trial 105 pruned. 
2026-05-20 01:55:28,280 - optuna.study._optimize - INFO - Trial 106 pruned. 
2026-05-20 01:55:38,489 - experiment_functions - INFO - Early stopping at epoch 700. Best Recall: 0.0702
2026-05-20 01:55:38,588 - optuna.study.study - INFO - Trial 107 finished with value: 0.07023650221061832 and parameters: {'n_layers': 1, 'embedding_dim': 64, 'lr': 0.0019291117868451316, 'lambda_val': 7.174142214290126e-06, 'batch_size': 806, 'optimizer': 'Adam'}. Best is trial 83 with value: 0.08090337871089973.
2026-05-20 01:55:54,294 - optuna.study._optimize - INFO - Trial 108 pruned. 
2026-05-20 01:56:06,320 - experiment_functions - INFO - Early stopping at epoch 850. Best Recall: 0.0265
2026-05-20 01:56:06,429 - optuna.study.study - INFO - Trial 109 finished with value: 0.02645115180365419 and parameters: {'n_layers': 1, 'embedding_dim': 64, 'lr': 0.0012720216690126494, 'lambda_val': 0.08926813196120767, 'batch_size': 1187, 'optimizer': 'Adam'}. Best is trial 83 with value: 0.08090337871089973.
2026-05-20 01:56:26,367 - experiment_functions - INFO - Early stopping at epoch 1450. Best Recall: 0.0735
2026-05-20 01:56:26,501 - optuna.study.study - INFO - Trial 110 finished with value: 0.07353793525607104 and parameters: {'n_layers': 1, 'embedding_dim': 64, 'lr': 0.0006386074076075595, 'lambda_val': 2.6796746983756038e-05, 'batch_size': 942, 'optimizer': 'Adam'}. Best is trial 83 with value: 0.08090337871089973.
2026-05-20 01:56:41,041 - optuna.study._optimize - INFO - Trial 111 pruned. 
2026-05-20 01:56:54,252 - optuna.study._optimize - INFO - Trial 112 pruned. 
2026-05-20 01:57:10,470 - experiment_functions - INFO - Early stopping at epoch 1200. Best Recall: 0.0732
2026-05-20 01:57:10,540 - optuna.study.study - INFO - Trial 113 finished with value: 0.07321564620676504 and parameters: {'n_layers': 1, 'embedding_dim': 32, 'lr': 0.0008496980678933577, 'lambda_val': 3.718712643391897e-05, 'batch_size': 715, 'optimizer': 'Adam'}. Best is trial 83 with value: 0.08090337871089973.
2026-05-20 01:57:23,934 - optuna.study._optimize - INFO - Trial 114 pruned. 
2026-05-20 01:58:19,679 - optuna.study.study - INFO - Trial 115 finished with value: 0.07539964411630198 and parameters: {'n_layers': 1, 'embedding_dim': 32, 'lr': 0.0009624182489058499, 'lambda_val': 5.433558883633627e-05, 'batch_size': 834, 'optimizer': 'Adam'}. Best is trial 83 with value: 0.08090337871089973.
2026-05-20 01:58:28,988 - experiment_functions - INFO - Early stopping at epoch 550. Best Recall: 0.0532
2026-05-20 01:58:29,097 - optuna.study.study - INFO - Trial 116 finished with value: 0.053166907768968596 and parameters: {'n_layers': 1, 'embedding_dim': 64, 'lr': 0.002859107011240137, 'lambda_val': 4.914987596850984e-05, 'batch_size': 850, 'optimizer': 'RMSprop'}. Best is trial 83 with value: 0.08090337871089973.
2026-05-20 01:58:36,924 - experiment_functions - INFO - Early stopping at epoch 500. Best Recall: 0.0054
2026-05-20 01:58:37,033 - optuna.study.study - INFO - Trial 117 finished with value: 0.005390328619511744 and parameters: {'n_layers': 1, 'embedding_dim': 32, 'lr': 0.00103305025866751, 'lambda_val': 8.91555737385669e-06, 'batch_size': 1035, 'optimizer': 'SGD'}. Best is trial 83 with value: 0.08090337871089973.
2026-05-20 01:58:49,096 - experiment_functions - INFO - Early stopping at epoch 800. Best Recall: 0.0721
2026-05-20 01:58:49,198 - optuna.study.study - INFO - Trial 118 finished with value: 0.07213638567614357 and parameters: {'n_layers': 1, 'embedding_dim': 64, 'lr': 0.0013807135491542292, 'lambda_val': 0.00010069454404841078, 'batch_size': 742, 'optimizer': 'Adam'}. Best is trial 83 with value: 0.08090337871089973.
2026-05-20 01:59:08,578 - experiment_functions - INFO - Early stopping at epoch 1350. Best Recall: 0.0714
2026-05-20 01:59:08,696 - optuna.study.study - INFO - Trial 119 finished with value: 0.07140709398745311 and parameters: {'n_layers': 1, 'embedding_dim': 128, 'lr': 0.0006592839962329388, 'lambda_val': 7.067456525112254e-05, 'batch_size': 803, 'optimizer': 'Adam'}. Best is trial 83 with value: 0.08090337871089973.
2026-05-20 01:59:18,691 - experiment_functions - INFO - Early stopping at epoch 700. Best Recall: 0.0703
2026-05-20 01:59:18,783 - optuna.study.study - INFO - Trial 120 finished with value: 0.07030777473715782 and parameters: {'n_layers': 1, 'embedding_dim': 64, 'lr': 0.0021071328910577565, 'lambda_val': 3.0577516180148678e-06, 'batch_size': 949, 'optimizer': 'Adam'}. Best is trial 83 with value: 0.08090337871089973.
2026-05-20 01:59:40,749 - experiment_functions - INFO - Early stopping at epoch 1550. Best Recall: 0.0739
2026-05-20 01:59:40,885 - optuna.study.study - INFO - Trial 121 finished with value: 0.07393500413087246 and parameters: {'n_layers': 1, 'embedding_dim': 32, 'lr': 0.0007957128314028587, 'lambda_val': 3.351333065049969e-05, 'batch_size': 623, 'optimizer': 'Adam'}. Best is trial 83 with value: 0.08090337871089973.
2026-05-20 01:59:55,142 - experiment_functions - INFO - Early stopping at epoch 900. Best Recall: 0.0732
2026-05-20 01:59:55,284 - optuna.study.study - INFO - Trial 122 finished with value: 0.07318204356320165 and parameters: {'n_layers': 1, 'embedding_dim': 32, 'lr': 0.001160012577482391, 'lambda_val': 2.3507651490014826e-05, 'batch_size': 1272, 'optimizer': 'Adam'}. Best is trial 83 with value: 0.08090337871089973.
2026-05-20 02:00:29,316 - experiment_functions - INFO - Early stopping at epoch 2400. Best Recall: 0.0791
2026-05-20 02:00:29,607 - optuna.study.study - INFO - Trial 123 finished with value: 0.07908241786295175 and parameters: {'n_layers': 1, 'embedding_dim': 32, 'lr': 0.0005549445179271305, 'lambda_val': 1.5004383486632563e-05, 'batch_size': 658, 'optimizer': 'Adam'}. Best is trial 83 with value: 0.08090337871089973.
2026-05-20 02:00:43,366 - optuna.study._optimize - INFO - Trial 124 pruned. 
2026-05-20 02:00:58,129 - optuna.study._optimize - INFO - Trial 125 pruned. 
2026-05-20 02:01:13,087 - optuna.study._optimize - INFO - Trial 126 pruned. 
2026-05-20 02:01:50,348 - experiment_functions - INFO - Early stopping at epoch 2400. Best Recall: 0.0831
2026-05-20 02:01:50,441 - optuna.study.study - INFO - Trial 127 finished with value: 0.08309325616297107 and parameters: {'n_layers': 1, 'embedding_dim': 256, 'lr': 0.001003438204573544, 'lambda_val': 1.5722541202042653e-05, 'batch_size': 795, 'optimizer': 'Adam'}. Best is trial 127 with value: 0.08309325616297107.
2026-05-20 02:02:29,082 - experiment_functions - INFO - Early stopping at epoch 2450. Best Recall: 0.0786
2026-05-20 02:02:29,182 - optuna.study.study - INFO - Trial 128 finished with value: 0.07863750729301214 and parameters: {'n_layers': 1, 'embedding_dim': 256, 'lr': 0.0009374653605893189, 'lambda_val': 1.541537267443125e-05, 'batch_size': 748, 'optimizer': 'Adam'}. Best is trial 127 with value: 0.08309325616297107.
2026-05-20 02:02:48,801 - experiment_functions - INFO - Early stopping at epoch 1250. Best Recall: 0.0740
2026-05-20 02:02:48,969 - optuna.study.study - INFO - Trial 129 finished with value: 0.07397616144599721 and parameters: {'n_layers': 1, 'embedding_dim': 256, 'lr': 0.001311504151492589, 'lambda_val': 1.5754778284035467e-05, 'batch_size': 772, 'optimizer': 'Adam'}. Best is trial 127 with value: 0.08309325616297107.
2026-05-20 02:03:29,641 - experiment_functions - INFO - Early stopping at epoch 2600. Best Recall: 0.0811
2026-05-20 02:03:29,740 - optuna.study.study - INFO - Trial 130 finished with value: 0.08113016126104478 and parameters: {'n_layers': 1, 'embedding_dim': 256, 'lr': 0.0009562133638882059, 'lambda_val': 2.3955886429802373e-05, 'batch_size': 521, 'optimizer': 'Adam'}. Best is trial 127 with value: 0.08309325616297107.
2026-05-20 02:04:14,885 - experiment_functions - INFO - Early stopping at epoch 2900. Best Recall: 0.0809
2026-05-20 02:04:14,975 - optuna.study.study - INFO - Trial 131 finished with value: 0.0808804472444859 and parameters: {'n_layers': 1, 'embedding_dim': 256, 'lr': 0.0009738200866322981, 'lambda_val': 2.211835423413154e-05, 'batch_size': 521, 'optimizer': 'Adam'}. Best is trial 127 with value: 0.08309325616297107.
2026-05-20 02:04:58,017 - experiment_functions - INFO - Early stopping at epoch 2700. Best Recall: 0.0861
2026-05-20 02:04:58,133 - optuna.study.study - INFO - Trial 132 finished with value: 0.08609908414024027 and parameters: {'n_layers': 1, 'embedding_dim': 256, 'lr': 0.0009738219231010343, 'lambda_val': 1.430944915173581e-05, 'batch_size': 671, 'optimizer': 'Adam'}. Best is trial 132 with value: 0.08609908414024027.
2026-05-20 02:05:11,032 - experiment_functions - INFO - Early stopping at epoch 750. Best Recall: 0.0694
2026-05-20 02:05:11,131 - optuna.study.study - INFO - Trial 133 finished with value: 0.06940760575775115 and parameters: {'n_layers': 1, 'embedding_dim': 256, 'lr': 0.0017613327009444845, 'lambda_val': 1.5679157001499092e-05, 'batch_size': 517, 'optimizer': 'Adam'}. Best is trial 132 with value: 0.08609908414024027.
2026-05-20 02:05:44,692 - experiment_functions - INFO - Early stopping at epoch 2100. Best Recall: 0.0796
2026-05-20 02:05:44,793 - optuna.study.study - INFO - Trial 134 finished with value: 0.07955862896831202 and parameters: {'n_layers': 1, 'embedding_dim': 256, 'lr': 0.000990718135791888, 'lambda_val': 1.2287098359893124e-05, 'batch_size': 660, 'optimizer': 'Adam'}. Best is trial 132 with value: 0.08609908414024027.
2026-05-20 02:06:17,663 - experiment_functions - INFO - Early stopping at epoch 2100. Best Recall: 0.0787
2026-05-20 02:06:17,777 - optuna.study.study - INFO - Trial 135 finished with value: 0.07870826315945012 and parameters: {'n_layers': 1, 'embedding_dim': 256, 'lr': 0.0009935439926104322, 'lambda_val': 1.0020718659495768e-05, 'batch_size': 671, 'optimizer': 'Adam'}. Best is trial 132 with value: 0.08609908414024027.
2026-05-20 02:06:32,086 - experiment_functions - INFO - Early stopping at epoch 850. Best Recall: 0.0719
2026-05-20 02:06:32,175 - optuna.study.study - INFO - Trial 136 finished with value: 0.07193303700806895 and parameters: {'n_layers': 1, 'embedding_dim': 256, 'lr': 0.0016324729660728884, 'lambda_val': 1.0309425499463718e-05, 'batch_size': 674, 'optimizer': 'Adam'}. Best is trial 132 with value: 0.08609908414024027.
2026-05-20 02:07:08,358 - experiment_functions - INFO - Early stopping at epoch 2300. Best Recall: 0.0742
2026-05-20 02:07:08,459 - optuna.study.study - INFO - Trial 137 finished with value: 0.07418241782801414 and parameters: {'n_layers': 1, 'embedding_dim': 256, 'lr': 0.0010017113449540434, 'lambda_val': 7.360919346160626e-06, 'batch_size': 727, 'optimizer': 'Adam'}. Best is trial 132 with value: 0.08609908414024027.
2026-05-20 02:07:21,761 - experiment_functions - INFO - Early stopping at epoch 750. Best Recall: 0.0669
2026-05-20 02:07:21,862 - optuna.study.study - INFO - Trial 138 finished with value: 0.06691120833068391 and parameters: {'n_layers': 1, 'embedding_dim': 256, 'lr': 0.0011479818010787807, 'lambda_val': 1.2894987966373263e-05, 'batch_size': 520, 'optimizer': 'RMSprop'}. Best is trial 132 with value: 0.08609908414024027.
2026-05-20 02:07:47,763 - experiment_functions - INFO - Early stopping at epoch 1600. Best Recall: 0.0739
2026-05-20 02:07:47,888 - optuna.study.study - INFO - Trial 139 finished with value: 0.07392070496048019 and parameters: {'n_layers': 1, 'embedding_dim': 256, 'lr': 0.0014710258836051855, 'lambda_val': 5.684733298976923e-06, 'batch_size': 671, 'optimizer': 'Adam'}. Best is trial 132 with value: 0.08609908414024027.
2026-05-20 02:07:56,022 - experiment_functions - INFO - Early stopping at epoch 500. Best Recall: 0.0055
2026-05-20 02:07:56,158 - optuna.study.study - INFO - Trial 140 finished with value: 0.005460980241847351 and parameters: {'n_layers': 1, 'embedding_dim': 256, 'lr': 0.0020573961609227707, 'lambda_val': 9.069940532619803e-06, 'batch_size': 600, 'optimizer': 'SGD'}. Best is trial 132 with value: 0.08609908414024027.
2026-05-20 02:08:28,728 - experiment_functions - INFO - Early stopping at epoch 2050. Best Recall: 0.0806
2026-05-20 02:08:28,827 - optuna.study.study - INFO - Trial 141 finished with value: 0.08056726951867761 and parameters: {'n_layers': 1, 'embedding_dim': 256, 'lr': 0.0009120422787766747, 'lambda_val': 2.790571475537796e-05, 'batch_size': 772, 'optimizer': 'Adam'}. Best is trial 132 with value: 0.08609908414024027.
2026-05-20 02:09:02,537 - experiment_functions - INFO - Early stopping at epoch 2050. Best Recall: 0.0807
2026-05-20 02:09:02,941 - optuna.study.study - INFO - Trial 142 finished with value: 0.08065949011543623 and parameters: {'n_layers': 1, 'embedding_dim': 256, 'lr': 0.0009067493546340841, 'lambda_val': 2.8522558572812016e-05, 'batch_size': 773, 'optimizer': 'Adam'}. Best is trial 132 with value: 0.08609908414024027.
2026-05-20 02:09:31,574 - experiment_functions - INFO - Early stopping at epoch 1750. Best Recall: 0.0770
2026-05-20 02:09:31,666 - optuna.study.study - INFO - Trial 143 finished with value: 0.077021556857129 and parameters: {'n_layers': 1, 'embedding_dim': 256, 'lr': 0.0009632142894623115, 'lambda_val': 2.709786999311038e-05, 'batch_size': 749, 'optimizer': 'Adam'}. Best is trial 132 with value: 0.08609908414024027.
2026-05-20 02:09:48,427 - optuna.study._optimize - INFO - Trial 144 pruned. 
2026-05-20 02:10:04,799 - experiment_functions - INFO - Early stopping at epoch 1000. Best Recall: 0.0735
2026-05-20 02:10:04,910 - optuna.study.study - INFO - Trial 145 finished with value: 0.07353340968349681 and parameters: {'n_layers': 1, 'embedding_dim': 256, 'lr': 0.0009400789851648787, 'lambda_val': 2.565942016976048e-05, 'batch_size': 579, 'optimizer': 'Adam'}. Best is trial 132 with value: 0.08609908414024027.
2026-05-20 02:10:24,054 - experiment_functions - INFO - Early stopping at epoch 1200. Best Recall: 0.0751
2026-05-20 02:10:24,144 - optuna.study.study - INFO - Trial 146 finished with value: 0.07512902579785642 and parameters: {'n_layers': 1, 'embedding_dim': 256, 'lr': 0.0013782791715622172, 'lambda_val': 1.6394400011765342e-05, 'batch_size': 896, 'optimizer': 'Adam'}. Best is trial 132 with value: 0.08609908414024027.
2026-05-20 02:10:48,844 - experiment_functions - INFO - Early stopping at epoch 1550. Best Recall: 0.0752
2026-05-20 02:10:48,933 - optuna.study.study - INFO - Trial 147 finished with value: 0.0752076126662774 and parameters: {'n_layers': 1, 'embedding_dim': 256, 'lr': 0.0005059966213281667, 'lambda_val': 1.1271371620315417e-05, 'batch_size': 814, 'optimizer': 'Adam'}. Best is trial 132 with value: 0.08609908414024027.
2026-05-20 02:11:50,240 - optuna.study.study - INFO - Trial 148 finished with value: 0.07985658072149131 and parameters: {'n_layers': 1, 'embedding_dim': 256, 'lr': 0.0012049389491115836, 'lambda_val': 3.059817316304302e-05, 'batch_size': 787, 'optimizer': 'Adam'}. Best is trial 132 with value: 0.08609908414024027.
2026-05-20 02:12:03,863 - experiment_functions - INFO - Early stopping at epoch 800. Best Recall: 0.0731
2026-05-20 02:12:03,953 - optuna.study.study - INFO - Trial 149 finished with value: 0.07314742383027945 and parameters: {'n_layers': 1, 'embedding_dim': 256, 'lr': 0.0011240640795075938, 'lambda_val': 3.358255604586713e-05, 'batch_size': 772, 'optimizer': 'Adam'}. Best is trial 132 with value: 0.08609908414024027.
2026-05-20 02:12:52,661 - experiment_functions - INFO - Early stopping at epoch 3100. Best Recall: 0.0807
2026-05-20 02:12:52,772 - optuna.study.study - INFO - Trial 150 finished with value: 0.08066782961052843 and parameters: {'n_layers': 1, 'embedding_dim': 256, 'lr': 0.0008549386008301976, 'lambda_val': 2.3636491780529797e-05, 'batch_size': 901, 'optimizer': 'Adam'}. Best is trial 132 with value: 0.08609908414024027.
2026-05-20 02:13:36,550 - experiment_functions - INFO - Early stopping at epoch 2750. Best Recall: 0.0836
2026-05-20 02:13:36,649 - optuna.study.study - INFO - Trial 151 finished with value: 0.0836235374490725 and parameters: {'n_layers': 1, 'embedding_dim': 256, 'lr': 0.0008648931315074086, 'lambda_val': 2.2181428317807654e-05, 'batch_size': 878, 'optimizer': 'Adam'}. Best is trial 132 with value: 0.08609908414024027.
2026-05-20 02:14:16,172 - experiment_functions - INFO - Early stopping at epoch 2450. Best Recall: 0.0811
2026-05-20 02:14:16,281 - optuna.study.study - INFO - Trial 152 finished with value: 0.08112861247073924 and parameters: {'n_layers': 1, 'embedding_dim': 256, 'lr': 0.0007109862771149328, 'lambda_val': 2.170965038235346e-05, 'batch_size': 906, 'optimizer': 'Adam'}. Best is trial 132 with value: 0.08609908414024027.
2026-05-20 02:14:32,510 - optuna.study._optimize - INFO - Trial 153 pruned. 
2026-05-20 02:14:40,733 - experiment_functions - INFO - Early stopping at epoch 500. Best Recall: 0.0053
2026-05-20 02:14:40,835 - optuna.study.study - INFO - Trial 154 finished with value: 0.005339265831859189 and parameters: {'n_layers': 1, 'embedding_dim': 256, 'lr': 1.0582290618960808e-05, 'lambda_val': 3.0435332974940737e-05, 'batch_size': 918, 'optimizer': 'Adam'}. Best is trial 132 with value: 0.08609908414024027.
2026-05-20 02:15:05,965 - optuna.study._optimize - INFO - Trial 155 pruned. 
2026-05-20 02:15:22,159 - optuna.study._optimize - INFO - Trial 156 pruned. 
2026-05-20 02:15:38,260 - optuna.study._optimize - INFO - Trial 157 pruned. 
2026-05-20 02:16:18,989 - experiment_functions - INFO - Early stopping at epoch 2600. Best Recall: 0.0814
2026-05-20 02:16:19,090 - optuna.study.study - INFO - Trial 158 finished with value: 0.08142569615117175 and parameters: {'n_layers': 1, 'embedding_dim': 256, 'lr': 0.00081178637649074, 'lambda_val': 1.8993802353165644e-05, 'batch_size': 985, 'optimizer': 'Adam'}. Best is trial 132 with value: 0.08609908414024027.
2026-05-20 02:16:45,569 - experiment_functions - INFO - Early stopping at epoch 1600. Best Recall: 0.0797
2026-05-20 02:16:45,681 - optuna.study.study - INFO - Trial 159 finished with value: 0.07971753118335824 and parameters: {'n_layers': 1, 'embedding_dim': 256, 'lr': 0.0011881448486146648, 'lambda_val': 1.9891627197968593e-05, 'batch_size': 2401, 'optimizer': 'Adam'}. Best is trial 132 with value: 0.08609908414024027.
2026-05-20 02:17:20,948 - experiment_functions - INFO - Early stopping at epoch 2100. Best Recall: 0.0832
2026-05-20 02:17:21,092 - optuna.study.study - INFO - Trial 160 finished with value: 0.08320293977277274 and parameters: {'n_layers': 1, 'embedding_dim': 256, 'lr': 0.0016694708743722679, 'lambda_val': 2.1894101209393094e-05, 'batch_size': 2344, 'optimizer': 'Adam'}. Best is trial 132 with value: 0.08609908414024027.
2026-05-20 02:18:14,861 - experiment_functions - INFO - Early stopping at epoch 3500. Best Recall: 0.0846
2026-05-20 02:18:14,951 - optuna.study.study - INFO - Trial 161 finished with value: 0.0846288089448175 and parameters: {'n_layers': 1, 'embedding_dim': 256, 'lr': 0.0017479962412517642, 'lambda_val': 1.9229322021834045e-05, 'batch_size': 2404, 'optimizer': 'Adam'}. Best is trial 132 with value: 0.08609908414024027.
2026-05-20 02:18:40,161 - experiment_functions - INFO - Early stopping at epoch 1600. Best Recall: 0.0799
2026-05-20 02:18:40,261 - optuna.study.study - INFO - Trial 162 finished with value: 0.07988110742663791 and parameters: {'n_layers': 1, 'embedding_dim': 256, 'lr': 0.0024363223635451552, 'lambda_val': 1.9188292097954836e-05, 'batch_size': 2363, 'optimizer': 'Adam'}. Best is trial 132 with value: 0.08609908414024027.
2026-05-20 02:19:23,155 - experiment_functions - INFO - Early stopping at epoch 2150. Best Recall: 0.0788
2026-05-20 02:19:23,686 - optuna.study.study - INFO - Trial 163 finished with value: 0.07884150068703764 and parameters: {'n_layers': 1, 'embedding_dim': 256, 'lr': 0.003168998131540504, 'lambda_val': 2.479716208101056e-05, 'batch_size': 2381, 'optimizer': 'Adam'}. Best is trial 132 with value: 0.08609908414024027.
2026-05-20 02:20:16,034 - experiment_functions - INFO - Early stopping at epoch 3400. Best Recall: 0.0832
2026-05-20 02:20:16,157 - optuna.study.study - INFO - Trial 164 finished with value: 0.0831603939992984 and parameters: {'n_layers': 1, 'embedding_dim': 256, 'lr': 0.0016689198871084724, 'lambda_val': 1.8791848764464945e-05, 'batch_size': 2514, 'optimizer': 'Adam'}. Best is trial 132 with value: 0.08609908414024027.
2026-05-20 02:20:25,685 - experiment_functions - INFO - Early stopping at epoch 550. Best Recall: 0.0739
2026-05-20 02:20:25,774 - optuna.study.study - INFO - Trial 165 finished with value: 0.07393415972391768 and parameters: {'n_layers': 1, 'embedding_dim': 256, 'lr': 0.004538690929982709, 'lambda_val': 3.990657908676049e-05, 'batch_size': 2531, 'optimizer': 'Adam'}. Best is trial 132 with value: 0.08609908414024027.
2026-05-20 02:20:36,160 - experiment_functions - INFO - Early stopping at epoch 650. Best Recall: 0.0762
2026-05-20 02:20:36,292 - optuna.study.study - INFO - Trial 166 finished with value: 0.07620740136331199 and parameters: {'n_layers': 1, 'embedding_dim': 256, 'lr': 0.0020145034428015757, 'lambda_val': 1.938738014114141e-05, 'batch_size': 2306, 'optimizer': 'Adam'}. Best is trial 132 with value: 0.08609908414024027.
2026-05-20 02:21:09,220 - experiment_functions - INFO - Early stopping at epoch 2200. Best Recall: 0.0803
2026-05-20 02:21:09,318 - optuna.study.study - INFO - Trial 167 finished with value: 0.08027434993329302 and parameters: {'n_layers': 1, 'embedding_dim': 256, 'lr': 0.0025792314062126516, 'lambda_val': 2.9248713051640694e-05, 'batch_size': 2608, 'optimizer': 'Adam'}. Best is trial 132 with value: 0.08609908414024027.
2026-05-20 02:21:33,154 - experiment_functions - INFO - Early stopping at epoch 1600. Best Recall: 0.0822
2026-05-20 02:21:33,245 - optuna.study.study - INFO - Trial 168 finished with value: 0.0822333567187109 and parameters: {'n_layers': 1, 'embedding_dim': 256, 'lr': 0.002520050073880724, 'lambda_val': 5.385809875617336e-05, 'batch_size': 2643, 'optimizer': 'Adam'}. Best is trial 132 with value: 0.08609908414024027.
2026-05-20 02:21:43,640 - experiment_functions - INFO - Early stopping at epoch 550. Best Recall: 0.0418
2026-05-20 02:21:43,719 - optuna.study.study - INFO - Trial 169 finished with value: 0.04183764682044267 and parameters: {'n_layers': 3, 'embedding_dim': 256, 'lr': 0.002588210103971696, 'lambda_val': 4.979720957986982e-05, 'batch_size': 2867, 'optimizer': 'Adam'}. Best is trial 132 with value: 0.08609908414024027.
2026-05-20 02:21:53,896 - experiment_functions - INFO - Early stopping at epoch 600. Best Recall: 0.0753
2026-05-20 02:21:53,997 - optuna.study.study - INFO - Trial 170 finished with value: 0.07532653026036183 and parameters: {'n_layers': 1, 'embedding_dim': 256, 'lr': 0.0035974739129088743, 'lambda_val': 7.273134674356589e-05, 'batch_size': 2690, 'optimizer': 'Adam'}. Best is trial 132 with value: 0.08609908414024027.
2026-05-20 02:22:47,777 - experiment_functions - INFO - Early stopping at epoch 3050. Best Recall: 0.0836
2026-05-20 02:22:47,885 - optuna.study.study - INFO - Trial 171 finished with value: 0.08359458876168352 and parameters: {'n_layers': 1, 'embedding_dim': 256, 'lr': 0.0021953956020910963, 'lambda_val': 2.46144635941314e-05, 'batch_size': 2536, 'optimizer': 'Adam'}. Best is trial 132 with value: 0.08609908414024027.
2026-05-20 02:23:17,564 - experiment_functions - INFO - Early stopping at epoch 2000. Best Recall: 0.0808
2026-05-20 02:23:17,643 - optuna.study.study - INFO - Trial 172 finished with value: 0.08075323222860105 and parameters: {'n_layers': 1, 'embedding_dim': 256, 'lr': 0.0028270053964110247, 'lambda_val': 2.5754057876324712e-05, 'batch_size': 2500, 'optimizer': 'Adam'}. Best is trial 132 with value: 0.08609908414024027.
2026-05-20 02:23:49,340 - experiment_functions - INFO - Early stopping at epoch 2150. Best Recall: 0.0816
2026-05-20 02:23:49,449 - optuna.study.study - INFO - Trial 173 finished with value: 0.08158006142638484 and parameters: {'n_layers': 1, 'embedding_dim': 256, 'lr': 0.0016822646881509316, 'lambda_val': 2.3811242406226774e-05, 'batch_size': 2486, 'optimizer': 'Adam'}. Best is trial 132 with value: 0.08609908414024027.
2026-05-20 02:24:44,516 - experiment_functions - INFO - Early stopping at epoch 3800. Best Recall: 0.0837
2026-05-20 02:24:44,605 - optuna.study.study - INFO - Trial 174 finished with value: 0.0836607304437238 and parameters: {'n_layers': 1, 'embedding_dim': 256, 'lr': 0.0017671562989804992, 'lambda_val': 2.532117277069572e-05, 'batch_size': 2513, 'optimizer': 'Adam'}. Best is trial 132 with value: 0.08609908414024027.
2026-05-20 02:25:09,750 - optuna.study._optimize - INFO - Trial 175 pruned. 
2026-05-20 02:25:18,358 - experiment_functions - INFO - Early stopping at epoch 500. Best Recall: 0.0053
2026-05-20 02:25:18,468 - optuna.study.study - INFO - Trial 176 finished with value: 0.005338551276406901 and parameters: {'n_layers': 1, 'embedding_dim': 256, 'lr': 0.0016920447781399951, 'lambda_val': 3.982514113282861e-05, 'batch_size': 2632, 'optimizer': 'SGD'}. Best is trial 132 with value: 0.08609908414024027.
2026-05-20 02:25:51,694 - experiment_functions - INFO - Early stopping at epoch 2300. Best Recall: 0.0802
2026-05-20 02:25:51,782 - optuna.study.study - INFO - Trial 177 finished with value: 0.08020697643442348 and parameters: {'n_layers': 1, 'embedding_dim': 256, 'lr': 0.0016018918021846885, 'lambda_val': 1.8063122867041553e-05, 'batch_size': 2475, 'optimizer': 'RMSprop'}. Best is trial 132 with value: 0.08609908414024027.
2026-05-20 02:26:14,844 - optuna.study._optimize - INFO - Trial 178 pruned. 
2026-05-20 02:26:45,018 - experiment_functions - INFO - Early stopping at epoch 2050. Best Recall: 0.0852
2026-05-20 02:26:45,097 - optuna.study.study - INFO - Trial 179 finished with value: 0.08522184229875346 and parameters: {'n_layers': 1, 'embedding_dim': 256, 'lr': 0.0020882797427554316, 'lambda_val': 3.7809722822400496e-05, 'batch_size': 2754, 'optimizer': 'Adam'}. Best is trial 132 with value: 0.08609908414024027.
2026-05-20 02:27:15,237 - experiment_functions - INFO - Early stopping at epoch 1750. Best Recall: 0.0807
2026-05-20 02:27:15,326 - optuna.study.study - INFO - Trial 180 finished with value: 0.08071118051273181 and parameters: {'n_layers': 1, 'embedding_dim': 256, 'lr': 0.0027265392956635527, 'lambda_val': 3.4914037806911374e-05, 'batch_size': 2680, 'optimizer': 'Adam'}. Best is trial 132 with value: 0.08609908414024027.
2026-05-20 02:27:25,343 - experiment_functions - INFO - Early stopping at epoch 600. Best Recall: 0.0773
2026-05-20 02:27:25,489 - optuna.study.study - INFO - Trial 181 finished with value: 0.07734359969732052 and parameters: {'n_layers': 1, 'embedding_dim': 256, 'lr': 0.0028442023413589555, 'lambda_val': 3.8826440853142976e-05, 'batch_size': 2698, 'optimizer': 'Adam'}. Best is trial 132 with value: 0.08609908414024027.
2026-05-20 02:27:57,991 - experiment_functions - INFO - Early stopping at epoch 1950. Best Recall: 0.0834
2026-05-20 02:27:58,081 - optuna.study.study - INFO - Trial 182 finished with value: 0.08337397931319838 and parameters: {'n_layers': 1, 'embedding_dim': 256, 'lr': 0.002119788018948603, 'lambda_val': 1.9856532540256194e-05, 'batch_size': 2524, 'optimizer': 'Adam'}. Best is trial 132 with value: 0.08609908414024027.
2026-05-20 02:28:33,843 - experiment_functions - INFO - Early stopping at epoch 2250. Best Recall: 0.0855
2026-05-20 02:28:33,921 - optuna.study.study - INFO - Trial 183 finished with value: 0.08549212031132143 and parameters: {'n_layers': 1, 'embedding_dim': 256, 'lr': 0.0022352777831182724, 'lambda_val': 1.696328154798083e-05, 'batch_size': 2736, 'optimizer': 'Adam'}. Best is trial 132 with value: 0.08609908414024027.
2026-05-20 02:29:37,557 - optuna.study.study - INFO - Trial 184 finished with value: 0.08185543010968918 and parameters: {'n_layers': 1, 'embedding_dim': 256, 'lr': 0.0021056323851032315, 'lambda_val': 1.73679665805282e-05, 'batch_size': 2801, 'optimizer': 'Adam'}. Best is trial 132 with value: 0.08609908414024027.
2026-05-20 02:30:12,599 - experiment_functions - INFO - Early stopping at epoch 1950. Best Recall: 0.0841
2026-05-20 02:30:12,709 - optuna.study.study - INFO - Trial 185 finished with value: 0.08405559902267931 and parameters: {'n_layers': 1, 'embedding_dim': 256, 'lr': 0.0021234382852458778, 'lambda_val': 1.6647179889823766e-05, 'batch_size': 2827, 'optimizer': 'Adam'}. Best is trial 132 with value: 0.08609908414024027.
2026-05-20 02:31:07,628 - experiment_functions - INFO - Early stopping at epoch 3050. Best Recall: 0.0811
2026-05-20 02:31:07,719 - optuna.study.study - INFO - Trial 186 finished with value: 0.08107375228845459 and parameters: {'n_layers': 1, 'embedding_dim': 256, 'lr': 0.0021425978569220546, 'lambda_val': 1.743694191197585e-05, 'batch_size': 2823, 'optimizer': 'Adam'}. Best is trial 132 with value: 0.08609908414024027.
2026-05-20 02:31:58,919 - experiment_functions - INFO - Early stopping at epoch 2650. Best Recall: 0.0836
2026-05-20 02:31:59,008 - optuna.study.study - INFO - Trial 187 finished with value: 0.08358753436597843 and parameters: {'n_layers': 1, 'embedding_dim': 256, 'lr': 0.00224316313268095, 'lambda_val': 1.361089129598705e-05, 'batch_size': 2820, 'optimizer': 'Adam'}. Best is trial 132 with value: 0.08609908414024027.
2026-05-20 02:32:19,576 - optuna.study._optimize - INFO - Trial 188 pruned. 
2026-05-20 02:33:00,143 - experiment_functions - INFO - Early stopping at epoch 2500. Best Recall: 0.0826
2026-05-20 02:33:00,287 - optuna.study.study - INFO - Trial 189 finished with value: 0.0826224796629533 and parameters: {'n_layers': 1, 'embedding_dim': 256, 'lr': 0.00185112857607354, 'lambda_val': 1.4558867218798243e-05, 'batch_size': 2565, 'optimizer': 'Adam'}. Best is trial 132 with value: 0.08609908414024027.
2026-05-20 02:33:44,579 - experiment_functions - INFO - Early stopping at epoch 2750. Best Recall: 0.0816
2026-05-20 02:33:44,715 - optuna.study.study - INFO - Trial 190 finished with value: 0.08159894191569833 and parameters: {'n_layers': 1, 'embedding_dim': 256, 'lr': 0.002199555599891564, 'lambda_val': 1.4430951431371907e-05, 'batch_size': 2910, 'optimizer': 'Adam'}. Best is trial 132 with value: 0.08609908414024027.
2026-05-20 02:34:21,847 - experiment_functions - INFO - Early stopping at epoch 2300. Best Recall: 0.0830
2026-05-20 02:34:21,982 - optuna.study.study - INFO - Trial 191 finished with value: 0.08298482765590166 and parameters: {'n_layers': 1, 'embedding_dim': 256, 'lr': 0.0022091123115196495, 'lambda_val': 1.3440713843405548e-05, 'batch_size': 2994, 'optimizer': 'Adam'}. Best is trial 132 with value: 0.08609908414024027.
2026-05-20 02:34:52,503 - experiment_functions - INFO - Early stopping at epoch 1900. Best Recall: 0.0827
2026-05-20 02:34:52,604 - optuna.study.study - INFO - Trial 192 finished with value: 0.08265985306977178 and parameters: {'n_layers': 1, 'embedding_dim': 256, 'lr': 0.0020270146273399106, 'lambda_val': 1.2256998270690562e-05, 'batch_size': 3012, 'optimizer': 'Adam'}. Best is trial 132 with value: 0.08609908414024027.
2026-05-20 02:35:14,213 - experiment_functions - INFO - Early stopping at epoch 1300. Best Recall: 0.0809
2026-05-20 02:35:14,348 - optuna.study.study - INFO - Trial 193 finished with value: 0.0809347072566594 and parameters: {'n_layers': 1, 'embedding_dim': 256, 'lr': 0.0023765248841402208, 'lambda_val': 1.1937184225492862e-05, 'batch_size': 3035, 'optimizer': 'Adam'}. Best is trial 132 with value: 0.08609908414024027.
2026-05-20 02:35:50,554 - experiment_functions - INFO - Early stopping at epoch 2050. Best Recall: 0.0832
2026-05-20 02:35:50,654 - optuna.study.study - INFO - Trial 194 finished with value: 0.08322915599493312 and parameters: {'n_layers': 1, 'embedding_dim': 256, 'lr': 0.00206450737916763, 'lambda_val': 1.4040086709701205e-05, 'batch_size': 2932, 'optimizer': 'Adam'}. Best is trial 132 with value: 0.08609908414024027.
2026-05-20 02:36:23,370 - experiment_functions - INFO - Early stopping at epoch 2050. Best Recall: 0.0816
2026-05-20 02:36:23,461 - optuna.study.study - INFO - Trial 195 finished with value: 0.08156702412909399 and parameters: {'n_layers': 1, 'embedding_dim': 256, 'lr': 0.0021017772380224975, 'lambda_val': 9.942163691545779e-06, 'batch_size': 3155, 'optimizer': 'Adam'}. Best is trial 132 with value: 0.08609908414024027.
2026-05-20 02:37:03,451 - experiment_functions - INFO - Early stopping at epoch 2550. Best Recall: 0.0840
2026-05-20 02:37:03,552 - optuna.study.study - INFO - Trial 196 finished with value: 0.08397131028562842 and parameters: {'n_layers': 1, 'embedding_dim': 256, 'lr': 0.0019134656076319739, 'lambda_val': 1.3574213242516983e-05, 'batch_size': 2958, 'optimizer': 'Adam'}. Best is trial 132 with value: 0.08609908414024027.
2026-05-20 02:37:59,563 - experiment_functions - INFO - Early stopping at epoch 3150. Best Recall: 0.0835
2026-05-20 02:37:59,653 - optuna.study.study - INFO - Trial 197 finished with value: 0.08346135104721512 and parameters: {'n_layers': 1, 'embedding_dim': 256, 'lr': 0.0018487679250503528, 'lambda_val': 7.87168834978099e-06, 'batch_size': 3092, 'optimizer': 'Adam'}. Best is trial 132 with value: 0.08609908414024027.
2026-05-20 02:38:49,226 - experiment_functions - INFO - Early stopping at epoch 2500. Best Recall: 0.0841
2026-05-20 02:38:49,360 - optuna.study.study - INFO - Trial 198 finished with value: 0.08405177816905367 and parameters: {'n_layers': 1, 'embedding_dim': 256, 'lr': 0.0018067763703643817, 'lambda_val': 8.599833339761416e-06, 'batch_size': 3010, 'optimizer': 'Adam'}. Best is trial 132 with value: 0.08609908414024027.
2026-05-20 02:39:19,557 - experiment_functions - INFO - Early stopping at epoch 1950. Best Recall: 0.0829
2026-05-20 02:39:19,655 - optuna.study.study - INFO - Trial 199 finished with value: 0.08294680426968576 and parameters: {'n_layers': 1, 'embedding_dim': 256, 'lr': 0.0017940554605434368, 'lambda_val': 8.819039305733274e-06, 'batch_size': 3004, 'optimizer': 'Adam'}. Best is trial 132 with value: 0.08609908414024027.
2026-05-20 02:39:56,910 - experiment_functions - INFO - Early stopping at epoch 2200. Best Recall: 0.0824
2026-05-20 02:39:57,001 - optuna.study.study - INFO - Trial 200 finished with value: 0.08242143306136576 and parameters: {'n_layers': 1, 'embedding_dim': 256, 'lr': 0.0017953734867483305, 'lambda_val': 8.25476379590014e-06, 'batch_size': 3021, 'optimizer': 'Adam'}. Best is trial 132 with value: 0.08609908414024027.
2026-05-20 02:40:45,743 - experiment_functions - INFO - Early stopping at epoch 3150. Best Recall: 0.0846
2026-05-20 02:40:45,834 - optuna.study.study - INFO - Trial 201 finished with value: 0.0846335434828866 and parameters: {'n_layers': 1, 'embedding_dim': 256, 'lr': 0.0017760233211607456, 'lambda_val': 1.096956546442239e-05, 'batch_size': 3108, 'optimizer': 'Adam'}. Best is trial 132 with value: 0.08609908414024027.
2026-05-20 02:41:37,757 - experiment_functions - INFO - Early stopping at epoch 3200. Best Recall: 0.0841
2026-05-20 02:41:37,858 - optuna.study.study - INFO - Trial 202 finished with value: 0.08411790736726817 and parameters: {'n_layers': 1, 'embedding_dim': 256, 'lr': 0.001497112877831865, 'lambda_val': 7.0081716819377554e-06, 'batch_size': 3257, 'optimizer': 'Adam'}. Best is trial 132 with value: 0.08609908414024027.
2026-05-20 02:42:16,244 - experiment_functions - INFO - Early stopping at epoch 2250. Best Recall: 0.0839
2026-05-20 02:42:16,378 - optuna.study.study - INFO - Trial 203 finished with value: 0.08392530230636731 and parameters: {'n_layers': 1, 'embedding_dim': 256, 'lr': 0.001431766811841198, 'lambda_val': 8.47679446379203e-06, 'batch_size': 3102, 'optimizer': 'Adam'}. Best is trial 132 with value: 0.08609908414024027.
2026-05-20 02:42:51,917 - experiment_functions - INFO - Early stopping at epoch 2200. Best Recall: 0.0837
2026-05-20 02:42:52,684 - optuna.study.study - INFO - Trial 204 finished with value: 0.08365788855332656 and parameters: {'n_layers': 1, 'embedding_dim': 256, 'lr': 0.0014222007748876378, 'lambda_val': 1.0247897646815313e-05, 'batch_size': 3081, 'optimizer': 'Adam'}. Best is trial 132 with value: 0.08609908414024027.
2026-05-20 02:43:25,214 - optuna.study._optimize - INFO - Trial 205 pruned. 
2026-05-20 02:43:57,561 - experiment_functions - INFO - Early stopping at epoch 2100. Best Recall: 0.0826
2026-05-20 02:43:57,650 - optuna.study.study - INFO - Trial 206 finished with value: 0.08259419173799719 and parameters: {'n_layers': 1, 'embedding_dim': 256, 'lr': 0.0014084903000374969, 'lambda_val': 6.876634512230508e-06, 'batch_size': 3187, 'optimizer': 'Adam'}. Best is trial 132 with value: 0.08609908414024027.
2026-05-20 02:44:23,127 - optuna.study._optimize - INFO - Trial 207 pruned. 
2026-05-20 02:44:34,466 - experiment_functions - INFO - Early stopping at epoch 700. Best Recall: 0.0696
2026-05-20 02:44:34,557 - optuna.study.study - INFO - Trial 208 finished with value: 0.06960376757786395 and parameters: {'n_layers': 1, 'embedding_dim': 128, 'lr': 0.0014645732717197477, 'lambda_val': 7.086243887320493e-06, 'batch_size': 3229, 'optimizer': 'Adam'}. Best is trial 132 with value: 0.08609908414024027.
2026-05-20 02:44:51,205 - optuna.study._optimize - INFO - Trial 209 pruned. 
2026-05-20 02:45:31,277 - experiment_functions - INFO - Early stopping at epoch 2500. Best Recall: 0.0841
2026-05-20 02:45:31,420 - optuna.study.study - INFO - Trial 210 finished with value: 0.08405398468052878 and parameters: {'n_layers': 1, 'embedding_dim': 256, 'lr': 0.0013251415724386559, 'lambda_val': 1.0366094517956828e-05, 'batch_size': 2899, 'optimizer': 'Adam'}. Best is trial 132 with value: 0.08609908414024027.
2026-05-20 02:46:05,515 - experiment_functions - INFO - Early stopping at epoch 2100. Best Recall: 0.0835
2026-05-20 02:46:05,648 - optuna.study.study - INFO - Trial 211 finished with value: 0.08348706565906866 and parameters: {'n_layers': 1, 'embedding_dim': 256, 'lr': 0.0016961646046694716, 'lambda_val': 1.1259211834092834e-05, 'batch_size': 2923, 'optimizer': 'Adam'}. Best is trial 132 with value: 0.08609908414024027.
2026-05-20 02:46:44,380 - experiment_functions - INFO - Early stopping at epoch 2450. Best Recall: 0.0847
2026-05-20 02:46:44,514 - optuna.study.study - INFO - Trial 212 finished with value: 0.0846576999182136 and parameters: {'n_layers': 1, 'embedding_dim': 256, 'lr': 0.0017783980241413149, 'lambda_val': 6.7037674808080735e-06, 'batch_size': 2894, 'optimizer': 'Adam'}. Best is trial 132 with value: 0.08609908414024027.
2026-05-20 02:47:17,521 - experiment_functions - INFO - Early stopping at epoch 2100. Best Recall: 0.0822
2026-05-20 02:47:17,609 - optuna.study.study - INFO - Trial 213 finished with value: 0.08218770813603198 and parameters: {'n_layers': 1, 'embedding_dim': 256, 'lr': 0.0018349105113237758, 'lambda_val': 7.582064287914518e-06, 'batch_size': 2891, 'optimizer': 'Adam'}. Best is trial 132 with value: 0.08609908414024027.
2026-05-20 02:47:53,763 - experiment_functions - INFO - Early stopping at epoch 1950. Best Recall: 0.0815
2026-05-20 02:47:53,852 - optuna.study.study - INFO - Trial 214 finished with value: 0.08150385835124285 and parameters: {'n_layers': 1, 'embedding_dim': 256, 'lr': 0.0013428403042186694, 'lambda_val': 6.55027497158625e-06, 'batch_size': 3109, 'optimizer': 'Adam'}. Best is trial 132 with value: 0.08609908414024027.
2026-05-20 02:48:18,646 - experiment_functions - INFO - Early stopping at epoch 1450. Best Recall: 0.0801
2026-05-20 02:48:18,735 - optuna.study.study - INFO - Trial 215 finished with value: 0.08006554127952314 and parameters: {'n_layers': 1, 'embedding_dim': 256, 'lr': 0.0023456114931118465, 'lambda_val': 1.1167384005420132e-05, 'batch_size': 2890, 'optimizer': 'Adam'}. Best is trial 132 with value: 0.08609908414024027.
2026-05-20 02:48:43,961 - experiment_functions - INFO - Early stopping at epoch 1550. Best Recall: 0.0808
2026-05-20 02:48:44,195 - optuna.study.study - INFO - Trial 216 finished with value: 0.08084296202432877 and parameters: {'n_layers': 1, 'embedding_dim': 256, 'lr': 0.0018435900066419183, 'lambda_val': 1.0104945874258062e-05, 'batch_size': 2918, 'optimizer': 'Adam'}. Best is trial 132 with value: 0.08609908414024027.
2026-05-20 02:48:57,201 - experiment_functions - INFO - Early stopping at epoch 500. Best Recall: 0.0052
2026-05-20 02:48:57,335 - optuna.study.study - INFO - Trial 217 finished with value: 0.005153422769431395 and parameters: {'n_layers': 1, 'embedding_dim': 256, 'lr': 0.003270884040547575, 'lambda_val': 4.72927877468553e-06, 'batch_size': 2760, 'optimizer': 'SGD'}. Best is trial 132 with value: 0.08609908414024027.
2026-05-20 02:49:45,881 - experiment_functions - INFO - Early stopping at epoch 2850. Best Recall: 0.0852
2026-05-20 02:49:46,014 - optuna.study.study - INFO - Trial 218 finished with value: 0.0852170087993784 and parameters: {'n_layers': 1, 'embedding_dim': 256, 'lr': 0.0014225368940116924, 'lambda_val': 5.909342031069559e-06, 'batch_size': 3080, 'optimizer': 'Adam'}. Best is trial 132 with value: 0.08609908414024027.
2026-05-20 02:50:02,500 - experiment_functions - INFO - Early stopping at epoch 850. Best Recall: 0.0760
2026-05-20 02:50:02,668 - optuna.study.study - INFO - Trial 219 finished with value: 0.0760396137772305 and parameters: {'n_layers': 1, 'embedding_dim': 256, 'lr': 0.0012751396196117144, 'lambda_val': 5.925599683261607e-06, 'batch_size': 3070, 'optimizer': 'Adam'}. Best is trial 132 with value: 0.08609908414024027.
2026-05-20 02:50:59,682 - experiment_functions - INFO - Early stopping at epoch 2950. Best Recall: 0.0855
2026-05-20 02:50:59,826 - optuna.study.study - INFO - Trial 220 finished with value: 0.08548394368846468 and parameters: {'n_layers': 1, 'embedding_dim': 256, 'lr': 0.0014843457488585175, 'lambda_val': 4.19295080632994e-06, 'batch_size': 2841, 'optimizer': 'Adam'}. Best is trial 132 with value: 0.08609908414024027.
2026-05-20 02:51:25,271 - optuna.study._optimize - INFO - Trial 221 pruned. 
2026-05-20 02:51:52,583 - experiment_functions - INFO - Early stopping at epoch 1650. Best Recall: 0.0815
2026-05-20 02:51:52,716 - optuna.study.study - INFO - Trial 222 finished with value: 0.08147858515622274 and parameters: {'n_layers': 1, 'embedding_dim': 256, 'lr': 0.002205352200525816, 'lambda_val': 6.172643029878669e-06, 'batch_size': 2950, 'optimizer': 'Adam'}. Best is trial 132 with value: 0.08609908414024027.
2026-05-20 02:52:29,621 - experiment_functions - INFO - Early stopping at epoch 1950. Best Recall: 0.0813
2026-05-20 02:52:30,393 - optuna.study.study - INFO - Trial 223 finished with value: 0.08134169379818607 and parameters: {'n_layers': 1, 'embedding_dim': 256, 'lr': 0.0025656212416127738, 'lambda_val': 8.24246501271707e-06, 'batch_size': 3294, 'optimizer': 'Adam'}. Best is trial 132 with value: 0.08609908414024027.
2026-05-20 02:53:10,967 - experiment_functions - INFO - Early stopping at epoch 2300. Best Recall: 0.0845
2026-05-20 02:53:11,100 - optuna.study.study - INFO - Trial 224 finished with value: 0.08453433039926274 and parameters: {'n_layers': 1, 'embedding_dim': 256, 'lr': 0.001325661248831646, 'lambda_val': 3.735202271011677e-06, 'batch_size': 3129, 'optimizer': 'Adam'}. Best is trial 132 with value: 0.08609908414024027.
2026-05-20 02:54:10,623 - experiment_functions - INFO - Early stopping at epoch 3750. Best Recall: 0.0839
2026-05-20 02:54:10,767 - optuna.study.study - INFO - Trial 225 finished with value: 0.08392747830757985 and parameters: {'n_layers': 1, 'embedding_dim': 256, 'lr': 0.0012910893571351474, 'lambda_val': 2.4715823647067488e-06, 'batch_size': 3128, 'optimizer': 'Adam'}. Best is trial 132 with value: 0.08609908414024027.
2026-05-20 02:54:30,195 - optuna.study._optimize - INFO - Trial 226 pruned. 
2026-05-20 02:55:26,697 - experiment_functions - INFO - Early stopping at epoch 3600. Best Recall: 0.0841
2026-05-20 02:55:26,865 - optuna.study.study - INFO - Trial 227 finished with value: 0.0841034428966083 and parameters: {'n_layers': 1, 'embedding_dim': 256, 'lr': 0.0012489173764360648, 'lambda_val': 2.3922388811104735e-06, 'batch_size': 3098, 'optimizer': 'Adam'}. Best is trial 132 with value: 0.08609908414024027.
2026-05-20 02:55:43,901 - optuna.study._optimize - INFO - Trial 228 pruned. 
2026-05-20 02:56:04,889 - optuna.study._optimize - INFO - Trial 229 pruned. 
2026-05-20 02:56:42,263 - optuna.study._optimize - INFO - Trial 230 pruned. 
2026-05-20 02:57:09,400 - optuna.study._optimize - INFO - Trial 231 pruned. 
2026-05-20 02:57:45,365 - experiment_functions - INFO - Early stopping at epoch 2250. Best Recall: 0.0835
2026-05-20 02:57:45,509 - optuna.study.study - INFO - Trial 232 finished with value: 0.08351587736854742 and parameters: {'n_layers': 1, 'embedding_dim': 256, 'lr': 0.0017242149582662807, 'lambda_val': 3.5885603593504354e-06, 'batch_size': 2760, 'optimizer': 'Adam'}. Best is trial 132 with value: 0.08609908414024027.
2026-05-20 02:57:58,751 - experiment_functions - INFO - Early stopping at epoch 800. Best Recall: 0.0776
2026-05-20 02:57:58,884 - optuna.study.study - INFO - Trial 233 finished with value: 0.0775967055482599 and parameters: {'n_layers': 1, 'embedding_dim': 256, 'lr': 0.0016183078015653168, 'lambda_val': 2.853433803074079e-06, 'batch_size': 2754, 'optimizer': 'Adam'}. Best is trial 132 with value: 0.08609908414024027.
2026-05-20 02:59:06,382 - experiment_functions - INFO - Early stopping at epoch 3950. Best Recall: 0.0856
2026-05-20 02:59:06,515 - optuna.study.study - INFO - Trial 234 finished with value: 0.0855881333662706 and parameters: {'n_layers': 1, 'embedding_dim': 256, 'lr': 0.0012031311637172185, 'lambda_val': 5.023553348965652e-06, 'batch_size': 2864, 'optimizer': 'Adam'}. Best is trial 132 with value: 0.08609908414024027.
2026-05-20 02:59:33,473 - optuna.study._optimize - INFO - Trial 235 pruned. 
2026-05-20 03:00:47,679 - optuna.study.study - INFO - Trial 236 finished with value: 0.08684913267554159 and parameters: {'n_layers': 1, 'embedding_dim': 256, 'lr': 0.0013743987556427157, 'lambda_val': 4.233002285436342e-06, 'batch_size': 2791, 'optimizer': 'Adam'}. Best is trial 236 with value: 0.08684913267554159.
2026-05-20 03:01:03,755 - optuna.study._optimize - INFO - Trial 237 pruned. 
2026-05-20 03:01:44,676 - optuna.study._optimize - INFO - Trial 238 pruned. 
2026-05-20 03:02:53,756 - optuna.study.study - INFO - Trial 239 finished with value: 0.08536240004609015 and parameters: {'n_layers': 1, 'embedding_dim': 256, 'lr': 0.0013774851576767542, 'lambda_val': 3.183165041037616e-06, 'batch_size': 3001, 'optimizer': 'Adam'}. Best is trial 236 with value: 0.08684913267554159.
2026-05-20 03:03:08,036 - experiment_functions - INFO - Early stopping at epoch 750. Best Recall: 0.0687
2026-05-20 03:03:08,126 - optuna.study.study - INFO - Trial 240 finished with value: 0.06867029618016242 and parameters: {'n_layers': 1, 'embedding_dim': 128, 'lr': 0.001347214340318783, 'lambda_val': 2.833300188745949e-06, 'batch_size': 3188, 'optimizer': 'Adam'}. Best is trial 236 with value: 0.08684913267554159.
2026-05-20 03:03:24,994 - optuna.study._optimize - INFO - Trial 241 pruned. 
2026-05-20 03:04:09,345 - experiment_functions - INFO - Early stopping at epoch 2750. Best Recall: 0.0841
2026-05-20 03:04:09,490 - optuna.study.study - INFO - Trial 242 finished with value: 0.0841140505700154 and parameters: {'n_layers': 1, 'embedding_dim': 256, 'lr': 0.0014120342046405122, 'lambda_val': 4.732350619282694e-06, 'batch_size': 3070, 'optimizer': 'Adam'}. Best is trial 236 with value: 0.08684913267554159.
2026-05-20 03:04:26,035 - optuna.study._optimize - INFO - Trial 243 pruned. 
2026-05-20 03:05:12,970 - experiment_functions - INFO - Early stopping at epoch 3000. Best Recall: 0.0850
2026-05-20 03:05:13,115 - optuna.study.study - INFO - Trial 244 finished with value: 0.08496454268605931 and parameters: {'n_layers': 1, 'embedding_dim': 256, 'lr': 0.0013901511382893082, 'lambda_val': 2.260703404116545e-06, 'batch_size': 3390, 'optimizer': 'Adam'}. Best is trial 236 with value: 0.08684913267554159.
2026-05-20 03:05:48,132 - experiment_functions - INFO - Early stopping at epoch 2200. Best Recall: 0.0834
2026-05-20 03:05:48,255 - optuna.study.study - INFO - Trial 245 finished with value: 0.08341450766021263 and parameters: {'n_layers': 1, 'embedding_dim': 256, 'lr': 0.0014134345747860363, 'lambda_val': 2.0507245339973704e-06, 'batch_size': 3466, 'optimizer': 'Adam'}. Best is trial 236 with value: 0.08684913267554159.
2026-05-20 03:06:07,164 - optuna.study._optimize - INFO - Trial 246 pruned. 
2026-05-20 03:06:32,193 - optuna.study._optimize - INFO - Trial 247 pruned. 
2026-05-20 03:07:03,831 - experiment_functions - INFO - Early stopping at epoch 1950. Best Recall: 0.0837
2026-05-20 03:07:03,920 - optuna.study.study - INFO - Trial 248 finished with value: 0.0837049892781655 and parameters: {'n_layers': 1, 'embedding_dim': 256, 'lr': 0.0014658683199820844, 'lambda_val': 1.5989737758866778e-06, 'batch_size': 3080, 'optimizer': 'Adam'}. Best is trial 236 with value: 0.08684913267554159.
2026-05-20 03:07:55,023 - experiment_functions - INFO - Early stopping at epoch 3200. Best Recall: 0.0832
2026-05-20 03:07:55,158 - optuna.study.study - INFO - Trial 249 finished with value: 0.08321606607451995 and parameters: {'n_layers': 1, 'embedding_dim': 256, 'lr': 0.0015031975380476537, 'lambda_val': 1.2857978663808717e-06, 'batch_size': 3089, 'optimizer': 'Adam'}. Best is trial 236 with value: 0.08684913267554159.
2026-05-20 03:08:26,118 - experiment_functions - INFO - Early stopping at epoch 1900. Best Recall: 0.0842
2026-05-20 03:08:26,273 - optuna.study.study - INFO - Trial 250 finished with value: 0.08418449598819899 and parameters: {'n_layers': 1, 'embedding_dim': 256, 'lr': 0.001491211300735138, 'lambda_val': 1.718168139269225e-06, 'batch_size': 3171, 'optimizer': 'Adam'}. Best is trial 236 with value: 0.08684913267554159.
2026-05-20 03:09:01,103 - optuna.study._optimize - INFO - Trial 251 pruned. 
2026-05-20 03:09:18,056 - optuna.study._optimize - INFO - Trial 252 pruned. 
2026-05-20 03:09:29,353 - experiment_functions - INFO - Early stopping at epoch 600. Best Recall: 0.0591
2026-05-20 03:09:29,498 - optuna.study.study - INFO - Trial 253 finished with value: 0.05906788926820074 and parameters: {'n_layers': 2, 'embedding_dim': 256, 'lr': 0.0015502248923645377, 'lambda_val': 1.8912378979504444e-06, 'batch_size': 3160, 'optimizer': 'Adam'}. Best is trial 236 with value: 0.08684913267554159.
2026-05-20 03:09:41,758 - experiment_functions - INFO - Early stopping at epoch 500. Best Recall: 0.0054
2026-05-20 03:09:41,935 - optuna.study.study - INFO - Trial 254 finished with value: 0.0054403281499803315 and parameters: {'n_layers': 1, 'embedding_dim': 256, 'lr': 0.001890696924379077, 'lambda_val': 3.1092598837453745e-06, 'batch_size': 3038, 'optimizer': 'SGD'}. Best is trial 236 with value: 0.08684913267554159.
2026-05-20 03:10:07,648 - optuna.study._optimize - INFO - Trial 255 pruned. 
2026-05-20 03:10:24,598 - optuna.study._optimize - INFO - Trial 256 pruned. 
2026-05-20 03:11:05,929 - experiment_functions - INFO - Early stopping at epoch 2600. Best Recall: 0.0848
2026-05-20 03:11:06,082 - optuna.study.study - INFO - Trial 257 finished with value: 0.08484224150948319 and parameters: {'n_layers': 1, 'embedding_dim': 256, 'lr': 0.0014860162926245923, 'lambda_val': 5.640290019735303e-06, 'batch_size': 3208, 'optimizer': 'Adam'}. Best is trial 236 with value: 0.08684913267554159.
2026-05-20 03:11:43,862 - experiment_functions - INFO - Early stopping at epoch 2200. Best Recall: 0.0843
2026-05-20 03:11:43,951 - optuna.study.study - INFO - Trial 258 finished with value: 0.08430796605686082 and parameters: {'n_layers': 1, 'embedding_dim': 256, 'lr': 0.0014055828907830854, 'lambda_val': 5.812809398485012e-06, 'batch_size': 3233, 'optimizer': 'Adam'}. Best is trial 236 with value: 0.08684913267554159.
2026-05-20 03:12:01,095 - optuna.study._optimize - INFO - Trial 259 pruned. 
2026-05-20 03:12:17,776 - optuna.study._optimize - INFO - Trial 260 pruned. 
2026-05-20 03:12:34,683 - optuna.study._optimize - INFO - Trial 261 pruned. 
2026-05-20 03:13:01,120 - optuna.study._optimize - INFO - Trial 262 pruned. 
2026-05-20 03:13:29,027 - experiment_functions - INFO - Early stopping at epoch 1600. Best Recall: 0.0832
2026-05-20 03:13:29,127 - optuna.study.study - INFO - Trial 263 finished with value: 0.08316318229946985 and parameters: {'n_layers': 1, 'embedding_dim': 256, 'lr': 0.0018678493679014625, 'lambda_val': 3.8255453715981615e-06, 'batch_size': 3210, 'optimizer': 'Adam'}. Best is trial 236 with value: 0.08684913267554159.
2026-05-20 03:14:15,653 - experiment_functions - INFO - Early stopping at epoch 2900. Best Recall: 0.0837
2026-05-20 03:14:15,786 - optuna.study.study - INFO - Trial 264 finished with value: 0.08369703683687976 and parameters: {'n_layers': 1, 'embedding_dim': 256, 'lr': 0.0012488509729490962, 'lambda_val': 2.9395361668333878e-06, 'batch_size': 3164, 'optimizer': 'Adam'}. Best is trial 236 with value: 0.08684913267554159.
2026-05-20 03:14:40,995 - optuna.study._optimize - INFO - Trial 265 pruned. 
2026-05-20 03:14:58,178 - optuna.study._optimize - INFO - Trial 266 pruned. 
2026-05-20 03:15:09,782 - experiment_functions - INFO - Early stopping at epoch 550. Best Recall: 0.0420
2026-05-20 03:15:09,872 - optuna.study.study - INFO - Trial 267 finished with value: 0.04203265759061101 and parameters: {'n_layers': 3, 'embedding_dim': 256, 'lr': 0.0025475515141294676, 'lambda_val': 6.886404869630734e-06, 'batch_size': 2712, 'optimizer': 'Adam'}. Best is trial 236 with value: 0.08684913267554159.
2026-05-20 03:15:21,971 - experiment_functions - INFO - Early stopping at epoch 750. Best Recall: 0.0712
2026-05-20 03:15:22,105 - optuna.study.study - INFO - Trial 268 finished with value: 0.0712215065415074 and parameters: {'n_layers': 1, 'embedding_dim': 128, 'lr': 0.0018764885509259487, 'lambda_val': 2.290394917366555e-06, 'batch_size': 3272, 'optimizer': 'Adam'}. Best is trial 236 with value: 0.08684913267554159.
2026-05-20 03:15:34,797 - experiment_functions - INFO - Early stopping at epoch 700. Best Recall: 0.0763
2026-05-20 03:15:34,941 - optuna.study.study - INFO - Trial 269 finished with value: 0.07629765569519645 and parameters: {'n_layers': 1, 'embedding_dim': 256, 'lr': 0.0015438445093244014, 'lambda_val': 3.851403056454222e-06, 'batch_size': 3026, 'optimizer': 'Adam'}. Best is trial 236 with value: 0.08684913267554159.
2026-05-20 03:15:50,376 - experiment_functions - INFO - Early stopping at epoch 850. Best Recall: 0.0790
2026-05-20 03:15:50,511 - optuna.study.study - INFO - Trial 270 finished with value: 0.07897045302036836 and parameters: {'n_layers': 1, 'embedding_dim': 256, 'lr': 0.0012390578939947424, 'lambda_val': 6.769174423854794e-06, 'batch_size': 3169, 'optimizer': 'Adam'}. Best is trial 236 with value: 0.08684913267554159.
2026-05-20 03:16:21,541 - experiment_functions - INFO - Early stopping at epoch 1850. Best Recall: 0.0822
2026-05-20 03:16:22,230 - optuna.study.study - INFO - Trial 271 finished with value: 0.08223108033105758 and parameters: {'n_layers': 1, 'embedding_dim': 256, 'lr': 0.0019375226499378864, 'lambda_val': 5.627104989477794e-06, 'batch_size': 3114, 'optimizer': 'Adam'}. Best is trial 236 with value: 0.08684913267554159.
2026-05-20 03:17:09,185 - experiment_functions - INFO - Early stopping at epoch 3000. Best Recall: 0.0838
2026-05-20 03:17:09,318 - optuna.study.study - INFO - Trial 272 finished with value: 0.08379239243043156 and parameters: {'n_layers': 1, 'embedding_dim': 256, 'lr': 0.0014400439843103203, 'lambda_val': 2.98288061163256e-06, 'batch_size': 2946, 'optimizer': 'Adam'}. Best is trial 236 with value: 0.08684913267554159.
2026-05-20 03:17:26,394 - optuna.study._optimize - INFO - Trial 273 pruned. 
2026-05-20 03:17:56,050 - experiment_functions - INFO - Early stopping at epoch 1850. Best Recall: 0.0817
2026-05-20 03:17:56,184 - optuna.study.study - INFO - Trial 274 finished with value: 0.08173320359578015 and parameters: {'n_layers': 1, 'embedding_dim': 256, 'lr': 0.0024961701721905134, 'lambda_val': 3.6579620158097304e-06, 'batch_size': 3399, 'optimizer': 'Adam'}. Best is trial 236 with value: 0.08684913267554159.
2026-05-20 03:18:14,345 - optuna.study._optimize - INFO - Trial 275 pruned. 
2026-05-20 03:18:22,660 - experiment_functions - INFO - Early stopping at epoch 500. Best Recall: 0.0051
2026-05-20 03:18:22,729 - optuna.study.study - INFO - Trial 276 finished with value: 0.005146884590433882 and parameters: {'n_layers': 1, 'embedding_dim': 256, 'lr': 0.0013119366545197844, 'lambda_val': 6.112987090699851e-06, 'batch_size': 2860, 'optimizer': 'SGD'}. Best is trial 236 with value: 0.08684913267554159.
2026-05-20 03:18:48,463 - experiment_functions - INFO - Early stopping at epoch 1600. Best Recall: 0.0822
2026-05-20 03:18:49,228 - optuna.study.study - INFO - Trial 277 finished with value: 0.08219531743781155 and parameters: {'n_layers': 1, 'embedding_dim': 256, 'lr': 0.002072706430065388, 'lambda_val': 2.4929239100959455e-06, 'batch_size': 3254, 'optimizer': 'Adam'}. Best is trial 236 with value: 0.08684913267554159.
2026-05-20 03:19:12,456 - optuna.study._optimize - INFO - Trial 278 pruned. 
2026-05-20 03:19:28,087 - optuna.study._optimize - INFO - Trial 279 pruned. 
2026-05-20 03:20:09,401 - experiment_functions - INFO - Early stopping at epoch 2150. Best Recall: 0.0833
2026-05-20 03:20:10,175 - optuna.study.study - INFO - Trial 280 finished with value: 0.0832523072377396 and parameters: {'n_layers': 1, 'embedding_dim': 256, 'lr': 0.0016871576547703635, 'lambda_val': 3.4052328343942073e-06, 'batch_size': 3070, 'optimizer': 'Adam'}. Best is trial 236 with value: 0.08684913267554159.
2026-05-20 03:20:58,355 - optuna.study._optimize - INFO - Trial 281 pruned. 
2026-05-20 03:21:08,702 - experiment_functions - INFO - Early stopping at epoch 600. Best Recall: 0.0730
2026-05-20 03:21:08,836 - optuna.study.study - INFO - Trial 282 finished with value: 0.07300417757512863 and parameters: {'n_layers': 1, 'embedding_dim': 256, 'lr': 0.0022765352241821673, 'lambda_val': 0.0046676878830474245, 'batch_size': 2896, 'optimizer': 'Adam'}. Best is trial 236 with value: 0.08684913267554159.
2026-05-20 03:21:25,430 - optuna.study._optimize - INFO - Trial 283 pruned. 
2026-05-20 03:21:48,670 - optuna.study._optimize - INFO - Trial 284 pruned. 
2026-05-20 03:22:33,962 - experiment_functions - INFO - Early stopping at epoch 2650. Best Recall: 0.0847
2026-05-20 03:22:34,105 - optuna.study.study - INFO - Trial 285 finished with value: 0.08467740684506399 and parameters: {'n_layers': 1, 'embedding_dim': 256, 'lr': 0.0019049756672840062, 'lambda_val': 4.704410174068777e-06, 'batch_size': 2805, 'optimizer': 'Adam'}. Best is trial 236 with value: 0.08684913267554159.
2026-05-20 03:22:55,195 - optuna.study._optimize - INFO - Trial 286 pruned. 
2026-05-20 03:23:15,189 - optuna.study._optimize - INFO - Trial 287 pruned. 
2026-05-20 03:23:43,324 - experiment_functions - INFO - Early stopping at epoch 1750. Best Recall: 0.0850
2026-05-20 03:23:43,480 - optuna.study.study - INFO - Trial 288 finished with value: 0.08501840991785561 and parameters: {'n_layers': 1, 'embedding_dim': 256, 'lr': 0.0016712434111737552, 'lambda_val': 3.338911232242405e-06, 'batch_size': 2939, 'optimizer': 'Adam'}. Best is trial 236 with value: 0.08684913267554159.
2026-05-20 03:24:06,128 - optuna.study._optimize - INFO - Trial 289 pruned. 
2026-05-20 03:24:25,600 - optuna.study._optimize - INFO - Trial 290 pruned. 
2026-05-20 03:24:40,975 - optuna.study._optimize - INFO - Trial 291 pruned. 
2026-05-20 03:25:06,356 - experiment_functions - INFO - Early stopping at epoch 1450. Best Recall: 0.0816
2026-05-20 03:25:06,445 - optuna.study.study - INFO - Trial 292 finished with value: 0.08163257998093304 and parameters: {'n_layers': 1, 'embedding_dim': 256, 'lr': 0.0016856957398635002, 'lambda_val': 5.0747801908312235e-06, 'batch_size': 2983, 'optimizer': 'Adam'}. Best is trial 236 with value: 0.08684913267554159.
2026-05-20 03:25:18,271 - experiment_functions - INFO - Early stopping at epoch 550. Best Recall: 0.0396
2026-05-20 03:25:18,359 - optuna.study.study - INFO - Trial 293 finished with value: 0.03956391782470401 and parameters: {'n_layers': 4, 'embedding_dim': 256, 'lr': 0.0020633401370100334, 'lambda_val': 3.2717930982268468e-06, 'batch_size': 1590, 'optimizer': 'Adam'}. Best is trial 236 with value: 0.08684913267554159.
2026-05-20 03:25:30,260 - experiment_functions - INFO - Early stopping at epoch 700. Best Recall: 0.0713
2026-05-20 03:25:30,350 - optuna.study.study - INFO - Trial 294 finished with value: 0.07126696941224615 and parameters: {'n_layers': 1, 'embedding_dim': 256, 'lr': 0.0016162319269926032, 'lambda_val': 0.0017675718385274269, 'batch_size': 2839, 'optimizer': 'Adam'}. Best is trial 236 with value: 0.08684913267554159.
2026-05-20 03:26:25,746 - experiment_functions - INFO - Early stopping at epoch 3200. Best Recall: 0.0836
2026-05-20 03:26:26,509 - optuna.study.study - INFO - Trial 295 finished with value: 0.08361997856651925 and parameters: {'n_layers': 1, 'embedding_dim': 256, 'lr': 0.0022988985866811596, 'lambda_val': 6.0351533038146e-06, 'batch_size': 2745, 'optimizer': 'Adam'}. Best is trial 236 with value: 0.08684913267554159.
2026-05-20 03:26:48,618 - optuna.study._optimize - INFO - Trial 296 pruned. 
2026-05-20 03:27:22,589 - experiment_functions - INFO - Early stopping at epoch 2050. Best Recall: 0.0838
2026-05-20 03:27:22,723 - optuna.study.study - INFO - Trial 297 finished with value: 0.083756144825619 and parameters: {'n_layers': 1, 'embedding_dim': 256, 'lr': 0.0014434281803938098, 'lambda_val': 7.601474574959603e-06, 'batch_size': 2905, 'optimizer': 'Adam'}. Best is trial 236 with value: 0.08684913267554159.
2026-05-20 03:27:39,370 - experiment_functions - INFO - Early stopping at epoch 900. Best Recall: 0.0763
2026-05-20 03:27:39,582 - optuna.study.study - INFO - Trial 298 finished with value: 0.07633509502851576 and parameters: {'n_layers': 1, 'embedding_dim': 256, 'lr': 0.0011278207800705677, 'lambda_val': 2.040108708118426e-06, 'batch_size': 3034, 'optimizer': 'Adam'}. Best is trial 236 with value: 0.08684913267554159.
2026-05-20 03:28:18,065 - experiment_functions - INFO - Early stopping at epoch 2300. Best Recall: 0.0836
2026-05-20 03:28:18,175 - optuna.study.study - INFO - Trial 299 finished with value: 0.08360904317090914 and parameters: {'n_layers': 1, 'embedding_dim': 256, 'lr': 0.001669682136655371, 'lambda_val': 3.177623579686174e-06, 'batch_size': 3686, 'optimizer': 'Adam'}. Best is trial 236 with value: 0.08684913267554159.
2026-05-20 03:28:18,176 - experiment_functions - INFO - Training the best model ... for e_1M_1c1dcs
2026-05-20 03:29:07,306 - root - INFO -   **** Training e_1M_1c1dcs_rand1
2026-05-20 03:29:07,360 - root - INFO -   **** Getting 190231/805443 random edges
2026-05-20 03:29:07,414 - experiment_functions - INFO - Training the best model ... for e_1M_1c1dcs_rand1
2026-05-20 03:29:15,833 - experiment_functions - INFO - Early stopping at epoch 700. Best Recall: 0.0565
2026-05-20 03:29:16,887 - root - INFO -   **** Training e_1M_1c1dcs_rand2
2026-05-20 03:29:16,942 - root - INFO -   **** Getting 190231/805443 random edges
2026-05-20 03:29:16,998 - experiment_functions - INFO - Training the best model ... for e_1M_1c1dcs_rand2
2026-05-20 03:29:25,575 - experiment_functions - INFO - Early stopping at epoch 700. Best Recall: 0.0552
2026-05-20 03:29:26,436 - root - INFO -   **** Training e_1M_1c1dcs_rand3
2026-05-20 03:29:26,491 - root - INFO -   **** Getting 190231/805443 random edges
2026-05-20 03:29:26,543 - experiment_functions - INFO - Training the best model ... for e_1M_1c1dcs_rand3
2026-05-20 03:29:35,106 - experiment_functions - INFO - Early stopping at epoch 700. Best Recall: 0.0547
2026-05-20 03:29:35,972 - root - INFO -   **** Training e_1M_1c1dcs_rand4
2026-05-20 03:29:36,028 - root - INFO -   **** Getting 190231/805443 random edges
2026-05-20 03:29:36,086 - experiment_functions - INFO - Training the best model ... for e_1M_1c1dcs_rand4
2026-05-20 03:29:44,661 - experiment_functions - INFO - Early stopping at epoch 700. Best Recall: 0.0545
2026-05-20 03:29:45,534 - root - INFO -   **** Training e_1M_1c1dcs_rand5
2026-05-20 03:29:45,590 - root - INFO -   **** Getting 190231/805443 random edges
2026-05-20 03:29:45,644 - experiment_functions - INFO - Training the best model ... for e_1M_1c1dcs_rand5
2026-05-20 03:29:54,203 - experiment_functions - INFO - Early stopping at epoch 700. Best Recall: 0.0577
2026-05-20 03:29:55,072 - root - INFO - **** Training e_1M_1c2dcs
2026-05-20 03:29:55,072 - root - INFO -   ** 2-Dominant stats:
2026-05-20 03:29:55,072 - root - INFO -   ** Finding the dominant set:
2026-05-20 04:12:02,712 - root - INFO -   ** Getting the trainable edges:
2026-05-20 04:12:02,733 - helper_functions - INFO -      Number of nodes: 4753
2026-05-20 04:12:02,733 - helper_functions - INFO -      Ratio: 0.48768725631028115
2026-05-20 04:12:02,733 - helper_functions - INFO -      Number of unique users: 3162
2026-05-20 04:12:02,733 - helper_functions - INFO -      Number of unique items: 1591
2026-05-20 04:12:02,733 - helper_functions - INFO -      Total dominant set edge: 20467
2026-05-20 04:12:02,733 - helper_functions - INFO -      Trainable edges: 16373.6
2026-05-20 04:12:02,770 - root - INFO -   **** Getting 20467 dominant set edges
2026-05-20 04:12:02,874 - optuna.storages._rdb.storage - INFO - A new study created in RDB with name: Study_e_1M_1c2dcs_strict
2026-05-20 04:12:11,828 - experiment_functions - INFO - Early stopping at epoch 550. Best Recall: 0.0048
2026-05-20 04:12:11,921 - optuna.study.study - INFO - Trial 0 finished with value: 0.004775500634244268 and parameters: {'n_layers': 3, 'embedding_dim': 256, 'lr': 1.4628852791244806e-05, 'lambda_val': 1.4889719215589764e-05, 'batch_size': 1849, 'optimizer': 'Adam'}. Best is trial 0 with value: 0.004775500634244268.
2026-05-20 04:12:19,150 - experiment_functions - INFO - Early stopping at epoch 500. Best Recall: 0.0051
2026-05-20 04:12:19,241 - optuna.study.study - INFO - Trial 1 finished with value: 0.005058744476864427 and parameters: {'n_layers': 1, 'embedding_dim': 128, 'lr': 0.012481439432715789, 'lambda_val': 0.0014358637414733594, 'batch_size': 2127, 'optimizer': 'RMSprop'}. Best is trial 1 with value: 0.005058744476864427.
2026-05-20 04:12:27,017 - experiment_functions - INFO - Early stopping at epoch 550. Best Recall: 0.0051
2026-05-20 04:12:27,107 - optuna.study.study - INFO - Trial 2 finished with value: 0.005055296697447789 and parameters: {'n_layers': 1, 'embedding_dim': 96, 'lr': 0.03475685440882514, 'lambda_val': 0.026852189650753918, 'batch_size': 1923, 'optimizer': 'SGD'}. Best is trial 1 with value: 0.005058744476864427.
2026-05-20 04:12:34,879 - experiment_functions - INFO - Early stopping at epoch 500. Best Recall: 0.0052
2026-05-20 04:12:34,982 - optuna.study.study - INFO - Trial 3 finished with value: 0.005194532782172242 and parameters: {'n_layers': 4, 'embedding_dim': 96, 'lr': 0.0003712494404068414, 'lambda_val': 0.00687286361049, 'batch_size': 1192, 'optimizer': 'SGD'}. Best is trial 3 with value: 0.005194532782172242.
2026-05-20 04:12:43,924 - experiment_functions - INFO - Early stopping at epoch 500. Best Recall: 0.0343
2026-05-20 04:12:44,073 - optuna.study.study - INFO - Trial 4 finished with value: 0.034279448980397635 and parameters: {'n_layers': 4, 'embedding_dim': 256, 'lr': 0.01296738615876489, 'lambda_val': 2.323536083469749e-05, 'batch_size': 3914, 'optimizer': 'RMSprop'}. Best is trial 4 with value: 0.034279448980397635.
2026-05-20 04:12:59,724 - experiment_functions - INFO - Early stopping at epoch 500. Best Recall: 0.0052
2026-05-20 04:13:00,500 - optuna.study.study - INFO - Trial 5 finished with value: 0.005160955941985264 and parameters: {'n_layers': 2, 'embedding_dim': 32, 'lr': 0.004766723300706875, 'lambda_val': 9.779101842959749e-05, 'batch_size': 2223, 'optimizer': 'RMSprop'}. Best is trial 4 with value: 0.034279448980397635.
2026-05-20 04:13:09,341 - experiment_functions - INFO - Early stopping at epoch 500. Best Recall: 0.0023
2026-05-20 04:13:09,441 - optuna.study.study - INFO - Trial 6 finished with value: 0.002304970591540502 and parameters: {'n_layers': 4, 'embedding_dim': 256, 'lr': 0.030066635111535, 'lambda_val': 0.007351452217094469, 'batch_size': 1491, 'optimizer': 'RMSprop'}. Best is trial 4 with value: 0.034279448980397635.
2026-05-20 04:13:16,941 - experiment_functions - INFO - Early stopping at epoch 500. Best Recall: 0.0047
2026-05-20 04:13:17,109 - optuna.study.study - INFO - Trial 7 finished with value: 0.004717238151998201 and parameters: {'n_layers': 2, 'embedding_dim': 96, 'lr': 0.001332074153540734, 'lambda_val': 0.021864469055538162, 'batch_size': 3177, 'optimizer': 'RMSprop'}. Best is trial 4 with value: 0.034279448980397635.
2026-05-20 04:13:24,732 - experiment_functions - INFO - Early stopping at epoch 500. Best Recall: 0.0053
2026-05-20 04:13:24,832 - optuna.study.study - INFO - Trial 8 finished with value: 0.005301101595045165 and parameters: {'n_layers': 1, 'embedding_dim': 64, 'lr': 1.9194982198312926e-05, 'lambda_val': 0.001933897000648867, 'batch_size': 792, 'optimizer': 'SGD'}. Best is trial 4 with value: 0.034279448980397635.
2026-05-20 04:13:33,147 - experiment_functions - INFO - Early stopping at epoch 550. Best Recall: 0.0363
2026-05-20 04:13:33,249 - optuna.study.study - INFO - Trial 9 finished with value: 0.03625390958337897 and parameters: {'n_layers': 1, 'embedding_dim': 256, 'lr': 0.0009151990551689132, 'lambda_val': 0.0010884010092269234, 'batch_size': 3060, 'optimizer': 'RMSprop'}. Best is trial 9 with value: 0.03625390958337897.
2026-05-20 04:14:27,345 - optuna.study.study - INFO - Trial 10 finished with value: 0.027657844851871942 and parameters: {'n_layers': 2, 'embedding_dim': 64, 'lr': 0.00014754586189214382, 'lambda_val': 2.774937022551325e-06, 'batch_size': 3155, 'optimizer': 'Adam'}. Best is trial 9 with value: 0.03625390958337897.
2026-05-20 04:14:42,732 - experiment_functions - INFO - Early stopping at epoch 500. Best Recall: 0.0059
2026-05-20 04:14:42,840 - optuna.study.study - INFO - Trial 11 finished with value: 0.0059459945462088165 and parameters: {'n_layers': 3, 'embedding_dim': 256, 'lr': 0.0026568751510860464, 'lambda_val': 8.071800598338535e-05, 'batch_size': 4052, 'optimizer': 'RMSprop'}. Best is trial 9 with value: 0.03625390958337897.
2026-05-20 04:14:51,003 - experiment_functions - INFO - Early stopping at epoch 500. Best Recall: 0.0350
2026-05-20 04:14:51,557 - optuna.study.study - INFO - Trial 12 finished with value: 0.03503676199984011 and parameters: {'n_layers': 3, 'embedding_dim': 256, 'lr': 0.08734846386648065, 'lambda_val': 0.0003361609569719316, 'batch_size': 4054, 'optimizer': 'RMSprop'}. Best is trial 9 with value: 0.03625390958337897.
2026-05-20 04:15:06,013 - experiment_functions - INFO - Early stopping at epoch 950. Best Recall: 0.0223
2026-05-20 04:15:06,146 - optuna.study.study - INFO - Trial 13 finished with value: 0.022307798373287006 and parameters: {'n_layers': 3, 'embedding_dim': 256, 'lr': 0.0002056871247157803, 'lambda_val': 0.0006365379474285005, 'batch_size': 3051, 'optimizer': 'RMSprop'}. Best is trial 9 with value: 0.03625390958337897.
2026-05-20 04:15:13,647 - experiment_functions - INFO - Early stopping at epoch 500. Best Recall: 0.0082
2026-05-20 04:15:13,747 - optuna.study.study - INFO - Trial 14 finished with value: 0.00820619478635213 and parameters: {'n_layers': 2, 'embedding_dim': 32, 'lr': 0.07035976445886173, 'lambda_val': 0.00022296204936668717, 'batch_size': 3553, 'optimizer': 'RMSprop'}. Best is trial 9 with value: 0.03625390958337897.
2026-05-20 04:15:24,354 - experiment_functions - INFO - Early stopping at epoch 700. Best Recall: 0.0162
2026-05-20 04:15:24,481 - optuna.study.study - INFO - Trial 15 finished with value: 0.016173588850701377 and parameters: {'n_layers': 3, 'embedding_dim': 128, 'lr': 0.0006007243617605572, 'lambda_val': 0.0004797526771867016, 'batch_size': 2608, 'optimizer': 'Adam'}. Best is trial 9 with value: 0.03625390958337897.
2026-05-20 04:15:44,309 - experiment_functions - INFO - Early stopping at epoch 1350. Best Recall: 0.0362
2026-05-20 04:15:44,496 - optuna.study.study - INFO - Trial 16 finished with value: 0.03620628719376217 and parameters: {'n_layers': 1, 'embedding_dim': 256, 'lr': 0.00013308381915586918, 'lambda_val': 0.0031031024179687876, 'batch_size': 2701, 'optimizer': 'RMSprop'}. Best is trial 9 with value: 0.03625390958337897.
2026-05-20 04:15:54,098 - experiment_functions - INFO - Early stopping at epoch 650. Best Recall: 0.0052
2026-05-20 04:15:54,188 - optuna.study.study - INFO - Trial 17 finished with value: 0.005181247948840197 and parameters: {'n_layers': 1, 'embedding_dim': 256, 'lr': 3.047645921619241e-05, 'lambda_val': 0.05136389405794858, 'batch_size': 2545, 'optimizer': 'RMSprop'}. Best is trial 9 with value: 0.03625390958337897.
2026-05-20 04:16:08,325 - optuna.study._optimize - INFO - Trial 18 pruned. 
2026-05-20 04:16:16,215 - experiment_functions - INFO - Early stopping at epoch 500. Best Recall: 0.0050
2026-05-20 04:16:16,304 - optuna.study.study - INFO - Trial 19 finished with value: 0.004998558862197025 and parameters: {'n_layers': 1, 'embedding_dim': 128, 'lr': 8.939587451125088e-05, 'lambda_val': 0.08843626643097838, 'batch_size': 3562, 'optimizer': 'SGD'}. Best is trial 9 with value: 0.03625390958337897.
2026-05-20 04:16:23,692 - experiment_functions - INFO - Early stopping at epoch 500. Best Recall: 0.0048
2026-05-20 04:16:23,782 - optuna.study.study - INFO - Trial 20 finished with value: 0.004782442002832731 and parameters: {'n_layers': 2, 'embedding_dim': 64, 'lr': 0.0015350131209350484, 'lambda_val': 0.0018840702742682802, 'batch_size': 3465, 'optimizer': 'RMSprop'}. Best is trial 9 with value: 0.03625390958337897.
2026-05-20 04:16:35,447 - experiment_functions - INFO - Early stopping at epoch 750. Best Recall: 0.0174
2026-05-20 04:16:35,592 - optuna.study.study - INFO - Trial 21 finished with value: 0.017381948437947457 and parameters: {'n_layers': 3, 'embedding_dim': 256, 'lr': 0.00039934902559757534, 'lambda_val': 0.00019581688713524054, 'batch_size': 2817, 'optimizer': 'RMSprop'}. Best is trial 9 with value: 0.03625390958337897.
2026-05-20 04:16:43,439 - experiment_functions - INFO - Early stopping at epoch 500. Best Recall: 0.0072
2026-05-20 04:16:43,530 - optuna.study.study - INFO - Trial 22 finished with value: 0.0071685532263850195 and parameters: {'n_layers': 2, 'embedding_dim': 256, 'lr': 0.00454328371091764, 'lambda_val': 0.0010845052257115642, 'batch_size': 3759, 'optimizer': 'RMSprop'}. Best is trial 9 with value: 0.03625390958337897.
2026-05-20 04:16:57,787 - optuna.study._optimize - INFO - Trial 23 pruned. 
2026-05-20 04:17:06,276 - experiment_functions - INFO - Early stopping at epoch 550. Best Recall: 0.0070
2026-05-20 04:17:06,366 - optuna.study.study - INFO - Trial 24 finished with value: 0.006990073322967973 and parameters: {'n_layers': 2, 'embedding_dim': 256, 'lr': 0.0007967036340321842, 'lambda_val': 0.0034015173503649694, 'batch_size': 3303, 'optimizer': 'RMSprop'}. Best is trial 9 with value: 0.03625390958337897.
2026-05-20 04:17:13,788 - experiment_functions - INFO - Early stopping at epoch 500. Best Recall: 0.0027
2026-05-20 04:17:13,923 - optuna.study.study - INFO - Trial 25 finished with value: 0.0027030061615853315 and parameters: {'n_layers': 3, 'embedding_dim': 32, 'lr': 0.008564248590183374, 'lambda_val': 0.012070178671791453, 'batch_size': 2870, 'optimizer': 'RMSprop'}. Best is trial 9 with value: 0.03625390958337897.
2026-05-20 04:17:34,724 - experiment_functions - INFO - Early stopping at epoch 1450. Best Recall: 0.0419
2026-05-20 04:17:34,816 - optuna.study.study - INFO - Trial 26 finished with value: 0.04190055903435297 and parameters: {'n_layers': 1, 'embedding_dim': 256, 'lr': 0.00016936284279706371, 'lambda_val': 0.000499438570439094, 'batch_size': 3819, 'optimizer': 'RMSprop'}. Best is trial 26 with value: 0.04190055903435297.
2026-05-20 04:17:52,977 - experiment_functions - INFO - Early stopping at epoch 1300. Best Recall: 0.0395
2026-05-20 04:17:53,088 - optuna.study.study - INFO - Trial 27 finished with value: 0.03952765518154551 and parameters: {'n_layers': 1, 'embedding_dim': 256, 'lr': 0.0001837723486087532, 'lambda_val': 0.0007135341697441221, 'batch_size': 3677, 'optimizer': 'RMSprop'}. Best is trial 26 with value: 0.04190055903435297.
2026-05-20 04:18:09,497 - experiment_functions - INFO - Early stopping at epoch 1100. Best Recall: 0.0395
2026-05-20 04:18:09,585 - optuna.study.study - INFO - Trial 28 finished with value: 0.03950704617756654 and parameters: {'n_layers': 1, 'embedding_dim': 256, 'lr': 0.00030259745363947954, 'lambda_val': 5.799467733838689e-06, 'batch_size': 3765, 'optimizer': 'Adam'}. Best is trial 26 with value: 0.04190055903435297.
2026-05-20 04:18:26,933 - experiment_functions - INFO - Early stopping at epoch 1300. Best Recall: 0.0380
2026-05-20 04:18:27,025 - optuna.study.study - INFO - Trial 29 finished with value: 0.038001373689055436 and parameters: {'n_layers': 1, 'embedding_dim': 256, 'lr': 0.0002644769056373607, 'lambda_val': 4.74145211348853e-06, 'batch_size': 3735, 'optimizer': 'Adam'}. Best is trial 26 with value: 0.04190055903435297.
2026-05-20 04:18:39,689 - optuna.study._optimize - INFO - Trial 30 pruned. 
2026-05-20 04:19:02,855 - experiment_functions - INFO - Early stopping at epoch 1700. Best Recall: 0.0393
2026-05-20 04:19:02,952 - optuna.study.study - INFO - Trial 31 finished with value: 0.039310433740928706 and parameters: {'n_layers': 1, 'embedding_dim': 256, 'lr': 0.00021961772611312413, 'lambda_val': 1.5395775774149535e-06, 'batch_size': 3703, 'optimizer': 'Adam'}. Best is trial 26 with value: 0.04190055903435297.
2026-05-20 04:19:10,437 - experiment_functions - INFO - Early stopping at epoch 500. Best Recall: 0.0053
2026-05-20 04:19:10,536 - optuna.study.study - INFO - Trial 32 finished with value: 0.00528757620553645 and parameters: {'n_layers': 1, 'embedding_dim': 256, 'lr': 1.0306337479001193e-05, 'lambda_val': 1.1568101762089797e-06, 'batch_size': 3429, 'optimizer': 'Adam'}. Best is trial 26 with value: 0.04190055903435297.
2026-05-20 04:19:24,215 - experiment_functions - INFO - Early stopping at epoch 950. Best Recall: 0.0397
2026-05-20 04:19:24,350 - optuna.study.study - INFO - Trial 33 finished with value: 0.039705435882606326 and parameters: {'n_layers': 1, 'embedding_dim': 128, 'lr': 0.0004701240180817068, 'lambda_val': 1.1126120316124131e-06, 'batch_size': 3699, 'optimizer': 'Adam'}. Best is trial 26 with value: 0.04190055903435297.
2026-05-20 04:19:38,314 - experiment_functions - INFO - Early stopping at epoch 1050. Best Recall: 0.0404
2026-05-20 04:19:38,405 - optuna.study.study - INFO - Trial 34 finished with value: 0.040444003819347 and parameters: {'n_layers': 1, 'embedding_dim': 128, 'lr': 0.0003591581047797667, 'lambda_val': 5.773783813866126e-06, 'batch_size': 4096, 'optimizer': 'Adam'}. Best is trial 26 with value: 0.04190055903435297.
2026-05-20 04:19:49,403 - experiment_functions - INFO - Early stopping at epoch 800. Best Recall: 0.0366
2026-05-20 04:19:49,502 - optuna.study.study - INFO - Trial 35 finished with value: 0.036649000205822756 and parameters: {'n_layers': 1, 'embedding_dim': 128, 'lr': 0.0004700106211112862, 'lambda_val': 1.4316546726437433e-05, 'batch_size': 4024, 'optimizer': 'Adam'}. Best is trial 26 with value: 0.04190055903435297.
2026-05-20 04:19:57,031 - experiment_functions - INFO - Early stopping at epoch 500. Best Recall: 0.0050
2026-05-20 04:19:57,142 - optuna.study.study - INFO - Trial 36 finished with value: 0.005001580763960275 and parameters: {'n_layers': 2, 'embedding_dim': 128, 'lr': 0.00011873626858531348, 'lambda_val': 4.2604474544117564e-05, 'batch_size': 3898, 'optimizer': 'SGD'}. Best is trial 26 with value: 0.04190055903435297.
2026-05-20 04:20:05,541 - experiment_functions - INFO - Early stopping at epoch 550. Best Recall: 0.0395
2026-05-20 04:20:05,649 - optuna.study.study - INFO - Trial 37 finished with value: 0.03954131101242142 and parameters: {'n_layers': 1, 'embedding_dim': 128, 'lr': 0.0022483442958029704, 'lambda_val': 3.350867662774322e-06, 'batch_size': 3325, 'optimizer': 'Adam'}. Best is trial 26 with value: 0.04190055903435297.
2026-05-20 04:20:14,247 - experiment_functions - INFO - Early stopping at epoch 600. Best Recall: 0.0420
2026-05-20 04:20:14,404 - optuna.study.study - INFO - Trial 38 finished with value: 0.042012648552464726 and parameters: {'n_layers': 1, 'embedding_dim': 128, 'lr': 0.0018740701463101056, 'lambda_val': 2.60171523101019e-06, 'batch_size': 1715, 'optimizer': 'Adam'}. Best is trial 38 with value: 0.042012648552464726.
2026-05-20 04:20:22,038 - experiment_functions - INFO - Early stopping at epoch 550. Best Recall: 0.0317
2026-05-20 04:20:22,139 - optuna.study.study - INFO - Trial 39 finished with value: 0.03170974284553504 and parameters: {'n_layers': 2, 'embedding_dim': 128, 'lr': 0.0016922350102434281, 'lambda_val': 9.016396491203632e-06, 'batch_size': 1940, 'optimizer': 'Adam'}. Best is trial 38 with value: 0.042012648552464726.
2026-05-20 04:20:33,237 - experiment_functions - INFO - Early stopping at epoch 800. Best Recall: 0.0418
2026-05-20 04:20:33,327 - optuna.study.study - INFO - Trial 40 finished with value: 0.04182285516192557 and parameters: {'n_layers': 1, 'embedding_dim': 128, 'lr': 0.0006661162086675969, 'lambda_val': 2.346399585193546e-06, 'batch_size': 1520, 'optimizer': 'Adam'}. Best is trial 38 with value: 0.042012648552464726.
2026-05-20 04:20:44,604 - experiment_functions - INFO - Early stopping at epoch 850. Best Recall: 0.0420
2026-05-20 04:20:44,694 - optuna.study.study - INFO - Trial 41 finished with value: 0.04199558163879337 and parameters: {'n_layers': 1, 'embedding_dim': 128, 'lr': 0.0006717835493300496, 'lambda_val': 2.146223268922116e-06, 'batch_size': 1542, 'optimizer': 'Adam'}. Best is trial 38 with value: 0.042012648552464726.
2026-05-20 04:20:54,473 - experiment_functions - INFO - Early stopping at epoch 750. Best Recall: 0.0409
2026-05-20 04:20:54,562 - optuna.study.study - INFO - Trial 42 finished with value: 0.04090321397301495 and parameters: {'n_layers': 1, 'embedding_dim': 128, 'lr': 0.0008719702007762558, 'lambda_val': 2.3308940823853897e-06, 'batch_size': 1492, 'optimizer': 'Adam'}. Best is trial 38 with value: 0.042012648552464726.
2026-05-20 04:21:01,932 - experiment_functions - INFO - Early stopping at epoch 550. Best Recall: 0.0423
2026-05-20 04:21:02,081 - optuna.study.study - INFO - Trial 43 finished with value: 0.04229479700317 and parameters: {'n_layers': 1, 'embedding_dim': 96, 'lr': 0.003781254550948561, 'lambda_val': 1.9960500233888922e-06, 'batch_size': 1518, 'optimizer': 'Adam'}. Best is trial 43 with value: 0.04229479700317.
2026-05-20 04:21:10,736 - experiment_functions - INFO - Early stopping at epoch 550. Best Recall: 0.0065
2026-05-20 04:21:10,834 - optuna.study.study - INFO - Trial 44 finished with value: 0.006470799335845493 and parameters: {'n_layers': 4, 'embedding_dim': 96, 'lr': 0.0036307829208051313, 'lambda_val': 1.8637365129070282e-06, 'batch_size': 1532, 'optimizer': 'Adam'}. Best is trial 43 with value: 0.04229479700317.
2026-05-20 04:21:18,376 - experiment_functions - INFO - Early stopping at epoch 550. Best Recall: 0.0373
2026-05-20 04:21:18,479 - optuna.study.study - INFO - Trial 45 finished with value: 0.03732442481473687 and parameters: {'n_layers': 1, 'embedding_dim': 96, 'lr': 0.008442258359397064, 'lambda_val': 2.3477052131884004e-05, 'batch_size': 1176, 'optimizer': 'Adam'}. Best is trial 43 with value: 0.04229479700317.
2026-05-20 04:21:25,519 - experiment_functions - INFO - Early stopping at epoch 500. Best Recall: 0.0053
2026-05-20 04:21:25,627 - optuna.study.study - INFO - Trial 46 finished with value: 0.00532325467027062 and parameters: {'n_layers': 1, 'embedding_dim': 96, 'lr': 0.0011955348785094955, 'lambda_val': 2.7180309085384342e-06, 'batch_size': 1760, 'optimizer': 'SGD'}. Best is trial 43 with value: 0.04229479700317.
2026-05-20 04:21:32,581 - experiment_functions - INFO - Early stopping at epoch 500. Best Recall: 0.0049
2026-05-20 04:21:32,672 - optuna.study.study - INFO - Trial 47 finished with value: 0.004943013490090701 and parameters: {'n_layers': 2, 'embedding_dim': 96, 'lr': 0.019088968213931825, 'lambda_val': 3.5686124601075227e-06, 'batch_size': 1115, 'optimizer': 'Adam'}. Best is trial 43 with value: 0.04229479700317.
2026-05-20 04:21:41,093 - experiment_functions - INFO - Early stopping at epoch 600. Best Recall: 0.0434
2026-05-20 04:21:41,183 - optuna.study.study - INFO - Trial 48 finished with value: 0.043373614937474804 and parameters: {'n_layers': 1, 'embedding_dim': 128, 'lr': 0.002976560863253911, 'lambda_val': 0.00010959812790222436, 'batch_size': 882, 'optimizer': 'Adam'}. Best is trial 48 with value: 0.043373614937474804.
2026-05-20 04:21:48,620 - experiment_functions - INFO - Early stopping at epoch 550. Best Recall: 0.0375
2026-05-20 04:21:48,714 - optuna.study.study - INFO - Trial 49 finished with value: 0.037529982787561623 and parameters: {'n_layers': 2, 'embedding_dim': 64, 'lr': 0.002811455981794628, 'lambda_val': 0.00012651320059572346, 'batch_size': 625, 'optimizer': 'Adam'}. Best is trial 48 with value: 0.043373614937474804.
2026-05-20 04:21:56,013 - experiment_functions - INFO - Early stopping at epoch 550. Best Recall: 0.0428
2026-05-20 04:21:56,112 - optuna.study.study - INFO - Trial 50 finished with value: 0.042837881858426206 and parameters: {'n_layers': 1, 'embedding_dim': 96, 'lr': 0.006176691271820393, 'lambda_val': 6.365081948576999e-05, 'batch_size': 1034, 'optimizer': 'Adam'}. Best is trial 48 with value: 0.043373614937474804.
2026-05-20 04:22:03,431 - experiment_functions - INFO - Early stopping at epoch 550. Best Recall: 0.0387
2026-05-20 04:22:03,523 - optuna.study.study - INFO - Trial 51 finished with value: 0.03869992498103322 and parameters: {'n_layers': 1, 'embedding_dim': 96, 'lr': 0.00655469813121055, 'lambda_val': 7.962099143996669e-05, 'batch_size': 1019, 'optimizer': 'Adam'}. Best is trial 48 with value: 0.043373614937474804.
2026-05-20 04:22:11,083 - experiment_functions - INFO - Early stopping at epoch 550. Best Recall: 0.0266
2026-05-20 04:22:11,175 - optuna.study.study - INFO - Trial 52 finished with value: 0.026628325752037614 and parameters: {'n_layers': 1, 'embedding_dim': 96, 'lr': 0.015379186396831333, 'lambda_val': 3.0837097523360125e-05, 'batch_size': 853, 'optimizer': 'Adam'}. Best is trial 48 with value: 0.043373614937474804.
2026-05-20 04:22:18,409 - experiment_functions - INFO - Early stopping at epoch 550. Best Recall: 0.0409
2026-05-20 04:22:18,500 - optuna.study.study - INFO - Trial 53 finished with value: 0.04090074568994702 and parameters: {'n_layers': 1, 'embedding_dim': 96, 'lr': 0.004064599664658751, 'lambda_val': 0.00013187927864456795, 'batch_size': 1324, 'optimizer': 'Adam'}. Best is trial 48 with value: 0.043373614937474804.
2026-05-20 04:22:26,423 - experiment_functions - INFO - Early stopping at epoch 600. Best Recall: 0.0411
2026-05-20 04:22:26,526 - optuna.study.study - INFO - Trial 54 finished with value: 0.04107100010949395 and parameters: {'n_layers': 1, 'embedding_dim': 128, 'lr': 0.002348401211870121, 'lambda_val': 5.799303701991208e-05, 'batch_size': 1771, 'optimizer': 'Adam'}. Best is trial 48 with value: 0.043373614937474804.
2026-05-20 04:22:33,042 - experiment_functions - INFO - Early stopping at epoch 500. Best Recall: 0.0048
2026-05-20 04:22:33,143 - optuna.study.study - INFO - Trial 55 finished with value: 0.0048166862123908945 and parameters: {'n_layers': 1, 'embedding_dim': 96, 'lr': 0.005899648750862187, 'lambda_val': 0.00033359886482092326, 'batch_size': 1312, 'optimizer': 'SGD'}. Best is trial 48 with value: 0.043373614937474804.
2026-05-20 04:22:40,584 - experiment_functions - INFO - Early stopping at epoch 500. Best Recall: 0.0057
2026-05-20 04:22:40,685 - optuna.study.study - INFO - Trial 56 finished with value: 0.005690014023300748 and parameters: {'n_layers': 1, 'embedding_dim': 128, 'lr': 0.03795902318632202, 'lambda_val': 0.00021063886423939703, 'batch_size': 2016, 'optimizer': 'Adam'}. Best is trial 48 with value: 0.043373614937474804.
2026-05-20 04:22:49,502 - experiment_functions - INFO - Early stopping at epoch 650. Best Recall: 0.0437
2026-05-20 04:22:49,607 - optuna.study.study - INFO - Trial 57 finished with value: 0.04366997983398876 and parameters: {'n_layers': 1, 'embedding_dim': 64, 'lr': 0.0017957983798859783, 'lambda_val': 1.6872068682486707e-05, 'batch_size': 934, 'optimizer': 'Adam'}. Best is trial 57 with value: 0.04366997983398876.
2026-05-20 04:22:58,820 - experiment_functions - INFO - Early stopping at epoch 700. Best Recall: 0.0448
2026-05-20 04:22:58,913 - optuna.study.study - INFO - Trial 58 finished with value: 0.04480849008971031 and parameters: {'n_layers': 1, 'embedding_dim': 64, 'lr': 0.0018235137269396087, 'lambda_val': 1.6759509686188545e-05, 'batch_size': 552, 'optimizer': 'Adam'}. Best is trial 58 with value: 0.04480849008971031.
2026-05-20 04:23:07,091 - experiment_functions - INFO - Early stopping at epoch 600. Best Recall: 0.0372
2026-05-20 04:23:07,179 - optuna.study.study - INFO - Trial 59 finished with value: 0.0372189578676341 and parameters: {'n_layers': 2, 'embedding_dim': 64, 'lr': 0.0016371502807273194, 'lambda_val': 1.6758927135069578e-05, 'batch_size': 569, 'optimizer': 'Adam'}. Best is trial 58 with value: 0.04480849008971031.
2026-05-20 04:23:15,829 - experiment_functions - INFO - Early stopping at epoch 600. Best Recall: 0.0442
2026-05-20 04:23:15,929 - optuna.study.study - INFO - Trial 60 finished with value: 0.04424272477182212 and parameters: {'n_layers': 1, 'embedding_dim': 64, 'lr': 0.0028195368888097217, 'lambda_val': 8.581023655851276e-06, 'batch_size': 864, 'optimizer': 'Adam'}. Best is trial 58 with value: 0.04480849008971031.
2026-05-20 04:23:24,010 - experiment_functions - INFO - Early stopping at epoch 600. Best Recall: 0.0431
2026-05-20 04:23:24,109 - optuna.study.study - INFO - Trial 61 finished with value: 0.043122037527912965 and parameters: {'n_layers': 1, 'embedding_dim': 64, 'lr': 0.0034199334964145445, 'lambda_val': 1.4841927747756994e-05, 'batch_size': 810, 'optimizer': 'Adam'}. Best is trial 58 with value: 0.04480849008971031.
2026-05-20 04:23:32,399 - experiment_functions - INFO - Early stopping at epoch 600. Best Recall: 0.0436
2026-05-20 04:23:32,586 - optuna.study.study - INFO - Trial 62 finished with value: 0.043646389259784396 and parameters: {'n_layers': 1, 'embedding_dim': 64, 'lr': 0.003294784441190194, 'lambda_val': 8.697054032074559e-06, 'batch_size': 780, 'optimizer': 'Adam'}. Best is trial 58 with value: 0.04480849008971031.
2026-05-20 04:23:40,785 - experiment_functions - INFO - Early stopping at epoch 550. Best Recall: 0.0356
2026-05-20 04:23:40,904 - optuna.study.study - INFO - Trial 63 finished with value: 0.035551422390174746 and parameters: {'n_layers': 1, 'embedding_dim': 64, 'lr': 0.010128187072847347, 'lambda_val': 9.744900683003803e-06, 'batch_size': 760, 'optimizer': 'Adam'}. Best is trial 58 with value: 0.04480849008971031.
2026-05-20 04:23:50,172 - experiment_functions - INFO - Early stopping at epoch 700. Best Recall: 0.0439
2026-05-20 04:23:50,262 - optuna.study.study - INFO - Trial 64 finished with value: 0.04392273733699997 and parameters: {'n_layers': 1, 'embedding_dim': 64, 'lr': 0.0011452965499810916, 'lambda_val': 1.7548702588526382e-05, 'batch_size': 944, 'optimizer': 'Adam'}. Best is trial 58 with value: 0.04480849008971031.
2026-05-20 04:24:01,340 - experiment_functions - INFO - Early stopping at epoch 850. Best Recall: 0.0449
2026-05-20 04:24:01,435 - optuna.study.study - INFO - Trial 65 finished with value: 0.04485143606600341 and parameters: {'n_layers': 1, 'embedding_dim': 64, 'lr': 0.0010376473763041314, 'lambda_val': 1.8615788675744877e-05, 'batch_size': 871, 'optimizer': 'Adam'}. Best is trial 65 with value: 0.04485143606600341.
2026-05-20 04:24:10,851 - experiment_functions - INFO - Early stopping at epoch 700. Best Recall: 0.0447
2026-05-20 04:24:10,941 - optuna.study.study - INFO - Trial 66 finished with value: 0.044693228057284935 and parameters: {'n_layers': 1, 'embedding_dim': 64, 'lr': 0.0012343884545234155, 'lambda_val': 2.7035083156704468e-05, 'batch_size': 932, 'optimizer': 'Adam'}. Best is trial 65 with value: 0.04485143606600341.
2026-05-20 04:24:22,843 - experiment_functions - INFO - Early stopping at epoch 900. Best Recall: 0.0457
2026-05-20 04:24:22,937 - optuna.study.study - INFO - Trial 67 finished with value: 0.04569868096657098 and parameters: {'n_layers': 1, 'embedding_dim': 64, 'lr': 0.0010397311522989566, 'lambda_val': 2.092965938161775e-05, 'batch_size': 711, 'optimizer': 'Adam'}. Best is trial 67 with value: 0.04569868096657098.
2026-05-20 04:24:29,772 - experiment_functions - INFO - Early stopping at epoch 500. Best Recall: 0.0048
2026-05-20 04:24:29,883 - optuna.study.study - INFO - Trial 68 finished with value: 0.004791832090124384 and parameters: {'n_layers': 1, 'embedding_dim': 64, 'lr': 0.0011280247106313255, 'lambda_val': 2.380476929644864e-05, 'batch_size': 671, 'optimizer': 'SGD'}. Best is trial 67 with value: 0.04569868096657098.
2026-05-20 04:24:38,940 - experiment_functions - INFO - Early stopping at epoch 650. Best Recall: 0.0413
2026-05-20 04:24:39,039 - optuna.study.study - INFO - Trial 69 finished with value: 0.04130932522492396 and parameters: {'n_layers': 2, 'embedding_dim': 64, 'lr': 0.0011613713940553314, 'lambda_val': 3.254988893329625e-05, 'batch_size': 517, 'optimizer': 'Adam'}. Best is trial 67 with value: 0.04569868096657098.
2026-05-20 04:24:49,496 - experiment_functions - INFO - Early stopping at epoch 750. Best Recall: 0.0443
2026-05-20 04:24:49,604 - optuna.study.study - INFO - Trial 70 finished with value: 0.04434611336252158 and parameters: {'n_layers': 1, 'embedding_dim': 64, 'lr': 0.0008668528569332492, 'lambda_val': 1.7003696078575974e-05, 'batch_size': 996, 'optimizer': 'Adam'}. Best is trial 67 with value: 0.04569868096657098.
2026-05-20 04:25:02,832 - experiment_functions - INFO - Early stopping at epoch 1000. Best Recall: 0.0437
2026-05-20 04:25:03,011 - optuna.study.study - INFO - Trial 71 finished with value: 0.043732184029707674 and parameters: {'n_layers': 1, 'embedding_dim': 64, 'lr': 0.0009950041913321488, 'lambda_val': 1.588848076529263e-05, 'batch_size': 964, 'optimizer': 'Adam'}. Best is trial 67 with value: 0.04569868096657098.
2026-05-20 04:25:15,543 - experiment_functions - INFO - Early stopping at epoch 950. Best Recall: 0.0457
2026-05-20 04:25:15,637 - optuna.study.study - INFO - Trial 72 finished with value: 0.0457187566212614 and parameters: {'n_layers': 1, 'embedding_dim': 64, 'lr': 0.0009162052198006621, 'lambda_val': 7.530059746171354e-06, 'batch_size': 670, 'optimizer': 'Adam'}. Best is trial 72 with value: 0.0457187566212614.
2026-05-20 04:25:25,116 - experiment_functions - INFO - Early stopping at epoch 700. Best Recall: 0.0448
2026-05-20 04:25:25,214 - optuna.study.study - INFO - Trial 73 finished with value: 0.04482018845434597 and parameters: {'n_layers': 1, 'embedding_dim': 64, 'lr': 0.0013628408088784015, 'lambda_val': 6.6792335299471644e-06, 'batch_size': 660, 'optimizer': 'Adam'}. Best is trial 72 with value: 0.0457187566212614.
2026-05-20 04:25:58,118 - experiment_functions - INFO - Early stopping at epoch 2650. Best Recall: 0.0458
2026-05-20 04:25:58,230 - optuna.study.study - INFO - Trial 74 finished with value: 0.04581897690474457 and parameters: {'n_layers': 1, 'embedding_dim': 64, 'lr': 0.0004684995008765364, 'lambda_val': 7.075853453275322e-06, 'batch_size': 667, 'optimizer': 'Adam'}. Best is trial 74 with value: 0.04581897690474457.
2026-05-20 04:26:10,827 - experiment_functions - INFO - Early stopping at epoch 900. Best Recall: 0.0188
2026-05-20 04:26:10,918 - optuna.study.study - INFO - Trial 75 finished with value: 0.018772162314216183 and parameters: {'n_layers': 4, 'embedding_dim': 64, 'lr': 0.0005303317778988424, 'lambda_val': 5.812489450423556e-06, 'batch_size': 736, 'optimizer': 'Adam'}. Best is trial 74 with value: 0.04581897690474457.
2026-05-20 04:26:25,860 - experiment_functions - INFO - Early stopping at epoch 1200. Best Recall: 0.0461
2026-05-20 04:26:25,952 - optuna.study.study - INFO - Trial 76 finished with value: 0.04614941089937034 and parameters: {'n_layers': 1, 'embedding_dim': 64, 'lr': 0.0008018450763252267, 'lambda_val': 4.211778943320274e-06, 'batch_size': 636, 'optimizer': 'Adam'}. Best is trial 76 with value: 0.04614941089937034.
2026-05-20 04:27:10,442 - experiment_functions - INFO - Early stopping at epoch 3550. Best Recall: 0.0462
2026-05-20 04:27:10,549 - optuna.study.study - INFO - Trial 77 finished with value: 0.04617186493212921 and parameters: {'n_layers': 1, 'embedding_dim': 64, 'lr': 0.0003544813053620831, 'lambda_val': 4.64213333832874e-06, 'batch_size': 658, 'optimizer': 'Adam'}. Best is trial 77 with value: 0.04617186493212921.
2026-05-20 04:27:32,948 - optuna.study._optimize - INFO - Trial 78 pruned. 
2026-05-20 04:27:54,685 - optuna.study._optimize - INFO - Trial 79 pruned. 
2026-05-20 04:28:11,320 - experiment_functions - INFO - Early stopping at epoch 1250. Best Recall: 0.0454
2026-05-20 04:28:11,454 - optuna.study.study - INFO - Trial 80 finished with value: 0.0454091408776984 and parameters: {'n_layers': 1, 'embedding_dim': 64, 'lr': 0.0006936747180802804, 'lambda_val': 1.2000439404839644e-05, 'batch_size': 694, 'optimizer': 'Adam'}. Best is trial 77 with value: 0.04617186493212921.
2026-05-20 04:28:44,531 - experiment_functions - INFO - Early stopping at epoch 2700. Best Recall: 0.0459
2026-05-20 04:28:44,640 - optuna.study.study - INFO - Trial 81 finished with value: 0.04592515333834349 and parameters: {'n_layers': 1, 'embedding_dim': 64, 'lr': 0.0004175005124417569, 'lambda_val': 4.811876623292777e-06, 'batch_size': 711, 'optimizer': 'Adam'}. Best is trial 77 with value: 0.04617186493212921.
2026-05-20 04:29:01,603 - experiment_functions - INFO - Early stopping at epoch 1300. Best Recall: 0.0448
2026-05-20 04:29:01,703 - optuna.study.study - INFO - Trial 82 finished with value: 0.04484155526334839 and parameters: {'n_layers': 1, 'embedding_dim': 64, 'lr': 0.0006735001147321094, 'lambda_val': 1.1733567597915733e-05, 'batch_size': 729, 'optimizer': 'Adam'}. Best is trial 77 with value: 0.04617186493212921.
2026-05-20 04:29:15,860 - experiment_functions - INFO - Early stopping at epoch 1100. Best Recall: 0.0456
2026-05-20 04:29:15,969 - optuna.study.study - INFO - Trial 83 finished with value: 0.04556844513683476 and parameters: {'n_layers': 1, 'embedding_dim': 64, 'lr': 0.0006853406929169965, 'lambda_val': 1.1500922203549726e-05, 'batch_size': 712, 'optimizer': 'Adam'}. Best is trial 77 with value: 0.04617186493212921.
2026-05-20 04:29:35,376 - optuna.study._optimize - INFO - Trial 84 pruned. 
2026-05-20 04:29:48,187 - experiment_functions - INFO - Early stopping at epoch 1000. Best Recall: 0.0436
2026-05-20 04:29:48,274 - optuna.study.study - INFO - Trial 85 finished with value: 0.04356787943555272 and parameters: {'n_layers': 1, 'embedding_dim': 64, 'lr': 0.0005897091649419956, 'lambda_val': 3.3084553491582693e-06, 'batch_size': 1271, 'optimizer': 'Adam'}. Best is trial 77 with value: 0.04617186493212921.
2026-05-20 04:29:55,105 - experiment_functions - INFO - Early stopping at epoch 500. Best Recall: 0.0048
2026-05-20 04:29:55,194 - optuna.study.study - INFO - Trial 86 finished with value: 0.004767420102745157 and parameters: {'n_layers': 1, 'embedding_dim': 64, 'lr': 0.0003049301693914054, 'lambda_val': 6.778140804859052e-06, 'batch_size': 716, 'optimizer': 'SGD'}. Best is trial 77 with value: 0.04617186493212921.
2026-05-20 04:30:12,096 - experiment_functions - INFO - Early stopping at epoch 1300. Best Recall: 0.0461
2026-05-20 04:30:12,195 - optuna.study.study - INFO - Trial 87 finished with value: 0.046051554082399415 and parameters: {'n_layers': 1, 'embedding_dim': 64, 'lr': 0.0007562788705760472, 'lambda_val': 1.0786296862715159e-05, 'batch_size': 618, 'optimizer': 'Adam'}. Best is trial 77 with value: 0.04617186493212921.
2026-05-20 04:30:28,254 - experiment_functions - INFO - Early stopping at epoch 1250. Best Recall: 0.0460
2026-05-20 04:30:28,344 - optuna.study.study - INFO - Trial 88 finished with value: 0.045996254523502436 and parameters: {'n_layers': 1, 'embedding_dim': 64, 'lr': 0.0007405269521053239, 'lambda_val': 1.5193826055435782e-06, 'batch_size': 598, 'optimizer': 'Adam'}. Best is trial 77 with value: 0.04617186493212921.
2026-05-20 04:31:02,921 - experiment_functions - INFO - Early stopping at epoch 2850. Best Recall: 0.0462
2026-05-20 04:31:03,014 - optuna.study.study - INFO - Trial 89 finished with value: 0.04619897404995165 and parameters: {'n_layers': 1, 'embedding_dim': 64, 'lr': 0.0003971223781197992, 'lambda_val': 1.4985852864371922e-06, 'batch_size': 512, 'optimizer': 'Adam'}. Best is trial 89 with value: 0.04619897404995165.
2026-05-20 04:31:15,930 - optuna.study._optimize - INFO - Trial 90 pruned. 
2026-05-20 04:31:33,943 - experiment_functions - INFO - Early stopping at epoch 1450. Best Recall: 0.0461
2026-05-20 04:31:34,044 - optuna.study.study - INFO - Trial 91 finished with value: 0.04612267891310209 and parameters: {'n_layers': 1, 'embedding_dim': 64, 'lr': 0.0005021109266214005, 'lambda_val': 1.7430762159140086e-06, 'batch_size': 604, 'optimizer': 'Adam'}. Best is trial 89 with value: 0.04619897404995165.
2026-05-20 04:32:03,383 - experiment_functions - INFO - Early stopping at epoch 2450. Best Recall: 0.0462
2026-05-20 04:32:03,594 - optuna.study.study - INFO - Trial 92 finished with value: 0.046246629430762534 and parameters: {'n_layers': 1, 'embedding_dim': 64, 'lr': 0.0005272241426219294, 'lambda_val': 1.3522813706789614e-06, 'batch_size': 602, 'optimizer': 'Adam'}. Best is trial 92 with value: 0.046246629430762534.
2026-05-20 04:32:21,819 - optuna.study._optimize - INFO - Trial 93 pruned. 
2026-05-20 04:32:35,051 - optuna.study._optimize - INFO - Trial 94 pruned. 
2026-05-20 04:33:25,386 - optuna.study.study - INFO - Trial 95 finished with value: 0.04635033042688343 and parameters: {'n_layers': 1, 'embedding_dim': 64, 'lr': 0.000360975235002567, 'lambda_val': 1.7582750991595414e-06, 'batch_size': 608, 'optimizer': 'Adam'}. Best is trial 95 with value: 0.04635033042688343.
2026-05-20 04:33:39,896 - optuna.study._optimize - INFO - Trial 96 pruned. 
2026-05-20 04:33:53,898 - optuna.study._optimize - INFO - Trial 97 pruned. 
2026-05-20 04:34:08,067 - optuna.study._optimize - INFO - Trial 98 pruned. 
2026-05-20 04:34:15,748 - experiment_functions - INFO - Early stopping at epoch 500. Best Recall: 0.0046
2026-05-20 04:34:15,838 - optuna.study.study - INFO - Trial 99 finished with value: 0.004641268775066244 and parameters: {'n_layers': 3, 'embedding_dim': 64, 'lr': 0.00038175128888122374, 'lambda_val': 1.0590330162524241e-06, 'batch_size': 817, 'optimizer': 'SGD'}. Best is trial 95 with value: 0.04635033042688343.
2026-05-20 04:34:27,320 - experiment_functions - INFO - Early stopping at epoch 800. Best Recall: 0.0351
2026-05-20 04:34:27,410 - optuna.study.study - INFO - Trial 100 finished with value: 0.035093039330659284 and parameters: {'n_layers': 2, 'embedding_dim': 64, 'lr': 0.0005591560789824871, 'lambda_val': 1.7771007226346053e-06, 'batch_size': 1088, 'optimizer': 'Adam'}. Best is trial 95 with value: 0.04635033042688343.
2026-05-20 04:34:43,842 - optuna.study._optimize - INFO - Trial 101 pruned. 
2026-05-20 04:35:00,102 - optuna.study._optimize - INFO - Trial 102 pruned. 
2026-05-20 04:35:13,861 - optuna.study._optimize - INFO - Trial 103 pruned. 
2026-05-20 04:35:33,067 - optuna.study._optimize - INFO - Trial 104 pruned. 
2026-05-20 04:35:47,248 - optuna.study._optimize - INFO - Trial 105 pruned. 
2026-05-20 04:36:08,001 - experiment_functions - INFO - Early stopping at epoch 1450. Best Recall: 0.0465
2026-05-20 04:36:08,168 - optuna.study.study - INFO - Trial 106 finished with value: 0.04652650287245331 and parameters: {'n_layers': 1, 'embedding_dim': 64, 'lr': 0.0005287385977585193, 'lambda_val': 4.965291424366303e-06, 'batch_size': 653, 'optimizer': 'RMSprop'}. Best is trial 106 with value: 0.04652650287245331.
2026-05-20 04:36:39,085 - experiment_functions - INFO - Early stopping at epoch 2300. Best Recall: 0.0461
2026-05-20 04:36:39,185 - optuna.study.study - INFO - Trial 107 finished with value: 0.04609349653522861 and parameters: {'n_layers': 1, 'embedding_dim': 64, 'lr': 0.0005356819326209492, 'lambda_val': 4.740464397860902e-06, 'batch_size': 611, 'optimizer': 'RMSprop'}. Best is trial 106 with value: 0.04652650287245331.
2026-05-20 04:37:02,536 - experiment_functions - INFO - Early stopping at epoch 1700. Best Recall: 0.0461
2026-05-20 04:37:02,627 - optuna.study.study - INFO - Trial 108 finished with value: 0.04614402134084766 and parameters: {'n_layers': 1, 'embedding_dim': 64, 'lr': 0.0005348067282158532, 'lambda_val': 4.393462435794773e-06, 'batch_size': 770, 'optimizer': 'RMSprop'}. Best is trial 106 with value: 0.04652650287245331.
2026-05-20 04:37:19,999 - experiment_functions - INFO - Early stopping at epoch 1250. Best Recall: 0.0464
2026-05-20 04:37:20,099 - optuna.study.study - INFO - Trial 109 finished with value: 0.04639220205446282 and parameters: {'n_layers': 1, 'embedding_dim': 64, 'lr': 0.000532046784021011, 'lambda_val': 2.7935182033328396e-06, 'batch_size': 807, 'optimizer': 'RMSprop'}. Best is trial 106 with value: 0.04652650287245331.
2026-05-20 04:37:41,403 - experiment_functions - INFO - Early stopping at epoch 1500. Best Recall: 0.0473
2026-05-20 04:37:41,559 - optuna.study.study - INFO - Trial 110 finished with value: 0.047276272056161625 and parameters: {'n_layers': 1, 'embedding_dim': 32, 'lr': 0.0005578590065610093, 'lambda_val': 5.222432435124281e-06, 'batch_size': 875, 'optimizer': 'RMSprop'}. Best is trial 110 with value: 0.047276272056161625.
2026-05-20 04:38:03,959 - experiment_functions - INFO - Early stopping at epoch 1600. Best Recall: 0.0473
2026-05-20 04:38:04,059 - optuna.study.study - INFO - Trial 111 finished with value: 0.04725107159088788 and parameters: {'n_layers': 1, 'embedding_dim': 32, 'lr': 0.0005674830712434262, 'lambda_val': 4.950320900869065e-06, 'batch_size': 820, 'optimizer': 'RMSprop'}. Best is trial 110 with value: 0.047276272056161625.
2026-05-20 04:38:27,401 - experiment_functions - INFO - Early stopping at epoch 1650. Best Recall: 0.0476
2026-05-20 04:38:27,549 - optuna.study.study - INFO - Trial 112 finished with value: 0.0475524059075818 and parameters: {'n_layers': 1, 'embedding_dim': 32, 'lr': 0.0005623758185636371, 'lambda_val': 5.164345700581003e-06, 'batch_size': 841, 'optimizer': 'RMSprop'}. Best is trial 112 with value: 0.0475524059075818.
2026-05-20 04:38:41,174 - optuna.study._optimize - INFO - Trial 113 pruned. 
2026-05-20 04:38:54,558 - optuna.study._optimize - INFO - Trial 114 pruned. 
2026-05-20 04:39:13,569 - optuna.study._optimize - INFO - Trial 115 pruned. 
2026-05-20 04:39:26,665 - optuna.study._optimize - INFO - Trial 116 pruned. 
2026-05-20 04:40:16,862 - optuna.study.study - INFO - Trial 117 finished with value: 0.04702934622121983 and parameters: {'n_layers': 1, 'embedding_dim': 32, 'lr': 0.0003798587957275163, 'lambda_val': 2.79760991369022e-06, 'batch_size': 767, 'optimizer': 'RMSprop'}. Best is trial 112 with value: 0.0475524059075818.
2026-05-20 04:40:59,211 - experiment_functions - INFO - Early stopping at epoch 3350. Best Recall: 0.0473
2026-05-20 04:40:59,311 - optuna.study.study - INFO - Trial 118 finished with value: 0.04732340180079272 and parameters: {'n_layers': 1, 'embedding_dim': 32, 'lr': 0.00038160634009843335, 'lambda_val': 2.713220609578899e-06, 'batch_size': 987, 'optimizer': 'RMSprop'}. Best is trial 112 with value: 0.0475524059075818.
2026-05-20 04:41:12,385 - optuna.study._optimize - INFO - Trial 119 pruned. 
2026-05-20 04:41:24,828 - optuna.study._optimize - INFO - Trial 120 pruned. 
2026-05-20 04:42:12,621 - optuna.study.study - INFO - Trial 121 finished with value: 0.04749035611525582 and parameters: {'n_layers': 1, 'embedding_dim': 32, 'lr': 0.00036143489259474925, 'lambda_val': 3.3703682202616394e-06, 'batch_size': 805, 'optimizer': 'RMSprop'}. Best is trial 112 with value: 0.0475524059075818.
2026-05-20 04:42:53,295 - experiment_functions - INFO - Early stopping at epoch 3400. Best Recall: 0.0472
2026-05-20 04:42:53,386 - optuna.study.study - INFO - Trial 122 finished with value: 0.04724483340500843 and parameters: {'n_layers': 1, 'embedding_dim': 32, 'lr': 0.00037588784645896595, 'lambda_val': 3.340367996174694e-06, 'batch_size': 837, 'optimizer': 'RMSprop'}. Best is trial 112 with value: 0.0475524059075818.
2026-05-20 04:43:06,639 - optuna.study._optimize - INFO - Trial 123 pruned. 
2026-05-20 04:43:55,082 - optuna.study.study - INFO - Trial 124 finished with value: 0.04800981997752097 and parameters: {'n_layers': 1, 'embedding_dim': 32, 'lr': 0.0003239778077210516, 'lambda_val': 3.1699974204631336e-06, 'batch_size': 851, 'optimizer': 'RMSprop'}. Best is trial 124 with value: 0.04800981997752097.
2026-05-20 04:44:21,796 - experiment_functions - INFO - Early stopping at epoch 2150. Best Recall: 0.0471
2026-05-20 04:44:21,904 - optuna.study.study - INFO - Trial 125 finished with value: 0.04714194525615442 and parameters: {'n_layers': 1, 'embedding_dim': 32, 'lr': 0.00041028617572516423, 'lambda_val': 3.06907286077362e-06, 'batch_size': 1143, 'optimizer': 'RMSprop'}. Best is trial 124 with value: 0.04800981997752097.
2026-05-20 04:44:35,972 - optuna.study._optimize - INFO - Trial 126 pruned. 
2026-05-20 04:44:49,161 - optuna.study._optimize - INFO - Trial 127 pruned. 
2026-05-20 04:45:02,268 - optuna.study._optimize - INFO - Trial 128 pruned. 
2026-05-20 04:45:33,502 - experiment_functions - INFO - Early stopping at epoch 2500. Best Recall: 0.0470
2026-05-20 04:45:33,647 - optuna.study.study - INFO - Trial 129 finished with value: 0.04699123195579711 and parameters: {'n_layers': 1, 'embedding_dim': 32, 'lr': 0.00041887529939562215, 'lambda_val': 3.5908799472813915e-06, 'batch_size': 810, 'optimizer': 'RMSprop'}. Best is trial 124 with value: 0.04800981997752097.
2026-05-20 04:45:46,972 - optuna.study._optimize - INFO - Trial 130 pruned. 
2026-05-20 04:45:57,876 - experiment_functions - INFO - Early stopping at epoch 850. Best Recall: 0.0279
2026-05-20 04:45:57,975 - optuna.study.study - INFO - Trial 131 finished with value: 0.027879479303564787 and parameters: {'n_layers': 1, 'embedding_dim': 32, 'lr': 0.00042866060634418285, 'lambda_val': 0.02196009951032828, 'batch_size': 816, 'optimizer': 'RMSprop'}. Best is trial 124 with value: 0.04800981997752097.
2026-05-20 04:46:17,432 - experiment_functions - INFO - Early stopping at epoch 1500. Best Recall: 0.0469
2026-05-20 04:46:17,530 - optuna.study.study - INFO - Trial 132 finished with value: 0.046896125046564326 and parameters: {'n_layers': 1, 'embedding_dim': 32, 'lr': 0.0006241147412142383, 'lambda_val': 2.8922076168203816e-06, 'batch_size': 967, 'optimizer': 'RMSprop'}. Best is trial 124 with value: 0.04800981997752097.
2026-05-20 04:46:31,062 - optuna.study._optimize - INFO - Trial 133 pruned. 
2026-05-20 04:46:51,892 - experiment_functions - INFO - Early stopping at epoch 1650. Best Recall: 0.0466
2026-05-20 04:46:51,993 - optuna.study.study - INFO - Trial 134 finished with value: 0.04659463523361436 and parameters: {'n_layers': 1, 'embedding_dim': 32, 'lr': 0.0006314505513532904, 'lambda_val': 3.5574325338955016e-06, 'batch_size': 958, 'optimizer': 'RMSprop'}. Best is trial 124 with value: 0.04800981997752097.
2026-05-20 04:47:21,750 - experiment_functions - INFO - Early stopping at epoch 2250. Best Recall: 0.0470
2026-05-20 04:47:21,849 - optuna.study.study - INFO - Trial 135 finished with value: 0.04697136399438199 and parameters: {'n_layers': 1, 'embedding_dim': 32, 'lr': 0.0006046082392199655, 'lambda_val': 5.6088113347057405e-06, 'batch_size': 972, 'optimizer': 'RMSprop'}. Best is trial 124 with value: 0.04800981997752097.
2026-05-20 04:47:44,114 - experiment_functions - INFO - Early stopping at epoch 1750. Best Recall: 0.0465
2026-05-20 04:47:44,433 - optuna.study.study - INFO - Trial 136 finished with value: 0.04649764906664943 and parameters: {'n_layers': 1, 'embedding_dim': 32, 'lr': 0.0006147075374223707, 'lambda_val': 6.250453438707302e-06, 'batch_size': 942, 'optimizer': 'RMSprop'}. Best is trial 124 with value: 0.04800981997752097.
2026-05-20 04:47:56,784 - experiment_functions - INFO - Early stopping at epoch 900. Best Recall: 0.0454
2026-05-20 04:47:56,893 - optuna.study.study - INFO - Trial 137 finished with value: 0.04536024668534515 and parameters: {'n_layers': 1, 'embedding_dim': 32, 'lr': 0.0008710702394804889, 'lambda_val': 3.7916422257675012e-06, 'batch_size': 1191, 'optimizer': 'RMSprop'}. Best is trial 124 with value: 0.04800981997752097.
2026-05-20 04:48:11,004 - optuna.study._optimize - INFO - Trial 138 pruned. 
2026-05-20 04:48:23,908 - experiment_functions - INFO - Early stopping at epoch 900. Best Recall: 0.0441
2026-05-20 04:48:24,023 - optuna.study.study - INFO - Trial 139 finished with value: 0.044141431505432156 and parameters: {'n_layers': 1, 'embedding_dim': 32, 'lr': 0.0013823304803048165, 'lambda_val': 7.974763374714156e-06, 'batch_size': 974, 'optimizer': 'RMSprop'}. Best is trial 124 with value: 0.04800981997752097.
2026-05-20 04:48:53,069 - experiment_functions - INFO - Early stopping at epoch 2300. Best Recall: 0.0473
2026-05-20 04:48:53,171 - optuna.study.study - INFO - Trial 140 finished with value: 0.047324401520265826 and parameters: {'n_layers': 1, 'embedding_dim': 32, 'lr': 0.00044254384850873706, 'lambda_val': 3.545191404130801e-06, 'batch_size': 1115, 'optimizer': 'RMSprop'}. Best is trial 124 with value: 0.04800981997752097.
2026-05-20 04:49:33,459 - experiment_functions - INFO - Early stopping at epoch 3100. Best Recall: 0.0475
2026-05-20 04:49:33,574 - optuna.study.study - INFO - Trial 141 finished with value: 0.04752454689346078 and parameters: {'n_layers': 1, 'embedding_dim': 32, 'lr': 0.0004448800755949731, 'lambda_val': 3.0133234159413593e-06, 'batch_size': 883, 'optimizer': 'RMSprop'}. Best is trial 124 with value: 0.04800981997752097.
2026-05-20 04:49:51,781 - optuna.study._optimize - INFO - Trial 142 pruned. 
2026-05-20 04:50:01,077 - experiment_functions - INFO - Early stopping at epoch 700. Best Recall: 0.0367
2026-05-20 04:50:01,180 - optuna.study.study - INFO - Trial 143 finished with value: 0.036748992502087054 and parameters: {'n_layers': 1, 'embedding_dim': 32, 'lr': 0.0006553649054357344, 'lambda_val': 0.010022010051007802, 'batch_size': 909, 'optimizer': 'RMSprop'}. Best is trial 124 with value: 0.04800981997752097.
2026-05-20 04:50:19,360 - optuna.study._optimize - INFO - Trial 144 pruned. 
2026-05-20 04:50:33,148 - optuna.study._optimize - INFO - Trial 145 pruned. 
2026-05-20 04:50:45,812 - optuna.study._optimize - INFO - Trial 146 pruned. 
2026-05-20 04:50:59,074 - optuna.study._optimize - INFO - Trial 147 pruned. 
2026-05-20 04:51:13,244 - optuna.study._optimize - INFO - Trial 148 pruned. 
2026-05-20 04:51:31,480 - optuna.study._optimize - INFO - Trial 149 pruned. 
2026-05-20 04:51:45,154 - optuna.study._optimize - INFO - Trial 150 pruned. 
2026-05-20 04:52:16,391 - experiment_functions - INFO - Early stopping at epoch 2450. Best Recall: 0.0479
2026-05-20 04:52:16,536 - optuna.study.study - INFO - Trial 151 finished with value: 0.04785834300038837 and parameters: {'n_layers': 1, 'embedding_dim': 32, 'lr': 0.00047718553710398014, 'lambda_val': 5.058290551415531e-06, 'batch_size': 758, 'optimizer': 'RMSprop'}. Best is trial 124 with value: 0.04800981997752097.
2026-05-20 04:52:47,723 - experiment_functions - INFO - Early stopping at epoch 2400. Best Recall: 0.0477
2026-05-20 04:52:47,817 - optuna.study.study - INFO - Trial 152 finished with value: 0.04769545102392657 and parameters: {'n_layers': 1, 'embedding_dim': 32, 'lr': 0.00046838687624340964, 'lambda_val': 3.6452785463698328e-06, 'batch_size': 770, 'optimizer': 'RMSprop'}. Best is trial 124 with value: 0.04800981997752097.
2026-05-20 04:53:25,355 - experiment_functions - INFO - Early stopping at epoch 2950. Best Recall: 0.0476
2026-05-20 04:53:25,459 - optuna.study.study - INFO - Trial 153 finished with value: 0.047628020505505894 and parameters: {'n_layers': 1, 'embedding_dim': 32, 'lr': 0.0004553240231247559, 'lambda_val': 4.178321459996971e-06, 'batch_size': 827, 'optimizer': 'RMSprop'}. Best is trial 124 with value: 0.04800981997752097.
2026-05-20 04:53:49,879 - experiment_functions - INFO - Early stopping at epoch 1850. Best Recall: 0.0475
2026-05-20 04:53:49,972 - optuna.study.study - INFO - Trial 154 finished with value: 0.04748801164787671 and parameters: {'n_layers': 1, 'embedding_dim': 32, 'lr': 0.00046958348335535735, 'lambda_val': 6.1251787609637815e-06, 'batch_size': 794, 'optimizer': 'RMSprop'}. Best is trial 124 with value: 0.04800981997752097.
2026-05-20 04:54:20,601 - experiment_functions - INFO - Early stopping at epoch 2400. Best Recall: 0.0474
2026-05-20 04:54:20,750 - optuna.study.study - INFO - Trial 155 finished with value: 0.04738057611006549 and parameters: {'n_layers': 1, 'embedding_dim': 32, 'lr': 0.00039701692111311144, 'lambda_val': 7.574714774503031e-06, 'batch_size': 745, 'optimizer': 'RMSprop'}. Best is trial 124 with value: 0.04800981997752097.
2026-05-20 04:55:01,077 - experiment_functions - INFO - Early stopping at epoch 3200. Best Recall: 0.0475
2026-05-20 04:55:01,225 - optuna.study.study - INFO - Trial 156 finished with value: 0.04752870359001794 and parameters: {'n_layers': 1, 'embedding_dim': 32, 'lr': 0.0003239753803077282, 'lambda_val': 7.556837794022012e-06, 'batch_size': 752, 'optimizer': 'RMSprop'}. Best is trial 124 with value: 0.04800981997752097.
2026-05-20 04:55:14,890 - optuna.study._optimize - INFO - Trial 157 pruned. 
2026-05-20 04:55:49,536 - experiment_functions - INFO - Early stopping at epoch 2650. Best Recall: 0.0476
2026-05-20 04:55:49,626 - optuna.study.study - INFO - Trial 158 finished with value: 0.047592288983375884 and parameters: {'n_layers': 1, 'embedding_dim': 32, 'lr': 0.0004610787619919995, 'lambda_val': 1.2986393721156862e-05, 'batch_size': 750, 'optimizer': 'RMSprop'}. Best is trial 124 with value: 0.04800981997752097.
2026-05-20 04:56:15,181 - experiment_functions - INFO - Early stopping at epoch 1950. Best Recall: 0.0477
2026-05-20 04:56:15,284 - optuna.study.study - INFO - Trial 159 finished with value: 0.04768560270931675 and parameters: {'n_layers': 1, 'embedding_dim': 32, 'lr': 0.000487940878336738, 'lambda_val': 1.2101002800385706e-05, 'batch_size': 757, 'optimizer': 'RMSprop'}. Best is trial 124 with value: 0.04800981997752097.
2026-05-20 04:56:28,916 - optuna.study._optimize - INFO - Trial 160 pruned. 
2026-05-20 04:56:57,945 - experiment_functions - INFO - Early stopping at epoch 2300. Best Recall: 0.0476
2026-05-20 04:56:58,037 - optuna.study.study - INFO - Trial 161 finished with value: 0.04759208734931435 and parameters: {'n_layers': 1, 'embedding_dim': 32, 'lr': 0.0004760461354024464, 'lambda_val': 1.3100413593993236e-05, 'batch_size': 864, 'optimizer': 'RMSprop'}. Best is trial 124 with value: 0.04800981997752097.
2026-05-20 04:57:23,862 - experiment_functions - INFO - Early stopping at epoch 2000. Best Recall: 0.0476
2026-05-20 04:57:23,963 - optuna.study.study - INFO - Trial 162 finished with value: 0.04760945152090021 and parameters: {'n_layers': 1, 'embedding_dim': 32, 'lr': 0.000439636646128545, 'lambda_val': 8.979704061353724e-06, 'batch_size': 757, 'optimizer': 'RMSprop'}. Best is trial 124 with value: 0.04800981997752097.
2026-05-20 04:58:03,387 - experiment_functions - INFO - Early stopping at epoch 3150. Best Recall: 0.0477
2026-05-20 04:58:03,480 - optuna.study.study - INFO - Trial 163 finished with value: 0.04774816662433266 and parameters: {'n_layers': 1, 'embedding_dim': 32, 'lr': 0.0004452474952187977, 'lambda_val': 1.3371918460495705e-05, 'batch_size': 733, 'optimizer': 'RMSprop'}. Best is trial 124 with value: 0.04800981997752097.
2026-05-20 04:58:36,437 - experiment_functions - INFO - Early stopping at epoch 2550. Best Recall: 0.0475
2026-05-20 04:58:36,539 - optuna.study.study - INFO - Trial 164 finished with value: 0.04745896314673144 and parameters: {'n_layers': 1, 'embedding_dim': 32, 'lr': 0.0004948545955043673, 'lambda_val': 2.248559709178571e-05, 'batch_size': 716, 'optimizer': 'RMSprop'}. Best is trial 124 with value: 0.04800981997752097.
2026-05-20 04:59:06,828 - experiment_functions - INFO - Early stopping at epoch 2100. Best Recall: 0.0473
2026-05-20 04:59:07,594 - optuna.study.study - INFO - Trial 165 finished with value: 0.04732758439655817 and parameters: {'n_layers': 1, 'embedding_dim': 32, 'lr': 0.00047471805523603537, 'lambda_val': 1.0787288593428282e-05, 'batch_size': 713, 'optimizer': 'RMSprop'}. Best is trial 124 with value: 0.04800981997752097.
2026-05-20 04:59:26,042 - optuna.study._optimize - INFO - Trial 166 pruned. 
2026-05-20 04:59:39,645 - optuna.study._optimize - INFO - Trial 167 pruned. 
2026-05-20 05:00:14,536 - experiment_functions - INFO - Early stopping at epoch 1950. Best Recall: 0.0473
2026-05-20 05:00:14,618 - optuna.study.study - INFO - Trial 168 finished with value: 0.047288719493471035 and parameters: {'n_layers': 1, 'embedding_dim': 32, 'lr': 0.0004934075873479799, 'lambda_val': 1.4460269164915827e-05, 'batch_size': 751, 'optimizer': 'RMSprop'}. Best is trial 124 with value: 0.04800981997752097.
2026-05-20 05:00:30,157 - optuna.study._optimize - INFO - Trial 169 pruned. 
2026-05-20 05:00:41,512 - experiment_functions - INFO - Early stopping at epoch 850. Best Recall: 0.0043
2026-05-20 05:00:41,605 - optuna.study.study - INFO - Trial 170 finished with value: 0.004327035672944168 and parameters: {'n_layers': 1, 'embedding_dim': 32, 'lr': 2.0263440381414073e-05, 'lambda_val': 9.867295792151239e-06, 'batch_size': 755, 'optimizer': 'RMSprop'}. Best is trial 124 with value: 0.04800981997752097.
2026-05-20 05:01:03,886 - optuna.study._optimize - INFO - Trial 171 pruned. 
2026-05-20 05:01:17,582 - optuna.study._optimize - INFO - Trial 172 pruned. 
2026-05-20 05:02:06,187 - experiment_functions - INFO - Early stopping at epoch 3850. Best Recall: 0.0477
2026-05-20 05:02:06,246 - optuna.study.study - INFO - Trial 173 finished with value: 0.04766324765503695 and parameters: {'n_layers': 1, 'embedding_dim': 32, 'lr': 0.0003382143231520299, 'lambda_val': 7.504628825746287e-06, 'batch_size': 672, 'optimizer': 'RMSprop'}. Best is trial 124 with value: 0.04800981997752097.
2026-05-20 05:02:19,308 - optuna.study._optimize - INFO - Trial 174 pruned. 
2026-05-20 05:02:33,500 - optuna.study._optimize - INFO - Trial 175 pruned. 
2026-05-20 05:03:22,193 - experiment_functions - INFO - Early stopping at epoch 3750. Best Recall: 0.0480
2026-05-20 05:03:22,330 - optuna.study.study - INFO - Trial 176 finished with value: 0.048013714249716434 and parameters: {'n_layers': 1, 'embedding_dim': 32, 'lr': 0.0003405141148751032, 'lambda_val': 1.0404745083695775e-05, 'batch_size': 793, 'optimizer': 'RMSprop'}. Best is trial 176 with value: 0.048013714249716434.
2026-05-20 05:03:45,298 - optuna.study._optimize - INFO - Trial 177 pruned. 
2026-05-20 05:03:59,070 - optuna.study._optimize - INFO - Trial 178 pruned. 
2026-05-20 05:04:12,682 - optuna.study._optimize - INFO - Trial 179 pruned. 
2026-05-20 05:04:25,866 - optuna.study._optimize - INFO - Trial 180 pruned. 
2026-05-20 05:04:52,078 - experiment_functions - INFO - Early stopping at epoch 2050. Best Recall: 0.0475
2026-05-20 05:04:52,160 - optuna.study.study - INFO - Trial 181 finished with value: 0.04751640279410582 and parameters: {'n_layers': 1, 'embedding_dim': 32, 'lr': 0.00047428147569900586, 'lambda_val': 1.0244944767973688e-05, 'batch_size': 682, 'optimizer': 'RMSprop'}. Best is trial 176 with value: 0.048013714249716434.
2026-05-20 05:05:04,989 - optuna.study._optimize - INFO - Trial 182 pruned. 
2026-05-20 05:05:44,197 - experiment_functions - INFO - Early stopping at epoch 3100. Best Recall: 0.0478
2026-05-20 05:05:44,333 - optuna.study.study - INFO - Trial 183 finished with value: 0.04776389203337335 and parameters: {'n_layers': 1, 'embedding_dim': 32, 'lr': 0.0004163037072099871, 'lambda_val': 7.1768198872431335e-06, 'batch_size': 766, 'optimizer': 'RMSprop'}. Best is trial 176 with value: 0.048013714249716434.
2026-05-20 05:05:57,594 - optuna.study._optimize - INFO - Trial 184 pruned. 
2026-05-20 05:06:31,913 - experiment_functions - INFO - Early stopping at epoch 2750. Best Recall: 0.0480
2026-05-20 05:06:32,006 - optuna.study.study - INFO - Trial 185 finished with value: 0.0480342785012347 and parameters: {'n_layers': 1, 'embedding_dim': 32, 'lr': 0.0005173071377248391, 'lambda_val': 3.825380645081265e-05, 'batch_size': 670, 'optimizer': 'RMSprop'}. Best is trial 185 with value: 0.0480342785012347.
2026-05-20 05:06:54,526 - experiment_functions - INFO - Early stopping at epoch 1650. Best Recall: 0.0473
2026-05-20 05:06:54,651 - optuna.study.study - INFO - Trial 186 finished with value: 0.04734567223018359 and parameters: {'n_layers': 1, 'embedding_dim': 32, 'lr': 0.0006701055271325742, 'lambda_val': 9.992511623450942e-06, 'batch_size': 660, 'optimizer': 'RMSprop'}. Best is trial 185 with value: 0.0480342785012347.
2026-05-20 05:07:01,777 - experiment_functions - INFO - Early stopping at epoch 500. Best Recall: 0.0052
2026-05-20 05:07:02,122 - optuna.study.study - INFO - Trial 187 finished with value: 0.005165863214705556 and parameters: {'n_layers': 1, 'embedding_dim': 32, 'lr': 0.00035150169166348934, 'lambda_val': 4.417736535065198e-05, 'batch_size': 560, 'optimizer': 'SGD'}. Best is trial 185 with value: 0.0480342785012347.
2026-05-20 05:07:19,224 - optuna.study._optimize - INFO - Trial 188 pruned. 
2026-05-20 05:07:37,653 - optuna.study._optimize - INFO - Trial 189 pruned. 
2026-05-20 05:07:56,216 - optuna.study._optimize - INFO - Trial 190 pruned. 
2026-05-20 05:08:32,066 - optuna.study._optimize - INFO - Trial 191 pruned. 
2026-05-20 05:09:04,917 - experiment_functions - INFO - Early stopping at epoch 2550. Best Recall: 0.0478
2026-05-20 05:09:05,008 - optuna.study.study - INFO - Trial 192 finished with value: 0.04776663995433036 and parameters: {'n_layers': 1, 'embedding_dim': 32, 'lr': 0.00046639660329481645, 'lambda_val': 1.3430144433424061e-05, 'batch_size': 740, 'optimizer': 'RMSprop'}. Best is trial 185 with value: 0.0480342785012347.
2026-05-20 05:09:18,646 - optuna.study._optimize - INFO - Trial 193 pruned. 
2026-05-20 05:09:33,047 - optuna.study._optimize - INFO - Trial 194 pruned. 
2026-05-20 05:09:59,347 - experiment_functions - INFO - Early stopping at epoch 1500. Best Recall: 0.0473
2026-05-20 05:10:00,150 - optuna.study.study - INFO - Trial 195 finished with value: 0.04734716591986576 and parameters: {'n_layers': 1, 'embedding_dim': 32, 'lr': 0.0006152285455930638, 'lambda_val': 0.0001609368442000444, 'batch_size': 628, 'optimizer': 'RMSprop'}. Best is trial 185 with value: 0.0480342785012347.
2026-05-20 05:10:14,092 - optuna.study._optimize - INFO - Trial 196 pruned. 
2026-05-20 05:11:10,003 - experiment_functions - INFO - Early stopping at epoch 3600. Best Recall: 0.0479
2026-05-20 05:11:10,095 - optuna.study.study - INFO - Trial 197 finished with value: 0.04792390364918514 and parameters: {'n_layers': 1, 'embedding_dim': 32, 'lr': 0.00039260281116060703, 'lambda_val': 4.395476296115512e-06, 'batch_size': 559, 'optimizer': 'RMSprop'}. Best is trial 185 with value: 0.0480342785012347.
2026-05-20 05:11:54,357 - experiment_functions - INFO - Early stopping at epoch 3450. Best Recall: 0.0486
2026-05-20 05:11:54,460 - optuna.study.study - INFO - Trial 198 finished with value: 0.04862970054600969 and parameters: {'n_layers': 1, 'embedding_dim': 32, 'lr': 0.0003747543018842537, 'lambda_val': 4.326423557792398e-06, 'batch_size': 591, 'optimizer': 'RMSprop'}. Best is trial 198 with value: 0.04862970054600969.
2026-05-20 05:12:07,683 - optuna.study._optimize - INFO - Trial 199 pruned. 
2026-05-20 05:12:28,106 - optuna.study._optimize - INFO - Trial 200 pruned. 
2026-05-20 05:12:41,416 - optuna.study._optimize - INFO - Trial 201 pruned. 
2026-05-20 05:13:01,808 - optuna.study._optimize - INFO - Trial 202 pruned. 
2026-05-20 05:13:22,227 - optuna.study._optimize - INFO - Trial 203 pruned. 
2026-05-20 05:13:35,648 - optuna.study._optimize - INFO - Trial 204 pruned. 
2026-05-20 05:13:49,244 - optuna.study._optimize - INFO - Trial 205 pruned. 
2026-05-20 05:14:06,482 - optuna.study._optimize - INFO - Trial 206 pruned. 
2026-05-20 05:14:33,192 - experiment_functions - INFO - Early stopping at epoch 2050. Best Recall: 0.0475
2026-05-20 05:14:33,282 - optuna.study.study - INFO - Trial 207 finished with value: 0.047547653288262416 and parameters: {'n_layers': 1, 'embedding_dim': 32, 'lr': 0.0005243321076813678, 'lambda_val': 4.1498016462826675e-06, 'batch_size': 581, 'optimizer': 'RMSprop'}. Best is trial 198 with value: 0.04862970054600969.
2026-05-20 05:14:53,237 - optuna.study._optimize - INFO - Trial 208 pruned. 
2026-05-20 05:15:13,663 - optuna.study._optimize - INFO - Trial 209 pruned. 
2026-05-20 05:15:32,581 - experiment_functions - INFO - Early stopping at epoch 1400. Best Recall: 0.0471
2026-05-20 05:15:32,715 - optuna.study.study - INFO - Trial 210 finished with value: 0.047101668593587255 and parameters: {'n_layers': 1, 'embedding_dim': 32, 'lr': 0.0006248036503236218, 'lambda_val': 1.7469534645201492e-05, 'batch_size': 671, 'optimizer': 'RMSprop'}. Best is trial 198 with value: 0.04862970054600969.
2026-05-20 05:15:46,981 - optuna.study._optimize - INFO - Trial 211 pruned. 
2026-05-20 05:16:01,049 - optuna.study._optimize - INFO - Trial 212 pruned. 
2026-05-20 05:16:14,844 - optuna.study._optimize - INFO - Trial 213 pruned. 
2026-05-20 05:17:02,480 - experiment_functions - INFO - Early stopping at epoch 3750. Best Recall: 0.0483
2026-05-20 05:17:02,559 - optuna.study.study - INFO - Trial 214 finished with value: 0.0483398624007847 and parameters: {'n_layers': 1, 'embedding_dim': 32, 'lr': 0.0004530294801009794, 'lambda_val': 8.506051512093698e-06, 'batch_size': 595, 'optimizer': 'RMSprop'}. Best is trial 198 with value: 0.04862970054600969.
2026-05-20 05:17:17,285 - optuna.study._optimize - INFO - Trial 215 pruned. 
2026-05-20 05:17:24,203 - experiment_functions - INFO - Early stopping at epoch 500. Best Recall: 0.0048
2026-05-20 05:17:24,304 - optuna.study.study - INFO - Trial 216 finished with value: 0.0048380917459061494 and parameters: {'n_layers': 1, 'embedding_dim': 32, 'lr': 0.0005397269686230935, 'lambda_val': 1.3354060625888124e-05, 'batch_size': 516, 'optimizer': 'SGD'}. Best is trial 198 with value: 0.04862970054600969.
2026-05-20 05:18:06,159 - experiment_functions - INFO - Early stopping at epoch 3250. Best Recall: 0.0481
2026-05-20 05:18:06,260 - optuna.study.study - INFO - Trial 217 finished with value: 0.04814324581891911 and parameters: {'n_layers': 1, 'embedding_dim': 32, 'lr': 0.0004347201364340478, 'lambda_val': 7.712121306376402e-06, 'batch_size': 592, 'optimizer': 'RMSprop'}. Best is trial 198 with value: 0.04862970054600969.
2026-05-20 05:18:49,948 - experiment_functions - INFO - Early stopping at epoch 2750. Best Recall: 0.0477
2026-05-20 05:18:50,052 - optuna.study.study - INFO - Trial 218 finished with value: 0.04765129442172069 and parameters: {'n_layers': 1, 'embedding_dim': 32, 'lr': 0.0004050743030574513, 'lambda_val': 6.976758179910984e-06, 'batch_size': 616, 'optimizer': 'RMSprop'}. Best is trial 198 with value: 0.04862970054600969.
2026-05-20 05:19:03,733 - optuna.study._optimize - INFO - Trial 219 pruned. 
2026-05-20 05:19:26,430 - experiment_functions - INFO - Early stopping at epoch 1700. Best Recall: 0.0480
2026-05-20 05:19:26,725 - optuna.study.study - INFO - Trial 220 finished with value: 0.047997829721957985 and parameters: {'n_layers': 1, 'embedding_dim': 32, 'lr': 0.0006594309382853017, 'lambda_val': 6.8127331528083566e-06, 'batch_size': 565, 'optimizer': 'RMSprop'}. Best is trial 198 with value: 0.04862970054600969.
2026-05-20 05:19:40,341 - optuna.study._optimize - INFO - Trial 221 pruned. 
2026-05-20 05:20:02,471 - experiment_functions - INFO - Early stopping at epoch 1700. Best Recall: 0.0477
2026-05-20 05:20:02,572 - optuna.study.study - INFO - Trial 222 finished with value: 0.04771273486571983 and parameters: {'n_layers': 1, 'embedding_dim': 32, 'lr': 0.0005575326069840402, 'lambda_val': 8.96520113579566e-06, 'batch_size': 572, 'optimizer': 'RMSprop'}. Best is trial 198 with value: 0.04862970054600969.
2026-05-20 05:20:21,276 - experiment_functions - INFO - Early stopping at epoch 1400. Best Recall: 0.0474
2026-05-20 05:20:21,355 - optuna.study.study - INFO - Trial 223 finished with value: 0.047446128927746384 and parameters: {'n_layers': 1, 'embedding_dim': 32, 'lr': 0.0007819177868361193, 'lambda_val': 5.246392870732125e-06, 'batch_size': 581, 'optimizer': 'RMSprop'}. Best is trial 198 with value: 0.04862970054600969.
2026-05-20 05:20:46,141 - experiment_functions - INFO - Early stopping at epoch 1950. Best Recall: 0.0479
2026-05-20 05:20:46,242 - optuna.study.study - INFO - Trial 224 finished with value: 0.047877507619888245 and parameters: {'n_layers': 1, 'embedding_dim': 32, 'lr': 0.0005807092572399646, 'lambda_val': 9.947550159862516e-06, 'batch_size': 512, 'optimizer': 'RMSprop'}. Best is trial 198 with value: 0.04862970054600969.
2026-05-20 05:21:12,601 - experiment_functions - INFO - Early stopping at epoch 2000. Best Recall: 0.0484
2026-05-20 05:21:12,691 - optuna.study.study - INFO - Trial 225 finished with value: 0.048363263936697744 and parameters: {'n_layers': 1, 'embedding_dim': 32, 'lr': 0.0006368353491889325, 'lambda_val': 8.9944112758466e-06, 'batch_size': 547, 'optimizer': 'RMSprop'}. Best is trial 198 with value: 0.04862970054600969.
2026-05-20 05:21:25,018 - experiment_functions - INFO - Early stopping at epoch 850. Best Recall: 0.0448
2026-05-20 05:21:25,290 - optuna.study.study - INFO - Trial 226 finished with value: 0.04476633127104736 and parameters: {'n_layers': 1, 'embedding_dim': 256, 'lr': 0.0007154750478514119, 'lambda_val': 1.179752483149455e-05, 'batch_size': 543, 'optimizer': 'RMSprop'}. Best is trial 198 with value: 0.04862970054600969.
2026-05-20 05:21:54,772 - experiment_functions - INFO - Early stopping at epoch 2250. Best Recall: 0.0477
2026-05-20 05:21:54,873 - optuna.study.study - INFO - Trial 227 finished with value: 0.047705756480322395 and parameters: {'n_layers': 1, 'embedding_dim': 32, 'lr': 0.000609235507258779, 'lambda_val': 8.631297558949603e-06, 'batch_size': 523, 'optimizer': 'RMSprop'}. Best is trial 198 with value: 0.04862970054600969.
2026-05-20 05:22:06,171 - experiment_functions - INFO - Early stopping at epoch 800. Best Recall: 0.0446
2026-05-20 05:22:06,262 - optuna.study.study - INFO - Trial 228 finished with value: 0.044596836308464824 and parameters: {'n_layers': 1, 'embedding_dim': 128, 'lr': 0.000869373923904589, 'lambda_val': 8.751695404043775e-06, 'batch_size': 556, 'optimizer': 'RMSprop'}. Best is trial 198 with value: 0.04862970054600969.
2026-05-20 05:22:37,661 - experiment_functions - INFO - Early stopping at epoch 1650. Best Recall: 0.0476
2026-05-20 05:22:37,740 - optuna.study.study - INFO - Trial 229 finished with value: 0.04758816561453262 and parameters: {'n_layers': 1, 'embedding_dim': 32, 'lr': 0.0006019619824101485, 'lambda_val': 9.398215845573987e-06, 'batch_size': 526, 'optimizer': 'RMSprop'}. Best is trial 198 with value: 0.04862970054600969.
2026-05-20 05:22:52,508 - optuna.study._optimize - INFO - Trial 230 pruned. 
2026-05-20 05:23:38,469 - experiment_functions - INFO - Early stopping at epoch 2800. Best Recall: 0.0476
2026-05-20 05:23:38,559 - optuna.study.study - INFO - Trial 231 finished with value: 0.047648264450490044 and parameters: {'n_layers': 1, 'embedding_dim': 32, 'lr': 0.00041602945606892253, 'lambda_val': 1.3923606529699109e-05, 'batch_size': 645, 'optimizer': 'RMSprop'}. Best is trial 198 with value: 0.04862970054600969.
2026-05-20 05:24:20,584 - experiment_functions - INFO - Early stopping at epoch 3300. Best Recall: 0.0482
2026-05-20 05:24:20,673 - optuna.study.study - INFO - Trial 232 finished with value: 0.04823446347895111 and parameters: {'n_layers': 1, 'embedding_dim': 32, 'lr': 0.0004103034375674864, 'lambda_val': 1.0401337383881872e-05, 'batch_size': 518, 'optimizer': 'RMSprop'}. Best is trial 198 with value: 0.04862970054600969.
2026-05-20 05:24:27,730 - experiment_functions - INFO - Early stopping at epoch 500. Best Recall: 0.0046
2026-05-20 05:24:27,832 - optuna.study.study - INFO - Trial 233 finished with value: 0.004645902817748876 and parameters: {'n_layers': 1, 'embedding_dim': 32, 'lr': 0.05367605398943116, 'lambda_val': 6.796217540369549e-06, 'batch_size': 517, 'optimizer': 'RMSprop'}. Best is trial 198 with value: 0.04862970054600969.
2026-05-20 05:24:41,524 - optuna.study._optimize - INFO - Trial 234 pruned. 
2026-05-20 05:25:06,677 - experiment_functions - INFO - Early stopping at epoch 1950. Best Recall: 0.0476
2026-05-20 05:25:06,768 - optuna.study.study - INFO - Trial 235 finished with value: 0.04762400559314808 and parameters: {'n_layers': 1, 'embedding_dim': 32, 'lr': 0.0006236326284398395, 'lambda_val': 1.0907078110940712e-05, 'batch_size': 513, 'optimizer': 'RMSprop'}. Best is trial 198 with value: 0.04862970054600969.
2026-05-20 05:25:25,030 - optuna.study._optimize - INFO - Trial 236 pruned. 
2026-05-20 05:25:45,160 - experiment_functions - INFO - Early stopping at epoch 1550. Best Recall: 0.0475
2026-05-20 05:25:45,295 - optuna.study.study - INFO - Trial 237 finished with value: 0.047533356911077136 and parameters: {'n_layers': 1, 'embedding_dim': 32, 'lr': 0.0006262423429664515, 'lambda_val': 1.042694164206423e-05, 'batch_size': 595, 'optimizer': 'RMSprop'}. Best is trial 198 with value: 0.04862970054600969.
2026-05-20 05:26:14,001 - experiment_functions - INFO - Early stopping at epoch 2250. Best Recall: 0.0481
2026-05-20 05:26:14,119 - optuna.study.study - INFO - Trial 238 finished with value: 0.04808638613933664 and parameters: {'n_layers': 1, 'embedding_dim': 32, 'lr': 0.0005774254196824239, 'lambda_val': 1.103663565370046e-05, 'batch_size': 512, 'optimizer': 'RMSprop'}. Best is trial 198 with value: 0.04862970054600969.
2026-05-20 05:26:45,412 - experiment_functions - INFO - Early stopping at epoch 2400. Best Recall: 0.0478
2026-05-20 05:26:45,558 - optuna.study.study - INFO - Trial 239 finished with value: 0.04778291583818621 and parameters: {'n_layers': 1, 'embedding_dim': 32, 'lr': 0.0005467868583503099, 'lambda_val': 6.363001560844553e-06, 'batch_size': 604, 'optimizer': 'RMSprop'}. Best is trial 198 with value: 0.04862970054600969.
2026-05-20 05:27:01,709 - optuna.study._optimize - INFO - Trial 240 pruned. 
2026-05-20 05:27:37,299 - experiment_functions - INFO - Early stopping at epoch 2750. Best Recall: 0.0482
2026-05-20 05:27:37,443 - optuna.study.study - INFO - Trial 241 finished with value: 0.048224110980680454 and parameters: {'n_layers': 1, 'embedding_dim': 32, 'lr': 0.0004224159673831736, 'lambda_val': 0.00046961273753988496, 'batch_size': 583, 'optimizer': 'RMSprop'}. Best is trial 198 with value: 0.04862970054600969.
2026-05-20 05:28:18,522 - experiment_functions - INFO - Early stopping at epoch 3200. Best Recall: 0.0483
2026-05-20 05:28:18,646 - optuna.study.study - INFO - Trial 242 finished with value: 0.04826663763140932 and parameters: {'n_layers': 1, 'embedding_dim': 32, 'lr': 0.0003870553050082184, 'lambda_val': 8.109582274780033e-06, 'batch_size': 605, 'optimizer': 'RMSprop'}. Best is trial 198 with value: 0.04862970054600969.
2026-05-20 05:28:36,319 - optuna.study._optimize - INFO - Trial 243 pruned. 
2026-05-20 05:28:57,225 - optuna.study._optimize - INFO - Trial 244 pruned. 
2026-05-20 05:29:10,626 - optuna.study._optimize - INFO - Trial 245 pruned. 
2026-05-20 05:29:57,747 - experiment_functions - INFO - Early stopping at epoch 3750. Best Recall: 0.0482
2026-05-20 05:29:57,836 - optuna.study.study - INFO - Trial 246 finished with value: 0.04819048560761042 and parameters: {'n_layers': 1, 'embedding_dim': 32, 'lr': 0.0003904478413096992, 'lambda_val': 0.00037039351307543235, 'batch_size': 519, 'optimizer': 'RMSprop'}. Best is trial 198 with value: 0.04862970054600969.
2026-05-20 05:30:11,855 - optuna.study._optimize - INFO - Trial 247 pruned. 
2026-05-20 05:30:28,049 - optuna.study._optimize - INFO - Trial 248 pruned. 
2026-05-20 05:30:41,867 - optuna.study._optimize - INFO - Trial 249 pruned. 
2026-05-20 05:30:48,705 - experiment_functions - INFO - Early stopping at epoch 500. Best Recall: 0.0056
2026-05-20 05:30:48,807 - optuna.study.study - INFO - Trial 250 finished with value: 0.005605616286823808 and parameters: {'n_layers': 1, 'embedding_dim': 32, 'lr': 0.0006949010423473005, 'lambda_val': 1.0474816241327327e-05, 'batch_size': 689, 'optimizer': 'SGD'}. Best is trial 198 with value: 0.04862970054600969.
2026-05-20 05:31:02,523 - optuna.study._optimize - INFO - Trial 251 pruned. 
2026-05-20 05:31:15,947 - optuna.study._optimize - INFO - Trial 252 pruned. 
2026-05-20 05:31:29,702 - optuna.study._optimize - INFO - Trial 253 pruned. 
2026-05-20 05:31:43,041 - optuna.study._optimize - INFO - Trial 254 pruned. 
2026-05-20 05:31:56,420 - optuna.study._optimize - INFO - Trial 255 pruned. 
2026-05-20 05:32:12,262 - optuna.study._optimize - INFO - Trial 256 pruned. 
2026-05-20 05:32:45,711 - experiment_functions - INFO - Early stopping at epoch 2550. Best Recall: 0.0483
2026-05-20 05:32:45,801 - optuna.study.study - INFO - Trial 257 finished with value: 0.048258796852136354 and parameters: {'n_layers': 1, 'embedding_dim': 32, 'lr': 0.0005485338226262616, 'lambda_val': 1.1565194324270771e-05, 'batch_size': 581, 'optimizer': 'RMSprop'}. Best is trial 198 with value: 0.04862970054600969.
2026-05-20 05:33:12,365 - experiment_functions - INFO - Early stopping at epoch 2050. Best Recall: 0.0478
2026-05-20 05:33:12,435 - optuna.study.study - INFO - Trial 258 finished with value: 0.047759780547596796 and parameters: {'n_layers': 1, 'embedding_dim': 32, 'lr': 0.0007315663090177413, 'lambda_val': 1.1979410336620627e-05, 'batch_size': 572, 'optimizer': 'RMSprop'}. Best is trial 198 with value: 0.04862970054600969.
2026-05-20 05:33:30,493 - optuna.study._optimize - INFO - Trial 259 pruned. 
2026-05-20 05:33:41,084 - experiment_functions - INFO - Early stopping at epoch 750. Best Recall: 0.0433
2026-05-20 05:33:41,176 - optuna.study.study - INFO - Trial 260 finished with value: 0.04332458063722962 and parameters: {'n_layers': 1, 'embedding_dim': 256, 'lr': 0.0007237768862645851, 'lambda_val': 9.662350304973426e-06, 'batch_size': 580, 'optimizer': 'RMSprop'}. Best is trial 198 with value: 0.04862970054600969.
2026-05-20 05:33:55,572 - optuna.study._optimize - INFO - Trial 261 pruned. 
2026-05-20 05:34:10,787 - optuna.study._optimize - INFO - Trial 262 pruned. 
2026-05-20 05:34:22,457 - experiment_functions - INFO - Early stopping at epoch 850. Best Recall: 0.0456
2026-05-20 05:34:22,559 - optuna.study.study - INFO - Trial 263 finished with value: 0.045637312704011876 and parameters: {'n_layers': 1, 'embedding_dim': 128, 'lr': 0.0007360192663909535, 'lambda_val': 1.727377328159126e-05, 'batch_size': 530, 'optimizer': 'RMSprop'}. Best is trial 198 with value: 0.04862970054600969.
2026-05-20 05:34:34,966 - experiment_functions - INFO - Early stopping at epoch 950. Best Recall: 0.0457
2026-05-20 05:34:35,046 - optuna.study.study - INFO - Trial 264 finished with value: 0.04574117568806221 and parameters: {'n_layers': 1, 'embedding_dim': 32, 'lr': 0.0005614235504088839, 'lambda_val': 0.00365204788274633, 'batch_size': 712, 'optimizer': 'RMSprop'}. Best is trial 198 with value: 0.04862970054600969.
2026-05-20 05:34:50,593 - optuna.study._optimize - INFO - Trial 265 pruned. 
2026-05-20 05:35:17,601 - experiment_functions - INFO - Early stopping at epoch 2100. Best Recall: 0.0478
2026-05-20 05:35:17,737 - optuna.study.study - INFO - Trial 266 finished with value: 0.04778694142883232 and parameters: {'n_layers': 1, 'embedding_dim': 32, 'lr': 0.0005566292364822565, 'lambda_val': 5.3683744934082375e-06, 'batch_size': 629, 'optimizer': 'RMSprop'}. Best is trial 198 with value: 0.04862970054600969.
2026-05-20 05:35:37,064 - experiment_functions - INFO - Early stopping at epoch 1500. Best Recall: 0.0477
2026-05-20 05:35:37,164 - optuna.study.study - INFO - Trial 267 finished with value: 0.04765109950833937 and parameters: {'n_layers': 1, 'embedding_dim': 32, 'lr': 0.0005483683599414337, 'lambda_val': 5.602714400459928e-06, 'batch_size': 625, 'optimizer': 'RMSprop'}. Best is trial 198 with value: 0.04862970054600969.
2026-05-20 05:35:52,845 - optuna.study._optimize - INFO - Trial 268 pruned. 
2026-05-20 05:36:17,878 - experiment_functions - INFO - Early stopping at epoch 1950. Best Recall: 0.0476
2026-05-20 05:36:17,979 - optuna.study.study - INFO - Trial 269 finished with value: 0.04762008557547381 and parameters: {'n_layers': 1, 'embedding_dim': 32, 'lr': 0.0006165931670562806, 'lambda_val': 5.420137345775168e-06, 'batch_size': 669, 'optimizer': 'RMSprop'}. Best is trial 198 with value: 0.04862970054600969.
2026-05-20 05:37:02,426 - experiment_functions - INFO - Early stopping at epoch 3550. Best Recall: 0.0481
2026-05-20 05:37:02,515 - optuna.study.study - INFO - Trial 270 finished with value: 0.04809013476079271 and parameters: {'n_layers': 1, 'embedding_dim': 32, 'lr': 0.00040757035213148435, 'lambda_val': 1.1415643082380296e-05, 'batch_size': 594, 'optimizer': 'RMSprop'}. Best is trial 198 with value: 0.04862970054600969.
2026-05-20 05:37:16,558 - optuna.study._optimize - INFO - Trial 271 pruned. 
2026-05-20 05:37:24,178 - experiment_functions - INFO - Early stopping at epoch 500. Best Recall: 0.0050
2026-05-20 05:37:24,259 - optuna.study.study - INFO - Trial 272 finished with value: 0.005041268476355119 and parameters: {'n_layers': 1, 'embedding_dim': 32, 'lr': 0.0003922403176991123, 'lambda_val': 1.65847514339532e-05, 'batch_size': 698, 'optimizer': 'SGD'}. Best is trial 198 with value: 0.04862970054600969.
2026-05-20 05:37:59,200 - experiment_functions - INFO - Early stopping at epoch 2750. Best Recall: 0.0479
2026-05-20 05:37:59,301 - optuna.study.study - INFO - Trial 273 finished with value: 0.04789437799438768 and parameters: {'n_layers': 1, 'embedding_dim': 32, 'lr': 0.0004933434934435148, 'lambda_val': 6.647804343484451e-06, 'batch_size': 605, 'optimizer': 'RMSprop'}. Best is trial 198 with value: 0.04862970054600969.
2026-05-20 05:38:41,392 - experiment_functions - INFO - Early stopping at epoch 2600. Best Recall: 0.0477
2026-05-20 05:38:41,482 - optuna.study.study - INFO - Trial 274 finished with value: 0.04774850270814504 and parameters: {'n_layers': 1, 'embedding_dim': 32, 'lr': 0.0004572141202345248, 'lambda_val': 6.483031688633428e-06, 'batch_size': 638, 'optimizer': 'RMSprop'}. Best is trial 198 with value: 0.04862970054600969.
2026-05-20 05:38:54,849 - optuna.study._optimize - INFO - Trial 275 pruned. 
2026-05-20 05:39:07,945 - optuna.study._optimize - INFO - Trial 276 pruned. 
2026-05-20 05:39:22,144 - optuna.study._optimize - INFO - Trial 277 pruned. 
2026-05-20 05:39:35,842 - optuna.study._optimize - INFO - Trial 278 pruned. 
2026-05-20 05:39:42,761 - experiment_functions - INFO - Early stopping at epoch 500. Best Recall: 0.0053
2026-05-20 05:39:42,852 - optuna.study.study - INFO - Trial 279 finished with value: 0.005264783682399615 and parameters: {'n_layers': 1, 'embedding_dim': 32, 'lr': 6.038366536486483e-05, 'lambda_val': 5.12903585143532e-06, 'batch_size': 514, 'optimizer': 'RMSprop'}. Best is trial 198 with value: 0.04862970054600969.
2026-05-20 05:39:55,992 - optuna.study._optimize - INFO - Trial 280 pruned. 
2026-05-20 05:40:31,989 - experiment_functions - INFO - Early stopping at epoch 2850. Best Recall: 0.0479
2026-05-20 05:40:32,068 - optuna.study.study - INFO - Trial 281 finished with value: 0.047945629197130676 and parameters: {'n_layers': 1, 'embedding_dim': 32, 'lr': 0.0004983706691630109, 'lambda_val': 4.646587302763752e-06, 'batch_size': 648, 'optimizer': 'RMSprop'}. Best is trial 198 with value: 0.04862970054600969.
2026-05-20 05:40:38,998 - experiment_functions - INFO - Early stopping at epoch 500. Best Recall: 0.0046
2026-05-20 05:40:39,088 - optuna.study.study - INFO - Trial 282 finished with value: 0.004604595169117438 and parameters: {'n_layers': 1, 'embedding_dim': 32, 'lr': 0.0007150041254894619, 'lambda_val': 0.09905537971660255, 'batch_size': 719, 'optimizer': 'RMSprop'}. Best is trial 198 with value: 0.04862970054600969.
2026-05-20 05:40:59,924 - optuna.study._optimize - INFO - Trial 283 pruned. 
2026-05-20 05:41:20,821 - optuna.study._optimize - INFO - Trial 284 pruned. 
2026-05-20 05:41:33,925 - experiment_functions - INFO - Early stopping at epoch 950. Best Recall: 0.0439
2026-05-20 05:41:34,059 - optuna.study.study - INFO - Trial 285 finished with value: 0.043914934903466984 and parameters: {'n_layers': 1, 'embedding_dim': 256, 'lr': 0.0003910747563200166, 'lambda_val': 0.0005350702692000159, 'batch_size': 583, 'optimizer': 'RMSprop'}. Best is trial 198 with value: 0.04862970054600969.
2026-05-20 05:41:56,554 - experiment_functions - INFO - Early stopping at epoch 1700. Best Recall: 0.0479
2026-05-20 05:41:56,632 - optuna.study.study - INFO - Trial 286 finished with value: 0.04794449505489073 and parameters: {'n_layers': 1, 'embedding_dim': 32, 'lr': 0.000549733146880125, 'lambda_val': 1.0020088735470873e-05, 'batch_size': 697, 'optimizer': 'RMSprop'}. Best is trial 198 with value: 0.04862970054600969.
2026-05-20 05:42:10,377 - optuna.study._optimize - INFO - Trial 287 pruned. 
2026-05-20 05:42:55,324 - experiment_functions - INFO - Early stopping at epoch 2700. Best Recall: 0.0480
2026-05-20 05:42:55,457 - optuna.study.study - INFO - Trial 288 finished with value: 0.04797934075554292 and parameters: {'n_layers': 1, 'embedding_dim': 32, 'lr': 0.00039921900916322614, 'lambda_val': 9.955278472883542e-06, 'batch_size': 696, 'optimizer': 'RMSprop'}. Best is trial 198 with value: 0.04862970054600969.
2026-05-20 05:43:09,156 - optuna.study._optimize - INFO - Trial 289 pruned. 
2026-05-20 05:43:23,454 - optuna.study._optimize - INFO - Trial 290 pruned. 
2026-05-20 05:43:55,622 - experiment_functions - INFO - Early stopping at epoch 2100. Best Recall: 0.0480
2026-05-20 05:43:56,383 - optuna.study.study - INFO - Trial 291 finished with value: 0.04804412008828422 and parameters: {'n_layers': 1, 'embedding_dim': 32, 'lr': 0.0005047098489600672, 'lambda_val': 5.6879567330906e-06, 'batch_size': 632, 'optimizer': 'RMSprop'}. Best is trial 198 with value: 0.04862970054600969.
2026-05-20 05:44:14,486 - optuna.study._optimize - INFO - Trial 292 pruned. 
2026-05-20 05:44:48,756 - experiment_functions - INFO - Early stopping at epoch 2750. Best Recall: 0.0481
2026-05-20 05:44:48,833 - optuna.study.study - INFO - Trial 293 finished with value: 0.04811656498285678 and parameters: {'n_layers': 1, 'embedding_dim': 32, 'lr': 0.0005189716054529749, 'lambda_val': 4.032927974619894e-06, 'batch_size': 601, 'optimizer': 'RMSprop'}. Best is trial 198 with value: 0.04862970054600969.
2026-05-20 05:45:02,603 - optuna.study._optimize - INFO - Trial 294 pruned. 
2026-05-20 05:45:15,798 - optuna.study._optimize - INFO - Trial 295 pruned. 
2026-05-20 05:45:23,058 - experiment_functions - INFO - Early stopping at epoch 500. Best Recall: 0.0049
2026-05-20 05:45:23,215 - optuna.study.study - INFO - Trial 296 finished with value: 0.004920285945943364 and parameters: {'n_layers': 1, 'embedding_dim': 32, 'lr': 0.00023966888167296067, 'lambda_val': 3.826484404426522e-06, 'batch_size': 603, 'optimizer': 'SGD'}. Best is trial 198 with value: 0.04862970054600969.
2026-05-20 05:45:55,267 - experiment_functions - INFO - Early stopping at epoch 2550. Best Recall: 0.0478
2026-05-20 05:45:55,390 - optuna.study.study - INFO - Trial 297 finished with value: 0.047787575396766285 and parameters: {'n_layers': 1, 'embedding_dim': 32, 'lr': 0.0004976584854668264, 'lambda_val': 5.010564466544545e-06, 'batch_size': 638, 'optimizer': 'RMSprop'}. Best is trial 198 with value: 0.04862970054600969.
2026-05-20 05:46:08,590 - optuna.study._optimize - INFO - Trial 298 pruned. 
2026-05-20 05:46:22,663 - optuna.study._optimize - INFO - Trial 299 pruned. 
2026-05-20 05:46:22,664 - experiment_functions - INFO - Training the best model ... for e_1M_1c2dcs_strict
2026-05-20 05:46:53,985 - experiment_functions - INFO - Early stopping at epoch 3050. Best Recall: 0.0474
2026-05-20 05:46:54,809 - root - INFO -   ** Getting the trainable edges:
2026-05-20 05:46:54,829 - helper_functions - INFO -      Number of nodes: 4753
2026-05-20 05:46:54,829 - helper_functions - INFO -      Ratio: 0.48768725631028115
2026-05-20 05:46:54,830 - helper_functions - INFO -      Number of unique users: 3162
2026-05-20 05:46:54,830 - helper_functions - INFO -      Number of unique items: 1591
2026-05-20 05:46:54,830 - helper_functions - INFO -      Total dominant set edge: 249067
2026-05-20 05:46:54,830 - helper_functions - INFO -      Trainable edges: 199253.6
2026-05-20 05:46:54,895 - root - INFO -   **** Getting 249067 dominant set edges
2026-05-20 05:46:56,074 - optuna.storages._rdb.storage - INFO - A new study created in RDB with name: Study_e_1M_1c2dcs
2026-05-20 05:47:27,729 - experiment_functions - INFO - Early stopping at epoch 1350. Best Recall: 0.0324
2026-05-20 05:47:27,820 - optuna.study.study - INFO - Trial 0 finished with value: 0.03240033117065637 and parameters: {'n_layers': 4, 'embedding_dim': 64, 'lr': 0.021420727604801106, 'lambda_val': 2.2360337212539334e-06, 'batch_size': 1159, 'optimizer': 'Adam'}. Best is trial 0 with value: 0.03240033117065637.
2026-05-20 05:48:27,946 - optuna.study.study - INFO - Trial 1 finished with value: 0.06434497425169697 and parameters: {'n_layers': 2, 'embedding_dim': 32, 'lr': 0.0002325718540557919, 'lambda_val': 4.19211668934582e-06, 'batch_size': 1545, 'optimizer': 'Adam'}. Best is trial 1 with value: 0.06434497425169697.
2026-05-20 05:48:44,607 - experiment_functions - INFO - Early stopping at epoch 1000. Best Recall: 0.0704
2026-05-20 05:48:44,655 - optuna.study.study - INFO - Trial 2 finished with value: 0.07043403085328187 and parameters: {'n_layers': 2, 'embedding_dim': 96, 'lr': 0.0003486321873866954, 'lambda_val': 2.563627856378285e-05, 'batch_size': 1780, 'optimizer': 'Adam'}. Best is trial 2 with value: 0.07043403085328187.
2026-05-20 05:49:40,671 - optuna.study.study - INFO - Trial 3 finished with value: 0.01815020116785237 and parameters: {'n_layers': 4, 'embedding_dim': 32, 'lr': 0.006029977541878792, 'lambda_val': 0.008036545020092344, 'batch_size': 2540, 'optimizer': 'RMSprop'}. Best is trial 2 with value: 0.07043403085328187.
2026-05-20 05:50:40,448 - optuna.study.study - INFO - Trial 4 finished with value: 0.039952631117560866 and parameters: {'n_layers': 3, 'embedding_dim': 32, 'lr': 0.00018921047694687025, 'lambda_val': 0.00021520669452199738, 'batch_size': 3632, 'optimizer': 'Adam'}. Best is trial 2 with value: 0.07043403085328187.
2026-05-20 05:50:47,532 - experiment_functions - INFO - Early stopping at epoch 500. Best Recall: 0.0052
2026-05-20 05:50:47,623 - optuna.study.study - INFO - Trial 5 finished with value: 0.005240237253152266 and parameters: {'n_layers': 1, 'embedding_dim': 96, 'lr': 5.1360024315165986e-05, 'lambda_val': 7.705654004486766e-06, 'batch_size': 912, 'optimizer': 'RMSprop'}. Best is trial 2 with value: 0.07043403085328187.
2026-05-20 05:51:31,884 - experiment_functions - INFO - Early stopping at epoch 2450. Best Recall: 0.0417
2026-05-20 05:51:31,953 - optuna.study.study - INFO - Trial 6 finished with value: 0.04174031525654869 and parameters: {'n_layers': 4, 'embedding_dim': 32, 'lr': 0.005435064789258487, 'lambda_val': 7.032899431349742e-05, 'batch_size': 4019, 'optimizer': 'RMSprop'}. Best is trial 2 with value: 0.07043403085328187.
2026-05-20 05:51:47,834 - optuna.study._optimize - INFO - Trial 7 pruned. 
2026-05-20 05:52:01,685 - experiment_functions - INFO - Early stopping at epoch 850. Best Recall: 0.0347
2026-05-20 05:52:01,851 - optuna.study.study - INFO - Trial 8 finished with value: 0.034709167784317124 and parameters: {'n_layers': 3, 'embedding_dim': 96, 'lr': 0.00029631203127689895, 'lambda_val': 0.02310940851172179, 'batch_size': 2885, 'optimizer': 'RMSprop'}. Best is trial 2 with value: 0.07043403085328187.
2026-05-20 05:52:26,057 - experiment_functions - INFO - Early stopping at epoch 1000. Best Recall: 0.0823
2026-05-20 05:52:26,150 - optuna.study.study - INFO - Trial 9 finished with value: 0.08229338784389838 and parameters: {'n_layers': 1, 'embedding_dim': 128, 'lr': 0.000746271917335899, 'lambda_val': 0.0015022321216390168, 'batch_size': 964, 'optimizer': 'Adam'}. Best is trial 9 with value: 0.08229338784389838.
2026-05-20 05:52:34,137 - experiment_functions - INFO - Early stopping at epoch 500. Best Recall: 0.0050
2026-05-20 05:52:34,228 - optuna.study.study - INFO - Trial 10 finished with value: 0.004983306777563901 and parameters: {'n_layers': 1, 'embedding_dim': 128, 'lr': 1.1043981633072085e-05, 'lambda_val': 0.0021086245746744807, 'batch_size': 587, 'optimizer': 'SGD'}. Best is trial 9 with value: 0.08229338784389838.
2026-05-20 05:52:44,986 - experiment_functions - INFO - Early stopping at epoch 600. Best Recall: 0.0724
2026-05-20 05:52:45,097 - optuna.study.study - INFO - Trial 11 finished with value: 0.07241321407955341 and parameters: {'n_layers': 2, 'embedding_dim': 256, 'lr': 0.0012161913077760576, 'lambda_val': 0.001164654975188141, 'batch_size': 1748, 'optimizer': 'Adam'}. Best is trial 9 with value: 0.08229338784389838.
2026-05-20 05:52:56,487 - experiment_functions - INFO - Early stopping at epoch 700. Best Recall: 0.0733
2026-05-20 05:52:56,587 - optuna.study.study - INFO - Trial 12 finished with value: 0.07331772859890848 and parameters: {'n_layers': 1, 'embedding_dim': 256, 'lr': 0.0014875541715959287, 'lambda_val': 0.0014635301688454491, 'batch_size': 1956, 'optimizer': 'Adam'}. Best is trial 9 with value: 0.08229338784389838.
2026-05-20 05:53:04,003 - experiment_functions - INFO - Early stopping at epoch 500. Best Recall: 0.0047
2026-05-20 05:53:04,093 - optuna.study.study - INFO - Trial 13 finished with value: 0.0046910509536697105 and parameters: {'n_layers': 1, 'embedding_dim': 128, 'lr': 0.0014585737762326531, 'lambda_val': 0.060334223524056915, 'batch_size': 2160, 'optimizer': 'SGD'}. Best is trial 9 with value: 0.08229338784389838.
2026-05-20 05:53:13,240 - experiment_functions - INFO - Early stopping at epoch 550. Best Recall: 0.0194
2026-05-20 05:53:13,319 - optuna.study.study - INFO - Trial 14 finished with value: 0.019419447504328734 and parameters: {'n_layers': 1, 'embedding_dim': 256, 'lr': 0.05176948264706716, 'lambda_val': 0.0015502214509042307, 'batch_size': 1273, 'optimizer': 'Adam'}. Best is trial 9 with value: 0.08229338784389838.
2026-05-20 05:53:22,315 - experiment_functions - INFO - Early stopping at epoch 550. Best Recall: 0.0666
2026-05-20 05:53:22,404 - optuna.study.study - INFO - Trial 15 finished with value: 0.0665528951365396 and parameters: {'n_layers': 2, 'embedding_dim': 128, 'lr': 0.0042585598699244505, 'lambda_val': 0.000332081899713341, 'batch_size': 2263, 'optimizer': 'Adam'}. Best is trial 9 with value: 0.08229338784389838.
2026-05-20 05:53:30,370 - experiment_functions - INFO - Early stopping at epoch 500. Best Recall: 0.0058
2026-05-20 05:53:30,469 - optuna.study.study - INFO - Trial 16 finished with value: 0.005753221807317437 and parameters: {'n_layers': 1, 'embedding_dim': 256, 'lr': 0.0008897424662367533, 'lambda_val': 0.00684647621077895, 'batch_size': 632, 'optimizer': 'SGD'}. Best is trial 9 with value: 0.08229338784389838.
2026-05-20 05:53:38,905 - experiment_functions - INFO - Early stopping at epoch 550. Best Recall: 0.0494
2026-05-20 05:53:39,039 - optuna.study.study - INFO - Trial 17 finished with value: 0.04943828983677778 and parameters: {'n_layers': 1, 'embedding_dim': 64, 'lr': 0.014906367767130106, 'lambda_val': 0.00037664673300206926, 'batch_size': 1998, 'optimizer': 'Adam'}. Best is trial 9 with value: 0.08229338784389838.
2026-05-20 05:53:50,237 - experiment_functions - INFO - Early stopping at epoch 550. Best Recall: 0.0300
2026-05-20 05:53:50,339 - optuna.study.study - INFO - Trial 18 finished with value: 0.030017343416191954 and parameters: {'n_layers': 3, 'embedding_dim': 256, 'lr': 0.0023429279026575198, 'lambda_val': 0.008042196610190535, 'batch_size': 2655, 'optimizer': 'Adam'}. Best is trial 9 with value: 0.08229338784389838.
2026-05-20 05:54:03,156 - experiment_functions - INFO - Early stopping at epoch 800. Best Recall: 0.0722
2026-05-20 05:54:03,291 - optuna.study.study - INFO - Trial 19 finished with value: 0.07218725845490548 and parameters: {'n_layers': 2, 'embedding_dim': 128, 'lr': 0.0006671040048575236, 'lambda_val': 8.698067806655817e-05, 'batch_size': 1202, 'optimizer': 'Adam'}. Best is trial 9 with value: 0.08229338784389838.
2026-05-20 05:54:18,659 - experiment_functions - INFO - Early stopping at epoch 500. Best Recall: 0.0058
2026-05-20 05:54:19,433 - optuna.study.study - INFO - Trial 20 finished with value: 0.005785719444750292 and parameters: {'n_layers': 1, 'embedding_dim': 128, 'lr': 0.09929635205079783, 'lambda_val': 0.08540497693063184, 'batch_size': 1395, 'optimizer': 'SGD'}. Best is trial 9 with value: 0.08229338784389838.
2026-05-20 05:54:30,601 - experiment_functions - INFO - Early stopping at epoch 600. Best Recall: 0.0566
2026-05-20 05:54:30,691 - optuna.study.study - INFO - Trial 21 finished with value: 0.05664986013797203 and parameters: {'n_layers': 2, 'embedding_dim': 256, 'lr': 0.0020986983759155795, 'lambda_val': 0.0014347228448848373, 'batch_size': 1794, 'optimizer': 'Adam'}. Best is trial 9 with value: 0.08229338784389838.
2026-05-20 05:54:43,148 - experiment_functions - INFO - Early stopping at epoch 700. Best Recall: 0.0691
2026-05-20 05:54:43,238 - optuna.study.study - INFO - Trial 22 finished with value: 0.06908800471117123 and parameters: {'n_layers': 2, 'embedding_dim': 256, 'lr': 0.0006342552930609938, 'lambda_val': 0.0008636135658046405, 'batch_size': 1649, 'optimizer': 'Adam'}. Best is trial 9 with value: 0.08229338784389838.
2026-05-20 05:54:57,173 - experiment_functions - INFO - Early stopping at epoch 550. Best Recall: 0.0491
2026-05-20 05:54:57,274 - optuna.study.study - INFO - Trial 23 finished with value: 0.049125863747787435 and parameters: {'n_layers': 1, 'embedding_dim': 256, 'lr': 0.010829374140260499, 'lambda_val': 0.003393257936363256, 'batch_size': 1063, 'optimizer': 'Adam'}. Best is trial 9 with value: 0.08229338784389838.
2026-05-20 05:55:13,443 - optuna.study._optimize - INFO - Trial 24 pruned. 
2026-05-20 05:55:24,498 - experiment_functions - INFO - Early stopping at epoch 700. Best Recall: 0.0537
2026-05-20 05:55:24,588 - optuna.study.study - INFO - Trial 25 finished with value: 0.05365992746813355 and parameters: {'n_layers': 1, 'embedding_dim': 256, 'lr': 0.0018072446797778184, 'lambda_val': 0.023484455184695018, 'batch_size': 880, 'optimizer': 'Adam'}. Best is trial 9 with value: 0.08229338784389838.
2026-05-20 05:55:39,534 - experiment_functions - INFO - Early stopping at epoch 950. Best Recall: 0.0458
2026-05-20 05:55:39,625 - optuna.study.study - INFO - Trial 26 finished with value: 0.045803815824143605 and parameters: {'n_layers': 3, 'embedding_dim': 64, 'lr': 0.0004766842942173965, 'lambda_val': 0.00012882525808577484, 'batch_size': 2514, 'optimizer': 'Adam'}. Best is trial 9 with value: 0.08229338784389838.
2026-05-20 05:55:57,293 - experiment_functions - INFO - Early stopping at epoch 550. Best Recall: 0.0720
2026-05-20 05:55:57,627 - optuna.study.study - INFO - Trial 27 finished with value: 0.07201709369370593 and parameters: {'n_layers': 2, 'embedding_dim': 128, 'lr': 0.003586393001327423, 'lambda_val': 0.002970022134067788, 'batch_size': 1507, 'optimizer': 'Adam'}. Best is trial 9 with value: 0.08229338784389838.
2026-05-20 05:56:08,323 - experiment_functions - INFO - Early stopping at epoch 650. Best Recall: 0.0779
2026-05-20 05:56:08,424 - optuna.study.study - INFO - Trial 28 finished with value: 0.07793597817342399 and parameters: {'n_layers': 1, 'embedding_dim': 256, 'lr': 0.0011718049651137487, 'lambda_val': 0.0006101709955518265, 'batch_size': 2959, 'optimizer': 'Adam'}. Best is trial 9 with value: 0.08229338784389838.
2026-05-20 05:56:16,104 - experiment_functions - INFO - Early stopping at epoch 500. Best Recall: 0.0050
2026-05-20 05:56:16,194 - optuna.study.study - INFO - Trial 29 finished with value: 0.004977672463613015 and parameters: {'n_layers': 1, 'embedding_dim': 64, 'lr': 2.4544445978123518e-05, 'lambda_val': 3.695688422443357e-05, 'batch_size': 3251, 'optimizer': 'SGD'}. Best is trial 9 with value: 0.08229338784389838.
2026-05-20 05:57:18,323 - optuna.study.study - INFO - Trial 30 finished with value: 0.076347574530971 and parameters: {'n_layers': 1, 'embedding_dim': 256, 'lr': 0.00016565901206642871, 'lambda_val': 0.00046264671000321826, 'batch_size': 3123, 'optimizer': 'Adam'}. Best is trial 9 with value: 0.08229338784389838.
2026-05-20 05:57:33,429 - optuna.study._optimize - INFO - Trial 31 pruned. 
2026-05-20 05:57:55,968 - experiment_functions - INFO - Early stopping at epoch 950. Best Recall: 0.0758
2026-05-20 05:57:56,047 - optuna.study.study - INFO - Trial 32 finished with value: 0.07576867035139978 and parameters: {'n_layers': 1, 'embedding_dim': 256, 'lr': 0.0004488895877886644, 'lambda_val': 0.00019747161947221385, 'batch_size': 2937, 'optimizer': 'Adam'}. Best is trial 9 with value: 0.08229338784389838.
2026-05-20 05:58:18,433 - experiment_functions - INFO - Early stopping at epoch 1450. Best Recall: 0.0722
2026-05-20 05:58:18,601 - optuna.study.study - INFO - Trial 33 finished with value: 0.07222747116053206 and parameters: {'n_layers': 1, 'embedding_dim': 256, 'lr': 0.0003002026078523127, 'lambda_val': 0.00017770924259271885, 'batch_size': 2896, 'optimizer': 'Adam'}. Best is trial 9 with value: 0.08229338784389838.
2026-05-20 05:58:32,381 - optuna.study._optimize - INFO - Trial 34 pruned. 
2026-05-20 05:58:47,371 - optuna.study._optimize - INFO - Trial 35 pruned. 
2026-05-20 05:59:02,469 - experiment_functions - INFO - Early stopping at epoch 1000. Best Recall: 0.0681
2026-05-20 05:59:02,564 - optuna.study.study - INFO - Trial 36 finished with value: 0.06810754177356836 and parameters: {'n_layers': 1, 'embedding_dim': 128, 'lr': 0.0004994329717398172, 'lambda_val': 1.1097320777569065e-05, 'batch_size': 2954, 'optimizer': 'Adam'}. Best is trial 9 with value: 0.08229338784389838.
2026-05-20 05:59:38,147 - experiment_functions - INFO - Early stopping at epoch 1800. Best Recall: 0.0731
2026-05-20 05:59:38,247 - optuna.study.study - INFO - Trial 37 finished with value: 0.07305712396320804 and parameters: {'n_layers': 1, 'embedding_dim': 256, 'lr': 0.00019766457419295475, 'lambda_val': 0.00041255070105152057, 'batch_size': 3821, 'optimizer': 'RMSprop'}. Best is trial 9 with value: 0.08229338784389838.
2026-05-20 05:59:49,934 - experiment_functions - INFO - Early stopping at epoch 750. Best Recall: 0.0571
2026-05-20 05:59:50,023 - optuna.study.study - INFO - Trial 38 finished with value: 0.05706090530396982 and parameters: {'n_layers': 2, 'embedding_dim': 32, 'lr': 0.0008741393882485481, 'lambda_val': 0.0001679127385129883, 'batch_size': 2673, 'optimizer': 'Adam'}. Best is trial 9 with value: 0.08229338784389838.
2026-05-20 06:00:22,863 - experiment_functions - INFO - Early stopping at epoch 2250. Best Recall: 0.0701
2026-05-20 06:00:22,963 - optuna.study.study - INFO - Trial 39 finished with value: 0.07011766749196398 and parameters: {'n_layers': 1, 'embedding_dim': 96, 'lr': 0.00038344060978623586, 'lambda_val': 0.0002564887860926825, 'batch_size': 3418, 'optimizer': 'RMSprop'}. Best is trial 9 with value: 0.08229338784389838.
2026-05-20 06:00:36,544 - optuna.study._optimize - INFO - Trial 40 pruned. 
2026-05-20 06:00:46,462 - experiment_functions - INFO - Early stopping at epoch 600. Best Recall: 0.0657
2026-05-20 06:00:46,562 - optuna.study.study - INFO - Trial 41 finished with value: 0.0657255083713374 and parameters: {'n_layers': 1, 'embedding_dim': 256, 'lr': 0.0029811151837137225, 'lambda_val': 0.004645289124278209, 'batch_size': 2454, 'optimizer': 'Adam'}. Best is trial 9 with value: 0.08229338784389838.
2026-05-20 06:00:55,815 - experiment_functions - INFO - Early stopping at epoch 550. Best Recall: 0.0719
2026-05-20 06:00:55,895 - optuna.study.study - INFO - Trial 42 finished with value: 0.07188082494450859 and parameters: {'n_layers': 1, 'embedding_dim': 256, 'lr': 0.0076717790501969856, 'lambda_val': 0.0005668337144547942, 'batch_size': 2732, 'optimizer': 'Adam'}. Best is trial 9 with value: 0.08229338784389838.
2026-05-20 06:01:06,695 - experiment_functions - INFO - Early stopping at epoch 650. Best Recall: 0.0725
2026-05-20 06:01:06,774 - optuna.study.study - INFO - Trial 43 finished with value: 0.07252600534045502 and parameters: {'n_layers': 1, 'embedding_dim': 256, 'lr': 0.0010769346707441764, 'lambda_val': 0.0010658694862863726, 'batch_size': 3298, 'optimizer': 'Adam'}. Best is trial 9 with value: 0.08229338784389838.
2026-05-20 06:01:20,998 - optuna.study._optimize - INFO - Trial 44 pruned. 
2026-05-20 06:01:39,820 - optuna.study._optimize - INFO - Trial 45 pruned. 
2026-05-20 06:01:50,135 - experiment_functions - INFO - Early stopping at epoch 650. Best Recall: 0.0674
2026-05-20 06:01:50,235 - optuna.study.study - INFO - Trial 46 finished with value: 0.0674249151011155 and parameters: {'n_layers': 1, 'embedding_dim': 128, 'lr': 0.0015589298746331343, 'lambda_val': 0.013404207448902205, 'batch_size': 2386, 'optimizer': 'Adam'}. Best is trial 9 with value: 0.08229338784389838.
2026-05-20 06:01:58,960 - experiment_functions - INFO - Early stopping at epoch 500. Best Recall: 0.0057
2026-05-20 06:01:59,039 - optuna.study.study - INFO - Trial 47 finished with value: 0.005705966379770419 and parameters: {'n_layers': 2, 'embedding_dim': 256, 'lr': 0.0005934484085929961, 'lambda_val': 0.0016047338537726616, 'batch_size': 2827, 'optimizer': 'SGD'}. Best is trial 9 with value: 0.08229338784389838.
2026-05-20 06:02:09,304 - experiment_functions - INFO - Early stopping at epoch 600. Best Recall: 0.0319
2026-05-20 06:02:09,394 - optuna.study.study - INFO - Trial 48 finished with value: 0.03189064815452978 and parameters: {'n_layers': 4, 'embedding_dim': 96, 'lr': 0.0009249721301617216, 'lambda_val': 0.0008846839637747461, 'batch_size': 3959, 'optimizer': 'Adam'}. Best is trial 9 with value: 0.08229338784389838.
2026-05-20 06:02:18,151 - experiment_functions - INFO - Early stopping at epoch 550. Best Recall: 0.0805
2026-05-20 06:02:18,240 - optuna.study.study - INFO - Trial 49 finished with value: 0.08054680624542691 and parameters: {'n_layers': 1, 'embedding_dim': 256, 'lr': 0.005344695627320354, 'lambda_val': 0.000293617291483673, 'batch_size': 2157, 'optimizer': 'Adam'}. Best is trial 9 with value: 0.08229338784389838.
2026-05-20 06:02:28,508 - experiment_functions - INFO - Early stopping at epoch 700. Best Recall: 0.0417
2026-05-20 06:02:28,587 - optuna.study.study - INFO - Trial 50 finished with value: 0.0417227545759183 and parameters: {'n_layers': 1, 'embedding_dim': 32, 'lr': 0.02556648585293048, 'lambda_val': 8.968054420472415e-05, 'batch_size': 3425, 'optimizer': 'Adam'}. Best is trial 9 with value: 0.08229338784389838.
2026-05-20 06:02:37,687 - experiment_functions - INFO - Early stopping at epoch 550. Best Recall: 0.0820
2026-05-20 06:02:37,777 - optuna.study.study - INFO - Trial 51 finished with value: 0.08200107989468974 and parameters: {'n_layers': 1, 'embedding_dim': 256, 'lr': 0.004986190141290537, 'lambda_val': 0.00026926913772587903, 'batch_size': 2149, 'optimizer': 'Adam'}. Best is trial 9 with value: 0.08229338784389838.
2026-05-20 06:02:46,723 - experiment_functions - INFO - Early stopping at epoch 550. Best Recall: 0.0784
2026-05-20 06:02:46,824 - optuna.study.study - INFO - Trial 52 finished with value: 0.07839839675606387 and parameters: {'n_layers': 1, 'embedding_dim': 256, 'lr': 0.006717403720742466, 'lambda_val': 0.00036243624775303884, 'batch_size': 2257, 'optimizer': 'Adam'}. Best is trial 9 with value: 0.08229338784389838.
2026-05-20 06:02:55,614 - experiment_functions - INFO - Early stopping at epoch 550. Best Recall: 0.0636
2026-05-20 06:02:56,123 - optuna.study.study - INFO - Trial 53 finished with value: 0.06355788396087701 and parameters: {'n_layers': 1, 'embedding_dim': 256, 'lr': 0.010650227616940042, 'lambda_val': 0.00041732220832855913, 'batch_size': 2230, 'optimizer': 'Adam'}. Best is trial 9 with value: 0.08229338784389838.
2026-05-20 06:03:04,916 - experiment_functions - INFO - Early stopping at epoch 550. Best Recall: 0.0771
2026-05-20 06:03:05,006 - optuna.study.study - INFO - Trial 54 finished with value: 0.07710514664178447 and parameters: {'n_layers': 1, 'embedding_dim': 256, 'lr': 0.006482839599085991, 'lambda_val': 0.0002556178997733484, 'batch_size': 1850, 'optimizer': 'Adam'}. Best is trial 9 with value: 0.08229338784389838.
2026-05-20 06:03:13,631 - experiment_functions - INFO - Early stopping at epoch 550. Best Recall: 0.0782
2026-05-20 06:03:13,719 - optuna.study.study - INFO - Trial 55 finished with value: 0.07819592790281361 and parameters: {'n_layers': 1, 'embedding_dim': 128, 'lr': 0.0050942638787852875, 'lambda_val': 0.0002872365485631673, 'batch_size': 1894, 'optimizer': 'Adam'}. Best is trial 9 with value: 0.08229338784389838.
2026-05-20 06:03:29,202 - optuna.study._optimize - INFO - Trial 56 pruned. 
2026-05-20 06:03:40,848 - experiment_functions - INFO - Early stopping at epoch 800. Best Recall: 0.0049
2026-05-20 06:03:40,949 - optuna.study.study - INFO - Trial 57 finished with value: 0.004875717353095153 and parameters: {'n_layers': 1, 'embedding_dim': 128, 'lr': 0.023299541131425815, 'lambda_val': 5.2204971166978e-05, 'batch_size': 2113, 'optimizer': 'SGD'}. Best is trial 9 with value: 0.08229338784389838.
2026-05-20 06:03:50,277 - experiment_functions - INFO - Early stopping at epoch 600. Best Recall: 0.0815
2026-05-20 06:03:50,362 - optuna.study.study - INFO - Trial 58 finished with value: 0.08153483554337258 and parameters: {'n_layers': 1, 'embedding_dim': 128, 'lr': 0.0027545477837399223, 'lambda_val': 0.00012107496871631982, 'batch_size': 2343, 'optimizer': 'Adam'}. Best is trial 9 with value: 0.08229338784389838.
2026-05-20 06:03:59,744 - experiment_functions - INFO - Early stopping at epoch 600. Best Recall: 0.0805
2026-05-20 06:03:59,824 - optuna.study.study - INFO - Trial 59 finished with value: 0.0804895342791601 and parameters: {'n_layers': 1, 'embedding_dim': 128, 'lr': 0.0030896595701872, 'lambda_val': 2.319936197037605e-05, 'batch_size': 2358, 'optimizer': 'Adam'}. Best is trial 9 with value: 0.08229338784389838.
2026-05-20 06:04:08,872 - experiment_functions - INFO - Early stopping at epoch 550. Best Recall: 0.0664
2026-05-20 06:04:08,962 - optuna.study.study - INFO - Trial 60 finished with value: 0.06642399149936856 and parameters: {'n_layers': 2, 'embedding_dim': 128, 'lr': 0.0027252940992893346, 'lambda_val': 5.991034679388183e-06, 'batch_size': 2376, 'optimizer': 'Adam'}. Best is trial 9 with value: 0.08229338784389838.
2026-05-20 06:04:18,037 - experiment_functions - INFO - Early stopping at epoch 550. Best Recall: 0.0734
2026-05-20 06:04:18,139 - optuna.study.study - INFO - Trial 61 finished with value: 0.07335333246767822 and parameters: {'n_layers': 1, 'embedding_dim': 128, 'lr': 0.009039800159565153, 'lambda_val': 2.8865159722310324e-05, 'batch_size': 2575, 'optimizer': 'Adam'}. Best is trial 9 with value: 0.08229338784389838.
2026-05-20 06:04:26,563 - experiment_functions - INFO - Early stopping at epoch 550. Best Recall: 0.0799
2026-05-20 06:04:26,653 - optuna.study.study - INFO - Trial 62 finished with value: 0.07985970455499179 and parameters: {'n_layers': 1, 'embedding_dim': 128, 'lr': 0.005431588155408203, 'lambda_val': 1.2043743400647338e-05, 'batch_size': 1892, 'optimizer': 'Adam'}. Best is trial 9 with value: 0.08229338784389838.
2026-05-20 06:04:35,028 - experiment_functions - INFO - Early stopping at epoch 550. Best Recall: 0.0509
2026-05-20 06:04:35,117 - optuna.study.study - INFO - Trial 63 finished with value: 0.0509234308247834 and parameters: {'n_layers': 1, 'embedding_dim': 128, 'lr': 0.014081863888452385, 'lambda_val': 1.5779423081040002e-05, 'batch_size': 1701, 'optimizer': 'Adam'}. Best is trial 9 with value: 0.08229338784389838.
2026-05-20 06:04:44,334 - experiment_functions - INFO - Early stopping at epoch 600. Best Recall: 0.0781
2026-05-20 06:04:44,424 - optuna.study.study - INFO - Trial 64 finished with value: 0.07806523854749055 and parameters: {'n_layers': 1, 'embedding_dim': 128, 'lr': 0.0031322593458735885, 'lambda_val': 1.0033593798454733e-06, 'batch_size': 2048, 'optimizer': 'Adam'}. Best is trial 9 with value: 0.08229338784389838.
2026-05-20 06:04:57,004 - experiment_functions - INFO - Early stopping at epoch 850. Best Recall: 0.0502
2026-05-20 06:04:57,104 - optuna.study.study - INFO - Trial 65 finished with value: 0.05020876325728535 and parameters: {'n_layers': 1, 'embedding_dim': 128, 'lr': 0.016461033404795572, 'lambda_val': 1.2022965141546315e-05, 'batch_size': 2296, 'optimizer': 'Adam'}. Best is trial 9 with value: 0.08229338784389838.
2026-05-20 06:05:07,325 - experiment_functions - INFO - Early stopping at epoch 650. Best Recall: 0.0779
2026-05-20 06:05:07,404 - optuna.study.study - INFO - Trial 66 finished with value: 0.07786904942331489 and parameters: {'n_layers': 1, 'embedding_dim': 128, 'lr': 0.001995562786964659, 'lambda_val': 9.782037226687388e-05, 'batch_size': 1611, 'optimizer': 'Adam'}. Best is trial 9 with value: 0.08229338784389838.
2026-05-20 06:05:16,506 - experiment_functions - INFO - Early stopping at epoch 600. Best Recall: 0.0752
2026-05-20 06:05:16,596 - optuna.study.study - INFO - Trial 67 finished with value: 0.07516368468952316 and parameters: {'n_layers': 1, 'embedding_dim': 128, 'lr': 0.004291730708461291, 'lambda_val': 3.3590841641904222e-06, 'batch_size': 1385, 'optimizer': 'Adam'}. Best is trial 9 with value: 0.08229338784389838.
2026-05-20 06:05:25,116 - experiment_functions - INFO - Early stopping at epoch 500. Best Recall: 0.0051
2026-05-20 06:05:25,207 - optuna.study.study - INFO - Trial 68 finished with value: 0.005142727766376041 and parameters: {'n_layers': 3, 'embedding_dim': 128, 'lr': 0.005847282083700151, 'lambda_val': 6.0442411042108724e-05, 'batch_size': 902, 'optimizer': 'SGD'}. Best is trial 9 with value: 0.08229338784389838.
2026-05-20 06:05:34,149 - experiment_functions - INFO - Early stopping at epoch 600. Best Recall: 0.0729
2026-05-20 06:05:34,249 - optuna.study.study - INFO - Trial 69 finished with value: 0.0729129022277501 and parameters: {'n_layers': 1, 'embedding_dim': 128, 'lr': 0.0035656754812724454, 'lambda_val': 2.1728839847696765e-05, 'batch_size': 2181, 'optimizer': 'Adam'}. Best is trial 9 with value: 0.08229338784389838.
2026-05-20 06:05:43,605 - experiment_functions - INFO - Early stopping at epoch 650. Best Recall: 0.0251
2026-05-20 06:05:43,696 - optuna.study.study - INFO - Trial 70 finished with value: 0.02506497979396902 and parameters: {'n_layers': 1, 'embedding_dim': 64, 'lr': 0.04055237181741855, 'lambda_val': 7.568592971846128e-05, 'batch_size': 695, 'optimizer': 'Adam'}. Best is trial 9 with value: 0.08229338784389838.
2026-05-20 06:05:52,275 - experiment_functions - INFO - Early stopping at epoch 550. Best Recall: 0.0785
2026-05-20 06:05:52,364 - optuna.study.study - INFO - Trial 71 finished with value: 0.07854589879383934 and parameters: {'n_layers': 1, 'embedding_dim': 128, 'lr': 0.007261889423423678, 'lambda_val': 6.357022175584729e-06, 'batch_size': 1870, 'optimizer': 'Adam'}. Best is trial 9 with value: 0.08229338784389838.
2026-05-20 06:06:01,546 - experiment_functions - INFO - Early stopping at epoch 550. Best Recall: 0.0752
2026-05-20 06:06:01,636 - optuna.study.study - INFO - Trial 72 finished with value: 0.07517249691027833 and parameters: {'n_layers': 1, 'embedding_dim': 128, 'lr': 0.008370033216501104, 'lambda_val': 5.151770406907855e-06, 'batch_size': 1972, 'optimizer': 'Adam'}. Best is trial 9 with value: 0.08229338784389838.
2026-05-20 06:06:11,267 - experiment_functions - INFO - Early stopping at epoch 600. Best Recall: 0.0811
2026-05-20 06:06:11,357 - optuna.study.study - INFO - Trial 73 finished with value: 0.0811391738882366 and parameters: {'n_layers': 1, 'embedding_dim': 128, 'lr': 0.002356073439169497, 'lambda_val': 8.289129992771257e-06, 'batch_size': 2345, 'optimizer': 'Adam'}. Best is trial 9 with value: 0.08229338784389838.
2026-05-20 06:06:20,789 - experiment_functions - INFO - Early stopping at epoch 600. Best Recall: 0.0783
2026-05-20 06:06:20,890 - optuna.study.study - INFO - Trial 74 finished with value: 0.07826286323079615 and parameters: {'n_layers': 1, 'embedding_dim': 128, 'lr': 0.002451896805499678, 'lambda_val': 9.794370364765444e-06, 'batch_size': 2556, 'optimizer': 'Adam'}. Best is trial 9 with value: 0.08229338784389838.
2026-05-20 06:06:30,012 - experiment_functions - INFO - Early stopping at epoch 600. Best Recall: 0.0728
2026-05-20 06:06:30,092 - optuna.study.study - INFO - Trial 75 finished with value: 0.07275216310420438 and parameters: {'n_layers': 1, 'embedding_dim': 128, 'lr': 0.0037025539953375913, 'lambda_val': 3.6626358863938113e-06, 'batch_size': 2418, 'optimizer': 'Adam'}. Best is trial 9 with value: 0.08229338784389838.
2026-05-20 06:06:39,483 - experiment_functions - INFO - Early stopping at epoch 600. Best Recall: 0.0773
2026-05-20 06:06:39,607 - optuna.study.study - INFO - Trial 76 finished with value: 0.07733127789412689 and parameters: {'n_layers': 1, 'embedding_dim': 128, 'lr': 0.0022541496124975427, 'lambda_val': 1.6740912054038934e-05, 'batch_size': 2065, 'optimizer': 'Adam'}. Best is trial 9 with value: 0.08229338784389838.
2026-05-20 06:06:48,791 - experiment_functions - INFO - Early stopping at epoch 550. Best Recall: 0.0374
2026-05-20 06:06:48,881 - optuna.study.study - INFO - Trial 77 finished with value: 0.03736758040818826 and parameters: {'n_layers': 2, 'embedding_dim': 128, 'lr': 0.001760495551102483, 'lambda_val': 6.764161277332894e-06, 'batch_size': 1047, 'optimizer': 'RMSprop'}. Best is trial 9 with value: 0.08229338784389838.
2026-05-20 06:06:58,279 - experiment_functions - INFO - Early stopping at epoch 600. Best Recall: 0.0695
2026-05-20 06:06:58,412 - optuna.study.study - INFO - Trial 78 finished with value: 0.06948097021506845 and parameters: {'n_layers': 1, 'embedding_dim': 128, 'lr': 0.0046491393396222635, 'lambda_val': 3.608866228215374e-05, 'batch_size': 1504, 'optimizer': 'Adam'}. Best is trial 9 with value: 0.08229338784389838.
2026-05-20 06:07:09,187 - experiment_functions - INFO - Early stopping at epoch 700. Best Recall: 0.0763
2026-05-20 06:07:09,277 - optuna.study.study - INFO - Trial 79 finished with value: 0.07628524414563251 and parameters: {'n_layers': 1, 'embedding_dim': 128, 'lr': 0.001427979038104636, 'lambda_val': 2.3526487068113407e-06, 'batch_size': 1771, 'optimizer': 'Adam'}. Best is trial 9 with value: 0.08229338784389838.
2026-05-20 06:07:17,988 - experiment_functions - INFO - Early stopping at epoch 550. Best Recall: 0.0679
2026-05-20 06:07:18,067 - optuna.study.study - INFO - Trial 80 finished with value: 0.06790507013132199 and parameters: {'n_layers': 1, 'embedding_dim': 96, 'lr': 0.01180470770712797, 'lambda_val': 1.4110166048343055e-05, 'batch_size': 1903, 'optimizer': 'Adam'}. Best is trial 9 with value: 0.08229338784389838.
2026-05-20 06:07:27,168 - experiment_functions - INFO - Early stopping at epoch 600. Best Recall: 0.0797
2026-05-20 06:07:27,324 - optuna.study.study - INFO - Trial 81 finished with value: 0.07972376350592553 and parameters: {'n_layers': 1, 'embedding_dim': 128, 'lr': 0.0029145244631231157, 'lambda_val': 8.579784551944116e-06, 'batch_size': 2212, 'optimizer': 'Adam'}. Best is trial 9 with value: 0.08229338784389838.
2026-05-20 06:07:36,502 - experiment_functions - INFO - Early stopping at epoch 600. Best Recall: 0.0771
2026-05-20 06:07:36,591 - optuna.study.study - INFO - Trial 82 finished with value: 0.07705285839911703 and parameters: {'n_layers': 1, 'embedding_dim': 128, 'lr': 0.003045416605080939, 'lambda_val': 7.912763001606849e-06, 'batch_size': 2323, 'optimizer': 'Adam'}. Best is trial 9 with value: 0.08229338784389838.
2026-05-20 06:07:45,495 - experiment_functions - INFO - Early stopping at epoch 550. Best Recall: 0.0695
2026-05-20 06:07:45,801 - optuna.study.study - INFO - Trial 83 finished with value: 0.06951933993044532 and parameters: {'n_layers': 1, 'embedding_dim': 128, 'lr': 0.005622006603828787, 'lambda_val': 8.68027634117278e-06, 'batch_size': 2490, 'optimizer': 'Adam'}. Best is trial 9 with value: 0.08229338784389838.
2026-05-20 06:08:02,718 - optuna.study._optimize - INFO - Trial 84 pruned. 
2026-05-20 06:08:15,476 - experiment_functions - INFO - Early stopping at epoch 850. Best Recall: 0.0766
2026-05-20 06:08:15,566 - optuna.study.study - INFO - Trial 85 finished with value: 0.07662703719069093 and parameters: {'n_layers': 1, 'embedding_dim': 128, 'lr': 0.0007660410321688316, 'lambda_val': 2.099742332973152e-05, 'batch_size': 2028, 'optimizer': 'Adam'}. Best is trial 9 with value: 0.08229338784389838.
2026-05-20 06:08:26,499 - experiment_functions - INFO - Early stopping at epoch 750. Best Recall: 0.0630
2026-05-20 06:08:27,021 - optuna.study.study - INFO - Trial 86 finished with value: 0.06297181469970185 and parameters: {'n_layers': 1, 'embedding_dim': 32, 'lr': 0.0014527486844964892, 'lambda_val': 2.4111781258291708e-06, 'batch_size': 2765, 'optimizer': 'Adam'}. Best is trial 9 with value: 0.08229338784389838.
2026-05-20 06:08:37,299 - experiment_functions - INFO - Early stopping at epoch 700. Best Recall: 0.0798
2026-05-20 06:08:37,389 - optuna.study.study - INFO - Trial 87 finished with value: 0.07984720943375666 and parameters: {'n_layers': 1, 'embedding_dim': 64, 'lr': 0.0012211340779453323, 'lambda_val': 0.0001467256950969197, 'batch_size': 2248, 'optimizer': 'Adam'}. Best is trial 9 with value: 0.08229338784389838.
2026-05-20 06:08:52,809 - experiment_functions - INFO - Early stopping at epoch 500. Best Recall: 0.0048
2026-05-20 06:08:52,889 - optuna.study.study - INFO - Trial 88 finished with value: 0.004798739874775855 and parameters: {'n_layers': 1, 'embedding_dim': 64, 'lr': 0.0012164072294674803, 'lambda_val': 0.0001703677148939095, 'batch_size': 2611, 'optimizer': 'SGD'}. Best is trial 9 with value: 0.08229338784389838.
2026-05-20 06:09:03,246 - experiment_functions - INFO - Early stopping at epoch 650. Best Recall: 0.0846
2026-05-20 06:09:03,337 - optuna.study.study - INFO - Trial 89 finished with value: 0.08459424154465081 and parameters: {'n_layers': 1, 'embedding_dim': 64, 'lr': 0.001970702625354657, 'lambda_val': 0.00012256254889685887, 'batch_size': 2345, 'optimizer': 'Adam'}. Best is trial 89 with value: 0.08459424154465081.
2026-05-20 06:09:12,074 - experiment_functions - INFO - Early stopping at epoch 550. Best Recall: 0.0616
2026-05-20 06:09:12,154 - optuna.study.study - INFO - Trial 90 finished with value: 0.061640372903848446 and parameters: {'n_layers': 1, 'embedding_dim': 64, 'lr': 0.002087039453599193, 'lambda_val': 4.1153804373762534e-05, 'batch_size': 2483, 'optimizer': 'RMSprop'}. Best is trial 89 with value: 0.08459424154465081.
2026-05-20 06:09:21,243 - experiment_functions - INFO - Early stopping at epoch 600. Best Recall: 0.0710
2026-05-20 06:09:21,332 - optuna.study.study - INFO - Trial 91 finished with value: 0.07104417264457202 and parameters: {'n_layers': 1, 'embedding_dim': 64, 'lr': 0.0026353820291278008, 'lambda_val': 0.0001293525662274334, 'batch_size': 2331, 'optimizer': 'Adam'}. Best is trial 89 with value: 0.08459424154465081.
2026-05-20 06:09:31,908 - experiment_functions - INFO - Early stopping at epoch 700. Best Recall: 0.0820
2026-05-20 06:09:31,999 - optuna.study.study - INFO - Trial 92 finished with value: 0.08201310595439565 and parameters: {'n_layers': 1, 'embedding_dim': 64, 'lr': 0.0012351699478781945, 'lambda_val': 0.00023162772312732629, 'batch_size': 2249, 'optimizer': 'Adam'}. Best is trial 89 with value: 0.08459424154465081.
2026-05-20 06:09:45,973 - experiment_functions - INFO - Early stopping at epoch 900. Best Recall: 0.0842
2026-05-20 06:09:46,311 - optuna.study.study - INFO - Trial 93 finished with value: 0.08418246012027834 and parameters: {'n_layers': 1, 'embedding_dim': 64, 'lr': 0.0007817613249623882, 'lambda_val': 0.00022894844829869637, 'batch_size': 2087, 'optimizer': 'Adam'}. Best is trial 89 with value: 0.08459424154465081.
2026-05-20 06:09:59,736 - experiment_functions - INFO - Early stopping at epoch 900. Best Recall: 0.0779
2026-05-20 06:09:59,837 - optuna.study.study - INFO - Trial 94 finished with value: 0.0778515382127498 and parameters: {'n_layers': 1, 'embedding_dim': 64, 'lr': 0.0007103421929455305, 'lambda_val': 0.0002341484161955351, 'batch_size': 2092, 'optimizer': 'Adam'}. Best is trial 89 with value: 0.08459424154465081.
2026-05-20 06:10:14,807 - experiment_functions - INFO - Early stopping at epoch 1000. Best Recall: 0.0756
2026-05-20 06:10:14,897 - optuna.study.study - INFO - Trial 95 finished with value: 0.07563575375629349 and parameters: {'n_layers': 1, 'embedding_dim': 64, 'lr': 0.000561535287670893, 'lambda_val': 9.5261983548498e-05, 'batch_size': 2663, 'optimizer': 'Adam'}. Best is trial 89 with value: 0.08459424154465081.
2026-05-20 06:10:26,586 - experiment_functions - INFO - Early stopping at epoch 800. Best Recall: 0.0802
2026-05-20 06:10:27,096 - optuna.study.study - INFO - Trial 96 finished with value: 0.08020534675948032 and parameters: {'n_layers': 1, 'embedding_dim': 64, 'lr': 0.0009559611930955067, 'lambda_val': 0.00048392757649758187, 'batch_size': 2415, 'optimizer': 'Adam'}. Best is trial 89 with value: 0.08459424154465081.
2026-05-20 06:10:38,260 - experiment_functions - INFO - Early stopping at epoch 750. Best Recall: 0.0713
2026-05-20 06:10:38,363 - optuna.study.study - INFO - Trial 97 finished with value: 0.0713041127480889 and parameters: {'n_layers': 1, 'embedding_dim': 64, 'lr': 0.000896181226902151, 'lambda_val': 0.0012863623936691393, 'batch_size': 2401, 'optimizer': 'Adam'}. Best is trial 89 with value: 0.08459424154465081.
2026-05-20 06:10:49,627 - experiment_functions - INFO - Early stopping at epoch 750. Best Recall: 0.0713
2026-05-20 06:10:49,717 - optuna.study.study - INFO - Trial 98 finished with value: 0.0713213698253883 and parameters: {'n_layers': 1, 'embedding_dim': 64, 'lr': 0.0010715190519517334, 'lambda_val': 0.0008203307770423102, 'batch_size': 2533, 'optimizer': 'Adam'}. Best is trial 89 with value: 0.08459424154465081.
2026-05-20 06:11:08,945 - experiment_functions - INFO - Early stopping at epoch 650. Best Recall: 0.0763
2026-05-20 06:11:09,045 - optuna.study.study - INFO - Trial 99 finished with value: 0.07632747137062489 and parameters: {'n_layers': 1, 'embedding_dim': 64, 'lr': 0.0016820547476566136, 'lambda_val': 0.0005289328002014309, 'batch_size': 2335, 'optimizer': 'Adam'}. Best is trial 89 with value: 0.08459424154465081.
2026-05-20 06:11:33,105 - experiment_functions - INFO - Early stopping at epoch 1650. Best Recall: 0.0739
2026-05-20 06:11:33,227 - optuna.study.study - INFO - Trial 100 finished with value: 0.07387298941415074 and parameters: {'n_layers': 1, 'embedding_dim': 64, 'lr': 0.0003166741990125774, 'lambda_val': 0.0019220495058425964, 'batch_size': 2783, 'optimizer': 'Adam'}. Best is trial 89 with value: 0.08459424154465081.
2026-05-20 06:11:52,670 - experiment_functions - INFO - Early stopping at epoch 1350. Best Recall: 0.0800
2026-05-20 06:11:52,761 - optuna.study.study - INFO - Trial 101 finished with value: 0.07999752470122679 and parameters: {'n_layers': 1, 'embedding_dim': 64, 'lr': 0.0004019777477775436, 'lambda_val': 0.00034384617010012537, 'batch_size': 2113, 'optimizer': 'Adam'}. Best is trial 89 with value: 0.08459424154465081.
2026-05-20 06:12:11,362 - experiment_functions - INFO - Early stopping at epoch 1300. Best Recall: 0.0763
2026-05-20 06:12:11,451 - optuna.study.study - INFO - Trial 102 finished with value: 0.07629177479774782 and parameters: {'n_layers': 1, 'embedding_dim': 64, 'lr': 0.0004032273033339247, 'lambda_val': 0.00021780097181145198, 'batch_size': 2145, 'optimizer': 'Adam'}. Best is trial 89 with value: 0.08459424154465081.
2026-05-20 06:12:25,761 - experiment_functions - INFO - Early stopping at epoch 1000. Best Recall: 0.0718
2026-05-20 06:12:25,851 - optuna.study.study - INFO - Trial 103 finished with value: 0.07179253027369346 and parameters: {'n_layers': 1, 'embedding_dim': 64, 'lr': 0.000548924144088187, 'lambda_val': 0.0003318656956745827, 'batch_size': 2429, 'optimizer': 'Adam'}. Best is trial 89 with value: 0.08459424154465081.
2026-05-20 06:12:46,249 - experiment_functions - INFO - Early stopping at epoch 950. Best Recall: 0.0773
2026-05-20 06:12:47,015 - optuna.study.study - INFO - Trial 104 finished with value: 0.07734729498662403 and parameters: {'n_layers': 1, 'embedding_dim': 64, 'lr': 0.0007611280626630938, 'lambda_val': 0.00011417023692017621, 'batch_size': 1958, 'optimizer': 'Adam'}. Best is trial 89 with value: 0.08459424154465081.
2026-05-20 06:12:58,980 - experiment_functions - INFO - Early stopping at epoch 650. Best Recall: 0.0828
2026-05-20 06:12:59,070 - optuna.study.study - INFO - Trial 105 finished with value: 0.08282401111284757 and parameters: {'n_layers': 1, 'embedding_dim': 64, 'lr': 0.001915509008363426, 'lambda_val': 0.000457659612148385, 'batch_size': 2229, 'optimizer': 'Adam'}. Best is trial 89 with value: 0.08459424154465081.
2026-05-20 06:13:06,396 - experiment_functions - INFO - Early stopping at epoch 500. Best Recall: 0.0056
2026-05-20 06:13:06,486 - optuna.study.study - INFO - Trial 106 finished with value: 0.005595290630311381 and parameters: {'n_layers': 1, 'embedding_dim': 64, 'lr': 0.0013267591796246312, 'lambda_val': 0.0005342828947732333, 'batch_size': 2273, 'optimizer': 'SGD'}. Best is trial 89 with value: 0.08459424154465081.
2026-05-20 06:13:16,142 - experiment_functions - INFO - Early stopping at epoch 650. Best Recall: 0.0744
2026-05-20 06:13:16,232 - optuna.study.study - INFO - Trial 107 finished with value: 0.07440088566250774 and parameters: {'n_layers': 1, 'embedding_dim': 64, 'lr': 0.0017264238606261495, 'lambda_val': 0.0001904315288504811, 'batch_size': 2341, 'optimizer': 'Adam'}. Best is trial 89 with value: 0.08459424154465081.
2026-05-20 06:13:26,265 - experiment_functions - INFO - Early stopping at epoch 650. Best Recall: 0.0742
2026-05-20 06:13:26,411 - optuna.study.study - INFO - Trial 108 finished with value: 0.07422789344017698 and parameters: {'n_layers': 1, 'embedding_dim': 64, 'lr': 0.0020440336908036125, 'lambda_val': 0.0007267700164661069, 'batch_size': 2694, 'optimizer': 'Adam'}. Best is trial 89 with value: 0.08459424154465081.
2026-05-20 06:13:37,764 - experiment_functions - INFO - Early stopping at epoch 750. Best Recall: 0.0774
2026-05-20 06:13:37,855 - optuna.study.study - INFO - Trial 109 finished with value: 0.07738164696211171 and parameters: {'n_layers': 1, 'embedding_dim': 96, 'lr': 0.0008972882271683812, 'lambda_val': 0.00042810444790885633, 'batch_size': 2608, 'optimizer': 'Adam'}. Best is trial 89 with value: 0.08459424154465081.
2026-05-20 06:13:51,797 - optuna.study._optimize - INFO - Trial 110 pruned. 
2026-05-20 06:14:05,864 - optuna.study._optimize - INFO - Trial 111 pruned. 
2026-05-20 06:14:22,429 - experiment_functions - INFO - Early stopping at epoch 1200. Best Recall: 0.0813
2026-05-20 06:14:22,518 - optuna.study.study - INFO - Trial 112 finished with value: 0.08131387122445934 and parameters: {'n_layers': 1, 'embedding_dim': 64, 'lr': 0.0004457813136241459, 'lambda_val': 0.0009416843982434578, 'batch_size': 2239, 'optimizer': 'Adam'}. Best is trial 89 with value: 0.08459424154465081.
2026-05-20 06:14:33,154 - experiment_functions - INFO - Early stopping at epoch 750. Best Recall: 0.0721
2026-05-20 06:14:33,244 - optuna.study.study - INFO - Trial 113 finished with value: 0.07214682824364527 and parameters: {'n_layers': 1, 'embedding_dim': 64, 'lr': 0.0010179489707717664, 'lambda_val': 0.0010867424906874177, 'batch_size': 2453, 'optimizer': 'Adam'}. Best is trial 89 with value: 0.08459424154465081.
2026-05-20 06:14:42,694 - experiment_functions - INFO - Early stopping at epoch 650. Best Recall: 0.0731
2026-05-20 06:14:42,819 - optuna.study.study - INFO - Trial 114 finished with value: 0.0730507035292374 and parameters: {'n_layers': 1, 'embedding_dim': 32, 'lr': 0.0024144148674463445, 'lambda_val': 0.0004886773923485248, 'batch_size': 2239, 'optimizer': 'Adam'}. Best is trial 89 with value: 0.08459424154465081.
2026-05-20 06:15:07,204 - experiment_functions - INFO - Early stopping at epoch 1100. Best Recall: 0.0751
2026-05-20 06:15:07,294 - optuna.study.study - INFO - Trial 115 finished with value: 0.07508938327293752 and parameters: {'n_layers': 1, 'embedding_dim': 64, 'lr': 0.0004742819284287108, 'lambda_val': 0.001018787678844763, 'batch_size': 2179, 'optimizer': 'Adam'}. Best is trial 89 with value: 0.08459424154465081.
2026-05-20 06:15:20,068 - experiment_functions - INFO - Early stopping at epoch 800. Best Recall: 0.0758
2026-05-20 06:15:20,158 - optuna.study.study - INFO - Trial 116 finished with value: 0.07575907210362798 and parameters: {'n_layers': 1, 'embedding_dim': 256, 'lr': 0.0007492226986206735, 'lambda_val': 0.0006095160367718751, 'batch_size': 2400, 'optimizer': 'Adam'}. Best is trial 89 with value: 0.08459424154465081.
2026-05-20 06:15:33,944 - experiment_functions - INFO - Early stopping at epoch 950. Best Recall: 0.0727
2026-05-20 06:15:34,034 - optuna.study.study - INFO - Trial 117 finished with value: 0.07265516573338868 and parameters: {'n_layers': 1, 'embedding_dim': 64, 'lr': 0.0006140816202736208, 'lambda_val': 0.00354984359110074, 'batch_size': 2295, 'optimizer': 'Adam'}. Best is trial 89 with value: 0.08459424154465081.
2026-05-20 06:15:43,690 - experiment_functions - INFO - Early stopping at epoch 650. Best Recall: 0.0712
2026-05-20 06:15:43,779 - optuna.study.study - INFO - Trial 118 finished with value: 0.07117675460061233 and parameters: {'n_layers': 1, 'embedding_dim': 64, 'lr': 0.00153310066363821, 'lambda_val': 0.0008675508842184162, 'batch_size': 2526, 'optimizer': 'Adam'}. Best is trial 89 with value: 0.08459424154465081.
2026-05-20 06:15:54,093 - experiment_functions - INFO - Early stopping at epoch 650. Best Recall: 0.0733
2026-05-20 06:15:54,183 - optuna.study.study - INFO - Trial 119 finished with value: 0.07329779441891202 and parameters: {'n_layers': 1, 'embedding_dim': 256, 'lr': 0.0019181245234117473, 'lambda_val': 0.0016242475711337242, 'batch_size': 1984, 'optimizer': 'Adam'}. Best is trial 89 with value: 0.08459424154465081.
2026-05-20 06:16:03,153 - experiment_functions - INFO - Early stopping at epoch 600. Best Recall: 0.0784
2026-05-20 06:16:03,253 - optuna.study.study - INFO - Trial 120 finished with value: 0.07839655857280736 and parameters: {'n_layers': 1, 'embedding_dim': 64, 'lr': 0.0033881382970775927, 'lambda_val': 0.00022247403389739077, 'batch_size': 2220, 'optimizer': 'Adam'}. Best is trial 89 with value: 0.08459424154465081.
2026-05-20 06:16:23,238 - experiment_functions - INFO - Early stopping at epoch 1400. Best Recall: 0.0756
2026-05-20 06:16:23,407 - optuna.study.study - INFO - Trial 121 finished with value: 0.07557512277068658 and parameters: {'n_layers': 1, 'embedding_dim': 64, 'lr': 0.00038318521631118524, 'lambda_val': 0.00028832578212644, 'batch_size': 2116, 'optimizer': 'Adam'}. Best is trial 89 with value: 0.08459424154465081.
2026-05-20 06:16:34,484 - experiment_functions - INFO - Early stopping at epoch 750. Best Recall: 0.0851
2026-05-20 06:16:34,576 - optuna.study.study - INFO - Trial 122 finished with value: 0.08511865658067046 and parameters: {'n_layers': 1, 'embedding_dim': 64, 'lr': 0.0011236892462375048, 'lambda_val': 0.00038280417126887337, 'batch_size': 2358, 'optimizer': 'Adam'}. Best is trial 122 with value: 0.08511865658067046.
2026-05-20 06:16:46,593 - experiment_functions - INFO - Early stopping at epoch 750. Best Recall: 0.0812
2026-05-20 06:16:46,728 - optuna.study.study - INFO - Trial 123 finished with value: 0.08123199248816862 and parameters: {'n_layers': 1, 'embedding_dim': 64, 'lr': 0.0011072055061843275, 'lambda_val': 0.00043622113457662175, 'batch_size': 2360, 'optimizer': 'Adam'}. Best is trial 122 with value: 0.08511865658067046.
2026-05-20 06:16:58,351 - experiment_functions - INFO - Early stopping at epoch 750. Best Recall: 0.0763
2026-05-20 06:16:58,440 - optuna.study.study - INFO - Trial 124 finished with value: 0.07625949290186294 and parameters: {'n_layers': 1, 'embedding_dim': 64, 'lr': 0.0011958416597501716, 'lambda_val': 0.0001647574609206043, 'batch_size': 2298, 'optimizer': 'Adam'}. Best is trial 122 with value: 0.08511865658067046.
2026-05-20 06:17:07,678 - experiment_functions - INFO - Early stopping at epoch 600. Best Recall: 0.0765
2026-05-20 06:17:07,757 - optuna.study.study - INFO - Trial 125 finished with value: 0.07646117788838376 and parameters: {'n_layers': 1, 'embedding_dim': 96, 'lr': 0.002598216592912957, 'lambda_val': 0.0003815885899867181, 'batch_size': 2358, 'optimizer': 'Adam'}. Best is trial 122 with value: 0.08511865658067046.
2026-05-20 06:17:17,439 - experiment_functions - INFO - Early stopping at epoch 700. Best Recall: 0.0055
2026-05-20 06:17:17,528 - optuna.study.study - INFO - Trial 126 finished with value: 0.005452509487563044 and parameters: {'n_layers': 1, 'embedding_dim': 64, 'lr': 1.2636071614797103e-05, 'lambda_val': 0.0006777239188363007, 'batch_size': 2497, 'optimizer': 'Adam'}. Best is trial 122 with value: 0.08511865658067046.
2026-05-20 06:17:26,564 - experiment_functions - INFO - Early stopping at epoch 550. Best Recall: 0.0644
2026-05-20 06:17:26,654 - optuna.study.study - INFO - Trial 127 finished with value: 0.0643792748840625 and parameters: {'n_layers': 1, 'embedding_dim': 256, 'lr': 0.004483539513625877, 'lambda_val': 0.0026803388367535688, 'batch_size': 1075, 'optimizer': 'Adam'}. Best is trial 122 with value: 0.08511865658067046.
2026-05-20 06:17:33,871 - experiment_functions - INFO - Early stopping at epoch 500. Best Recall: 0.0048
2026-05-20 06:17:34,236 - optuna.study.study - INFO - Trial 128 finished with value: 0.004788849599693468 and parameters: {'n_layers': 1, 'embedding_dim': 32, 'lr': 0.0013383321043431199, 'lambda_val': 0.00012760477819928975, 'batch_size': 1822, 'optimizer': 'SGD'}. Best is trial 122 with value: 0.08511865658067046.
2026-05-20 06:17:44,685 - experiment_functions - INFO - Early stopping at epoch 650. Best Recall: 0.0725
2026-05-20 06:17:44,774 - optuna.study.study - INFO - Trial 129 finished with value: 0.07252066322939475 and parameters: {'n_layers': 1, 'embedding_dim': 64, 'lr': 0.002219844138777998, 'lambda_val': 0.00019979643948512575, 'batch_size': 2029, 'optimizer': 'Adam'}. Best is trial 122 with value: 0.08511865658067046.
2026-05-20 06:17:54,780 - experiment_functions - INFO - Early stopping at epoch 600. Best Recall: 0.0505
2026-05-20 06:17:54,882 - optuna.study.study - INFO - Trial 130 finished with value: 0.050511378432181446 and parameters: {'n_layers': 3, 'embedding_dim': 64, 'lr': 0.0016522424829144761, 'lambda_val': 0.00010848027039186937, 'batch_size': 2193, 'optimizer': 'Adam'}. Best is trial 122 with value: 0.08511865658067046.
2026-05-20 06:18:07,277 - experiment_functions - INFO - Early stopping at epoch 800. Best Recall: 0.0748
2026-05-20 06:18:07,423 - optuna.study.study - INFO - Trial 131 finished with value: 0.0747813565772669 and parameters: {'n_layers': 1, 'embedding_dim': 64, 'lr': 0.0009107926118786142, 'lambda_val': 0.0004589573260494283, 'batch_size': 2437, 'optimizer': 'Adam'}. Best is trial 122 with value: 0.08511865658067046.
2026-05-20 06:18:18,765 - experiment_functions - INFO - Early stopping at epoch 750. Best Recall: 0.0775
2026-05-20 06:18:18,856 - optuna.study.study - INFO - Trial 132 finished with value: 0.07751466218419731 and parameters: {'n_layers': 1, 'embedding_dim': 64, 'lr': 0.0010889869043086207, 'lambda_val': 0.00032965946698023475, 'batch_size': 2371, 'optimizer': 'Adam'}. Best is trial 122 with value: 0.08511865658067046.
2026-05-20 06:18:32,901 - experiment_functions - INFO - Early stopping at epoch 850. Best Recall: 0.0690
2026-05-20 06:18:33,678 - optuna.study.study - INFO - Trial 133 finished with value: 0.06901269511016775 and parameters: {'n_layers': 1, 'embedding_dim': 64, 'lr': 0.000713013466536761, 'lambda_val': 0.0002650310207621596, 'batch_size': 2582, 'optimizer': 'Adam'}. Best is trial 122 with value: 0.08511865658067046.
2026-05-20 06:18:54,751 - experiment_functions - INFO - Early stopping at epoch 850. Best Recall: 0.0768
2026-05-20 06:18:54,884 - optuna.study.study - INFO - Trial 134 finished with value: 0.07677475633240229 and parameters: {'n_layers': 1, 'embedding_dim': 64, 'lr': 0.0008322973103952856, 'lambda_val': 0.0006947713792462964, 'batch_size': 2262, 'optimizer': 'Adam'}. Best is trial 122 with value: 0.08511865658067046.
2026-05-20 06:19:18,154 - experiment_functions - INFO - Early stopping at epoch 1500. Best Recall: 0.0835
2026-05-20 06:19:18,244 - optuna.study.study - INFO - Trial 135 finished with value: 0.08353976235131862 and parameters: {'n_layers': 1, 'embedding_dim': 256, 'lr': 0.0006039007535830242, 'lambda_val': 0.0003716276893203946, 'batch_size': 530, 'optimizer': 'Adam'}. Best is trial 122 with value: 0.08511865658067046.
2026-05-20 06:19:38,128 - experiment_functions - INFO - Early stopping at epoch 1250. Best Recall: 0.0811
2026-05-20 06:19:38,218 - optuna.study.study - INFO - Trial 136 finished with value: 0.08108880753680892 and parameters: {'n_layers': 1, 'embedding_dim': 256, 'lr': 0.0005909573875212996, 'lambda_val': 0.0004024061505522181, 'batch_size': 715, 'optimizer': 'Adam'}. Best is trial 122 with value: 0.08511865658067046.
2026-05-20 06:20:05,203 - experiment_functions - INFO - Early stopping at epoch 1700. Best Recall: 0.0818
2026-05-20 06:20:05,292 - optuna.study.study - INFO - Trial 137 finished with value: 0.08176332419554456 and parameters: {'n_layers': 1, 'embedding_dim': 256, 'lr': 0.0005265890143021791, 'lambda_val': 0.0003857734796589005, 'batch_size': 515, 'optimizer': 'Adam'}. Best is trial 122 with value: 0.08511865658067046.
2026-05-20 06:20:29,617 - experiment_functions - INFO - Early stopping at epoch 1550. Best Recall: 0.0798
2026-05-20 06:20:29,717 - optuna.study.study - INFO - Trial 138 finished with value: 0.07984121416524391 and parameters: {'n_layers': 1, 'embedding_dim': 256, 'lr': 0.00046808357427175433, 'lambda_val': 0.001407756732654258, 'batch_size': 538, 'optimizer': 'RMSprop'}. Best is trial 122 with value: 0.08511865658067046.
2026-05-20 06:20:50,352 - experiment_functions - INFO - Early stopping at epoch 1300. Best Recall: 0.0831
2026-05-20 06:20:50,486 - optuna.study.study - INFO - Trial 139 finished with value: 0.08312774609958509 and parameters: {'n_layers': 1, 'embedding_dim': 256, 'lr': 0.0005639296232511946, 'lambda_val': 0.0003895562999392, 'batch_size': 733, 'optimizer': 'Adam'}. Best is trial 122 with value: 0.08511865658067046.
2026-05-20 06:21:05,855 - optuna.study._optimize - INFO - Trial 140 pruned. 
2026-05-20 06:21:25,841 - experiment_functions - INFO - Early stopping at epoch 1250. Best Recall: 0.0822
2026-05-20 06:21:25,930 - optuna.study.study - INFO - Trial 141 finished with value: 0.0822426622984855 and parameters: {'n_layers': 1, 'embedding_dim': 256, 'lr': 0.0005980742176066934, 'lambda_val': 0.0003910620414302391, 'batch_size': 706, 'optimizer': 'Adam'}. Best is trial 122 with value: 0.08511865658067046.
2026-05-20 06:21:43,428 - experiment_functions - INFO - Early stopping at epoch 1100. Best Recall: 0.0802
2026-05-20 06:21:43,573 - optuna.study.study - INFO - Trial 142 finished with value: 0.08019746995456206 and parameters: {'n_layers': 1, 'embedding_dim': 256, 'lr': 0.0006425400858968689, 'lambda_val': 0.0005684045156435632, 'batch_size': 814, 'optimizer': 'Adam'}. Best is trial 122 with value: 0.08511865658067046.
2026-05-20 06:21:59,217 - optuna.study._optimize - INFO - Trial 143 pruned. 
2026-05-20 06:22:29,969 - experiment_functions - INFO - Early stopping at epoch 2000. Best Recall: 0.0832
2026-05-20 06:22:30,058 - optuna.study.study - INFO - Trial 144 finished with value: 0.0832185411745743 and parameters: {'n_layers': 1, 'embedding_dim': 256, 'lr': 0.0004967172358358472, 'lambda_val': 0.00022790166630467804, 'batch_size': 515, 'optimizer': 'Adam'}. Best is trial 122 with value: 0.08511865658067046.
2026-05-20 06:22:56,754 - experiment_functions - INFO - Early stopping at epoch 1700. Best Recall: 0.0803
2026-05-20 06:22:56,887 - optuna.study.study - INFO - Trial 145 finished with value: 0.08033326005227917 and parameters: {'n_layers': 1, 'embedding_dim': 256, 'lr': 0.0005046097752357913, 'lambda_val': 0.00022477681312413282, 'batch_size': 586, 'optimizer': 'Adam'}. Best is trial 122 with value: 0.08511865658067046.
2026-05-20 06:23:12,589 - optuna.study._optimize - INFO - Trial 146 pruned. 
2026-05-20 06:23:30,888 - experiment_functions - INFO - Early stopping at epoch 1150. Best Recall: 0.0810
2026-05-20 06:23:30,977 - optuna.study.study - INFO - Trial 147 finished with value: 0.08102081688361436 and parameters: {'n_layers': 1, 'embedding_dim': 256, 'lr': 0.0006483633887689356, 'lambda_val': 8.502387304117874e-05, 'batch_size': 718, 'optimizer': 'Adam'}. Best is trial 122 with value: 0.08511865658067046.
2026-05-20 06:23:46,934 - optuna.study._optimize - INFO - Trial 148 pruned. 
2026-05-20 06:24:09,556 - experiment_functions - INFO - Early stopping at epoch 1450. Best Recall: 0.0809
2026-05-20 06:24:09,700 - optuna.study.study - INFO - Trial 149 finished with value: 0.0809137515092669 and parameters: {'n_layers': 1, 'embedding_dim': 256, 'lr': 0.0005169478080374999, 'lambda_val': 0.0001482826248250873, 'batch_size': 804, 'optimizer': 'Adam'}. Best is trial 122 with value: 0.08511865658067046.
2026-05-20 06:24:26,652 - experiment_functions - INFO - Early stopping at epoch 1050. Best Recall: 0.0790
2026-05-20 06:24:26,742 - optuna.study.study - INFO - Trial 150 finished with value: 0.07900182181024598 and parameters: {'n_layers': 1, 'embedding_dim': 256, 'lr': 0.0007721189032288683, 'lambda_val': 0.00022324503504329382, 'batch_size': 649, 'optimizer': 'Adam'}. Best is trial 122 with value: 0.08511865658067046.
2026-05-20 06:24:41,703 - optuna.study._optimize - INFO - Trial 151 pruned. 
2026-05-20 06:24:57,174 - optuna.study._optimize - INFO - Trial 152 pruned. 
2026-05-20 06:25:11,555 - experiment_functions - INFO - Early stopping at epoch 800. Best Recall: 0.0784
2026-05-20 06:25:11,690 - optuna.study.study - INFO - Trial 153 finished with value: 0.07837167280825623 and parameters: {'n_layers': 1, 'embedding_dim': 256, 'lr': 0.001166992447205144, 'lambda_val': 0.0007671556812909733, 'batch_size': 938, 'optimizer': 'Adam'}. Best is trial 122 with value: 0.08511865658067046.
2026-05-20 06:25:29,294 - experiment_functions - INFO - Early stopping at epoch 1100. Best Recall: 0.0816
2026-05-20 06:25:29,385 - optuna.study.study - INFO - Trial 154 finished with value: 0.08164359108715682 and parameters: {'n_layers': 1, 'embedding_dim': 256, 'lr': 0.0006640585751561549, 'lambda_val': 0.0004720905554818683, 'batch_size': 739, 'optimizer': 'Adam'}. Best is trial 122 with value: 0.08511865658067046.
2026-05-20 06:25:49,412 - experiment_functions - INFO - Early stopping at epoch 1250. Best Recall: 0.0789
2026-05-20 06:25:49,515 - optuna.study.study - INFO - Trial 155 finished with value: 0.07888841503201609 and parameters: {'n_layers': 1, 'embedding_dim': 256, 'lr': 0.0005794921576954674, 'lambda_val': 0.0005567489127487765, 'batch_size': 723, 'optimizer': 'Adam'}. Best is trial 122 with value: 0.08511865658067046.
2026-05-20 06:26:03,415 - experiment_functions - INFO - Early stopping at epoch 850. Best Recall: 0.0803
2026-05-20 06:26:03,504 - optuna.study.study - INFO - Trial 156 finished with value: 0.08029777404686639 and parameters: {'n_layers': 1, 'embedding_dim': 256, 'lr': 0.0009513257651033379, 'lambda_val': 0.00018298671264745724, 'batch_size': 856, 'optimizer': 'Adam'}. Best is trial 122 with value: 0.08511865658067046.
2026-05-20 06:26:22,424 - experiment_functions - INFO - Early stopping at epoch 1200. Best Recall: 0.0838
2026-05-20 06:26:22,502 - optuna.study.study - INFO - Trial 157 finished with value: 0.08380122532374522 and parameters: {'n_layers': 1, 'embedding_dim': 256, 'lr': 0.0007361836913724694, 'lambda_val': 0.00042377200980441503, 'batch_size': 516, 'optimizer': 'Adam'}. Best is trial 122 with value: 0.08511865658067046.
2026-05-20 06:26:30,463 - experiment_functions - INFO - Early stopping at epoch 500. Best Recall: 0.0052
2026-05-20 06:26:30,599 - optuna.study.study - INFO - Trial 158 finished with value: 0.005239793020299467 and parameters: {'n_layers': 1, 'embedding_dim': 256, 'lr': 0.0007286541126379066, 'lambda_val': 0.00026509599359921123, 'batch_size': 767, 'optimizer': 'SGD'}. Best is trial 122 with value: 0.08511865658067046.
2026-05-20 06:26:56,201 - experiment_functions - INFO - Early stopping at epoch 1600. Best Recall: 0.0828
2026-05-20 06:26:56,334 - optuna.study.study - INFO - Trial 159 finished with value: 0.08282515447923994 and parameters: {'n_layers': 1, 'embedding_dim': 256, 'lr': 0.0005390289130002285, 'lambda_val': 0.0011700029745266957, 'batch_size': 524, 'optimizer': 'Adam'}. Best is trial 122 with value: 0.08511865658067046.
2026-05-20 06:27:15,809 - experiment_functions - INFO - Early stopping at epoch 1250. Best Recall: 0.0785
2026-05-20 06:27:15,898 - optuna.study.study - INFO - Trial 160 finished with value: 0.07848329883734696 and parameters: {'n_layers': 1, 'embedding_dim': 256, 'lr': 0.000664694382237314, 'lambda_val': 0.0018343778085951024, 'batch_size': 521, 'optimizer': 'Adam'}. Best is trial 122 with value: 0.08511865658067046.
2026-05-20 06:27:48,002 - experiment_functions - INFO - Early stopping at epoch 2050. Best Recall: 0.0826
2026-05-20 06:27:48,091 - optuna.study.study - INFO - Trial 161 finished with value: 0.08255532651815077 and parameters: {'n_layers': 1, 'embedding_dim': 256, 'lr': 0.0004377608815360035, 'lambda_val': 0.0011654425134441557, 'batch_size': 660, 'optimizer': 'Adam'}. Best is trial 122 with value: 0.08511865658067046.
2026-05-20 06:28:09,466 - experiment_functions - INFO - Early stopping at epoch 1350. Best Recall: 0.0786
2026-05-20 06:28:09,619 - optuna.study.study - INFO - Trial 162 finished with value: 0.07863675812969759 and parameters: {'n_layers': 1, 'embedding_dim': 256, 'lr': 0.0005453951385279526, 'lambda_val': 0.002399085979765694, 'batch_size': 682, 'optimizer': 'Adam'}. Best is trial 122 with value: 0.08511865658067046.
2026-05-20 06:28:25,196 - optuna.study._optimize - INFO - Trial 163 pruned. 
2026-05-20 06:28:42,185 - experiment_functions - INFO - Early stopping at epoch 1050. Best Recall: 0.0805
2026-05-20 06:28:42,264 - optuna.study.study - INFO - Trial 164 finished with value: 0.08054332485761455 and parameters: {'n_layers': 1, 'embedding_dim': 256, 'lr': 0.00082743865783693, 'lambda_val': 0.001101353421904875, 'batch_size': 572, 'optimizer': 'Adam'}. Best is trial 122 with value: 0.08511865658067046.
2026-05-20 06:28:57,557 - optuna.study._optimize - INFO - Trial 165 pruned. 
2026-05-20 06:29:16,301 - experiment_functions - INFO - Early stopping at epoch 1200. Best Recall: 0.0808
2026-05-20 06:29:16,400 - optuna.study.study - INFO - Trial 166 finished with value: 0.08076779245149295 and parameters: {'n_layers': 1, 'embedding_dim': 256, 'lr': 0.0005412629328141582, 'lambda_val': 0.004745255669965742, 'batch_size': 756, 'optimizer': 'Adam'}. Best is trial 122 with value: 0.08511865658067046.
2026-05-20 06:29:31,729 - optuna.study._optimize - INFO - Trial 167 pruned. 
2026-05-20 06:29:53,613 - experiment_functions - INFO - Early stopping at epoch 1400. Best Recall: 0.0796
2026-05-20 06:29:53,740 - optuna.study.study - INFO - Trial 168 finished with value: 0.07955618695782309 and parameters: {'n_layers': 1, 'embedding_dim': 256, 'lr': 0.0006557152732881433, 'lambda_val': 0.00014147464123168683, 'batch_size': 516, 'optimizer': 'Adam'}. Best is trial 122 with value: 0.08511865658067046.
2026-05-20 06:30:14,214 - optuna.study._optimize - INFO - Trial 169 pruned. 
2026-05-20 06:30:28,929 - experiment_functions - INFO - Early stopping at epoch 900. Best Recall: 0.0793
2026-05-20 06:30:29,029 - optuna.study.study - INFO - Trial 170 finished with value: 0.07927970477713871 and parameters: {'n_layers': 1, 'embedding_dim': 256, 'lr': 0.000980796109654654, 'lambda_val': 0.0005142274418259602, 'batch_size': 631, 'optimizer': 'Adam'}. Best is trial 122 with value: 0.08511865658067046.
2026-05-20 06:30:44,597 - experiment_functions - INFO - Early stopping at epoch 800. Best Recall: 0.0594
2026-05-20 06:30:44,697 - optuna.study.study - INFO - Trial 171 finished with value: 0.05939499674906148 and parameters: {'n_layers': 3, 'embedding_dim': 256, 'lr': 0.00042489852557330384, 'lambda_val': 0.0008230195081559725, 'batch_size': 959, 'optimizer': 'Adam'}. Best is trial 122 with value: 0.08511865658067046.
2026-05-20 06:31:13,787 - experiment_functions - INFO - Early stopping at epoch 1900. Best Recall: 0.0834
2026-05-20 06:31:13,920 - optuna.study.study - INFO - Trial 172 finished with value: 0.08337325568187777 and parameters: {'n_layers': 1, 'embedding_dim': 256, 'lr': 0.00047719987075249, 'lambda_val': 0.0004735808623574067, 'batch_size': 589, 'optimizer': 'Adam'}. Best is trial 122 with value: 0.08511865658067046.
2026-05-20 06:31:39,037 - experiment_functions - INFO - Early stopping at epoch 1600. Best Recall: 0.0808
2026-05-20 06:31:39,126 - optuna.study.study - INFO - Trial 173 finished with value: 0.08084899772990457 and parameters: {'n_layers': 1, 'embedding_dim': 256, 'lr': 0.000493449129422647, 'lambda_val': 0.00028087315767893914, 'batch_size': 569, 'optimizer': 'Adam'}. Best is trial 122 with value: 0.08511865658067046.
2026-05-20 06:31:57,190 - experiment_functions - INFO - Early stopping at epoch 1150. Best Recall: 0.0810
2026-05-20 06:31:57,281 - optuna.study.study - INFO - Trial 174 finished with value: 0.08104253414159034 and parameters: {'n_layers': 1, 'embedding_dim': 256, 'lr': 0.0007342765435152062, 'lambda_val': 0.0004476695569491548, 'batch_size': 705, 'optimizer': 'Adam'}. Best is trial 122 with value: 0.08511865658067046.
2026-05-20 06:32:12,584 - optuna.study._optimize - INFO - Trial 175 pruned. 
2026-05-20 06:32:33,127 - experiment_functions - INFO - Early stopping at epoch 1350. Best Recall: 0.0832
2026-05-20 06:32:33,256 - optuna.study.study - INFO - Trial 176 finished with value: 0.08319048908139139 and parameters: {'n_layers': 1, 'embedding_dim': 256, 'lr': 0.0006106691032272859, 'lambda_val': 0.00011070540600288494, 'batch_size': 512, 'optimizer': 'Adam'}. Best is trial 122 with value: 0.08511865658067046.
2026-05-20 06:32:50,627 - experiment_functions - INFO - Early stopping at epoch 1100. Best Recall: 0.0846
2026-05-20 06:32:50,716 - optuna.study.study - INFO - Trial 177 finished with value: 0.08459579287983754 and parameters: {'n_layers': 1, 'embedding_dim': 256, 'lr': 0.0007893932033445193, 'lambda_val': 0.0006429076880406454, 'batch_size': 518, 'optimizer': 'Adam'}. Best is trial 122 with value: 0.08511865658067046.
2026-05-20 06:33:07,127 - experiment_functions - INFO - Early stopping at epoch 1050. Best Recall: 0.0848
2026-05-20 06:33:07,226 - optuna.study.study - INFO - Trial 178 finished with value: 0.08479247785995596 and parameters: {'n_layers': 1, 'embedding_dim': 256, 'lr': 0.0008479370555706533, 'lambda_val': 0.0005746707880028253, 'batch_size': 513, 'optimizer': 'Adam'}. Best is trial 122 with value: 0.08511865658067046.
2026-05-20 06:33:23,905 - experiment_functions - INFO - Early stopping at epoch 1050. Best Recall: 0.0829
2026-05-20 06:33:23,992 - optuna.study.study - INFO - Trial 179 finished with value: 0.08293257684922917 and parameters: {'n_layers': 1, 'embedding_dim': 256, 'lr': 0.0008214040721616072, 'lambda_val': 0.0005691175902648342, 'batch_size': 607, 'optimizer': 'Adam'}. Best is trial 122 with value: 0.08511865658067046.
2026-05-20 06:33:39,576 - experiment_functions - INFO - Early stopping at epoch 950. Best Recall: 0.0760
2026-05-20 06:33:39,677 - optuna.study.study - INFO - Trial 180 finished with value: 0.0760012593903684 and parameters: {'n_layers': 1, 'embedding_dim': 256, 'lr': 0.0009211502671251517, 'lambda_val': 0.0007281246823194477, 'batch_size': 616, 'optimizer': 'Adam'}. Best is trial 122 with value: 0.08511865658067046.
2026-05-20 06:33:54,873 - experiment_functions - INFO - Early stopping at epoch 950. Best Recall: 0.0800
2026-05-20 06:33:54,963 - optuna.study.study - INFO - Trial 181 finished with value: 0.07995883679274893 and parameters: {'n_layers': 1, 'embedding_dim': 256, 'lr': 0.0008391216918122573, 'lambda_val': 0.0013959760350980923, 'batch_size': 657, 'optimizer': 'Adam'}. Best is trial 122 with value: 0.08511865658067046.
2026-05-20 06:34:09,363 - experiment_functions - INFO - Early stopping at epoch 900. Best Recall: 0.0780
2026-05-20 06:34:09,451 - optuna.study.study - INFO - Trial 182 finished with value: 0.07795688532243983 and parameters: {'n_layers': 1, 'embedding_dim': 256, 'lr': 0.001063856350001333, 'lambda_val': 0.0005635866790180814, 'batch_size': 523, 'optimizer': 'Adam'}. Best is trial 122 with value: 0.08511865658067046.
2026-05-20 06:34:29,021 - experiment_functions - INFO - Early stopping at epoch 1200. Best Recall: 0.0788
2026-05-20 06:34:29,785 - optuna.study.study - INFO - Trial 183 finished with value: 0.07876946831881006 and parameters: {'n_layers': 1, 'embedding_dim': 256, 'lr': 0.0006175932542382937, 'lambda_val': 0.0006430564901015236, 'batch_size': 611, 'optimizer': 'Adam'}. Best is trial 122 with value: 0.08511865658067046.
2026-05-20 06:34:54,520 - experiment_functions - INFO - Early stopping at epoch 1050. Best Recall: 0.0805
2026-05-20 06:34:54,620 - optuna.study.study - INFO - Trial 184 finished with value: 0.0804596222406796 and parameters: {'n_layers': 1, 'embedding_dim': 256, 'lr': 0.0007974209110308889, 'lambda_val': 0.001026109711454707, 'batch_size': 513, 'optimizer': 'Adam'}. Best is trial 122 with value: 0.08511865658067046.
2026-05-20 06:35:07,315 - experiment_functions - INFO - Early stopping at epoch 850. Best Recall: 0.0838
2026-05-20 06:35:07,624 - optuna.study.study - INFO - Trial 185 finished with value: 0.08378281745464161 and parameters: {'n_layers': 1, 'embedding_dim': 96, 'lr': 0.0012557901566466665, 'lambda_val': 0.0002658600008865028, 'batch_size': 691, 'optimizer': 'Adam'}. Best is trial 122 with value: 0.08511865658067046.
2026-05-20 06:35:19,708 - experiment_functions - INFO - Early stopping at epoch 800. Best Recall: 0.0835
2026-05-20 06:35:19,787 - optuna.study.study - INFO - Trial 186 finished with value: 0.08352760007461436 and parameters: {'n_layers': 1, 'embedding_dim': 96, 'lr': 0.0013388213768467591, 'lambda_val': 0.0004751319329493501, 'batch_size': 785, 'optimizer': 'Adam'}. Best is trial 122 with value: 0.08511865658067046.
2026-05-20 06:35:31,040 - experiment_functions - INFO - Early stopping at epoch 750. Best Recall: 0.0848
2026-05-20 06:35:31,118 - optuna.study.study - INFO - Trial 187 finished with value: 0.08484279253203598 and parameters: {'n_layers': 1, 'embedding_dim': 96, 'lr': 0.0014735779213689872, 'lambda_val': 0.0005991814982255898, 'batch_size': 829, 'optimizer': 'Adam'}. Best is trial 122 with value: 0.08511865658067046.
2026-05-20 06:35:41,936 - experiment_functions - INFO - Early stopping at epoch 700. Best Recall: 0.0804
2026-05-20 06:35:42,026 - optuna.study.study - INFO - Trial 188 finished with value: 0.08035662385093167 and parameters: {'n_layers': 1, 'embedding_dim': 96, 'lr': 0.0016417118531016955, 'lambda_val': 0.0008464359604220882, 'batch_size': 871, 'optimizer': 'Adam'}. Best is trial 122 with value: 0.08511865658067046.
2026-05-20 06:35:54,341 - experiment_functions - INFO - Early stopping at epoch 800. Best Recall: 0.0849
2026-05-20 06:35:54,431 - optuna.study.study - INFO - Trial 189 finished with value: 0.08492994632842016 and parameters: {'n_layers': 1, 'embedding_dim': 96, 'lr': 0.001342030099905022, 'lambda_val': 0.0006642830567182421, 'batch_size': 827, 'optimizer': 'Adam'}. Best is trial 122 with value: 0.08511865658067046.
2026-05-20 06:36:06,482 - experiment_functions - INFO - Early stopping at epoch 800. Best Recall: 0.0828
2026-05-20 06:36:06,560 - optuna.study.study - INFO - Trial 190 finished with value: 0.0828484825528598 and parameters: {'n_layers': 1, 'embedding_dim': 96, 'lr': 0.0013145836348602603, 'lambda_val': 0.0006018349803467238, 'batch_size': 796, 'optimizer': 'Adam'}. Best is trial 122 with value: 0.08511865658067046.
2026-05-20 06:36:18,640 - experiment_functions - INFO - Early stopping at epoch 800. Best Recall: 0.0854
2026-05-20 06:36:18,720 - optuna.study.study - INFO - Trial 191 finished with value: 0.08538019458624269 and parameters: {'n_layers': 1, 'embedding_dim': 96, 'lr': 0.0012213112339151458, 'lambda_val': 0.0005580831029153827, 'batch_size': 784, 'optimizer': 'Adam'}. Best is trial 191 with value: 0.08538019458624269.
2026-05-20 06:36:31,034 - experiment_functions - INFO - Early stopping at epoch 800. Best Recall: 0.0861
2026-05-20 06:36:31,124 - optuna.study.study - INFO - Trial 192 finished with value: 0.08607669627838585 and parameters: {'n_layers': 1, 'embedding_dim': 96, 'lr': 0.0013677161566821023, 'lambda_val': 0.0006163601607789588, 'batch_size': 810, 'optimizer': 'Adam'}. Best is trial 192 with value: 0.08607669627838585.
2026-05-20 06:36:43,086 - experiment_functions - INFO - Early stopping at epoch 800. Best Recall: 0.0829
2026-05-20 06:36:43,302 - optuna.study.study - INFO - Trial 193 finished with value: 0.08290629544386281 and parameters: {'n_layers': 1, 'embedding_dim': 96, 'lr': 0.0012297578135524354, 'lambda_val': 0.0006295074673869884, 'batch_size': 796, 'optimizer': 'Adam'}. Best is trial 192 with value: 0.08607669627838585.
2026-05-20 06:36:55,864 - experiment_functions - INFO - Early stopping at epoch 800. Best Recall: 0.0824
2026-05-20 06:36:55,998 - optuna.study.study - INFO - Trial 194 finished with value: 0.08241407466143208 and parameters: {'n_layers': 1, 'embedding_dim': 96, 'lr': 0.0013222625534954526, 'lambda_val': 0.0005540465910688447, 'batch_size': 815, 'optimizer': 'Adam'}. Best is trial 192 with value: 0.08607669627838585.
2026-05-20 06:37:07,896 - experiment_functions - INFO - Early stopping at epoch 750. Best Recall: 0.0821
2026-05-20 06:37:08,031 - optuna.study.study - INFO - Trial 195 finished with value: 0.08212120138829755 and parameters: {'n_layers': 1, 'embedding_dim': 96, 'lr': 0.0014629226555499014, 'lambda_val': 0.0006573511194961932, 'batch_size': 910, 'optimizer': 'Adam'}. Best is trial 192 with value: 0.08607669627838585.
2026-05-20 06:37:20,724 - experiment_functions - INFO - Early stopping at epoch 850. Best Recall: 0.0780
2026-05-20 06:37:20,803 - optuna.study.study - INFO - Trial 196 finished with value: 0.07795076383422338 and parameters: {'n_layers': 1, 'embedding_dim': 96, 'lr': 0.0010655681497261107, 'lambda_val': 0.0007160901323626123, 'batch_size': 854, 'optimizer': 'Adam'}. Best is trial 192 with value: 0.08607669627838585.
2026-05-20 06:37:28,185 - experiment_functions - INFO - Early stopping at epoch 500. Best Recall: 0.0052
2026-05-20 06:37:28,275 - optuna.study.study - INFO - Trial 197 finished with value: 0.0052277680378835035 and parameters: {'n_layers': 1, 'embedding_dim': 96, 'lr': 0.001329606877701612, 'lambda_val': 0.0005480820127349755, 'batch_size': 772, 'optimizer': 'SGD'}. Best is trial 192 with value: 0.08607669627838585.
2026-05-20 06:37:39,153 - experiment_functions - INFO - Early stopping at epoch 700. Best Recall: 0.0844
2026-05-20 06:37:39,296 - optuna.study.study - INFO - Trial 198 finished with value: 0.08442828602100372 and parameters: {'n_layers': 1, 'embedding_dim': 96, 'lr': 0.001743031514540767, 'lambda_val': 0.00045595675040714136, 'batch_size': 998, 'optimizer': 'Adam'}. Best is trial 192 with value: 0.08607669627838585.
2026-05-20 06:37:50,639 - experiment_functions - INFO - Early stopping at epoch 700. Best Recall: 0.0846
2026-05-20 06:37:50,727 - optuna.study.study - INFO - Trial 199 finished with value: 0.08464535799920873 and parameters: {'n_layers': 1, 'embedding_dim': 96, 'lr': 0.0017940654141388266, 'lambda_val': 0.0004626776196840312, 'batch_size': 1033, 'optimizer': 'Adam'}. Best is trial 192 with value: 0.08607669627838585.
2026-05-20 06:38:01,228 - experiment_functions - INFO - Early stopping at epoch 700. Best Recall: 0.0821
2026-05-20 06:38:01,329 - optuna.study.study - INFO - Trial 200 finished with value: 0.08214463445393165 and parameters: {'n_layers': 1, 'embedding_dim': 96, 'lr': 0.0017693654509783852, 'lambda_val': 0.00044797910576763905, 'batch_size': 1009, 'optimizer': 'Adam'}. Best is trial 192 with value: 0.08607669627838585.
2026-05-20 06:38:12,537 - experiment_functions - INFO - Early stopping at epoch 750. Best Recall: 0.0798
2026-05-20 06:38:12,627 - optuna.study.study - INFO - Trial 201 finished with value: 0.0797885981699898 and parameters: {'n_layers': 1, 'embedding_dim': 96, 'lr': 0.0015969853695277632, 'lambda_val': 0.0003293211134890472, 'batch_size': 1090, 'optimizer': 'Adam'}. Best is trial 192 with value: 0.08607669627838585.
2026-05-20 06:38:23,853 - experiment_functions - INFO - Early stopping at epoch 700. Best Recall: 0.0829
2026-05-20 06:38:23,952 - optuna.study.study - INFO - Trial 202 finished with value: 0.08290803263097317 and parameters: {'n_layers': 1, 'embedding_dim': 96, 'lr': 0.0018404583029991545, 'lambda_val': 0.000464031793220263, 'batch_size': 733, 'optimizer': 'Adam'}. Best is trial 192 with value: 0.08607669627838585.
2026-05-20 06:38:34,768 - experiment_functions - INFO - Early stopping at epoch 700. Best Recall: 0.0862
2026-05-20 06:38:34,869 - optuna.study.study - INFO - Trial 203 finished with value: 0.08617706393145354 and parameters: {'n_layers': 1, 'embedding_dim': 96, 'lr': 0.002082140965684289, 'lambda_val': 0.0003973686330260163, 'batch_size': 721, 'optimizer': 'Adam'}. Best is trial 203 with value: 0.08617706393145354.
2026-05-20 06:38:48,229 - experiment_functions - INFO - Early stopping at epoch 900. Best Recall: 0.0772
2026-05-20 06:38:48,330 - optuna.study.study - INFO - Trial 204 finished with value: 0.07720249819961651 and parameters: {'n_layers': 1, 'embedding_dim': 96, 'lr': 0.0010354935047270834, 'lambda_val': 0.0003724888314868682, 'batch_size': 923, 'optimizer': 'Adam'}. Best is trial 203 with value: 0.08617706393145354.
2026-05-20 06:38:58,438 - experiment_functions - INFO - Early stopping at epoch 650. Best Recall: 0.0811
2026-05-20 06:38:58,731 - optuna.study.study - INFO - Trial 205 finished with value: 0.08112379048540845 and parameters: {'n_layers': 1, 'embedding_dim': 96, 'lr': 0.002072297863949089, 'lambda_val': 0.00031169619189680273, 'batch_size': 1117, 'optimizer': 'Adam'}. Best is trial 203 with value: 0.08617706393145354.
2026-05-20 06:39:11,004 - experiment_functions - INFO - Early stopping at epoch 800. Best Recall: 0.0858
2026-05-20 06:39:11,138 - optuna.study.study - INFO - Trial 206 finished with value: 0.0857751165468259 and parameters: {'n_layers': 1, 'embedding_dim': 96, 'lr': 0.0015121211127937422, 'lambda_val': 0.00048465108394386163, 'batch_size': 673, 'optimizer': 'Adam'}. Best is trial 203 with value: 0.08617706393145354.
2026-05-20 06:39:22,433 - experiment_functions - INFO - Early stopping at epoch 750. Best Recall: 0.0879
2026-05-20 06:39:22,515 - optuna.study.study - INFO - Trial 207 finished with value: 0.08790061885146223 and parameters: {'n_layers': 1, 'embedding_dim': 96, 'lr': 0.0015272933159822216, 'lambda_val': 0.0004628000710086229, 'batch_size': 692, 'optimizer': 'Adam'}. Best is trial 207 with value: 0.08790061885146223.
2026-05-20 06:39:32,036 - experiment_functions - INFO - Early stopping at epoch 600. Best Recall: 0.0691
2026-05-20 06:39:32,181 - optuna.study.study - INFO - Trial 208 finished with value: 0.06912665062127704 and parameters: {'n_layers': 1, 'embedding_dim': 96, 'lr': 0.001533626222534612, 'lambda_val': 0.00044933879043701134, 'batch_size': 659, 'optimizer': 'RMSprop'}. Best is trial 207 with value: 0.08790061885146223.
2026-05-20 06:39:42,244 - experiment_functions - INFO - Early stopping at epoch 650. Best Recall: 0.0773
2026-05-20 06:39:42,323 - optuna.study.study - INFO - Trial 209 finished with value: 0.07734577751860917 and parameters: {'n_layers': 1, 'embedding_dim': 96, 'lr': 0.0022799248317798646, 'lambda_val': 0.0002660286642654491, 'batch_size': 862, 'optimizer': 'Adam'}. Best is trial 207 with value: 0.08790061885146223.
2026-05-20 06:39:52,556 - experiment_functions - INFO - Early stopping at epoch 700. Best Recall: 0.0787
2026-05-20 06:39:52,634 - optuna.study.study - INFO - Trial 210 finished with value: 0.07866869259797994 and parameters: {'n_layers': 1, 'embedding_dim': 96, 'lr': 0.0018226453880104863, 'lambda_val': 0.0007753546151792709, 'batch_size': 1331, 'optimizer': 'Adam'}. Best is trial 207 with value: 0.08790061885146223.
2026-05-20 06:40:03,879 - experiment_functions - INFO - Early stopping at epoch 750. Best Recall: 0.0841
2026-05-20 06:40:03,980 - optuna.study.study - INFO - Trial 211 finished with value: 0.08406858775694757 and parameters: {'n_layers': 1, 'embedding_dim': 96, 'lr': 0.0015061089179037508, 'lambda_val': 0.0003841778484150791, 'batch_size': 723, 'optimizer': 'Adam'}. Best is trial 207 with value: 0.08790061885146223.
2026-05-20 06:40:15,199 - experiment_functions - INFO - Early stopping at epoch 750. Best Recall: 0.0797
2026-05-20 06:40:15,299 - optuna.study.study - INFO - Trial 212 finished with value: 0.07972628444939323 and parameters: {'n_layers': 1, 'embedding_dim': 96, 'lr': 0.0015427811338612973, 'lambda_val': 0.00038098886081233907, 'batch_size': 681, 'optimizer': 'Adam'}. Best is trial 207 with value: 0.08790061885146223.
2026-05-20 06:40:28,218 - experiment_functions - INFO - Early stopping at epoch 900. Best Recall: 0.0832
2026-05-20 06:40:28,308 - optuna.study.study - INFO - Trial 213 finished with value: 0.08316743991876008 and parameters: {'n_layers': 1, 'embedding_dim': 96, 'lr': 0.00117691364907882, 'lambda_val': 0.0005091144845832229, 'batch_size': 574, 'optimizer': 'Adam'}. Best is trial 207 with value: 0.08790061885146223.
2026-05-20 06:40:38,784 - experiment_functions - INFO - Early stopping at epoch 700. Best Recall: 0.0833
2026-05-20 06:40:38,862 - optuna.study.study - INFO - Trial 214 finished with value: 0.08330880923751788 and parameters: {'n_layers': 1, 'embedding_dim': 96, 'lr': 0.0019994256361384817, 'lambda_val': 0.0002992273299048671, 'batch_size': 749, 'optimizer': 'Adam'}. Best is trial 207 with value: 0.08790061885146223.
2026-05-20 06:40:49,271 - experiment_functions - INFO - Early stopping at epoch 700. Best Recall: 0.0815
2026-05-20 06:40:49,360 - optuna.study.study - INFO - Trial 215 finished with value: 0.08145297976086584 and parameters: {'n_layers': 1, 'embedding_dim': 96, 'lr': 0.0019741051559687443, 'lambda_val': 0.00029206260628982097, 'batch_size': 981, 'optimizer': 'Adam'}. Best is trial 207 with value: 0.08790061885146223.
2026-05-20 06:40:59,224 - experiment_functions - INFO - Early stopping at epoch 650. Best Recall: 0.0744
2026-05-20 06:40:59,359 - optuna.study.study - INFO - Trial 216 finished with value: 0.07439847539428973 and parameters: {'n_layers': 1, 'embedding_dim': 96, 'lr': 0.002482887689503664, 'lambda_val': 0.00047140344807967407, 'batch_size': 773, 'optimizer': 'Adam'}. Best is trial 207 with value: 0.08790061885146223.
2026-05-20 06:41:10,279 - experiment_functions - INFO - Early stopping at epoch 750. Best Recall: 0.0825
2026-05-20 06:41:10,369 - optuna.study.study - INFO - Trial 217 finished with value: 0.08253783834938269 and parameters: {'n_layers': 1, 'embedding_dim': 96, 'lr': 0.0015540008825000206, 'lambda_val': 0.0002312768852546343, 'batch_size': 713, 'optimizer': 'Adam'}. Best is trial 207 with value: 0.08790061885146223.
2026-05-20 06:41:20,712 - experiment_functions - INFO - Early stopping at epoch 700. Best Recall: 0.0812
2026-05-20 06:41:20,847 - optuna.study.study - INFO - Trial 218 finished with value: 0.08115628416578581 and parameters: {'n_layers': 1, 'embedding_dim': 96, 'lr': 0.001986103388449143, 'lambda_val': 0.00033968374506840456, 'batch_size': 821, 'optimizer': 'Adam'}. Best is trial 207 with value: 0.08790061885146223.
2026-05-20 06:41:33,314 - experiment_functions - INFO - Early stopping at epoch 800. Best Recall: 0.0847
2026-05-20 06:41:33,403 - optuna.study.study - INFO - Trial 219 finished with value: 0.08474575516825171 and parameters: {'n_layers': 1, 'embedding_dim': 96, 'lr': 0.001362234413414694, 'lambda_val': 0.0007670164772909804, 'batch_size': 739, 'optimizer': 'Adam'}. Best is trial 207 with value: 0.08790061885146223.
2026-05-20 06:41:44,768 - experiment_functions - INFO - Early stopping at epoch 750. Best Recall: 0.0787
2026-05-20 06:41:44,868 - optuna.study.study - INFO - Trial 220 finished with value: 0.07868998147757778 and parameters: {'n_layers': 1, 'embedding_dim': 96, 'lr': 0.0014088991265196267, 'lambda_val': 0.0006592333931252122, 'batch_size': 908, 'optimizer': 'Adam'}. Best is trial 207 with value: 0.08790061885146223.
2026-05-20 06:41:58,132 - experiment_functions - INFO - Early stopping at epoch 900. Best Recall: 0.0825
2026-05-20 06:41:58,244 - optuna.study.study - INFO - Trial 221 finished with value: 0.08245383035761335 and parameters: {'n_layers': 1, 'embedding_dim': 96, 'lr': 0.0011984515542823103, 'lambda_val': 0.0004201640967609192, 'batch_size': 701, 'optimizer': 'Adam'}. Best is trial 207 with value: 0.08790061885146223.
2026-05-20 06:42:10,125 - experiment_functions - INFO - Early stopping at epoch 750. Best Recall: 0.0793
2026-05-20 06:42:10,216 - optuna.study.study - INFO - Trial 222 finished with value: 0.07929874400428781 and parameters: {'n_layers': 1, 'embedding_dim': 96, 'lr': 0.0017216898840973194, 'lambda_val': 0.0008370323469860129, 'batch_size': 778, 'optimizer': 'Adam'}. Best is trial 207 with value: 0.08790061885146223.
2026-05-20 06:42:22,323 - experiment_functions - INFO - Early stopping at epoch 800. Best Recall: 0.0812
2026-05-20 06:42:22,469 - optuna.study.study - INFO - Trial 223 finished with value: 0.08116400430644273 and parameters: {'n_layers': 1, 'embedding_dim': 96, 'lr': 0.0013726182356409919, 'lambda_val': 0.0005158785147912798, 'batch_size': 606, 'optimizer': 'Adam'}. Best is trial 207 with value: 0.08790061885146223.
2026-05-20 06:42:32,932 - experiment_functions - INFO - Early stopping at epoch 700. Best Recall: 0.0801
2026-05-20 06:42:33,021 - optuna.study.study - INFO - Trial 224 finished with value: 0.08009240716901089 and parameters: {'n_layers': 1, 'embedding_dim': 96, 'lr': 0.002181322694101076, 'lambda_val': 0.0003601744107359711, 'batch_size': 664, 'optimizer': 'Adam'}. Best is trial 207 with value: 0.08790061885146223.
2026-05-20 06:42:47,133 - experiment_functions - INFO - Early stopping at epoch 950. Best Recall: 0.0865
2026-05-20 06:42:47,236 - optuna.study.study - INFO - Trial 225 finished with value: 0.08653345651240482 and parameters: {'n_layers': 1, 'embedding_dim': 96, 'lr': 0.0009936357795104758, 'lambda_val': 0.0007395772194659206, 'batch_size': 750, 'optimizer': 'Adam'}. Best is trial 207 with value: 0.08790061885146223.
2026-05-20 06:42:59,995 - experiment_functions - INFO - Early stopping at epoch 850. Best Recall: 0.0776
2026-05-20 06:43:00,063 - optuna.study.study - INFO - Trial 226 finished with value: 0.07756829193267639 and parameters: {'n_layers': 1, 'embedding_dim': 96, 'lr': 0.0010608024850035718, 'lambda_val': 0.0008736976663583687, 'batch_size': 882, 'optimizer': 'Adam'}. Best is trial 207 with value: 0.08790061885146223.
2026-05-20 06:43:14,900 - experiment_functions - INFO - Early stopping at epoch 1000. Best Recall: 0.0815
2026-05-20 06:43:14,978 - optuna.study.study - INFO - Trial 227 finished with value: 0.0814774804293154 and parameters: {'n_layers': 1, 'embedding_dim': 96, 'lr': 0.0009301304992220425, 'lambda_val': 0.0006990953751334003, 'batch_size': 752, 'optimizer': 'Adam'}. Best is trial 207 with value: 0.08790061885146223.
2026-05-20 06:43:26,259 - experiment_functions - INFO - Early stopping at epoch 750. Best Recall: 0.0809
2026-05-20 06:43:26,339 - optuna.study.study - INFO - Trial 228 finished with value: 0.08086943180750168 and parameters: {'n_layers': 1, 'embedding_dim': 96, 'lr': 0.0016009686234548658, 'lambda_val': 0.000579198504109755, 'batch_size': 845, 'optimizer': 'Adam'}. Best is trial 207 with value: 0.08790061885146223.
2026-05-20 06:43:35,270 - experiment_functions - INFO - Early stopping at epoch 600. Best Recall: 0.0753
2026-05-20 06:43:35,348 - optuna.study.study - INFO - Trial 229 finished with value: 0.07532352610943147 and parameters: {'n_layers': 1, 'embedding_dim': 96, 'lr': 0.0027726036049301396, 'lambda_val': 0.0004356179320915139, 'batch_size': 1010, 'optimizer': 'Adam'}. Best is trial 207 with value: 0.08790061885146223.
2026-05-20 06:43:47,742 - experiment_functions - INFO - Early stopping at epoch 800. Best Recall: 0.0829
2026-05-20 06:43:47,831 - optuna.study.study - INFO - Trial 230 finished with value: 0.08291756579979223 and parameters: {'n_layers': 1, 'embedding_dim': 96, 'lr': 0.0012754578101411246, 'lambda_val': 0.0007801275396115563, 'batch_size': 740, 'optimizer': 'Adam'}. Best is trial 207 with value: 0.08790061885146223.
2026-05-20 06:44:01,924 - experiment_functions - INFO - Early stopping at epoch 950. Best Recall: 0.0817
2026-05-20 06:44:02,084 - optuna.study.study - INFO - Trial 231 finished with value: 0.08173604691908308 and parameters: {'n_layers': 1, 'embedding_dim': 96, 'lr': 0.0010530826271635564, 'lambda_val': 0.00029405078622153267, 'batch_size': 597, 'optimizer': 'Adam'}. Best is trial 207 with value: 0.08790061885146223.
2026-05-20 06:44:12,799 - experiment_functions - INFO - Early stopping at epoch 700. Best Recall: 0.0830
2026-05-20 06:44:12,934 - optuna.study.study - INFO - Trial 232 finished with value: 0.0830146683139257 and parameters: {'n_layers': 1, 'embedding_dim': 96, 'lr': 0.001835012703168519, 'lambda_val': 0.0005170424976248519, 'batch_size': 663, 'optimizer': 'Adam'}. Best is trial 207 with value: 0.08790061885146223.
2026-05-20 06:44:25,905 - experiment_functions - INFO - Early stopping at epoch 850. Best Recall: 0.0881
2026-05-20 06:44:25,995 - optuna.study.study - INFO - Trial 233 finished with value: 0.08806254815838281 and parameters: {'n_layers': 1, 'embedding_dim': 96, 'lr': 0.0013439049946625367, 'lambda_val': 0.0003924661273326569, 'batch_size': 587, 'optimizer': 'Adam'}. Best is trial 233 with value: 0.08806254815838281.
2026-05-20 06:44:37,956 - experiment_functions - INFO - Early stopping at epoch 800. Best Recall: 0.0826
2026-05-20 06:44:38,046 - optuna.study.study - INFO - Trial 234 finished with value: 0.08256301801857674 and parameters: {'n_layers': 1, 'embedding_dim': 96, 'lr': 0.0014372864136617432, 'lambda_val': 0.00041346710147935984, 'batch_size': 807, 'optimizer': 'Adam'}. Best is trial 233 with value: 0.08806254815838281.
2026-05-20 06:44:51,251 - experiment_functions - INFO - Early stopping at epoch 900. Best Recall: 0.0836
2026-05-20 06:44:51,396 - optuna.study.study - INFO - Trial 235 finished with value: 0.08364042683611224 and parameters: {'n_layers': 1, 'embedding_dim': 96, 'lr': 0.001105888075761386, 'lambda_val': 0.00062534305977139, 'batch_size': 668, 'optimizer': 'Adam'}. Best is trial 233 with value: 0.08806254815838281.
2026-05-20 06:45:05,056 - experiment_functions - INFO - Early stopping at epoch 900. Best Recall: 0.0800
2026-05-20 06:45:05,145 - optuna.study.study - INFO - Trial 236 finished with value: 0.07995864677462164 and parameters: {'n_layers': 1, 'embedding_dim': 96, 'lr': 0.0011664725783641814, 'lambda_val': 0.0006569747255456554, 'batch_size': 611, 'optimizer': 'Adam'}. Best is trial 233 with value: 0.08806254815838281.
2026-05-20 06:45:19,206 - experiment_functions - INFO - Early stopping at epoch 950. Best Recall: 0.0869
2026-05-20 06:45:19,284 - optuna.study.study - INFO - Trial 237 finished with value: 0.08692596797192717 and parameters: {'n_layers': 1, 'embedding_dim': 96, 'lr': 0.0009326511384511227, 'lambda_val': 0.0009516973850078834, 'batch_size': 676, 'optimizer': 'Adam'}. Best is trial 233 with value: 0.08806254815838281.
2026-05-20 06:45:33,056 - experiment_functions - INFO - Early stopping at epoch 950. Best Recall: 0.0817
2026-05-20 06:45:33,125 - optuna.study.study - INFO - Trial 238 finished with value: 0.08166350532607997 and parameters: {'n_layers': 1, 'embedding_dim': 96, 'lr': 0.0009606102674401895, 'lambda_val': 0.0009114003001101347, 'batch_size': 698, 'optimizer': 'Adam'}. Best is trial 233 with value: 0.08806254815838281.
2026-05-20 06:45:45,251 - experiment_functions - INFO - Early stopping at epoch 800. Best Recall: 0.0831
2026-05-20 06:45:45,329 - optuna.study.study - INFO - Trial 239 finished with value: 0.08310899365973405 and parameters: {'n_layers': 1, 'embedding_dim': 96, 'lr': 0.0011982956101926287, 'lambda_val': 0.0007006139014061605, 'batch_size': 1167, 'optimizer': 'Adam'}. Best is trial 233 with value: 0.08806254815838281.
2026-05-20 06:45:52,787 - experiment_functions - INFO - Early stopping at epoch 500. Best Recall: 0.0055
2026-05-20 06:45:52,865 - optuna.study.study - INFO - Trial 240 finished with value: 0.005480564018975105 and parameters: {'n_layers': 1, 'embedding_dim': 96, 'lr': 0.0009204714261218585, 'lambda_val': 0.001005033829412348, 'batch_size': 905, 'optimizer': 'SGD'}. Best is trial 233 with value: 0.08806254815838281.
2026-05-20 06:46:05,592 - experiment_functions - INFO - Early stopping at epoch 850. Best Recall: 0.0826
2026-05-20 06:46:05,693 - optuna.study.study - INFO - Trial 241 finished with value: 0.08264332199289888 and parameters: {'n_layers': 1, 'embedding_dim': 96, 'lr': 0.0013139875664672173, 'lambda_val': 0.000541937242710772, 'batch_size': 606, 'optimizer': 'Adam'}. Best is trial 233 with value: 0.08806254815838281.
2026-05-20 06:46:17,888 - experiment_functions - INFO - Early stopping at epoch 850. Best Recall: 0.0640
2026-05-20 06:46:17,987 - optuna.study.study - INFO - Trial 242 finished with value: 0.06395052295037813 and parameters: {'n_layers': 1, 'embedding_dim': 96, 'lr': 0.0010322321671876475, 'lambda_val': 0.025913560970415164, 'batch_size': 673, 'optimizer': 'Adam'}. Best is trial 233 with value: 0.08806254815838281.
2026-05-20 06:46:30,488 - experiment_functions - INFO - Early stopping at epoch 800. Best Recall: 0.0829
2026-05-20 06:46:30,587 - optuna.study.study - INFO - Trial 243 finished with value: 0.08288216500125682 and parameters: {'n_layers': 1, 'embedding_dim': 96, 'lr': 0.0016362720861367087, 'lambda_val': 0.0005110410863215237, 'batch_size': 573, 'optimizer': 'Adam'}. Best is trial 233 with value: 0.08806254815838281.
2026-05-20 06:46:46,453 - experiment_functions - INFO - Early stopping at epoch 1100. Best Recall: 0.0812
2026-05-20 06:46:46,587 - optuna.study.study - INFO - Trial 244 finished with value: 0.08122919079095034 and parameters: {'n_layers': 1, 'embedding_dim': 96, 'lr': 0.0008135824481887977, 'lambda_val': 0.0006154933106225978, 'batch_size': 812, 'optimizer': 'Adam'}. Best is trial 233 with value: 0.08806254815838281.
2026-05-20 06:46:59,221 - experiment_functions - INFO - Early stopping at epoch 800. Best Recall: 0.0806
2026-05-20 06:46:59,354 - optuna.study.study - INFO - Trial 245 finished with value: 0.08061293279784217 and parameters: {'n_layers': 1, 'embedding_dim': 96, 'lr': 0.0014543258622445286, 'lambda_val': 0.0004048816207161401, 'batch_size': 688, 'optimizer': 'Adam'}. Best is trial 233 with value: 0.08806254815838281.
2026-05-20 06:47:12,215 - experiment_functions - INFO - Early stopping at epoch 850. Best Recall: 0.0824
2026-05-20 06:47:12,304 - optuna.study.study - INFO - Trial 246 finished with value: 0.08235927159350792 and parameters: {'n_layers': 1, 'embedding_dim': 96, 'lr': 0.0011233610364541086, 'lambda_val': 0.0008449103524222648, 'batch_size': 743, 'optimizer': 'Adam'}. Best is trial 233 with value: 0.08806254815838281.
2026-05-20 06:47:28,207 - experiment_functions - INFO - Early stopping at epoch 1100. Best Recall: 0.0882
2026-05-20 06:47:28,289 - optuna.study.study - INFO - Trial 247 finished with value: 0.08823877032029015 and parameters: {'n_layers': 1, 'embedding_dim': 96, 'lr': 0.0008981573511903246, 'lambda_val': 0.00046265234421437134, 'batch_size': 602, 'optimizer': 'Adam'}. Best is trial 247 with value: 0.08823877032029015.
2026-05-20 06:47:44,576 - experiment_functions - INFO - Early stopping at epoch 1100. Best Recall: 0.0879
2026-05-20 06:47:44,666 - optuna.study.study - INFO - Trial 248 finished with value: 0.08787024256080288 and parameters: {'n_layers': 1, 'embedding_dim': 96, 'lr': 0.0008317975527823767, 'lambda_val': 0.0006412601014006248, 'batch_size': 651, 'optimizer': 'Adam'}. Best is trial 247 with value: 0.08823877032029015.
2026-05-20 06:47:54,306 - experiment_functions - INFO - Early stopping at epoch 600. Best Recall: 0.0618
2026-05-20 06:47:54,395 - optuna.study.study - INFO - Trial 249 finished with value: 0.06175192532022978 and parameters: {'n_layers': 2, 'embedding_dim': 96, 'lr': 0.0008687269397445875, 'lambda_val': 0.0007087838056720953, 'batch_size': 661, 'optimizer': 'RMSprop'}. Best is trial 247 with value: 0.08823877032029015.
2026-05-20 06:48:12,160 - experiment_functions - INFO - Early stopping at epoch 1250. Best Recall: 0.0825
2026-05-20 06:48:12,260 - optuna.study.study - INFO - Trial 250 finished with value: 0.08245247627416791 and parameters: {'n_layers': 1, 'embedding_dim': 96, 'lr': 0.0007821951940372182, 'lambda_val': 0.0010090918490141293, 'batch_size': 569, 'optimizer': 'Adam'}. Best is trial 247 with value: 0.08823877032029015.
2026-05-20 06:48:24,895 - experiment_functions - INFO - Early stopping at epoch 800. Best Recall: 0.0768
2026-05-20 06:48:24,994 - optuna.study.study - INFO - Trial 251 finished with value: 0.0767633934980481 and parameters: {'n_layers': 1, 'embedding_dim': 96, 'lr': 0.0009800459417682096, 'lambda_val': 0.0006058791611044312, 'batch_size': 1473, 'optimizer': 'Adam'}. Best is trial 247 with value: 0.08823877032029015.
2026-05-20 06:48:38,140 - experiment_functions - INFO - Early stopping at epoch 900. Best Recall: 0.0836
2026-05-20 06:48:38,219 - optuna.study.study - INFO - Trial 252 finished with value: 0.08359398388493211 and parameters: {'n_layers': 1, 'embedding_dim': 96, 'lr': 0.0011353452240236458, 'lambda_val': 0.0003756720488893689, 'batch_size': 631, 'optimizer': 'Adam'}. Best is trial 247 with value: 0.08823877032029015.
2026-05-20 06:48:50,857 - experiment_functions - INFO - Early stopping at epoch 850. Best Recall: 0.0831
2026-05-20 06:48:50,958 - optuna.study.study - INFO - Trial 253 finished with value: 0.08309480081244736 and parameters: {'n_layers': 1, 'embedding_dim': 96, 'lr': 0.001189787926898475, 'lambda_val': 0.0008170164609618844, 'batch_size': 662, 'optimizer': 'Adam'}. Best is trial 247 with value: 0.08823877032029015.
2026-05-20 06:49:02,259 - experiment_functions - INFO - Early stopping at epoch 750. Best Recall: 0.0864
2026-05-20 06:49:02,769 - optuna.study.study - INFO - Trial 254 finished with value: 0.0864470886996269 and parameters: {'n_layers': 1, 'embedding_dim': 96, 'lr': 0.0016466515275694723, 'lambda_val': 0.0003685290697568931, 'batch_size': 761, 'optimizer': 'Adam'}. Best is trial 247 with value: 0.08823877032029015.
2026-05-20 06:49:13,899 - experiment_functions - INFO - Early stopping at epoch 750. Best Recall: 0.0811
2026-05-20 06:49:13,966 - optuna.study.study - INFO - Trial 255 finished with value: 0.08114877954590301 and parameters: {'n_layers': 1, 'embedding_dim': 96, 'lr': 0.0016306885714470335, 'lambda_val': 0.0005912332999331018, 'batch_size': 860, 'optimizer': 'Adam'}. Best is trial 247 with value: 0.08823877032029015.
2026-05-20 06:49:25,087 - experiment_functions - INFO - Early stopping at epoch 750. Best Recall: 0.0824
2026-05-20 06:49:25,175 - optuna.study.study - INFO - Trial 256 finished with value: 0.0823531932817194 and parameters: {'n_layers': 1, 'embedding_dim': 32, 'lr': 0.0018300614542787847, 'lambda_val': 0.0005076107817384245, 'batch_size': 739, 'optimizer': 'Adam'}. Best is trial 247 with value: 0.08823877032029015.
2026-05-20 06:49:34,919 - experiment_functions - INFO - Early stopping at epoch 650. Best Recall: 0.0854
2026-05-20 06:49:35,009 - optuna.study.study - INFO - Trial 257 finished with value: 0.0853953222567316 and parameters: {'n_layers': 1, 'embedding_dim': 96, 'lr': 0.0023790107840551936, 'lambda_val': 0.0003399998339393911, 'batch_size': 824, 'optimizer': 'Adam'}. Best is trial 247 with value: 0.08823877032029015.
2026-05-20 06:49:45,359 - experiment_functions - INFO - Early stopping at epoch 650. Best Recall: 0.0756
2026-05-20 06:49:45,449 - optuna.study.study - INFO - Trial 258 finished with value: 0.07556819538228479 and parameters: {'n_layers': 1, 'embedding_dim': 96, 'lr': 0.0026653615373032824, 'lambda_val': 0.000331718257523882, 'batch_size': 917, 'optimizer': 'Adam'}. Best is trial 247 with value: 0.08823877032029015.
2026-05-20 06:49:55,368 - experiment_functions - INFO - Early stopping at epoch 650. Best Recall: 0.0853
2026-05-20 06:49:55,447 - optuna.study.study - INFO - Trial 259 finished with value: 0.08534331595129038 and parameters: {'n_layers': 1, 'embedding_dim': 96, 'lr': 0.0024811178675959397, 'lambda_val': 0.0002370994917715863, 'batch_size': 965, 'optimizer': 'Adam'}. Best is trial 247 with value: 0.08823877032029015.
2026-05-20 06:50:08,225 - experiment_functions - INFO - Early stopping at epoch 650. Best Recall: 0.0857
2026-05-20 06:50:08,359 - optuna.study.study - INFO - Trial 260 finished with value: 0.08570063221292547 and parameters: {'n_layers': 1, 'embedding_dim': 96, 'lr': 0.0025043763709952207, 'lambda_val': 0.0004224757360871139, 'batch_size': 966, 'optimizer': 'Adam'}. Best is trial 247 with value: 0.08823877032029015.
2026-05-20 06:50:18,235 - experiment_functions - INFO - Early stopping at epoch 650. Best Recall: 0.0836
2026-05-20 06:50:18,324 - optuna.study.study - INFO - Trial 261 finished with value: 0.0835849677196939 and parameters: {'n_layers': 1, 'embedding_dim': 96, 'lr': 0.0023128494549193206, 'lambda_val': 0.0003286586638475274, 'batch_size': 966, 'optimizer': 'Adam'}. Best is trial 247 with value: 0.08823877032029015.
2026-05-20 06:50:28,376 - experiment_functions - INFO - Early stopping at epoch 650. Best Recall: 0.0784
2026-05-20 06:50:28,465 - optuna.study.study - INFO - Trial 262 finished with value: 0.07839486602858146 and parameters: {'n_layers': 1, 'embedding_dim': 96, 'lr': 0.0022476865994918494, 'lambda_val': 0.00021310811909723955, 'batch_size': 1067, 'optimizer': 'Adam'}. Best is trial 247 with value: 0.08823877032029015.
2026-05-20 06:50:38,287 - experiment_functions - INFO - Early stopping at epoch 650. Best Recall: 0.0738
2026-05-20 06:50:38,386 - optuna.study.study - INFO - Trial 263 finished with value: 0.0738410926200605 and parameters: {'n_layers': 1, 'embedding_dim': 96, 'lr': 0.002926364350472987, 'lambda_val': 0.0004412754476331842, 'batch_size': 990, 'optimizer': 'Adam'}. Best is trial 247 with value: 0.08823877032029015.
2026-05-20 06:50:48,064 - experiment_functions - INFO - Early stopping at epoch 600. Best Recall: 0.0753
2026-05-20 06:50:48,155 - optuna.study.study - INFO - Trial 264 finished with value: 0.07525976781782336 and parameters: {'n_layers': 1, 'embedding_dim': 96, 'lr': 0.0031758194014629934, 'lambda_val': 0.0007346702114830364, 'batch_size': 850, 'optimizer': 'Adam'}. Best is trial 247 with value: 0.08823877032029015.
2026-05-20 06:50:58,151 - experiment_functions - INFO - Early stopping at epoch 650. Best Recall: 0.0840
2026-05-20 06:50:58,273 - optuna.study.study - INFO - Trial 265 finished with value: 0.08398690412245667 and parameters: {'n_layers': 1, 'embedding_dim': 96, 'lr': 0.002143746690151257, 'lambda_val': 0.00036898706889755296, 'batch_size': 948, 'optimizer': 'Adam'}. Best is trial 247 with value: 0.08823877032029015.
2026-05-20 06:51:07,884 - experiment_functions - INFO - Early stopping at epoch 650. Best Recall: 0.0783
2026-05-20 06:51:07,963 - optuna.study.study - INFO - Trial 266 finished with value: 0.07833353724955959 and parameters: {'n_layers': 1, 'embedding_dim': 96, 'lr': 0.002558724221628979, 'lambda_val': 0.00026174278205466395, 'batch_size': 1036, 'optimizer': 'Adam'}. Best is trial 247 with value: 0.08823877032029015.
2026-05-20 06:51:16,990 - experiment_functions - INFO - Early stopping at epoch 500. Best Recall: 0.0045
2026-05-20 06:51:17,068 - optuna.study.study - INFO - Trial 267 finished with value: 0.00454338948153753 and parameters: {'n_layers': 1, 'embedding_dim': 96, 'lr': 0.0019122590317262474, 'lambda_val': 0.0011425254610941992, 'batch_size': 830, 'optimizer': 'SGD'}. Best is trial 247 with value: 0.08823877032029015.
2026-05-20 06:51:38,160 - experiment_functions - INFO - Early stopping at epoch 750. Best Recall: 0.0801
2026-05-20 06:51:38,240 - optuna.study.study - INFO - Trial 268 finished with value: 0.08012050044394858 and parameters: {'n_layers': 1, 'embedding_dim': 96, 'lr': 0.0016144111421331666, 'lambda_val': 0.000506885880354343, 'batch_size': 931, 'optimizer': 'Adam'}. Best is trial 247 with value: 0.08823877032029015.
2026-05-20 06:51:48,815 - experiment_functions - INFO - Early stopping at epoch 700. Best Recall: 0.0792
2026-05-20 06:51:48,915 - optuna.study.study - INFO - Trial 269 finished with value: 0.07923211849704162 and parameters: {'n_layers': 1, 'embedding_dim': 96, 'lr': 0.0018371408164041174, 'lambda_val': 0.0001697716127866196, 'batch_size': 805, 'optimizer': 'Adam'}. Best is trial 247 with value: 0.08823877032029015.
2026-05-20 06:51:58,108 - experiment_functions - INFO - Early stopping at epoch 600. Best Recall: 0.0873
2026-05-20 06:51:58,253 - optuna.study.study - INFO - Trial 270 finished with value: 0.08733803424922698 and parameters: {'n_layers': 1, 'embedding_dim': 96, 'lr': 0.0036276824241711016, 'lambda_val': 0.0005420672309567453, 'batch_size': 891, 'optimizer': 'Adam'}. Best is trial 247 with value: 0.08823877032029015.
2026-05-20 06:52:07,796 - experiment_functions - INFO - Early stopping at epoch 550. Best Recall: 0.0525
2026-05-20 06:52:07,887 - optuna.study.study - INFO - Trial 271 finished with value: 0.05246954949256049 and parameters: {'n_layers': 3, 'embedding_dim': 96, 'lr': 0.00400842420180226, 'lambda_val': 0.0006954041912318839, 'batch_size': 882, 'optimizer': 'Adam'}. Best is trial 247 with value: 0.08823877032029015.
2026-05-20 06:52:21,705 - optuna.study._optimize - INFO - Trial 272 pruned. 
2026-05-20 06:52:31,725 - experiment_functions - INFO - Early stopping at epoch 650. Best Recall: 0.0804
2026-05-20 06:52:31,827 - optuna.study.study - INFO - Trial 273 finished with value: 0.08041944926433695 and parameters: {'n_layers': 1, 'embedding_dim': 96, 'lr': 0.0021887041048071626, 'lambda_val': 0.0005316649826019225, 'batch_size': 950, 'optimizer': 'Adam'}. Best is trial 247 with value: 0.08823877032029015.
2026-05-20 06:52:41,828 - experiment_functions - INFO - Early stopping at epoch 550. Best Recall: 0.0420
2026-05-20 06:52:41,929 - optuna.study.study - INFO - Trial 274 finished with value: 0.0420215895762875 and parameters: {'n_layers': 4, 'embedding_dim': 96, 'lr': 0.002489168923232766, 'lambda_val': 0.0006064163773534624, 'batch_size': 1048, 'optimizer': 'Adam'}. Best is trial 247 with value: 0.08823877032029015.
2026-05-20 06:52:53,674 - experiment_functions - INFO - Early stopping at epoch 650. Best Recall: 0.0824
2026-05-20 06:52:53,850 - optuna.study.study - INFO - Trial 275 finished with value: 0.08236974950070039 and parameters: {'n_layers': 1, 'embedding_dim': 96, 'lr': 0.002919407555502192, 'lambda_val': 0.0004495158783088115, 'batch_size': 796, 'optimizer': 'Adam'}. Best is trial 247 with value: 0.08823877032029015.
2026-05-20 06:53:05,154 - experiment_functions - INFO - Early stopping at epoch 750. Best Recall: 0.0821
2026-05-20 06:53:05,243 - optuna.study.study - INFO - Trial 276 finished with value: 0.08207187810751268 and parameters: {'n_layers': 1, 'embedding_dim': 96, 'lr': 0.0014637933978063186, 'lambda_val': 0.0010066112645659361, 'batch_size': 855, 'optimizer': 'Adam'}. Best is trial 247 with value: 0.08823877032029015.
2026-05-20 06:53:15,698 - experiment_functions - INFO - Early stopping at epoch 700. Best Recall: 0.0840
2026-05-20 06:53:15,787 - optuna.study.study - INFO - Trial 277 finished with value: 0.08402711099922121 and parameters: {'n_layers': 1, 'embedding_dim': 96, 'lr': 0.001882380741884402, 'lambda_val': 0.0003099734649900659, 'batch_size': 1257, 'optimizer': 'Adam'}. Best is trial 247 with value: 0.08823877032029015.
2026-05-20 06:53:26,774 - experiment_functions - INFO - Early stopping at epoch 700. Best Recall: 0.0861
2026-05-20 06:53:26,918 - optuna.study.study - INFO - Trial 278 finished with value: 0.08607773394212992 and parameters: {'n_layers': 1, 'embedding_dim': 32, 'lr': 0.002411652819760803, 'lambda_val': 0.0007743370462960069, 'batch_size': 765, 'optimizer': 'Adam'}. Best is trial 247 with value: 0.08823877032029015.
2026-05-20 06:53:35,762 - experiment_functions - INFO - Early stopping at epoch 600. Best Recall: 0.0755
2026-05-20 06:53:35,885 - optuna.study.study - INFO - Trial 279 finished with value: 0.07550937624972448 and parameters: {'n_layers': 1, 'embedding_dim': 32, 'lr': 0.003759692172981186, 'lambda_val': 0.0012703276476604848, 'batch_size': 791, 'optimizer': 'Adam'}. Best is trial 247 with value: 0.08823877032029015.
2026-05-20 06:53:45,598 - experiment_functions - INFO - Early stopping at epoch 650. Best Recall: 0.0780
2026-05-20 06:53:45,677 - optuna.study.study - INFO - Trial 280 finished with value: 0.07799084723564606 and parameters: {'n_layers': 1, 'embedding_dim': 32, 'lr': 0.002736047230786721, 'lambda_val': 0.0007029172327823162, 'batch_size': 920, 'optimizer': 'Adam'}. Best is trial 247 with value: 0.08823877032029015.
2026-05-20 06:53:57,762 - experiment_functions - INFO - Early stopping at epoch 700. Best Recall: 0.0784
2026-05-20 06:53:57,906 - optuna.study.study - INFO - Trial 281 finished with value: 0.07844617144316822 and parameters: {'n_layers': 1, 'embedding_dim': 32, 'lr': 0.002308349412085711, 'lambda_val': 0.0009384055150622602, 'batch_size': 743, 'optimizer': 'Adam'}. Best is trial 247 with value: 0.08823877032029015.
2026-05-20 06:54:12,863 - experiment_functions - INFO - Early stopping at epoch 800. Best Recall: 0.0878
2026-05-20 06:54:13,009 - optuna.study.study - INFO - Trial 282 finished with value: 0.08783037012155191 and parameters: {'n_layers': 1, 'embedding_dim': 32, 'lr': 0.0017003619621070447, 'lambda_val': 0.0007614916904267033, 'batch_size': 845, 'optimizer': 'Adam'}. Best is trial 247 with value: 0.08823877032029015.
2026-05-20 06:54:22,346 - experiment_functions - INFO - Early stopping at epoch 650. Best Recall: 0.0789
2026-05-20 06:54:22,447 - optuna.study.study - INFO - Trial 283 finished with value: 0.07885495688064824 and parameters: {'n_layers': 1, 'embedding_dim': 32, 'lr': 0.0033233895762346095, 'lambda_val': 0.0014107085931025565, 'batch_size': 871, 'optimizer': 'Adam'}. Best is trial 247 with value: 0.08823877032029015.
2026-05-20 06:54:33,477 - experiment_functions - INFO - Early stopping at epoch 750. Best Recall: 0.0773
2026-05-20 06:54:33,567 - optuna.study.study - INFO - Trial 284 finished with value: 0.07733054265953068 and parameters: {'n_layers': 1, 'embedding_dim': 32, 'lr': 0.002072786248055356, 'lambda_val': 0.0008461364006294724, 'batch_size': 760, 'optimizer': 'Adam'}. Best is trial 247 with value: 0.08823877032029015.
2026-05-20 06:54:46,259 - experiment_functions - INFO - Early stopping at epoch 850. Best Recall: 0.0896
2026-05-20 06:54:46,797 - optuna.study.study - INFO - Trial 285 finished with value: 0.08959664764408455 and parameters: {'n_layers': 1, 'embedding_dim': 32, 'lr': 0.00146747932643885, 'lambda_val': 0.0007489930825884691, 'batch_size': 841, 'optimizer': 'Adam'}. Best is trial 285 with value: 0.08959664764408455.
2026-05-20 06:54:59,531 - experiment_functions - INFO - Early stopping at epoch 850. Best Recall: 0.0818
2026-05-20 06:54:59,631 - optuna.study.study - INFO - Trial 286 finished with value: 0.08177042676521105 and parameters: {'n_layers': 1, 'embedding_dim': 32, 'lr': 0.0014007734527498451, 'lambda_val': 0.0007414447806083391, 'batch_size': 836, 'optimizer': 'Adam'}. Best is trial 285 with value: 0.08959664764408455.
2026-05-20 06:55:12,061 - experiment_functions - INFO - Early stopping at epoch 850. Best Recall: 0.0850
2026-05-20 06:55:12,139 - optuna.study.study - INFO - Trial 287 finished with value: 0.0850006389159678 and parameters: {'n_layers': 1, 'embedding_dim': 32, 'lr': 0.001389859943801634, 'lambda_val': 0.001087499909773717, 'batch_size': 782, 'optimizer': 'Adam'}. Best is trial 285 with value: 0.08959664764408455.
2026-05-20 06:55:24,425 - experiment_functions - INFO - Early stopping at epoch 850. Best Recall: 0.0807
2026-05-20 06:55:24,516 - optuna.study.study - INFO - Trial 288 finished with value: 0.08070687953062673 and parameters: {'n_layers': 1, 'embedding_dim': 32, 'lr': 0.0013872520408819105, 'lambda_val': 0.001858124068764515, 'batch_size': 799, 'optimizer': 'Adam'}. Best is trial 285 with value: 0.08959664764408455.
2026-05-20 06:55:36,268 - experiment_functions - INFO - Early stopping at epoch 750. Best Recall: 0.0853
2026-05-20 06:55:36,358 - optuna.study.study - INFO - Trial 289 finished with value: 0.08526450956538664 and parameters: {'n_layers': 1, 'embedding_dim': 32, 'lr': 0.0016439615589309733, 'lambda_val': 0.0012556334749951892, 'batch_size': 897, 'optimizer': 'Adam'}. Best is trial 285 with value: 0.08959664764408455.
2026-05-20 06:55:43,660 - experiment_functions - INFO - Early stopping at epoch 500. Best Recall: 0.0056
2026-05-20 06:55:43,739 - optuna.study.study - INFO - Trial 290 finished with value: 0.005627515812066108 and parameters: {'n_layers': 1, 'embedding_dim': 32, 'lr': 0.0016091222530827632, 'lambda_val': 0.0012784955066412857, 'batch_size': 890, 'optimizer': 'SGD'}. Best is trial 285 with value: 0.08959664764408455.
2026-05-20 06:55:56,864 - experiment_functions - INFO - Early stopping at epoch 900. Best Recall: 0.0805
2026-05-20 06:55:57,007 - optuna.study.study - INFO - Trial 291 finished with value: 0.08052840619584253 and parameters: {'n_layers': 1, 'embedding_dim': 32, 'lr': 0.0013599018143440667, 'lambda_val': 0.0009718014547953203, 'batch_size': 751, 'optimizer': 'Adam'}. Best is trial 285 with value: 0.08959664764408455.
2026-05-20 06:56:12,194 - experiment_functions - INFO - Early stopping at epoch 1000. Best Recall: 0.0870
2026-05-20 06:56:12,327 - optuna.study.study - INFO - Trial 292 finished with value: 0.08696136782490838 and parameters: {'n_layers': 1, 'embedding_dim': 32, 'lr': 0.001062576920555522, 'lambda_val': 0.0017413864310880202, 'batch_size': 842, 'optimizer': 'Adam'}. Best is trial 285 with value: 0.08959664764408455.
2026-05-20 06:56:28,493 - experiment_functions - INFO - Early stopping at epoch 1050. Best Recall: 0.0823
2026-05-20 06:56:28,592 - optuna.study.study - INFO - Trial 293 finished with value: 0.08226782102275185 and parameters: {'n_layers': 1, 'embedding_dim': 32, 'lr': 0.000967837593084611, 'lambda_val': 0.002092683306847814, 'batch_size': 859, 'optimizer': 'Adam'}. Best is trial 285 with value: 0.08959664764408455.
2026-05-20 06:56:42,415 - experiment_functions - INFO - Early stopping at epoch 900. Best Recall: 0.0786
2026-05-20 06:56:42,560 - optuna.study.study - INFO - Trial 294 finished with value: 0.07858021558350418 and parameters: {'n_layers': 1, 'embedding_dim': 32, 'lr': 0.0012020435330502256, 'lambda_val': 0.0012349880853329113, 'batch_size': 817, 'optimizer': 'Adam'}. Best is trial 285 with value: 0.08959664764408455.
2026-05-20 06:56:57,103 - optuna.study._optimize - INFO - Trial 295 pruned. 
2026-05-20 06:57:10,714 - optuna.study._optimize - INFO - Trial 296 pruned. 
2026-05-20 06:57:26,609 - experiment_functions - INFO - Early stopping at epoch 1050. Best Recall: 0.0850
2026-05-20 06:57:26,700 - optuna.study.study - INFO - Trial 297 finished with value: 0.08502856265068043 and parameters: {'n_layers': 1, 'embedding_dim': 32, 'lr': 0.0010037785249255508, 'lambda_val': 0.0016948202077325116, 'batch_size': 713, 'optimizer': 'Adam'}. Best is trial 285 with value: 0.08959664764408455.
2026-05-20 06:57:41,466 - experiment_functions - INFO - Early stopping at epoch 1000. Best Recall: 0.0864
2026-05-20 06:57:41,555 - optuna.study.study - INFO - Trial 298 finished with value: 0.086388539764476 and parameters: {'n_layers': 1, 'embedding_dim': 32, 'lr': 0.0009723993559525541, 'lambda_val': 0.0026715155943300324, 'batch_size': 895, 'optimizer': 'Adam'}. Best is trial 285 with value: 0.08959664764408455.
2026-05-20 06:57:55,615 - experiment_functions - INFO - Early stopping at epoch 900. Best Recall: 0.0873
2026-05-20 06:57:56,380 - optuna.study.study - INFO - Trial 299 finished with value: 0.08727898790260005 and parameters: {'n_layers': 1, 'embedding_dim': 32, 'lr': 0.0009943018438454197, 'lambda_val': 0.0030513729725205464, 'batch_size': 912, 'optimizer': 'Adam'}. Best is trial 285 with value: 0.08959664764408455.
2026-05-20 06:57:56,382 - experiment_functions - INFO - Training the best model ... for e_1M_1c2dcs
2026-05-20 06:58:06,518 - experiment_functions - INFO - Early stopping at epoch 850. Best Recall: 0.0878
2026-05-20 06:58:07,641 - root - INFO -   **** Training e_1M_1c2dcs_rand1
2026-05-20 06:58:07,700 - root - INFO -   **** Getting 202263/805443 random edges
2026-05-20 06:58:07,760 - experiment_functions - INFO - Training the best model ... for e_1M_1c2dcs_rand1
2026-05-20 06:58:19,507 - experiment_functions - INFO - Early stopping at epoch 1100. Best Recall: 0.0668
2026-05-20 06:58:20,410 - root - INFO -   **** Training e_1M_1c2dcs_rand2
2026-05-20 06:58:20,469 - root - INFO -   **** Getting 202263/805443 random edges
2026-05-20 06:58:20,528 - experiment_functions - INFO - Training the best model ... for e_1M_1c2dcs_rand2
2026-05-20 06:58:31,879 - experiment_functions - INFO - Early stopping at epoch 1050. Best Recall: 0.0618
2026-05-20 06:58:32,782 - root - INFO -   **** Training e_1M_1c2dcs_rand3
2026-05-20 06:58:32,842 - root - INFO -   **** Getting 202263/805443 random edges
2026-05-20 06:58:32,901 - experiment_functions - INFO - Training the best model ... for e_1M_1c2dcs_rand3
2026-05-20 06:58:43,136 - experiment_functions - INFO - Early stopping at epoch 950. Best Recall: 0.0681
2026-05-20 06:58:44,035 - root - INFO -   **** Training e_1M_1c2dcs_rand4
2026-05-20 06:58:44,093 - root - INFO -   **** Getting 202263/805443 random edges
2026-05-20 06:58:44,147 - experiment_functions - INFO - Training the best model ... for e_1M_1c2dcs_rand4
2026-05-20 06:58:54,391 - experiment_functions - INFO - Early stopping at epoch 950. Best Recall: 0.0718
2026-05-20 06:58:55,480 - root - INFO -   **** Training e_1M_1c2dcs_rand5
2026-05-20 06:58:55,538 - root - INFO -   **** Getting 202263/805443 random edges
2026-05-20 06:58:55,597 - experiment_functions - INFO - Training the best model ... for e_1M_1c2dcs_rand5
2026-05-20 06:59:06,208 - experiment_functions - INFO - Early stopping at epoch 1000. Best Recall: 0.0621
2026-05-20 06:59:07,105 - root - INFO - **** Training e_1M_1c3dcs
2026-05-20 06:59:07,105 - root - INFO -   ** 3-Dominant stats:
2026-05-20 06:59:07,105 - root - INFO -   ** Finding the dominant set:
2026-05-20 07:40:05,640 - root - INFO -   ** Getting the trainable edges:
2026-05-20 07:40:05,655 - helper_functions - INFO -      Number of nodes: 4781
2026-05-20 07:40:05,655 - helper_functions - INFO -      Ratio: 0.4905602298378822
2026-05-20 07:40:05,655 - helper_functions - INFO -      Number of unique users: 3174
2026-05-20 07:40:05,655 - helper_functions - INFO -      Number of unique items: 1607
2026-05-20 07:40:05,655 - helper_functions - INFO -      Total dominant set edge: 28653
2026-05-20 07:40:05,655 - helper_functions - INFO -      Trainable edges: 22922.4
2026-05-20 07:40:05,685 - root - INFO -   **** Getting 28653 dominant set edges
2026-05-20 07:40:05,806 - optuna.storages._rdb.storage - INFO - A new study created in RDB with name: Study_e_1M_1c3dcs_strict
2026-05-20 07:40:18,873 - experiment_functions - INFO - Early stopping at epoch 950. Best Recall: 0.0056
2026-05-20 07:40:19,008 - optuna.study.study - INFO - Trial 0 finished with value: 0.0056056457866071946 and parameters: {'n_layers': 2, 'embedding_dim': 256, 'lr': 0.03303695909719353, 'lambda_val': 0.005173415658717513, 'batch_size': 2124, 'optimizer': 'SGD'}. Best is trial 0 with value: 0.0056056457866071946.
2026-05-20 07:40:40,486 - experiment_functions - INFO - Early stopping at epoch 1600. Best Recall: 0.0050
2026-05-20 07:40:40,587 - optuna.study.study - INFO - Trial 1 finished with value: 0.004992910185245008 and parameters: {'n_layers': 4, 'embedding_dim': 64, 'lr': 1.2805424344007205e-05, 'lambda_val': 0.035650401864590016, 'batch_size': 3181, 'optimizer': 'RMSprop'}. Best is trial 0 with value: 0.0056056457866071946.
2026-05-20 07:40:48,052 - experiment_functions - INFO - Early stopping at epoch 500. Best Recall: 0.0046
2026-05-20 07:40:48,142 - optuna.study.study - INFO - Trial 2 finished with value: 0.004586969766190358 and parameters: {'n_layers': 3, 'embedding_dim': 32, 'lr': 0.0030749876144398826, 'lambda_val': 0.014075126279486915, 'batch_size': 4042, 'optimizer': 'Adam'}. Best is trial 0 with value: 0.0056056457866071946.
2026-05-20 07:40:55,237 - experiment_functions - INFO - Early stopping at epoch 500. Best Recall: 0.0054
2026-05-20 07:40:55,327 - optuna.study.study - INFO - Trial 3 finished with value: 0.005389006677469031 and parameters: {'n_layers': 2, 'embedding_dim': 32, 'lr': 0.09523773073059592, 'lambda_val': 2.7279522716696847e-06, 'batch_size': 2607, 'optimizer': 'SGD'}. Best is trial 0 with value: 0.0056056457866071946.
2026-05-20 07:41:09,195 - experiment_functions - INFO - Early stopping at epoch 500. Best Recall: 0.0057
2026-05-20 07:41:09,961 - optuna.study.study - INFO - Trial 4 finished with value: 0.005668980195323364 and parameters: {'n_layers': 3, 'embedding_dim': 32, 'lr': 0.004997846876595677, 'lambda_val': 0.006615280588531156, 'batch_size': 3324, 'optimizer': 'Adam'}. Best is trial 4 with value: 0.005668980195323364.
2026-05-20 07:41:18,200 - experiment_functions - INFO - Early stopping at epoch 500. Best Recall: 0.0052
2026-05-20 07:41:18,289 - optuna.study.study - INFO - Trial 5 finished with value: 0.0052019957180058675 and parameters: {'n_layers': 2, 'embedding_dim': 64, 'lr': 0.08585121343185197, 'lambda_val': 2.9934616678403755e-05, 'batch_size': 1208, 'optimizer': 'SGD'}. Best is trial 4 with value: 0.005668980195323364.
2026-05-20 07:41:26,891 - experiment_functions - INFO - Early stopping at epoch 550. Best Recall: 0.0097
2026-05-20 07:41:26,980 - optuna.study.study - INFO - Trial 6 finished with value: 0.009690558209404513 and parameters: {'n_layers': 4, 'embedding_dim': 96, 'lr': 0.0007683344357733008, 'lambda_val': 0.000987300498748645, 'batch_size': 3869, 'optimizer': 'RMSprop'}. Best is trial 6 with value: 0.009690558209404513.
2026-05-20 07:42:16,700 - optuna.study.study - INFO - Trial 7 finished with value: 0.014652001205845483 and parameters: {'n_layers': 1, 'embedding_dim': 64, 'lr': 6.678098823451818e-05, 'lambda_val': 0.004611966147934588, 'batch_size': 3627, 'optimizer': 'RMSprop'}. Best is trial 7 with value: 0.014652001205845483.
2026-05-20 07:42:23,733 - experiment_functions - INFO - Early stopping at epoch 500. Best Recall: 0.0055
2026-05-20 07:42:23,867 - optuna.study.study - INFO - Trial 8 finished with value: 0.005515964192845046 and parameters: {'n_layers': 2, 'embedding_dim': 32, 'lr': 2.2543319506413874e-05, 'lambda_val': 0.0015304092792827546, 'batch_size': 3949, 'optimizer': 'SGD'}. Best is trial 7 with value: 0.014652001205845483.
2026-05-20 07:42:32,212 - experiment_functions - INFO - Early stopping at epoch 600. Best Recall: 0.0096
2026-05-20 07:42:32,301 - optuna.study.study - INFO - Trial 9 finished with value: 0.00963240451983462 and parameters: {'n_layers': 1, 'embedding_dim': 64, 'lr': 0.0004177652050440261, 'lambda_val': 0.033583514465830196, 'batch_size': 3475, 'optimizer': 'RMSprop'}. Best is trial 7 with value: 0.014652001205845483.
2026-05-20 07:43:21,886 - optuna.study.study - INFO - Trial 10 finished with value: 0.030133545677613283 and parameters: {'n_layers': 1, 'embedding_dim': 128, 'lr': 7.403212783318608e-05, 'lambda_val': 0.00011994856282508779, 'batch_size': 994, 'optimizer': 'RMSprop'}. Best is trial 10 with value: 0.030133545677613283.
2026-05-20 07:44:19,427 - optuna.study.study - INFO - Trial 11 finished with value: 0.026575042832708968 and parameters: {'n_layers': 1, 'embedding_dim': 128, 'lr': 8.164139299355781e-05, 'lambda_val': 6.854212564025427e-05, 'batch_size': 734, 'optimizer': 'RMSprop'}. Best is trial 10 with value: 0.030133545677613283.
2026-05-20 07:45:08,790 - optuna.study.study - INFO - Trial 12 finished with value: 0.05887259253497146 and parameters: {'n_layers': 1, 'embedding_dim': 128, 'lr': 0.00014790555824388256, 'lambda_val': 8.032345513506607e-05, 'batch_size': 594, 'optimizer': 'RMSprop'}. Best is trial 12 with value: 0.05887259253497146.
2026-05-20 07:46:07,412 - optuna.study.study - INFO - Trial 13 finished with value: 0.059658272796593706 and parameters: {'n_layers': 1, 'embedding_dim': 128, 'lr': 0.0001402269847878447, 'lambda_val': 0.00010259567487006661, 'batch_size': 531, 'optimizer': 'RMSprop'}. Best is trial 13 with value: 0.059658272796593706.
2026-05-20 07:46:26,148 - experiment_functions - INFO - Early stopping at epoch 1450. Best Recall: 0.0546
2026-05-20 07:46:26,238 - optuna.study.study - INFO - Trial 14 finished with value: 0.05459066611395273 and parameters: {'n_layers': 1, 'embedding_dim': 128, 'lr': 0.00025667646260394843, 'lambda_val': 1.0304320909115663e-05, 'batch_size': 1625, 'optimizer': 'RMSprop'}. Best is trial 13 with value: 0.059658272796593706.
2026-05-20 07:46:34,458 - experiment_functions - INFO - Early stopping at epoch 600. Best Recall: 0.0557
2026-05-20 07:46:34,526 - optuna.study.study - INFO - Trial 15 finished with value: 0.05571634232281733 and parameters: {'n_layers': 1, 'embedding_dim': 128, 'lr': 0.0026150289905735344, 'lambda_val': 0.00036866234332665775, 'batch_size': 560, 'optimizer': 'Adam'}. Best is trial 13 with value: 0.059658272796593706.
2026-05-20 07:47:05,995 - experiment_functions - INFO - Early stopping at epoch 1600. Best Recall: 0.0502
2026-05-20 07:47:06,096 - optuna.study.study - INFO - Trial 16 finished with value: 0.05016577388516762 and parameters: {'n_layers': 3, 'embedding_dim': 128, 'lr': 0.0002104661313216432, 'lambda_val': 1.761543253599331e-06, 'batch_size': 1472, 'optimizer': 'RMSprop'}. Best is trial 13 with value: 0.059658272796593706.
2026-05-20 07:47:18,825 - optuna.study._optimize - INFO - Trial 17 pruned. 
2026-05-20 07:47:26,959 - experiment_functions - INFO - Early stopping at epoch 550. Best Recall: 0.0510
2026-05-20 07:47:27,048 - optuna.study.study - INFO - Trial 18 finished with value: 0.05095234027703896 and parameters: {'n_layers': 1, 'embedding_dim': 256, 'lr': 0.0011241648009149253, 'lambda_val': 0.00024266033947958603, 'batch_size': 942, 'optimizer': 'RMSprop'}. Best is trial 13 with value: 0.059658272796593706.
2026-05-20 07:47:51,589 - experiment_functions - INFO - Early stopping at epoch 1850. Best Recall: 0.0454
2026-05-20 07:47:51,711 - optuna.study.study - INFO - Trial 19 finished with value: 0.04536687295681269 and parameters: {'n_layers': 2, 'embedding_dim': 128, 'lr': 0.00019439988712243822, 'lambda_val': 2.937283696698628e-05, 'batch_size': 1752, 'optimizer': 'Adam'}. Best is trial 13 with value: 0.059658272796593706.
2026-05-20 07:48:04,656 - optuna.study._optimize - INFO - Trial 20 pruned. 
2026-05-20 07:48:12,469 - experiment_functions - INFO - Early stopping at epoch 550. Best Recall: 0.0587
2026-05-20 07:48:12,547 - optuna.study.study - INFO - Trial 21 finished with value: 0.05869889544783389 and parameters: {'n_layers': 1, 'embedding_dim': 128, 'lr': 0.0031978883640200926, 'lambda_val': 0.00037670250322132634, 'batch_size': 548, 'optimizer': 'Adam'}. Best is trial 13 with value: 0.059658272796593706.
2026-05-20 07:48:20,315 - experiment_functions - INFO - Early stopping at epoch 550. Best Recall: 0.0409
2026-05-20 07:48:20,393 - optuna.study.study - INFO - Trial 22 finished with value: 0.040879762916905156 and parameters: {'n_layers': 1, 'embedding_dim': 128, 'lr': 0.010695248062808478, 'lambda_val': 8.493709215223729e-05, 'batch_size': 557, 'optimizer': 'Adam'}. Best is trial 13 with value: 0.059658272796593706.
2026-05-20 07:48:30,269 - experiment_functions - INFO - Early stopping at epoch 700. Best Recall: 0.0587
2026-05-20 07:48:30,358 - optuna.study.study - INFO - Trial 23 finished with value: 0.05872637858575807 and parameters: {'n_layers': 1, 'embedding_dim': 128, 'lr': 0.0008699608957414366, 'lambda_val': 0.00024547650762494306, 'batch_size': 1245, 'optimizer': 'Adam'}. Best is trial 13 with value: 0.059658272796593706.
2026-05-20 07:48:39,519 - experiment_functions - INFO - Early stopping at epoch 650. Best Recall: 0.0461
2026-05-20 07:48:39,609 - optuna.study.study - INFO - Trial 24 finished with value: 0.046099930969903266 and parameters: {'n_layers': 2, 'embedding_dim': 128, 'lr': 0.0009064204890475009, 'lambda_val': 2.657689542313692e-05, 'batch_size': 1270, 'optimizer': 'Adam'}. Best is trial 13 with value: 0.059658272796593706.
2026-05-20 07:48:50,842 - experiment_functions - INFO - Early stopping at epoch 800. Best Recall: 0.0568
2026-05-20 07:48:50,940 - optuna.study.study - INFO - Trial 25 finished with value: 0.056754715693890935 and parameters: {'n_layers': 1, 'embedding_dim': 256, 'lr': 0.0005025731355295682, 'lambda_val': 0.00016272962985413916, 'batch_size': 932, 'optimizer': 'Adam'}. Best is trial 13 with value: 0.059658272796593706.
2026-05-20 07:49:41,840 - optuna.study.study - INFO - Trial 26 finished with value: 0.059533053910720474 and parameters: {'n_layers': 2, 'embedding_dim': 96, 'lr': 0.0001284432569560353, 'lambda_val': 9.061742312420015e-06, 'batch_size': 1227, 'optimizer': 'RMSprop'}. Best is trial 13 with value: 0.059658272796593706.
2026-05-20 07:49:56,170 - optuna.study._optimize - INFO - Trial 27 pruned. 
2026-05-20 07:50:03,064 - experiment_functions - INFO - Early stopping at epoch 500. Best Recall: 0.0052
2026-05-20 07:50:03,152 - optuna.study.study - INFO - Trial 28 finished with value: 0.005223408524610774 and parameters: {'n_layers': 2, 'embedding_dim': 96, 'lr': 3.458865247504471e-05, 'lambda_val': 1.4113593406553986e-05, 'batch_size': 1726, 'optimizer': 'RMSprop'}. Best is trial 13 with value: 0.059658272796593706.
2026-05-20 07:50:10,188 - experiment_functions - INFO - Early stopping at epoch 500. Best Recall: 0.0052
2026-05-20 07:50:10,322 - optuna.study.study - INFO - Trial 29 finished with value: 0.005201891666153555 and parameters: {'n_layers': 2, 'embedding_dim': 96, 'lr': 0.00014798375595293257, 'lambda_val': 6.184590404965308e-05, 'batch_size': 2045, 'optimizer': 'SGD'}. Best is trial 13 with value: 0.059658272796593706.
2026-05-20 07:50:22,146 - experiment_functions - INFO - Early stopping at epoch 750. Best Recall: 0.0500
2026-05-20 07:50:22,244 - optuna.study.study - INFO - Trial 30 finished with value: 0.050025125643584405 and parameters: {'n_layers': 2, 'embedding_dim': 256, 'lr': 0.00037954609335239263, 'lambda_val': 1.2680490030436486e-06, 'batch_size': 1077, 'optimizer': 'RMSprop'}. Best is trial 13 with value: 0.059658272796593706.
2026-05-20 07:50:30,194 - experiment_functions - INFO - Early stopping at epoch 550. Best Recall: 0.0525
2026-05-20 07:50:30,286 - optuna.study.study - INFO - Trial 31 finished with value: 0.0525156091478091 and parameters: {'n_layers': 1, 'embedding_dim': 128, 'lr': 0.001099145406131731, 'lambda_val': 4.243874198954892e-05, 'batch_size': 1401, 'optimizer': 'RMSprop'}. Best is trial 13 with value: 0.059658272796593706.
2026-05-20 07:50:37,208 - experiment_functions - INFO - Early stopping at epoch 500. Best Recall: 0.0054
2026-05-20 07:50:37,309 - optuna.study.study - INFO - Trial 32 finished with value: 0.0054072038539106256 and parameters: {'n_layers': 1, 'embedding_dim': 96, 'lr': 1.9744627863920654e-05, 'lambda_val': 4.506887857720725e-06, 'batch_size': 725, 'optimizer': 'RMSprop'}. Best is trial 13 with value: 0.059658272796593706.
2026-05-20 07:50:45,460 - experiment_functions - INFO - Early stopping at epoch 600. Best Recall: 0.0563
2026-05-20 07:50:45,538 - optuna.study.study - INFO - Trial 33 finished with value: 0.056323264548532245 and parameters: {'n_layers': 1, 'embedding_dim': 128, 'lr': 0.0017715343496236854, 'lambda_val': 0.002194782608531186, 'batch_size': 1168, 'optimizer': 'Adam'}. Best is trial 13 with value: 0.059658272796593706.
2026-05-20 07:50:53,684 - experiment_functions - INFO - Early stopping at epoch 500. Best Recall: 0.0053
2026-05-20 07:50:53,783 - optuna.study.study - INFO - Trial 34 finished with value: 0.005290592613629166 and parameters: {'n_layers': 4, 'embedding_dim': 128, 'lr': 0.010296454422093548, 'lambda_val': 0.00018497974974481259, 'batch_size': 2555, 'optimizer': 'SGD'}. Best is trial 13 with value: 0.059658272796593706.
2026-05-20 07:51:09,106 - optuna.study._optimize - INFO - Trial 35 pruned. 
2026-05-20 07:51:22,030 - optuna.study._optimize - INFO - Trial 36 pruned. 
2026-05-20 07:51:29,177 - experiment_functions - INFO - Early stopping at epoch 500. Best Recall: 0.0051
2026-05-20 07:51:29,255 - optuna.study.study - INFO - Trial 37 finished with value: 0.00505706611531859 and parameters: {'n_layers': 1, 'embedding_dim': 64, 'lr': 0.0006322467004215173, 'lambda_val': 0.07735623565705539, 'batch_size': 2378, 'optimizer': 'RMSprop'}. Best is trial 13 with value: 0.059658272796593706.
2026-05-20 07:51:36,004 - experiment_functions - INFO - Early stopping at epoch 500. Best Recall: 0.0054
2026-05-20 07:51:36,092 - optuna.study.study - INFO - Trial 38 finished with value: 0.0054202587408058375 and parameters: {'n_layers': 1, 'embedding_dim': 128, 'lr': 3.3877504032858895e-05, 'lambda_val': 3.561477251855489e-06, 'batch_size': 757, 'optimizer': 'SGD'}. Best is trial 13 with value: 0.059658272796593706.
2026-05-20 07:51:49,057 - optuna.study._optimize - INFO - Trial 39 pruned. 
2026-05-20 07:51:56,386 - experiment_functions - INFO - Early stopping at epoch 500. Best Recall: 0.0070
2026-05-20 07:51:56,464 - optuna.study.study - INFO - Trial 40 finished with value: 0.00699546448333361 and parameters: {'n_layers': 3, 'embedding_dim': 256, 'lr': 0.040079081370704275, 'lambda_val': 4.7534789675830405e-05, 'batch_size': 1233, 'optimizer': 'Adam'}. Best is trial 13 with value: 0.059658272796593706.
2026-05-20 07:52:04,406 - experiment_functions - INFO - Early stopping at epoch 550. Best Recall: 0.0596
2026-05-20 07:52:04,505 - optuna.study.study - INFO - Trial 41 finished with value: 0.05959892605220134 and parameters: {'n_layers': 1, 'embedding_dim': 128, 'lr': 0.0036929528093977504, 'lambda_val': 0.0003565590990867956, 'batch_size': 542, 'optimizer': 'Adam'}. Best is trial 13 with value: 0.059658272796593706.
2026-05-20 07:52:12,067 - experiment_functions - INFO - Early stopping at epoch 550. Best Recall: 0.0551
2026-05-20 07:52:12,157 - optuna.study.study - INFO - Trial 42 finished with value: 0.05509842944306348 and parameters: {'n_layers': 1, 'embedding_dim': 128, 'lr': 0.0065824831618408524, 'lambda_val': 0.001408240026815404, 'batch_size': 660, 'optimizer': 'Adam'}. Best is trial 13 with value: 0.059658272796593706.
2026-05-20 07:52:20,172 - experiment_functions - INFO - Early stopping at epoch 600. Best Recall: 0.0590
2026-05-20 07:52:20,232 - optuna.study.study - INFO - Trial 43 finished with value: 0.05902574742900569 and parameters: {'n_layers': 1, 'embedding_dim': 128, 'lr': 0.002019097265522872, 'lambda_val': 0.00038023634745562254, 'batch_size': 930, 'optimizer': 'Adam'}. Best is trial 13 with value: 0.059658272796593706.
2026-05-20 07:52:27,564 - experiment_functions - INFO - Early stopping at epoch 600. Best Recall: 0.0585
2026-05-20 07:52:27,634 - optuna.study.study - INFO - Trial 44 finished with value: 0.05848538024218582 and parameters: {'n_layers': 1, 'embedding_dim': 64, 'lr': 0.0015426119052456262, 'lambda_val': 0.003680769456590381, 'batch_size': 882, 'optimizer': 'Adam'}. Best is trial 13 with value: 0.059658272796593706.
2026-05-20 07:52:34,156 - experiment_functions - INFO - Early stopping at epoch 500. Best Recall: 0.0055
2026-05-20 07:52:34,225 - optuna.study.study - INFO - Trial 45 finished with value: 0.005541378221123612 and parameters: {'n_layers': 1, 'embedding_dim': 128, 'lr': 0.005077529687465994, 'lambda_val': 0.0005455144420039139, 'batch_size': 1077, 'optimizer': 'RMSprop'}. Best is trial 13 with value: 0.059658272796593706.
2026-05-20 07:52:41,182 - experiment_functions - INFO - Early stopping at epoch 500. Best Recall: 0.0051
2026-05-20 07:52:41,272 - optuna.study.study - INFO - Trial 46 finished with value: 0.005083970797597468 and parameters: {'n_layers': 1, 'embedding_dim': 128, 'lr': 0.016118360063442166, 'lambda_val': 0.00014057425068271227, 'batch_size': 723, 'optimizer': 'SGD'}. Best is trial 13 with value: 0.059658272796593706.
2026-05-20 07:52:49,597 - experiment_functions - INFO - Early stopping at epoch 550. Best Recall: 0.0385
2026-05-20 07:52:49,667 - optuna.study.study - INFO - Trial 47 finished with value: 0.03848970181291657 and parameters: {'n_layers': 2, 'embedding_dim': 96, 'lr': 0.0021031241138089836, 'lambda_val': 0.01055694961959962, 'batch_size': 513, 'optimizer': 'Adam'}. Best is trial 13 with value: 0.059658272796593706.
2026-05-20 07:52:57,447 - experiment_functions - INFO - Early stopping at epoch 500. Best Recall: 0.0048
2026-05-20 07:52:57,547 - optuna.study.study - INFO - Trial 48 finished with value: 0.0047819570027017545 and parameters: {'n_layers': 4, 'embedding_dim': 128, 'lr': 0.0034037479116029463, 'lambda_val': 0.002475989707209052, 'batch_size': 861, 'optimizer': 'RMSprop'}. Best is trial 13 with value: 0.059658272796593706.
2026-05-20 07:53:10,505 - optuna.study._optimize - INFO - Trial 49 pruned. 
2026-05-20 07:53:35,066 - experiment_functions - INFO - Early stopping at epoch 1900. Best Recall: 0.0534
2026-05-20 07:53:35,167 - optuna.study.study - INFO - Trial 50 finished with value: 0.05339496047279455 and parameters: {'n_layers': 1, 'embedding_dim': 128, 'lr': 0.00017396687698966766, 'lambda_val': 0.0010187408281291525, 'batch_size': 1574, 'optimizer': 'Adam'}. Best is trial 13 with value: 0.059658272796593706.
2026-05-20 07:53:45,454 - experiment_functions - INFO - Early stopping at epoch 750. Best Recall: 0.0573
2026-05-20 07:53:45,532 - optuna.study.study - INFO - Trial 51 finished with value: 0.05725927029456903 and parameters: {'n_layers': 1, 'embedding_dim': 128, 'lr': 0.0006696263531651722, 'lambda_val': 0.00033380140207895433, 'batch_size': 1308, 'optimizer': 'Adam'}. Best is trial 13 with value: 0.059658272796593706.
2026-05-20 07:54:02,524 - experiment_functions - INFO - Early stopping at epoch 1250. Best Recall: 0.0586
2026-05-20 07:54:02,614 - optuna.study.study - INFO - Trial 52 finished with value: 0.05861323064198653 and parameters: {'n_layers': 1, 'embedding_dim': 128, 'lr': 0.00030763515322457724, 'lambda_val': 0.00019586536230623244, 'batch_size': 667, 'optimizer': 'Adam'}. Best is trial 13 with value: 0.059658272796593706.
2026-05-20 07:54:11,780 - experiment_functions - INFO - Early stopping at epoch 650. Best Recall: 0.0583
2026-05-20 07:54:11,858 - optuna.study.study - INFO - Trial 53 finished with value: 0.058257941275196914 and parameters: {'n_layers': 1, 'embedding_dim': 128, 'lr': 0.0014951245316767421, 'lambda_val': 0.00024920284064089713, 'batch_size': 995, 'optimizer': 'Adam'}. Best is trial 13 with value: 0.059658272796593706.
2026-05-20 07:54:24,794 - optuna.study._optimize - INFO - Trial 54 pruned. 
2026-05-20 07:54:32,581 - experiment_functions - INFO - Early stopping at epoch 550. Best Recall: 0.0605
2026-05-20 07:54:32,670 - optuna.study.study - INFO - Trial 55 finished with value: 0.0605065726098669 and parameters: {'n_layers': 1, 'embedding_dim': 64, 'lr': 0.004764187243772577, 'lambda_val': 9.43664535634689e-05, 'batch_size': 782, 'optimizer': 'Adam'}. Best is trial 55 with value: 0.0605065726098669.
2026-05-20 07:54:40,100 - experiment_functions - INFO - Early stopping at epoch 500. Best Recall: 0.0051
2026-05-20 07:54:40,199 - optuna.study.study - INFO - Trial 56 finished with value: 0.005104338140167793 and parameters: {'n_layers': 2, 'embedding_dim': 64, 'lr': 0.005121441369210445, 'lambda_val': 7.963129174808455e-05, 'batch_size': 782, 'optimizer': 'RMSprop'}. Best is trial 55 with value: 0.0605065726098669.
2026-05-20 07:54:48,124 - experiment_functions - INFO - Early stopping at epoch 550. Best Recall: 0.0492
2026-05-20 07:54:48,231 - optuna.study.study - INFO - Trial 57 finished with value: 0.049164604485844296 and parameters: {'n_layers': 1, 'embedding_dim': 64, 'lr': 0.009856892150854326, 'lambda_val': 2.165336380880648e-05, 'batch_size': 517, 'optimizer': 'Adam'}. Best is trial 55 with value: 0.0605065726098669.
2026-05-20 07:54:56,143 - experiment_functions - INFO - Early stopping at epoch 550. Best Recall: 0.0351
2026-05-20 07:54:56,252 - optuna.study.study - INFO - Trial 58 finished with value: 0.03514753612820981 and parameters: {'n_layers': 1, 'embedding_dim': 64, 'lr': 0.002637294578489, 'lambda_val': 7.595559886070182e-06, 'batch_size': 993, 'optimizer': 'RMSprop'}. Best is trial 55 with value: 0.0605065726098669.
2026-05-20 07:55:03,971 - experiment_functions - INFO - Early stopping at epoch 550. Best Recall: 0.0500
2026-05-20 07:55:04,061 - optuna.study.study - INFO - Trial 59 finished with value: 0.05001520228714241 and parameters: {'n_layers': 2, 'embedding_dim': 64, 'lr': 0.003969136309627603, 'lambda_val': 3.80935886028273e-05, 'batch_size': 791, 'optimizer': 'Adam'}. Best is trial 55 with value: 0.0605065726098669.
2026-05-20 07:55:11,561 - experiment_functions - INFO - Early stopping at epoch 500. Best Recall: 0.0043
2026-05-20 07:55:11,763 - optuna.study.study - INFO - Trial 60 finished with value: 0.004315299057080928 and parameters: {'n_layers': 1, 'embedding_dim': 96, 'lr': 0.018175397547783332, 'lambda_val': 0.00010395161650055904, 'batch_size': 910, 'optimizer': 'RMSprop'}. Best is trial 55 with value: 0.0605065726098669.
2026-05-20 07:55:19,252 - experiment_functions - INFO - Early stopping at epoch 550. Best Recall: 0.0510
2026-05-20 07:55:19,341 - optuna.study.study - INFO - Trial 61 finished with value: 0.05096396077105497 and parameters: {'n_layers': 1, 'embedding_dim': 128, 'lr': 0.006811745492673899, 'lambda_val': 0.00025671873868169867, 'batch_size': 1126, 'optimizer': 'Adam'}. Best is trial 55 with value: 0.0605065726098669.
2026-05-20 07:55:31,016 - experiment_functions - INFO - Early stopping at epoch 850. Best Recall: 0.0577
2026-05-20 07:55:31,141 - optuna.study.study - INFO - Trial 62 finished with value: 0.05774539355464529 and parameters: {'n_layers': 1, 'embedding_dim': 128, 'lr': 0.000466110117767163, 'lambda_val': 6.593086362583194e-05, 'batch_size': 1328, 'optimizer': 'Adam'}. Best is trial 55 with value: 0.0605065726098669.
2026-05-20 07:55:39,972 - experiment_functions - INFO - Early stopping at epoch 600. Best Recall: 0.0583
2026-05-20 07:55:40,062 - optuna.study.study - INFO - Trial 63 finished with value: 0.05833327964644298 and parameters: {'n_layers': 1, 'embedding_dim': 128, 'lr': 0.0021424873885543595, 'lambda_val': 0.0005188515794129909, 'batch_size': 634, 'optimizer': 'Adam'}. Best is trial 55 with value: 0.0605065726098669.
2026-05-20 07:55:55,166 - experiment_functions - INFO - Early stopping at epoch 1100. Best Recall: 0.0530
2026-05-20 07:55:55,266 - optuna.study.study - INFO - Trial 64 finished with value: 0.053042255933317545 and parameters: {'n_layers': 1, 'embedding_dim': 256, 'lr': 0.0002629491084506851, 'lambda_val': 0.00014410345378471326, 'batch_size': 1559, 'optimizer': 'Adam'}. Best is trial 55 with value: 0.0605065726098669.
2026-05-20 07:56:04,901 - experiment_functions - INFO - Early stopping at epoch 500. Best Recall: 0.0054
2026-05-20 07:56:05,678 - optuna.study.study - INFO - Trial 65 finished with value: 0.005427450407769303 and parameters: {'n_layers': 1, 'embedding_dim': 128, 'lr': 0.001192054803435574, 'lambda_val': 2.122399812364181e-06, 'batch_size': 997, 'optimizer': 'SGD'}. Best is trial 55 with value: 0.0605065726098669.
2026-05-20 07:56:21,949 - experiment_functions - INFO - Early stopping at epoch 750. Best Recall: 0.0588
2026-05-20 07:56:22,050 - optuna.study.study - INFO - Trial 66 finished with value: 0.05878628889942271 and parameters: {'n_layers': 1, 'embedding_dim': 96, 'lr': 0.0008014852703457281, 'lambda_val': 4.9469199306309626e-05, 'batch_size': 831, 'optimizer': 'Adam'}. Best is trial 55 with value: 0.0605065726098669.
2026-05-20 07:56:35,457 - optuna.study._optimize - INFO - Trial 67 pruned. 
2026-05-20 07:56:43,204 - experiment_functions - INFO - Early stopping at epoch 550. Best Recall: 0.0285
2026-05-20 07:56:43,293 - optuna.study.study - INFO - Trial 68 finished with value: 0.028475656550011882 and parameters: {'n_layers': 3, 'embedding_dim': 96, 'lr': 0.003913019762749656, 'lambda_val': 3.195131597208814e-05, 'batch_size': 776, 'optimizer': 'Adam'}. Best is trial 55 with value: 0.0605065726098669.
2026-05-20 07:56:56,402 - optuna.study._optimize - INFO - Trial 69 pruned. 
2026-05-20 07:57:13,366 - optuna.study._optimize - INFO - Trial 70 pruned. 
2026-05-20 07:57:23,060 - experiment_functions - INFO - Early stopping at epoch 700. Best Recall: 0.0573
2026-05-20 07:57:23,193 - optuna.study.study - INFO - Trial 71 finished with value: 0.057282994762015815 and parameters: {'n_layers': 1, 'embedding_dim': 64, 'lr': 0.000834979665557003, 'lambda_val': 0.00010885964693010932, 'batch_size': 1219, 'optimizer': 'Adam'}. Best is trial 55 with value: 0.0605065726098669.
2026-05-20 07:57:33,439 - experiment_functions - INFO - Early stopping at epoch 750. Best Recall: 0.0491
2026-05-20 07:57:33,539 - optuna.study.study - INFO - Trial 72 finished with value: 0.04912205273478689 and parameters: {'n_layers': 1, 'embedding_dim': 96, 'lr': 0.0005737942896710597, 'lambda_val': 0.000212003627652324, 'batch_size': 3263, 'optimizer': 'Adam'}. Best is trial 55 with value: 0.0605065726098669.
2026-05-20 07:57:46,813 - optuna.study._optimize - INFO - Trial 73 pruned. 
2026-05-20 07:57:57,141 - experiment_functions - INFO - Early stopping at epoch 750. Best Recall: 0.0605
2026-05-20 07:57:57,289 - optuna.study.study - INFO - Trial 74 finished with value: 0.06051849676418247 and parameters: {'n_layers': 1, 'embedding_dim': 32, 'lr': 0.0011982730732012215, 'lambda_val': 0.00031062595429148777, 'batch_size': 697, 'optimizer': 'Adam'}. Best is trial 74 with value: 0.06051849676418247.
2026-05-20 07:58:05,893 - experiment_functions - INFO - Early stopping at epoch 600. Best Recall: 0.0574
2026-05-20 07:58:05,971 - optuna.study.study - INFO - Trial 75 finished with value: 0.05739771638218796 and parameters: {'n_layers': 1, 'embedding_dim': 32, 'lr': 0.002559942458432334, 'lambda_val': 0.00013537204720102087, 'batch_size': 694, 'optimizer': 'Adam'}. Best is trial 74 with value: 0.06051849676418247.
2026-05-20 07:58:15,325 - experiment_functions - INFO - Early stopping at epoch 650. Best Recall: 0.0510
2026-05-20 07:58:15,458 - optuna.study.study - INFO - Trial 76 finished with value: 0.05104422273371042 and parameters: {'n_layers': 1, 'embedding_dim': 32, 'lr': 0.0013709251084513677, 'lambda_val': 0.0004185562747438778, 'batch_size': 921, 'optimizer': 'RMSprop'}. Best is trial 74 with value: 0.06051849676418247.
2026-05-20 07:58:23,435 - experiment_functions - INFO - Early stopping at epoch 600. Best Recall: 0.0052
2026-05-20 07:58:23,524 - optuna.study.study - INFO - Trial 77 finished with value: 0.005218095508165879 and parameters: {'n_layers': 1, 'embedding_dim': 32, 'lr': 2.3384509239085967e-05, 'lambda_val': 2.4768014211170104e-05, 'batch_size': 611, 'optimizer': 'Adam'}. Best is trial 74 with value: 0.06051849676418247.
2026-05-20 07:58:30,428 - experiment_functions - INFO - Early stopping at epoch 500. Best Recall: 0.0052
2026-05-20 07:58:30,517 - optuna.study.study - INFO - Trial 78 finished with value: 0.005190672345555284 and parameters: {'n_layers': 1, 'embedding_dim': 32, 'lr': 0.006574671303838632, 'lambda_val': 5.2806217640847295e-05, 'batch_size': 1018, 'optimizer': 'SGD'}. Best is trial 74 with value: 0.06051849676418247.
2026-05-20 07:58:50,679 - experiment_functions - INFO - Early stopping at epoch 750. Best Recall: 0.0487
2026-05-20 07:58:51,457 - optuna.study.study - INFO - Trial 79 finished with value: 0.04866531432839192 and parameters: {'n_layers': 2, 'embedding_dim': 256, 'lr': 0.00036034126682227, 'lambda_val': 0.0008392351111866872, 'batch_size': 785, 'optimizer': 'RMSprop'}. Best is trial 74 with value: 0.06051849676418247.
2026-05-20 07:58:59,904 - experiment_functions - INFO - Early stopping at epoch 600. Best Recall: 0.0569
2026-05-20 07:59:00,005 - optuna.study.study - INFO - Trial 80 finished with value: 0.05685331272981706 and parameters: {'n_layers': 1, 'embedding_dim': 96, 'lr': 0.0021850876816911875, 'lambda_val': 0.0003096280382275489, 'batch_size': 851, 'optimizer': 'Adam'}. Best is trial 74 with value: 0.06051849676418247.
2026-05-20 07:59:08,983 - experiment_functions - INFO - Early stopping at epoch 650. Best Recall: 0.0572
2026-05-20 07:59:09,073 - optuna.study.study - INFO - Trial 81 finished with value: 0.05724524100384368 and parameters: {'n_layers': 1, 'embedding_dim': 128, 'lr': 0.0009622211653349633, 'lambda_val': 0.0006122579894299274, 'batch_size': 1161, 'optimizer': 'Adam'}. Best is trial 74 with value: 0.06051849676418247.
2026-05-20 07:59:19,150 - experiment_functions - INFO - Early stopping at epoch 750. Best Recall: 0.0597
2026-05-20 07:59:19,239 - optuna.study.study - INFO - Trial 82 finished with value: 0.05972213948478434 and parameters: {'n_layers': 1, 'embedding_dim': 128, 'lr': 0.0007776596640985118, 'lambda_val': 0.0013880331014955347, 'batch_size': 697, 'optimizer': 'Adam'}. Best is trial 74 with value: 0.06051849676418247.
2026-05-20 08:00:03,237 - experiment_functions - INFO - Early stopping at epoch 3650. Best Recall: 0.0602
2026-05-20 08:00:03,380 - optuna.study.study - INFO - Trial 83 finished with value: 0.06024973329309854 and parameters: {'n_layers': 1, 'embedding_dim': 128, 'lr': 0.00016984584722030355, 'lambda_val': 0.0013364058027790008, 'batch_size': 580, 'optimizer': 'Adam'}. Best is trial 74 with value: 0.06051849676418247.
2026-05-20 08:00:30,647 - optuna.study._optimize - INFO - Trial 84 pruned. 
2026-05-20 08:00:51,307 - experiment_functions - INFO - Early stopping at epoch 1600. Best Recall: 0.0575
2026-05-20 08:00:51,453 - optuna.study.study - INFO - Trial 85 finished with value: 0.05747608904781111 and parameters: {'n_layers': 1, 'embedding_dim': 128, 'lr': 0.0002415745072894834, 'lambda_val': 0.0013967361143448944, 'batch_size': 601, 'optimizer': 'Adam'}. Best is trial 74 with value: 0.06051849676418247.
2026-05-20 08:01:04,031 - optuna.study._optimize - INFO - Trial 86 pruned. 
2026-05-20 08:01:12,401 - experiment_functions - INFO - Early stopping at epoch 600. Best Recall: 0.0586
2026-05-20 08:01:12,490 - optuna.study.study - INFO - Trial 87 finished with value: 0.05859056658943206 and parameters: {'n_layers': 1, 'embedding_dim': 128, 'lr': 0.0017660818711237346, 'lambda_val': 0.0014024138252017983, 'batch_size': 573, 'optimizer': 'Adam'}. Best is trial 74 with value: 0.06051849676418247.
2026-05-20 08:01:26,279 - optuna.study._optimize - INFO - Trial 88 pruned. 
2026-05-20 08:01:34,391 - experiment_functions - INFO - Early stopping at epoch 550. Best Recall: 0.0579
2026-05-20 08:01:34,481 - optuna.study.study - INFO - Trial 89 finished with value: 0.05786052577254414 and parameters: {'n_layers': 1, 'embedding_dim': 128, 'lr': 0.0035440264305937968, 'lambda_val': 0.0004579283169262506, 'batch_size': 513, 'optimizer': 'Adam'}. Best is trial 74 with value: 0.06051849676418247.
2026-05-20 08:01:47,877 - optuna.study._optimize - INFO - Trial 90 pruned. 
2026-05-20 08:01:58,369 - experiment_functions - INFO - Early stopping at epoch 750. Best Recall: 0.0574
2026-05-20 08:01:58,459 - optuna.study.study - INFO - Trial 91 finished with value: 0.05741673288244604 and parameters: {'n_layers': 1, 'embedding_dim': 128, 'lr': 0.0007343154096335471, 'lambda_val': 0.0007002235999206861, 'batch_size': 831, 'optimizer': 'Adam'}. Best is trial 74 with value: 0.06051849676418247.
2026-05-20 08:02:11,866 - experiment_functions - INFO - Early stopping at epoch 950. Best Recall: 0.0604
2026-05-20 08:02:11,954 - optuna.study.study - INFO - Trial 92 finished with value: 0.06044156086412782 and parameters: {'n_layers': 1, 'embedding_dim': 128, 'lr': 0.0005281158839978074, 'lambda_val': 0.0001723797923133119, 'batch_size': 651, 'optimizer': 'Adam'}. Best is trial 74 with value: 0.06051849676418247.
2026-05-20 08:02:22,547 - experiment_functions - INFO - Early stopping at epoch 750. Best Recall: 0.0536
2026-05-20 08:02:22,642 - optuna.study.study - INFO - Trial 93 finished with value: 0.05356763338362204 and parameters: {'n_layers': 1, 'embedding_dim': 128, 'lr': 0.0005418367038215383, 'lambda_val': 0.0010861412465299747, 'batch_size': 3025, 'optimizer': 'Adam'}. Best is trial 74 with value: 0.06051849676418247.
2026-05-20 08:02:31,710 - experiment_functions - INFO - Early stopping at epoch 600. Best Recall: 0.0308
2026-05-20 08:02:31,818 - optuna.study.study - INFO - Trial 94 finished with value: 0.030824935237323377 and parameters: {'n_layers': 1, 'embedding_dim': 128, 'lr': 0.0011893595803394298, 'lambda_val': 0.008667012554354675, 'batch_size': 4087, 'optimizer': 'Adam'}. Best is trial 74 with value: 0.06051849676418247.
2026-05-20 08:02:49,659 - experiment_functions - INFO - Early stopping at epoch 1300. Best Recall: 0.0600
2026-05-20 08:02:49,778 - optuna.study.study - INFO - Trial 95 finished with value: 0.059968747049420526 and parameters: {'n_layers': 1, 'embedding_dim': 128, 'lr': 0.0002969002910365992, 'lambda_val': 0.00032515241518248837, 'batch_size': 641, 'optimizer': 'Adam'}. Best is trial 74 with value: 0.06051849676418247.
2026-05-20 08:03:03,267 - experiment_functions - INFO - Early stopping at epoch 950. Best Recall: 0.0588
2026-05-20 08:03:03,385 - optuna.study.study - INFO - Trial 96 finished with value: 0.05883137651211901 and parameters: {'n_layers': 1, 'embedding_dim': 128, 'lr': 0.0004287428600196743, 'lambda_val': 0.00027846508923767523, 'batch_size': 661, 'optimizer': 'Adam'}. Best is trial 74 with value: 0.06051849676418247.
2026-05-20 08:03:23,261 - experiment_functions - INFO - Early stopping at epoch 1450. Best Recall: 0.0588
2026-05-20 08:03:23,360 - optuna.study.study - INFO - Trial 97 finished with value: 0.05883904910914778 and parameters: {'n_layers': 1, 'embedding_dim': 128, 'lr': 0.0002760901551601554, 'lambda_val': 0.00018891123068488094, 'batch_size': 600, 'optimizer': 'Adam'}. Best is trial 74 with value: 0.06051849676418247.
2026-05-20 08:03:41,554 - optuna.study._optimize - INFO - Trial 98 pruned. 
2026-05-20 08:03:56,491 - experiment_functions - INFO - Early stopping at epoch 1150. Best Recall: 0.0584
2026-05-20 08:03:56,569 - optuna.study.study - INFO - Trial 99 finished with value: 0.05835159681638349 and parameters: {'n_layers': 1, 'embedding_dim': 64, 'lr': 0.0003298234299682479, 'lambda_val': 1.0151045972359204e-06, 'batch_size': 1074, 'optimizer': 'Adam'}. Best is trial 74 with value: 0.06051849676418247.
2026-05-20 08:04:04,973 - experiment_functions - INFO - Early stopping at epoch 550. Best Recall: 0.0147
2026-05-20 08:04:05,071 - optuna.study.study - INFO - Trial 100 finished with value: 0.014678571714085811 and parameters: {'n_layers': 3, 'embedding_dim': 128, 'lr': 0.002921366861646639, 'lambda_val': 0.002931555694223966, 'batch_size': 934, 'optimizer': 'Adam'}. Best is trial 74 with value: 0.06051849676418247.
2026-05-20 08:04:12,389 - experiment_functions - INFO - Early stopping at epoch 500. Best Recall: 0.0052
2026-05-20 08:04:12,523 - optuna.study.study - INFO - Trial 101 finished with value: 0.005179896404308837 and parameters: {'n_layers': 1, 'embedding_dim': 128, 'lr': 0.0001571307596741167, 'lambda_val': 9.31912854946863e-05, 'batch_size': 693, 'optimizer': 'SGD'}. Best is trial 74 with value: 0.06051849676418247.
2026-05-20 08:04:34,213 - experiment_functions - INFO - Early stopping at epoch 1650. Best Recall: 0.0584
2026-05-20 08:04:34,291 - optuna.study.study - INFO - Trial 102 finished with value: 0.05840167371255797 and parameters: {'n_layers': 1, 'embedding_dim': 128, 'lr': 0.00022321518579717004, 'lambda_val': 0.00015561826913869421, 'batch_size': 771, 'optimizer': 'Adam'}. Best is trial 74 with value: 0.06051849676418247.
2026-05-20 08:04:47,344 - optuna.study._optimize - INFO - Trial 103 pruned. 
2026-05-20 08:05:05,523 - optuna.study._optimize - INFO - Trial 104 pruned. 
2026-05-20 08:05:16,572 - experiment_functions - INFO - Early stopping at epoch 550. Best Recall: 0.0591
2026-05-20 08:05:16,715 - optuna.study.study - INFO - Trial 105 finished with value: 0.05907820590657523 and parameters: {'n_layers': 1, 'embedding_dim': 256, 'lr': 0.004462262367060842, 'lambda_val': 0.0001238539189868818, 'batch_size': 885, 'optimizer': 'Adam'}. Best is trial 74 with value: 0.06051849676418247.
2026-05-20 08:05:25,361 - experiment_functions - INFO - Early stopping at epoch 550. Best Recall: 0.0568
2026-05-20 08:05:25,460 - optuna.study.study - INFO - Trial 106 finished with value: 0.0567894553652251 and parameters: {'n_layers': 1, 'embedding_dim': 256, 'lr': 0.0045138418674795094, 'lambda_val': 0.0002100973855334773, 'batch_size': 909, 'optimizer': 'Adam'}. Best is trial 74 with value: 0.06051849676418247.
2026-05-20 08:05:34,415 - experiment_functions - INFO - Early stopping at epoch 650. Best Recall: 0.0560
2026-05-20 08:05:34,505 - optuna.study.study - INFO - Trial 107 finished with value: 0.05603455029080688 and parameters: {'n_layers': 1, 'embedding_dim': 32, 'lr': 0.001781013383875636, 'lambda_val': 0.00012090627754094647, 'batch_size': 1020, 'optimizer': 'Adam'}. Best is trial 74 with value: 0.06051849676418247.
2026-05-20 08:05:42,251 - experiment_functions - INFO - Early stopping at epoch 550. Best Recall: 0.0058
2026-05-20 08:05:42,385 - optuna.study.study - INFO - Trial 108 finished with value: 0.005750827752322367 and parameters: {'n_layers': 2, 'embedding_dim': 256, 'lr': 0.007347292987155367, 'lambda_val': 0.0004358273487826045, 'batch_size': 817, 'optimizer': 'Adam'}. Best is trial 74 with value: 0.06051849676418247.
2026-05-20 08:05:53,530 - experiment_functions - INFO - Early stopping at epoch 800. Best Recall: 0.0589
2026-05-20 08:05:53,609 - optuna.study.study - INFO - Trial 109 finished with value: 0.05891545066854846 and parameters: {'n_layers': 1, 'embedding_dim': 256, 'lr': 0.0004935956208660741, 'lambda_val': 0.0011223001644603285, 'batch_size': 703, 'optimizer': 'Adam'}. Best is trial 74 with value: 0.06051849676418247.
2026-05-20 08:06:01,752 - experiment_functions - INFO - Early stopping at epoch 550. Best Recall: 0.0485
2026-05-20 08:06:01,831 - optuna.study.study - INFO - Trial 110 finished with value: 0.048492592463242536 and parameters: {'n_layers': 1, 'embedding_dim': 256, 'lr': 0.008309136280495885, 'lambda_val': 0.0005260175739664454, 'batch_size': 899, 'optimizer': 'Adam'}. Best is trial 74 with value: 0.06051849676418247.
2026-05-20 08:06:15,740 - experiment_functions - INFO - Early stopping at epoch 850. Best Recall: 0.0579
2026-05-20 08:06:16,504 - optuna.study.study - INFO - Trial 111 finished with value: 0.057857801762916855 and parameters: {'n_layers': 1, 'embedding_dim': 256, 'lr': 0.0004805608421714646, 'lambda_val': 0.0011797028608376127, 'batch_size': 677, 'optimizer': 'Adam'}. Best is trial 74 with value: 0.06051849676418247.
2026-05-20 08:06:34,610 - experiment_functions - INFO - Early stopping at epoch 800. Best Recall: 0.0329
2026-05-20 08:06:34,689 - optuna.study.study - INFO - Trial 112 finished with value: 0.03292483814142938 and parameters: {'n_layers': 1, 'embedding_dim': 256, 'lr': 0.00037610282225390343, 'lambda_val': 0.019220440789010616, 'batch_size': 761, 'optimizer': 'Adam'}. Best is trial 74 with value: 0.06051849676418247.
2026-05-20 08:06:42,776 - experiment_functions - INFO - Early stopping at epoch 550. Best Recall: 0.0512
2026-05-20 08:06:42,855 - optuna.study.study - INFO - Trial 113 finished with value: 0.05123803528726125 and parameters: {'n_layers': 1, 'embedding_dim': 256, 'lr': 0.005301232828972882, 'lambda_val': 0.0017310204555674286, 'batch_size': 665, 'optimizer': 'Adam'}. Best is trial 74 with value: 0.06051849676418247.
2026-05-20 08:06:53,835 - experiment_functions - INFO - Early stopping at epoch 800. Best Recall: 0.0565
2026-05-20 08:06:53,925 - optuna.study.study - INFO - Trial 114 finished with value: 0.05645977959034744 and parameters: {'n_layers': 1, 'embedding_dim': 256, 'lr': 0.0006463266620216485, 'lambda_val': 0.0007890311185953249, 'batch_size': 551, 'optimizer': 'Adam'}. Best is trial 74 with value: 0.06051849676418247.
2026-05-20 08:07:03,896 - experiment_functions - INFO - Early stopping at epoch 700. Best Recall: 0.0584
2026-05-20 08:07:03,995 - optuna.study.study - INFO - Trial 115 finished with value: 0.05841918236131585 and parameters: {'n_layers': 1, 'embedding_dim': 256, 'lr': 0.0009544270400214424, 'lambda_val': 0.0001665036758635374, 'batch_size': 746, 'optimizer': 'Adam'}. Best is trial 74 with value: 0.06051849676418247.
2026-05-20 08:07:12,453 - experiment_functions - INFO - Early stopping at epoch 600. Best Recall: 0.0582
2026-05-20 08:07:12,554 - optuna.study.study - INFO - Trial 116 finished with value: 0.058193962902770444 and parameters: {'n_layers': 1, 'embedding_dim': 64, 'lr': 0.0023880786649481092, 'lambda_val': 0.0002629135281660464, 'batch_size': 846, 'optimizer': 'Adam'}. Best is trial 74 with value: 0.06051849676418247.
2026-05-20 08:07:22,031 - experiment_functions - INFO - Early stopping at epoch 650. Best Recall: 0.0573
2026-05-20 08:07:22,110 - optuna.study.study - INFO - Trial 117 finished with value: 0.05733356127408568 and parameters: {'n_layers': 1, 'embedding_dim': 32, 'lr': 0.0013817739291588672, 'lambda_val': 3.707921894776401e-05, 'batch_size': 1917, 'optimizer': 'Adam'}. Best is trial 74 with value: 0.06051849676418247.
2026-05-20 08:07:29,034 - experiment_functions - INFO - Early stopping at epoch 500. Best Recall: 0.0050
2026-05-20 08:07:29,124 - optuna.study.study - INFO - Trial 118 finished with value: 0.005028966899784475 and parameters: {'n_layers': 1, 'embedding_dim': 256, 'lr': 0.01491334958007161, 'lambda_val': 0.0010133766401078975, 'batch_size': 1047, 'optimizer': 'Adam'}. Best is trial 74 with value: 0.06051849676418247.
2026-05-20 08:07:36,303 - experiment_functions - INFO - Early stopping at epoch 500. Best Recall: 0.0053
2026-05-20 08:07:36,403 - optuna.study.study - INFO - Trial 119 finished with value: 0.005299273249419399 and parameters: {'n_layers': 3, 'embedding_dim': 128, 'lr': 0.0029013933380669515, 'lambda_val': 0.00022874577653627195, 'batch_size': 1157, 'optimizer': 'SGD'}. Best is trial 74 with value: 0.06051849676418247.
2026-05-20 08:07:46,963 - experiment_functions - INFO - Early stopping at epoch 750. Best Recall: 0.0560
2026-05-20 08:07:47,062 - optuna.study.study - INFO - Trial 120 finished with value: 0.056007729374628744 and parameters: {'n_layers': 1, 'embedding_dim': 128, 'lr': 0.0006103120685128839, 'lambda_val': 0.00455866988729956, 'batch_size': 513, 'optimizer': 'Adam'}. Best is trial 74 with value: 0.06051849676418247.
2026-05-20 08:08:07,725 - experiment_functions - INFO - Early stopping at epoch 1550. Best Recall: 0.0589
2026-05-20 08:08:07,833 - optuna.study.study - INFO - Trial 121 finished with value: 0.05891050575400445 and parameters: {'n_layers': 1, 'embedding_dim': 128, 'lr': 0.0002722140370022432, 'lambda_val': 8.002405780202885e-05, 'batch_size': 601, 'optimizer': 'RMSprop'}. Best is trial 74 with value: 0.06051849676418247.
2026-05-20 08:08:22,188 - experiment_functions - INFO - Early stopping at epoch 1100. Best Recall: 0.0584
2026-05-20 08:08:22,277 - optuna.study.study - INFO - Trial 122 finished with value: 0.05838582506314152 and parameters: {'n_layers': 1, 'embedding_dim': 128, 'lr': 0.00030699178438158605, 'lambda_val': 0.0001151032854180916, 'batch_size': 597, 'optimizer': 'RMSprop'}. Best is trial 74 with value: 0.06051849676418247.
2026-05-20 08:08:58,330 - experiment_functions - INFO - Early stopping at epoch 2950. Best Recall: 0.0621
2026-05-20 08:08:58,430 - optuna.study.study - INFO - Trial 123 finished with value: 0.06206358742241647 and parameters: {'n_layers': 1, 'embedding_dim': 128, 'lr': 0.0001995688507217101, 'lambda_val': 8.543546934670699e-05, 'batch_size': 656, 'optimizer': 'RMSprop'}. Best is trial 123 with value: 0.06206358742241647.
2026-05-20 08:09:39,979 - experiment_functions - INFO - Early stopping at epoch 3300. Best Recall: 0.0602
2026-05-20 08:09:40,057 - optuna.study.study - INFO - Trial 124 finished with value: 0.060243758164477725 and parameters: {'n_layers': 1, 'embedding_dim': 128, 'lr': 0.00017693201340437874, 'lambda_val': 5.477530082493343e-06, 'batch_size': 731, 'optimizer': 'Adam'}. Best is trial 123 with value: 0.06206358742241647.
2026-05-20 08:10:14,234 - experiment_functions - INFO - Early stopping at epoch 2600. Best Recall: 0.0617
2026-05-20 08:10:14,334 - optuna.study.study - INFO - Trial 125 finished with value: 0.06174283450763346 and parameters: {'n_layers': 1, 'embedding_dim': 128, 'lr': 0.00020058638306039728, 'lambda_val': 6.737058735293147e-06, 'batch_size': 794, 'optimizer': 'RMSprop'}. Best is trial 123 with value: 0.06206358742241647.
2026-05-20 08:10:57,421 - experiment_functions - INFO - Early stopping at epoch 3250. Best Recall: 0.0617
2026-05-20 08:10:57,511 - optuna.study.study - INFO - Trial 126 finished with value: 0.06166325355260795 and parameters: {'n_layers': 1, 'embedding_dim': 128, 'lr': 0.00018392540287088394, 'lambda_val': 6.2939566783649975e-06, 'batch_size': 798, 'optimizer': 'RMSprop'}. Best is trial 123 with value: 0.06206358742241647.
2026-05-20 08:11:46,837 - experiment_functions - INFO - Early stopping at epoch 3800. Best Recall: 0.0614
2026-05-20 08:11:46,925 - optuna.study.study - INFO - Trial 127 finished with value: 0.061365923665114355 and parameters: {'n_layers': 1, 'embedding_dim': 128, 'lr': 0.00017258882397144942, 'lambda_val': 5.168871168802905e-06, 'batch_size': 785, 'optimizer': 'RMSprop'}. Best is trial 123 with value: 0.06206358742241647.
2026-05-20 08:12:24,713 - experiment_functions - INFO - Early stopping at epoch 2950. Best Recall: 0.0607
2026-05-20 08:12:24,847 - optuna.study.study - INFO - Trial 128 finished with value: 0.06074981689449893 and parameters: {'n_layers': 1, 'embedding_dim': 128, 'lr': 0.00017761169775440438, 'lambda_val': 4.823072571901435e-06, 'batch_size': 799, 'optimizer': 'RMSprop'}. Best is trial 123 with value: 0.06206358742241647.
2026-05-20 08:13:00,299 - experiment_functions - INFO - Early stopping at epoch 2750. Best Recall: 0.0619
2026-05-20 08:13:00,368 - optuna.study.study - INFO - Trial 129 finished with value: 0.061866349782225945 and parameters: {'n_layers': 1, 'embedding_dim': 128, 'lr': 0.00018030506010271365, 'lambda_val': 5.680457133002888e-06, 'batch_size': 788, 'optimizer': 'RMSprop'}. Best is trial 123 with value: 0.06206358742241647.
2026-05-20 08:13:25,082 - optuna.study._optimize - INFO - Trial 130 pruned. 
2026-05-20 08:14:18,281 - experiment_functions - INFO - Early stopping at epoch 3550. Best Recall: 0.0624
2026-05-20 08:14:18,361 - optuna.study.study - INFO - Trial 131 finished with value: 0.0624473128221679 and parameters: {'n_layers': 1, 'embedding_dim': 128, 'lr': 0.00017389580506032543, 'lambda_val': 2.583237018382667e-06, 'batch_size': 813, 'optimizer': 'RMSprop'}. Best is trial 131 with value: 0.0624473128221679.
2026-05-20 08:14:31,832 - optuna.study._optimize - INFO - Trial 132 pruned. 
2026-05-20 08:14:56,584 - experiment_functions - INFO - Early stopping at epoch 1800. Best Recall: 0.0605
2026-05-20 08:14:56,650 - optuna.study.study - INFO - Trial 133 finished with value: 0.06052550051655168 and parameters: {'n_layers': 1, 'embedding_dim': 128, 'lr': 0.00022280820166537, 'lambda_val': 6.0733758102944145e-06, 'batch_size': 973, 'optimizer': 'RMSprop'}. Best is trial 131 with value: 0.0624473128221679.
2026-05-20 08:15:19,165 - optuna.study._optimize - INFO - Trial 134 pruned. 
2026-05-20 08:15:41,197 - optuna.study._optimize - INFO - Trial 135 pruned. 
2026-05-20 08:16:11,959 - experiment_functions - INFO - Early stopping at epoch 2300. Best Recall: 0.0623
2026-05-20 08:16:12,093 - optuna.study.study - INFO - Trial 136 finished with value: 0.062257843326006035 and parameters: {'n_layers': 1, 'embedding_dim': 128, 'lr': 0.00018516510967670527, 'lambda_val': 2.6236857032633975e-06, 'batch_size': 804, 'optimizer': 'RMSprop'}. Best is trial 131 with value: 0.0624473128221679.
2026-05-20 08:16:25,998 - optuna.study._optimize - INFO - Trial 137 pruned. 
2026-05-20 08:16:55,181 - optuna.study._optimize - INFO - Trial 138 pruned. 
2026-05-20 08:17:12,083 - optuna.study._optimize - INFO - Trial 139 pruned. 
2026-05-20 08:17:26,016 - optuna.study._optimize - INFO - Trial 140 pruned. 
2026-05-20 08:17:39,336 - optuna.study._optimize - INFO - Trial 141 pruned. 
2026-05-20 08:17:55,820 - experiment_functions - INFO - Early stopping at epoch 1200. Best Recall: 0.0608
2026-05-20 08:17:55,920 - optuna.study.study - INFO - Trial 142 finished with value: 0.060790025979644106 and parameters: {'n_layers': 1, 'embedding_dim': 128, 'lr': 0.0002769552927290331, 'lambda_val': 3.154523349311122e-06, 'batch_size': 720, 'optimizer': 'RMSprop'}. Best is trial 131 with value: 0.0624473128221679.
2026-05-20 08:18:12,970 - experiment_functions - INFO - Early stopping at epoch 500. Best Recall: 0.0047
2026-05-20 08:18:13,114 - optuna.study.study - INFO - Trial 143 finished with value: 0.004697632018975733 and parameters: {'n_layers': 1, 'embedding_dim': 128, 'lr': 0.06235290681810183, 'lambda_val': 3.1499798398991705e-06, 'batch_size': 915, 'optimizer': 'RMSprop'}. Best is trial 131 with value: 0.0624473128221679.
2026-05-20 08:18:26,873 - optuna.study._optimize - INFO - Trial 144 pruned. 
2026-05-20 08:18:51,305 - experiment_functions - INFO - Early stopping at epoch 1800. Best Recall: 0.0605
2026-05-20 08:18:51,393 - optuna.study.study - INFO - Trial 145 finished with value: 0.06045784098580199 and parameters: {'n_layers': 1, 'embedding_dim': 128, 'lr': 0.00023873350711108197, 'lambda_val': 9.327054967542795e-06, 'batch_size': 722, 'optimizer': 'RMSprop'}. Best is trial 131 with value: 0.0624473128221679.
2026-05-20 08:19:03,504 - experiment_functions - INFO - Early stopping at epoch 850. Best Recall: 0.0584
2026-05-20 08:19:03,594 - optuna.study.study - INFO - Trial 146 finished with value: 0.05841965991194507 and parameters: {'n_layers': 1, 'embedding_dim': 128, 'lr': 0.0003992501782754856, 'lambda_val': 9.210321578259125e-06, 'batch_size': 692, 'optimizer': 'RMSprop'}. Best is trial 131 with value: 0.0624473128221679.
2026-05-20 08:19:23,658 - experiment_functions - INFO - Early stopping at epoch 1500. Best Recall: 0.0600
2026-05-20 08:19:23,756 - optuna.study.study - INFO - Trial 147 finished with value: 0.05997590011490971 and parameters: {'n_layers': 1, 'embedding_dim': 128, 'lr': 0.00026363972123370826, 'lambda_val': 3.4059218607584553e-06, 'batch_size': 808, 'optimizer': 'RMSprop'}. Best is trial 131 with value: 0.0624473128221679.
2026-05-20 08:19:45,551 - optuna.study._optimize - INFO - Trial 148 pruned. 
2026-05-20 08:19:58,498 - optuna.study._optimize - INFO - Trial 149 pruned. 
2026-05-20 08:20:16,995 - experiment_functions - INFO - Early stopping at epoch 1050. Best Recall: 0.0606
2026-05-20 08:20:17,095 - optuna.study.study - INFO - Trial 150 finished with value: 0.060590993896416825 and parameters: {'n_layers': 1, 'embedding_dim': 128, 'lr': 0.0003398859997392439, 'lambda_val': 4.5836158411324436e-06, 'batch_size': 734, 'optimizer': 'RMSprop'}. Best is trial 131 with value: 0.0624473128221679.
2026-05-20 08:20:31,802 - experiment_functions - INFO - Early stopping at epoch 1100. Best Recall: 0.0591
2026-05-20 08:20:31,902 - optuna.study.study - INFO - Trial 151 finished with value: 0.05914559438754901 and parameters: {'n_layers': 1, 'embedding_dim': 128, 'lr': 0.00035169161578474254, 'lambda_val': 5.305171732866418e-06, 'batch_size': 752, 'optimizer': 'RMSprop'}. Best is trial 131 with value: 0.0624473128221679.
2026-05-20 08:21:10,151 - experiment_functions - INFO - Early stopping at epoch 2450. Best Recall: 0.0629
2026-05-20 08:21:10,252 - optuna.study.study - INFO - Trial 152 finished with value: 0.06287856272338997 and parameters: {'n_layers': 1, 'embedding_dim': 128, 'lr': 0.00023509916197253218, 'lambda_val': 4.335151883570224e-06, 'batch_size': 652, 'optimizer': 'RMSprop'}. Best is trial 152 with value: 0.06287856272338997.
2026-05-20 08:21:34,160 - experiment_functions - INFO - Early stopping at epoch 1800. Best Recall: 0.0618
2026-05-20 08:21:34,249 - optuna.study.study - INFO - Trial 153 finished with value: 0.061834115909872873 and parameters: {'n_layers': 1, 'embedding_dim': 128, 'lr': 0.00023798745207013593, 'lambda_val': 1.4092411457118798e-06, 'batch_size': 657, 'optimizer': 'RMSprop'}. Best is trial 152 with value: 0.06287856272338997.
2026-05-20 08:21:58,134 - experiment_functions - INFO - Early stopping at epoch 1550. Best Recall: 0.0612
2026-05-20 08:21:58,223 - optuna.study.study - INFO - Trial 154 finished with value: 0.061221765329440965 and parameters: {'n_layers': 1, 'embedding_dim': 128, 'lr': 0.0002488434717585707, 'lambda_val': 1.2525124166127244e-06, 'batch_size': 731, 'optimizer': 'RMSprop'}. Best is trial 152 with value: 0.06287856272338997.
2026-05-20 08:22:20,013 - experiment_functions - INFO - Early stopping at epoch 1650. Best Recall: 0.0601
2026-05-20 08:22:20,091 - optuna.study.study - INFO - Trial 155 finished with value: 0.06007655196673459 and parameters: {'n_layers': 1, 'embedding_dim': 128, 'lr': 0.00024873314608413037, 'lambda_val': 1.2901192302047978e-06, 'batch_size': 890, 'optimizer': 'RMSprop'}. Best is trial 152 with value: 0.06287856272338997.
2026-05-20 08:22:42,069 - optuna.study._optimize - INFO - Trial 156 pruned. 
2026-05-20 08:23:19,709 - experiment_functions - INFO - Early stopping at epoch 2800. Best Recall: 0.0639
2026-05-20 08:23:19,802 - optuna.study.study - INFO - Trial 157 finished with value: 0.06390748000357267 and parameters: {'n_layers': 1, 'embedding_dim': 32, 'lr': 0.0003159580768453235, 'lambda_val': 4.283260278497107e-06, 'batch_size': 806, 'optimizer': 'RMSprop'}. Best is trial 157 with value: 0.06390748000357267.
2026-05-20 08:23:33,158 - optuna.study._optimize - INFO - Trial 158 pruned. 
2026-05-20 08:23:46,544 - optuna.study._optimize - INFO - Trial 159 pruned. 
2026-05-20 08:23:59,989 - optuna.study._optimize - INFO - Trial 160 pruned. 
2026-05-20 08:24:13,302 - optuna.study._optimize - INFO - Trial 161 pruned. 
2026-05-20 08:24:24,494 - experiment_functions - INFO - Early stopping at epoch 800. Best Recall: 0.0597
2026-05-20 08:24:24,561 - optuna.study.study - INFO - Trial 162 finished with value: 0.05970347640737833 and parameters: {'n_layers': 1, 'embedding_dim': 128, 'lr': 0.00038546731501965437, 'lambda_val': 3.7894721748404997e-06, 'batch_size': 931, 'optimizer': 'RMSprop'}. Best is trial 157 with value: 0.06390748000357267.
2026-05-20 08:24:39,140 - optuna.study._optimize - INFO - Trial 163 pruned. 
2026-05-20 08:24:52,904 - optuna.study._optimize - INFO - Trial 164 pruned. 
2026-05-20 08:25:06,331 - optuna.study._optimize - INFO - Trial 165 pruned. 
2026-05-20 08:25:29,033 - experiment_functions - INFO - Early stopping at epoch 1750. Best Recall: 0.0628
2026-05-20 08:25:29,121 - optuna.study.study - INFO - Trial 166 finished with value: 0.06278757815116358 and parameters: {'n_layers': 1, 'embedding_dim': 64, 'lr': 0.0003169599542382101, 'lambda_val': 4.929288759902036e-06, 'batch_size': 639, 'optimizer': 'RMSprop'}. Best is trial 157 with value: 0.06390748000357267.
2026-05-20 08:25:51,100 - experiment_functions - INFO - Early stopping at epoch 1650. Best Recall: 0.0612
2026-05-20 08:25:51,189 - optuna.study.study - INFO - Trial 167 finished with value: 0.061160679978465006 and parameters: {'n_layers': 1, 'embedding_dim': 128, 'lr': 0.0003062393996252213, 'lambda_val': 4.301277940250095e-06, 'batch_size': 594, 'optimizer': 'RMSprop'}. Best is trial 157 with value: 0.06390748000357267.
2026-05-20 08:26:10,817 - experiment_functions - INFO - Early stopping at epoch 1500. Best Recall: 0.0605
2026-05-20 08:26:10,906 - optuna.study.study - INFO - Trial 168 finished with value: 0.06052780048352681 and parameters: {'n_layers': 1, 'embedding_dim': 128, 'lr': 0.0002885930014194581, 'lambda_val': 4.472105554669523e-06, 'batch_size': 588, 'optimizer': 'RMSprop'}. Best is trial 157 with value: 0.06390748000357267.
2026-05-20 08:26:33,509 - optuna.study._optimize - INFO - Trial 169 pruned. 
2026-05-20 08:26:44,585 - experiment_functions - INFO - Early stopping at epoch 800. Best Recall: 0.0580
2026-05-20 08:26:45,373 - optuna.study.study - INFO - Trial 170 finished with value: 0.05803899030241664 and parameters: {'n_layers': 1, 'embedding_dim': 128, 'lr': 0.00040875233290461405, 'lambda_val': 4.79279207716388e-06, 'batch_size': 631, 'optimizer': 'RMSprop'}. Best is trial 157 with value: 0.06390748000357267.
2026-05-20 08:27:09,729 - experiment_functions - INFO - Early stopping at epoch 1850. Best Recall: 0.0625
2026-05-20 08:27:10,015 - optuna.study.study - INFO - Trial 171 finished with value: 0.06245711617977184 and parameters: {'n_layers': 1, 'embedding_dim': 128, 'lr': 0.0002549188555964335, 'lambda_val': 7.0686131881103256e-06, 'batch_size': 515, 'optimizer': 'RMSprop'}. Best is trial 157 with value: 0.06390748000357267.
2026-05-20 08:27:35,538 - experiment_functions - INFO - Early stopping at epoch 1950. Best Recall: 0.0622
2026-05-20 08:27:35,639 - optuna.study.study - INFO - Trial 172 finished with value: 0.06219955146675635 and parameters: {'n_layers': 1, 'embedding_dim': 128, 'lr': 0.0002813482955245522, 'lambda_val': 7.819947646897725e-06, 'batch_size': 595, 'optimizer': 'RMSprop'}. Best is trial 157 with value: 0.06390748000357267.
2026-05-20 08:27:56,753 - optuna.study._optimize - INFO - Trial 173 pruned. 
2026-05-20 08:28:10,586 - experiment_functions - INFO - Early stopping at epoch 1000. Best Recall: 0.0607
2026-05-20 08:28:10,675 - optuna.study.study - INFO - Trial 174 finished with value: 0.06071103198616775 and parameters: {'n_layers': 1, 'embedding_dim': 128, 'lr': 0.0003350598942641014, 'lambda_val': 2.312265107045375e-06, 'batch_size': 682, 'optimizer': 'RMSprop'}. Best is trial 157 with value: 0.06390748000357267.
2026-05-20 08:28:31,500 - experiment_functions - INFO - Early stopping at epoch 1600. Best Recall: 0.0602
2026-05-20 08:28:31,599 - optuna.study.study - INFO - Trial 175 finished with value: 0.06022980631232627 and parameters: {'n_layers': 1, 'embedding_dim': 128, 'lr': 0.00027210826496548804, 'lambda_val': 2.4691449133685893e-06, 'batch_size': 638, 'optimizer': 'RMSprop'}. Best is trial 157 with value: 0.06390748000357267.
2026-05-20 08:28:45,832 - optuna.study._optimize - INFO - Trial 176 pruned. 
2026-05-20 08:28:58,218 - experiment_functions - INFO - Early stopping at epoch 900. Best Recall: 0.0599
2026-05-20 08:28:58,307 - optuna.study.study - INFO - Trial 177 finished with value: 0.05991422256144727 and parameters: {'n_layers': 1, 'embedding_dim': 128, 'lr': 0.0004456577154047091, 'lambda_val': 2.957629908383514e-06, 'batch_size': 522, 'optimizer': 'RMSprop'}. Best is trial 157 with value: 0.06390748000357267.
2026-05-20 08:29:11,460 - optuna.study._optimize - INFO - Trial 178 pruned. 
2026-05-20 08:29:32,160 - optuna.study._optimize - INFO - Trial 179 pruned. 
2026-05-20 08:29:49,304 - experiment_functions - INFO - Early stopping at epoch 1300. Best Recall: 0.0607
2026-05-20 08:29:49,401 - optuna.study.study - INFO - Trial 180 finished with value: 0.0606747652007886 and parameters: {'n_layers': 1, 'embedding_dim': 128, 'lr': 0.000253503089751719, 'lambda_val': 1.5007898736914363e-06, 'batch_size': 707, 'optimizer': 'RMSprop'}. Best is trial 157 with value: 0.06390748000357267.
2026-05-20 08:30:09,217 - experiment_functions - INFO - Early stopping at epoch 1450. Best Recall: 0.0602
2026-05-20 08:30:09,323 - optuna.study.study - INFO - Trial 181 finished with value: 0.06016121748772273 and parameters: {'n_layers': 1, 'embedding_dim': 128, 'lr': 0.00027842856634380264, 'lambda_val': 1.2239292111620681e-06, 'batch_size': 685, 'optimizer': 'RMSprop'}. Best is trial 157 with value: 0.06390748000357267.
2026-05-20 08:30:30,414 - optuna.study._optimize - INFO - Trial 182 pruned. 
2026-05-20 08:30:45,873 - experiment_functions - INFO - Early stopping at epoch 950. Best Recall: 0.0586
2026-05-20 08:30:46,008 - optuna.study.study - INFO - Trial 183 finished with value: 0.05864242949504906 and parameters: {'n_layers': 1, 'embedding_dim': 128, 'lr': 0.000346821375087808, 'lambda_val': 3.560271522615691e-06, 'batch_size': 699, 'optimizer': 'RMSprop'}. Best is trial 157 with value: 0.06390748000357267.
2026-05-20 08:31:24,873 - experiment_functions - INFO - Early stopping at epoch 3000. Best Recall: 0.0621
2026-05-20 08:31:24,962 - optuna.study.study - INFO - Trial 184 finished with value: 0.06208674818798384 and parameters: {'n_layers': 1, 'embedding_dim': 128, 'lr': 0.00023898443063133837, 'lambda_val': 2.7616405985529825e-06, 'batch_size': 577, 'optimizer': 'RMSprop'}. Best is trial 157 with value: 0.06390748000357267.
2026-05-20 08:31:38,586 - optuna.study._optimize - INFO - Trial 185 pruned. 
2026-05-20 08:31:52,003 - optuna.study._optimize - INFO - Trial 186 pruned. 
2026-05-20 08:32:05,187 - optuna.study._optimize - INFO - Trial 187 pruned. 
2026-05-20 08:32:27,115 - optuna.study._optimize - INFO - Trial 188 pruned. 
2026-05-20 08:32:40,813 - experiment_functions - INFO - Early stopping at epoch 1000. Best Recall: 0.0599
2026-05-20 08:32:40,902 - optuna.study.study - INFO - Trial 189 finished with value: 0.05989864903422261 and parameters: {'n_layers': 1, 'embedding_dim': 128, 'lr': 0.0003217648896208776, 'lambda_val': 3.4465850658311508e-06, 'batch_size': 571, 'optimizer': 'RMSprop'}. Best is trial 157 with value: 0.06390748000357267.
2026-05-20 08:32:54,425 - optuna.study._optimize - INFO - Trial 190 pruned. 
2026-05-20 08:33:14,889 - experiment_functions - INFO - Early stopping at epoch 1600. Best Recall: 0.0616
2026-05-20 08:33:14,966 - optuna.study.study - INFO - Trial 191 finished with value: 0.0615683814750949 and parameters: {'n_layers': 1, 'embedding_dim': 128, 'lr': 0.0002546771601751023, 'lambda_val': 1.339863660107026e-06, 'batch_size': 720, 'optimizer': 'RMSprop'}. Best is trial 157 with value: 0.06390748000357267.
2026-05-20 08:33:34,885 - optuna.study._optimize - INFO - Trial 192 pruned. 
2026-05-20 08:33:48,255 - optuna.study._optimize - INFO - Trial 193 pruned. 
2026-05-20 08:34:00,605 - experiment_functions - INFO - Early stopping at epoch 900. Best Recall: 0.0574
2026-05-20 08:34:00,683 - optuna.study.study - INFO - Trial 194 finished with value: 0.05737772644868526 and parameters: {'n_layers': 1, 'embedding_dim': 128, 'lr': 0.00040880019041046394, 'lambda_val': 4.063897676652063e-06, 'batch_size': 802, 'optimizer': 'RMSprop'}. Best is trial 157 with value: 0.06390748000357267.
2026-05-20 08:34:14,656 - optuna.study._optimize - INFO - Trial 195 pruned. 
2026-05-20 08:34:27,863 - optuna.study._optimize - INFO - Trial 196 pruned. 
2026-05-20 08:34:41,748 - optuna.study._optimize - INFO - Trial 197 pruned. 
2026-05-20 08:34:55,953 - optuna.study._optimize - INFO - Trial 198 pruned. 
2026-05-20 08:35:09,026 - optuna.study._optimize - INFO - Trial 199 pruned. 
2026-05-20 08:35:23,411 - experiment_functions - INFO - Early stopping at epoch 1050. Best Recall: 0.0596
2026-05-20 08:35:23,500 - optuna.study.study - INFO - Trial 200 finished with value: 0.059638888936246394 and parameters: {'n_layers': 1, 'embedding_dim': 128, 'lr': 0.0003616892932384492, 'lambda_val': 1.9610323747311185e-06, 'batch_size': 617, 'optimizer': 'RMSprop'}. Best is trial 157 with value: 0.06390748000357267.
2026-05-20 08:35:45,072 - experiment_functions - INFO - Early stopping at epoch 1700. Best Recall: 0.0611
2026-05-20 08:35:45,161 - optuna.study.study - INFO - Trial 201 finished with value: 0.06114781002009328 and parameters: {'n_layers': 1, 'embedding_dim': 128, 'lr': 0.0002529180615994001, 'lambda_val': 1.475873487380767e-06, 'batch_size': 728, 'optimizer': 'RMSprop'}. Best is trial 157 with value: 0.06390748000357267.
2026-05-20 08:36:04,630 - experiment_functions - INFO - Early stopping at epoch 1500. Best Recall: 0.0604
2026-05-20 08:36:04,721 - optuna.study.study - INFO - Trial 202 finished with value: 0.06039925854288229 and parameters: {'n_layers': 1, 'embedding_dim': 128, 'lr': 0.00024713969624228096, 'lambda_val': 1.3282540147279559e-06, 'batch_size': 775, 'optimizer': 'RMSprop'}. Best is trial 157 with value: 0.06390748000357267.
2026-05-20 08:36:19,503 - optuna.study._optimize - INFO - Trial 203 pruned. 
2026-05-20 08:36:34,239 - optuna.study._optimize - INFO - Trial 204 pruned. 
2026-05-20 08:36:47,954 - optuna.study._optimize - INFO - Trial 205 pruned. 
2026-05-20 08:37:01,346 - optuna.study._optimize - INFO - Trial 206 pruned. 
2026-05-20 08:37:17,782 - experiment_functions - INFO - Early stopping at epoch 750. Best Recall: 0.0571
2026-05-20 08:37:18,542 - optuna.study.study - INFO - Trial 207 finished with value: 0.05714027871724291 and parameters: {'n_layers': 1, 'embedding_dim': 128, 'lr': 0.00046350651694805693, 'lambda_val': 5.0440019578861605e-06, 'batch_size': 588, 'optimizer': 'RMSprop'}. Best is trial 157 with value: 0.06390748000357267.
2026-05-20 08:37:35,957 - optuna.study._optimize - INFO - Trial 208 pruned. 
2026-05-20 08:37:48,986 - optuna.study._optimize - INFO - Trial 209 pruned. 
2026-05-20 08:37:55,952 - experiment_functions - INFO - Early stopping at epoch 500. Best Recall: 0.0050
2026-05-20 08:37:56,041 - optuna.study.study - INFO - Trial 210 finished with value: 0.005013761640115538 and parameters: {'n_layers': 1, 'embedding_dim': 64, 'lr': 0.00030047790412634525, 'lambda_val': 8.403147869482628e-06, 'batch_size': 665, 'optimizer': 'SGD'}. Best is trial 157 with value: 0.06390748000357267.
2026-05-20 08:38:15,440 - experiment_functions - INFO - Early stopping at epoch 1450. Best Recall: 0.0612
2026-05-20 08:38:15,518 - optuna.study.study - INFO - Trial 211 finished with value: 0.0611852009545165 and parameters: {'n_layers': 1, 'embedding_dim': 128, 'lr': 0.00025350843277812204, 'lambda_val': 1.4648682398794532e-06, 'batch_size': 720, 'optimizer': 'RMSprop'}. Best is trial 157 with value: 0.06390748000357267.
2026-05-20 08:38:29,137 - optuna.study._optimize - INFO - Trial 212 pruned. 
2026-05-20 08:38:42,877 - experiment_functions - INFO - Early stopping at epoch 1000. Best Recall: 0.0600
2026-05-20 08:38:42,985 - optuna.study.study - INFO - Trial 213 finished with value: 0.060000843166989545 and parameters: {'n_layers': 1, 'embedding_dim': 128, 'lr': 0.00036534526048350737, 'lambda_val': 1.8633206263458942e-06, 'batch_size': 823, 'optimizer': 'RMSprop'}. Best is trial 157 with value: 0.06390748000357267.
2026-05-20 08:38:56,819 - optuna.study._optimize - INFO - Trial 214 pruned. 
2026-05-20 08:39:17,282 - experiment_functions - INFO - Early stopping at epoch 1550. Best Recall: 0.0620
2026-05-20 08:39:17,415 - optuna.study.study - INFO - Trial 215 finished with value: 0.061951859806044784 and parameters: {'n_layers': 1, 'embedding_dim': 128, 'lr': 0.00026594826485814037, 'lambda_val': 2.6334757669207725e-06, 'batch_size': 656, 'optimizer': 'RMSprop'}. Best is trial 157 with value: 0.06390748000357267.
2026-05-20 08:39:38,616 - experiment_functions - INFO - Early stopping at epoch 1600. Best Recall: 0.0618
2026-05-20 08:39:38,705 - optuna.study.study - INFO - Trial 216 finished with value: 0.06178513261371239 and parameters: {'n_layers': 1, 'embedding_dim': 128, 'lr': 0.0002537100612318253, 'lambda_val': 4.446564658701466e-06, 'batch_size': 603, 'optimizer': 'RMSprop'}. Best is trial 157 with value: 0.06390748000357267.
2026-05-20 08:40:00,235 - experiment_functions - INFO - Early stopping at epoch 1600. Best Recall: 0.0604
2026-05-20 08:40:00,312 - optuna.study.study - INFO - Trial 217 finished with value: 0.06039100095921998 and parameters: {'n_layers': 1, 'embedding_dim': 128, 'lr': 0.00026405485600836456, 'lambda_val': 3.184586432480818e-06, 'batch_size': 590, 'optimizer': 'RMSprop'}. Best is trial 157 with value: 0.06390748000357267.
2026-05-20 08:40:35,913 - experiment_functions - INFO - Early stopping at epoch 2750. Best Recall: 0.0634
2026-05-20 08:40:35,992 - optuna.study.study - INFO - Trial 218 finished with value: 0.0633793776822729 and parameters: {'n_layers': 1, 'embedding_dim': 128, 'lr': 0.000208407988968352, 'lambda_val': 4.535006726696789e-06, 'batch_size': 635, 'optimizer': 'RMSprop'}. Best is trial 157 with value: 0.06390748000357267.
2026-05-20 08:41:14,960 - experiment_functions - INFO - Early stopping at epoch 3050. Best Recall: 0.0617
2026-05-20 08:41:15,049 - optuna.study.study - INFO - Trial 219 finished with value: 0.06173321145047651 and parameters: {'n_layers': 1, 'embedding_dim': 128, 'lr': 0.00021217604635024375, 'lambda_val': 6.657623489570825e-06, 'batch_size': 521, 'optimizer': 'RMSprop'}. Best is trial 157 with value: 0.06390748000357267.
2026-05-20 08:41:28,190 - optuna.study._optimize - INFO - Trial 220 pruned. 
2026-05-20 08:41:46,015 - optuna.study._optimize - INFO - Trial 221 pruned. 
2026-05-20 08:42:03,250 - optuna.study._optimize - INFO - Trial 222 pruned. 
2026-05-20 08:42:16,556 - optuna.study._optimize - INFO - Trial 223 pruned. 
2026-05-20 08:42:43,963 - experiment_functions - INFO - Early stopping at epoch 2100. Best Recall: 0.0627
2026-05-20 08:42:44,174 - optuna.study.study - INFO - Trial 224 finished with value: 0.06271481009387361 and parameters: {'n_layers': 1, 'embedding_dim': 128, 'lr': 0.0002534873873985574, 'lambda_val': 5.6410368510980845e-06, 'batch_size': 532, 'optimizer': 'RMSprop'}. Best is trial 157 with value: 0.06390748000357267.
2026-05-20 08:43:28,187 - experiment_functions - INFO - Early stopping at epoch 2650. Best Recall: 0.0630
2026-05-20 08:43:28,277 - optuna.study.study - INFO - Trial 225 finished with value: 0.06300562869402891 and parameters: {'n_layers': 1, 'embedding_dim': 128, 'lr': 0.00021073601360753914, 'lambda_val': 5.935966678811341e-06, 'batch_size': 520, 'optimizer': 'RMSprop'}. Best is trial 157 with value: 0.06390748000357267.
2026-05-20 08:43:41,845 - optuna.study._optimize - INFO - Trial 226 pruned. 
2026-05-20 08:43:59,496 - optuna.study._optimize - INFO - Trial 227 pruned. 
2026-05-20 08:44:18,087 - optuna.study._optimize - INFO - Trial 228 pruned. 
2026-05-20 08:44:30,862 - optuna.study._optimize - INFO - Trial 229 pruned. 
2026-05-20 08:44:44,428 - optuna.study._optimize - INFO - Trial 230 pruned. 
2026-05-20 08:45:05,135 - optuna.study._optimize - INFO - Trial 231 pruned. 
2026-05-20 08:45:18,407 - optuna.study._optimize - INFO - Trial 232 pruned. 
2026-05-20 08:45:35,907 - experiment_functions - INFO - Early stopping at epoch 1300. Best Recall: 0.0606
2026-05-20 08:45:36,039 - optuna.study.study - INFO - Trial 233 finished with value: 0.06058152376550341 and parameters: {'n_layers': 1, 'embedding_dim': 128, 'lr': 0.00030989430853389766, 'lambda_val': 3.65678629726471e-06, 'batch_size': 651, 'optimizer': 'RMSprop'}. Best is trial 157 with value: 0.06390748000357267.
2026-05-20 08:45:54,252 - optuna.study._optimize - INFO - Trial 234 pruned. 
2026-05-20 08:46:07,758 - optuna.study._optimize - INFO - Trial 235 pruned. 
2026-05-20 08:46:21,429 - optuna.study._optimize - INFO - Trial 236 pruned. 
2026-05-20 08:46:44,600 - experiment_functions - INFO - Early stopping at epoch 1200. Best Recall: 0.0610
2026-05-20 08:46:44,670 - optuna.study.study - INFO - Trial 237 finished with value: 0.060987067751259304 and parameters: {'n_layers': 1, 'embedding_dim': 128, 'lr': 0.00028456354115170536, 'lambda_val': 5.890650523282235e-06, 'batch_size': 750, 'optimizer': 'RMSprop'}. Best is trial 157 with value: 0.06390748000357267.
2026-05-20 08:46:57,739 - optuna.study._optimize - INFO - Trial 238 pruned. 
2026-05-20 08:47:19,828 - optuna.study._optimize - INFO - Trial 239 pruned. 
2026-05-20 08:47:31,124 - experiment_functions - INFO - Early stopping at epoch 850. Best Recall: 0.0586
2026-05-20 08:47:31,217 - optuna.study.study - INFO - Trial 240 finished with value: 0.058607868945717255 and parameters: {'n_layers': 1, 'embedding_dim': 128, 'lr': 0.0004041324762025603, 'lambda_val': 7.570340510791513e-06, 'batch_size': 763, 'optimizer': 'RMSprop'}. Best is trial 157 with value: 0.06390748000357267.
2026-05-20 08:47:49,565 - experiment_functions - INFO - Early stopping at epoch 1350. Best Recall: 0.0607
2026-05-20 08:47:49,657 - optuna.study.study - INFO - Trial 241 finished with value: 0.060738165812863856 and parameters: {'n_layers': 1, 'embedding_dim': 128, 'lr': 0.0002675405760127773, 'lambda_val': 1.190698333516897e-06, 'batch_size': 720, 'optimizer': 'RMSprop'}. Best is trial 157 with value: 0.06390748000357267.
2026-05-20 08:48:03,605 - optuna.study._optimize - INFO - Trial 242 pruned. 
2026-05-20 08:48:17,084 - optuna.study._optimize - INFO - Trial 243 pruned. 
2026-05-20 08:48:24,196 - experiment_functions - INFO - Early stopping at epoch 500. Best Recall: 0.0053
2026-05-20 08:48:24,287 - optuna.study.study - INFO - Trial 244 finished with value: 0.005342273396734394 and parameters: {'n_layers': 1, 'embedding_dim': 128, 'lr': 0.00031555926005487513, 'lambda_val': 0.07717079233316107, 'batch_size': 2187, 'optimizer': 'RMSprop'}. Best is trial 157 with value: 0.06390748000357267.
2026-05-20 08:48:31,354 - experiment_functions - INFO - Early stopping at epoch 500. Best Recall: 0.0050
2026-05-20 08:48:31,446 - optuna.study.study - INFO - Trial 245 finished with value: 0.005049390206752058 and parameters: {'n_layers': 1, 'embedding_dim': 128, 'lr': 0.00016528991318641654, 'lambda_val': 1.0051036504958398e-06, 'batch_size': 710, 'optimizer': 'SGD'}. Best is trial 157 with value: 0.06390748000357267.
2026-05-20 08:48:45,183 - optuna.study._optimize - INFO - Trial 246 pruned. 
2026-05-20 08:48:58,535 - optuna.study._optimize - INFO - Trial 247 pruned. 
2026-05-20 08:49:12,290 - optuna.study._optimize - INFO - Trial 248 pruned. 
2026-05-20 08:49:25,750 - optuna.study._optimize - INFO - Trial 249 pruned. 
2026-05-20 08:49:48,050 - optuna.study._optimize - INFO - Trial 250 pruned. 
2026-05-20 08:50:04,743 - experiment_functions - INFO - Early stopping at epoch 1200. Best Recall: 0.0623
2026-05-20 08:50:04,824 - optuna.study.study - INFO - Trial 251 finished with value: 0.062251231489698196 and parameters: {'n_layers': 1, 'embedding_dim': 128, 'lr': 0.00035731765706735084, 'lambda_val': 3.3770083366715605e-06, 'batch_size': 512, 'optimizer': 'RMSprop'}. Best is trial 157 with value: 0.06390748000357267.
2026-05-20 08:50:17,924 - experiment_functions - INFO - Early stopping at epoch 950. Best Recall: 0.0595
2026-05-20 08:50:17,995 - optuna.study.study - INFO - Trial 252 finished with value: 0.05950410982722966 and parameters: {'n_layers': 1, 'embedding_dim': 96, 'lr': 0.0003715255504710152, 'lambda_val': 3.331682410950027e-06, 'batch_size': 577, 'optimizer': 'RMSprop'}. Best is trial 157 with value: 0.06390748000357267.
2026-05-20 08:50:32,450 - optuna.study._optimize - INFO - Trial 253 pruned. 
2026-05-20 08:50:48,688 - optuna.study._optimize - INFO - Trial 254 pruned. 
2026-05-20 08:51:11,455 - optuna.study._optimize - INFO - Trial 255 pruned. 
2026-05-20 08:51:23,628 - experiment_functions - INFO - Early stopping at epoch 850. Best Recall: 0.0587
2026-05-20 08:51:23,720 - optuna.study.study - INFO - Trial 256 finished with value: 0.05872250731028224 and parameters: {'n_layers': 1, 'embedding_dim': 128, 'lr': 0.00045446785732522287, 'lambda_val': 3.747366447332079e-06, 'batch_size': 637, 'optimizer': 'RMSprop'}. Best is trial 157 with value: 0.06390748000357267.
2026-05-20 08:51:48,658 - optuna.study._optimize - INFO - Trial 257 pruned. 
2026-05-20 08:52:03,084 - optuna.study._optimize - INFO - Trial 258 pruned. 
2026-05-20 08:52:17,708 - optuna.study._optimize - INFO - Trial 259 pruned. 
2026-05-20 08:52:31,369 - optuna.study._optimize - INFO - Trial 260 pruned. 
2026-05-20 08:52:45,704 - optuna.study._optimize - INFO - Trial 261 pruned. 
2026-05-20 08:52:59,186 - optuna.study._optimize - INFO - Trial 262 pruned. 
2026-05-20 08:53:14,305 - optuna.study._optimize - INFO - Trial 263 pruned. 
2026-05-20 08:53:30,018 - optuna.study._optimize - INFO - Trial 264 pruned. 
2026-05-20 08:53:46,683 - experiment_functions - INFO - Early stopping at epoch 900. Best Recall: 0.0573
2026-05-20 08:53:47,415 - optuna.study.study - INFO - Trial 265 finished with value: 0.05725052167418858 and parameters: {'n_layers': 1, 'embedding_dim': 128, 'lr': 0.0003773702820971829, 'lambda_val': 5.709242322852388e-06, 'batch_size': 598, 'optimizer': 'RMSprop'}. Best is trial 157 with value: 0.06390748000357267.
2026-05-20 08:53:54,430 - experiment_functions - INFO - Early stopping at epoch 500. Best Recall: 0.0043
2026-05-20 08:53:54,534 - optuna.study.study - INFO - Trial 266 finished with value: 0.004341089425458401 and parameters: {'n_layers': 1, 'embedding_dim': 128, 'lr': 0.00014629737887390885, 'lambda_val': 8.456292632996263e-06, 'batch_size': 727, 'optimizer': 'SGD'}. Best is trial 157 with value: 0.06390748000357267.
2026-05-20 08:54:08,160 - optuna.study._optimize - INFO - Trial 267 pruned. 
2026-05-20 08:54:22,971 - optuna.study._optimize - INFO - Trial 268 pruned. 
2026-05-20 08:54:40,464 - experiment_functions - INFO - Early stopping at epoch 800. Best Recall: 0.0586
2026-05-20 08:54:40,544 - optuna.study.study - INFO - Trial 269 finished with value: 0.05860687032423757 and parameters: {'n_layers': 1, 'embedding_dim': 128, 'lr': 0.0005188737295791281, 'lambda_val': 4.7300063375584065e-06, 'batch_size': 514, 'optimizer': 'RMSprop'}. Best is trial 157 with value: 0.06390748000357267.
2026-05-20 08:55:29,187 - experiment_functions - INFO - Early stopping at epoch 3750. Best Recall: 0.0625
2026-05-20 08:55:29,279 - optuna.study.study - INFO - Trial 270 finished with value: 0.062482516460479975 and parameters: {'n_layers': 1, 'embedding_dim': 128, 'lr': 0.00019952465142851283, 'lambda_val': 3.1828215077091843e-06, 'batch_size': 640, 'optimizer': 'RMSprop'}. Best is trial 157 with value: 0.06390748000357267.
2026-05-20 08:55:42,342 - optuna.study._optimize - INFO - Trial 271 pruned. 
2026-05-20 08:55:56,350 - optuna.study._optimize - INFO - Trial 272 pruned. 
2026-05-20 08:56:22,048 - optuna.study._optimize - INFO - Trial 273 pruned. 
2026-05-20 08:57:09,077 - experiment_functions - INFO - Early stopping at epoch 3150. Best Recall: 0.0625
2026-05-20 08:57:09,212 - optuna.study.study - INFO - Trial 274 finished with value: 0.06251193639077214 and parameters: {'n_layers': 1, 'embedding_dim': 128, 'lr': 0.0002011067473481707, 'lambda_val': 2.544486277149851e-06, 'batch_size': 745, 'optimizer': 'RMSprop'}. Best is trial 157 with value: 0.06390748000357267.
2026-05-20 08:57:23,056 - optuna.study._optimize - INFO - Trial 275 pruned. 
2026-05-20 08:57:37,205 - optuna.study._optimize - INFO - Trial 276 pruned. 
2026-05-20 08:57:50,550 - optuna.study._optimize - INFO - Trial 277 pruned. 
2026-05-20 08:58:14,330 - optuna.study._optimize - INFO - Trial 278 pruned. 
2026-05-20 08:58:27,454 - optuna.study._optimize - INFO - Trial 279 pruned. 
2026-05-20 08:58:40,806 - optuna.study._optimize - INFO - Trial 280 pruned. 
2026-05-20 08:58:49,887 - experiment_functions - INFO - Early stopping at epoch 600. Best Recall: 0.0056
2026-05-20 08:58:49,979 - optuna.study.study - INFO - Trial 281 finished with value: 0.005625777585604511 and parameters: {'n_layers': 1, 'embedding_dim': 128, 'lr': 1.471431506253426e-05, 'lambda_val': 2.7916438259473243e-06, 'batch_size': 746, 'optimizer': 'RMSprop'}. Best is trial 157 with value: 0.06390748000357267.
2026-05-20 08:59:05,574 - optuna.study._optimize - INFO - Trial 282 pruned. 
2026-05-20 08:59:25,759 - optuna.study._optimize - INFO - Trial 283 pruned. 
2026-05-20 08:59:39,709 - optuna.study._optimize - INFO - Trial 284 pruned. 
2026-05-20 08:59:53,526 - optuna.study._optimize - INFO - Trial 285 pruned. 
2026-05-20 09:00:07,606 - optuna.study._optimize - INFO - Trial 286 pruned. 
2026-05-20 09:00:22,725 - optuna.study._optimize - INFO - Trial 287 pruned. 
2026-05-20 09:00:36,012 - experiment_functions - INFO - Early stopping at epoch 500. Best Recall: 0.0054
2026-05-20 09:00:36,781 - optuna.study.study - INFO - Trial 288 finished with value: 0.005435554876423804 and parameters: {'n_layers': 1, 'embedding_dim': 128, 'lr': 0.0003335045380991954, 'lambda_val': 3.6855381703901894e-06, 'batch_size': 627, 'optimizer': 'SGD'}. Best is trial 157 with value: 0.06390748000357267.
2026-05-20 09:00:53,280 - optuna.study._optimize - INFO - Trial 289 pruned. 
2026-05-20 09:01:06,858 - optuna.study._optimize - INFO - Trial 290 pruned. 
2026-05-20 09:01:19,115 - experiment_functions - INFO - Early stopping at epoch 900. Best Recall: 0.0605
2026-05-20 09:01:19,243 - optuna.study.study - INFO - Trial 291 finished with value: 0.060486860356692145 and parameters: {'n_layers': 1, 'embedding_dim': 128, 'lr': 0.0004210735135803625, 'lambda_val': 2.9206740544672627e-06, 'batch_size': 574, 'optimizer': 'RMSprop'}. Best is trial 157 with value: 0.06390748000357267.
2026-05-20 09:01:42,729 - optuna.study._optimize - INFO - Trial 292 pruned. 
2026-05-20 09:01:56,793 - optuna.study._optimize - INFO - Trial 293 pruned. 
2026-05-20 09:02:10,499 - optuna.study._optimize - INFO - Trial 294 pruned. 
2026-05-20 09:02:23,741 - optuna.study._optimize - INFO - Trial 295 pruned. 
2026-05-20 09:02:37,546 - optuna.study._optimize - INFO - Trial 296 pruned. 
2026-05-20 09:02:49,957 - experiment_functions - INFO - Early stopping at epoch 900. Best Recall: 0.0565
2026-05-20 09:02:50,060 - optuna.study.study - INFO - Trial 297 finished with value: 0.056530755716431604 and parameters: {'n_layers': 1, 'embedding_dim': 128, 'lr': 0.0003405865494910946, 'lambda_val': 2.4008681594856963e-06, 'batch_size': 778, 'optimizer': 'RMSprop'}. Best is trial 157 with value: 0.06390748000357267.
2026-05-20 09:03:06,041 - optuna.study._optimize - INFO - Trial 298 pruned. 
2026-05-20 09:03:19,680 - optuna.study._optimize - INFO - Trial 299 pruned. 
2026-05-20 09:03:19,682 - experiment_functions - INFO - Training the best model ... for e_1M_1c3dcs_strict
2026-05-20 09:03:51,296 - experiment_functions - INFO - Early stopping at epoch 3000. Best Recall: 0.0609
2026-05-20 09:03:52,140 - root - INFO -   ** Getting the trainable edges:
2026-05-20 09:03:52,159 - helper_functions - INFO -      Number of nodes: 4781
2026-05-20 09:03:52,159 - helper_functions - INFO -      Ratio: 0.4905602298378822
2026-05-20 09:03:52,159 - helper_functions - INFO -      Number of unique users: 3174
2026-05-20 09:03:52,159 - helper_functions - INFO -      Number of unique items: 1607
2026-05-20 09:03:52,159 - helper_functions - INFO -      Total dominant set edge: 272498
2026-05-20 09:03:52,159 - helper_functions - INFO -      Trainable edges: 217998.40000000002
2026-05-20 09:03:52,217 - root - INFO -   **** Getting 272498 dominant set edges
2026-05-20 09:03:52,341 - optuna.storages._rdb.storage - INFO - A new study created in RDB with name: Study_e_1M_1c3dcs
2026-05-20 09:04:02,593 - experiment_functions - INFO - Early stopping at epoch 500. Best Recall: 0.0055
2026-05-20 09:04:02,687 - optuna.study.study - INFO - Trial 0 finished with value: 0.005462237428071002 and parameters: {'n_layers': 2, 'embedding_dim': 64, 'lr': 0.002810731673262633, 'lambda_val': 0.00035098960604977776, 'batch_size': 2042, 'optimizer': 'SGD'}. Best is trial 0 with value: 0.005462237428071002.
2026-05-20 09:04:13,053 - experiment_functions - INFO - Early stopping at epoch 500. Best Recall: 0.0051
2026-05-20 09:04:14,506 - optuna.study.study - INFO - Trial 1 finished with value: 0.0051016838674751205 and parameters: {'n_layers': 3, 'embedding_dim': 32, 'lr': 6.050096443330202e-05, 'lambda_val': 0.015060788089170284, 'batch_size': 2008, 'optimizer': 'SGD'}. Best is trial 0 with value: 0.005462237428071002.
2026-05-20 09:04:24,169 - experiment_functions - INFO - Early stopping at epoch 500. Best Recall: 0.0052
2026-05-20 09:04:24,317 - optuna.study.study - INFO - Trial 2 finished with value: 0.005203026086329392 and parameters: {'n_layers': 2, 'embedding_dim': 96, 'lr': 0.04253937342337959, 'lambda_val': 0.024650317772231724, 'batch_size': 2056, 'optimizer': 'SGD'}. Best is trial 0 with value: 0.005462237428071002.
2026-05-20 09:04:35,433 - experiment_functions - INFO - Early stopping at epoch 650. Best Recall: 0.0515
2026-05-20 09:04:35,538 - optuna.study.study - INFO - Trial 3 finished with value: 0.051549149284943724 and parameters: {'n_layers': 3, 'embedding_dim': 96, 'lr': 0.0006311565410168246, 'lambda_val': 0.00043428351999674086, 'batch_size': 3896, 'optimizer': 'Adam'}. Best is trial 3 with value: 0.051549149284943724.
2026-05-20 09:05:45,345 - optuna.study.study - INFO - Trial 4 finished with value: 0.025127803380979186 and parameters: {'n_layers': 3, 'embedding_dim': 256, 'lr': 4.235560597138499e-05, 'lambda_val': 4.5126945298213365e-05, 'batch_size': 3744, 'optimizer': 'Adam'}. Best is trial 3 with value: 0.051549149284943724.
2026-05-20 09:05:52,692 - experiment_functions - INFO - Early stopping at epoch 500. Best Recall: 0.0050
2026-05-20 09:05:52,795 - optuna.study.study - INFO - Trial 5 finished with value: 0.004979516041156798 and parameters: {'n_layers': 2, 'embedding_dim': 32, 'lr': 0.005022226571479209, 'lambda_val': 0.0002839873199381179, 'batch_size': 1256, 'optimizer': 'SGD'}. Best is trial 3 with value: 0.051549149284943724.
2026-05-20 09:06:13,066 - optuna.study._optimize - INFO - Trial 6 pruned. 
2026-05-20 09:06:20,940 - experiment_functions - INFO - Early stopping at epoch 550. Best Recall: 0.0806
2026-05-20 09:06:21,046 - optuna.study.study - INFO - Trial 7 finished with value: 0.08057944821012755 and parameters: {'n_layers': 1, 'embedding_dim': 32, 'lr': 0.004271931048008021, 'lambda_val': 0.0185199165883136, 'batch_size': 3464, 'optimizer': 'Adam'}. Best is trial 7 with value: 0.08057944821012755.
2026-05-20 09:06:33,156 - experiment_functions - INFO - Early stopping at epoch 700. Best Recall: 0.0320
2026-05-20 09:06:33,260 - optuna.study.study - INFO - Trial 8 finished with value: 0.031991019277429984 and parameters: {'n_layers': 2, 'embedding_dim': 256, 'lr': 0.030791431211032127, 'lambda_val': 4.845760453483903e-06, 'batch_size': 1421, 'optimizer': 'Adam'}. Best is trial 7 with value: 0.08057944821012755.
2026-05-20 09:06:44,668 - experiment_functions - INFO - Early stopping at epoch 600. Best Recall: 0.0310
2026-05-20 09:06:45,434 - optuna.study.study - INFO - Trial 9 finished with value: 0.031038217694049717 and parameters: {'n_layers': 1, 'embedding_dim': 96, 'lr': 0.0348694800021023, 'lambda_val': 0.0006510459139758922, 'batch_size': 1317, 'optimizer': 'Adam'}. Best is trial 7 with value: 0.08057944821012755.
2026-05-20 09:07:11,440 - experiment_functions - INFO - Early stopping at epoch 1300. Best Recall: 0.0447
2026-05-20 09:07:11,542 - optuna.study.study - INFO - Trial 10 finished with value: 0.0447182427038547 and parameters: {'n_layers': 1, 'embedding_dim': 128, 'lr': 0.0004205654818121281, 'lambda_val': 0.09426450875645279, 'batch_size': 2964, 'optimizer': 'RMSprop'}. Best is trial 7 with value: 0.08057944821012755.
2026-05-20 09:07:24,350 - experiment_functions - INFO - Early stopping at epoch 800. Best Recall: 0.0305
2026-05-20 09:07:24,497 - optuna.study.study - INFO - Trial 11 finished with value: 0.030518927896496486 and parameters: {'n_layers': 4, 'embedding_dim': 32, 'lr': 0.0006010687596314113, 'lambda_val': 0.003248489653991484, 'batch_size': 3976, 'optimizer': 'Adam'}. Best is trial 7 with value: 0.08057944821012755.
2026-05-20 09:08:04,507 - experiment_functions - INFO - Early stopping at epoch 2600. Best Recall: 0.0338
2026-05-20 09:08:04,589 - optuna.study.study - INFO - Trial 12 finished with value: 0.03381279947832533 and parameters: {'n_layers': 3, 'embedding_dim': 96, 'lr': 0.004091226198558786, 'lambda_val': 0.0042388364855747976, 'batch_size': 3208, 'optimizer': 'RMSprop'}. Best is trial 7 with value: 0.08057944821012755.
2026-05-20 09:09:02,539 - optuna.study.study - INFO - Trial 13 finished with value: 0.0849430949254179 and parameters: {'n_layers': 1, 'embedding_dim': 128, 'lr': 0.00020480759736785258, 'lambda_val': 5.293649873804179e-05, 'batch_size': 3358, 'optimizer': 'Adam'}. Best is trial 13 with value: 0.0849430949254179.
2026-05-20 09:10:09,847 - optuna.study.study - INFO - Trial 14 finished with value: 0.08388682534853074 and parameters: {'n_layers': 1, 'embedding_dim': 128, 'lr': 0.00016757639398014854, 'lambda_val': 5.066603507021105e-05, 'batch_size': 2965, 'optimizer': 'Adam'}. Best is trial 13 with value: 0.0849430949254179.
2026-05-20 09:10:21,062 - experiment_functions - INFO - Early stopping at epoch 800. Best Recall: 0.0050
2026-05-20 09:10:21,142 - optuna.study.study - INFO - Trial 15 finished with value: 0.005009761816637642 and parameters: {'n_layers': 1, 'embedding_dim': 128, 'lr': 1.0021506511239441e-05, 'lambda_val': 3.1645491963822185e-05, 'batch_size': 2767, 'optimizer': 'Adam'}. Best is trial 13 with value: 0.0849430949254179.
2026-05-20 09:10:59,144 - optuna.study._optimize - INFO - Trial 16 pruned. 
2026-05-20 09:12:05,220 - optuna.study.study - INFO - Trial 17 finished with value: 0.08461306171033765 and parameters: {'n_layers': 1, 'embedding_dim': 128, 'lr': 0.0001779897413219914, 'lambda_val': 5.1746294301854414e-05, 'batch_size': 3297, 'optimizer': 'Adam'}. Best is trial 13 with value: 0.0849430949254179.
2026-05-20 09:12:20,329 - optuna.study._optimize - INFO - Trial 18 pruned. 
2026-05-20 09:12:38,814 - optuna.study._optimize - INFO - Trial 19 pruned. 
2026-05-20 09:12:47,777 - experiment_functions - INFO - Early stopping at epoch 550. Best Recall: 0.0711
2026-05-20 09:12:47,880 - optuna.study.study - INFO - Trial 20 finished with value: 0.07106260480491401 and parameters: {'n_layers': 2, 'embedding_dim': 128, 'lr': 0.0021247122894211753, 'lambda_val': 0.0016373266643716947, 'batch_size': 3350, 'optimizer': 'Adam'}. Best is trial 13 with value: 0.0849430949254179.
2026-05-20 09:13:02,580 - optuna.study._optimize - INFO - Trial 21 pruned. 
2026-05-20 09:13:16,370 - optuna.study._optimize - INFO - Trial 22 pruned. 
2026-05-20 09:13:43,301 - experiment_functions - INFO - Early stopping at epoch 1250. Best Recall: 0.0786
2026-05-20 09:13:43,394 - optuna.study.study - INFO - Trial 23 finished with value: 0.0786290059462488 and parameters: {'n_layers': 1, 'embedding_dim': 128, 'lr': 0.0003158074719383493, 'lambda_val': 0.0001294979049489027, 'batch_size': 3707, 'optimizer': 'Adam'}. Best is trial 13 with value: 0.0849430949254179.
2026-05-20 09:13:53,905 - experiment_functions - INFO - Early stopping at epoch 650. Best Recall: 0.0848
2026-05-20 09:13:54,050 - optuna.study.study - INFO - Trial 24 finished with value: 0.0847944640814289 and parameters: {'n_layers': 1, 'embedding_dim': 128, 'lr': 0.0013602503896094878, 'lambda_val': 1.056838385603525e-05, 'batch_size': 2714, 'optimizer': 'Adam'}. Best is trial 13 with value: 0.0849430949254179.
2026-05-20 09:14:04,160 - experiment_functions - INFO - Early stopping at epoch 600. Best Recall: 0.0766
2026-05-20 09:14:04,253 - optuna.study.study - INFO - Trial 25 finished with value: 0.07655525442426377 and parameters: {'n_layers': 2, 'embedding_dim': 128, 'lr': 0.001182576405167889, 'lambda_val': 6.3694205557238156e-06, 'batch_size': 2634, 'optimizer': 'Adam'}. Best is trial 13 with value: 0.0849430949254179.
2026-05-20 09:14:14,796 - experiment_functions - INFO - Early stopping at epoch 700. Best Recall: 0.0874
2026-05-20 09:14:14,904 - optuna.study.study - INFO - Trial 26 finished with value: 0.08741883134200491 and parameters: {'n_layers': 1, 'embedding_dim': 64, 'lr': 0.0013065902547784159, 'lambda_val': 1.5796762327771278e-06, 'batch_size': 2278, 'optimizer': 'Adam'}. Best is trial 26 with value: 0.08741883134200491.
2026-05-20 09:14:39,869 - optuna.study._optimize - INFO - Trial 27 pruned. 
2026-05-20 09:14:48,988 - experiment_functions - INFO - Early stopping at epoch 600. Best Recall: 0.0860
2026-05-20 09:14:49,069 - optuna.study.study - INFO - Trial 28 finished with value: 0.086006263460698 and parameters: {'n_layers': 1, 'embedding_dim': 64, 'lr': 0.0012405491827774194, 'lambda_val': 1.7707609078663119e-06, 'batch_size': 1636, 'optimizer': 'RMSprop'}. Best is trial 26 with value: 0.08741883134200491.
2026-05-20 09:15:04,871 - optuna.study._optimize - INFO - Trial 29 pruned. 
2026-05-20 09:15:13,447 - experiment_functions - INFO - Early stopping at epoch 550. Best Recall: 0.0681
2026-05-20 09:15:13,559 - optuna.study.study - INFO - Trial 30 finished with value: 0.0681061576741319 and parameters: {'n_layers': 1, 'embedding_dim': 64, 'lr': 0.0023769367810621096, 'lambda_val': 2.291931312982672e-06, 'batch_size': 932, 'optimizer': 'RMSprop'}. Best is trial 26 with value: 0.08741883134200491.
2026-05-20 09:15:22,530 - experiment_functions - INFO - Early stopping at epoch 600. Best Recall: 0.0773
2026-05-20 09:15:22,675 - optuna.study.study - INFO - Trial 31 finished with value: 0.07730437799780399 and parameters: {'n_layers': 1, 'embedding_dim': 64, 'lr': 0.001208163538527353, 'lambda_val': 1.2311911154329606e-05, 'batch_size': 2114, 'optimizer': 'RMSprop'}. Best is trial 26 with value: 0.08741883134200491.
2026-05-20 09:15:29,685 - experiment_functions - INFO - Early stopping at epoch 500. Best Recall: 0.0056
2026-05-20 09:15:29,787 - optuna.study.study - INFO - Trial 32 finished with value: 0.0055989296569486915 and parameters: {'n_layers': 1, 'embedding_dim': 64, 'lr': 0.0015299009645212797, 'lambda_val': 9.14745904657735e-06, 'batch_size': 1688, 'optimizer': 'SGD'}. Best is trial 26 with value: 0.08741883134200491.
2026-05-20 09:15:36,841 - experiment_functions - INFO - Early stopping at epoch 500. Best Recall: 0.0050
2026-05-20 09:15:36,932 - optuna.study.study - INFO - Trial 33 finished with value: 0.004964455965944483 and parameters: {'n_layers': 1, 'embedding_dim': 64, 'lr': 0.0009292948097782697, 'lambda_val': 2.2268713495912294e-06, 'batch_size': 1901, 'optimizer': 'SGD'}. Best is trial 26 with value: 0.08741883134200491.
2026-05-20 09:15:54,471 - experiment_functions - INFO - Early stopping at epoch 1150. Best Recall: 0.0712
2026-05-20 09:15:54,551 - optuna.study.study - INFO - Trial 34 finished with value: 0.07124932824961581 and parameters: {'n_layers': 2, 'embedding_dim': 64, 'lr': 0.00031880440764614737, 'lambda_val': 2.2050982361358347e-05, 'batch_size': 2394, 'optimizer': 'RMSprop'}. Best is trial 26 with value: 0.08741883134200491.
2026-05-20 09:16:01,606 - experiment_functions - INFO - Early stopping at epoch 500. Best Recall: 0.0049
2026-05-20 09:16:01,686 - optuna.study.study - INFO - Trial 35 finished with value: 0.004941106340646797 and parameters: {'n_layers': 1, 'embedding_dim': 64, 'lr': 0.0005954417496548008, 'lambda_val': 2.467804500542375e-06, 'batch_size': 1890, 'optimizer': 'SGD'}. Best is trial 26 with value: 0.08741883134200491.
2026-05-20 09:16:18,009 - optuna.study._optimize - INFO - Trial 36 pruned. 
2026-05-20 09:16:26,890 - experiment_functions - INFO - Early stopping at epoch 550. Best Recall: 0.0210
2026-05-20 09:16:26,991 - optuna.study.study - INFO - Trial 37 finished with value: 0.021048744292274 and parameters: {'n_layers': 3, 'embedding_dim': 64, 'lr': 0.08046376027999443, 'lambda_val': 7.632286022755555e-06, 'batch_size': 1087, 'optimizer': 'Adam'}. Best is trial 26 with value: 0.08741883134200491.
2026-05-20 09:16:34,233 - experiment_functions - INFO - Early stopping at epoch 500. Best Recall: 0.0057
2026-05-20 09:16:34,322 - optuna.study.study - INFO - Trial 38 finished with value: 0.005708232145894783 and parameters: {'n_layers': 1, 'embedding_dim': 32, 'lr': 0.015929753804037244, 'lambda_val': 2.6662141789553036e-05, 'batch_size': 1675, 'optimizer': 'SGD'}. Best is trial 26 with value: 0.08741883134200491.
2026-05-20 09:16:50,008 - optuna.study._optimize - INFO - Trial 39 pruned. 
2026-05-20 09:17:02,280 - experiment_functions - INFO - Early stopping at epoch 600. Best Recall: 0.0404
2026-05-20 09:17:02,359 - optuna.study.study - INFO - Trial 40 finished with value: 0.04044934136736929 and parameters: {'n_layers': 4, 'embedding_dim': 256, 'lr': 0.00078778595937886, 'lambda_val': 3.8378610786630716e-06, 'batch_size': 3705, 'optimizer': 'Adam'}. Best is trial 26 with value: 0.08741883134200491.
2026-05-20 09:17:13,201 - experiment_functions - INFO - Early stopping at epoch 650. Best Recall: 0.0845
2026-05-20 09:17:13,281 - optuna.study.study - INFO - Trial 41 finished with value: 0.08448189192747682 and parameters: {'n_layers': 1, 'embedding_dim': 128, 'lr': 0.0016693988703310643, 'lambda_val': 5.0783017968086774e-05, 'batch_size': 3210, 'optimizer': 'Adam'}. Best is trial 26 with value: 0.08741883134200491.
2026-05-20 09:17:22,588 - experiment_functions - INFO - Early stopping at epoch 600. Best Recall: 0.0761
2026-05-20 09:17:22,668 - optuna.study.study - INFO - Trial 42 finished with value: 0.07609049765296723 and parameters: {'n_layers': 1, 'embedding_dim': 128, 'lr': 0.0032938592388824664, 'lambda_val': 0.00041448372369581963, 'batch_size': 3503, 'optimizer': 'Adam'}. Best is trial 26 with value: 0.08741883134200491.
2026-05-20 09:17:34,548 - experiment_functions - INFO - Early stopping at epoch 850. Best Recall: 0.0050
2026-05-20 09:17:34,617 - optuna.study.study - INFO - Trial 43 finished with value: 0.005007312297213891 and parameters: {'n_layers': 1, 'embedding_dim': 128, 'lr': 3.093557138351755e-05, 'lambda_val': 1.912989842875805e-06, 'batch_size': 2852, 'optimizer': 'Adam'}. Best is trial 26 with value: 0.08741883134200491.
2026-05-20 09:17:57,929 - experiment_functions - INFO - Early stopping at epoch 1200. Best Recall: 0.0736
2026-05-20 09:17:58,697 - optuna.study.study - INFO - Trial 44 finished with value: 0.07360364378076284 and parameters: {'n_layers': 1, 'embedding_dim': 32, 'lr': 0.0004476387681941265, 'lambda_val': 6.260085567215198e-06, 'batch_size': 2508, 'optimizer': 'Adam'}. Best is trial 26 with value: 0.08741883134200491.
2026-05-20 09:18:19,437 - experiment_functions - INFO - Early stopping at epoch 1100. Best Recall: 0.0754
2026-05-20 09:18:19,527 - optuna.study.study - INFO - Trial 45 finished with value: 0.07537217142165942 and parameters: {'n_layers': 2, 'embedding_dim': 128, 'lr': 0.00023455835657889824, 'lambda_val': 0.0008523059653016018, 'batch_size': 3295, 'optimizer': 'Adam'}. Best is trial 26 with value: 0.08741883134200491.
2026-05-20 09:18:27,748 - experiment_functions - INFO - Early stopping at epoch 550. Best Recall: 0.0869
2026-05-20 09:18:27,819 - optuna.study.study - INFO - Trial 46 finished with value: 0.08690047257643478 and parameters: {'n_layers': 1, 'embedding_dim': 96, 'lr': 0.005289339887967986, 'lambda_val': 6.658872763896778e-05, 'batch_size': 4088, 'optimizer': 'Adam'}. Best is trial 26 with value: 0.08741883134200491.
2026-05-20 09:18:48,141 - experiment_functions - INFO - Early stopping at epoch 1200. Best Recall: 0.0638
2026-05-20 09:18:48,907 - optuna.study.study - INFO - Trial 47 finished with value: 0.06381425835006144 and parameters: {'n_layers': 1, 'embedding_dim': 96, 'lr': 0.004392757860858008, 'lambda_val': 3.3072011533471814e-05, 'batch_size': 4040, 'optimizer': 'RMSprop'}. Best is trial 26 with value: 0.08741883134200491.
2026-05-20 09:19:05,267 - experiment_functions - INFO - Early stopping at epoch 750. Best Recall: 0.0515
2026-05-20 09:19:05,315 - optuna.study.study - INFO - Trial 48 finished with value: 0.051545906531156246 and parameters: {'n_layers': 1, 'embedding_dim': 96, 'lr': 0.01882857611714099, 'lambda_val': 0.00018704353145183072, 'batch_size': 3873, 'optimizer': 'Adam'}. Best is trial 26 with value: 0.08741883134200491.
2026-05-20 09:19:13,576 - experiment_functions - INFO - Early stopping at epoch 550. Best Recall: 0.0560
2026-05-20 09:19:13,668 - optuna.study.study - INFO - Trial 49 finished with value: 0.05601710501102965 and parameters: {'n_layers': 2, 'embedding_dim': 96, 'lr': 0.006886189441170536, 'lambda_val': 7.412365112179347e-05, 'batch_size': 715, 'optimizer': 'Adam'}. Best is trial 26 with value: 0.08741883134200491.
2026-05-20 09:19:20,756 - experiment_functions - INFO - Early stopping at epoch 500. Best Recall: 0.0047
2026-05-20 09:19:20,847 - optuna.study.study - INFO - Trial 50 finished with value: 0.00467610859025393 and parameters: {'n_layers': 1, 'embedding_dim': 96, 'lr': 0.0032548011950010564, 'lambda_val': 1.7876659841611624e-05, 'batch_size': 3805, 'optimizer': 'SGD'}. Best is trial 26 with value: 0.08741883134200491.
2026-05-20 09:19:34,765 - experiment_functions - INFO - Early stopping at epoch 900. Best Recall: 0.0864
2026-05-20 09:19:34,846 - optuna.study.study - INFO - Trial 51 finished with value: 0.08638276739631616 and parameters: {'n_layers': 1, 'embedding_dim': 128, 'lr': 0.0005225795489345858, 'lambda_val': 5.277576825907768e-05, 'batch_size': 3615, 'optimizer': 'Adam'}. Best is trial 26 with value: 0.08741883134200491.
2026-05-20 09:19:48,377 - experiment_functions - INFO - Early stopping at epoch 850. Best Recall: 0.0845
2026-05-20 09:19:48,478 - optuna.study.study - INFO - Trial 52 finished with value: 0.0844950752011165 and parameters: {'n_layers': 1, 'embedding_dim': 96, 'lr': 0.0006158470046734997, 'lambda_val': 1.0493947257620502e-05, 'batch_size': 4076, 'optimizer': 'Adam'}. Best is trial 26 with value: 0.08741883134200491.
2026-05-20 09:19:58,527 - experiment_functions - INFO - Early stopping at epoch 600. Best Recall: 0.0882
2026-05-20 09:19:58,619 - optuna.study.study - INFO - Trial 53 finished with value: 0.08819616671886281 and parameters: {'n_layers': 1, 'embedding_dim': 256, 'lr': 0.0019414154207519519, 'lambda_val': 0.00016141404382554519, 'batch_size': 3591, 'optimizer': 'Adam'}. Best is trial 53 with value: 0.08819616671886281.
2026-05-20 09:20:08,583 - experiment_functions - INFO - Early stopping at epoch 600. Best Recall: 0.0851
2026-05-20 09:20:08,685 - optuna.study.study - INFO - Trial 54 finished with value: 0.08505100798441062 and parameters: {'n_layers': 1, 'embedding_dim': 256, 'lr': 0.0021262869784500066, 'lambda_val': 0.0006950003763746358, 'batch_size': 3928, 'optimizer': 'Adam'}. Best is trial 53 with value: 0.08819616671886281.
2026-05-20 09:20:17,834 - experiment_functions - INFO - Early stopping at epoch 550. Best Recall: 0.0852
2026-05-20 09:20:17,924 - optuna.study.study - INFO - Trial 55 finished with value: 0.08515690983646577 and parameters: {'n_layers': 1, 'embedding_dim': 256, 'lr': 0.005617729629763669, 'lambda_val': 0.0008281035282745352, 'batch_size': 3547, 'optimizer': 'Adam'}. Best is trial 53 with value: 0.08819616671886281.
2026-05-20 09:20:26,743 - experiment_functions - INFO - Early stopping at epoch 550. Best Recall: 0.0718
2026-05-20 09:20:26,834 - optuna.study.study - INFO - Trial 56 finished with value: 0.07181277497143837 and parameters: {'n_layers': 1, 'embedding_dim': 256, 'lr': 0.005522300538886361, 'lambda_val': 0.004819089302424497, 'batch_size': 3601, 'optimizer': 'Adam'}. Best is trial 53 with value: 0.08819616671886281.
2026-05-20 09:20:41,750 - optuna.study._optimize - INFO - Trial 57 pruned. 
2026-05-20 09:20:53,545 - experiment_functions - INFO - Early stopping at epoch 700. Best Recall: 0.0879
2026-05-20 09:20:53,625 - optuna.study.study - INFO - Trial 58 finished with value: 0.0879389179411988 and parameters: {'n_layers': 1, 'embedding_dim': 256, 'lr': 0.0008865445589772804, 'lambda_val': 0.00030491564033023383, 'batch_size': 3577, 'optimizer': 'Adam'}. Best is trial 53 with value: 0.08819616671886281.
2026-05-20 09:21:04,402 - experiment_functions - INFO - Early stopping at epoch 600. Best Recall: 0.0751
2026-05-20 09:21:04,503 - optuna.study.study - INFO - Trial 59 finished with value: 0.0750924188768941 and parameters: {'n_layers': 2, 'embedding_dim': 256, 'lr': 0.0009669640275666935, 'lambda_val': 0.00016215602323292467, 'batch_size': 3735, 'optimizer': 'Adam'}. Best is trial 53 with value: 0.08819616671886281.
2026-05-20 09:21:19,311 - experiment_functions - INFO - Early stopping at epoch 950. Best Recall: 0.0842
2026-05-20 09:21:19,379 - optuna.study.study - INFO - Trial 60 finished with value: 0.08419350776335836 and parameters: {'n_layers': 1, 'embedding_dim': 256, 'lr': 0.00046553463331768717, 'lambda_val': 0.00028114445408504614, 'batch_size': 3125, 'optimizer': 'Adam'}. Best is trial 53 with value: 0.08819616671886281.
2026-05-20 09:21:31,330 - experiment_functions - INFO - Early stopping at epoch 750. Best Recall: 0.0845
2026-05-20 09:21:31,409 - optuna.study.study - INFO - Trial 61 finished with value: 0.08448563775117078 and parameters: {'n_layers': 1, 'embedding_dim': 256, 'lr': 0.0007894582482523904, 'lambda_val': 0.0012346648499427704, 'batch_size': 3538, 'optimizer': 'Adam'}. Best is trial 53 with value: 0.08819616671886281.
2026-05-20 09:21:40,879 - experiment_functions - INFO - Early stopping at epoch 550. Best Recall: 0.0818
2026-05-20 09:21:40,982 - optuna.study.study - INFO - Trial 62 finished with value: 0.08175099497482564 and parameters: {'n_layers': 1, 'embedding_dim': 256, 'lr': 0.0052687071395658, 'lambda_val': 0.0003048243830673036, 'batch_size': 3819, 'optimizer': 'Adam'}. Best is trial 53 with value: 0.08819616671886281.
2026-05-20 09:21:50,670 - experiment_functions - INFO - Early stopping at epoch 600. Best Recall: 0.0878
2026-05-20 09:21:50,805 - optuna.study.study - INFO - Trial 63 finished with value: 0.08775381684382452 and parameters: {'n_layers': 1, 'embedding_dim': 256, 'lr': 0.0017918642907128605, 'lambda_val': 0.0005430854566520997, 'batch_size': 3643, 'optimizer': 'Adam'}. Best is trial 53 with value: 0.08819616671886281.
2026-05-20 09:22:00,493 - experiment_functions - INFO - Early stopping at epoch 600. Best Recall: 0.0833
2026-05-20 09:22:00,573 - optuna.study.study - INFO - Trial 64 finished with value: 0.08334206382873689 and parameters: {'n_layers': 1, 'embedding_dim': 256, 'lr': 0.0018043290174529734, 'lambda_val': 0.0005311184875526694, 'batch_size': 3644, 'optimizer': 'Adam'}. Best is trial 53 with value: 0.08819616671886281.
2026-05-20 09:22:11,816 - experiment_functions - INFO - Early stopping at epoch 650. Best Recall: 0.0835
2026-05-20 09:22:11,962 - optuna.study.study - INFO - Trial 65 finished with value: 0.08352344042415562 and parameters: {'n_layers': 1, 'embedding_dim': 256, 'lr': 0.0013890652451064443, 'lambda_val': 8.592279209880974e-05, 'batch_size': 3423, 'optimizer': 'Adam'}. Best is trial 53 with value: 0.08819616671886281.
2026-05-20 09:22:26,286 - optuna.study._optimize - INFO - Trial 66 pruned. 
2026-05-20 09:22:36,084 - experiment_functions - INFO - Early stopping at epoch 650. Best Recall: 0.0774
2026-05-20 09:22:36,176 - optuna.study.study - INFO - Trial 67 finished with value: 0.0774016667385586 and parameters: {'n_layers': 1, 'embedding_dim': 32, 'lr': 0.002254446039300927, 'lambda_val': 0.00011728109931590682, 'batch_size': 3420, 'optimizer': 'Adam'}. Best is trial 53 with value: 0.08819616671886281.
2026-05-20 09:22:46,908 - experiment_functions - INFO - Early stopping at epoch 600. Best Recall: 0.0621
2026-05-20 09:22:46,998 - optuna.study.study - INFO - Trial 68 finished with value: 0.062116082947404616 and parameters: {'n_layers': 2, 'embedding_dim': 256, 'lr': 0.00113147414632661, 'lambda_val': 0.01115165971534948, 'batch_size': 2992, 'optimizer': 'Adam'}. Best is trial 53 with value: 0.08819616671886281.
2026-05-20 09:23:01,722 - optuna.study._optimize - INFO - Trial 69 pruned. 
2026-05-20 09:23:14,470 - experiment_functions - INFO - Early stopping at epoch 850. Best Recall: 0.0900
2026-05-20 09:23:14,553 - optuna.study.study - INFO - Trial 70 finished with value: 0.08999374681903885 and parameters: {'n_layers': 1, 'embedding_dim': 64, 'lr': 0.0009012138223365537, 'lambda_val': 6.587966529583453e-05, 'batch_size': 1990, 'optimizer': 'Adam'}. Best is trial 70 with value: 0.08999374681903885.
2026-05-20 09:23:28,725 - experiment_functions - INFO - Early stopping at epoch 950. Best Recall: 0.0861
2026-05-20 09:23:28,827 - optuna.study.study - INFO - Trial 71 finished with value: 0.08608372750225983 and parameters: {'n_layers': 1, 'embedding_dim': 64, 'lr': 0.0007403199105774344, 'lambda_val': 7.65331351999965e-05, 'batch_size': 2026, 'optimizer': 'Adam'}. Best is trial 70 with value: 0.08999374681903885.
2026-05-20 09:23:41,980 - experiment_functions - INFO - Early stopping at epoch 850. Best Recall: 0.0857
2026-05-20 09:23:42,071 - optuna.study.study - INFO - Trial 72 finished with value: 0.08567289775955375 and parameters: {'n_layers': 1, 'embedding_dim': 64, 'lr': 0.0008305556773681384, 'lambda_val': 3.921787483321464e-05, 'batch_size': 1949, 'optimizer': 'Adam'}. Best is trial 70 with value: 0.08999374681903885.
2026-05-20 09:23:58,572 - experiment_functions - INFO - Early stopping at epoch 1150. Best Recall: 0.0852
2026-05-20 09:23:58,662 - optuna.study.study - INFO - Trial 73 finished with value: 0.0852044630941104 and parameters: {'n_layers': 1, 'embedding_dim': 64, 'lr': 0.0005432073629516446, 'lambda_val': 6.82311435994406e-05, 'batch_size': 2105, 'optimizer': 'Adam'}. Best is trial 70 with value: 0.08999374681903885.
2026-05-20 09:24:08,611 - experiment_functions - INFO - Early stopping at epoch 600. Best Recall: 0.0351
2026-05-20 09:24:08,692 - optuna.study.study - INFO - Trial 74 finished with value: 0.03514992020848827 and parameters: {'n_layers': 4, 'embedding_dim': 64, 'lr': 0.0017417944088007947, 'lambda_val': 0.0003643090646590713, 'batch_size': 2263, 'optimizer': 'Adam'}. Best is trial 70 with value: 0.08999374681903885.
2026-05-20 09:24:23,352 - experiment_functions - INFO - Early stopping at epoch 950. Best Recall: 0.0892
2026-05-20 09:24:23,454 - optuna.study.study - INFO - Trial 75 finished with value: 0.08916715415693299 and parameters: {'n_layers': 1, 'embedding_dim': 64, 'lr': 0.0007307856527743649, 'lambda_val': 0.00011070765402955505, 'batch_size': 1756, 'optimizer': 'Adam'}. Best is trial 70 with value: 0.08999374681903885.
2026-05-20 09:25:12,428 - experiment_functions - INFO - Early stopping at epoch 2650. Best Recall: 0.0905
2026-05-20 09:25:12,755 - optuna.study.study - INFO - Trial 76 finished with value: 0.09051422137432154 and parameters: {'n_layers': 1, 'embedding_dim': 256, 'lr': 0.0002523629509121617, 'lambda_val': 0.0001643971690324781, 'batch_size': 1575, 'optimizer': 'Adam'}. Best is trial 76 with value: 0.09051422137432154.
2026-05-20 09:25:24,816 - experiment_functions - INFO - Early stopping at epoch 750. Best Recall: 0.0890
2026-05-20 09:25:24,917 - optuna.study.study - INFO - Trial 77 finished with value: 0.08898737127885052 and parameters: {'n_layers': 1, 'embedding_dim': 256, 'lr': 0.0010674237866983873, 'lambda_val': 0.0001460914565870885, 'batch_size': 1806, 'optimizer': 'Adam'}. Best is trial 76 with value: 0.09051422137432154.
2026-05-20 09:26:14,935 - experiment_functions - INFO - Early stopping at epoch 3100. Best Recall: 0.0898
2026-05-20 09:26:16,194 - optuna.study.study - INFO - Trial 78 finished with value: 0.08976628485823128 and parameters: {'n_layers': 1, 'embedding_dim': 256, 'lr': 0.0002463870849918904, 'lambda_val': 0.0001224363642246035, 'batch_size': 1771, 'optimizer': 'Adam'}. Best is trial 76 with value: 0.09051422137432154.
2026-05-20 09:26:35,093 - optuna.study._optimize - INFO - Trial 79 pruned. 
2026-05-20 09:26:49,854 - optuna.study._optimize - INFO - Trial 80 pruned. 
2026-05-20 09:27:02,148 - experiment_functions - INFO - Early stopping at epoch 750. Best Recall: 0.0856
2026-05-20 09:27:02,239 - optuna.study.study - INFO - Trial 81 finished with value: 0.08557137742277338 and parameters: {'n_layers': 1, 'embedding_dim': 256, 'lr': 0.0010874434975562783, 'lambda_val': 0.0005477521445027031, 'batch_size': 1766, 'optimizer': 'Adam'}. Best is trial 76 with value: 0.09051422137432154.
2026-05-20 09:27:12,254 - experiment_functions - INFO - Early stopping at epoch 600. Best Recall: 0.0875
2026-05-20 09:27:12,334 - optuna.study.study - INFO - Trial 82 finished with value: 0.08750649160591785 and parameters: {'n_layers': 1, 'embedding_dim': 256, 'lr': 0.002500174263454551, 'lambda_val': 0.00023691709969823514, 'batch_size': 1511, 'optimizer': 'Adam'}. Best is trial 76 with value: 0.09051422137432154.
2026-05-20 09:28:11,908 - experiment_functions - INFO - Early stopping at epoch 3850. Best Recall: 0.0917
2026-05-20 09:28:12,010 - optuna.study.study - INFO - Trial 83 finished with value: 0.09168112592426221 and parameters: {'n_layers': 1, 'embedding_dim': 256, 'lr': 0.00024981739664942484, 'lambda_val': 0.00021596775394943025, 'batch_size': 1525, 'optimizer': 'Adam'}. Best is trial 83 with value: 0.09168112592426221.
2026-05-20 09:28:27,748 - optuna.study._optimize - INFO - Trial 84 pruned. 
2026-05-20 09:28:35,679 - experiment_functions - INFO - Early stopping at epoch 500. Best Recall: 0.0052
2026-05-20 09:28:35,771 - optuna.study.study - INFO - Trial 85 finished with value: 0.005245184270178478 and parameters: {'n_layers': 1, 'embedding_dim': 256, 'lr': 0.0003978075922406122, 'lambda_val': 0.0001720234983092539, 'batch_size': 1259, 'optimizer': 'SGD'}. Best is trial 83 with value: 0.09168112592426221.
2026-05-20 09:29:15,534 - experiment_functions - INFO - Early stopping at epoch 2350. Best Recall: 0.0893
2026-05-20 09:29:15,646 - optuna.study.study - INFO - Trial 86 finished with value: 0.08934697900037959 and parameters: {'n_layers': 1, 'embedding_dim': 256, 'lr': 0.0002661611315172753, 'lambda_val': 0.00011528752261215225, 'batch_size': 1826, 'optimizer': 'Adam'}. Best is trial 83 with value: 0.09168112592426221.
2026-05-20 09:29:45,962 - experiment_functions - INFO - Early stopping at epoch 1900. Best Recall: 0.0891
2026-05-20 09:29:46,097 - optuna.study.study - INFO - Trial 87 finished with value: 0.08907532980733272 and parameters: {'n_layers': 1, 'embedding_dim': 256, 'lr': 0.0002911878663266011, 'lambda_val': 0.00010720349402371642, 'batch_size': 1801, 'optimizer': 'Adam'}. Best is trial 83 with value: 0.09168112592426221.
2026-05-20 09:30:06,241 - optuna.study._optimize - INFO - Trial 88 pruned. 
2026-05-20 09:30:59,595 - experiment_functions - INFO - Early stopping at epoch 2900. Best Recall: 0.0916
2026-05-20 09:30:59,675 - optuna.study.study - INFO - Trial 89 finished with value: 0.09162694511916337 and parameters: {'n_layers': 1, 'embedding_dim': 256, 'lr': 0.00028807882053546384, 'lambda_val': 3.7602989763746985e-05, 'batch_size': 1555, 'optimizer': 'Adam'}. Best is trial 83 with value: 0.09168112592426221.
2026-05-20 09:31:14,838 - optuna.study._optimize - INFO - Trial 90 pruned. 
2026-05-20 09:31:45,667 - experiment_functions - INFO - Early stopping at epoch 1950. Best Recall: 0.0900
2026-05-20 09:31:45,799 - optuna.study.study - INFO - Trial 91 finished with value: 0.09002195618718459 and parameters: {'n_layers': 1, 'embedding_dim': 256, 'lr': 0.00029336354496090723, 'lambda_val': 0.00010909930492183077, 'batch_size': 1846, 'optimizer': 'Adam'}. Best is trial 83 with value: 0.09168112592426221.
2026-05-20 09:32:03,927 - optuna.study._optimize - INFO - Trial 92 pruned. 
2026-05-20 09:32:31,044 - optuna.study._optimize - INFO - Trial 93 pruned. 
2026-05-20 09:32:45,867 - optuna.study._optimize - INFO - Trial 94 pruned. 
2026-05-20 09:33:09,403 - experiment_functions - INFO - Early stopping at epoch 1450. Best Recall: 0.0876
2026-05-20 09:33:09,482 - optuna.study.study - INFO - Trial 95 finished with value: 0.08757437117978423 and parameters: {'n_layers': 1, 'embedding_dim': 256, 'lr': 0.00036960220764397603, 'lambda_val': 0.0002052651019681716, 'batch_size': 1604, 'optimizer': 'Adam'}. Best is trial 83 with value: 0.09168112592426221.
2026-05-20 09:33:33,483 - optuna.study._optimize - INFO - Trial 96 pruned. 
2026-05-20 09:33:41,736 - experiment_functions - INFO - Early stopping at epoch 500. Best Recall: 0.0053
2026-05-20 09:33:41,815 - optuna.study.study - INFO - Trial 97 finished with value: 0.005256689847867561 and parameters: {'n_layers': 1, 'embedding_dim': 32, 'lr': 0.0002731136340651067, 'lambda_val': 0.0001074550511558995, 'batch_size': 1425, 'optimizer': 'SGD'}. Best is trial 83 with value: 0.09168112592426221.
2026-05-20 09:33:57,575 - optuna.study._optimize - INFO - Trial 98 pruned. 
2026-05-20 09:34:12,926 - optuna.study._optimize - INFO - Trial 99 pruned. 
2026-05-20 09:34:31,365 - experiment_functions - INFO - Early stopping at epoch 1150. Best Recall: 0.0886
2026-05-20 09:34:31,522 - optuna.study.study - INFO - Trial 100 finished with value: 0.08859611178763782 and parameters: {'n_layers': 1, 'embedding_dim': 256, 'lr': 0.0004508138741379805, 'lambda_val': 0.0003929632465304269, 'batch_size': 1700, 'optimizer': 'Adam'}. Best is trial 83 with value: 0.09168112592426221.
2026-05-20 09:34:46,650 - experiment_functions - INFO - Early stopping at epoch 900. Best Recall: 0.0893
2026-05-20 09:34:46,785 - optuna.study.study - INFO - Trial 101 finished with value: 0.0893062685133336 and parameters: {'n_layers': 1, 'embedding_dim': 256, 'lr': 0.0006825447638193569, 'lambda_val': 0.0004186279821988745, 'batch_size': 1737, 'optimizer': 'Adam'}. Best is trial 83 with value: 0.09168112592426221.
2026-05-20 09:35:03,147 - experiment_functions - INFO - Early stopping at epoch 900. Best Recall: 0.0855
2026-05-20 09:35:03,924 - optuna.study.study - INFO - Trial 102 finished with value: 0.08552271587972633 and parameters: {'n_layers': 1, 'embedding_dim': 256, 'lr': 0.0006682866861336131, 'lambda_val': 0.0002138747684375795, 'batch_size': 1522, 'optimizer': 'Adam'}. Best is trial 83 with value: 0.09168112592426221.
2026-05-20 09:35:34,377 - optuna.study._optimize - INFO - Trial 103 pruned. 
2026-05-20 09:35:49,608 - optuna.study._optimize - INFO - Trial 104 pruned. 
2026-05-20 09:36:10,520 - experiment_functions - INFO - Early stopping at epoch 1300. Best Recall: 0.0886
2026-05-20 09:36:10,630 - optuna.study.study - INFO - Trial 105 finished with value: 0.08863291001870856 and parameters: {'n_layers': 1, 'embedding_dim': 256, 'lr': 0.00037507751550096714, 'lambda_val': 5.9714171713256e-05, 'batch_size': 1818, 'optimizer': 'Adam'}. Best is trial 83 with value: 0.09168112592426221.
2026-05-20 09:36:28,977 - experiment_functions - INFO - Early stopping at epoch 1150. Best Recall: 0.0883
2026-05-20 09:36:29,045 - optuna.study.study - INFO - Trial 106 finished with value: 0.0883451356267671 and parameters: {'n_layers': 1, 'embedding_dim': 256, 'lr': 0.0005390286168255943, 'lambda_val': 0.00010665588345327203, 'batch_size': 1361, 'optimizer': 'Adam'}. Best is trial 83 with value: 0.09168112592426221.
2026-05-20 09:36:50,313 - optuna.study._optimize - INFO - Trial 107 pruned. 
2026-05-20 09:37:05,605 - experiment_functions - INFO - Early stopping at epoch 950. Best Recall: 0.0868
2026-05-20 09:37:05,752 - optuna.study.study - INFO - Trial 108 finished with value: 0.08677040020836521 and parameters: {'n_layers': 1, 'embedding_dim': 256, 'lr': 0.0006720294773552338, 'lambda_val': 0.00017743257242538532, 'batch_size': 1576, 'optimizer': 'Adam'}. Best is trial 83 with value: 0.09168112592426221.
2026-05-20 09:37:19,473 - optuna.study._optimize - INFO - Trial 109 pruned. 
2026-05-20 09:37:34,426 - optuna.study._optimize - INFO - Trial 110 pruned. 
2026-05-20 09:37:55,646 - experiment_functions - INFO - Early stopping at epoch 1350. Best Recall: 0.0876
2026-05-20 09:37:55,738 - optuna.study.study - INFO - Trial 111 finished with value: 0.08764081180199938 and parameters: {'n_layers': 1, 'embedding_dim': 256, 'lr': 0.000353340228439335, 'lambda_val': 5.8061550683806794e-05, 'batch_size': 1835, 'optimizer': 'Adam'}. Best is trial 83 with value: 0.09168112592426221.
2026-05-20 09:38:14,288 - experiment_functions - INFO - Early stopping at epoch 1200. Best Recall: 0.0892
2026-05-20 09:38:14,423 - optuna.study.study - INFO - Trial 112 finished with value: 0.08923208372312925 and parameters: {'n_layers': 1, 'embedding_dim': 256, 'lr': 0.0004406860213564863, 'lambda_val': 4.312992738652798e-05, 'batch_size': 1742, 'optimizer': 'Adam'}. Best is trial 83 with value: 0.09168112592426221.
2026-05-20 09:38:32,081 - experiment_functions - INFO - Early stopping at epoch 1150. Best Recall: 0.0905
2026-05-20 09:38:32,151 - optuna.study.study - INFO - Trial 113 finished with value: 0.09053670813885964 and parameters: {'n_layers': 1, 'embedding_dim': 256, 'lr': 0.0004548960766303296, 'lambda_val': 4.5601511754527954e-05, 'batch_size': 1745, 'optimizer': 'Adam'}. Best is trial 83 with value: 0.09168112592426221.
2026-05-20 09:38:57,449 - experiment_functions - INFO - Early stopping at epoch 1200. Best Recall: 0.0901
2026-05-20 09:38:57,529 - optuna.study.study - INFO - Trial 114 finished with value: 0.09008079731912744 and parameters: {'n_layers': 1, 'embedding_dim': 256, 'lr': 0.00047480508100323176, 'lambda_val': 4.511174847696791e-05, 'batch_size': 1713, 'optimizer': 'Adam'}. Best is trial 83 with value: 0.09168112592426221.
2026-05-20 09:39:17,642 - experiment_functions - INFO - Early stopping at epoch 1450. Best Recall: 0.0925
2026-05-20 09:39:17,734 - optuna.study.study - INFO - Trial 115 finished with value: 0.09253947425969536 and parameters: {'n_layers': 1, 'embedding_dim': 64, 'lr': 0.00047814575862533033, 'lambda_val': 4.3596926496656034e-05, 'batch_size': 1472, 'optimizer': 'Adam'}. Best is trial 115 with value: 0.09253947425969536.
2026-05-20 09:39:38,874 - experiment_functions - INFO - Early stopping at epoch 1100. Best Recall: 0.0907
2026-05-20 09:39:38,964 - optuna.study.study - INFO - Trial 116 finished with value: 0.09066837463514839 and parameters: {'n_layers': 1, 'embedding_dim': 256, 'lr': 0.0005108933646292269, 'lambda_val': 4.2412278789800605e-05, 'batch_size': 1482, 'optimizer': 'Adam'}. Best is trial 115 with value: 0.09253947425969536.
2026-05-20 09:39:46,562 - experiment_functions - INFO - Early stopping at epoch 500. Best Recall: 0.0055
2026-05-20 09:39:46,665 - optuna.study.study - INFO - Trial 117 finished with value: 0.0055483713508606425 and parameters: {'n_layers': 1, 'embedding_dim': 256, 'lr': 0.0005328984314221998, 'lambda_val': 2.3362565961898445e-05, 'batch_size': 1272, 'optimizer': 'SGD'}. Best is trial 115 with value: 0.09253947425969536.
2026-05-20 09:40:12,633 - experiment_functions - INFO - Early stopping at epoch 1850. Best Recall: 0.0917
2026-05-20 09:40:12,724 - optuna.study.study - INFO - Trial 118 finished with value: 0.09168452207186954 and parameters: {'n_layers': 1, 'embedding_dim': 64, 'lr': 0.00045259282093078915, 'lambda_val': 1.4034656622039058e-05, 'batch_size': 1467, 'optimizer': 'Adam'}. Best is trial 115 with value: 0.09253947425969536.
2026-05-20 09:40:26,904 - optuna.study._optimize - INFO - Trial 119 pruned. 
2026-05-20 09:40:54,451 - experiment_functions - INFO - Early stopping at epoch 1550. Best Recall: 0.0898
2026-05-20 09:40:54,602 - optuna.study.study - INFO - Trial 120 finished with value: 0.08977294796574423 and parameters: {'n_layers': 1, 'embedding_dim': 64, 'lr': 0.00043450285387939614, 'lambda_val': 3.745375817151137e-05, 'batch_size': 1461, 'optimizer': 'Adam'}. Best is trial 115 with value: 0.09253947425969536.
2026-05-20 09:41:26,074 - experiment_functions - INFO - Early stopping at epoch 2200. Best Recall: 0.0911
2026-05-20 09:41:26,165 - optuna.study.study - INFO - Trial 121 finished with value: 0.09109365686691785 and parameters: {'n_layers': 1, 'embedding_dim': 64, 'lr': 0.0004138207489531901, 'lambda_val': 3.37173470911553e-05, 'batch_size': 1476, 'optimizer': 'Adam'}. Best is trial 115 with value: 0.09253947425969536.
2026-05-20 09:41:49,528 - experiment_functions - INFO - Early stopping at epoch 1550. Best Recall: 0.0910
2026-05-20 09:41:49,607 - optuna.study.study - INFO - Trial 122 finished with value: 0.09100517795013427 and parameters: {'n_layers': 1, 'embedding_dim': 64, 'lr': 0.0004639291194422528, 'lambda_val': 3.222094970958032e-05, 'batch_size': 1475, 'optimizer': 'Adam'}. Best is trial 115 with value: 0.09253947425969536.
2026-05-20 09:42:18,412 - optuna.study._optimize - INFO - Trial 123 pruned. 
2026-05-20 09:42:43,852 - experiment_functions - INFO - Early stopping at epoch 1800. Best Recall: 0.0922
2026-05-20 09:42:43,970 - optuna.study.study - INFO - Trial 124 finished with value: 0.09220633799700394 and parameters: {'n_layers': 1, 'embedding_dim': 64, 'lr': 0.00042083265079221504, 'lambda_val': 1.3789249371175671e-05, 'batch_size': 1444, 'optimizer': 'Adam'}. Best is trial 115 with value: 0.09253947425969536.
2026-05-20 09:43:02,748 - experiment_functions - INFO - Early stopping at epoch 1350. Best Recall: 0.0871
2026-05-20 09:43:02,849 - optuna.study.study - INFO - Trial 125 finished with value: 0.0871380828412257 and parameters: {'n_layers': 1, 'embedding_dim': 64, 'lr': 0.0005277272394637257, 'lambda_val': 1.4218785020995603e-05, 'batch_size': 1327, 'optimizer': 'Adam'}. Best is trial 115 with value: 0.09253947425969536.
2026-05-20 09:43:16,422 - experiment_functions - INFO - Early stopping at epoch 900. Best Recall: 0.0932
2026-05-20 09:43:16,512 - optuna.study.study - INFO - Trial 126 finished with value: 0.09322681497767364 and parameters: {'n_layers': 1, 'embedding_dim': 64, 'lr': 0.0009024454811000014, 'lambda_val': 1.918151913275582e-05, 'batch_size': 1597, 'optimizer': 'Adam'}. Best is trial 126 with value: 0.09322681497767364.
2026-05-20 09:43:32,012 - experiment_functions - INFO - Early stopping at epoch 1100. Best Recall: 0.0891
2026-05-20 09:43:32,146 - optuna.study.study - INFO - Trial 127 finished with value: 0.08905084244565635 and parameters: {'n_layers': 1, 'embedding_dim': 64, 'lr': 0.0006225031780102072, 'lambda_val': 8.763668422213015e-06, 'batch_size': 1588, 'optimizer': 'Adam'}. Best is trial 126 with value: 0.09322681497767364.
2026-05-20 09:43:55,220 - experiment_functions - INFO - Early stopping at epoch 950. Best Recall: 0.0687
2026-05-20 09:43:55,300 - optuna.study.study - INFO - Trial 128 finished with value: 0.06872406627489133 and parameters: {'n_layers': 3, 'embedding_dim': 64, 'lr': 0.0003632276809242374, 'lambda_val': 1.1317978615519568e-05, 'batch_size': 986, 'optimizer': 'Adam'}. Best is trial 126 with value: 0.09322681497767364.
2026-05-20 09:44:09,510 - optuna.study._optimize - INFO - Trial 129 pruned. 
2026-05-20 09:44:30,731 - experiment_functions - INFO - Early stopping at epoch 1500. Best Recall: 0.0904
2026-05-20 09:44:30,809 - optuna.study.study - INFO - Trial 130 finished with value: 0.09042992355476262 and parameters: {'n_layers': 1, 'embedding_dim': 64, 'lr': 0.0004114681441048206, 'lambda_val': 6.124761673083247e-06, 'batch_size': 1654, 'optimizer': 'Adam'}. Best is trial 126 with value: 0.09322681497767364.
2026-05-20 09:44:45,386 - optuna.study._optimize - INFO - Trial 131 pruned. 
2026-05-20 09:45:17,565 - experiment_functions - INFO - Early stopping at epoch 2250. Best Recall: 0.0914
2026-05-20 09:45:17,666 - optuna.study.study - INFO - Trial 132 finished with value: 0.09139258763698817 and parameters: {'n_layers': 1, 'embedding_dim': 64, 'lr': 0.00039738939882269655, 'lambda_val': 2.7341411756032917e-05, 'batch_size': 1401, 'optimizer': 'Adam'}. Best is trial 126 with value: 0.09322681497767364.
2026-05-20 09:45:46,590 - optuna.study._optimize - INFO - Trial 133 pruned. 
2026-05-20 09:46:04,476 - experiment_functions - INFO - Early stopping at epoch 1250. Best Recall: 0.0888
2026-05-20 09:46:04,555 - optuna.study.study - INFO - Trial 134 finished with value: 0.08884154574638486 and parameters: {'n_layers': 1, 'embedding_dim': 64, 'lr': 0.0005284884506836548, 'lambda_val': 5.100473569038248e-06, 'batch_size': 1550, 'optimizer': 'Adam'}. Best is trial 126 with value: 0.09322681497767364.
2026-05-20 09:46:19,941 - experiment_functions - INFO - Early stopping at epoch 1000. Best Recall: 0.0907
2026-05-20 09:46:20,019 - optuna.study.study - INFO - Trial 135 finished with value: 0.0906980851399201 and parameters: {'n_layers': 1, 'embedding_dim': 64, 'lr': 0.0007884552002298917, 'lambda_val': 1.571754968913461e-05, 'batch_size': 1200, 'optimizer': 'Adam'}. Best is trial 126 with value: 0.09322681497767364.
2026-05-20 09:46:31,015 - experiment_functions - INFO - Early stopping at epoch 650. Best Recall: 0.0526
2026-05-20 09:46:31,104 - optuna.study.study - INFO - Trial 136 finished with value: 0.052586243478075625 and parameters: {'n_layers': 4, 'embedding_dim': 64, 'lr': 0.0007875585556170223, 'lambda_val': 1.3146114075223018e-05, 'batch_size': 1018, 'optimizer': 'Adam'}. Best is trial 126 with value: 0.09322681497767364.
2026-05-20 09:46:44,337 - experiment_functions - INFO - Early stopping at epoch 900. Best Recall: 0.0935
2026-05-20 09:46:44,430 - optuna.study.study - INFO - Trial 137 finished with value: 0.09351700221570117 and parameters: {'n_layers': 1, 'embedding_dim': 64, 'lr': 0.0008971398458482193, 'lambda_val': 1.840496003633292e-05, 'batch_size': 1277, 'optimizer': 'Adam'}. Best is trial 137 with value: 0.09351700221570117.
2026-05-20 09:46:58,722 - experiment_functions - INFO - Early stopping at epoch 950. Best Recall: 0.0926
2026-05-20 09:46:58,845 - optuna.study.study - INFO - Trial 138 finished with value: 0.09260262913940251 and parameters: {'n_layers': 1, 'embedding_dim': 64, 'lr': 0.0009752234666973943, 'lambda_val': 1.7997129678691726e-05, 'batch_size': 1224, 'optimizer': 'Adam'}. Best is trial 137 with value: 0.09351700221570117.
2026-05-20 09:47:11,866 - experiment_functions - INFO - Early stopping at epoch 850. Best Recall: 0.0918
2026-05-20 09:47:11,945 - optuna.study.study - INFO - Trial 139 finished with value: 0.09177744993017578 and parameters: {'n_layers': 1, 'embedding_dim': 64, 'lr': 0.0009878111668595287, 'lambda_val': 1.7295152189881038e-05, 'batch_size': 1182, 'optimizer': 'Adam'}. Best is trial 137 with value: 0.09351700221570117.
2026-05-20 09:47:19,271 - experiment_functions - INFO - Early stopping at epoch 500. Best Recall: 0.0044
2026-05-20 09:47:19,351 - optuna.study.study - INFO - Trial 140 finished with value: 0.004422372068280971 and parameters: {'n_layers': 1, 'embedding_dim': 64, 'lr': 0.0009187363083578616, 'lambda_val': 1.6534043988011765e-05, 'batch_size': 802, 'optimizer': 'SGD'}. Best is trial 137 with value: 0.09351700221570117.
2026-05-20 09:47:38,380 - experiment_functions - INFO - Early stopping at epoch 750. Best Recall: 0.0893
2026-05-20 09:47:39,143 - optuna.study.study - INFO - Trial 141 finished with value: 0.0892850194421953 and parameters: {'n_layers': 1, 'embedding_dim': 64, 'lr': 0.0014708451615099817, 'lambda_val': 2.3316818795981868e-05, 'batch_size': 1290, 'optimizer': 'Adam'}. Best is trial 137 with value: 0.09351700221570117.
2026-05-20 09:47:53,423 - experiment_functions - INFO - Early stopping at epoch 850. Best Recall: 0.0900
2026-05-20 09:47:53,502 - optuna.study.study - INFO - Trial 142 finished with value: 0.090003359817664 and parameters: {'n_layers': 1, 'embedding_dim': 64, 'lr': 0.0010339023521954694, 'lambda_val': 8.393139529413535e-06, 'batch_size': 1235, 'optimizer': 'Adam'}. Best is trial 137 with value: 0.09351700221570117.
2026-05-20 09:48:05,688 - experiment_functions - INFO - Early stopping at epoch 800. Best Recall: 0.0867
2026-05-20 09:48:05,790 - optuna.study.study - INFO - Trial 143 finished with value: 0.08672579813070376 and parameters: {'n_layers': 1, 'embedding_dim': 64, 'lr': 0.0012447053554243215, 'lambda_val': 1.9948569965796937e-05, 'batch_size': 1178, 'optimizer': 'Adam'}. Best is trial 137 with value: 0.09351700221570117.
2026-05-20 09:48:25,759 - experiment_functions - INFO - Early stopping at epoch 1200. Best Recall: 0.0884
2026-05-20 09:48:26,540 - optuna.study.study - INFO - Trial 144 finished with value: 0.08837407116619736 and parameters: {'n_layers': 1, 'embedding_dim': 64, 'lr': 0.0006441869466574893, 'lambda_val': 3.252917729028786e-05, 'batch_size': 1328, 'optimizer': 'Adam'}. Best is trial 137 with value: 0.09351700221570117.
2026-05-20 09:48:49,976 - experiment_functions - INFO - Early stopping at epoch 1050. Best Recall: 0.0918
2026-05-20 09:48:50,066 - optuna.study.study - INFO - Trial 145 finished with value: 0.0917987538541835 and parameters: {'n_layers': 1, 'embedding_dim': 64, 'lr': 0.0008259637751487797, 'lambda_val': 1.1671619487608596e-05, 'batch_size': 1070, 'optimizer': 'Adam'}. Best is trial 137 with value: 0.09351700221570117.
2026-05-20 09:49:02,919 - experiment_functions - INFO - Early stopping at epoch 850. Best Recall: 0.0848
2026-05-20 09:49:03,008 - optuna.study.study - INFO - Trial 146 finished with value: 0.08478195996876549 and parameters: {'n_layers': 1, 'embedding_dim': 64, 'lr': 0.0008488648640937533, 'lambda_val': 1.102435343693018e-05, 'batch_size': 1086, 'optimizer': 'RMSprop'}. Best is trial 137 with value: 0.09351700221570117.
2026-05-20 09:49:22,585 - experiment_functions - INFO - Early stopping at epoch 1350. Best Recall: 0.0896
2026-05-20 09:49:22,665 - optuna.study.study - INFO - Trial 147 finished with value: 0.08963196670436144 and parameters: {'n_layers': 1, 'embedding_dim': 64, 'lr': 0.0006033350326005309, 'lambda_val': 1.4830342880800606e-05, 'batch_size': 921, 'optimizer': 'Adam'}. Best is trial 137 with value: 0.09351700221570117.
2026-05-20 09:49:34,796 - experiment_functions - INFO - Early stopping at epoch 800. Best Recall: 0.0916
2026-05-20 09:49:34,898 - optuna.study.study - INFO - Trial 148 finished with value: 0.09164054696811341 and parameters: {'n_layers': 1, 'embedding_dim': 64, 'lr': 0.0012804197532905062, 'lambda_val': 2.8281864582254316e-05, 'batch_size': 1057, 'optimizer': 'Adam'}. Best is trial 137 with value: 0.09351700221570117.
2026-05-20 09:49:49,273 - experiment_functions - INFO - Early stopping at epoch 800. Best Recall: 0.0908
2026-05-20 09:49:49,939 - optuna.study.study - INFO - Trial 149 finished with value: 0.0907974088930638 and parameters: {'n_layers': 1, 'embedding_dim': 64, 'lr': 0.001390921550377605, 'lambda_val': 1.8741512960766863e-05, 'batch_size': 842, 'optimizer': 'Adam'}. Best is trial 137 with value: 0.09351700221570117.
2026-05-20 09:50:08,156 - experiment_functions - INFO - Early stopping at epoch 800. Best Recall: 0.0911
2026-05-20 09:50:08,246 - optuna.study.study - INFO - Trial 150 finished with value: 0.09106535500918699 and parameters: {'n_layers': 1, 'embedding_dim': 64, 'lr': 0.0014495222669236316, 'lambda_val': 2.6095203366188195e-05, 'batch_size': 837, 'optimizer': 'Adam'}. Best is trial 137 with value: 0.09351700221570117.
2026-05-20 09:50:21,499 - experiment_functions - INFO - Early stopping at epoch 850. Best Recall: 0.0915
2026-05-20 09:50:21,598 - optuna.study.study - INFO - Trial 151 finished with value: 0.09148328986498312 and parameters: {'n_layers': 1, 'embedding_dim': 64, 'lr': 0.0014199573293493418, 'lambda_val': 2.5658562632510454e-05, 'batch_size': 573, 'optimizer': 'Adam'}. Best is trial 137 with value: 0.09351700221570117.
2026-05-20 09:50:36,311 - experiment_functions - INFO - Early stopping at epoch 950. Best Recall: 0.0909
2026-05-20 09:50:36,410 - optuna.study.study - INFO - Trial 152 finished with value: 0.09091572173033893 and parameters: {'n_layers': 1, 'embedding_dim': 64, 'lr': 0.0012049894109425396, 'lambda_val': 2.708571637696325e-05, 'batch_size': 607, 'optimizer': 'Adam'}. Best is trial 137 with value: 0.09351700221570117.
2026-05-20 09:50:50,747 - experiment_functions - INFO - Early stopping at epoch 800. Best Recall: 0.0913
2026-05-20 09:50:51,528 - optuna.study.study - INFO - Trial 153 finished with value: 0.09130977061437227 and parameters: {'n_layers': 1, 'embedding_dim': 64, 'lr': 0.0016862810351358812, 'lambda_val': 2.2664168024594894e-05, 'batch_size': 572, 'optimizer': 'Adam'}. Best is trial 137 with value: 0.09351700221570117.
2026-05-20 09:51:07,992 - experiment_functions - INFO - Early stopping at epoch 800. Best Recall: 0.0897
2026-05-20 09:51:08,083 - optuna.study.study - INFO - Trial 154 finished with value: 0.08973477609444118 and parameters: {'n_layers': 1, 'embedding_dim': 64, 'lr': 0.0016037184748860505, 'lambda_val': 1.0276695964268256e-05, 'batch_size': 583, 'optimizer': 'Adam'}. Best is trial 137 with value: 0.09351700221570117.
2026-05-20 09:51:18,804 - experiment_functions - INFO - Early stopping at epoch 700. Best Recall: 0.0898
2026-05-20 09:51:18,926 - optuna.study.study - INFO - Trial 155 finished with value: 0.08984652712512947 and parameters: {'n_layers': 1, 'embedding_dim': 64, 'lr': 0.0025532583812373838, 'lambda_val': 1.2562533699170475e-05, 'batch_size': 659, 'optimizer': 'Adam'}. Best is trial 137 with value: 0.09351700221570117.
2026-05-20 09:51:30,392 - experiment_functions - INFO - Early stopping at epoch 750. Best Recall: 0.0938
2026-05-20 09:51:30,541 - optuna.study.study - INFO - Trial 156 finished with value: 0.09382427367571183 and parameters: {'n_layers': 1, 'embedding_dim': 64, 'lr': 0.0018311842313219783, 'lambda_val': 2.1994726846816563e-05, 'batch_size': 761, 'optimizer': 'Adam'}. Best is trial 156 with value: 0.09382427367571183.
2026-05-20 09:51:51,980 - experiment_functions - INFO - Early stopping at epoch 950. Best Recall: 0.0909
2026-05-20 09:51:52,992 - optuna.study.study - INFO - Trial 157 finished with value: 0.09093737902941733 and parameters: {'n_layers': 1, 'embedding_dim': 64, 'lr': 0.0010205466115761831, 'lambda_val': 7.48711708181376e-06, 'batch_size': 1068, 'optimizer': 'Adam'}. Best is trial 156 with value: 0.09382427367571183.
2026-05-20 09:52:07,211 - experiment_functions - INFO - Early stopping at epoch 850. Best Recall: 0.0881
2026-05-20 09:52:07,350 - optuna.study.study - INFO - Trial 158 finished with value: 0.08807214452576938 and parameters: {'n_layers': 1, 'embedding_dim': 64, 'lr': 0.0016752466401968643, 'lambda_val': 2.129237172073276e-05, 'batch_size': 530, 'optimizer': 'Adam'}. Best is trial 156 with value: 0.09382427367571183.
2026-05-20 09:52:17,927 - experiment_functions - INFO - Early stopping at epoch 700. Best Recall: 0.0895
2026-05-20 09:52:18,017 - optuna.study.study - INFO - Trial 159 finished with value: 0.08945805391124538 and parameters: {'n_layers': 1, 'embedding_dim': 64, 'lr': 0.002037676518568331, 'lambda_val': 1.7430162570549068e-05, 'batch_size': 681, 'optimizer': 'Adam'}. Best is trial 156 with value: 0.09382427367571183.
2026-05-20 09:52:32,267 - experiment_functions - INFO - Early stopping at epoch 950. Best Recall: 0.0907
2026-05-20 09:52:32,356 - optuna.study.study - INFO - Trial 160 finished with value: 0.09071351074445318 and parameters: {'n_layers': 1, 'embedding_dim': 64, 'lr': 0.0011345699833444581, 'lambda_val': 1.3117717138315621e-05, 'batch_size': 904, 'optimizer': 'Adam'}. Best is trial 156 with value: 0.09382427367571183.
2026-05-20 09:52:42,676 - experiment_functions - INFO - Early stopping at epoch 650. Best Recall: 0.0909
2026-05-20 09:52:42,767 - optuna.study.study - INFO - Trial 161 finished with value: 0.09093471180613247 and parameters: {'n_layers': 1, 'embedding_dim': 64, 'lr': 0.002837778896425777, 'lambda_val': 2.5456350015463094e-05, 'batch_size': 735, 'optimizer': 'Adam'}. Best is trial 156 with value: 0.09382427367571183.
2026-05-20 09:52:55,670 - experiment_functions - INFO - Early stopping at epoch 850. Best Recall: 0.0883
2026-05-20 09:52:55,759 - optuna.study.study - INFO - Trial 162 finished with value: 0.08828126010463834 and parameters: {'n_layers': 1, 'embedding_dim': 64, 'lr': 0.0014366471754347144, 'lambda_val': 2.217351443872548e-05, 'batch_size': 787, 'optimizer': 'Adam'}. Best is trial 156 with value: 0.09382427367571183.
2026-05-20 09:53:06,099 - experiment_functions - INFO - Early stopping at epoch 700. Best Recall: 0.0904
2026-05-20 09:53:06,199 - optuna.study.study - INFO - Trial 163 finished with value: 0.0904020108885519 and parameters: {'n_layers': 1, 'embedding_dim': 64, 'lr': 0.002089213835702228, 'lambda_val': 2.9285753198389382e-05, 'batch_size': 884, 'optimizer': 'Adam'}. Best is trial 156 with value: 0.09382427367571183.
2026-05-20 09:53:20,606 - experiment_functions - INFO - Early stopping at epoch 950. Best Recall: 0.0918
2026-05-20 09:53:20,708 - optuna.study.study - INFO - Trial 164 finished with value: 0.09184250079290548 and parameters: {'n_layers': 1, 'embedding_dim': 64, 'lr': 0.0009568235832350567, 'lambda_val': 1.7434928478106593e-05, 'batch_size': 1008, 'optimizer': 'Adam'}. Best is trial 156 with value: 0.09382427367571183.
2026-05-20 09:53:35,895 - experiment_functions - INFO - Early stopping at epoch 1050. Best Recall: 0.0931
2026-05-20 09:53:36,028 - optuna.study.study - INFO - Trial 165 finished with value: 0.09308786149427838 and parameters: {'n_layers': 1, 'embedding_dim': 64, 'lr': 0.0009083164633036299, 'lambda_val': 1.9377791053309497e-05, 'batch_size': 1011, 'optimizer': 'Adam'}. Best is trial 156 with value: 0.09382427367571183.
2026-05-20 09:53:50,015 - experiment_functions - INFO - Early stopping at epoch 950. Best Recall: 0.0889
2026-05-20 09:53:50,116 - optuna.study.study - INFO - Trial 166 finished with value: 0.08886045290537095 and parameters: {'n_layers': 1, 'embedding_dim': 64, 'lr': 0.0009646648341639206, 'lambda_val': 9.306136918708015e-06, 'batch_size': 1047, 'optimizer': 'Adam'}. Best is trial 156 with value: 0.09382427367571183.
2026-05-20 09:54:03,437 - experiment_functions - INFO - Early stopping at epoch 850. Best Recall: 0.0913
2026-05-20 09:54:03,536 - optuna.study.study - INFO - Trial 167 finished with value: 0.09128021323632228 and parameters: {'n_layers': 1, 'embedding_dim': 64, 'lr': 0.0012173214201260862, 'lambda_val': 1.5607443604658786e-05, 'batch_size': 1015, 'optimizer': 'Adam'}. Best is trial 156 with value: 0.09382427367571183.
2026-05-20 09:54:21,201 - experiment_functions - INFO - Early stopping at epoch 1100. Best Recall: 0.0911
2026-05-20 09:54:21,322 - optuna.study.study - INFO - Trial 168 finished with value: 0.09109071585228362 and parameters: {'n_layers': 1, 'embedding_dim': 64, 'lr': 0.0007845068982819677, 'lambda_val': 1.9459452510066115e-05, 'batch_size': 1138, 'optimizer': 'Adam'}. Best is trial 156 with value: 0.09382427367571183.
2026-05-20 09:54:36,345 - experiment_functions - INFO - Early stopping at epoch 1000. Best Recall: 0.0927
2026-05-20 09:54:36,425 - optuna.study.study - INFO - Trial 169 finished with value: 0.09265167298672623 and parameters: {'n_layers': 1, 'embedding_dim': 64, 'lr': 0.0009301580351154286, 'lambda_val': 1.2412904859668795e-05, 'batch_size': 948, 'optimizer': 'Adam'}. Best is trial 156 with value: 0.09382427367571183.
2026-05-20 09:54:43,596 - experiment_functions - INFO - Early stopping at epoch 500. Best Recall: 0.0051
2026-05-20 09:54:43,686 - optuna.study.study - INFO - Trial 170 finished with value: 0.005140075923323524 and parameters: {'n_layers': 1, 'embedding_dim': 64, 'lr': 0.0008650890277256042, 'lambda_val': 1.4406181857820351e-05, 'batch_size': 973, 'optimizer': 'SGD'}. Best is trial 156 with value: 0.09382427367571183.
2026-05-20 09:55:00,037 - experiment_functions - INFO - Early stopping at epoch 1000. Best Recall: 0.0918
2026-05-20 09:55:00,803 - optuna.study.study - INFO - Trial 171 finished with value: 0.09179877542115833 and parameters: {'n_layers': 1, 'embedding_dim': 64, 'lr': 0.0010324365232757364, 'lambda_val': 7.551715127838544e-06, 'batch_size': 752, 'optimizer': 'Adam'}. Best is trial 156 with value: 0.09382427367571183.
2026-05-20 09:55:20,649 - experiment_functions - INFO - Early stopping at epoch 1100. Best Recall: 0.0937
2026-05-20 09:55:20,771 - optuna.study.study - INFO - Trial 172 finished with value: 0.0936830598502867 and parameters: {'n_layers': 1, 'embedding_dim': 64, 'lr': 0.0008797350052066944, 'lambda_val': 1.1047710956427188e-05, 'batch_size': 731, 'optimizer': 'Adam'}. Best is trial 156 with value: 0.09382427367571183.
2026-05-20 09:55:36,225 - experiment_functions - INFO - Early stopping at epoch 1050. Best Recall: 0.0876
2026-05-20 09:55:36,303 - optuna.study.study - INFO - Trial 173 finished with value: 0.08759253706715515 and parameters: {'n_layers': 1, 'embedding_dim': 64, 'lr': 0.0010189632083582585, 'lambda_val': 2.973549015223052e-06, 'batch_size': 747, 'optimizer': 'Adam'}. Best is trial 156 with value: 0.09382427367571183.
2026-05-20 09:56:01,261 - experiment_functions - INFO - Early stopping at epoch 1200. Best Recall: 0.0929
2026-05-20 09:56:02,028 - optuna.study.study - INFO - Trial 174 finished with value: 0.09292013077869204 and parameters: {'n_layers': 1, 'embedding_dim': 64, 'lr': 0.0007171001004868452, 'lambda_val': 7.685621729356822e-06, 'batch_size': 965, 'optimizer': 'Adam'}. Best is trial 156 with value: 0.09382427367571183.
2026-05-20 09:56:21,434 - experiment_functions - INFO - Early stopping at epoch 1200. Best Recall: 0.0925
2026-05-20 09:56:21,525 - optuna.study.study - INFO - Trial 175 finished with value: 0.0925185327285345 and parameters: {'n_layers': 1, 'embedding_dim': 64, 'lr': 0.0006851994476272706, 'lambda_val': 4.214471912564598e-06, 'batch_size': 975, 'optimizer': 'Adam'}. Best is trial 156 with value: 0.09382427367571183.
2026-05-20 09:56:36,067 - experiment_functions - INFO - Early stopping at epoch 1000. Best Recall: 0.0909
2026-05-20 09:56:36,145 - optuna.study.study - INFO - Trial 176 finished with value: 0.09086584670562589 and parameters: {'n_layers': 1, 'embedding_dim': 64, 'lr': 0.0007130466954039157, 'lambda_val': 4.335360115772818e-06, 'batch_size': 990, 'optimizer': 'RMSprop'}. Best is trial 156 with value: 0.09382427367571183.
2026-05-20 09:56:50,082 - experiment_functions - INFO - Early stopping at epoch 950. Best Recall: 0.0876
2026-05-20 09:56:50,173 - optuna.study.study - INFO - Trial 177 finished with value: 0.08764181789761309 and parameters: {'n_layers': 1, 'embedding_dim': 64, 'lr': 0.0009230379662788692, 'lambda_val': 8.20779107318926e-06, 'batch_size': 916, 'optimizer': 'Adam'}. Best is trial 156 with value: 0.09382427367571183.
2026-05-20 09:57:02,856 - experiment_functions - INFO - Early stopping at epoch 750. Best Recall: 0.0704
2026-05-20 09:57:03,127 - optuna.study.study - INFO - Trial 178 finished with value: 0.07042813761631302 and parameters: {'n_layers': 3, 'embedding_dim': 64, 'lr': 0.0006756308269654673, 'lambda_val': 1.0961892492311631e-05, 'batch_size': 1124, 'optimizer': 'Adam'}. Best is trial 156 with value: 0.09382427367571183.
2026-05-20 09:57:16,512 - experiment_functions - INFO - Early stopping at epoch 900. Best Recall: 0.0914
2026-05-20 09:57:16,614 - optuna.study.study - INFO - Trial 179 finished with value: 0.0914415366684365 and parameters: {'n_layers': 1, 'embedding_dim': 64, 'lr': 0.0011359632790880557, 'lambda_val': 5.5841021681288336e-06, 'batch_size': 845, 'optimizer': 'Adam'}. Best is trial 156 with value: 0.09382427367571183.
2026-05-20 09:57:35,842 - experiment_functions - INFO - Early stopping at epoch 1350. Best Recall: 0.0891
2026-05-20 09:57:35,931 - optuna.study.study - INFO - Trial 180 finished with value: 0.08910707124745659 and parameters: {'n_layers': 1, 'embedding_dim': 64, 'lr': 0.0006122197192312491, 'lambda_val': 3.4626661266894027e-06, 'batch_size': 1061, 'optimizer': 'Adam'}. Best is trial 156 with value: 0.09382427367571183.
2026-05-20 09:57:52,457 - experiment_functions - INFO - Early stopping at epoch 1150. Best Recall: 0.0895
2026-05-20 09:57:52,600 - optuna.study.study - INFO - Trial 181 finished with value: 0.0895300614814044 and parameters: {'n_layers': 1, 'embedding_dim': 96, 'lr': 0.0007797414419545109, 'lambda_val': 9.585388130016456e-06, 'batch_size': 937, 'optimizer': 'Adam'}. Best is trial 156 with value: 0.09382427367571183.
2026-05-20 09:58:06,460 - experiment_functions - INFO - Early stopping at epoch 950. Best Recall: 0.0922
2026-05-20 09:58:06,559 - optuna.study.study - INFO - Trial 182 finished with value: 0.09219412557244241 and parameters: {'n_layers': 1, 'embedding_dim': 64, 'lr': 0.0009550480470863415, 'lambda_val': 7.822643206288906e-06, 'batch_size': 1222, 'optimizer': 'Adam'}. Best is trial 156 with value: 0.09382427367571183.
2026-05-20 09:58:21,261 - experiment_functions - INFO - Early stopping at epoch 950. Best Recall: 0.0889
2026-05-20 09:58:21,397 - optuna.study.study - INFO - Trial 183 finished with value: 0.0889225497488439 and parameters: {'n_layers': 1, 'embedding_dim': 64, 'lr': 0.0009808337362455489, 'lambda_val': 1.1281965977671012e-05, 'batch_size': 1224, 'optimizer': 'Adam'}. Best is trial 156 with value: 0.09382427367571183.
2026-05-20 09:58:44,872 - experiment_functions - INFO - Early stopping at epoch 1000. Best Recall: 0.0917
2026-05-20 09:58:44,962 - optuna.study.study - INFO - Trial 184 finished with value: 0.09171199496937289 and parameters: {'n_layers': 1, 'embedding_dim': 64, 'lr': 0.0008906069241899001, 'lambda_val': 7.296310306108591e-06, 'batch_size': 1286, 'optimizer': 'Adam'}. Best is trial 156 with value: 0.09382427367571183.
2026-05-20 09:58:59,303 - experiment_functions - INFO - Early stopping at epoch 1000. Best Recall: 0.0890
2026-05-20 09:58:59,393 - optuna.study.study - INFO - Trial 185 finished with value: 0.08902917476260314 and parameters: {'n_layers': 1, 'embedding_dim': 64, 'lr': 0.0007229559173214774, 'lambda_val': 7.208116607973184e-06, 'batch_size': 1312, 'optimizer': 'Adam'}. Best is trial 156 with value: 0.09382427367571183.
2026-05-20 09:59:13,469 - experiment_functions - INFO - Early stopping at epoch 950. Best Recall: 0.0903
2026-05-20 09:59:13,557 - optuna.study.study - INFO - Trial 186 finished with value: 0.09032278220877107 and parameters: {'n_layers': 1, 'embedding_dim': 64, 'lr': 0.000848642557890197, 'lambda_val': 6.948977550646321e-06, 'batch_size': 1250, 'optimizer': 'Adam'}. Best is trial 156 with value: 0.09382427367571183.
2026-05-20 09:59:33,150 - experiment_functions - INFO - Early stopping at epoch 1400. Best Recall: 0.0889
2026-05-20 09:59:33,239 - optuna.study.study - INFO - Trial 187 finished with value: 0.08887356956458499 and parameters: {'n_layers': 1, 'embedding_dim': 32, 'lr': 0.0006120583966788956, 'lambda_val': 5.062401381835617e-06, 'batch_size': 1159, 'optimizer': 'Adam'}. Best is trial 156 with value: 0.09382427367571183.
2026-05-20 09:59:48,934 - experiment_functions - INFO - Early stopping at epoch 1050. Best Recall: 0.0905
2026-05-20 09:59:49,023 - optuna.study.study - INFO - Trial 188 finished with value: 0.09046348313516338 and parameters: {'n_layers': 1, 'embedding_dim': 64, 'lr': 0.0009630326875687361, 'lambda_val': 3.798963044016967e-06, 'batch_size': 781, 'optimizer': 'Adam'}. Best is trial 156 with value: 0.09382427367571183.
2026-05-20 10:00:02,351 - experiment_functions - INFO - Early stopping at epoch 900. Best Recall: 0.0887
2026-05-20 10:00:02,450 - optuna.study.study - INFO - Trial 189 finished with value: 0.08866371765846265 and parameters: {'n_layers': 1, 'embedding_dim': 64, 'lr': 0.00114319010900593, 'lambda_val': 8.61574267614018e-06, 'batch_size': 1161, 'optimizer': 'Adam'}. Best is trial 156 with value: 0.09382427367571183.
2026-05-20 10:00:18,269 - experiment_functions - INFO - Early stopping at epoch 1100. Best Recall: 0.0910
2026-05-20 10:00:18,379 - optuna.study.study - INFO - Trial 190 finished with value: 0.09096421697237787 and parameters: {'n_layers': 1, 'embedding_dim': 64, 'lr': 0.000718556276880389, 'lambda_val': 1.221218623385215e-05, 'batch_size': 1329, 'optimizer': 'Adam'}. Best is trial 156 with value: 0.09382427367571183.
2026-05-20 10:00:38,985 - experiment_functions - INFO - Early stopping at epoch 800. Best Recall: 0.0871
2026-05-20 10:00:39,525 - optuna.study.study - INFO - Trial 191 finished with value: 0.08714565968897967 and parameters: {'n_layers': 1, 'embedding_dim': 64, 'lr': 0.0013356968068560478, 'lambda_val': 1.4840129590813216e-05, 'batch_size': 1080, 'optimizer': 'Adam'}. Best is trial 156 with value: 0.09382427367571183.
2026-05-20 10:00:51,507 - experiment_functions - INFO - Early stopping at epoch 800. Best Recall: 0.0894
2026-05-20 10:00:51,597 - optuna.study.study - INFO - Trial 192 finished with value: 0.08944495329331961 and parameters: {'n_layers': 1, 'embedding_dim': 64, 'lr': 0.0011666670320441036, 'lambda_val': 9.866257657109055e-06, 'batch_size': 1022, 'optimizer': 'Adam'}. Best is trial 156 with value: 0.09382427367571183.
2026-05-20 10:01:06,971 - experiment_functions - INFO - Early stopping at epoch 1050. Best Recall: 0.0873
2026-05-20 10:01:07,070 - optuna.study.study - INFO - Trial 193 finished with value: 0.0872672542735789 and parameters: {'n_layers': 1, 'embedding_dim': 64, 'lr': 0.0008766602245474663, 'lambda_val': 6.787999381672492e-06, 'batch_size': 949, 'optimizer': 'Adam'}. Best is trial 156 with value: 0.09382427367571183.
2026-05-20 10:01:32,038 - experiment_functions - INFO - Early stopping at epoch 1700. Best Recall: 0.0923
2026-05-20 10:01:32,162 - optuna.study.study - INFO - Trial 194 finished with value: 0.09234942574277331 and parameters: {'n_layers': 1, 'embedding_dim': 64, 'lr': 0.0005692578409125541, 'lambda_val': 1.7540324064949874e-05, 'batch_size': 865, 'optimizer': 'Adam'}. Best is trial 156 with value: 0.09382427367571183.
2026-05-20 10:02:05,910 - experiment_functions - INFO - Early stopping at epoch 2350. Best Recall: 0.0922
2026-05-20 10:02:05,999 - optuna.study.study - INFO - Trial 195 finished with value: 0.09219114126932837 and parameters: {'n_layers': 1, 'embedding_dim': 64, 'lr': 0.0005547439444451745, 'lambda_val': 1.7392587046317128e-05, 'batch_size': 662, 'optimizer': 'Adam'}. Best is trial 156 with value: 0.09382427367571183.
2026-05-20 10:02:27,727 - experiment_functions - INFO - Early stopping at epoch 1550. Best Recall: 0.0920
2026-05-20 10:02:27,815 - optuna.study.study - INFO - Trial 196 finished with value: 0.0919516885488466 and parameters: {'n_layers': 1, 'embedding_dim': 64, 'lr': 0.0005808721659542239, 'lambda_val': 1.7914875073643726e-05, 'batch_size': 837, 'optimizer': 'Adam'}. Best is trial 156 with value: 0.09382427367571183.
2026-05-20 10:02:51,373 - experiment_functions - INFO - Early stopping at epoch 1650. Best Recall: 0.0913
2026-05-20 10:02:51,464 - optuna.study.study - INFO - Trial 197 finished with value: 0.09133026717356624 and parameters: {'n_layers': 1, 'embedding_dim': 64, 'lr': 0.0006120261943855894, 'lambda_val': 1.7770585220561733e-05, 'batch_size': 835, 'optimizer': 'Adam'}. Best is trial 156 with value: 0.09382427367571183.
2026-05-20 10:03:17,339 - experiment_functions - INFO - Early stopping at epoch 1850. Best Recall: 0.0904
2026-05-20 10:03:17,427 - optuna.study.study - INFO - Trial 198 finished with value: 0.09044938412584437 and parameters: {'n_layers': 1, 'embedding_dim': 64, 'lr': 0.0005359610763459248, 'lambda_val': 1.231130339473491e-05, 'batch_size': 767, 'optimizer': 'Adam'}. Best is trial 156 with value: 0.09382427367571183.
2026-05-20 10:03:37,983 - experiment_functions - INFO - Early stopping at epoch 1400. Best Recall: 0.0918
2026-05-20 10:03:38,072 - optuna.study.study - INFO - Trial 199 finished with value: 0.09184084771749287 and parameters: {'n_layers': 1, 'embedding_dim': 64, 'lr': 0.0007327531383116511, 'lambda_val': 1.7565553691491262e-05, 'batch_size': 659, 'optimizer': 'Adam'}. Best is trial 156 with value: 0.09382427367571183.
2026-05-20 10:04:07,921 - experiment_functions - INFO - Early stopping at epoch 2150. Best Recall: 0.0954
2026-05-20 10:04:08,000 - optuna.study.study - INFO - Trial 200 finished with value: 0.09544172882356812 and parameters: {'n_layers': 1, 'embedding_dim': 64, 'lr': 0.0005646110368373352, 'lambda_val': 1.7744095966494728e-05, 'batch_size': 649, 'optimizer': 'Adam'}. Best is trial 200 with value: 0.09544172882356812.
2026-05-20 10:04:53,758 - experiment_functions - INFO - Early stopping at epoch 3300. Best Recall: 0.0946
2026-05-20 10:04:53,847 - optuna.study.study - INFO - Trial 201 finished with value: 0.09460298209748186 and parameters: {'n_layers': 1, 'embedding_dim': 64, 'lr': 0.0005761254584209567, 'lambda_val': 1.8814693099319826e-05, 'batch_size': 664, 'optimizer': 'Adam'}. Best is trial 200 with value: 0.09544172882356812.
2026-05-20 10:05:24,417 - experiment_functions - INFO - Early stopping at epoch 2100. Best Recall: 0.0914
2026-05-20 10:05:24,496 - optuna.study.study - INFO - Trial 202 finished with value: 0.09143265508897938 and parameters: {'n_layers': 1, 'embedding_dim': 64, 'lr': 0.0005648868918910957, 'lambda_val': 1.6538246529294713e-05, 'batch_size': 646, 'optimizer': 'Adam'}. Best is trial 200 with value: 0.09544172882356812.
2026-05-20 10:05:47,186 - experiment_functions - INFO - Early stopping at epoch 1550. Best Recall: 0.0932
2026-05-20 10:05:47,951 - optuna.study.study - INFO - Trial 203 finished with value: 0.09322226509931351 and parameters: {'n_layers': 1, 'embedding_dim': 64, 'lr': 0.0007126148534791177, 'lambda_val': 2.0089679253378147e-05, 'batch_size': 701, 'optimizer': 'Adam'}. Best is trial 200 with value: 0.09544172882356812.
2026-05-20 10:06:04,907 - optuna.study._optimize - INFO - Trial 204 pruned. 
2026-05-20 10:06:23,452 - optuna.study._optimize - INFO - Trial 205 pruned. 
2026-05-20 10:06:49,189 - experiment_functions - INFO - Early stopping at epoch 1650. Best Recall: 0.0914
2026-05-20 10:06:49,323 - optuna.study.study - INFO - Trial 206 finished with value: 0.09140594627388664 and parameters: {'n_layers': 1, 'embedding_dim': 64, 'lr': 0.0006976679373781531, 'lambda_val': 2.0456140733857096e-05, 'batch_size': 668, 'optimizer': 'Adam'}. Best is trial 200 with value: 0.09544172882356812.
2026-05-20 10:07:23,951 - experiment_functions - INFO - Early stopping at epoch 2400. Best Recall: 0.0946
2026-05-20 10:07:24,030 - optuna.study.study - INFO - Trial 207 finished with value: 0.09460889241301587 and parameters: {'n_layers': 1, 'embedding_dim': 64, 'lr': 0.0005787566431723443, 'lambda_val': 1.2845894862918054e-05, 'batch_size': 627, 'optimizer': 'Adam'}. Best is trial 200 with value: 0.09544172882356812.
2026-05-20 10:08:06,540 - experiment_functions - INFO - Early stopping at epoch 2650. Best Recall: 0.0925
2026-05-20 10:08:06,630 - optuna.study.study - INFO - Trial 208 finished with value: 0.09250295326983353 and parameters: {'n_layers': 1, 'embedding_dim': 64, 'lr': 0.0005297621275494922, 'lambda_val': 1.3667603981811094e-05, 'batch_size': 621, 'optimizer': 'Adam'}. Best is trial 200 with value: 0.09544172882356812.
2026-05-20 10:08:51,943 - experiment_functions - INFO - Early stopping at epoch 3150. Best Recall: 0.0929
2026-05-20 10:08:52,022 - optuna.study.study - INFO - Trial 209 finished with value: 0.09288495606340302 and parameters: {'n_layers': 1, 'embedding_dim': 64, 'lr': 0.0005269058402134429, 'lambda_val': 1.2989493456685925e-05, 'batch_size': 608, 'optimizer': 'Adam'}. Best is trial 200 with value: 0.09544172882356812.
2026-05-20 10:09:19,870 - experiment_functions - INFO - Early stopping at epoch 1900. Best Recall: 0.0962
2026-05-20 10:09:19,974 - optuna.study.study - INFO - Trial 210 finished with value: 0.09618519750628236 and parameters: {'n_layers': 1, 'embedding_dim': 64, 'lr': 0.000539333637698036, 'lambda_val': 1.1717855771441554e-05, 'batch_size': 608, 'optimizer': 'RMSprop'}. Best is trial 210 with value: 0.09618519750628236.
2026-05-20 10:09:43,371 - optuna.study._optimize - INFO - Trial 211 pruned. 
2026-05-20 10:10:09,178 - experiment_functions - INFO - Early stopping at epoch 1350. Best Recall: 0.0922
2026-05-20 10:10:09,311 - optuna.study.study - INFO - Trial 212 finished with value: 0.09218273964452427 and parameters: {'n_layers': 1, 'embedding_dim': 128, 'lr': 0.000577568226226452, 'lambda_val': 9.827937348595279e-06, 'batch_size': 632, 'optimizer': 'RMSprop'}. Best is trial 210 with value: 0.09618519750628236.
2026-05-20 10:10:37,380 - experiment_functions - INFO - Early stopping at epoch 1900. Best Recall: 0.0937
2026-05-20 10:10:37,469 - optuna.study.study - INFO - Trial 213 finished with value: 0.09367962796349394 and parameters: {'n_layers': 1, 'embedding_dim': 128, 'lr': 0.00048747680970810653, 'lambda_val': 9.568995260755875e-06, 'batch_size': 623, 'optimizer': 'RMSprop'}. Best is trial 210 with value: 0.09618519750628236.
2026-05-20 10:11:10,417 - experiment_functions - INFO - Early stopping at epoch 1900. Best Recall: 0.0962
2026-05-20 10:11:10,506 - optuna.study.study - INFO - Trial 214 finished with value: 0.0961682189079101 and parameters: {'n_layers': 1, 'embedding_dim': 128, 'lr': 0.0004884936934308054, 'lambda_val': 1.2436366658478753e-05, 'batch_size': 596, 'optimizer': 'RMSprop'}. Best is trial 210 with value: 0.09618519750628236.
2026-05-20 10:11:25,317 - optuna.study._optimize - INFO - Trial 215 pruned. 
2026-05-20 10:12:08,716 - experiment_functions - INFO - Early stopping at epoch 2800. Best Recall: 0.0959
2026-05-20 10:12:08,805 - optuna.study.study - INFO - Trial 216 finished with value: 0.09589912739980529 and parameters: {'n_layers': 1, 'embedding_dim': 128, 'lr': 0.0004600746171130565, 'lambda_val': 1.2942719584317668e-05, 'batch_size': 597, 'optimizer': 'RMSprop'}. Best is trial 210 with value: 0.09618519750628236.
2026-05-20 10:12:48,895 - experiment_functions - INFO - Early stopping at epoch 2450. Best Recall: 0.0950
2026-05-20 10:12:48,983 - optuna.study.study - INFO - Trial 217 finished with value: 0.0949613535546464 and parameters: {'n_layers': 1, 'embedding_dim': 128, 'lr': 0.00046703722991673523, 'lambda_val': 1.2128032849960138e-05, 'batch_size': 603, 'optimizer': 'RMSprop'}. Best is trial 210 with value: 0.09618519750628236.
2026-05-20 10:13:40,350 - experiment_functions - INFO - Early stopping at epoch 3100. Best Recall: 0.0942
2026-05-20 10:13:41,116 - optuna.study.study - INFO - Trial 218 finished with value: 0.09419760195884756 and parameters: {'n_layers': 1, 'embedding_dim': 128, 'lr': 0.0004573170317955606, 'lambda_val': 1.2646573164076917e-05, 'batch_size': 599, 'optimizer': 'RMSprop'}. Best is trial 210 with value: 0.09618519750628236.
2026-05-20 10:14:18,485 - experiment_functions - INFO - Early stopping at epoch 2550. Best Recall: 0.0969
2026-05-20 10:14:18,586 - optuna.study.study - INFO - Trial 219 finished with value: 0.096892020610884 and parameters: {'n_layers': 1, 'embedding_dim': 128, 'lr': 0.0004875672210145436, 'lambda_val': 1.2347044397346184e-05, 'batch_size': 590, 'optimizer': 'RMSprop'}. Best is trial 219 with value: 0.096892020610884.
2026-05-20 10:14:33,490 - optuna.study._optimize - INFO - Trial 220 pruned. 
2026-05-20 10:15:21,871 - experiment_functions - INFO - Early stopping at epoch 2900. Best Recall: 0.0958
2026-05-20 10:15:22,436 - optuna.study.study - INFO - Trial 221 finished with value: 0.09579960053632772 and parameters: {'n_layers': 1, 'embedding_dim': 128, 'lr': 0.0004635917642811461, 'lambda_val': 1.3358943041416438e-05, 'batch_size': 517, 'optimizer': 'RMSprop'}. Best is trial 219 with value: 0.096892020610884.
2026-05-20 10:16:20,799 - optuna.study.study - INFO - Trial 222 finished with value: 0.09433352421699435 and parameters: {'n_layers': 1, 'embedding_dim': 128, 'lr': 0.00044904771955211765, 'lambda_val': 1.2229304141385021e-05, 'batch_size': 533, 'optimizer': 'RMSprop'}. Best is trial 219 with value: 0.096892020610884.
2026-05-20 10:16:55,452 - experiment_functions - INFO - Early stopping at epoch 2350. Best Recall: 0.0950
2026-05-20 10:16:55,530 - optuna.study.study - INFO - Trial 223 finished with value: 0.09503874473117856 and parameters: {'n_layers': 1, 'embedding_dim': 128, 'lr': 0.0004619277783725992, 'lambda_val': 1.2225305491254823e-05, 'batch_size': 536, 'optimizer': 'RMSprop'}. Best is trial 219 with value: 0.096892020610884.
2026-05-20 10:17:10,805 - optuna.study._optimize - INFO - Trial 224 pruned. 
2026-05-20 10:17:56,609 - experiment_functions - INFO - Early stopping at epoch 2600. Best Recall: 0.0969
2026-05-20 10:17:56,700 - optuna.study.study - INFO - Trial 225 finished with value: 0.0968936457107815 and parameters: {'n_layers': 1, 'embedding_dim': 128, 'lr': 0.00044918347858496297, 'lambda_val': 9.393452981639028e-06, 'batch_size': 516, 'optimizer': 'RMSprop'}. Best is trial 225 with value: 0.0968936457107815.
2026-05-20 10:18:45,647 - experiment_functions - INFO - Early stopping at epoch 3400. Best Recall: 0.0971
2026-05-20 10:18:45,738 - optuna.study.study - INFO - Trial 226 finished with value: 0.09714850998063855 and parameters: {'n_layers': 1, 'embedding_dim': 128, 'lr': 0.00043126390422654047, 'lambda_val': 9.150736176854454e-06, 'batch_size': 589, 'optimizer': 'RMSprop'}. Best is trial 226 with value: 0.09714850998063855.
2026-05-20 10:19:24,510 - experiment_functions - INFO - Early stopping at epoch 2650. Best Recall: 0.0943
2026-05-20 10:19:24,653 - optuna.study.study - INFO - Trial 227 finished with value: 0.09428955863072369 and parameters: {'n_layers': 1, 'embedding_dim': 128, 'lr': 0.00043479771180424137, 'lambda_val': 8.948107746931565e-06, 'batch_size': 589, 'optimizer': 'RMSprop'}. Best is trial 226 with value: 0.09714850998063855.
2026-05-20 10:20:02,436 - experiment_functions - INFO - Early stopping at epoch 2550. Best Recall: 0.0951
2026-05-20 10:20:02,525 - optuna.study.study - INFO - Trial 228 finished with value: 0.09507926929323071 and parameters: {'n_layers': 1, 'embedding_dim': 128, 'lr': 0.00043798793775198097, 'lambda_val': 8.680115380183189e-06, 'batch_size': 531, 'optimizer': 'RMSprop'}. Best is trial 226 with value: 0.09714850998063855.
2026-05-20 10:20:50,832 - experiment_functions - INFO - Early stopping at epoch 3200. Best Recall: 0.0953
2026-05-20 10:20:50,965 - optuna.study.study - INFO - Trial 229 finished with value: 0.09525331182102806 and parameters: {'n_layers': 1, 'embedding_dim': 128, 'lr': 0.00043258633042009737, 'lambda_val': 9.335126154914251e-06, 'batch_size': 513, 'optimizer': 'RMSprop'}. Best is trial 226 with value: 0.09714850998063855.
2026-05-20 10:21:13,771 - optuna.study._optimize - INFO - Trial 230 pruned. 
2026-05-20 10:21:32,616 - optuna.study._optimize - INFO - Trial 231 pruned. 
2026-05-20 10:22:10,704 - experiment_functions - INFO - Early stopping at epoch 2650. Best Recall: 0.0939
2026-05-20 10:22:10,809 - optuna.study.study - INFO - Trial 232 finished with value: 0.09390764021261948 and parameters: {'n_layers': 1, 'embedding_dim': 128, 'lr': 0.0004452271709786212, 'lambda_val': 6.018808093694819e-06, 'batch_size': 597, 'optimizer': 'RMSprop'}. Best is trial 226 with value: 0.09714850998063855.
2026-05-20 10:22:26,058 - optuna.study._optimize - INFO - Trial 233 pruned. 
2026-05-20 10:22:59,584 - experiment_functions - INFO - Early stopping at epoch 2100. Best Recall: 0.0937
2026-05-20 10:23:00,349 - optuna.study.study - INFO - Trial 234 finished with value: 0.09370536608566996 and parameters: {'n_layers': 1, 'embedding_dim': 128, 'lr': 0.00044178547258178576, 'lambda_val': 6.039434848709155e-06, 'batch_size': 719, 'optimizer': 'RMSprop'}. Best is trial 226 with value: 0.09714850998063855.
2026-05-20 10:23:36,727 - experiment_functions - INFO - Early stopping at epoch 2050. Best Recall: 0.0944
2026-05-20 10:23:36,806 - optuna.study.study - INFO - Trial 235 finished with value: 0.09435787110179873 and parameters: {'n_layers': 1, 'embedding_dim': 128, 'lr': 0.0004681561746533759, 'lambda_val': 5.945150523898718e-06, 'batch_size': 590, 'optimizer': 'RMSprop'}. Best is trial 226 with value: 0.09714850998063855.
2026-05-20 10:24:05,046 - optuna.study._optimize - INFO - Trial 236 pruned. 
2026-05-20 10:24:20,001 - optuna.study._optimize - INFO - Trial 237 pruned. 
2026-05-20 10:24:58,681 - experiment_functions - INFO - Early stopping at epoch 2600. Best Recall: 0.0958
2026-05-20 10:24:58,771 - optuna.study.study - INFO - Trial 238 finished with value: 0.09582401833386564 and parameters: {'n_layers': 1, 'embedding_dim': 128, 'lr': 0.0004659649463950129, 'lambda_val': 9.499300498233769e-06, 'batch_size': 512, 'optimizer': 'RMSprop'}. Best is trial 226 with value: 0.09714850998063855.
2026-05-20 10:25:40,573 - experiment_functions - INFO - Early stopping at epoch 2900. Best Recall: 0.0965
2026-05-20 10:25:40,651 - optuna.study.study - INFO - Trial 239 finished with value: 0.09645695254198118 and parameters: {'n_layers': 1, 'embedding_dim': 128, 'lr': 0.00045413186217125787, 'lambda_val': 9.041184679051749e-06, 'batch_size': 519, 'optimizer': 'RMSprop'}. Best is trial 226 with value: 0.09714850998063855.
2026-05-20 10:25:55,669 - optuna.study._optimize - INFO - Trial 240 pruned. 
2026-05-20 10:26:23,028 - optuna.study._optimize - INFO - Trial 241 pruned. 
2026-05-20 10:26:37,918 - optuna.study._optimize - INFO - Trial 242 pruned. 
2026-05-20 10:27:21,850 - experiment_functions - INFO - Early stopping at epoch 3000. Best Recall: 0.0973
2026-05-20 10:27:21,989 - optuna.study.study - INFO - Trial 243 finished with value: 0.0972734812008288 and parameters: {'n_layers': 1, 'embedding_dim': 128, 'lr': 0.0004391119941890253, 'lambda_val': 9.505517174634277e-06, 'batch_size': 580, 'optimizer': 'RMSprop'}. Best is trial 243 with value: 0.0972734812008288.
2026-05-20 10:28:20,226 - optuna.study.study - INFO - Trial 244 finished with value: 0.09639813119152389 and parameters: {'n_layers': 1, 'embedding_dim': 128, 'lr': 0.0004188721634744414, 'lambda_val': 8.022557296036029e-06, 'batch_size': 515, 'optimizer': 'RMSprop'}. Best is trial 243 with value: 0.0972734812008288.
2026-05-20 10:28:46,310 - optuna.study._optimize - INFO - Trial 245 pruned. 
2026-05-20 10:29:01,267 - optuna.study._optimize - INFO - Trial 246 pruned. 
2026-05-20 10:29:16,163 - optuna.study._optimize - INFO - Trial 247 pruned. 
2026-05-20 10:30:09,918 - experiment_functions - INFO - Early stopping at epoch 3150. Best Recall: 0.0954
2026-05-20 10:30:10,030 - optuna.study.study - INFO - Trial 248 finished with value: 0.09543534660351113 and parameters: {'n_layers': 1, 'embedding_dim': 128, 'lr': 0.00045204930707915046, 'lambda_val': 1.045622051524324e-05, 'batch_size': 516, 'optimizer': 'RMSprop'}. Best is trial 243 with value: 0.0972734812008288.
2026-05-20 10:30:43,299 - optuna.study._optimize - INFO - Trial 249 pruned. 
2026-05-20 10:31:02,557 - optuna.study._optimize - INFO - Trial 250 pruned. 
2026-05-20 10:31:38,780 - optuna.study._optimize - INFO - Trial 251 pruned. 
2026-05-20 10:31:54,947 - optuna.study._optimize - INFO - Trial 252 pruned. 
2026-05-20 10:32:11,981 - optuna.study._optimize - INFO - Trial 253 pruned. 
2026-05-20 10:32:28,647 - experiment_functions - INFO - Early stopping at epoch 900. Best Recall: 0.0850
2026-05-20 10:32:28,791 - optuna.study.study - INFO - Trial 254 finished with value: 0.08504798928825562 and parameters: {'n_layers': 2, 'embedding_dim': 128, 'lr': 0.0004819699859044203, 'lambda_val': 5.061824477193781e-06, 'batch_size': 599, 'optimizer': 'RMSprop'}. Best is trial 243 with value: 0.0972734812008288.
2026-05-20 10:32:43,697 - optuna.study._optimize - INFO - Trial 255 pruned. 
2026-05-20 10:32:58,506 - optuna.study._optimize - INFO - Trial 256 pruned. 
2026-05-20 10:33:14,397 - optuna.study._optimize - INFO - Trial 257 pruned. 
2026-05-20 10:33:55,585 - experiment_functions - INFO - Early stopping at epoch 2350. Best Recall: 0.0958
2026-05-20 10:33:55,675 - optuna.study.study - INFO - Trial 258 finished with value: 0.09582067753576677 and parameters: {'n_layers': 1, 'embedding_dim': 128, 'lr': 0.0004934983287962362, 'lambda_val': 1.2035225428489333e-05, 'batch_size': 518, 'optimizer': 'RMSprop'}. Best is trial 243 with value: 0.0972734812008288.
2026-05-20 10:34:26,682 - experiment_functions - INFO - Early stopping at epoch 2000. Best Recall: 0.0945
2026-05-20 10:34:26,762 - optuna.study.study - INFO - Trial 259 finished with value: 0.09445542103006524 and parameters: {'n_layers': 1, 'embedding_dim': 128, 'lr': 0.0004876392670132959, 'lambda_val': 1.1650354722666503e-05, 'batch_size': 573, 'optimizer': 'RMSprop'}. Best is trial 243 with value: 0.0972734812008288.
2026-05-20 10:34:58,045 - experiment_functions - INFO - Early stopping at epoch 2050. Best Recall: 0.0959
2026-05-20 10:34:58,123 - optuna.study.study - INFO - Trial 260 finished with value: 0.09593992869139258 and parameters: {'n_layers': 1, 'embedding_dim': 128, 'lr': 0.000529304135001814, 'lambda_val': 1.2147762331808976e-05, 'batch_size': 513, 'optimizer': 'RMSprop'}. Best is trial 243 with value: 0.0972734812008288.
2026-05-20 10:35:22,612 - experiment_functions - INFO - Early stopping at epoch 1550. Best Recall: 0.0929
2026-05-20 10:35:22,735 - optuna.study.study - INFO - Trial 261 finished with value: 0.09286186500561498 and parameters: {'n_layers': 1, 'embedding_dim': 128, 'lr': 0.0005658408456950066, 'lambda_val': 9.73756509814015e-06, 'batch_size': 535, 'optimizer': 'RMSprop'}. Best is trial 243 with value: 0.0972734812008288.
2026-05-20 10:35:36,331 - optuna.study._optimize - INFO - Trial 262 pruned. 
2026-05-20 10:36:10,087 - experiment_functions - INFO - Early stopping at epoch 2100. Best Recall: 0.0953
2026-05-20 10:36:10,250 - optuna.study.study - INFO - Trial 263 finished with value: 0.09528809239679574 and parameters: {'n_layers': 1, 'embedding_dim': 128, 'lr': 0.0005034918273267942, 'lambda_val': 1.4250975386511996e-05, 'batch_size': 673, 'optimizer': 'RMSprop'}. Best is trial 243 with value: 0.0972734812008288.
2026-05-20 10:36:45,629 - experiment_functions - INFO - Early stopping at epoch 2050. Best Recall: 0.0936
2026-05-20 10:36:45,707 - optuna.study.study - INFO - Trial 264 finished with value: 0.09359724127727996 and parameters: {'n_layers': 1, 'embedding_dim': 128, 'lr': 0.0005104051999423524, 'lambda_val': 1.3221896454900073e-05, 'batch_size': 701, 'optimizer': 'RMSprop'}. Best is trial 243 with value: 0.0972734812008288.
2026-05-20 10:37:04,689 - optuna.study._optimize - INFO - Trial 265 pruned. 
2026-05-20 10:37:23,103 - experiment_functions - INFO - Early stopping at epoch 950. Best Recall: 0.0639
2026-05-20 10:37:23,264 - optuna.study.study - INFO - Trial 266 finished with value: 0.06391930657283748 and parameters: {'n_layers': 4, 'embedding_dim': 128, 'lr': 0.00035031702508080945, 'lambda_val': 1.0979770901539413e-05, 'batch_size': 516, 'optimizer': 'RMSprop'}. Best is trial 243 with value: 0.0972734812008288.
2026-05-20 10:37:49,261 - optuna.study._optimize - INFO - Trial 267 pruned. 
2026-05-20 10:38:09,955 - optuna.study._optimize - INFO - Trial 268 pruned. 
2026-05-20 10:38:24,662 - optuna.study._optimize - INFO - Trial 269 pruned. 
2026-05-20 10:38:43,511 - experiment_functions - INFO - Early stopping at epoch 1200. Best Recall: 0.0920
2026-05-20 10:38:43,600 - optuna.study.study - INFO - Trial 270 finished with value: 0.09204926433263108 and parameters: {'n_layers': 1, 'embedding_dim': 128, 'lr': 0.0005763317110167683, 'lambda_val': 1.329543610938061e-05, 'batch_size': 718, 'optimizer': 'RMSprop'}. Best is trial 243 with value: 0.0972734812008288.
2026-05-20 10:38:56,853 - experiment_functions - INFO - Early stopping at epoch 700. Best Recall: 0.0616
2026-05-20 10:38:56,942 - optuna.study.study - INFO - Trial 271 finished with value: 0.06162492637669947 and parameters: {'n_layers': 3, 'embedding_dim': 128, 'lr': 0.0005073754856165894, 'lambda_val': 7.683676192896116e-06, 'batch_size': 631, 'optimizer': 'RMSprop'}. Best is trial 243 with value: 0.0972734812008288.
2026-05-20 10:39:11,516 - optuna.study._optimize - INFO - Trial 272 pruned. 
2026-05-20 10:39:34,368 - experiment_functions - INFO - Early stopping at epoch 1500. Best Recall: 0.0925
2026-05-20 10:39:34,457 - optuna.study.study - INFO - Trial 273 finished with value: 0.09247406012642213 and parameters: {'n_layers': 1, 'embedding_dim': 128, 'lr': 0.0006219428297096523, 'lambda_val': 1.0646592746229008e-05, 'batch_size': 516, 'optimizer': 'RMSprop'}. Best is trial 243 with value: 0.0972734812008288.
2026-05-20 10:39:49,233 - optuna.study._optimize - INFO - Trial 274 pruned. 
2026-05-20 10:40:11,513 - optuna.study._optimize - INFO - Trial 275 pruned. 
2026-05-20 10:40:30,501 - optuna.study._optimize - INFO - Trial 276 pruned. 
2026-05-20 10:40:46,333 - experiment_functions - INFO - Early stopping at epoch 1050. Best Recall: 0.0926
2026-05-20 10:40:46,423 - optuna.study.study - INFO - Trial 277 finished with value: 0.09263278703324718 and parameters: {'n_layers': 1, 'embedding_dim': 128, 'lr': 0.000615115508417601, 'lambda_val': 6.713345102604185e-06, 'batch_size': 698, 'optimizer': 'RMSprop'}. Best is trial 243 with value: 0.0972734812008288.
2026-05-20 10:41:02,166 - optuna.study._optimize - INFO - Trial 278 pruned. 
2026-05-20 10:41:46,327 - experiment_functions - INFO - Early stopping at epoch 2800. Best Recall: 0.0965
2026-05-20 10:41:46,415 - optuna.study.study - INFO - Trial 279 finished with value: 0.09652835573451174 and parameters: {'n_layers': 1, 'embedding_dim': 128, 'lr': 0.0004908847632407836, 'lambda_val': 1.1026476913849857e-05, 'batch_size': 515, 'optimizer': 'RMSprop'}. Best is trial 243 with value: 0.0972734812008288.
2026-05-20 10:42:14,305 - experiment_functions - INFO - Early stopping at epoch 1900. Best Recall: 0.0955
2026-05-20 10:42:14,384 - optuna.study.study - INFO - Trial 280 finished with value: 0.09551230053600392 and parameters: {'n_layers': 1, 'embedding_dim': 128, 'lr': 0.0005296731342263739, 'lambda_val': 8.674264539868442e-06, 'batch_size': 512, 'optimizer': 'RMSprop'}. Best is trial 243 with value: 0.0972734812008288.
2026-05-20 10:42:38,605 - experiment_functions - INFO - Early stopping at epoch 1450. Best Recall: 0.0928
2026-05-20 10:42:38,738 - optuna.study.study - INFO - Trial 281 finished with value: 0.09279602531046542 and parameters: {'n_layers': 1, 'embedding_dim': 128, 'lr': 0.0006125462447398808, 'lambda_val': 1.0444667701321384e-05, 'batch_size': 521, 'optimizer': 'RMSprop'}. Best is trial 243 with value: 0.0972734812008288.
2026-05-20 10:43:05,310 - experiment_functions - INFO - Early stopping at epoch 1700. Best Recall: 0.0935
2026-05-20 10:43:05,446 - optuna.study.study - INFO - Trial 282 finished with value: 0.09345645977928796 and parameters: {'n_layers': 1, 'embedding_dim': 128, 'lr': 0.0005406406445717455, 'lambda_val': 8.339804322719247e-06, 'batch_size': 660, 'optimizer': 'RMSprop'}. Best is trial 243 with value: 0.0972734812008288.
2026-05-20 10:43:19,494 - optuna.study._optimize - INFO - Trial 283 pruned. 
2026-05-20 10:43:34,293 - optuna.study._optimize - INFO - Trial 284 pruned. 
2026-05-20 10:43:47,241 - experiment_functions - INFO - Early stopping at epoch 750. Best Recall: 0.0831
2026-05-20 10:43:47,320 - optuna.study.study - INFO - Trial 285 finished with value: 0.08309477664665713 and parameters: {'n_layers': 2, 'embedding_dim': 128, 'lr': 0.0005168416000772677, 'lambda_val': 8.489394464485249e-06, 'batch_size': 733, 'optimizer': 'RMSprop'}. Best is trial 243 with value: 0.0972734812008288.
2026-05-20 10:44:06,085 - experiment_functions - INFO - Early stopping at epoch 1250. Best Recall: 0.0921
2026-05-20 10:44:06,163 - optuna.study.study - INFO - Trial 286 finished with value: 0.0920821832740696 and parameters: {'n_layers': 1, 'embedding_dim': 128, 'lr': 0.0006537613882120335, 'lambda_val': 1.4984144632554266e-05, 'batch_size': 512, 'optimizer': 'RMSprop'}. Best is trial 243 with value: 0.0972734812008288.
2026-05-20 10:44:55,389 - experiment_functions - INFO - Early stopping at epoch 3250. Best Recall: 0.0959
2026-05-20 10:44:55,477 - optuna.study.study - INFO - Trial 287 finished with value: 0.09586583456753199 and parameters: {'n_layers': 1, 'embedding_dim': 128, 'lr': 0.00042905442087799327, 'lambda_val': 1.1098310056508879e-05, 'batch_size': 636, 'optimizer': 'RMSprop'}. Best is trial 243 with value: 0.0972734812008288.
2026-05-20 10:45:44,108 - experiment_functions - INFO - Early stopping at epoch 3200. Best Recall: 0.0959
2026-05-20 10:45:44,185 - optuna.study.study - INFO - Trial 288 finished with value: 0.09594877609089113 and parameters: {'n_layers': 1, 'embedding_dim': 128, 'lr': 0.0004087905206396746, 'lambda_val': 7.327927083421822e-06, 'batch_size': 689, 'optimizer': 'RMSprop'}. Best is trial 243 with value: 0.0972734812008288.
2026-05-20 10:45:59,350 - optuna.study._optimize - INFO - Trial 289 pruned. 
2026-05-20 10:46:44,130 - experiment_functions - INFO - Early stopping at epoch 3050. Best Recall: 0.0973
2026-05-20 10:46:44,220 - optuna.study.study - INFO - Trial 290 finished with value: 0.09727941435534457 and parameters: {'n_layers': 1, 'embedding_dim': 128, 'lr': 0.00039307263660629915, 'lambda_val': 4.736814271712106e-06, 'batch_size': 704, 'optimizer': 'RMSprop'}. Best is trial 290 with value: 0.09727941435534457.
2026-05-20 10:47:01,432 - optuna.study._optimize - INFO - Trial 291 pruned. 
2026-05-20 10:47:16,104 - optuna.study._optimize - INFO - Trial 292 pruned. 
2026-05-20 10:47:31,141 - optuna.study._optimize - INFO - Trial 293 pruned. 
2026-05-20 10:48:10,597 - experiment_functions - INFO - Early stopping at epoch 2600. Best Recall: 0.0948
2026-05-20 10:48:10,699 - optuna.study.study - INFO - Trial 294 finished with value: 0.0947670545907697 and parameters: {'n_layers': 1, 'embedding_dim': 128, 'lr': 0.0004216013278988854, 'lambda_val': 5.50948641206335e-06, 'batch_size': 639, 'optimizer': 'RMSprop'}. Best is trial 290 with value: 0.09727941435534457.
2026-05-20 10:48:30,688 - optuna.study._optimize - INFO - Trial 295 pruned. 
2026-05-20 10:48:46,050 - optuna.study._optimize - INFO - Trial 296 pruned. 
2026-05-20 10:49:17,434 - experiment_functions - INFO - Early stopping at epoch 2100. Best Recall: 0.0959
2026-05-20 10:49:18,723 - optuna.study.study - INFO - Trial 297 finished with value: 0.0959024720999157 and parameters: {'n_layers': 1, 'embedding_dim': 128, 'lr': 0.0004466519159912719, 'lambda_val': 9.747847225977908e-06, 'batch_size': 675, 'optimizer': 'RMSprop'}. Best is trial 290 with value: 0.09727941435534457.
2026-05-20 10:49:34,863 - optuna.study._optimize - INFO - Trial 298 pruned. 
2026-05-20 10:49:56,904 - optuna.study._optimize - INFO - Trial 299 pruned. 
2026-05-20 10:49:56,905 - experiment_functions - INFO - Training the best model ... for e_1M_1c3dcs
2026-05-20 10:50:33,279 - experiment_functions - INFO - Early stopping at epoch 2950. Best Recall: 0.0939
2026-05-20 10:50:34,440 - root - INFO -   **** Training e_1M_1c3dcs_rand1
2026-05-20 10:50:34,506 - root - INFO -   **** Getting 221091/805443 random edges
2026-05-20 10:50:34,575 - experiment_functions - INFO - Training the best model ... for e_1M_1c3dcs_rand1
2026-05-20 10:51:20,844 - root - INFO -   **** Training e_1M_1c3dcs_rand2
2026-05-20 10:51:20,907 - root - INFO -   **** Getting 221091/805443 random edges
2026-05-20 10:51:20,973 - experiment_functions - INFO - Training the best model ... for e_1M_1c3dcs_rand2
2026-05-20 10:52:07,213 - root - INFO -   **** Training e_1M_1c3dcs_rand3
2026-05-20 10:52:07,274 - root - INFO -   **** Getting 221091/805443 random edges
2026-05-20 10:52:07,335 - experiment_functions - INFO - Training the best model ... for e_1M_1c3dcs_rand3
2026-05-20 10:52:53,529 - root - INFO -   **** Training e_1M_1c3dcs_rand4
2026-05-20 10:52:53,589 - root - INFO -   **** Getting 221091/805443 random edges
2026-05-20 10:52:53,651 - experiment_functions - INFO - Training the best model ... for e_1M_1c3dcs_rand4
2026-05-20 10:53:39,772 - root - INFO -   **** Training e_1M_1c3dcs_rand5
2026-05-20 10:53:39,833 - root - INFO -   **** Getting 221091/805443 random edges
2026-05-20 10:53:39,894 - experiment_functions - INFO - Training the best model ... for e_1M_1c3dcs_rand5
