2026-05-09 17:16:56,508 - root - INFO - **** Training e_100K_full
2026-05-09 17:16:56,531 - helper_functions - INFO - Users: 610, Items: 9742
2026-05-09 17:16:56,656 - helper_functions - INFO - Edge index: torch.Size([2, 81763])
2026-05-09 17:16:56,656 - root - INFO - **** Generating the graph:
2026-05-09 17:16:56,722 - helper_functions - INFO - Number of unique users: 609
2026-05-09 17:16:56,723 - helper_functions - INFO - Number of unique items: 8452
2026-05-09 17:16:56,723 - helper_functions - INFO - Number of nodes: 9061
2026-05-09 17:16:56,724 - helper_functions - INFO - Number of edges: 81763
2026-05-09 17:16:59,445 - optuna.storages._rdb.storage - INFO - A new study created in RDB with name: Study_e_100K_full
2026-05-09 17:17:59,293 - optuna.study.study - INFO - Trial 0 finished with value: 0.003265438069196694 and parameters: {'n_layers': 4, 'embedding_dim': 256, 'lr': 1.5473944658045126e-05, 'lambda_val': 1.994796107440639e-05, 'batch_size': 2632, 'optimizer': 'SGD'}. Best is trial 0 with value: 0.003265438069196694.
2026-05-09 17:18:43,379 - optuna.study.study - INFO - Trial 1 finished with value: 0.015433030590020796 and parameters: {'n_layers': 3, 'embedding_dim': 128, 'lr': 1.3764889216814796e-05, 'lambda_val': 0.00021698662001788248, 'batch_size': 1644, 'optimizer': 'RMSprop'}. Best is trial 1 with value: 0.015433030590020796.
2026-05-09 17:19:19,443 - optuna.study.study - INFO - Trial 2 finished with value: 0.022538555734925685 and parameters: {'n_layers': 2, 'embedding_dim': 64, 'lr': 0.05784616903795026, 'lambda_val': 2.6225162561486838e-05, 'batch_size': 2138, 'optimizer': 'Adam'}. Best is trial 2 with value: 0.022538555734925685.
2026-05-09 17:19:57,702 - optuna.study.study - INFO - Trial 3 finished with value: 0.016575384397811498 and parameters: {'n_layers': 4, 'embedding_dim': 64, 'lr': 0.08128901010789277, 'lambda_val': 1.0600690726530654e-06, 'batch_size': 1044, 'optimizer': 'RMSprop'}. Best is trial 2 with value: 0.022538555734925685.
2026-05-09 17:20:40,449 - optuna.study.study - INFO - Trial 4 finished with value: 0.0533074483895665 and parameters: {'n_layers': 1, 'embedding_dim': 128, 'lr': 0.0017678319062592869, 'lambda_val': 7.455075327601651e-06, 'batch_size': 3057, 'optimizer': 'RMSprop'}. Best is trial 4 with value: 0.0533074483895665.
2026-05-09 17:20:41,433 - optuna.study._optimize - INFO - Trial 5 pruned. 
2026-05-09 17:20:43,009 - optuna.study._optimize - INFO - Trial 6 pruned. 
2026-05-09 17:20:44,053 - optuna.study._optimize - INFO - Trial 7 pruned. 
2026-05-09 17:20:45,043 - optuna.study._optimize - INFO - Trial 8 pruned. 
2026-05-09 17:20:46,317 - optuna.study._optimize - INFO - Trial 9 pruned. 
2026-05-09 17:20:47,312 - optuna.study._optimize - INFO - Trial 10 pruned. 
2026-05-09 17:20:48,739 - optuna.study._optimize - INFO - Trial 11 pruned. 
2026-05-09 17:20:49,779 - optuna.study._optimize - INFO - Trial 12 pruned. 
2026-05-09 17:20:51,140 - optuna.study._optimize - INFO - Trial 13 pruned. 
2026-05-09 17:20:52,181 - optuna.study._optimize - INFO - Trial 14 pruned. 
2026-05-09 17:20:53,667 - optuna.study._optimize - INFO - Trial 15 pruned. 
2026-05-09 17:20:54,656 - optuna.study._optimize - INFO - Trial 16 pruned. 
2026-05-09 17:20:56,088 - optuna.study._optimize - INFO - Trial 17 pruned. 
2026-05-09 17:20:57,187 - optuna.study._optimize - INFO - Trial 18 pruned. 
2026-05-09 17:21:26,084 - optuna.study.study - INFO - Trial 19 finished with value: 0.02926441294779927 and parameters: {'n_layers': 2, 'embedding_dim': 32, 'lr': 0.030166046054796433, 'lambda_val': 6.970912705889171e-05, 'batch_size': 542, 'optimizer': 'RMSprop'}. Best is trial 4 with value: 0.0533074483895665.
2026-05-09 17:21:57,743 - optuna.study.study - INFO - Trial 20 finished with value: 0.036113904102159755 and parameters: {'n_layers': 3, 'embedding_dim': 32, 'lr': 0.02214689736865075, 'lambda_val': 0.00010424240132519, 'batch_size': 546, 'optimizer': 'RMSprop'}. Best is trial 4 with value: 0.0533074483895665.
2026-05-09 17:21:59,812 - optuna.study._optimize - INFO - Trial 21 pruned. 
2026-05-09 17:22:31,767 - optuna.study.study - INFO - Trial 22 finished with value: 0.034958152036877875 and parameters: {'n_layers': 3, 'embedding_dim': 32, 'lr': 0.02283783004372437, 'lambda_val': 0.00044257308425398745, 'batch_size': 1080, 'optimizer': 'RMSprop'}. Best is trial 4 with value: 0.0533074483895665.
2026-05-09 17:22:32,793 - optuna.study._optimize - INFO - Trial 23 pruned. 
2026-05-09 17:22:33,801 - optuna.study._optimize - INFO - Trial 24 pruned. 
2026-05-09 17:22:35,506 - optuna.study._optimize - INFO - Trial 25 pruned. 
2026-05-09 17:22:37,403 - optuna.study._optimize - INFO - Trial 26 pruned. 
2026-05-09 17:22:38,447 - optuna.study._optimize - INFO - Trial 27 pruned. 
2026-05-09 17:23:04,272 - optuna.study._optimize - INFO - Trial 28 pruned. 
2026-05-09 17:23:05,300 - optuna.study._optimize - INFO - Trial 29 pruned. 
2026-05-09 17:23:06,720 - optuna.study._optimize - INFO - Trial 30 pruned. 
2026-05-09 17:23:35,830 - optuna.study.study - INFO - Trial 31 finished with value: 0.025998024664653237 and parameters: {'n_layers': 2, 'embedding_dim': 32, 'lr': 0.028473201280423473, 'lambda_val': 8.454824105745448e-05, 'batch_size': 576, 'optimizer': 'RMSprop'}. Best is trial 4 with value: 0.0533074483895665.
2026-05-09 17:23:37,825 - optuna.study._optimize - INFO - Trial 32 pruned. 
2026-05-09 17:23:38,899 - optuna.study._optimize - INFO - Trial 33 pruned. 
2026-05-09 17:23:40,261 - optuna.study._optimize - INFO - Trial 34 pruned. 
2026-05-09 17:24:21,027 - optuna.study.study - INFO - Trial 35 finished with value: 0.04708419245264216 and parameters: {'n_layers': 3, 'embedding_dim': 128, 'lr': 0.015129193861675065, 'lambda_val': 0.0002589707118319643, 'batch_size': 1805, 'optimizer': 'RMSprop'}. Best is trial 4 with value: 0.0533074483895665.
2026-05-09 17:24:22,026 - optuna.study._optimize - INFO - Trial 36 pruned. 
2026-05-09 17:24:23,469 - optuna.study._optimize - INFO - Trial 37 pruned. 
2026-05-09 17:24:24,527 - optuna.study._optimize - INFO - Trial 38 pruned. 
2026-05-09 17:24:25,635 - optuna.study._optimize - INFO - Trial 39 pruned. 
2026-05-09 17:24:26,827 - optuna.study._optimize - INFO - Trial 40 pruned. 
2026-05-09 17:24:59,536 - optuna.study.study - INFO - Trial 41 finished with value: 0.028726381942441193 and parameters: {'n_layers': 3, 'embedding_dim': 32, 'lr': 0.022154517130475167, 'lambda_val': 2.817603473913449e-05, 'batch_size': 987, 'optimizer': 'RMSprop'}. Best is trial 4 with value: 0.0533074483895665.
2026-05-09 17:25:33,733 - optuna.study.study - INFO - Trial 42 finished with value: 0.054368193966452115 and parameters: {'n_layers': 2, 'embedding_dim': 128, 'lr': 0.0385365130277391, 'lambda_val': 0.00034006815493167584, 'batch_size': 712, 'optimizer': 'RMSprop'}. Best is trial 42 with value: 0.054368193966452115.
2026-05-09 17:25:34,867 - optuna.study._optimize - INFO - Trial 43 pruned. 
2026-05-09 17:26:15,613 - optuna.study.study - INFO - Trial 44 finished with value: 0.05031327738589646 and parameters: {'n_layers': 3, 'embedding_dim': 128, 'lr': 0.019512021678594605, 'lambda_val': 0.0005472236436881581, 'batch_size': 742, 'optimizer': 'RMSprop'}. Best is trial 42 with value: 0.054368193966452115.
2026-05-09 17:26:16,607 - optuna.study._optimize - INFO - Trial 45 pruned. 
2026-05-09 17:26:17,902 - optuna.study._optimize - INFO - Trial 46 pruned. 
2026-05-09 17:26:20,580 - optuna.study._optimize - INFO - Trial 47 pruned. 
2026-05-09 17:26:21,587 - optuna.study._optimize - INFO - Trial 48 pruned. 
2026-05-09 17:26:22,726 - optuna.study._optimize - INFO - Trial 49 pruned. 
2026-05-09 17:26:23,892 - optuna.study._optimize - INFO - Trial 50 pruned. 
2026-05-09 17:27:04,929 - optuna.study.study - INFO - Trial 51 finished with value: 0.04795690772158605 and parameters: {'n_layers': 3, 'embedding_dim': 128, 'lr': 0.01890767029337905, 'lambda_val': 0.0006304935468814537, 'batch_size': 822, 'optimizer': 'RMSprop'}. Best is trial 42 with value: 0.054368193966452115.
2026-05-09 17:27:05,857 - optuna.study._optimize - INFO - Trial 52 pruned. 
2026-05-09 17:27:46,324 - optuna.study.study - INFO - Trial 53 finished with value: 0.0408778750224135 and parameters: {'n_layers': 3, 'embedding_dim': 128, 'lr': 0.03333942740284181, 'lambda_val': 0.0016040937137770895, 'batch_size': 717, 'optimizer': 'RMSprop'}. Best is trial 42 with value: 0.054368193966452115.
2026-05-09 17:28:27,165 - optuna.study.study - INFO - Trial 54 finished with value: 0.04386320099810839 and parameters: {'n_layers': 3, 'embedding_dim': 128, 'lr': 0.04082910615939713, 'lambda_val': 0.0010767026595672304, 'batch_size': 714, 'optimizer': 'RMSprop'}. Best is trial 42 with value: 0.054368193966452115.
2026-05-09 17:28:28,196 - optuna.study._optimize - INFO - Trial 55 pruned. 
2026-05-09 17:28:29,243 - optuna.study._optimize - INFO - Trial 56 pruned. 
2026-05-09 17:28:30,503 - optuna.study._optimize - INFO - Trial 57 pruned. 
2026-05-09 17:28:32,071 - optuna.study._optimize - INFO - Trial 58 pruned. 
2026-05-09 17:29:12,378 - optuna.study.study - INFO - Trial 59 finished with value: 0.050134049192376934 and parameters: {'n_layers': 3, 'embedding_dim': 128, 'lr': 0.015596575173032897, 'lambda_val': 0.0005193360458290278, 'batch_size': 714, 'optimizer': 'RMSprop'}. Best is trial 42 with value: 0.054368193966452115.
2026-05-09 17:29:13,377 - optuna.study._optimize - INFO - Trial 60 pruned. 
2026-05-09 17:29:54,317 - optuna.study.study - INFO - Trial 61 finished with value: 0.04649543354457324 and parameters: {'n_layers': 3, 'embedding_dim': 128, 'lr': 0.01574376049821788, 'lambda_val': 0.0013574170484593922, 'batch_size': 726, 'optimizer': 'RMSprop'}. Best is trial 42 with value: 0.054368193966452115.
2026-05-09 17:30:35,142 - optuna.study.study - INFO - Trial 62 finished with value: 0.033117546609416335 and parameters: {'n_layers': 3, 'embedding_dim': 128, 'lr': 0.01761423174260484, 'lambda_val': 0.0016386860023107996, 'batch_size': 2202, 'optimizer': 'RMSprop'}. Best is trial 42 with value: 0.054368193966452115.
2026-05-09 17:31:16,463 - optuna.study.study - INFO - Trial 63 finished with value: 0.04960213285683662 and parameters: {'n_layers': 3, 'embedding_dim': 128, 'lr': 0.011001280396974296, 'lambda_val': 0.00032473361331578304, 'batch_size': 1074, 'optimizer': 'RMSprop'}. Best is trial 42 with value: 0.054368193966452115.
2026-05-09 17:31:57,250 - optuna.study.study - INFO - Trial 64 finished with value: 0.04967557551698673 and parameters: {'n_layers': 3, 'embedding_dim': 128, 'lr': 0.01005340642200924, 'lambda_val': 0.00027838118825727247, 'batch_size': 1353, 'optimizer': 'RMSprop'}. Best is trial 42 with value: 0.054368193966452115.
2026-05-09 17:31:58,288 - optuna.study._optimize - INFO - Trial 65 pruned. 
2026-05-09 17:31:59,717 - optuna.study._optimize - INFO - Trial 66 pruned. 
2026-05-09 17:32:01,389 - optuna.study._optimize - INFO - Trial 67 pruned. 
2026-05-09 17:32:02,307 - optuna.study._optimize - INFO - Trial 68 pruned. 
2026-05-09 17:32:03,469 - optuna.study._optimize - INFO - Trial 69 pruned. 
2026-05-09 17:32:42,833 - optuna.study.study - INFO - Trial 70 finished with value: 0.04683077311927176 and parameters: {'n_layers': 3, 'embedding_dim': 128, 'lr': 0.025540665892498784, 'lambda_val': 0.000715761226731796, 'batch_size': 1033, 'optimizer': 'RMSprop'}. Best is trial 42 with value: 0.054368193966452115.
2026-05-09 17:32:43,602 - optuna.study._optimize - INFO - Trial 71 pruned. 
2026-05-09 17:32:44,350 - optuna.study._optimize - INFO - Trial 72 pruned. 
2026-05-09 17:32:46,000 - optuna.study._optimize - INFO - Trial 73 pruned. 
2026-05-09 17:32:52,918 - optuna.study._optimize - INFO - Trial 74 pruned. 
2026-05-09 17:33:27,012 - optuna.study.study - INFO - Trial 75 finished with value: 0.05146218379707229 and parameters: {'n_layers': 2, 'embedding_dim': 128, 'lr': 0.020098471613541363, 'lambda_val': 0.0008006291522817412, 'batch_size': 822, 'optimizer': 'RMSprop'}. Best is trial 42 with value: 0.054368193966452115.
2026-05-09 17:33:28,110 - optuna.study._optimize - INFO - Trial 76 pruned. 
2026-05-09 17:33:29,641 - optuna.study._optimize - INFO - Trial 77 pruned. 
2026-05-09 17:33:30,807 - optuna.study._optimize - INFO - Trial 78 pruned. 
2026-05-09 17:33:32,022 - optuna.study._optimize - INFO - Trial 79 pruned. 
2026-05-09 17:33:33,126 - optuna.study._optimize - INFO - Trial 80 pruned. 
2026-05-09 17:33:34,180 - optuna.study._optimize - INFO - Trial 81 pruned. 
2026-05-09 17:34:15,005 - optuna.study.study - INFO - Trial 82 finished with value: 0.04866346518666733 and parameters: {'n_layers': 3, 'embedding_dim': 128, 'lr': 0.017170906321659966, 'lambda_val': 0.00048493251460125656, 'batch_size': 1946, 'optimizer': 'RMSprop'}. Best is trial 42 with value: 0.054368193966452115.
2026-05-09 17:34:16,943 - optuna.study._optimize - INFO - Trial 83 pruned. 
2026-05-09 17:34:59,414 - optuna.study.study - INFO - Trial 84 finished with value: 0.0507454514601897 and parameters: {'n_layers': 3, 'embedding_dim': 128, 'lr': 0.022083654636985476, 'lambda_val': 0.0001658039917226078, 'batch_size': 2545, 'optimizer': 'RMSprop'}. Best is trial 42 with value: 0.054368193966452115.
2026-05-09 17:35:01,192 - optuna.study._optimize - INFO - Trial 85 pruned. 
2026-05-09 17:35:01,917 - optuna.study._optimize - INFO - Trial 86 pruned. 
2026-05-09 17:35:02,575 - optuna.study._optimize - INFO - Trial 87 pruned. 
2026-05-09 17:35:04,138 - optuna.study._optimize - INFO - Trial 88 pruned. 
2026-05-09 17:35:05,163 - optuna.study._optimize - INFO - Trial 89 pruned. 
2026-05-09 17:35:06,375 - optuna.study._optimize - INFO - Trial 90 pruned. 
2026-05-09 17:35:47,268 - optuna.study.study - INFO - Trial 91 finished with value: 0.047776515361207465 and parameters: {'n_layers': 3, 'embedding_dim': 128, 'lr': 0.019846435021072473, 'lambda_val': 0.00048663483097332975, 'batch_size': 2414, 'optimizer': 'RMSprop'}. Best is trial 42 with value: 0.054368193966452115.
2026-05-09 17:35:48,225 - optuna.study._optimize - INFO - Trial 92 pruned. 
2026-05-09 17:36:28,614 - optuna.study.study - INFO - Trial 93 finished with value: 0.04879687548327304 and parameters: {'n_layers': 3, 'embedding_dim': 128, 'lr': 0.01774098131695709, 'lambda_val': 0.0008249694794716741, 'batch_size': 911, 'optimizer': 'RMSprop'}. Best is trial 42 with value: 0.054368193966452115.
2026-05-09 17:37:05,497 - optuna.study.study - INFO - Trial 94 finished with value: 0.04379823414654538 and parameters: {'n_layers': 3, 'embedding_dim': 128, 'lr': 0.03338619737556628, 'lambda_val': 0.0009200309516478369, 'batch_size': 936, 'optimizer': 'RMSprop'}. Best is trial 42 with value: 0.054368193966452115.
2026-05-09 17:37:07,053 - optuna.study._optimize - INFO - Trial 95 pruned. 
2026-05-09 17:37:07,834 - optuna.study._optimize - INFO - Trial 96 pruned. 
2026-05-09 17:37:09,529 - optuna.study._optimize - INFO - Trial 97 pruned. 
2026-05-09 17:37:10,254 - optuna.study._optimize - INFO - Trial 98 pruned. 
2026-05-09 17:37:11,012 - optuna.study._optimize - INFO - Trial 99 pruned. 
2026-05-09 17:37:37,536 - root - INFO - **** Training e_100K_1c1dcs
2026-05-09 17:37:37,536 - root - INFO -   ** 1-Dominant stats:
2026-05-09 17:37:37,536 - root - INFO -   ** Finding the dominant set:
2026-05-09 17:37:51,796 - root - INFO -   ** Getting the trainable edges:
2026-05-09 17:37:51,801 - helper_functions - INFO -      Number of nodes: 547
2026-05-09 17:37:51,801 - helper_functions - INFO -      Ratio: 0.06036861273590111
2026-05-09 17:37:51,801 - helper_functions - INFO -      Number of unique users: 320
2026-05-09 17:37:51,801 - helper_functions - INFO -      Number of unique items: 227
2026-05-09 17:37:51,801 - helper_functions - INFO -      Total dominant set edge: 66391
2026-05-09 17:37:51,801 - helper_functions - INFO -      Trainable edges: 53112.8
2026-05-09 17:37:51,809 - root - INFO -   **** Getting 66391 dominant set edges
2026-05-09 17:37:52,676 - optuna.storages._rdb.storage - INFO - A new study created in RDB with name: Study_e_100K_1c1dcs
2026-05-09 17:38:25,963 - optuna.study.study - INFO - Trial 0 finished with value: 0.022549610297623198 and parameters: {'n_layers': 2, 'embedding_dim': 128, 'lr': 0.051460643352952376, 'lambda_val': 9.34850043522216e-06, 'batch_size': 2887, 'optimizer': 'Adam'}. Best is trial 0 with value: 0.022549610297623198.
2026-05-09 17:39:08,033 - optuna.study.study - INFO - Trial 1 finished with value: 0.0013159062877630622 and parameters: {'n_layers': 3, 'embedding_dim': 32, 'lr': 0.08412137786418492, 'lambda_val': 0.0011443935429989584, 'batch_size': 2097, 'optimizer': 'SGD'}. Best is trial 0 with value: 0.022549610297623198.
2026-05-09 17:39:45,839 - optuna.study.study - INFO - Trial 2 finished with value: 0.0005339499992314126 and parameters: {'n_layers': 1, 'embedding_dim': 96, 'lr': 0.0009804847556243255, 'lambda_val': 0.006396430229658719, 'batch_size': 3183, 'optimizer': 'SGD'}. Best is trial 0 with value: 0.022549610297623198.
2026-05-09 17:40:21,432 - optuna.study.study - INFO - Trial 3 finished with value: 0.009885119397205478 and parameters: {'n_layers': 3, 'embedding_dim': 32, 'lr': 0.006389476404254579, 'lambda_val': 9.31898449105483e-06, 'batch_size': 3140, 'optimizer': 'Adam'}. Best is trial 0 with value: 0.022549610297623198.
2026-05-09 17:40:48,654 - optuna.study.study - INFO - Trial 4 finished with value: 0.0009054459699959083 and parameters: {'n_layers': 1, 'embedding_dim': 64, 'lr': 0.00015537082085222338, 'lambda_val': 0.09267728884746318, 'batch_size': 3670, 'optimizer': 'SGD'}. Best is trial 0 with value: 0.022549610297623198.
2026-05-09 17:41:31,414 - optuna.study.study - INFO - Trial 5 finished with value: 0.017794794559440868 and parameters: {'n_layers': 2, 'embedding_dim': 256, 'lr': 1.3533433310065633e-05, 'lambda_val': 0.00024360440983803332, 'batch_size': 3415, 'optimizer': 'RMSprop'}. Best is trial 0 with value: 0.022549610297623198.
2026-05-09 17:41:32,993 - optuna.study._optimize - INFO - Trial 6 pruned. 
2026-05-09 17:42:35,916 - optuna.study.study - INFO - Trial 7 finished with value: 0.015078958115105786 and parameters: {'n_layers': 4, 'embedding_dim': 256, 'lr': 9.685471875273954e-05, 'lambda_val': 0.010220762422855906, 'batch_size': 1593, 'optimizer': 'RMSprop'}. Best is trial 0 with value: 0.022549610297623198.
2026-05-09 17:42:36,831 - optuna.study._optimize - INFO - Trial 8 pruned. 
2026-05-09 17:42:37,822 - optuna.study._optimize - INFO - Trial 9 pruned. 
2026-05-09 17:43:22,923 - optuna.study.study - INFO - Trial 10 finished with value: 0.009101652180868535 and parameters: {'n_layers': 4, 'embedding_dim': 128, 'lr': 0.09239005473808318, 'lambda_val': 1.6452790382472529e-06, 'batch_size': 530, 'optimizer': 'Adam'}. Best is trial 0 with value: 0.022549610297623198.
2026-05-09 17:43:23,934 - optuna.study._optimize - INFO - Trial 11 pruned. 
2026-05-09 17:43:57,365 - optuna.study.study - INFO - Trial 12 finished with value: 0.028938730216458222 and parameters: {'n_layers': 2, 'embedding_dim': 96, 'lr': 0.013997410423547373, 'lambda_val': 3.550190045273123e-05, 'batch_size': 2736, 'optimizer': 'RMSprop'}. Best is trial 12 with value: 0.028938730216458222.
2026-05-09 17:44:36,868 - optuna.study.study - INFO - Trial 13 finished with value: 0.025116440826315686 and parameters: {'n_layers': 3, 'embedding_dim': 96, 'lr': 0.017336173843020393, 'lambda_val': 1.2378001642811791e-05, 'batch_size': 2663, 'optimizer': 'RMSprop'}. Best is trial 12 with value: 0.028938730216458222.
2026-05-09 17:45:13,298 - optuna.study.study - INFO - Trial 14 finished with value: 0.022920422209111467 and parameters: {'n_layers': 3, 'embedding_dim': 96, 'lr': 0.014315339855586171, 'lambda_val': 2.9441736724637596e-05, 'batch_size': 1656, 'optimizer': 'RMSprop'}. Best is trial 12 with value: 0.028938730216458222.
2026-05-09 17:45:51,713 - optuna.study.study - INFO - Trial 15 finished with value: 0.02065454768452214 and parameters: {'n_layers': 3, 'embedding_dim': 96, 'lr': 0.012059219782176429, 'lambda_val': 1.0109529344516275e-06, 'batch_size': 2658, 'optimizer': 'RMSprop'}. Best is trial 12 with value: 0.028938730216458222.
2026-05-09 17:46:35,215 - optuna.study.study - INFO - Trial 16 finished with value: 0.016709948249734503 and parameters: {'n_layers': 4, 'embedding_dim': 96, 'lr': 0.004731445569301055, 'lambda_val': 4.8181438427065735e-05, 'batch_size': 1761, 'optimizer': 'RMSprop'}. Best is trial 12 with value: 0.028938730216458222.
2026-05-09 17:47:13,737 - optuna.study.study - INFO - Trial 17 finished with value: 0.021529679819393372 and parameters: {'n_layers': 3, 'embedding_dim': 96, 'lr': 0.0244291470985713, 'lambda_val': 6.025533882323613e-06, 'batch_size': 2585, 'optimizer': 'RMSprop'}. Best is trial 12 with value: 0.028938730216458222.
2026-05-09 17:47:15,302 - optuna.study._optimize - INFO - Trial 18 pruned. 
2026-05-09 17:48:01,007 - optuna.study.study - INFO - Trial 19 finished with value: 0.033713660369335235 and parameters: {'n_layers': 3, 'embedding_dim': 96, 'lr': 0.030421057186849808, 'lambda_val': 0.0007113853473936562, 'batch_size': 1229, 'optimizer': 'RMSprop'}. Best is trial 19 with value: 0.033713660369335235.
2026-05-09 17:48:02,682 - optuna.study._optimize - INFO - Trial 20 pruned. 
2026-05-09 17:48:39,681 - optuna.study.study - INFO - Trial 21 finished with value: 0.021465073135692833 and parameters: {'n_layers': 3, 'embedding_dim': 96, 'lr': 0.012670254372522838, 'lambda_val': 2.0199451871472546e-05, 'batch_size': 1176, 'optimizer': 'RMSprop'}. Best is trial 19 with value: 0.033713660369335235.
2026-05-09 17:49:29,092 - optuna.study.study - INFO - Trial 22 finished with value: 0.02489275322200759 and parameters: {'n_layers': 3, 'embedding_dim': 96, 'lr': 0.030218176134252043, 'lambda_val': 3.291396146458052e-06, 'batch_size': 1975, 'optimizer': 'RMSprop'}. Best is trial 19 with value: 0.033713660369335235.
2026-05-09 17:49:30,115 - optuna.study._optimize - INFO - Trial 23 pruned. 
2026-05-09 17:49:31,041 - optuna.study._optimize - INFO - Trial 24 pruned. 
2026-05-09 17:49:32,386 - optuna.study._optimize - INFO - Trial 25 pruned. 
2026-05-09 17:49:34,363 - optuna.study._optimize - INFO - Trial 26 pruned. 
2026-05-09 17:49:36,186 - optuna.study._optimize - INFO - Trial 27 pruned. 
2026-05-09 17:49:37,684 - optuna.study._optimize - INFO - Trial 28 pruned. 
2026-05-09 17:49:38,808 - optuna.study._optimize - INFO - Trial 29 pruned. 
2026-05-09 17:49:39,922 - optuna.study._optimize - INFO - Trial 30 pruned. 
2026-05-09 17:49:46,632 - optuna.study._optimize - INFO - Trial 31 pruned. 
2026-05-09 17:50:23,873 - optuna.study.study - INFO - Trial 32 finished with value: 0.015794726571507187 and parameters: {'n_layers': 3, 'embedding_dim': 96, 'lr': 0.06217409034906103, 'lambda_val': 7.561280861950275e-06, 'batch_size': 1464, 'optimizer': 'RMSprop'}. Best is trial 19 with value: 0.033713660369335235.
2026-05-09 17:50:25,462 - optuna.study._optimize - INFO - Trial 33 pruned. 
2026-05-09 17:50:26,465 - optuna.study._optimize - INFO - Trial 34 pruned. 
2026-05-09 17:50:28,172 - optuna.study._optimize - INFO - Trial 35 pruned. 
2026-05-09 17:51:19,561 - optuna.study.study - INFO - Trial 36 finished with value: 0.014673040115272613 and parameters: {'n_layers': 4, 'embedding_dim': 64, 'lr': 0.019773773665456636, 'lambda_val': 1.864619888521625e-06, 'batch_size': 2726, 'optimizer': 'RMSprop'}. Best is trial 19 with value: 0.033713660369335235.
2026-05-09 17:51:20,473 - optuna.study._optimize - INFO - Trial 37 pruned. 
2026-05-09 17:52:00,235 - optuna.study.study - INFO - Trial 38 finished with value: 0.029886547532505515 and parameters: {'n_layers': 3, 'embedding_dim': 96, 'lr': 0.038500255416832996, 'lambda_val': 0.0006830452216796627, 'batch_size': 708, 'optimizer': 'RMSprop'}. Best is trial 19 with value: 0.033713660369335235.
2026-05-09 17:52:01,280 - optuna.study._optimize - INFO - Trial 39 pruned. 
2026-05-09 17:52:02,216 - optuna.study._optimize - INFO - Trial 40 pruned. 
2026-05-09 17:52:39,748 - optuna.study.study - INFO - Trial 41 finished with value: 0.03105725282201378 and parameters: {'n_layers': 3, 'embedding_dim': 96, 'lr': 0.034787503714737454, 'lambda_val': 0.00022871414168037683, 'batch_size': 1003, 'optimizer': 'RMSprop'}. Best is trial 19 with value: 0.033713660369335235.
2026-05-09 17:53:15,194 - optuna.study.study - INFO - Trial 42 finished with value: 0.03723249405847388 and parameters: {'n_layers': 3, 'embedding_dim': 96, 'lr': 0.0641456389520386, 'lambda_val': 0.00020401348411150564, 'batch_size': 933, 'optimizer': 'RMSprop'}. Best is trial 42 with value: 0.03723249405847388.
2026-05-09 17:53:16,742 - optuna.study._optimize - INFO - Trial 43 pruned. 
2026-05-09 17:53:21,303 - optuna.study._optimize - INFO - Trial 44 pruned. 
2026-05-09 17:54:19,450 - optuna.study.study - INFO - Trial 45 finished with value: 0.030968485999664307 and parameters: {'n_layers': 3, 'embedding_dim': 256, 'lr': 0.07355986706139737, 'lambda_val': 0.00030819792763713715, 'batch_size': 985, 'optimizer': 'RMSprop'}. Best is trial 42 with value: 0.03723249405847388.
2026-05-09 17:55:09,856 - optuna.study.study - INFO - Trial 46 finished with value: 0.03192027940472379 and parameters: {'n_layers': 3, 'embedding_dim': 256, 'lr': 0.07385255592880662, 'lambda_val': 0.0003111506778920229, 'batch_size': 1001, 'optimizer': 'RMSprop'}. Best is trial 42 with value: 0.03723249405847388.
2026-05-09 17:56:08,073 - optuna.study.study - INFO - Trial 47 finished with value: 0.02575529562996308 and parameters: {'n_layers': 4, 'embedding_dim': 256, 'lr': 0.08909425002259665, 'lambda_val': 0.0002990732735450255, 'batch_size': 1413, 'optimizer': 'RMSprop'}. Best is trial 42 with value: 0.03723249405847388.
2026-05-09 17:56:09,018 - optuna.study._optimize - INFO - Trial 48 pruned. 
2026-05-09 17:56:10,043 - optuna.study._optimize - INFO - Trial 49 pruned. 
2026-05-09 17:57:13,285 - optuna.study.study - INFO - Trial 50 finished with value: 0.015018723373689624 and parameters: {'n_layers': 4, 'embedding_dim': 256, 'lr': 0.09190972268041755, 'lambda_val': 0.001582120444858969, 'batch_size': 1116, 'optimizer': 'RMSprop'}. Best is trial 42 with value: 0.03723249405847388.
2026-05-09 17:58:03,780 - optuna.study.study - INFO - Trial 51 finished with value: 0.034702633466049876 and parameters: {'n_layers': 3, 'embedding_dim': 256, 'lr': 0.03624272743368411, 'lambda_val': 0.0006586894066915131, 'batch_size': 684, 'optimizer': 'RMSprop'}. Best is trial 42 with value: 0.03723249405847388.
2026-05-09 17:58:54,560 - optuna.study.study - INFO - Trial 52 finished with value: 0.03167683389538915 and parameters: {'n_layers': 3, 'embedding_dim': 256, 'lr': 0.029487891569598117, 'lambda_val': 6.458480088971744e-05, 'batch_size': 1429, 'optimizer': 'RMSprop'}. Best is trial 42 with value: 0.03723249405847388.
2026-05-09 17:59:45,563 - optuna.study.study - INFO - Trial 53 finished with value: 0.024977516369350947 and parameters: {'n_layers': 3, 'embedding_dim': 256, 'lr': 0.02924926580736497, 'lambda_val': 6.840418344931266e-05, 'batch_size': 559, 'optimizer': 'RMSprop'}. Best is trial 42 with value: 0.03723249405847388.
2026-05-09 17:59:46,553 - optuna.study._optimize - INFO - Trial 54 pruned. 
2026-05-09 18:00:37,601 - optuna.study.study - INFO - Trial 55 finished with value: 0.02856229190180186 and parameters: {'n_layers': 3, 'embedding_dim': 256, 'lr': 0.01792828127128521, 'lambda_val': 0.001115242571565089, 'batch_size': 1591, 'optimizer': 'RMSprop'}. Best is trial 42 with value: 0.03723249405847388.
2026-05-09 18:01:35,099 - optuna.study.study - INFO - Trial 56 finished with value: 0.031078637059052717 and parameters: {'n_layers': 3, 'embedding_dim': 256, 'lr': 0.03517659006007389, 'lambda_val': 0.00041855075966674705, 'batch_size': 826, 'optimizer': 'RMSprop'}. Best is trial 42 with value: 0.03723249405847388.
2026-05-09 18:02:26,733 - optuna.study.study - INFO - Trial 57 finished with value: 0.03791041192847666 and parameters: {'n_layers': 3, 'embedding_dim': 256, 'lr': 0.024372607581660016, 'lambda_val': 0.0004911847535827615, 'batch_size': 829, 'optimizer': 'RMSprop'}. Best is trial 57 with value: 0.03791041192847666.
2026-05-09 18:02:27,655 - optuna.study._optimize - INFO - Trial 58 pruned. 
2026-05-09 18:02:28,644 - optuna.study._optimize - INFO - Trial 59 pruned. 
2026-05-09 18:02:30,206 - optuna.study._optimize - INFO - Trial 60 pruned. 
2026-05-09 18:03:20,671 - optuna.study.study - INFO - Trial 61 finished with value: 0.03265074776535336 and parameters: {'n_layers': 3, 'embedding_dim': 256, 'lr': 0.047635415617254026, 'lambda_val': 0.0004041922151854043, 'batch_size': 839, 'optimizer': 'RMSprop'}. Best is trial 57 with value: 0.03791041192847666.
2026-05-09 18:04:11,577 - optuna.study.study - INFO - Trial 62 finished with value: 0.02539186133849106 and parameters: {'n_layers': 3, 'embedding_dim': 256, 'lr': 0.052579695804329855, 'lambda_val': 0.0016714809542050686, 'batch_size': 880, 'optimizer': 'RMSprop'}. Best is trial 57 with value: 0.03791041192847666.
2026-05-09 18:05:02,826 - optuna.study.study - INFO - Trial 63 finished with value: 0.041201820007524516 and parameters: {'n_layers': 3, 'embedding_dim': 256, 'lr': 0.015843188754113408, 'lambda_val': 0.00012134581337554393, 'batch_size': 1414, 'optimizer': 'RMSprop'}. Best is trial 63 with value: 0.041201820007524516.
2026-05-09 18:05:53,944 - optuna.study.study - INFO - Trial 64 finished with value: 0.0333699926750646 and parameters: {'n_layers': 3, 'embedding_dim': 256, 'lr': 0.02237803053677936, 'lambda_val': 0.000506014640619636, 'batch_size': 1115, 'optimizer': 'RMSprop'}. Best is trial 63 with value: 0.041201820007524516.
2026-05-09 18:06:44,712 - optuna.study.study - INFO - Trial 65 finished with value: 0.02907699181812981 and parameters: {'n_layers': 3, 'embedding_dim': 256, 'lr': 0.020290452765367714, 'lambda_val': 0.0009673254206822725, 'batch_size': 1145, 'optimizer': 'RMSprop'}. Best is trial 63 with value: 0.041201820007524516.
2026-05-09 18:06:45,718 - optuna.study._optimize - INFO - Trial 66 pruned. 
2026-05-09 18:06:46,694 - optuna.study._optimize - INFO - Trial 67 pruned. 
2026-05-09 18:06:47,812 - optuna.study._optimize - INFO - Trial 68 pruned. 
2026-05-09 18:06:49,095 - optuna.study._optimize - INFO - Trial 69 pruned. 
2026-05-09 18:06:50,346 - optuna.study._optimize - INFO - Trial 70 pruned. 
2026-05-09 18:06:51,624 - optuna.study._optimize - INFO - Trial 71 pruned. 
2026-05-09 18:07:42,841 - optuna.study.study - INFO - Trial 72 finished with value: 0.03244060949617613 and parameters: {'n_layers': 3, 'embedding_dim': 256, 'lr': 0.0760878169446907, 'lambda_val': 0.000491094128874358, 'batch_size': 907, 'optimizer': 'RMSprop'}. Best is trial 63 with value: 0.041201820007524516.
2026-05-09 18:08:37,775 - optuna.study.study - INFO - Trial 73 finished with value: 0.02729052945607993 and parameters: {'n_layers': 3, 'embedding_dim': 256, 'lr': 0.047404213840535336, 'lambda_val': 0.0012774875594195895, 'batch_size': 1214, 'optimizer': 'RMSprop'}. Best is trial 63 with value: 0.041201820007524516.
2026-05-09 18:08:43,026 - optuna.study._optimize - INFO - Trial 74 pruned. 
2026-05-09 18:09:34,029 - optuna.study.study - INFO - Trial 75 finished with value: 0.006550721531739615 and parameters: {'n_layers': 3, 'embedding_dim': 256, 'lr': 0.0998638080088952, 'lambda_val': 4.829449488184774e-05, 'batch_size': 823, 'optimizer': 'RMSprop'}. Best is trial 63 with value: 0.041201820007524516.
2026-05-09 18:09:35,135 - optuna.study._optimize - INFO - Trial 76 pruned. 
2026-05-09 18:10:26,087 - optuna.study.study - INFO - Trial 77 finished with value: 0.027631935021203965 and parameters: {'n_layers': 3, 'embedding_dim': 256, 'lr': 0.03350640488197273, 'lambda_val': 9.974372440419792e-05, 'batch_size': 592, 'optimizer': 'RMSprop'}. Best is trial 63 with value: 0.041201820007524516.
2026-05-09 18:10:27,084 - optuna.study._optimize - INFO - Trial 78 pruned. 
2026-05-09 18:10:28,191 - optuna.study._optimize - INFO - Trial 79 pruned. 
2026-05-09 18:11:19,244 - optuna.study.study - INFO - Trial 80 finished with value: 0.03343350527530918 and parameters: {'n_layers': 3, 'embedding_dim': 256, 'lr': 0.014227890457425023, 'lambda_val': 0.00071460915879639, 'batch_size': 1093, 'optimizer': 'RMSprop'}. Best is trial 63 with value: 0.041201820007524516.
2026-05-09 18:12:09,858 - optuna.study.study - INFO - Trial 81 finished with value: 0.033667495867599255 and parameters: {'n_layers': 3, 'embedding_dim': 256, 'lr': 0.01700468003800804, 'lambda_val': 0.000718583665763842, 'batch_size': 927, 'optimizer': 'RMSprop'}. Best is trial 63 with value: 0.041201820007524516.
2026-05-09 18:12:11,375 - optuna.study._optimize - INFO - Trial 82 pruned. 
2026-05-09 18:12:12,186 - optuna.study._optimize - INFO - Trial 83 pruned. 
2026-05-09 18:12:13,515 - optuna.study._optimize - INFO - Trial 84 pruned. 
2026-05-09 18:12:14,468 - optuna.study._optimize - INFO - Trial 85 pruned. 
2026-05-09 18:12:15,920 - optuna.study._optimize - INFO - Trial 86 pruned. 
2026-05-09 18:12:16,972 - optuna.study._optimize - INFO - Trial 87 pruned. 
2026-05-09 18:12:18,345 - optuna.study._optimize - INFO - Trial 88 pruned. 
2026-05-09 18:12:19,440 - optuna.study._optimize - INFO - Trial 89 pruned. 
2026-05-09 18:12:20,758 - optuna.study._optimize - INFO - Trial 90 pruned. 
2026-05-09 18:13:11,934 - optuna.study.study - INFO - Trial 91 finished with value: 0.03158952719134411 and parameters: {'n_layers': 3, 'embedding_dim': 256, 'lr': 0.05745190759258384, 'lambda_val': 0.00044738762110243217, 'batch_size': 912, 'optimizer': 'RMSprop'}. Best is trial 63 with value: 0.041201820007524516.
2026-05-09 18:14:02,992 - optuna.study.study - INFO - Trial 92 finished with value: 0.03487212776982755 and parameters: {'n_layers': 3, 'embedding_dim': 256, 'lr': 0.03113161071419044, 'lambda_val': 0.0005440343944990741, 'batch_size': 870, 'optimizer': 'RMSprop'}. Best is trial 63 with value: 0.041201820007524516.
2026-05-09 18:14:54,436 - optuna.study.study - INFO - Trial 93 finished with value: 0.03753311042467048 and parameters: {'n_layers': 3, 'embedding_dim': 256, 'lr': 0.03695277427475215, 'lambda_val': 0.00025265264875526166, 'batch_size': 1352, 'optimizer': 'RMSprop'}. Best is trial 63 with value: 0.041201820007524516.
2026-05-09 18:15:45,256 - optuna.study.study - INFO - Trial 94 finished with value: 0.03940882641835107 and parameters: {'n_layers': 3, 'embedding_dim': 256, 'lr': 0.03536821235885078, 'lambda_val': 0.0002680912413925616, 'batch_size': 1381, 'optimizer': 'RMSprop'}. Best is trial 63 with value: 0.041201820007524516.
2026-05-09 18:15:46,197 - optuna.study._optimize - INFO - Trial 95 pruned. 
2026-05-09 18:15:47,194 - optuna.study._optimize - INFO - Trial 96 pruned. 
2026-05-09 18:15:48,491 - optuna.study._optimize - INFO - Trial 97 pruned. 
2026-05-09 18:15:49,532 - optuna.study._optimize - INFO - Trial 98 pruned. 
2026-05-09 18:15:51,060 - optuna.study._optimize - INFO - Trial 99 pruned. 
2026-05-09 18:16:35,683 - root - INFO -   **** Training e_100K_1c1dcs_rand1
2026-05-09 18:16:35,694 - root - INFO -   **** Getting 53072/65410 random edges
2026-05-09 18:16:36,209 - optuna.storages._rdb.storage - INFO - A new study created in RDB with name: Study_e_100K_1c1dcs_rand1
2026-05-09 18:17:30,272 - optuna.study.study - INFO - Trial 0 finished with value: 0.0026215465555500922 and parameters: {'n_layers': 4, 'embedding_dim': 256, 'lr': 0.00024345977570882222, 'lambda_val': 1.0127809460778294e-06, 'batch_size': 601, 'optimizer': 'SGD'}. Best is trial 0 with value: 0.0026215465555500922.
2026-05-09 18:18:22,756 - optuna.study.study - INFO - Trial 1 finished with value: 0.05205232668484667 and parameters: {'n_layers': 4, 'embedding_dim': 96, 'lr': 3.5615013856454304e-05, 'lambda_val': 0.0009120028229223741, 'batch_size': 3833, 'optimizer': 'RMSprop'}. Best is trial 1 with value: 0.05205232668484667.
2026-05-09 18:18:55,859 - optuna.study.study - INFO - Trial 2 finished with value: 0.031341189813012774 and parameters: {'n_layers': 2, 'embedding_dim': 128, 'lr': 0.0005879561795852783, 'lambda_val': 5.48316393250194e-05, 'batch_size': 1342, 'optimizer': 'Adam'}. Best is trial 1 with value: 0.05205232668484667.
2026-05-09 18:19:26,560 - optuna.study.study - INFO - Trial 3 finished with value: 0.014316884167644412 and parameters: {'n_layers': 2, 'embedding_dim': 32, 'lr': 0.009709055907552775, 'lambda_val': 0.03679858717028766, 'batch_size': 3878, 'optimizer': 'Adam'}. Best is trial 1 with value: 0.05205232668484667.
2026-05-09 18:20:05,889 - optuna.study.study - INFO - Trial 4 finished with value: 0.0026812029031463673 and parameters: {'n_layers': 3, 'embedding_dim': 128, 'lr': 3.052858954159598e-05, 'lambda_val': 7.743545711562972e-05, 'batch_size': 2577, 'optimizer': 'SGD'}. Best is trial 1 with value: 0.05205232668484667.
2026-05-09 18:20:10,954 - optuna.study._optimize - INFO - Trial 5 pruned. 
2026-05-09 18:20:18,911 - optuna.study._optimize - INFO - Trial 6 pruned. 
2026-05-09 18:20:19,831 - optuna.study._optimize - INFO - Trial 7 pruned. 
2026-05-09 18:20:21,282 - optuna.study._optimize - INFO - Trial 8 pruned. 
2026-05-09 18:20:22,914 - optuna.study._optimize - INFO - Trial 9 pruned. 
2026-05-09 18:20:51,822 - optuna.study.study - INFO - Trial 10 finished with value: 0.06528571780659553 and parameters: {'n_layers': 1, 'embedding_dim': 64, 'lr': 0.008034457901309895, 'lambda_val': 0.001178418138979597, 'batch_size': 3978, 'optimizer': 'RMSprop'}. Best is trial 10 with value: 0.06528571780659553.
2026-05-09 18:21:20,137 - optuna.study.study - INFO - Trial 11 finished with value: 0.07063826636071883 and parameters: {'n_layers': 1, 'embedding_dim': 64, 'lr': 0.009354736290051026, 'lambda_val': 0.0013785793767687265, 'batch_size': 4039, 'optimizer': 'RMSprop'}. Best is trial 11 with value: 0.07063826636071883.
2026-05-09 18:21:51,284 - optuna.study.study - INFO - Trial 12 finished with value: 0.06454807463619026 and parameters: {'n_layers': 1, 'embedding_dim': 64, 'lr': 0.02871864772260588, 'lambda_val': 0.0021676419305304865, 'batch_size': 3343, 'optimizer': 'RMSprop'}. Best is trial 11 with value: 0.07063826636071883.
2026-05-09 18:22:20,834 - optuna.study.study - INFO - Trial 13 finished with value: 0.06396167526667795 and parameters: {'n_layers': 1, 'embedding_dim': 64, 'lr': 0.004912330089447791, 'lambda_val': 0.0032467728005001577, 'batch_size': 4051, 'optimizer': 'RMSprop'}. Best is trial 11 with value: 0.07063826636071883.
2026-05-09 18:22:22,752 - optuna.study._optimize - INFO - Trial 14 pruned. 
2026-05-09 18:22:23,763 - optuna.study._optimize - INFO - Trial 15 pruned. 
2026-05-09 18:22:25,374 - optuna.study._optimize - INFO - Trial 16 pruned. 
2026-05-09 18:22:57,423 - optuna.study.study - INFO - Trial 17 finished with value: 0.05849248151906368 and parameters: {'n_layers': 1, 'embedding_dim': 256, 'lr': 0.0021371463197985587, 'lambda_val': 0.00023694351174165313, 'batch_size': 3635, 'optimizer': 'RMSprop'}. Best is trial 11 with value: 0.07063826636071883.
2026-05-09 18:22:58,886 - optuna.study._optimize - INFO - Trial 18 pruned. 
2026-05-09 18:22:59,935 - optuna.study._optimize - INFO - Trial 19 pruned. 
2026-05-09 18:23:27,139 - optuna.study.study - INFO - Trial 20 finished with value: 0.07000365114059898 and parameters: {'n_layers': 1, 'embedding_dim': 64, 'lr': 0.006417311148049912, 'lambda_val': 0.0031764154055812775, 'batch_size': 4018, 'optimizer': 'RMSprop'}. Best is trial 11 with value: 0.07063826636071883.
2026-05-09 18:23:28,136 - optuna.study._optimize - INFO - Trial 21 pruned. 
2026-05-09 18:23:29,111 - optuna.study._optimize - INFO - Trial 22 pruned. 
2026-05-09 18:23:31,329 - optuna.study._optimize - INFO - Trial 23 pruned. 
2026-05-09 18:23:32,445 - optuna.study._optimize - INFO - Trial 24 pruned. 
2026-05-09 18:24:07,338 - optuna.study.study - INFO - Trial 25 finished with value: 0.07470476388625312 and parameters: {'n_layers': 1, 'embedding_dim': 256, 'lr': 0.015041350518799755, 'lambda_val': 0.0012063036658715002, 'batch_size': 4043, 'optimizer': 'RMSprop'}. Best is trial 25 with value: 0.07470476388625312.
2026-05-09 18:24:09,189 - optuna.study._optimize - INFO - Trial 26 pruned. 
2026-05-09 18:24:12,750 - optuna.study._optimize - INFO - Trial 27 pruned. 
2026-05-09 18:24:13,825 - optuna.study._optimize - INFO - Trial 28 pruned. 
2026-05-09 18:24:15,198 - optuna.study._optimize - INFO - Trial 29 pruned. 
2026-05-09 18:24:16,184 - optuna.study._optimize - INFO - Trial 30 pruned. 
2026-05-09 18:24:18,555 - optuna.study._optimize - INFO - Trial 31 pruned. 
2026-05-09 18:24:19,694 - optuna.study._optimize - INFO - Trial 32 pruned. 
2026-05-09 18:24:24,689 - optuna.study._optimize - INFO - Trial 33 pruned. 
2026-05-09 18:24:26,750 - optuna.study._optimize - INFO - Trial 34 pruned. 
2026-05-09 18:24:27,922 - optuna.study._optimize - INFO - Trial 35 pruned. 
2026-05-09 18:24:29,047 - optuna.study._optimize - INFO - Trial 36 pruned. 
2026-05-09 18:24:31,109 - optuna.study._optimize - INFO - Trial 37 pruned. 
2026-05-09 18:24:32,592 - optuna.study._optimize - INFO - Trial 38 pruned. 
2026-05-09 18:24:34,458 - optuna.study._optimize - INFO - Trial 39 pruned. 
2026-05-09 18:24:35,389 - optuna.study._optimize - INFO - Trial 40 pruned. 
2026-05-09 18:24:37,376 - optuna.study._optimize - INFO - Trial 41 pruned. 
2026-05-09 18:24:38,350 - optuna.study._optimize - INFO - Trial 42 pruned. 
2026-05-09 18:24:40,036 - optuna.study._optimize - INFO - Trial 43 pruned. 
2026-05-09 18:24:42,053 - optuna.study._optimize - INFO - Trial 44 pruned. 
2026-05-09 18:24:43,104 - optuna.study._optimize - INFO - Trial 45 pruned. 
2026-05-09 18:24:44,745 - optuna.study._optimize - INFO - Trial 46 pruned. 
2026-05-09 18:24:46,179 - optuna.study._optimize - INFO - Trial 47 pruned. 
2026-05-09 18:24:47,143 - optuna.study._optimize - INFO - Trial 48 pruned. 
2026-05-09 18:24:49,395 - optuna.study._optimize - INFO - Trial 49 pruned. 
2026-05-09 18:24:50,381 - optuna.study._optimize - INFO - Trial 50 pruned. 
2026-05-09 18:24:51,667 - optuna.study._optimize - INFO - Trial 51 pruned. 
2026-05-09 18:24:58,404 - optuna.study._optimize - INFO - Trial 52 pruned. 
2026-05-09 18:24:59,412 - optuna.study._optimize - INFO - Trial 53 pruned. 
2026-05-09 18:25:01,198 - optuna.study._optimize - INFO - Trial 54 pruned. 
2026-05-09 18:25:02,392 - optuna.study._optimize - INFO - Trial 55 pruned. 
2026-05-09 18:25:03,477 - optuna.study._optimize - INFO - Trial 56 pruned. 
2026-05-09 18:25:04,571 - optuna.study._optimize - INFO - Trial 57 pruned. 
2026-05-09 18:25:39,869 - optuna.study.study - INFO - Trial 58 finished with value: 0.07403064385468662 and parameters: {'n_layers': 1, 'embedding_dim': 256, 'lr': 0.007516841938499555, 'lambda_val': 0.0004635337041858887, 'batch_size': 3671, 'optimizer': 'RMSprop'}. Best is trial 25 with value: 0.07470476388625312.
2026-05-09 18:25:41,567 - optuna.study._optimize - INFO - Trial 59 pruned. 
2026-05-09 18:25:43,245 - optuna.study._optimize - INFO - Trial 60 pruned. 
2026-05-09 18:25:44,164 - optuna.study._optimize - INFO - Trial 61 pruned. 
2026-05-09 18:26:24,142 - optuna.study.study - INFO - Trial 62 finished with value: 0.07623265228279848 and parameters: {'n_layers': 1, 'embedding_dim': 256, 'lr': 0.013113561220525509, 'lambda_val': 0.0019223962900736654, 'batch_size': 4096, 'optimizer': 'RMSprop'}. Best is trial 62 with value: 0.07623265228279848.
2026-05-09 18:26:56,620 - optuna.study.study - INFO - Trial 63 finished with value: 0.07886764710679352 and parameters: {'n_layers': 1, 'embedding_dim': 256, 'lr': 0.012502858982556502, 'lambda_val': 0.0006261977886571561, 'batch_size': 1716, 'optimizer': 'RMSprop'}. Best is trial 63 with value: 0.07886764710679352.
2026-05-09 18:26:58,421 - optuna.study._optimize - INFO - Trial 64 pruned. 
2026-05-09 18:26:59,926 - optuna.study._optimize - INFO - Trial 65 pruned. 
2026-05-09 18:27:01,715 - optuna.study._optimize - INFO - Trial 66 pruned. 
2026-05-09 18:27:02,712 - optuna.study._optimize - INFO - Trial 67 pruned. 
2026-05-09 18:27:03,840 - optuna.study._optimize - INFO - Trial 68 pruned. 
2026-05-09 18:27:04,935 - optuna.study._optimize - INFO - Trial 69 pruned. 
2026-05-09 18:27:06,152 - optuna.study._optimize - INFO - Trial 70 pruned. 
2026-05-09 18:27:07,851 - optuna.study._optimize - INFO - Trial 71 pruned. 
2026-05-09 18:27:09,550 - optuna.study._optimize - INFO - Trial 72 pruned. 
2026-05-09 18:27:17,095 - optuna.study._optimize - INFO - Trial 73 pruned. 
2026-05-09 18:27:18,640 - optuna.study._optimize - INFO - Trial 74 pruned. 
2026-05-09 18:27:20,635 - optuna.study._optimize - INFO - Trial 75 pruned. 
2026-05-09 18:27:21,757 - optuna.study._optimize - INFO - Trial 76 pruned. 
2026-05-09 18:27:43,072 - optuna.study._optimize - INFO - Trial 77 pruned. 
2026-05-09 18:27:45,506 - optuna.study._optimize - INFO - Trial 78 pruned. 
2026-05-09 18:27:46,554 - optuna.study._optimize - INFO - Trial 79 pruned. 
2026-05-09 18:27:48,514 - optuna.study._optimize - INFO - Trial 80 pruned. 
2026-05-09 18:27:49,978 - optuna.study._optimize - INFO - Trial 81 pruned. 
2026-05-09 18:27:51,514 - optuna.study._optimize - INFO - Trial 82 pruned. 
2026-05-09 18:27:52,573 - optuna.study._optimize - INFO - Trial 83 pruned. 
2026-05-09 18:27:54,761 - optuna.study._optimize - INFO - Trial 84 pruned. 
2026-05-09 18:28:14,871 - optuna.study._optimize - INFO - Trial 85 pruned. 
2026-05-09 18:28:15,777 - optuna.study._optimize - INFO - Trial 86 pruned. 
2026-05-09 18:28:25,179 - optuna.study._optimize - INFO - Trial 87 pruned. 
2026-05-09 18:28:26,697 - optuna.study._optimize - INFO - Trial 88 pruned. 
2026-05-09 18:28:28,078 - optuna.study._optimize - INFO - Trial 89 pruned. 
2026-05-09 18:28:29,085 - optuna.study._optimize - INFO - Trial 90 pruned. 
2026-05-09 18:28:30,490 - optuna.study._optimize - INFO - Trial 91 pruned. 
2026-05-09 18:28:31,523 - optuna.study._optimize - INFO - Trial 92 pruned. 
2026-05-09 18:29:04,846 - optuna.study.study - INFO - Trial 93 finished with value: 0.0812703383046572 and parameters: {'n_layers': 1, 'embedding_dim': 256, 'lr': 0.007611209958867563, 'lambda_val': 0.0008955080358224154, 'batch_size': 3675, 'optimizer': 'RMSprop'}. Best is trial 93 with value: 0.0812703383046572.
2026-05-09 18:29:38,948 - optuna.study.study - INFO - Trial 94 finished with value: 0.07805030663046451 and parameters: {'n_layers': 1, 'embedding_dim': 256, 'lr': 0.008154666457637242, 'lambda_val': 0.0008923605632242646, 'batch_size': 4041, 'optimizer': 'RMSprop'}. Best is trial 93 with value: 0.0812703383046572.
2026-05-09 18:30:26,782 - optuna.study.study - INFO - Trial 95 finished with value: 0.08175429690633149 and parameters: {'n_layers': 1, 'embedding_dim': 256, 'lr': 0.007555942246374054, 'lambda_val': 0.0008671065641252272, 'batch_size': 4022, 'optimizer': 'RMSprop'}. Best is trial 95 with value: 0.08175429690633149.
2026-05-09 18:31:01,286 - optuna.study.study - INFO - Trial 96 finished with value: 0.0818047084937029 and parameters: {'n_layers': 1, 'embedding_dim': 256, 'lr': 0.008024924879139504, 'lambda_val': 0.0008251914516064217, 'batch_size': 4026, 'optimizer': 'RMSprop'}. Best is trial 96 with value: 0.0818047084937029.
2026-05-09 18:31:35,775 - optuna.study.study - INFO - Trial 97 finished with value: 0.07639939815231629 and parameters: {'n_layers': 1, 'embedding_dim': 256, 'lr': 0.007354785306618644, 'lambda_val': 0.000801619701435898, 'batch_size': 4006, 'optimizer': 'RMSprop'}. Best is trial 96 with value: 0.0818047084937029.
2026-05-09 18:31:36,746 - optuna.study._optimize - INFO - Trial 98 pruned. 
2026-05-09 18:31:55,283 - optuna.study._optimize - INFO - Trial 99 pruned. 
2026-05-09 18:32:23,960 - root - INFO -   **** Training e_100K_1c1dcs_rand2
2026-05-09 18:32:23,972 - root - INFO -   **** Getting 53072/65410 random edges
2026-05-09 18:32:24,299 - optuna.storages._rdb.storage - INFO - A new study created in RDB with name: Study_e_100K_1c1dcs_rand2
2026-05-09 18:32:53,806 - optuna.study.study - INFO - Trial 0 finished with value: 0.0007425299730769931 and parameters: {'n_layers': 2, 'embedding_dim': 96, 'lr': 0.0009021363008929866, 'lambda_val': 1.8521577854547488e-05, 'batch_size': 987, 'optimizer': 'SGD'}. Best is trial 0 with value: 0.0007425299730769931.
2026-05-09 18:33:26,762 - optuna.study.study - INFO - Trial 1 finished with value: 0.052637810203300786 and parameters: {'n_layers': 1, 'embedding_dim': 128, 'lr': 0.048517091173259336, 'lambda_val': 0.01410409264140906, 'batch_size': 2457, 'optimizer': 'Adam'}. Best is trial 1 with value: 0.052637810203300786.
2026-05-09 18:34:18,175 - optuna.study.study - INFO - Trial 2 finished with value: 0.017813451088216473 and parameters: {'n_layers': 4, 'embedding_dim': 128, 'lr': 0.00021627487271195012, 'lambda_val': 2.1467503313135154e-05, 'batch_size': 3071, 'optimizer': 'Adam'}. Best is trial 1 with value: 0.052637810203300786.
2026-05-09 18:34:46,489 - optuna.study.study - INFO - Trial 3 finished with value: 0.07138926134260008 and parameters: {'n_layers': 1, 'embedding_dim': 96, 'lr': 0.00014909483627344864, 'lambda_val': 0.0002042552923095513, 'batch_size': 3497, 'optimizer': 'RMSprop'}. Best is trial 3 with value: 0.07138926134260008.
2026-05-09 18:35:15,362 - optuna.study.study - INFO - Trial 4 finished with value: 0.04063177367829795 and parameters: {'n_layers': 1, 'embedding_dim': 32, 'lr': 0.0005853406866974734, 'lambda_val': 4.334158195537143e-06, 'batch_size': 3047, 'optimizer': 'RMSprop'}. Best is trial 3 with value: 0.07138926134260008.
2026-05-09 18:35:17,396 - optuna.study._optimize - INFO - Trial 5 pruned. 
2026-05-09 18:35:51,949 - optuna.study.study - INFO - Trial 6 finished with value: 0.020978870262258996 and parameters: {'n_layers': 3, 'embedding_dim': 64, 'lr': 0.00038204806873198724, 'lambda_val': 6.599821656978947e-06, 'batch_size': 2425, 'optimizer': 'RMSprop'}. Best is trial 3 with value: 0.07138926134260008.
2026-05-09 18:35:53,005 - optuna.study._optimize - INFO - Trial 7 pruned. 
2026-05-09 18:35:54,398 - optuna.study._optimize - INFO - Trial 8 pruned. 
2026-05-09 18:35:55,403 - optuna.study._optimize - INFO - Trial 9 pruned. 
2026-05-09 18:35:56,445 - optuna.study._optimize - INFO - Trial 10 pruned. 
2026-05-09 18:36:25,451 - optuna.study.study - INFO - Trial 11 finished with value: 0.059340436302417754 and parameters: {'n_layers': 1, 'embedding_dim': 128, 'lr': 0.00482161549546794, 'lambda_val': 0.008043995644568466, 'batch_size': 1737, 'optimizer': 'Adam'}. Best is trial 3 with value: 0.07138926134260008.
2026-05-09 18:36:26,685 - optuna.study._optimize - INFO - Trial 12 pruned. 
2026-05-09 18:36:27,780 - optuna.study._optimize - INFO - Trial 13 pruned. 
2026-05-09 18:36:29,316 - optuna.study._optimize - INFO - Trial 14 pruned. 
2026-05-09 18:36:30,322 - optuna.study._optimize - INFO - Trial 15 pruned. 
2026-05-09 18:36:33,839 - optuna.study._optimize - INFO - Trial 16 pruned. 
2026-05-09 18:36:34,846 - optuna.study._optimize - INFO - Trial 17 pruned. 
2026-05-09 18:36:36,206 - optuna.study._optimize - INFO - Trial 18 pruned. 
2026-05-09 18:36:37,213 - optuna.study._optimize - INFO - Trial 19 pruned. 
2026-05-09 18:36:38,408 - optuna.study._optimize - INFO - Trial 20 pruned. 
2026-05-09 18:36:39,926 - optuna.study._optimize - INFO - Trial 21 pruned. 
2026-05-09 18:36:40,855 - optuna.study._optimize - INFO - Trial 22 pruned. 
2026-05-09 18:36:42,275 - optuna.study._optimize - INFO - Trial 23 pruned. 
2026-05-09 18:36:43,292 - optuna.study._optimize - INFO - Trial 24 pruned. 
2026-05-09 18:36:44,586 - optuna.study._optimize - INFO - Trial 25 pruned. 
2026-05-09 18:36:45,559 - optuna.study._optimize - INFO - Trial 26 pruned. 
2026-05-09 18:37:16,062 - optuna.study.study - INFO - Trial 27 finished with value: 0.049924969718922976 and parameters: {'n_layers': 1, 'embedding_dim': 128, 'lr': 0.0006026641318563561, 'lambda_val': 8.672616876240587e-05, 'batch_size': 3314, 'optimizer': 'Adam'}. Best is trial 3 with value: 0.07138926134260008.
2026-05-09 18:37:17,773 - optuna.study._optimize - INFO - Trial 28 pruned. 
2026-05-09 18:37:19,622 - optuna.study._optimize - INFO - Trial 29 pruned. 
2026-05-09 18:37:21,560 - optuna.study._optimize - INFO - Trial 30 pruned. 
2026-05-09 18:37:22,587 - optuna.study._optimize - INFO - Trial 31 pruned. 
2026-05-09 18:37:23,605 - optuna.study._optimize - INFO - Trial 32 pruned. 
2026-05-09 18:37:24,753 - optuna.study._optimize - INFO - Trial 33 pruned. 
2026-05-09 18:37:26,258 - optuna.study._optimize - INFO - Trial 34 pruned. 
2026-05-09 18:37:27,673 - optuna.study._optimize - INFO - Trial 35 pruned. 
2026-05-09 18:37:29,484 - optuna.study._optimize - INFO - Trial 36 pruned. 
2026-05-09 18:37:30,457 - optuna.study._optimize - INFO - Trial 37 pruned. 
2026-05-09 18:37:31,784 - optuna.study._optimize - INFO - Trial 38 pruned. 
2026-05-09 18:37:32,746 - optuna.study._optimize - INFO - Trial 39 pruned. 
2026-05-09 18:37:36,539 - optuna.study._optimize - INFO - Trial 40 pruned. 
2026-05-09 18:37:37,622 - optuna.study._optimize - INFO - Trial 41 pruned. 
2026-05-09 18:37:38,733 - optuna.study._optimize - INFO - Trial 42 pruned. 
2026-05-09 18:37:41,190 - optuna.study._optimize - INFO - Trial 43 pruned. 
2026-05-09 18:37:42,195 - optuna.study._optimize - INFO - Trial 44 pruned. 
2026-05-09 18:37:43,243 - optuna.study._optimize - INFO - Trial 45 pruned. 
2026-05-09 18:37:44,515 - optuna.study._optimize - INFO - Trial 46 pruned. 
2026-05-09 18:37:45,620 - optuna.study._optimize - INFO - Trial 47 pruned. 
2026-05-09 18:37:47,469 - optuna.study._optimize - INFO - Trial 48 pruned. 
2026-05-09 18:37:48,452 - optuna.study._optimize - INFO - Trial 49 pruned. 
2026-05-09 18:38:15,237 - optuna.study.study - INFO - Trial 50 finished with value: 0.048593666723997654 and parameters: {'n_layers': 1, 'embedding_dim': 96, 'lr': 0.005439572610976059, 'lambda_val': 3.6207149467378484e-05, 'batch_size': 2382, 'optimizer': 'Adam'}. Best is trial 3 with value: 0.07138926134260008.
2026-05-09 18:38:16,241 - optuna.study._optimize - INFO - Trial 51 pruned. 
2026-05-09 18:38:17,667 - optuna.study._optimize - INFO - Trial 52 pruned. 
2026-05-09 18:38:18,684 - optuna.study._optimize - INFO - Trial 53 pruned. 
2026-05-09 18:38:19,917 - optuna.study._optimize - INFO - Trial 54 pruned. 
2026-05-09 18:38:48,569 - optuna.study.study - INFO - Trial 55 finished with value: 0.04919745846537043 and parameters: {'n_layers': 1, 'embedding_dim': 128, 'lr': 0.0008512905676868938, 'lambda_val': 0.011589605520561895, 'batch_size': 1972, 'optimizer': 'Adam'}. Best is trial 3 with value: 0.07138926134260008.
2026-05-09 18:38:49,519 - optuna.study._optimize - INFO - Trial 56 pruned. 
2026-05-09 18:38:50,580 - optuna.study._optimize - INFO - Trial 57 pruned. 
2026-05-09 18:38:52,250 - optuna.study._optimize - INFO - Trial 58 pruned. 
2026-05-09 18:38:53,266 - optuna.study._optimize - INFO - Trial 59 pruned. 
2026-05-09 18:38:54,251 - optuna.study._optimize - INFO - Trial 60 pruned. 
2026-05-09 18:38:55,572 - optuna.study._optimize - INFO - Trial 61 pruned. 
2026-05-09 18:38:56,544 - optuna.study._optimize - INFO - Trial 62 pruned. 
2026-05-09 18:39:26,314 - optuna.study.study - INFO - Trial 63 finished with value: 0.047704811621854054 and parameters: {'n_layers': 1, 'embedding_dim': 128, 'lr': 0.0009159051803989175, 'lambda_val': 1.124169285117211e-06, 'batch_size': 1958, 'optimizer': 'Adam'}. Best is trial 3 with value: 0.07138926134260008.
2026-05-09 18:39:27,317 - optuna.study._optimize - INFO - Trial 64 pruned. 
2026-05-09 18:39:28,379 - optuna.study._optimize - INFO - Trial 65 pruned. 
2026-05-09 18:39:29,705 - optuna.study._optimize - INFO - Trial 66 pruned. 
2026-05-09 18:39:31,153 - optuna.study._optimize - INFO - Trial 67 pruned. 
2026-05-09 18:39:32,392 - optuna.study._optimize - INFO - Trial 68 pruned. 
2026-05-09 18:39:33,187 - optuna.study._optimize - INFO - Trial 69 pruned. 
2026-05-09 18:39:34,382 - optuna.study._optimize - INFO - Trial 70 pruned. 
2026-05-09 18:39:35,438 - optuna.study._optimize - INFO - Trial 71 pruned. 
2026-05-09 18:39:36,864 - optuna.study._optimize - INFO - Trial 72 pruned. 
2026-05-09 18:39:38,292 - optuna.study._optimize - INFO - Trial 73 pruned. 
2026-05-09 18:39:39,320 - optuna.study._optimize - INFO - Trial 74 pruned. 
2026-05-09 18:39:40,625 - optuna.study._optimize - INFO - Trial 75 pruned. 
2026-05-09 18:39:41,615 - optuna.study._optimize - INFO - Trial 76 pruned. 
2026-05-09 18:39:43,856 - optuna.study._optimize - INFO - Trial 77 pruned. 
2026-05-09 18:39:45,095 - optuna.study._optimize - INFO - Trial 78 pruned. 
2026-05-09 18:39:47,032 - optuna.study._optimize - INFO - Trial 79 pruned. 
2026-05-09 18:39:48,159 - optuna.study._optimize - INFO - Trial 80 pruned. 
2026-05-09 18:39:49,730 - optuna.study._optimize - INFO - Trial 81 pruned. 
2026-05-09 18:39:50,880 - optuna.study._optimize - INFO - Trial 82 pruned. 
2026-05-09 18:39:52,151 - optuna.study._optimize - INFO - Trial 83 pruned. 
2026-05-09 18:39:53,507 - optuna.study._optimize - INFO - Trial 84 pruned. 
2026-05-09 18:39:54,525 - optuna.study._optimize - INFO - Trial 85 pruned. 
2026-05-09 18:39:55,553 - optuna.study._optimize - INFO - Trial 86 pruned. 
2026-05-09 18:39:56,647 - optuna.study._optimize - INFO - Trial 87 pruned. 
2026-05-09 18:39:58,625 - optuna.study._optimize - INFO - Trial 88 pruned. 
2026-05-09 18:39:59,649 - optuna.study._optimize - INFO - Trial 89 pruned. 
2026-05-09 18:40:01,144 - optuna.study._optimize - INFO - Trial 90 pruned. 
2026-05-09 18:40:06,789 - optuna.study._optimize - INFO - Trial 91 pruned. 
2026-05-09 18:40:12,277 - optuna.study._optimize - INFO - Trial 92 pruned. 
2026-05-09 18:40:13,272 - optuna.study._optimize - INFO - Trial 93 pruned. 
2026-05-09 18:40:14,204 - optuna.study._optimize - INFO - Trial 94 pruned. 
2026-05-09 18:40:15,108 - optuna.study._optimize - INFO - Trial 95 pruned. 
2026-05-09 18:40:16,147 - optuna.study._optimize - INFO - Trial 96 pruned. 
2026-05-09 18:40:17,121 - optuna.study._optimize - INFO - Trial 97 pruned. 
2026-05-09 18:40:18,069 - optuna.study._optimize - INFO - Trial 98 pruned. 
2026-05-09 18:40:19,519 - optuna.study._optimize - INFO - Trial 99 pruned. 
2026-05-09 18:40:43,046 - root - INFO -   **** Training e_100K_1c1dcs_rand3
2026-05-09 18:40:43,057 - root - INFO -   **** Getting 53072/65410 random edges
2026-05-09 18:40:43,167 - optuna.storages._rdb.storage - INFO - A new study created in RDB with name: Study_e_100K_1c1dcs_rand3
2026-05-09 18:41:31,309 - optuna.study.study - INFO - Trial 0 finished with value: 0.0022018464293117484 and parameters: {'n_layers': 2, 'embedding_dim': 256, 'lr': 0.00025979145812920725, 'lambda_val': 0.06625612452657943, 'batch_size': 3352, 'optimizer': 'SGD'}. Best is trial 0 with value: 0.0022018464293117484.
2026-05-09 18:42:14,792 - optuna.study.study - INFO - Trial 1 finished with value: 0.0029262705269950447 and parameters: {'n_layers': 4, 'embedding_dim': 128, 'lr': 0.0005554239808759256, 'lambda_val': 3.5336756223068724e-06, 'batch_size': 3411, 'optimizer': 'SGD'}. Best is trial 1 with value: 0.0029262705269950447.
2026-05-09 18:43:15,489 - optuna.study.study - INFO - Trial 2 finished with value: 0.011099764239398032 and parameters: {'n_layers': 4, 'embedding_dim': 256, 'lr': 0.0007711204012177192, 'lambda_val': 0.022555082290213937, 'batch_size': 2233, 'optimizer': 'Adam'}. Best is trial 2 with value: 0.011099764239398032.
2026-05-09 18:44:04,389 - optuna.study.study - INFO - Trial 3 finished with value: 0.033422361250921226 and parameters: {'n_layers': 3, 'embedding_dim': 96, 'lr': 2.5256391200152882e-05, 'lambda_val': 2.467165720584786e-05, 'batch_size': 3081, 'optimizer': 'RMSprop'}. Best is trial 3 with value: 0.033422361250921226.
2026-05-09 18:44:37,139 - optuna.study.study - INFO - Trial 4 finished with value: 0.01746966857130186 and parameters: {'n_layers': 4, 'embedding_dim': 32, 'lr': 0.00690319221849452, 'lambda_val': 6.368145782329904e-06, 'batch_size': 1607, 'optimizer': 'RMSprop'}. Best is trial 3 with value: 0.033422361250921226.
2026-05-09 18:44:38,088 - optuna.study._optimize - INFO - Trial 5 pruned. 
2026-05-09 18:44:39,065 - optuna.study._optimize - INFO - Trial 6 pruned. 
2026-05-09 18:44:40,570 - optuna.study._optimize - INFO - Trial 7 pruned. 
2026-05-09 18:44:43,237 - optuna.study._optimize - INFO - Trial 8 pruned. 
2026-05-09 18:44:44,332 - optuna.study._optimize - INFO - Trial 9 pruned. 
2026-05-09 18:44:45,460 - optuna.study._optimize - INFO - Trial 10 pruned. 
2026-05-09 18:45:16,359 - optuna.study.study - INFO - Trial 11 finished with value: 0.01632178858641803 and parameters: {'n_layers': 3, 'embedding_dim': 32, 'lr': 0.09235855321240773, 'lambda_val': 1.2309718541340319e-06, 'batch_size': 1212, 'optimizer': 'RMSprop'}. Best is trial 3 with value: 0.033422361250921226.
2026-05-09 18:45:49,513 - optuna.study.study - INFO - Trial 12 finished with value: 0.019688468554849847 and parameters: {'n_layers': 4, 'embedding_dim': 32, 'lr': 0.005334279234888203, 'lambda_val': 4.328384014784173e-05, 'batch_size': 1446, 'optimizer': 'RMSprop'}. Best is trial 3 with value: 0.033422361250921226.
2026-05-09 18:46:25,381 - optuna.study.study - INFO - Trial 13 finished with value: 0.025914291763692494 and parameters: {'n_layers': 3, 'embedding_dim': 96, 'lr': 0.0036785662095750234, 'lambda_val': 0.00010744886656060286, 'batch_size': 528, 'optimizer': 'RMSprop'}. Best is trial 3 with value: 0.033422361250921226.
2026-05-09 18:46:27,082 - optuna.study._optimize - INFO - Trial 14 pruned. 
2026-05-09 18:46:28,275 - optuna.study._optimize - INFO - Trial 15 pruned. 
2026-05-09 18:46:29,835 - optuna.study._optimize - INFO - Trial 16 pruned. 
2026-05-09 18:46:30,918 - optuna.study._optimize - INFO - Trial 17 pruned. 
2026-05-09 18:47:08,431 - optuna.study.study - INFO - Trial 18 finished with value: 0.022902616180020492 and parameters: {'n_layers': 3, 'embedding_dim': 96, 'lr': 0.025204792887150405, 'lambda_val': 0.0035661578944358257, 'batch_size': 4068, 'optimizer': 'RMSprop'}. Best is trial 3 with value: 0.033422361250921226.
2026-05-09 18:47:09,393 - optuna.study._optimize - INFO - Trial 19 pruned. 
2026-05-09 18:47:44,416 - optuna.study.study - INFO - Trial 20 finished with value: 0.021567062819307033 and parameters: {'n_layers': 3, 'embedding_dim': 96, 'lr': 0.0020692333634535053, 'lambda_val': 0.00129263502710807, 'batch_size': 2021, 'optimizer': 'RMSprop'}. Best is trial 3 with value: 0.033422361250921226.
2026-05-09 18:48:21,478 - optuna.study.study - INFO - Trial 21 finished with value: 0.02012575332149184 and parameters: {'n_layers': 3, 'embedding_dim': 96, 'lr': 0.030205071038968908, 'lambda_val': 0.007018783424744468, 'batch_size': 3952, 'optimizer': 'RMSprop'}. Best is trial 3 with value: 0.033422361250921226.
2026-05-09 18:48:59,236 - optuna.study.study - INFO - Trial 22 finished with value: 0.034605254708128225 and parameters: {'n_layers': 3, 'embedding_dim': 96, 'lr': 0.02896171433619799, 'lambda_val': 0.00015985536148581175, 'batch_size': 3697, 'optimizer': 'RMSprop'}. Best is trial 22 with value: 0.034605254708128225.
2026-05-09 18:49:36,160 - optuna.study.study - INFO - Trial 23 finished with value: 0.034445561393821274 and parameters: {'n_layers': 3, 'embedding_dim': 96, 'lr': 0.013096651909092781, 'lambda_val': 0.00015412001967727166, 'batch_size': 3595, 'optimizer': 'RMSprop'}. Best is trial 22 with value: 0.034605254708128225.
2026-05-09 18:50:08,315 - optuna.study.study - INFO - Trial 24 finished with value: 0.041307180691998784 and parameters: {'n_layers': 2, 'embedding_dim': 96, 'lr': 0.09641921862138086, 'lambda_val': 0.00030718575353107675, 'batch_size': 3668, 'optimizer': 'RMSprop'}. Best is trial 24 with value: 0.041307180691998784.
2026-05-09 18:50:37,119 - optuna.study.study - INFO - Trial 25 finished with value: 0.05576032853056878 and parameters: {'n_layers': 1, 'embedding_dim': 64, 'lr': 0.08521321047611913, 'lambda_val': 0.00031067980229939246, 'batch_size': 3650, 'optimizer': 'RMSprop'}. Best is trial 25 with value: 0.05576032853056878.
2026-05-09 18:50:38,066 - optuna.study._optimize - INFO - Trial 26 pruned. 
2026-05-09 18:50:39,294 - optuna.study._optimize - INFO - Trial 27 pruned. 
2026-05-09 18:50:40,482 - optuna.study._optimize - INFO - Trial 28 pruned. 
2026-05-09 18:50:41,701 - optuna.study._optimize - INFO - Trial 29 pruned. 
2026-05-09 18:50:42,699 - optuna.study._optimize - INFO - Trial 30 pruned. 
2026-05-09 18:51:15,834 - optuna.study.study - INFO - Trial 31 finished with value: 0.039811593496049104 and parameters: {'n_layers': 2, 'embedding_dim': 96, 'lr': 0.014386103968153036, 'lambda_val': 0.0001988527571792013, 'batch_size': 3479, 'optimizer': 'RMSprop'}. Best is trial 25 with value: 0.05576032853056878.
2026-05-09 18:51:50,625 - optuna.study.study - INFO - Trial 32 finished with value: 0.04568844484379121 and parameters: {'n_layers': 2, 'embedding_dim': 128, 'lr': 0.04606342430934398, 'lambda_val': 0.001225561676241344, 'batch_size': 3620, 'optimizer': 'RMSprop'}. Best is trial 25 with value: 0.05576032853056878.
2026-05-09 18:52:25,539 - optuna.study.study - INFO - Trial 33 finished with value: 0.04295498858588762 and parameters: {'n_layers': 2, 'embedding_dim': 128, 'lr': 0.05440986272851091, 'lambda_val': 0.0010177782856271452, 'batch_size': 3389, 'optimizer': 'RMSprop'}. Best is trial 25 with value: 0.05576032853056878.
2026-05-09 18:52:26,580 - optuna.study._optimize - INFO - Trial 34 pruned. 
2026-05-09 18:52:27,544 - optuna.study._optimize - INFO - Trial 35 pruned. 
2026-05-09 18:52:29,607 - optuna.study._optimize - INFO - Trial 36 pruned. 
2026-05-09 18:52:30,622 - optuna.study._optimize - INFO - Trial 37 pruned. 
2026-05-09 18:53:05,498 - optuna.study.study - INFO - Trial 38 finished with value: 0.0367816891383989 and parameters: {'n_layers': 2, 'embedding_dim': 128, 'lr': 0.018820104674333333, 'lambda_val': 0.0033344065167153865, 'batch_size': 3814, 'optimizer': 'RMSprop'}. Best is trial 25 with value: 0.05576032853056878.
2026-05-09 18:53:06,473 - optuna.study._optimize - INFO - Trial 39 pruned. 
2026-05-09 18:53:07,459 - optuna.study._optimize - INFO - Trial 40 pruned. 
2026-05-09 18:53:08,787 - optuna.study._optimize - INFO - Trial 41 pruned. 
2026-05-09 18:53:10,981 - optuna.study._optimize - INFO - Trial 42 pruned. 
2026-05-09 18:53:40,808 - optuna.study.study - INFO - Trial 43 finished with value: 0.034407016491134874 and parameters: {'n_layers': 2, 'embedding_dim': 32, 'lr': 0.036146209919141, 'lambda_val': 0.0009449233851012269, 'batch_size': 3393, 'optimizer': 'RMSprop'}. Best is trial 25 with value: 0.05576032853056878.
2026-05-09 18:53:42,618 - optuna.study._optimize - INFO - Trial 44 pruned. 
2026-05-09 18:53:44,066 - optuna.study._optimize - INFO - Trial 45 pruned. 
2026-05-09 18:53:45,081 - optuna.study._optimize - INFO - Trial 46 pruned. 
2026-05-09 18:53:47,334 - optuna.study._optimize - INFO - Trial 47 pruned. 
2026-05-09 18:53:49,326 - optuna.study._optimize - INFO - Trial 48 pruned. 
2026-05-09 18:53:50,284 - optuna.study._optimize - INFO - Trial 49 pruned. 
2026-05-09 18:53:51,271 - optuna.study._optimize - INFO - Trial 50 pruned. 
2026-05-09 18:54:26,300 - optuna.study.study - INFO - Trial 51 finished with value: 0.03562535876296638 and parameters: {'n_layers': 2, 'embedding_dim': 128, 'lr': 0.013267719022569853, 'lambda_val': 0.0031961235547593248, 'batch_size': 3882, 'optimizer': 'RMSprop'}. Best is trial 25 with value: 0.05576032853056878.
2026-05-09 18:54:27,977 - optuna.study._optimize - INFO - Trial 52 pruned. 
2026-05-09 18:54:29,943 - optuna.study._optimize - INFO - Trial 53 pruned. 
2026-05-09 18:54:30,930 - optuna.study._optimize - INFO - Trial 54 pruned. 
2026-05-09 18:54:32,304 - optuna.study._optimize - INFO - Trial 55 pruned. 
2026-05-09 18:55:07,220 - optuna.study.study - INFO - Trial 56 finished with value: 0.04000961581129596 and parameters: {'n_layers': 2, 'embedding_dim': 128, 'lr': 0.03327622679954789, 'lambda_val': 0.00010825450836322663, 'batch_size': 3651, 'optimizer': 'RMSprop'}. Best is trial 25 with value: 0.05576032853056878.
2026-05-09 18:55:08,229 - optuna.study._optimize - INFO - Trial 57 pruned. 
2026-05-09 18:55:09,234 - optuna.study._optimize - INFO - Trial 58 pruned. 
2026-05-09 18:55:10,569 - optuna.study._optimize - INFO - Trial 59 pruned. 
2026-05-09 18:55:11,584 - optuna.study._optimize - INFO - Trial 60 pruned. 
2026-05-09 18:55:46,768 - optuna.study.study - INFO - Trial 61 finished with value: 0.04143752943036179 and parameters: {'n_layers': 2, 'embedding_dim': 128, 'lr': 0.016363875557483573, 'lambda_val': 0.00011652531743965529, 'batch_size': 3790, 'optimizer': 'RMSprop'}. Best is trial 25 with value: 0.05576032853056878.
2026-05-09 18:55:47,741 - optuna.study._optimize - INFO - Trial 62 pruned. 
2026-05-09 18:55:48,696 - optuna.study._optimize - INFO - Trial 63 pruned. 
2026-05-09 18:55:50,479 - optuna.study._optimize - INFO - Trial 64 pruned. 
2026-05-09 18:55:51,432 - optuna.study._optimize - INFO - Trial 65 pruned. 
2026-05-09 18:55:52,761 - optuna.study._optimize - INFO - Trial 66 pruned. 
2026-05-09 18:55:53,853 - optuna.study._optimize - INFO - Trial 67 pruned. 
2026-05-09 18:55:55,521 - optuna.study._optimize - INFO - Trial 68 pruned. 
2026-05-09 18:55:56,514 - optuna.study._optimize - INFO - Trial 69 pruned. 
2026-05-09 18:56:32,712 - optuna.study.study - INFO - Trial 70 finished with value: 0.03891809763336689 and parameters: {'n_layers': 3, 'embedding_dim': 96, 'lr': 0.049261514399870546, 'lambda_val': 0.0007752871673913508, 'batch_size': 1786, 'optimizer': 'RMSprop'}. Best is trial 25 with value: 0.05576032853056878.
2026-05-09 18:56:35,774 - optuna.study._optimize - INFO - Trial 71 pruned. 
2026-05-09 18:56:48,775 - optuna.study._optimize - INFO - Trial 72 pruned. 
2026-05-09 18:56:51,751 - optuna.study._optimize - INFO - Trial 73 pruned. 
2026-05-09 18:56:54,913 - optuna.study._optimize - INFO - Trial 74 pruned. 
2026-05-09 18:56:59,208 - optuna.study._optimize - INFO - Trial 75 pruned. 
2026-05-09 18:57:04,905 - optuna.study._optimize - INFO - Trial 76 pruned. 
2026-05-09 18:57:11,639 - optuna.study._optimize - INFO - Trial 77 pruned. 
2026-05-09 18:57:12,637 - optuna.study._optimize - INFO - Trial 78 pruned. 
2026-05-09 18:57:13,945 - optuna.study._optimize - INFO - Trial 79 pruned. 
2026-05-09 18:57:47,635 - optuna.study.study - INFO - Trial 80 finished with value: 0.037856282598332354 and parameters: {'n_layers': 2, 'embedding_dim': 96, 'lr': 0.026856710799404458, 'lambda_val': 0.001006585525851425, 'batch_size': 3733, 'optimizer': 'RMSprop'}. Best is trial 25 with value: 0.05576032853056878.
2026-05-09 18:58:20,571 - optuna.study.study - INFO - Trial 81 finished with value: 0.04736141348357565 and parameters: {'n_layers': 2, 'embedding_dim': 96, 'lr': 0.043676404668480696, 'lambda_val': 0.0009348734084339602, 'batch_size': 3748, 'optimizer': 'RMSprop'}. Best is trial 25 with value: 0.05576032853056878.
2026-05-09 18:58:53,606 - optuna.study.study - INFO - Trial 82 finished with value: 0.04524037401110246 and parameters: {'n_layers': 2, 'embedding_dim': 96, 'lr': 0.040476784128700795, 'lambda_val': 0.0002999124637030917, 'batch_size': 3544, 'optimizer': 'RMSprop'}. Best is trial 25 with value: 0.05576032853056878.
2026-05-09 18:58:55,056 - optuna.study._optimize - INFO - Trial 83 pruned. 
2026-05-09 18:58:56,897 - optuna.study._optimize - INFO - Trial 84 pruned. 
2026-05-09 18:58:58,540 - optuna.study._optimize - INFO - Trial 85 pruned. 
2026-05-09 18:58:59,571 - optuna.study._optimize - INFO - Trial 86 pruned. 
2026-05-09 18:59:01,055 - optuna.study._optimize - INFO - Trial 87 pruned. 
2026-05-09 18:59:02,021 - optuna.study._optimize - INFO - Trial 88 pruned. 
2026-05-09 18:59:03,030 - optuna.study._optimize - INFO - Trial 89 pruned. 
2026-05-09 18:59:04,360 - optuna.study._optimize - INFO - Trial 90 pruned. 
2026-05-09 18:59:37,419 - optuna.study.study - INFO - Trial 91 finished with value: 0.04047499356885865 and parameters: {'n_layers': 2, 'embedding_dim': 96, 'lr': 0.05013019701222438, 'lambda_val': 0.0008305209560436523, 'batch_size': 3825, 'optimizer': 'RMSprop'}. Best is trial 25 with value: 0.05576032853056878.
2026-05-09 18:59:39,010 - optuna.study._optimize - INFO - Trial 92 pruned. 
2026-05-09 18:59:40,737 - optuna.study._optimize - INFO - Trial 93 pruned. 
2026-05-09 19:00:14,515 - optuna.study.study - INFO - Trial 94 finished with value: 0.04316282199674317 and parameters: {'n_layers': 2, 'embedding_dim': 96, 'lr': 0.02192098273259649, 'lambda_val': 0.0008640362906420508, 'batch_size': 3510, 'optimizer': 'RMSprop'}. Best is trial 25 with value: 0.05576032853056878.
2026-05-09 19:00:15,755 - optuna.study._optimize - INFO - Trial 95 pruned. 
2026-05-09 19:00:55,055 - optuna.study.study - INFO - Trial 96 finished with value: 0.04418993025990617 and parameters: {'n_layers': 2, 'embedding_dim': 128, 'lr': 0.04003719244592147, 'lambda_val': 0.0009766919847439143, 'batch_size': 3667, 'optimizer': 'RMSprop'}. Best is trial 25 with value: 0.05576032853056878.
2026-05-09 19:00:56,333 - optuna.study._optimize - INFO - Trial 97 pruned. 
2026-05-09 19:00:58,541 - optuna.study._optimize - INFO - Trial 98 pruned. 
2026-05-09 19:00:59,955 - optuna.study._optimize - INFO - Trial 99 pruned. 
2026-05-09 19:01:21,903 - root - INFO -   **** Training e_100K_1c1dcs_rand4
2026-05-09 19:01:21,914 - root - INFO -   **** Getting 53072/65410 random edges
2026-05-09 19:01:23,329 - optuna.storages._rdb.storage - INFO - A new study created in RDB with name: Study_e_100K_1c1dcs_rand4
2026-05-09 19:01:58,775 - optuna.study.study - INFO - Trial 0 finished with value: 0.001322331054524459 and parameters: {'n_layers': 3, 'embedding_dim': 96, 'lr': 7.707826646671856e-05, 'lambda_val': 2.3297908501718975e-05, 'batch_size': 2491, 'optimizer': 'SGD'}. Best is trial 0 with value: 0.001322331054524459.
2026-05-09 19:02:47,809 - optuna.study.study - INFO - Trial 1 finished with value: 0.013524612624342049 and parameters: {'n_layers': 3, 'embedding_dim': 96, 'lr': 1.6878475033882415e-05, 'lambda_val': 1.924812398619587e-05, 'batch_size': 3304, 'optimizer': 'RMSprop'}. Best is trial 1 with value: 0.013524612624342049.
2026-05-09 19:03:29,643 - optuna.study.study - INFO - Trial 2 finished with value: 0.004083847795787353 and parameters: {'n_layers': 4, 'embedding_dim': 96, 'lr': 0.029402192285009468, 'lambda_val': 0.09986772486566546, 'batch_size': 3501, 'optimizer': 'RMSprop'}. Best is trial 1 with value: 0.013524612624342049.
2026-05-09 19:04:20,112 - optuna.study.study - INFO - Trial 3 finished with value: 0.037882041799651156 and parameters: {'n_layers': 3, 'embedding_dim': 256, 'lr': 0.004015124838693849, 'lambda_val': 1.2825865724941882e-06, 'batch_size': 3385, 'optimizer': 'RMSprop'}. Best is trial 3 with value: 0.037882041799651156.
2026-05-09 19:05:01,615 - optuna.study.study - INFO - Trial 4 finished with value: 0.020857068613762707 and parameters: {'n_layers': 3, 'embedding_dim': 32, 'lr': 2.0551650349243195e-05, 'lambda_val': 1.241005077288843e-06, 'batch_size': 1527, 'optimizer': 'RMSprop'}. Best is trial 3 with value: 0.037882041799651156.
2026-05-09 19:05:02,589 - optuna.study._optimize - INFO - Trial 5 pruned. 
2026-05-09 19:05:58,754 - optuna.study.study - INFO - Trial 6 finished with value: 0.010078090086049447 and parameters: {'n_layers': 4, 'embedding_dim': 256, 'lr': 0.029400853514050404, 'lambda_val': 0.018571662266712842, 'batch_size': 1322, 'optimizer': 'RMSprop'}. Best is trial 3 with value: 0.037882041799651156.
2026-05-09 19:05:59,871 - optuna.study._optimize - INFO - Trial 7 pruned. 
2026-05-09 19:06:01,185 - optuna.study._optimize - INFO - Trial 8 pruned. 
2026-05-09 19:06:02,221 - optuna.study._optimize - INFO - Trial 9 pruned. 
2026-05-09 19:06:31,740 - optuna.study.study - INFO - Trial 10 finished with value: 0.03929285556039324 and parameters: {'n_layers': 1, 'embedding_dim': 64, 'lr': 0.0037291909435151417, 'lambda_val': 1.2939424166175261e-06, 'batch_size': 4054, 'optimizer': 'RMSprop'}. Best is trial 10 with value: 0.03929285556039324.
2026-05-09 19:06:32,835 - optuna.study._optimize - INFO - Trial 11 pruned. 
2026-05-09 19:06:33,911 - optuna.study._optimize - INFO - Trial 12 pruned. 
2026-05-09 19:06:35,241 - optuna.study._optimize - INFO - Trial 13 pruned. 
2026-05-09 19:06:36,670 - optuna.study._optimize - INFO - Trial 14 pruned. 
2026-05-09 19:06:37,900 - optuna.study._optimize - INFO - Trial 15 pruned. 
2026-05-09 19:07:09,379 - optuna.study.study - INFO - Trial 16 finished with value: 0.05473050830218 and parameters: {'n_layers': 2, 'embedding_dim': 64, 'lr': 0.08885940975573954, 'lambda_val': 0.0009727960072275555, 'batch_size': 2943, 'optimizer': 'RMSprop'}. Best is trial 16 with value: 0.05473050830218.
2026-05-09 19:07:10,827 - optuna.study._optimize - INFO - Trial 17 pruned. 
2026-05-09 19:07:11,892 - optuna.study._optimize - INFO - Trial 18 pruned. 
2026-05-09 19:07:13,139 - optuna.study._optimize - INFO - Trial 19 pruned. 
2026-05-09 19:07:14,366 - optuna.study._optimize - INFO - Trial 20 pruned. 
2026-05-09 19:08:05,461 - optuna.study.study - INFO - Trial 21 finished with value: 0.03893519579123046 and parameters: {'n_layers': 3, 'embedding_dim': 256, 'lr': 0.006286369828533041, 'lambda_val': 3.8814736746570435e-06, 'batch_size': 3700, 'optimizer': 'RMSprop'}. Best is trial 16 with value: 0.05473050830218.
2026-05-09 19:08:49,106 - optuna.study.study - INFO - Trial 22 finished with value: 0.033109136147209624 and parameters: {'n_layers': 2, 'embedding_dim': 256, 'lr': 0.011564873057344762, 'lambda_val': 4.506939224514975e-06, 'batch_size': 3742, 'optimizer': 'RMSprop'}. Best is trial 16 with value: 0.05473050830218.
2026-05-09 19:08:50,146 - optuna.study._optimize - INFO - Trial 23 pruned. 
2026-05-09 19:08:51,553 - optuna.study._optimize - INFO - Trial 24 pruned. 
2026-05-09 19:09:30,390 - optuna.study.study - INFO - Trial 25 finished with value: 0.03976601673375998 and parameters: {'n_layers': 2, 'embedding_dim': 128, 'lr': 0.032198274309242984, 'lambda_val': 7.018243810417341e-05, 'batch_size': 3152, 'optimizer': 'RMSprop'}. Best is trial 16 with value: 0.05473050830218.
2026-05-09 19:09:39,107 - optuna.study._optimize - INFO - Trial 26 pruned. 
2026-05-09 19:09:42,699 - optuna.study._optimize - INFO - Trial 27 pruned. 
2026-05-09 19:09:43,698 - optuna.study._optimize - INFO - Trial 28 pruned. 
2026-05-09 19:09:45,016 - optuna.study._optimize - INFO - Trial 29 pruned. 
2026-05-09 19:09:46,079 - optuna.study._optimize - INFO - Trial 30 pruned. 
2026-05-09 19:09:47,099 - optuna.study._optimize - INFO - Trial 31 pruned. 
2026-05-09 19:09:48,495 - optuna.study._optimize - INFO - Trial 32 pruned. 
2026-05-09 19:09:51,866 - optuna.study._optimize - INFO - Trial 33 pruned. 
2026-05-09 19:10:34,598 - optuna.study.study - INFO - Trial 34 finished with value: 0.03919393304351859 and parameters: {'n_layers': 2, 'embedding_dim': 256, 'lr': 0.019913616091236142, 'lambda_val': 3.081745810538361e-05, 'batch_size': 3846, 'optimizer': 'RMSprop'}. Best is trial 16 with value: 0.05473050830218.
2026-05-09 19:11:19,807 - optuna.study.study - INFO - Trial 35 finished with value: 0.0317845413639087 and parameters: {'n_layers': 2, 'embedding_dim': 96, 'lr': 0.020080571041707313, 'lambda_val': 2.8082753134205377e-05, 'batch_size': 3883, 'optimizer': 'RMSprop'}. Best is trial 16 with value: 0.05473050830218.
2026-05-09 19:11:20,731 - optuna.study._optimize - INFO - Trial 36 pruned. 
2026-05-09 19:11:55,000 - optuna.study.study - INFO - Trial 37 finished with value: 0.03514052995393379 and parameters: {'n_layers': 2, 'embedding_dim': 128, 'lr': 0.011237695921012477, 'lambda_val': 9.685477268869941e-06, 'batch_size': 3147, 'optimizer': 'RMSprop'}. Best is trial 16 with value: 0.05473050830218.
2026-05-09 19:11:55,952 - optuna.study._optimize - INFO - Trial 38 pruned. 
2026-05-09 19:11:57,815 - optuna.study._optimize - INFO - Trial 39 pruned. 
2026-05-09 19:11:58,813 - optuna.study._optimize - INFO - Trial 40 pruned. 
2026-05-09 19:12:59,786 - optuna.study.study - INFO - Trial 41 finished with value: 0.03656224062193272 and parameters: {'n_layers': 3, 'embedding_dim': 256, 'lr': 0.006100621674617274, 'lambda_val': 2.5342867431777273e-06, 'batch_size': 3611, 'optimizer': 'RMSprop'}. Best is trial 16 with value: 0.05473050830218.
2026-05-09 19:13:31,602 - optuna.study._optimize - INFO - Trial 42 pruned. 
2026-05-09 19:13:32,633 - optuna.study._optimize - INFO - Trial 43 pruned. 
2026-05-09 19:14:24,454 - optuna.study.study - INFO - Trial 44 finished with value: 0.03255588025680876 and parameters: {'n_layers': 3, 'embedding_dim': 256, 'lr': 0.009473734790805157, 'lambda_val': 2.3541990026487784e-06, 'batch_size': 3616, 'optimizer': 'RMSprop'}. Best is trial 16 with value: 0.05473050830218.
2026-05-09 19:14:25,472 - optuna.study._optimize - INFO - Trial 45 pruned. 
2026-05-09 19:14:26,481 - optuna.study._optimize - INFO - Trial 46 pruned. 
2026-05-09 19:14:27,755 - optuna.study._optimize - INFO - Trial 47 pruned. 
2026-05-09 19:14:29,302 - optuna.study._optimize - INFO - Trial 48 pruned. 
2026-05-09 19:14:30,459 - optuna.study._optimize - INFO - Trial 49 pruned. 
2026-05-09 19:14:31,883 - optuna.study._optimize - INFO - Trial 50 pruned. 
2026-05-09 19:14:32,963 - optuna.study._optimize - INFO - Trial 51 pruned. 
2026-05-09 19:14:34,099 - optuna.study._optimize - INFO - Trial 52 pruned. 
2026-05-09 19:14:36,479 - optuna.study._optimize - INFO - Trial 53 pruned. 
2026-05-09 19:14:37,654 - optuna.study._optimize - INFO - Trial 54 pruned. 
2026-05-09 19:14:38,806 - optuna.study._optimize - INFO - Trial 55 pruned. 
2026-05-09 19:14:39,833 - optuna.study._optimize - INFO - Trial 56 pruned. 
2026-05-09 19:14:41,173 - optuna.study._optimize - INFO - Trial 57 pruned. 
2026-05-09 19:14:42,193 - optuna.study._optimize - INFO - Trial 58 pruned. 
2026-05-09 19:14:43,722 - optuna.study._optimize - INFO - Trial 59 pruned. 
2026-05-09 19:14:44,741 - optuna.study._optimize - INFO - Trial 60 pruned. 
2026-05-09 19:15:37,676 - optuna.study.study - INFO - Trial 61 finished with value: 0.03419746933147278 and parameters: {'n_layers': 3, 'embedding_dim': 256, 'lr': 0.0061340286311081125, 'lambda_val': 3.2010614942186946e-06, 'batch_size': 3637, 'optimizer': 'RMSprop'}. Best is trial 16 with value: 0.05473050830218.
2026-05-09 19:16:28,651 - optuna.study.study - INFO - Trial 62 finished with value: 0.03895485183039931 and parameters: {'n_layers': 3, 'embedding_dim': 256, 'lr': 0.009156752942708212, 'lambda_val': 2.691873319392672e-06, 'batch_size': 3563, 'optimizer': 'RMSprop'}. Best is trial 16 with value: 0.05473050830218.
2026-05-09 19:17:19,254 - optuna.study.study - INFO - Trial 63 finished with value: 0.034863085448855406 and parameters: {'n_layers': 3, 'embedding_dim': 256, 'lr': 0.009837437398786366, 'lambda_val': 1.6438438950710404e-06, 'batch_size': 3963, 'optimizer': 'RMSprop'}. Best is trial 16 with value: 0.05473050830218.
2026-05-09 19:18:08,760 - optuna.study.study - INFO - Trial 64 finished with value: 0.030715336936540327 and parameters: {'n_layers': 3, 'embedding_dim': 256, 'lr': 0.015125739694477773, 'lambda_val': 1.387122487409978e-06, 'batch_size': 3503, 'optimizer': 'RMSprop'}. Best is trial 16 with value: 0.05473050830218.
2026-05-09 19:18:11,121 - optuna.study._optimize - INFO - Trial 65 pruned. 
2026-05-09 19:18:12,169 - optuna.study._optimize - INFO - Trial 66 pruned. 
2026-05-09 19:19:11,652 - optuna.study.study - INFO - Trial 67 finished with value: 0.04324137751972847 and parameters: {'n_layers': 3, 'embedding_dim': 256, 'lr': 0.008282209978726767, 'lambda_val': 0.0004458179538783075, 'batch_size': 4087, 'optimizer': 'RMSprop'}. Best is trial 16 with value: 0.05473050830218.
2026-05-09 19:20:04,039 - optuna.study.study - INFO - Trial 68 finished with value: 0.04585964434148218 and parameters: {'n_layers': 3, 'embedding_dim': 256, 'lr': 0.013309172745849302, 'lambda_val': 0.0006139634986787636, 'batch_size': 4074, 'optimizer': 'RMSprop'}. Best is trial 16 with value: 0.05473050830218.
2026-05-09 19:20:46,874 - optuna.study.study - INFO - Trial 69 finished with value: 0.05344657562419513 and parameters: {'n_layers': 2, 'embedding_dim': 256, 'lr': 0.012975523566567754, 'lambda_val': 0.0004101062373787572, 'batch_size': 4061, 'optimizer': 'RMSprop'}. Best is trial 16 with value: 0.05473050830218.
2026-05-09 19:21:22,042 - optuna.study.study - INFO - Trial 70 finished with value: 0.050031254873645306 and parameters: {'n_layers': 2, 'embedding_dim': 128, 'lr': 0.013300002107062343, 'lambda_val': 0.00044122137846264604, 'batch_size': 4092, 'optimizer': 'RMSprop'}. Best is trial 16 with value: 0.05473050830218.
2026-05-09 19:21:56,649 - optuna.study.study - INFO - Trial 71 finished with value: 0.049289379087464134 and parameters: {'n_layers': 2, 'embedding_dim': 128, 'lr': 0.013073524953783998, 'lambda_val': 0.00042954386183741714, 'batch_size': 4079, 'optimizer': 'RMSprop'}. Best is trial 16 with value: 0.05473050830218.
2026-05-09 19:22:31,593 - optuna.study.study - INFO - Trial 72 finished with value: 0.052829743019057136 and parameters: {'n_layers': 2, 'embedding_dim': 128, 'lr': 0.012417602559913943, 'lambda_val': 0.0003951370962070506, 'batch_size': 4063, 'optimizer': 'RMSprop'}. Best is trial 16 with value: 0.05473050830218.
2026-05-09 19:23:06,081 - optuna.study.study - INFO - Trial 73 finished with value: 0.05029474426739021 and parameters: {'n_layers': 2, 'embedding_dim': 128, 'lr': 0.026185798097011832, 'lambda_val': 0.0004234333469209301, 'batch_size': 4066, 'optimizer': 'RMSprop'}. Best is trial 16 with value: 0.05473050830218.
2026-05-09 19:23:07,044 - optuna.study._optimize - INFO - Trial 74 pruned. 
2026-05-09 19:23:53,743 - optuna.study.study - INFO - Trial 75 finished with value: 0.051342062898319475 and parameters: {'n_layers': 2, 'embedding_dim': 128, 'lr': 0.0236984085160892, 'lambda_val': 0.0003391288728541889, 'batch_size': 3968, 'optimizer': 'RMSprop'}. Best is trial 16 with value: 0.05473050830218.
2026-05-09 19:23:56,250 - optuna.study._optimize - INFO - Trial 76 pruned. 
2026-05-09 19:24:31,568 - optuna.study.study - INFO - Trial 77 finished with value: 0.05416946699165903 and parameters: {'n_layers': 2, 'embedding_dim': 128, 'lr': 0.01602173077705778, 'lambda_val': 0.0016126832668177805, 'batch_size': 3947, 'optimizer': 'RMSprop'}. Best is trial 16 with value: 0.05473050830218.
2026-05-09 19:24:33,242 - optuna.study._optimize - INFO - Trial 78 pruned. 
2026-05-09 19:24:34,250 - optuna.study._optimize - INFO - Trial 79 pruned. 
2026-05-09 19:24:35,457 - optuna.study._optimize - INFO - Trial 80 pruned. 
2026-05-09 19:24:37,398 - optuna.study._optimize - INFO - Trial 81 pruned. 
2026-05-09 19:25:11,748 - optuna.study.study - INFO - Trial 82 finished with value: 0.054185251907130694 and parameters: {'n_layers': 2, 'embedding_dim': 128, 'lr': 0.025287712690300976, 'lambda_val': 0.0007945683927933049, 'batch_size': 3806, 'optimizer': 'RMSprop'}. Best is trial 16 with value: 0.05473050830218.
2026-05-09 19:25:13,621 - optuna.study._optimize - INFO - Trial 83 pruned. 
2026-05-09 19:25:14,637 - optuna.study._optimize - INFO - Trial 84 pruned. 
2026-05-09 19:25:16,175 - optuna.study._optimize - INFO - Trial 85 pruned. 
2026-05-09 19:25:17,313 - optuna.study._optimize - INFO - Trial 86 pruned. 
2026-05-09 19:25:18,376 - optuna.study._optimize - INFO - Trial 87 pruned. 
2026-05-09 19:25:20,227 - optuna.study._optimize - INFO - Trial 88 pruned. 
2026-05-09 19:25:21,969 - optuna.study._optimize - INFO - Trial 89 pruned. 
2026-05-09 19:25:56,895 - optuna.study.study - INFO - Trial 90 finished with value: 0.05351569928034702 and parameters: {'n_layers': 2, 'embedding_dim': 128, 'lr': 0.017456410055338597, 'lambda_val': 0.001350653680147046, 'batch_size': 4002, 'optimizer': 'RMSprop'}. Best is trial 16 with value: 0.05473050830218.
2026-05-09 19:25:57,891 - optuna.study._optimize - INFO - Trial 91 pruned. 
2026-05-09 19:25:58,877 - optuna.study._optimize - INFO - Trial 92 pruned. 
2026-05-09 19:26:00,804 - optuna.study._optimize - INFO - Trial 93 pruned. 
2026-05-09 19:26:02,705 - optuna.study._optimize - INFO - Trial 94 pruned. 
2026-05-09 19:26:04,528 - optuna.study._optimize - INFO - Trial 95 pruned. 
2026-05-09 19:26:06,303 - optuna.study._optimize - INFO - Trial 96 pruned. 
2026-05-09 19:26:07,636 - optuna.study._optimize - INFO - Trial 97 pruned. 
2026-05-09 19:26:08,601 - optuna.study._optimize - INFO - Trial 98 pruned. 
2026-05-09 19:26:10,228 - optuna.study._optimize - INFO - Trial 99 pruned. 
2026-05-09 19:26:35,391 - root - INFO -   **** Training e_100K_1c1dcs_rand5
2026-05-09 19:26:35,402 - root - INFO -   **** Getting 53072/65410 random edges
2026-05-09 19:26:35,809 - optuna.storages._rdb.storage - INFO - A new study created in RDB with name: Study_e_100K_1c1dcs_rand5
2026-05-09 19:27:01,416 - optuna.study.study - INFO - Trial 0 finished with value: 0.0028624183334470337 and parameters: {'n_layers': 1, 'embedding_dim': 96, 'lr': 0.012778971413816082, 'lambda_val': 0.004560921099866264, 'batch_size': 1945, 'optimizer': 'SGD'}. Best is trial 0 with value: 0.0028624183334470337.
2026-05-09 19:27:50,537 - optuna.study.study - INFO - Trial 1 finished with value: 0.015520766983606986 and parameters: {'n_layers': 4, 'embedding_dim': 32, 'lr': 0.0014844056859807154, 'lambda_val': 0.0016542666821845885, 'batch_size': 1386, 'optimizer': 'Adam'}. Best is trial 1 with value: 0.015520766983606986.
2026-05-09 19:28:18,778 - optuna.study.study - INFO - Trial 2 finished with value: 0.06771714559113715 and parameters: {'n_layers': 1, 'embedding_dim': 128, 'lr': 0.0076140743361673225, 'lambda_val': 0.00039358534799998105, 'batch_size': 1485, 'optimizer': 'RMSprop'}. Best is trial 2 with value: 0.06771714559113715.
2026-05-09 19:29:02,919 - optuna.study.study - INFO - Trial 3 finished with value: 0.0016613544410485942 and parameters: {'n_layers': 3, 'embedding_dim': 96, 'lr': 0.000225229852863683, 'lambda_val': 0.0007331159064024845, 'batch_size': 3194, 'optimizer': 'SGD'}. Best is trial 2 with value: 0.06771714559113715.
2026-05-09 19:29:30,078 - optuna.study.study - INFO - Trial 4 finished with value: 0.06350425358850681 and parameters: {'n_layers': 1, 'embedding_dim': 32, 'lr': 0.00865538150570886, 'lambda_val': 0.0037528619454294575, 'batch_size': 1596, 'optimizer': 'Adam'}. Best is trial 2 with value: 0.06771714559113715.
2026-05-09 19:29:31,064 - optuna.study._optimize - INFO - Trial 5 pruned. 
2026-05-09 19:29:32,028 - optuna.study._optimize - INFO - Trial 6 pruned. 
2026-05-09 19:29:33,279 - optuna.study._optimize - INFO - Trial 7 pruned. 
2026-05-09 19:29:34,698 - optuna.study._optimize - INFO - Trial 8 pruned. 
2026-05-09 19:29:35,734 - optuna.study._optimize - INFO - Trial 9 pruned. 
2026-05-09 19:29:37,042 - optuna.study._optimize - INFO - Trial 10 pruned. 
2026-05-09 19:30:03,650 - optuna.study.study - INFO - Trial 11 finished with value: 0.026931577175132247 and parameters: {'n_layers': 1, 'embedding_dim': 32, 'lr': 0.006913899568664048, 'lambda_val': 1.248802739327501e-06, 'batch_size': 1809, 'optimizer': 'RMSprop'}. Best is trial 2 with value: 0.06771714559113715.
2026-05-09 19:30:05,369 - optuna.study._optimize - INFO - Trial 12 pruned. 
2026-05-09 19:30:07,163 - optuna.study._optimize - INFO - Trial 13 pruned. 
2026-05-09 19:30:09,057 - optuna.study._optimize - INFO - Trial 14 pruned. 
2026-05-09 19:30:42,622 - optuna.study.study - INFO - Trial 15 finished with value: 0.04865689812041659 and parameters: {'n_layers': 1, 'embedding_dim': 256, 'lr': 0.0026888674747232956, 'lambda_val': 6.270799108858268e-06, 'batch_size': 1138, 'optimizer': 'Adam'}. Best is trial 2 with value: 0.06771714559113715.
2026-05-09 19:30:43,758 - optuna.study._optimize - INFO - Trial 16 pruned. 
2026-05-09 19:30:45,400 - optuna.study._optimize - INFO - Trial 17 pruned. 
2026-05-09 19:30:46,375 - optuna.study._optimize - INFO - Trial 18 pruned. 
2026-05-09 19:30:47,726 - optuna.study._optimize - INFO - Trial 19 pruned. 
2026-05-09 19:30:48,713 - optuna.study._optimize - INFO - Trial 20 pruned. 
2026-05-09 19:30:49,711 - optuna.study._optimize - INFO - Trial 21 pruned. 
2026-05-09 19:30:51,062 - optuna.study._optimize - INFO - Trial 22 pruned. 
2026-05-09 19:30:52,458 - optuna.study._optimize - INFO - Trial 23 pruned. 
2026-05-09 19:30:53,411 - optuna.study._optimize - INFO - Trial 24 pruned. 
2026-05-09 19:30:54,564 - optuna.study._optimize - INFO - Trial 25 pruned. 
2026-05-09 19:30:55,685 - optuna.study._optimize - INFO - Trial 26 pruned. 
2026-05-09 19:30:57,058 - optuna.study._optimize - INFO - Trial 27 pruned. 
2026-05-09 19:30:58,083 - optuna.study._optimize - INFO - Trial 28 pruned. 
2026-05-09 19:30:59,350 - optuna.study._optimize - INFO - Trial 29 pruned. 
2026-05-09 19:31:00,359 - optuna.study._optimize - INFO - Trial 30 pruned. 
2026-05-09 19:31:40,229 - optuna.study.study - INFO - Trial 31 finished with value: 0.03315106041363485 and parameters: {'n_layers': 1, 'embedding_dim': 32, 'lr': 0.0059419955591891145, 'lambda_val': 1.6178370709286139e-06, 'batch_size': 1720, 'optimizer': 'RMSprop'}. Best is trial 2 with value: 0.06771714559113715.
2026-05-09 19:32:02,241 - optuna.study.study - INFO - Trial 32 finished with value: 0.030797448701120684 and parameters: {'n_layers': 1, 'embedding_dim': 32, 'lr': 0.010135099572504455, 'lambda_val': 1.0720545587061625e-05, 'batch_size': 1582, 'optimizer': 'RMSprop'}. Best is trial 2 with value: 0.06771714559113715.
2026-05-09 19:32:03,370 - optuna.study._optimize - INFO - Trial 33 pruned. 
2026-05-09 19:32:05,122 - optuna.study._optimize - INFO - Trial 34 pruned. 
2026-05-09 19:32:06,153 - optuna.study._optimize - INFO - Trial 35 pruned. 
2026-05-09 19:32:08,103 - optuna.study._optimize - INFO - Trial 36 pruned. 
2026-05-09 19:32:09,056 - optuna.study._optimize - INFO - Trial 37 pruned. 
2026-05-09 19:32:10,452 - optuna.study._optimize - INFO - Trial 38 pruned. 
2026-05-09 19:32:11,949 - optuna.study._optimize - INFO - Trial 39 pruned. 
2026-05-09 19:32:13,103 - optuna.study._optimize - INFO - Trial 40 pruned. 
2026-05-09 19:32:34,448 - optuna.study.study - INFO - Trial 41 finished with value: 0.030840350067732288 and parameters: {'n_layers': 1, 'embedding_dim': 32, 'lr': 0.007674395310385995, 'lambda_val': 1.0633450588557868e-05, 'batch_size': 1577, 'optimizer': 'RMSprop'}. Best is trial 2 with value: 0.06771714559113715.
2026-05-09 19:32:54,935 - optuna.study.study - INFO - Trial 42 finished with value: 0.02706771692907738 and parameters: {'n_layers': 1, 'embedding_dim': 32, 'lr': 0.004735562812660449, 'lambda_val': 1.5317594234277625e-05, 'batch_size': 1830, 'optimizer': 'RMSprop'}. Best is trial 2 with value: 0.06771714559113715.
2026-05-09 19:33:16,058 - optuna.study.study - INFO - Trial 43 finished with value: 0.025544334998442195 and parameters: {'n_layers': 1, 'embedding_dim': 32, 'lr': 0.0078548652915324, 'lambda_val': 2.0801251364769527e-06, 'batch_size': 1573, 'optimizer': 'RMSprop'}. Best is trial 2 with value: 0.06771714559113715.
2026-05-09 19:33:40,442 - optuna.study.study - INFO - Trial 44 finished with value: 0.05424324658284082 and parameters: {'n_layers': 1, 'embedding_dim': 128, 'lr': 0.0031020803083477064, 'lambda_val': 4.7483149957749444e-05, 'batch_size': 689, 'optimizer': 'RMSprop'}. Best is trial 2 with value: 0.06771714559113715.
2026-05-09 19:33:41,513 - optuna.study._optimize - INFO - Trial 45 pruned. 
2026-05-09 19:33:42,653 - optuna.study._optimize - INFO - Trial 46 pruned. 
2026-05-09 19:33:43,781 - optuna.study._optimize - INFO - Trial 47 pruned. 
2026-05-09 19:33:45,520 - optuna.study._optimize - INFO - Trial 48 pruned. 
2026-05-09 19:33:46,461 - optuna.study._optimize - INFO - Trial 49 pruned. 
2026-05-09 19:33:47,414 - optuna.study._optimize - INFO - Trial 50 pruned. 
2026-05-09 19:34:09,385 - optuna.study.study - INFO - Trial 51 finished with value: 0.036423495264159125 and parameters: {'n_layers': 1, 'embedding_dim': 32, 'lr': 0.00632344412012077, 'lambda_val': 3.4819359536989563e-06, 'batch_size': 1414, 'optimizer': 'RMSprop'}. Best is trial 2 with value: 0.06771714559113715.
2026-05-09 19:34:10,429 - optuna.study._optimize - INFO - Trial 52 pruned. 
2026-05-09 19:34:12,126 - optuna.study._optimize - INFO - Trial 53 pruned. 
2026-05-09 19:34:13,331 - optuna.study._optimize - INFO - Trial 54 pruned. 
2026-05-09 19:34:14,838 - optuna.study._optimize - INFO - Trial 55 pruned. 
2026-05-09 19:34:15,961 - optuna.study._optimize - INFO - Trial 56 pruned. 
2026-05-09 19:34:17,377 - optuna.study._optimize - INFO - Trial 57 pruned. 
2026-05-09 19:34:43,241 - optuna.study.study - INFO - Trial 58 finished with value: 0.03825046122190551 and parameters: {'n_layers': 1, 'embedding_dim': 32, 'lr': 0.0014080371008414422, 'lambda_val': 0.0025339669791948627, 'batch_size': 779, 'optimizer': 'RMSprop'}. Best is trial 2 with value: 0.06771714559113715.
2026-05-09 19:34:44,203 - optuna.study._optimize - INFO - Trial 59 pruned. 
2026-05-09 19:34:45,211 - optuna.study._optimize - INFO - Trial 60 pruned. 
2026-05-09 19:34:46,448 - optuna.study._optimize - INFO - Trial 61 pruned. 
2026-05-09 19:35:11,375 - optuna.study.study - INFO - Trial 62 finished with value: 0.03998778388335229 and parameters: {'n_layers': 1, 'embedding_dim': 32, 'lr': 0.00329468141190286, 'lambda_val': 0.000753589027983164, 'batch_size': 1661, 'optimizer': 'RMSprop'}. Best is trial 2 with value: 0.06771714559113715.
2026-05-09 19:35:12,354 - optuna.study._optimize - INFO - Trial 63 pruned. 
2026-05-09 19:35:13,499 - optuna.study._optimize - INFO - Trial 64 pruned. 
2026-05-09 19:35:14,700 - optuna.study._optimize - INFO - Trial 65 pruned. 
2026-05-09 19:35:15,680 - optuna.study._optimize - INFO - Trial 66 pruned. 
2026-05-09 19:35:17,069 - optuna.study._optimize - INFO - Trial 67 pruned. 
2026-05-09 19:35:18,622 - optuna.study._optimize - INFO - Trial 68 pruned. 
2026-05-09 19:35:50,339 - optuna.study.study - INFO - Trial 69 finished with value: 0.08424119433125025 and parameters: {'n_layers': 1, 'embedding_dim': 256, 'lr': 0.003821254348226356, 'lambda_val': 0.0013165090682152889, 'batch_size': 994, 'optimizer': 'Adam'}. Best is trial 69 with value: 0.08424119433125025.
2026-05-09 19:35:51,267 - optuna.study._optimize - INFO - Trial 70 pruned. 
2026-05-09 19:35:52,151 - optuna.study._optimize - INFO - Trial 71 pruned. 
2026-05-09 19:35:53,429 - optuna.study._optimize - INFO - Trial 72 pruned. 
2026-05-09 19:35:54,419 - optuna.study._optimize - INFO - Trial 73 pruned. 
2026-05-09 19:35:55,930 - optuna.study._optimize - INFO - Trial 74 pruned. 
2026-05-09 19:35:57,561 - optuna.study._optimize - INFO - Trial 75 pruned. 
2026-05-09 19:35:59,012 - optuna.study._optimize - INFO - Trial 76 pruned. 
2026-05-09 19:36:00,102 - optuna.study._optimize - INFO - Trial 77 pruned. 
2026-05-09 19:36:01,944 - optuna.study._optimize - INFO - Trial 78 pruned. 
2026-05-09 19:36:02,964 - optuna.study._optimize - INFO - Trial 79 pruned. 
2026-05-09 19:36:04,048 - optuna.study._optimize - INFO - Trial 80 pruned. 
2026-05-09 19:36:05,267 - optuna.study._optimize - INFO - Trial 81 pruned. 
2026-05-09 19:36:06,838 - optuna.study._optimize - INFO - Trial 82 pruned. 
2026-05-09 19:36:07,617 - optuna.study._optimize - INFO - Trial 83 pruned. 
2026-05-09 19:36:08,354 - optuna.study._optimize - INFO - Trial 84 pruned. 
2026-05-09 19:36:10,490 - optuna.study._optimize - INFO - Trial 85 pruned. 
2026-05-09 19:36:43,772 - optuna.study.study - INFO - Trial 86 finished with value: 0.041035447645196024 and parameters: {'n_layers': 1, 'embedding_dim': 256, 'lr': 0.012063129398280433, 'lambda_val': 7.704386923852783e-06, 'batch_size': 2054, 'optimizer': 'RMSprop'}. Best is trial 69 with value: 0.08424119433125025.
2026-05-09 19:37:16,730 - optuna.study.study - INFO - Trial 87 finished with value: 0.04056439300411942 and parameters: {'n_layers': 1, 'embedding_dim': 256, 'lr': 0.011640862475621919, 'lambda_val': 8.530394456794662e-06, 'batch_size': 2123, 'optimizer': 'RMSprop'}. Best is trial 69 with value: 0.08424119433125025.
2026-05-09 19:37:17,747 - optuna.study._optimize - INFO - Trial 88 pruned. 
2026-05-09 19:37:19,603 - optuna.study._optimize - INFO - Trial 89 pruned. 
2026-05-09 19:37:21,233 - optuna.study._optimize - INFO - Trial 90 pruned. 
2026-05-09 19:37:54,548 - optuna.study.study - INFO - Trial 91 finished with value: 0.0426706710549987 and parameters: {'n_layers': 1, 'embedding_dim': 256, 'lr': 0.00830115835526949, 'lambda_val': 7.56024113175246e-06, 'batch_size': 1864, 'optimizer': 'RMSprop'}. Best is trial 69 with value: 0.08424119433125025.
2026-05-09 19:37:55,692 - optuna.study._optimize - INFO - Trial 92 pruned. 
2026-05-09 19:38:28,899 - optuna.study.study - INFO - Trial 93 finished with value: 0.04911380762352181 and parameters: {'n_layers': 1, 'embedding_dim': 256, 'lr': 0.013888979906584676, 'lambda_val': 7.439270229485755e-05, 'batch_size': 1996, 'optimizer': 'RMSprop'}. Best is trial 69 with value: 0.08424119433125025.
2026-05-09 19:38:30,531 - optuna.study._optimize - INFO - Trial 94 pruned. 
2026-05-09 19:38:32,297 - optuna.study._optimize - INFO - Trial 95 pruned. 
2026-05-09 19:38:33,310 - optuna.study._optimize - INFO - Trial 96 pruned. 
2026-05-09 19:38:34,411 - optuna.study._optimize - INFO - Trial 97 pruned. 
2026-05-09 19:38:36,067 - optuna.study._optimize - INFO - Trial 98 pruned. 
2026-05-09 19:38:42,580 - optuna.study._optimize - INFO - Trial 99 pruned. 
2026-05-09 19:39:09,691 - root - INFO - **** Training e_100K_1c2dcs
2026-05-09 19:39:09,691 - root - INFO -   ** 2-Dominant stats:
2026-05-09 19:39:09,691 - root - INFO -   ** Finding the dominant set:
2026-05-09 19:39:28,124 - root - INFO -   ** Getting the trainable edges:
2026-05-09 19:39:28,130 - helper_functions - INFO -      Number of nodes: 3657
2026-05-09 19:39:28,130 - helper_functions - INFO -      Ratio: 0.4035978368833462
2026-05-09 19:39:28,130 - helper_functions - INFO -      Number of unique users: 325
2026-05-09 19:39:28,130 - helper_functions - INFO -      Number of unique items: 3332
2026-05-09 19:39:28,131 - helper_functions - INFO -      Total dominant set edge: 67989
2026-05-09 19:39:28,131 - helper_functions - INFO -      Trainable edges: 54391.200000000004
2026-05-09 19:39:28,139 - root - INFO -   **** Getting 67989 dominant set edges
2026-05-09 19:39:28,280 - optuna.storages._rdb.storage - INFO - A new study created in RDB with name: Study_e_100K_1c2dcs
2026-05-09 19:40:16,750 - optuna.study.study - INFO - Trial 0 finished with value: 0.0007589990502994232 and parameters: {'n_layers': 3, 'embedding_dim': 256, 'lr': 0.005342467949545388, 'lambda_val': 3.836034883203319e-06, 'batch_size': 849, 'optimizer': 'SGD'}. Best is trial 0 with value: 0.0007589990502994232.
2026-05-09 19:41:03,293 - optuna.study.study - INFO - Trial 1 finished with value: 0.015787599028287747 and parameters: {'n_layers': 3, 'embedding_dim': 96, 'lr': 0.006673840297687465, 'lambda_val': 0.009721061340493619, 'batch_size': 549, 'optimizer': 'Adam'}. Best is trial 1 with value: 0.015787599028287747.
2026-05-09 19:41:55,007 - optuna.study.study - INFO - Trial 2 finished with value: 0.001523443728630396 and parameters: {'n_layers': 3, 'embedding_dim': 256, 'lr': 0.003930657479181686, 'lambda_val': 0.007932802918628112, 'batch_size': 647, 'optimizer': 'SGD'}. Best is trial 1 with value: 0.015787599028287747.
2026-05-09 19:42:27,795 - optuna.study.study - INFO - Trial 3 finished with value: 0.05370591724349785 and parameters: {'n_layers': 3, 'embedding_dim': 96, 'lr': 5.37890901758094e-05, 'lambda_val': 7.67192216899067e-06, 'batch_size': 1130, 'optimizer': 'Adam'}. Best is trial 3 with value: 0.05370591724349785.
2026-05-09 19:43:13,209 - optuna.study.study - INFO - Trial 4 finished with value: 0.022154631094944654 and parameters: {'n_layers': 4, 'embedding_dim': 96, 'lr': 0.053965467119964264, 'lambda_val': 1.6688048155954993e-06, 'batch_size': 1602, 'optimizer': 'Adam'}. Best is trial 3 with value: 0.05370591724349785.
2026-05-09 19:43:43,782 - optuna.study.study - INFO - Trial 5 finished with value: 0.0248788488910438 and parameters: {'n_layers': 2, 'embedding_dim': 64, 'lr': 0.0006946053954561106, 'lambda_val': 0.009793299495741446, 'batch_size': 2908, 'optimizer': 'Adam'}. Best is trial 3 with value: 0.05370591724349785.
2026-05-09 19:43:46,908 - optuna.study._optimize - INFO - Trial 6 pruned. 
2026-05-09 19:43:47,927 - optuna.study._optimize - INFO - Trial 7 pruned. 
2026-05-09 19:43:50,121 - optuna.study._optimize - INFO - Trial 8 pruned. 
2026-05-09 19:43:52,219 - optuna.study._optimize - INFO - Trial 9 pruned. 
2026-05-09 19:43:54,237 - optuna.study._optimize - INFO - Trial 10 pruned. 
2026-05-09 19:43:55,700 - optuna.study._optimize - INFO - Trial 11 pruned. 
2026-05-09 19:43:57,552 - optuna.study._optimize - INFO - Trial 12 pruned. 
2026-05-09 19:43:58,526 - optuna.study._optimize - INFO - Trial 13 pruned. 
2026-05-09 19:44:00,546 - optuna.study._optimize - INFO - Trial 14 pruned. 
2026-05-09 19:44:42,088 - optuna.study.study - INFO - Trial 15 finished with value: 0.05566929115642312 and parameters: {'n_layers': 1, 'embedding_dim': 96, 'lr': 0.0006593396200109804, 'lambda_val': 0.005219457735956004, 'batch_size': 2501, 'optimizer': 'Adam'}. Best is trial 15 with value: 0.05566929115642312.
2026-05-09 19:44:43,637 - optuna.study._optimize - INFO - Trial 16 pruned. 
2026-05-09 19:44:45,233 - optuna.study._optimize - INFO - Trial 17 pruned. 
2026-05-09 19:44:48,383 - optuna.study._optimize - INFO - Trial 18 pruned. 
2026-05-09 19:44:57,618 - optuna.study._optimize - INFO - Trial 19 pruned. 
2026-05-09 19:44:59,165 - optuna.study._optimize - INFO - Trial 20 pruned. 
2026-05-09 19:45:00,200 - optuna.study._optimize - INFO - Trial 21 pruned. 
2026-05-09 19:45:07,743 - optuna.study._optimize - INFO - Trial 22 pruned. 
2026-05-09 19:45:09,703 - optuna.study._optimize - INFO - Trial 23 pruned. 
2026-05-09 19:45:53,932 - optuna.study.study - INFO - Trial 24 finished with value: 0.05189937177161145 and parameters: {'n_layers': 1, 'embedding_dim': 128, 'lr': 0.0017314938111554186, 'lambda_val': 0.029205710492672645, 'batch_size': 2753, 'optimizer': 'Adam'}. Best is trial 15 with value: 0.05566929115642312.
2026-05-09 19:46:23,173 - optuna.study.study - INFO - Trial 25 finished with value: 0.05402490494407326 and parameters: {'n_layers': 1, 'embedding_dim': 128, 'lr': 0.0022588753839873853, 'lambda_val': 0.03636809677281295, 'batch_size': 2189, 'optimizer': 'Adam'}. Best is trial 15 with value: 0.05566929115642312.
2026-05-09 19:46:51,940 - optuna.study.study - INFO - Trial 26 finished with value: 0.06778791739853979 and parameters: {'n_layers': 1, 'embedding_dim': 128, 'lr': 0.019761860326784987, 'lambda_val': 0.002208379974935007, 'batch_size': 2009, 'optimizer': 'Adam'}. Best is trial 26 with value: 0.06778791739853979.
2026-05-09 19:46:52,901 - optuna.study._optimize - INFO - Trial 27 pruned. 
2026-05-09 19:46:54,330 - optuna.study._optimize - INFO - Trial 28 pruned. 
2026-05-09 19:46:55,281 - optuna.study._optimize - INFO - Trial 29 pruned. 
2026-05-09 19:46:57,222 - optuna.study._optimize - INFO - Trial 30 pruned. 
2026-05-09 19:46:58,838 - optuna.study._optimize - INFO - Trial 31 pruned. 
2026-05-09 19:47:12,009 - optuna.study._optimize - INFO - Trial 32 pruned. 
2026-05-09 19:47:13,829 - optuna.study._optimize - INFO - Trial 33 pruned. 
2026-05-09 19:47:14,989 - optuna.study._optimize - INFO - Trial 34 pruned. 
2026-05-09 19:47:16,427 - optuna.study._optimize - INFO - Trial 35 pruned. 
2026-05-09 19:47:17,313 - optuna.study._optimize - INFO - Trial 36 pruned. 
2026-05-09 19:47:18,988 - optuna.study._optimize - INFO - Trial 37 pruned. 
2026-05-09 19:47:20,451 - optuna.study._optimize - INFO - Trial 38 pruned. 
2026-05-09 19:47:21,359 - optuna.study._optimize - INFO - Trial 39 pruned. 
2026-05-09 19:47:22,334 - optuna.study._optimize - INFO - Trial 40 pruned. 
2026-05-09 19:47:52,862 - optuna.study.study - INFO - Trial 41 finished with value: 0.05669686503777473 and parameters: {'n_layers': 1, 'embedding_dim': 128, 'lr': 0.0015185616372071298, 'lambda_val': 0.03463953471844717, 'batch_size': 2339, 'optimizer': 'Adam'}. Best is trial 26 with value: 0.06778791739853979.
2026-05-09 19:47:53,977 - optuna.study._optimize - INFO - Trial 42 pruned. 
2026-05-09 19:48:23,888 - optuna.study.study - INFO - Trial 43 finished with value: 0.05778914679511563 and parameters: {'n_layers': 1, 'embedding_dim': 128, 'lr': 0.001151185441081735, 'lambda_val': 0.0060357944485182604, 'batch_size': 1978, 'optimizer': 'Adam'}. Best is trial 26 with value: 0.06778791739853979.
2026-05-09 19:48:24,969 - optuna.study._optimize - INFO - Trial 44 pruned. 
2026-05-09 19:48:26,488 - optuna.study._optimize - INFO - Trial 45 pruned. 
2026-05-09 19:48:55,339 - optuna.study.study - INFO - Trial 46 finished with value: 0.05578491840722999 and parameters: {'n_layers': 1, 'embedding_dim': 128, 'lr': 0.0009857843167489304, 'lambda_val': 0.011768205195087766, 'batch_size': 2008, 'optimizer': 'RMSprop'}. Best is trial 26 with value: 0.06778791739853979.
2026-05-09 19:48:56,405 - optuna.study._optimize - INFO - Trial 47 pruned. 
2026-05-09 19:49:26,931 - optuna.study.study - INFO - Trial 48 finished with value: 0.058544880697134684 and parameters: {'n_layers': 1, 'embedding_dim': 128, 'lr': 0.0010401903615836513, 'lambda_val': 0.015171714656441494, 'batch_size': 2619, 'optimizer': 'RMSprop'}. Best is trial 26 with value: 0.06778791739853979.
2026-05-09 19:49:28,545 - optuna.study._optimize - INFO - Trial 49 pruned. 
2026-05-09 19:49:29,816 - optuna.study._optimize - INFO - Trial 50 pruned. 
2026-05-09 19:49:30,999 - optuna.study._optimize - INFO - Trial 51 pruned. 
2026-05-09 19:49:32,298 - optuna.study._optimize - INFO - Trial 52 pruned. 
2026-05-09 19:49:33,530 - optuna.study._optimize - INFO - Trial 53 pruned. 
2026-05-09 19:49:35,091 - optuna.study._optimize - INFO - Trial 54 pruned. 
2026-05-09 19:49:43,908 - optuna.study._optimize - INFO - Trial 55 pruned. 
2026-05-09 19:49:46,408 - optuna.study._optimize - INFO - Trial 56 pruned. 
2026-05-09 19:49:48,455 - optuna.study._optimize - INFO - Trial 57 pruned. 
2026-05-09 19:50:21,960 - optuna.study.study - INFO - Trial 58 finished with value: 0.03937831378031946 and parameters: {'n_layers': 1, 'embedding_dim': 64, 'lr': 0.001589045752154401, 'lambda_val': 0.0006918498267711907, 'batch_size': 2821, 'optimizer': 'RMSprop'}. Best is trial 26 with value: 0.06778791739853979.
2026-05-09 19:50:24,545 - optuna.study._optimize - INFO - Trial 59 pruned. 
2026-05-09 19:50:26,585 - optuna.study._optimize - INFO - Trial 60 pruned. 
2026-05-09 19:50:28,599 - optuna.study._optimize - INFO - Trial 61 pruned. 
2026-05-09 19:50:29,925 - optuna.study._optimize - INFO - Trial 62 pruned. 
2026-05-09 19:50:31,214 - optuna.study._optimize - INFO - Trial 63 pruned. 
2026-05-09 19:51:02,440 - optuna.study.study - INFO - Trial 64 finished with value: 0.05876280516337233 and parameters: {'n_layers': 1, 'embedding_dim': 128, 'lr': 0.002317554422051985, 'lambda_val': 0.018412140538036352, 'batch_size': 2336, 'optimizer': 'Adam'}. Best is trial 26 with value: 0.06778791739853979.
2026-05-09 19:51:03,508 - optuna.study._optimize - INFO - Trial 65 pruned. 
2026-05-09 19:51:33,017 - optuna.study.study - INFO - Trial 66 finished with value: 0.05425658931447108 and parameters: {'n_layers': 1, 'embedding_dim': 128, 'lr': 0.0005542737162563338, 'lambda_val': 0.00981905216531244, 'batch_size': 1678, 'optimizer': 'Adam'}. Best is trial 26 with value: 0.06778791739853979.
2026-05-09 19:51:34,679 - optuna.study._optimize - INFO - Trial 67 pruned. 
2026-05-09 19:51:36,197 - optuna.study._optimize - INFO - Trial 68 pruned. 
2026-05-09 19:51:37,159 - optuna.study._optimize - INFO - Trial 69 pruned. 
2026-05-09 19:51:38,376 - optuna.study._optimize - INFO - Trial 70 pruned. 
2026-05-09 19:51:39,949 - optuna.study._optimize - INFO - Trial 71 pruned. 
2026-05-09 19:51:40,964 - optuna.study._optimize - INFO - Trial 72 pruned. 
2026-05-09 19:52:10,144 - optuna.study.study - INFO - Trial 73 finished with value: 0.057664878038378005 and parameters: {'n_layers': 1, 'embedding_dim': 128, 'lr': 0.0006896067089754571, 'lambda_val': 0.01044707561800595, 'batch_size': 1592, 'optimizer': 'Adam'}. Best is trial 26 with value: 0.06778791739853979.
2026-05-09 19:52:11,159 - optuna.study._optimize - INFO - Trial 74 pruned. 
2026-05-09 19:52:12,093 - optuna.study._optimize - INFO - Trial 75 pruned. 
2026-05-09 19:52:13,361 - optuna.study._optimize - INFO - Trial 76 pruned. 
2026-05-09 19:52:14,406 - optuna.study._optimize - INFO - Trial 77 pruned. 
2026-05-09 19:52:44,847 - optuna.study.study - INFO - Trial 78 finished with value: 0.06126349008800736 and parameters: {'n_layers': 1, 'embedding_dim': 128, 'lr': 0.0016324414922023218, 'lambda_val': 0.0027657697360417887, 'batch_size': 2546, 'optimizer': 'Adam'}. Best is trial 26 with value: 0.06778791739853979.
2026-05-09 19:53:14,047 - optuna.study.study - INFO - Trial 79 finished with value: 0.0599702631319266 and parameters: {'n_layers': 1, 'embedding_dim': 128, 'lr': 0.0014883193996503333, 'lambda_val': 0.0026717867853481873, 'batch_size': 2069, 'optimizer': 'Adam'}. Best is trial 26 with value: 0.06778791739853979.
2026-05-09 19:53:14,998 - optuna.study._optimize - INFO - Trial 80 pruned. 
2026-05-09 19:53:15,950 - optuna.study._optimize - INFO - Trial 81 pruned. 
2026-05-09 19:53:17,266 - optuna.study._optimize - INFO - Trial 82 pruned. 
2026-05-09 19:53:18,329 - optuna.study._optimize - INFO - Trial 83 pruned. 
2026-05-09 19:53:19,901 - optuna.study._optimize - INFO - Trial 84 pruned. 
2026-05-09 19:53:20,891 - optuna.study._optimize - INFO - Trial 85 pruned. 
2026-05-09 19:53:21,968 - optuna.study._optimize - INFO - Trial 86 pruned. 
2026-05-09 19:53:23,048 - optuna.study._optimize - INFO - Trial 87 pruned. 
2026-05-09 19:53:24,048 - optuna.study._optimize - INFO - Trial 88 pruned. 
2026-05-09 19:53:25,094 - optuna.study._optimize - INFO - Trial 89 pruned. 
2026-05-09 19:53:26,202 - optuna.study._optimize - INFO - Trial 90 pruned. 
2026-05-09 19:53:27,154 - optuna.study._optimize - INFO - Trial 91 pruned. 
2026-05-09 19:54:09,516 - optuna.study.study - INFO - Trial 92 finished with value: 0.06020360692815011 and parameters: {'n_layers': 1, 'embedding_dim': 128, 'lr': 0.001832387190378719, 'lambda_val': 0.008579608470333873, 'batch_size': 2726, 'optimizer': 'Adam'}. Best is trial 26 with value: 0.06778791739853979.
2026-05-09 19:54:10,545 - optuna.study._optimize - INFO - Trial 93 pruned. 
2026-05-09 19:54:11,618 - optuna.study._optimize - INFO - Trial 94 pruned. 
2026-05-09 19:54:42,272 - optuna.study.study - INFO - Trial 95 finished with value: 0.06228946940920564 and parameters: {'n_layers': 1, 'embedding_dim': 128, 'lr': 0.0015025449657244787, 'lambda_val': 0.01317039035044324, 'batch_size': 2341, 'optimizer': 'Adam'}. Best is trial 26 with value: 0.06778791739853979.
2026-05-09 19:54:43,289 - optuna.study._optimize - INFO - Trial 96 pruned. 
2026-05-09 19:54:44,274 - optuna.study._optimize - INFO - Trial 97 pruned. 
2026-05-09 19:54:46,261 - optuna.study._optimize - INFO - Trial 98 pruned. 
2026-05-09 19:55:27,167 - optuna.study.study - INFO - Trial 99 finished with value: 0.05964714335333501 and parameters: {'n_layers': 1, 'embedding_dim': 64, 'lr': 0.0034308453909964614, 'lambda_val': 0.0031008091861416624, 'batch_size': 3238, 'optimizer': 'Adam'}. Best is trial 26 with value: 0.06778791739853979.
2026-05-09 19:55:50,121 - root - INFO -   **** Training e_100K_1c2dcs_rand1
2026-05-09 19:55:50,132 - root - INFO -   **** Getting 54402/65410 random edges
2026-05-09 19:55:50,480 - optuna.storages._rdb.storage - INFO - A new study created in RDB with name: Study_e_100K_1c2dcs_rand1
2026-05-09 19:56:38,677 - optuna.study.study - INFO - Trial 0 finished with value: 0.042478333204173976 and parameters: {'n_layers': 3, 'embedding_dim': 256, 'lr': 0.008957642834348536, 'lambda_val': 1.025533964532764e-05, 'batch_size': 847, 'optimizer': 'RMSprop'}. Best is trial 0 with value: 0.042478333204173976.
2026-05-09 19:57:18,104 - optuna.study.study - INFO - Trial 1 finished with value: 0.017553078516816544 and parameters: {'n_layers': 4, 'embedding_dim': 64, 'lr': 0.0019905528919548702, 'lambda_val': 0.002854280848758518, 'batch_size': 1984, 'optimizer': 'RMSprop'}. Best is trial 0 with value: 0.042478333204173976.
2026-05-09 19:58:15,082 - optuna.study.study - INFO - Trial 2 finished with value: 0.0008337094299336944 and parameters: {'n_layers': 3, 'embedding_dim': 256, 'lr': 0.0001375200121681272, 'lambda_val': 1.5506150950136004e-05, 'batch_size': 3749, 'optimizer': 'SGD'}. Best is trial 0 with value: 0.042478333204173976.
2026-05-09 19:58:44,409 - optuna.study.study - INFO - Trial 3 finished with value: 0.0008461216527991043 and parameters: {'n_layers': 2, 'embedding_dim': 64, 'lr': 0.0226786710119297, 'lambda_val': 0.01201294209649316, 'batch_size': 1745, 'optimizer': 'SGD'}. Best is trial 0 with value: 0.042478333204173976.
2026-05-09 19:59:32,489 - optuna.study.study - INFO - Trial 4 finished with value: 0.012598974231181314 and parameters: {'n_layers': 3, 'embedding_dim': 64, 'lr': 9.461945227098437e-05, 'lambda_val': 0.004094856821605003, 'batch_size': 3638, 'optimizer': 'RMSprop'}. Best is trial 0 with value: 0.042478333204173976.
2026-05-09 19:59:34,282 - optuna.study._optimize - INFO - Trial 5 pruned. 
2026-05-09 19:59:36,083 - optuna.study._optimize - INFO - Trial 6 pruned. 
2026-05-09 19:59:37,585 - optuna.study._optimize - INFO - Trial 7 pruned. 
2026-05-09 19:59:39,605 - optuna.study._optimize - INFO - Trial 8 pruned. 
2026-05-09 19:59:40,579 - optuna.study._optimize - INFO - Trial 9 pruned. 
2026-05-09 20:00:25,908 - optuna.study.study - INFO - Trial 10 finished with value: 0.03562479813444998 and parameters: {'n_layers': 4, 'embedding_dim': 128, 'lr': 0.008636518870272343, 'lambda_val': 1.1459792815369721e-06, 'batch_size': 678, 'optimizer': 'RMSprop'}. Best is trial 0 with value: 0.042478333204173976.
2026-05-09 20:01:09,800 - optuna.study.study - INFO - Trial 11 finished with value: 0.03579636683422063 and parameters: {'n_layers': 4, 'embedding_dim': 128, 'lr': 0.01467634321367842, 'lambda_val': 1.5831591893924276e-06, 'batch_size': 585, 'optimizer': 'RMSprop'}. Best is trial 0 with value: 0.042478333204173976.
2026-05-09 20:01:49,574 - optuna.study.study - INFO - Trial 12 finished with value: 0.0338072643619211 and parameters: {'n_layers': 4, 'embedding_dim': 96, 'lr': 0.04273896527100215, 'lambda_val': 6.0945435304453e-05, 'batch_size': 571, 'optimizer': 'RMSprop'}. Best is trial 0 with value: 0.042478333204173976.
2026-05-09 20:01:50,535 - optuna.study._optimize - INFO - Trial 13 pruned. 
2026-05-09 20:01:51,565 - optuna.study._optimize - INFO - Trial 14 pruned. 
2026-05-09 20:01:52,815 - optuna.study._optimize - INFO - Trial 15 pruned. 
2026-05-09 20:01:53,956 - optuna.study._optimize - INFO - Trial 16 pruned. 
2026-05-09 20:01:55,715 - optuna.study._optimize - INFO - Trial 17 pruned. 
2026-05-09 20:02:02,757 - optuna.study._optimize - INFO - Trial 18 pruned. 
2026-05-09 20:02:03,680 - optuna.study._optimize - INFO - Trial 19 pruned. 
2026-05-09 20:02:04,632 - optuna.study._optimize - INFO - Trial 20 pruned. 
2026-05-09 20:02:48,118 - optuna.study.study - INFO - Trial 21 finished with value: 0.03314635088767916 and parameters: {'n_layers': 4, 'embedding_dim': 128, 'lr': 0.010590763501729102, 'lambda_val': 1.0870221588223615e-06, 'batch_size': 514, 'optimizer': 'RMSprop'}. Best is trial 0 with value: 0.042478333204173976.
2026-05-09 20:03:31,105 - optuna.study.study - INFO - Trial 22 finished with value: 0.02334718612672113 and parameters: {'n_layers': 4, 'embedding_dim': 128, 'lr': 0.03646099645482715, 'lambda_val': 2.4848231255259586e-06, 'batch_size': 812, 'optimizer': 'RMSprop'}. Best is trial 0 with value: 0.042478333204173976.
2026-05-09 20:03:32,419 - optuna.study._optimize - INFO - Trial 23 pruned. 
2026-05-09 20:03:33,383 - optuna.study._optimize - INFO - Trial 24 pruned. 
2026-05-09 20:04:47,399 - optuna.study.study - INFO - Trial 25 finished with value: 0.03327207213214756 and parameters: {'n_layers': 4, 'embedding_dim': 256, 'lr': 0.01479529978619132, 'lambda_val': 1.2226011552234206e-06, 'batch_size': 535, 'optimizer': 'RMSprop'}. Best is trial 0 with value: 0.042478333204173976.
2026-05-09 20:04:48,382 - optuna.study._optimize - INFO - Trial 26 pruned. 
2026-05-09 20:05:27,238 - optuna.study.study - INFO - Trial 27 finished with value: 0.043463072910443254 and parameters: {'n_layers': 3, 'embedding_dim': 128, 'lr': 0.0490240506718616, 'lambda_val': 0.00015218745930804358, 'batch_size': 1537, 'optimizer': 'RMSprop'}. Best is trial 27 with value: 0.043463072910443254.
2026-05-09 20:05:28,661 - optuna.study._optimize - INFO - Trial 28 pruned. 
2026-05-09 20:05:29,623 - optuna.study._optimize - INFO - Trial 29 pruned. 
2026-05-09 20:06:04,236 - optuna.study.study - INFO - Trial 30 finished with value: 0.03067662255946648 and parameters: {'n_layers': 3, 'embedding_dim': 64, 'lr': 0.026772097572299047, 'lambda_val': 4.8809035512810296e-05, 'batch_size': 4060, 'optimizer': 'RMSprop'}. Best is trial 27 with value: 0.043463072910443254.
2026-05-09 20:06:05,429 - optuna.study._optimize - INFO - Trial 31 pruned. 
2026-05-09 20:06:28,707 - optuna.study._optimize - INFO - Trial 32 pruned. 
2026-05-09 20:07:12,062 - optuna.study.study - INFO - Trial 33 finished with value: 0.03646748566409824 and parameters: {'n_layers': 4, 'embedding_dim': 128, 'lr': 0.017169902109888436, 'lambda_val': 2.5650118249621764e-05, 'batch_size': 944, 'optimizer': 'RMSprop'}. Best is trial 27 with value: 0.043463072910443254.
2026-05-09 20:07:13,071 - optuna.study._optimize - INFO - Trial 34 pruned. 
2026-05-09 20:07:14,099 - optuna.study._optimize - INFO - Trial 35 pruned. 
2026-05-09 20:08:12,085 - optuna.study.study - INFO - Trial 36 finished with value: 0.039950976622406785 and parameters: {'n_layers': 4, 'embedding_dim': 256, 'lr': 0.050303475134693035, 'lambda_val': 0.0004635445109308982, 'batch_size': 1513, 'optimizer': 'RMSprop'}. Best is trial 27 with value: 0.043463072910443254.
2026-05-09 20:08:13,081 - optuna.study._optimize - INFO - Trial 37 pruned. 
2026-05-09 20:08:13,998 - optuna.study._optimize - INFO - Trial 38 pruned. 
2026-05-09 20:08:15,370 - optuna.study._optimize - INFO - Trial 39 pruned. 
2026-05-09 20:09:06,556 - optuna.study.study - INFO - Trial 40 finished with value: 0.03557614183330493 and parameters: {'n_layers': 3, 'embedding_dim': 256, 'lr': 0.06281442855927767, 'lambda_val': 0.001345837510127171, 'batch_size': 2560, 'optimizer': 'RMSprop'}. Best is trial 27 with value: 0.043463072910443254.
2026-05-09 20:09:07,594 - optuna.study._optimize - INFO - Trial 41 pruned. 
2026-05-09 20:09:08,590 - optuna.study._optimize - INFO - Trial 42 pruned. 
2026-05-09 20:09:09,895 - optuna.study._optimize - INFO - Trial 43 pruned. 
2026-05-09 20:09:32,645 - optuna.study._optimize - INFO - Trial 44 pruned. 
2026-05-09 20:10:10,851 - optuna.study.study - INFO - Trial 45 finished with value: 0.04262251608078963 and parameters: {'n_layers': 3, 'embedding_dim': 128, 'lr': 0.02513381312048112, 'lambda_val': 8.982142126834798e-05, 'batch_size': 1060, 'optimizer': 'RMSprop'}. Best is trial 27 with value: 0.043463072910443254.
2026-05-09 20:10:11,889 - optuna.study._optimize - INFO - Trial 46 pruned. 
2026-05-09 20:10:13,439 - optuna.study._optimize - INFO - Trial 47 pruned. 
2026-05-09 20:10:14,550 - optuna.study._optimize - INFO - Trial 48 pruned. 
2026-05-09 20:10:15,627 - optuna.study._optimize - INFO - Trial 49 pruned. 
2026-05-09 20:10:16,649 - optuna.study._optimize - INFO - Trial 50 pruned. 
2026-05-09 20:10:17,727 - optuna.study._optimize - INFO - Trial 51 pruned. 
2026-05-09 20:11:00,946 - optuna.study.study - INFO - Trial 52 finished with value: 0.030371502219900915 and parameters: {'n_layers': 4, 'embedding_dim': 128, 'lr': 0.022691344289390746, 'lambda_val': 2.1613347921535093e-05, 'batch_size': 647, 'optimizer': 'RMSprop'}. Best is trial 27 with value: 0.043463072910443254.
2026-05-09 20:11:01,908 - optuna.study._optimize - INFO - Trial 53 pruned. 
2026-05-09 20:11:03,003 - optuna.study._optimize - INFO - Trial 54 pruned. 
2026-05-09 20:11:04,437 - optuna.study._optimize - INFO - Trial 55 pruned. 
2026-05-09 20:11:05,527 - optuna.study._optimize - INFO - Trial 56 pruned. 
2026-05-09 20:11:07,051 - optuna.study._optimize - INFO - Trial 57 pruned. 
2026-05-09 20:11:08,140 - optuna.study._optimize - INFO - Trial 58 pruned. 
2026-05-09 20:11:09,626 - optuna.study._optimize - INFO - Trial 59 pruned. 
2026-05-09 20:11:10,667 - optuna.study._optimize - INFO - Trial 60 pruned. 
2026-05-09 20:11:12,138 - optuna.study._optimize - INFO - Trial 61 pruned. 
2026-05-09 20:11:13,145 - optuna.study._optimize - INFO - Trial 62 pruned. 
2026-05-09 20:11:14,285 - optuna.study._optimize - INFO - Trial 63 pruned. 
2026-05-09 20:11:42,463 - optuna.study._optimize - INFO - Trial 64 pruned. 
2026-05-09 20:11:43,803 - optuna.study._optimize - INFO - Trial 65 pruned. 
2026-05-09 20:11:44,776 - optuna.study._optimize - INFO - Trial 66 pruned. 
2026-05-09 20:12:33,436 - optuna.study.study - INFO - Trial 67 finished with value: 0.00769081764035648 and parameters: {'n_layers': 3, 'embedding_dim': 256, 'lr': 0.05050789457203661, 'lambda_val': 1.0065560920675966e-06, 'batch_size': 798, 'optimizer': 'RMSprop'}. Best is trial 27 with value: 0.043463072910443254.
2026-05-09 20:12:34,833 - optuna.study._optimize - INFO - Trial 68 pruned. 
2026-05-09 20:13:36,590 - optuna.study.study - INFO - Trial 69 finished with value: 0.01946451908564418 and parameters: {'n_layers': 4, 'embedding_dim': 256, 'lr': 0.07427437436978293, 'lambda_val': 1.642107191948e-05, 'batch_size': 2809, 'optimizer': 'RMSprop'}. Best is trial 27 with value: 0.043463072910443254.
2026-05-09 20:13:37,540 - optuna.study._optimize - INFO - Trial 70 pruned. 
2026-05-09 20:13:38,602 - optuna.study._optimize - INFO - Trial 71 pruned. 
2026-05-09 20:13:39,852 - optuna.study._optimize - INFO - Trial 72 pruned. 
2026-05-09 20:13:41,456 - optuna.study._optimize - INFO - Trial 73 pruned. 
2026-05-09 20:14:41,238 - optuna.study.study - INFO - Trial 74 finished with value: 0.04042823149592469 and parameters: {'n_layers': 3, 'embedding_dim': 256, 'lr': 0.020560681451161134, 'lambda_val': 0.00042643486526757894, 'batch_size': 2608, 'optimizer': 'RMSprop'}. Best is trial 27 with value: 0.043463072910443254.
2026-05-09 20:14:42,112 - optuna.study._optimize - INFO - Trial 75 pruned. 
2026-05-09 20:14:43,488 - optuna.study._optimize - INFO - Trial 76 pruned. 
2026-05-09 20:14:44,532 - optuna.study._optimize - INFO - Trial 77 pruned. 
2026-05-09 20:14:45,621 - optuna.study._optimize - INFO - Trial 78 pruned. 
2026-05-09 20:14:46,975 - optuna.study._optimize - INFO - Trial 79 pruned. 
2026-05-09 20:14:48,064 - optuna.study._optimize - INFO - Trial 80 pruned. 
2026-05-09 20:15:39,444 - optuna.study.study - INFO - Trial 81 finished with value: 0.04117179596430624 and parameters: {'n_layers': 3, 'embedding_dim': 256, 'lr': 0.05155129500118959, 'lambda_val': 0.0007174467296596285, 'batch_size': 2358, 'optimizer': 'RMSprop'}. Best is trial 27 with value: 0.043463072910443254.
2026-05-09 20:15:40,759 - optuna.study._optimize - INFO - Trial 82 pruned. 
2026-05-09 20:15:41,934 - optuna.study._optimize - INFO - Trial 83 pruned. 
2026-05-09 20:15:43,152 - optuna.study._optimize - INFO - Trial 84 pruned. 
2026-05-09 20:15:44,394 - optuna.study._optimize - INFO - Trial 85 pruned. 
2026-05-09 20:15:45,641 - optuna.study._optimize - INFO - Trial 86 pruned. 
2026-05-09 20:15:46,916 - optuna.study._optimize - INFO - Trial 87 pruned. 
2026-05-09 20:15:48,255 - optuna.study._optimize - INFO - Trial 88 pruned. 
2026-05-09 20:15:49,364 - optuna.study._optimize - INFO - Trial 89 pruned. 
2026-05-09 20:15:50,581 - optuna.study._optimize - INFO - Trial 90 pruned. 
2026-05-09 20:15:51,577 - optuna.study._optimize - INFO - Trial 91 pruned. 
2026-05-09 20:15:53,045 - optuna.study._optimize - INFO - Trial 92 pruned. 
2026-05-09 20:15:54,249 - optuna.study._optimize - INFO - Trial 93 pruned. 
2026-05-09 20:15:55,424 - optuna.study._optimize - INFO - Trial 94 pruned. 
2026-05-09 20:15:56,721 - optuna.study._optimize - INFO - Trial 95 pruned. 
2026-05-09 20:15:57,950 - optuna.study._optimize - INFO - Trial 96 pruned. 
2026-05-09 20:16:42,902 - optuna.study.study - INFO - Trial 97 finished with value: 0.019131259943130398 and parameters: {'n_layers': 4, 'embedding_dim': 128, 'lr': 0.04636713678734621, 'lambda_val': 0.00429583878510223, 'batch_size': 1048, 'optimizer': 'RMSprop'}. Best is trial 27 with value: 0.043463072910443254.
2026-05-09 20:16:43,939 - optuna.study._optimize - INFO - Trial 98 pruned. 
2026-05-09 20:17:21,526 - optuna.study._optimize - INFO - Trial 99 pruned. 
2026-05-09 20:17:53,859 - root - INFO -   **** Training e_100K_1c2dcs_rand2
2026-05-09 20:17:53,870 - root - INFO -   **** Getting 54402/65410 random edges
2026-05-09 20:17:53,977 - optuna.storages._rdb.storage - INFO - A new study created in RDB with name: Study_e_100K_1c2dcs_rand2
2026-05-09 20:18:42,858 - optuna.study.study - INFO - Trial 0 finished with value: 0.04384221012496706 and parameters: {'n_layers': 3, 'embedding_dim': 256, 'lr': 0.017136885451822174, 'lambda_val': 0.0003865860948760019, 'batch_size': 1776, 'optimizer': 'RMSprop'}. Best is trial 0 with value: 0.04384221012496706.
2026-05-09 20:19:22,554 - optuna.study.study - INFO - Trial 1 finished with value: 0.018054678361575403 and parameters: {'n_layers': 2, 'embedding_dim': 32, 'lr': 0.0003140178881939322, 'lambda_val': 0.003163256459947253, 'batch_size': 595, 'optimizer': 'Adam'}. Best is trial 0 with value: 0.04384221012496706.
2026-05-09 20:19:56,449 - optuna.study.study - INFO - Trial 2 finished with value: 0.0011717805308047561 and parameters: {'n_layers': 3, 'embedding_dim': 32, 'lr': 0.00033684604555594847, 'lambda_val': 0.0025253788289892236, 'batch_size': 2411, 'optimizer': 'SGD'}. Best is trial 0 with value: 0.04384221012496706.
2026-05-09 20:20:22,477 - optuna.study.study - INFO - Trial 3 finished with value: 0.08362887689931989 and parameters: {'n_layers': 1, 'embedding_dim': 64, 'lr': 5.962442825314036e-05, 'lambda_val': 0.0007411494454085393, 'batch_size': 1012, 'optimizer': 'RMSprop'}. Best is trial 3 with value: 0.08362887689931989.
2026-05-09 20:21:01,531 - optuna.study.study - INFO - Trial 4 finished with value: 0.05876157211867467 and parameters: {'n_layers': 4, 'embedding_dim': 64, 'lr': 5.3406241620470203e-05, 'lambda_val': 0.001545318299813729, 'batch_size': 2850, 'optimizer': 'RMSprop'}. Best is trial 3 with value: 0.08362887689931989.
2026-05-09 20:21:02,536 - optuna.study._optimize - INFO - Trial 5 pruned. 
2026-05-09 20:21:29,410 - optuna.study.study - INFO - Trial 6 finished with value: 0.06010131782983228 and parameters: {'n_layers': 1, 'embedding_dim': 32, 'lr': 0.005971672790251219, 'lambda_val': 0.0034672711488047004, 'batch_size': 2257, 'optimizer': 'RMSprop'}. Best is trial 3 with value: 0.08362887689931989.
2026-05-09 20:21:30,437 - optuna.study._optimize - INFO - Trial 7 pruned. 
2026-05-09 20:21:31,444 - optuna.study._optimize - INFO - Trial 8 pruned. 
2026-05-09 20:21:39,145 - optuna.study._optimize - INFO - Trial 9 pruned. 
2026-05-09 20:21:46,311 - optuna.study._optimize - INFO - Trial 10 pruned. 
2026-05-09 20:21:47,683 - optuna.study._optimize - INFO - Trial 11 pruned. 
2026-05-09 20:21:48,681 - optuna.study._optimize - INFO - Trial 12 pruned. 
2026-05-09 20:21:50,035 - optuna.study._optimize - INFO - Trial 13 pruned. 
2026-05-09 20:21:51,067 - optuna.study._optimize - INFO - Trial 14 pruned. 
2026-05-09 20:21:53,488 - optuna.study._optimize - INFO - Trial 15 pruned. 
2026-05-09 20:21:54,541 - optuna.study._optimize - INFO - Trial 16 pruned. 
2026-05-09 20:21:55,889 - optuna.study._optimize - INFO - Trial 17 pruned. 
2026-05-09 20:21:58,749 - optuna.study._optimize - INFO - Trial 18 pruned. 
2026-05-09 20:21:59,886 - optuna.study._optimize - INFO - Trial 19 pruned. 
2026-05-09 20:22:01,056 - optuna.study._optimize - INFO - Trial 20 pruned. 
2026-05-09 20:22:04,192 - optuna.study._optimize - INFO - Trial 21 pruned. 
2026-05-09 20:22:23,222 - optuna.study._optimize - INFO - Trial 22 pruned. 
2026-05-09 20:22:24,507 - optuna.study._optimize - INFO - Trial 23 pruned. 
2026-05-09 20:22:25,655 - optuna.study._optimize - INFO - Trial 24 pruned. 
2026-05-09 20:22:58,543 - optuna.study.study - INFO - Trial 25 finished with value: 0.00969229557574109 and parameters: {'n_layers': 3, 'embedding_dim': 32, 'lr': 0.00023018519099652406, 'lambda_val': 0.0012731002838638078, 'batch_size': 2986, 'optimizer': 'RMSprop'}. Best is trial 3 with value: 0.08362887689931989.
2026-05-09 20:22:59,567 - optuna.study._optimize - INFO - Trial 26 pruned. 
2026-05-09 20:23:02,083 - optuna.study._optimize - INFO - Trial 27 pruned. 
2026-05-09 20:23:03,596 - optuna.study._optimize - INFO - Trial 28 pruned. 
2026-05-09 20:23:04,685 - optuna.study._optimize - INFO - Trial 29 pruned. 
2026-05-09 20:23:05,940 - optuna.study._optimize - INFO - Trial 30 pruned. 
2026-05-09 20:23:12,641 - optuna.study._optimize - INFO - Trial 31 pruned. 
2026-05-09 20:24:01,187 - optuna.study.study - INFO - Trial 32 finished with value: 0.035692027880561576 and parameters: {'n_layers': 3, 'embedding_dim': 256, 'lr': 0.015701458752326942, 'lambda_val': 0.0023673049669610834, 'batch_size': 530, 'optimizer': 'RMSprop'}. Best is trial 3 with value: 0.08362887689931989.
2026-05-09 20:24:20,233 - optuna.study._optimize - INFO - Trial 33 pruned. 
2026-05-09 20:24:21,313 - optuna.study._optimize - INFO - Trial 34 pruned. 
2026-05-09 20:24:22,598 - optuna.study._optimize - INFO - Trial 35 pruned. 
2026-05-09 20:24:27,930 - optuna.study._optimize - INFO - Trial 36 pruned. 
2026-05-09 20:24:29,019 - optuna.study._optimize - INFO - Trial 37 pruned. 
2026-05-09 20:24:30,208 - optuna.study._optimize - INFO - Trial 38 pruned. 
2026-05-09 20:24:31,926 - optuna.study._optimize - INFO - Trial 39 pruned. 
2026-05-09 20:24:33,015 - optuna.study._optimize - INFO - Trial 40 pruned. 
2026-05-09 20:24:41,869 - optuna.study._optimize - INFO - Trial 41 pruned. 
2026-05-09 20:25:30,997 - optuna.study.study - INFO - Trial 42 finished with value: 0.033584541924542854 and parameters: {'n_layers': 3, 'embedding_dim': 256, 'lr': 0.03215674471891348, 'lambda_val': 0.0011053574606232459, 'batch_size': 731, 'optimizer': 'RMSprop'}. Best is trial 3 with value: 0.08362887689931989.
2026-05-09 20:25:40,976 - optuna.study._optimize - INFO - Trial 43 pruned. 
2026-05-09 20:26:13,862 - optuna.study.study - INFO - Trial 44 finished with value: 0.06869900853675713 and parameters: {'n_layers': 1, 'embedding_dim': 256, 'lr': 0.0031972779207973057, 'lambda_val': 0.005739641176868991, 'batch_size': 1250, 'optimizer': 'RMSprop'}. Best is trial 3 with value: 0.08362887689931989.
2026-05-09 20:26:15,000 - optuna.study._optimize - INFO - Trial 45 pruned. 
2026-05-09 20:26:16,066 - optuna.study._optimize - INFO - Trial 46 pruned. 
2026-05-09 20:26:17,282 - optuna.study._optimize - INFO - Trial 47 pruned. 
2026-05-09 20:26:18,348 - optuna.study._optimize - INFO - Trial 48 pruned. 
2026-05-09 20:26:19,375 - optuna.study._optimize - INFO - Trial 49 pruned. 
2026-05-09 20:26:23,036 - optuna.study._optimize - INFO - Trial 50 pruned. 
2026-05-09 20:27:03,039 - optuna.study.study - INFO - Trial 51 finished with value: 0.08137990624598673 and parameters: {'n_layers': 1, 'embedding_dim': 256, 'lr': 0.0186981624295526, 'lambda_val': 0.0019326043968594222, 'batch_size': 883, 'optimizer': 'RMSprop'}. Best is trial 3 with value: 0.08362887689931989.
2026-05-09 20:27:04,389 - optuna.study._optimize - INFO - Trial 52 pruned. 
2026-05-09 20:27:05,809 - optuna.study._optimize - INFO - Trial 53 pruned. 
2026-05-09 20:27:48,355 - optuna.study.study - INFO - Trial 54 finished with value: 0.08162582363522264 and parameters: {'n_layers': 1, 'embedding_dim': 256, 'lr': 0.01004657250233629, 'lambda_val': 0.0016234073336364523, 'batch_size': 894, 'optimizer': 'RMSprop'}. Best is trial 3 with value: 0.08362887689931989.
2026-05-09 20:27:49,328 - optuna.study._optimize - INFO - Trial 55 pruned. 
2026-05-09 20:27:50,788 - optuna.study._optimize - INFO - Trial 56 pruned. 
2026-05-09 20:27:51,794 - optuna.study._optimize - INFO - Trial 57 pruned. 
2026-05-09 20:27:53,066 - optuna.study._optimize - INFO - Trial 58 pruned. 
2026-05-09 20:28:21,552 - optuna.study.study - INFO - Trial 59 finished with value: 0.05855077318826393 and parameters: {'n_layers': 1, 'embedding_dim': 64, 'lr': 0.022892819994552456, 'lambda_val': 0.0002477455034879337, 'batch_size': 3091, 'optimizer': 'RMSprop'}. Best is trial 3 with value: 0.08362887689931989.
2026-05-09 20:28:23,029 - optuna.study._optimize - INFO - Trial 60 pruned. 
2026-05-09 20:28:25,329 - optuna.study._optimize - INFO - Trial 61 pruned. 
2026-05-09 20:28:28,455 - optuna.study._optimize - INFO - Trial 62 pruned. 
2026-05-09 20:28:29,514 - optuna.study._optimize - INFO - Trial 63 pruned. 
2026-05-09 20:28:30,712 - optuna.study._optimize - INFO - Trial 64 pruned. 
2026-05-09 20:28:32,711 - optuna.study._optimize - INFO - Trial 65 pruned. 
2026-05-09 20:29:00,533 - optuna.study.study - INFO - Trial 66 finished with value: 0.06245826374890106 and parameters: {'n_layers': 1, 'embedding_dim': 32, 'lr': 0.025552152379730447, 'lambda_val': 0.002585845329729872, 'batch_size': 3965, 'optimizer': 'RMSprop'}. Best is trial 3 with value: 0.08362887689931989.
2026-05-09 20:29:01,522 - optuna.study._optimize - INFO - Trial 67 pruned. 
2026-05-09 20:29:02,469 - optuna.study._optimize - INFO - Trial 68 pruned. 
2026-05-09 20:29:03,837 - optuna.study._optimize - INFO - Trial 69 pruned. 
2026-05-09 20:29:04,851 - optuna.study._optimize - INFO - Trial 70 pruned. 
2026-05-09 20:29:34,141 - optuna.study.study - INFO - Trial 71 finished with value: 0.07954893748205948 and parameters: {'n_layers': 1, 'embedding_dim': 64, 'lr': 0.012886337513600276, 'lambda_val': 0.0021337041708253987, 'batch_size': 3764, 'optimizer': 'RMSprop'}. Best is trial 3 with value: 0.08362887689931989.
2026-05-09 20:29:36,612 - optuna.study._optimize - INFO - Trial 72 pruned. 
2026-05-09 20:29:37,716 - optuna.study._optimize - INFO - Trial 73 pruned. 
2026-05-09 20:29:39,225 - optuna.study._optimize - INFO - Trial 74 pruned. 
2026-05-09 20:30:13,832 - optuna.study.study - INFO - Trial 75 finished with value: 0.08157530425851153 and parameters: {'n_layers': 1, 'embedding_dim': 256, 'lr': 0.009689643054823241, 'lambda_val': 0.0013626865463437136, 'batch_size': 3528, 'optimizer': 'RMSprop'}. Best is trial 3 with value: 0.08362887689931989.
2026-05-09 20:30:14,808 - optuna.study._optimize - INFO - Trial 76 pruned. 
2026-05-09 20:30:49,840 - optuna.study.study - INFO - Trial 77 finished with value: 0.08445076951706097 and parameters: {'n_layers': 1, 'embedding_dim': 256, 'lr': 0.014194980064888441, 'lambda_val': 0.001260336724852014, 'batch_size': 4006, 'optimizer': 'RMSprop'}. Best is trial 77 with value: 0.08445076951706097.
2026-05-09 20:30:51,360 - optuna.study._optimize - INFO - Trial 78 pruned. 
2026-05-09 20:30:52,385 - optuna.study._optimize - INFO - Trial 79 pruned. 
2026-05-09 20:30:55,212 - optuna.study._optimize - INFO - Trial 80 pruned. 
2026-05-09 20:30:56,613 - optuna.study._optimize - INFO - Trial 81 pruned. 
2026-05-09 20:30:57,636 - optuna.study._optimize - INFO - Trial 82 pruned. 
2026-05-09 20:30:58,872 - optuna.study._optimize - INFO - Trial 83 pruned. 
2026-05-09 20:31:33,748 - optuna.study.study - INFO - Trial 84 finished with value: 0.07476577244035312 and parameters: {'n_layers': 1, 'embedding_dim': 256, 'lr': 0.01862465174773911, 'lambda_val': 0.001456366160745748, 'batch_size': 3622, 'optimizer': 'RMSprop'}. Best is trial 77 with value: 0.08445076951706097.
2026-05-09 20:31:35,382 - optuna.study._optimize - INFO - Trial 85 pruned. 
2026-05-09 20:31:36,406 - optuna.study._optimize - INFO - Trial 86 pruned. 
2026-05-09 20:31:40,050 - optuna.study._optimize - INFO - Trial 87 pruned. 
2026-05-09 20:31:41,093 - optuna.study._optimize - INFO - Trial 88 pruned. 
2026-05-09 20:31:42,327 - optuna.study._optimize - INFO - Trial 89 pruned. 
2026-05-09 20:31:43,907 - optuna.study._optimize - INFO - Trial 90 pruned. 
2026-05-09 20:31:44,866 - optuna.study._optimize - INFO - Trial 91 pruned. 
2026-05-09 20:31:46,277 - optuna.study._optimize - INFO - Trial 92 pruned. 
2026-05-09 20:31:47,409 - optuna.study._optimize - INFO - Trial 93 pruned. 
2026-05-09 20:31:48,490 - optuna.study._optimize - INFO - Trial 94 pruned. 
2026-05-09 20:32:18,175 - optuna.study.study - INFO - Trial 95 finished with value: 0.07921439955872635 and parameters: {'n_layers': 1, 'embedding_dim': 96, 'lr': 0.015275331400473572, 'lambda_val': 0.0022513933980106158, 'batch_size': 2460, 'optimizer': 'RMSprop'}. Best is trial 77 with value: 0.08445076951706097.
2026-05-09 20:32:19,640 - optuna.study._optimize - INFO - Trial 96 pruned. 
2026-05-09 20:32:20,643 - optuna.study._optimize - INFO - Trial 97 pruned. 
2026-05-09 20:32:49,834 - optuna.study.study - INFO - Trial 98 finished with value: 0.08090803125489097 and parameters: {'n_layers': 1, 'embedding_dim': 96, 'lr': 0.023531670990830516, 'lambda_val': 0.0024429906727720567, 'batch_size': 4011, 'optimizer': 'RMSprop'}. Best is trial 77 with value: 0.08445076951706097.
2026-05-09 20:32:52,020 - optuna.study._optimize - INFO - Trial 99 pruned. 
2026-05-09 20:33:21,051 - root - INFO -   **** Training e_100K_1c2dcs_rand3
2026-05-09 20:33:21,063 - root - INFO -   **** Getting 54402/65410 random edges
2026-05-09 20:33:21,173 - optuna.storages._rdb.storage - INFO - A new study created in RDB with name: Study_e_100K_1c2dcs_rand3
2026-05-09 20:34:04,577 - optuna.study.study - INFO - Trial 0 finished with value: 0.0016759610238403912 and parameters: {'n_layers': 4, 'embedding_dim': 128, 'lr': 0.025961587672369727, 'lambda_val': 2.293420748056207e-05, 'batch_size': 1203, 'optimizer': 'SGD'}. Best is trial 0 with value: 0.0016759610238403912.
2026-05-09 20:34:46,976 - optuna.study.study - INFO - Trial 1 finished with value: 0.07279314189644938 and parameters: {'n_layers': 1, 'embedding_dim': 256, 'lr': 0.00031530914343393866, 'lambda_val': 0.0001204962131165671, 'batch_size': 1469, 'optimizer': 'RMSprop'}. Best is trial 1 with value: 0.07279314189644938.
2026-05-09 20:35:23,140 - optuna.study.study - INFO - Trial 2 finished with value: 0.0028777749539775767 and parameters: {'n_layers': 3, 'embedding_dim': 96, 'lr': 0.00018851520246311048, 'lambda_val': 1.4375994208833703e-06, 'batch_size': 2596, 'optimizer': 'SGD'}. Best is trial 1 with value: 0.07279314189644938.
2026-05-09 20:36:20,041 - optuna.study.study - INFO - Trial 3 finished with value: 0.015461432683548862 and parameters: {'n_layers': 4, 'embedding_dim': 256, 'lr': 0.025425666122926682, 'lambda_val': 0.00576846110511314, 'batch_size': 638, 'optimizer': 'Adam'}. Best is trial 1 with value: 0.07279314189644938.
2026-05-09 20:36:51,090 - optuna.study.study - INFO - Trial 4 finished with value: 0.051708877086661206 and parameters: {'n_layers': 1, 'embedding_dim': 96, 'lr': 0.0007452391246861761, 'lambda_val': 0.0026117023434797187, 'batch_size': 3222, 'optimizer': 'Adam'}. Best is trial 1 with value: 0.07279314189644938.
2026-05-09 20:36:52,048 - optuna.study._optimize - INFO - Trial 5 pruned. 
2026-05-09 20:37:41,486 - optuna.study.study - INFO - Trial 6 finished with value: 0.03222774431737836 and parameters: {'n_layers': 3, 'embedding_dim': 256, 'lr': 0.0024461519818688654, 'lambda_val': 0.0002666659111900487, 'batch_size': 1569, 'optimizer': 'RMSprop'}. Best is trial 1 with value: 0.07279314189644938.
2026-05-09 20:37:43,130 - optuna.study._optimize - INFO - Trial 7 pruned. 
2026-05-09 20:37:45,019 - optuna.study._optimize - INFO - Trial 8 pruned. 
2026-05-09 20:37:46,033 - optuna.study._optimize - INFO - Trial 9 pruned. 
2026-05-09 20:37:48,254 - optuna.study._optimize - INFO - Trial 10 pruned. 
2026-05-09 20:37:49,223 - optuna.study._optimize - INFO - Trial 11 pruned. 
2026-05-09 20:37:50,160 - optuna.study._optimize - INFO - Trial 12 pruned. 
2026-05-09 20:37:51,378 - optuna.study._optimize - INFO - Trial 13 pruned. 
2026-05-09 20:37:52,459 - optuna.study._optimize - INFO - Trial 14 pruned. 
2026-05-09 20:38:36,488 - optuna.study.study - INFO - Trial 15 finished with value: 0.03061772460785956 and parameters: {'n_layers': 2, 'embedding_dim': 256, 'lr': 0.001233498622661183, 'lambda_val': 0.010848771880394304, 'batch_size': 2013, 'optimizer': 'Adam'}. Best is trial 1 with value: 0.07279314189644938.
2026-05-09 20:38:37,387 - optuna.study._optimize - INFO - Trial 16 pruned. 
2026-05-09 20:38:38,977 - optuna.study._optimize - INFO - Trial 17 pruned. 
2026-05-09 20:38:40,701 - optuna.study._optimize - INFO - Trial 18 pruned. 
2026-05-09 20:38:41,582 - optuna.study._optimize - INFO - Trial 19 pruned. 
2026-05-09 20:38:42,529 - optuna.study._optimize - INFO - Trial 20 pruned. 
2026-05-09 20:38:53,081 - optuna.study._optimize - INFO - Trial 21 pruned. 
2026-05-09 20:39:42,011 - optuna.study.study - INFO - Trial 22 finished with value: 0.030022098993147034 and parameters: {'n_layers': 3, 'embedding_dim': 256, 'lr': 0.0021263301896331708, 'lambda_val': 0.00021005102058576156, 'batch_size': 1180, 'optimizer': 'RMSprop'}. Best is trial 1 with value: 0.07279314189644938.
2026-05-09 20:40:32,000 - optuna.study.study - INFO - Trial 23 finished with value: 0.031601717072971804 and parameters: {'n_layers': 3, 'embedding_dim': 256, 'lr': 0.007105724031777453, 'lambda_val': 3.6703832308941966e-05, 'batch_size': 1813, 'optimizer': 'RMSprop'}. Best is trial 1 with value: 0.07279314189644938.
2026-05-09 20:40:33,046 - optuna.study._optimize - INFO - Trial 24 pruned. 
2026-05-09 20:40:34,058 - optuna.study._optimize - INFO - Trial 25 pruned. 
2026-05-09 20:40:35,173 - optuna.study._optimize - INFO - Trial 26 pruned. 
2026-05-09 20:40:38,587 - optuna.study._optimize - INFO - Trial 27 pruned. 
2026-05-09 20:41:17,457 - optuna.study.study - INFO - Trial 28 finished with value: 0.030364786414498957 and parameters: {'n_layers': 2, 'embedding_dim': 96, 'lr': 0.0013385333870398549, 'lambda_val': 1.560774362880777e-05, 'batch_size': 1650, 'optimizer': 'Adam'}. Best is trial 1 with value: 0.07279314189644938.
2026-05-09 20:41:20,625 - optuna.study._optimize - INFO - Trial 29 pruned. 
2026-05-09 20:41:21,605 - optuna.study._optimize - INFO - Trial 30 pruned. 
2026-05-09 20:42:11,076 - optuna.study.study - INFO - Trial 31 finished with value: 0.03263243424223044 and parameters: {'n_layers': 3, 'embedding_dim': 256, 'lr': 0.009905044521025355, 'lambda_val': 4.0641612661042e-05, 'batch_size': 1782, 'optimizer': 'RMSprop'}. Best is trial 1 with value: 0.07279314189644938.
2026-05-09 20:42:28,665 - optuna.study._optimize - INFO - Trial 32 pruned. 
2026-05-09 20:42:30,521 - optuna.study._optimize - INFO - Trial 33 pruned. 
2026-05-09 20:43:21,169 - optuna.study.study - INFO - Trial 34 finished with value: 0.0468908527765938 and parameters: {'n_layers': 3, 'embedding_dim': 256, 'lr': 0.014944084487350491, 'lambda_val': 0.00018547472799963714, 'batch_size': 2500, 'optimizer': 'RMSprop'}. Best is trial 1 with value: 0.07279314189644938.
2026-05-09 20:43:23,365 - optuna.study._optimize - INFO - Trial 35 pruned. 
2026-05-09 20:43:25,398 - optuna.study._optimize - INFO - Trial 36 pruned. 
2026-05-09 20:43:26,429 - optuna.study._optimize - INFO - Trial 37 pruned. 
2026-05-09 20:43:28,661 - optuna.study._optimize - INFO - Trial 38 pruned. 
2026-05-09 20:43:29,689 - optuna.study._optimize - INFO - Trial 39 pruned. 
2026-05-09 20:43:31,001 - optuna.study._optimize - INFO - Trial 40 pruned. 
2026-05-09 20:43:33,011 - optuna.study._optimize - INFO - Trial 41 pruned. 
2026-05-09 20:43:34,136 - optuna.study._optimize - INFO - Trial 42 pruned. 
2026-05-09 20:43:36,401 - optuna.study._optimize - INFO - Trial 43 pruned. 
2026-05-09 20:44:10,084 - optuna.study.study - INFO - Trial 44 finished with value: 0.04323712251787183 and parameters: {'n_layers': 1, 'embedding_dim': 256, 'lr': 0.010676782061961829, 'lambda_val': 1.8109369565595915e-05, 'batch_size': 1785, 'optimizer': 'RMSprop'}. Best is trial 1 with value: 0.07279314189644938.
2026-05-09 20:44:11,199 - optuna.study._optimize - INFO - Trial 45 pruned. 
2026-05-09 20:44:12,348 - optuna.study._optimize - INFO - Trial 46 pruned. 
2026-05-09 20:44:52,077 - optuna.study.study - INFO - Trial 47 finished with value: 0.06032610329346413 and parameters: {'n_layers': 1, 'embedding_dim': 256, 'lr': 0.0005306815467946979, 'lambda_val': 3.828278753653958e-06, 'batch_size': 3241, 'optimizer': 'RMSprop'}. Best is trial 1 with value: 0.07279314189644938.
2026-05-09 20:45:20,436 - optuna.study.study - INFO - Trial 48 finished with value: 0.04555741439590345 and parameters: {'n_layers': 1, 'embedding_dim': 64, 'lr': 0.000500460720033613, 'lambda_val': 1.2735208194238693e-06, 'batch_size': 3166, 'optimizer': 'Adam'}. Best is trial 1 with value: 0.07279314189644938.
2026-05-09 20:45:21,503 - optuna.study._optimize - INFO - Trial 49 pruned. 
2026-05-09 20:45:22,727 - optuna.study._optimize - INFO - Trial 50 pruned. 
2026-05-09 20:45:23,728 - optuna.study._optimize - INFO - Trial 51 pruned. 
2026-05-09 20:45:24,735 - optuna.study._optimize - INFO - Trial 52 pruned. 
2026-05-09 20:45:26,356 - optuna.study._optimize - INFO - Trial 53 pruned. 
2026-05-09 20:45:27,297 - optuna.study._optimize - INFO - Trial 54 pruned. 
2026-05-09 20:45:28,554 - optuna.study._optimize - INFO - Trial 55 pruned. 
2026-05-09 20:45:29,798 - optuna.study._optimize - INFO - Trial 56 pruned. 
2026-05-09 20:45:31,113 - optuna.study._optimize - INFO - Trial 57 pruned. 
2026-05-09 20:45:32,381 - optuna.study._optimize - INFO - Trial 58 pruned. 
2026-05-09 20:45:33,484 - optuna.study._optimize - INFO - Trial 59 pruned. 
2026-05-09 20:45:34,521 - optuna.study._optimize - INFO - Trial 60 pruned. 
2026-05-09 20:46:08,114 - optuna.study.study - INFO - Trial 61 finished with value: 0.05292720216597855 and parameters: {'n_layers': 1, 'embedding_dim': 256, 'lr': 0.0083260428447577, 'lambda_val': 5.434429120100955e-05, 'batch_size': 1943, 'optimizer': 'RMSprop'}. Best is trial 1 with value: 0.07279314189644938.
2026-05-09 20:46:09,081 - optuna.study._optimize - INFO - Trial 62 pruned. 
2026-05-09 20:46:09,963 - optuna.study._optimize - INFO - Trial 63 pruned. 
2026-05-09 20:46:11,341 - optuna.study._optimize - INFO - Trial 64 pruned. 
2026-05-09 20:46:12,355 - optuna.study._optimize - INFO - Trial 65 pruned. 
2026-05-09 20:46:13,731 - optuna.study._optimize - INFO - Trial 66 pruned. 
2026-05-09 20:46:14,647 - optuna.study._optimize - INFO - Trial 67 pruned. 
2026-05-09 20:46:17,813 - optuna.study._optimize - INFO - Trial 68 pruned. 
2026-05-09 20:46:19,529 - optuna.study._optimize - INFO - Trial 69 pruned. 
2026-05-09 20:46:20,588 - optuna.study._optimize - INFO - Trial 70 pruned. 
2026-05-09 20:46:54,414 - optuna.study.study - INFO - Trial 71 finished with value: 0.04271520058361913 and parameters: {'n_layers': 1, 'embedding_dim': 256, 'lr': 0.010419093899677854, 'lambda_val': 3.339803906464802e-05, 'batch_size': 1898, 'optimizer': 'RMSprop'}. Best is trial 1 with value: 0.07279314189644938.
2026-05-09 20:46:56,003 - optuna.study._optimize - INFO - Trial 72 pruned. 
2026-05-09 20:47:30,204 - optuna.study.study - INFO - Trial 73 finished with value: 0.048053819246082284 and parameters: {'n_layers': 1, 'embedding_dim': 256, 'lr': 0.008352265844345291, 'lambda_val': 1.31354114902785e-05, 'batch_size': 1955, 'optimizer': 'RMSprop'}. Best is trial 1 with value: 0.07279314189644938.
2026-05-09 20:47:31,122 - optuna.study._optimize - INFO - Trial 74 pruned. 
2026-05-09 20:47:32,031 - optuna.study._optimize - INFO - Trial 75 pruned. 
2026-05-09 20:47:34,140 - optuna.study._optimize - INFO - Trial 76 pruned. 
2026-05-09 20:47:35,214 - optuna.study._optimize - INFO - Trial 77 pruned. 
2026-05-09 20:47:36,554 - optuna.study._optimize - INFO - Trial 78 pruned. 
2026-05-09 20:47:38,374 - optuna.study._optimize - INFO - Trial 79 pruned. 
2026-05-09 20:47:39,340 - optuna.study._optimize - INFO - Trial 80 pruned. 
2026-05-09 20:48:12,665 - optuna.study.study - INFO - Trial 81 finished with value: 0.046308157916930985 and parameters: {'n_layers': 1, 'embedding_dim': 256, 'lr': 0.015461582502082068, 'lambda_val': 3.3289675576516956e-05, 'batch_size': 1897, 'optimizer': 'RMSprop'}. Best is trial 1 with value: 0.07279314189644938.
2026-05-09 20:48:47,515 - optuna.study.study - INFO - Trial 82 finished with value: 0.04382115394523943 and parameters: {'n_layers': 1, 'embedding_dim': 256, 'lr': 0.012225005609175213, 'lambda_val': 6.960667018879037e-05, 'batch_size': 2418, 'optimizer': 'RMSprop'}. Best is trial 1 with value: 0.07279314189644938.
2026-05-09 20:49:21,913 - optuna.study.study - INFO - Trial 83 finished with value: 0.07515026315450825 and parameters: {'n_layers': 1, 'embedding_dim': 256, 'lr': 0.01435505831124402, 'lambda_val': 0.00029086398146741763, 'batch_size': 2401, 'optimizer': 'RMSprop'}. Best is trial 83 with value: 0.07515026315450825.
2026-05-09 20:49:23,049 - optuna.study._optimize - INFO - Trial 84 pruned. 
2026-05-09 20:49:24,615 - optuna.study._optimize - INFO - Trial 85 pruned. 
2026-05-09 20:49:26,325 - optuna.study._optimize - INFO - Trial 86 pruned. 
2026-05-09 20:49:28,212 - optuna.study._optimize - INFO - Trial 87 pruned. 
2026-05-09 20:49:29,232 - optuna.study._optimize - INFO - Trial 88 pruned. 
2026-05-09 20:49:30,505 - optuna.study._optimize - INFO - Trial 89 pruned. 
2026-05-09 20:49:31,622 - optuna.study._optimize - INFO - Trial 90 pruned. 
2026-05-09 20:49:33,094 - optuna.study._optimize - INFO - Trial 91 pruned. 
2026-05-09 20:49:34,845 - optuna.study._optimize - INFO - Trial 92 pruned. 
2026-05-09 20:49:36,587 - optuna.study._optimize - INFO - Trial 93 pruned. 
2026-05-09 20:49:37,731 - optuna.study._optimize - INFO - Trial 94 pruned. 
2026-05-09 20:49:38,803 - optuna.study._optimize - INFO - Trial 95 pruned. 
2026-05-09 20:49:40,017 - optuna.study._optimize - INFO - Trial 96 pruned. 
2026-05-09 20:49:41,722 - optuna.study._optimize - INFO - Trial 97 pruned. 
2026-05-09 20:50:14,874 - optuna.study.study - INFO - Trial 98 finished with value: 0.07388503843231418 and parameters: {'n_layers': 1, 'embedding_dim': 256, 'lr': 0.013167421973058936, 'lambda_val': 0.002545609868221183, 'batch_size': 1992, 'optimizer': 'RMSprop'}. Best is trial 83 with value: 0.07515026315450825.
2026-05-09 20:50:16,681 - optuna.study._optimize - INFO - Trial 99 pruned. 
2026-05-09 20:50:45,016 - root - INFO -   **** Training e_100K_1c2dcs_rand4
2026-05-09 20:50:45,027 - root - INFO -   **** Getting 54402/65410 random edges
2026-05-09 20:50:45,219 - optuna.storages._rdb.storage - INFO - A new study created in RDB with name: Study_e_100K_1c2dcs_rand4
2026-05-09 20:51:31,713 - optuna.study.study - INFO - Trial 0 finished with value: 0.0014478259650194173 and parameters: {'n_layers': 3, 'embedding_dim': 256, 'lr': 0.0055494150182006504, 'lambda_val': 3.0042680285822874e-05, 'batch_size': 532, 'optimizer': 'SGD'}. Best is trial 0 with value: 0.0014478259650194173.
2026-05-09 20:52:28,745 - optuna.study.study - INFO - Trial 1 finished with value: 0.03327627324914874 and parameters: {'n_layers': 2, 'embedding_dim': 256, 'lr': 0.0011038177720472907, 'lambda_val': 3.054214878942839e-05, 'batch_size': 3728, 'optimizer': 'Adam'}. Best is trial 1 with value: 0.03327627324914874.
2026-05-09 20:53:03,739 - optuna.study.study - INFO - Trial 2 finished with value: 0.018058083803279987 and parameters: {'n_layers': 3, 'embedding_dim': 64, 'lr': 0.00012508901239323883, 'lambda_val': 6.000710832536292e-06, 'batch_size': 3649, 'optimizer': 'Adam'}. Best is trial 1 with value: 0.03327627324914874.
2026-05-09 20:53:31,145 - optuna.study.study - INFO - Trial 3 finished with value: 0.002959670963998194 and parameters: {'n_layers': 1, 'embedding_dim': 128, 'lr': 6.863606199269274e-05, 'lambda_val': 0.0002534167371800711, 'batch_size': 798, 'optimizer': 'SGD'}. Best is trial 1 with value: 0.03327627324914874.
2026-05-09 20:54:22,109 - optuna.study.study - INFO - Trial 4 finished with value: 0.010609485771803345 and parameters: {'n_layers': 4, 'embedding_dim': 96, 'lr': 0.00012987693409943524, 'lambda_val': 0.006217265322963457, 'batch_size': 3662, 'optimizer': 'RMSprop'}. Best is trial 1 with value: 0.03327627324914874.
2026-05-09 20:54:23,107 - optuna.study._optimize - INFO - Trial 5 pruned. 
2026-05-09 20:54:24,436 - optuna.study._optimize - INFO - Trial 6 pruned. 
2026-05-09 20:54:25,992 - optuna.study._optimize - INFO - Trial 7 pruned. 
2026-05-09 20:54:26,967 - optuna.study._optimize - INFO - Trial 8 pruned. 
2026-05-09 20:54:27,997 - optuna.study._optimize - INFO - Trial 9 pruned. 
2026-05-09 20:54:29,249 - optuna.study._optimize - INFO - Trial 10 pruned. 
2026-05-09 20:54:30,202 - optuna.study._optimize - INFO - Trial 11 pruned. 
2026-05-09 20:54:31,553 - optuna.study._optimize - INFO - Trial 12 pruned. 
2026-05-09 20:54:32,658 - optuna.study._optimize - INFO - Trial 13 pruned. 
2026-05-09 20:54:33,731 - optuna.study._optimize - INFO - Trial 14 pruned. 
2026-05-09 20:54:34,848 - optuna.study._optimize - INFO - Trial 15 pruned. 
2026-05-09 20:54:36,457 - optuna.study._optimize - INFO - Trial 16 pruned. 
2026-05-09 20:54:37,519 - optuna.study._optimize - INFO - Trial 17 pruned. 
2026-05-09 20:54:40,507 - optuna.study._optimize - INFO - Trial 18 pruned. 
2026-05-09 20:54:41,620 - optuna.study._optimize - INFO - Trial 19 pruned. 
2026-05-09 20:54:42,607 - optuna.study._optimize - INFO - Trial 20 pruned. 
2026-05-09 20:54:43,703 - optuna.study._optimize - INFO - Trial 21 pruned. 
2026-05-09 20:54:44,778 - optuna.study._optimize - INFO - Trial 22 pruned. 
2026-05-09 20:54:45,798 - optuna.study._optimize - INFO - Trial 23 pruned. 
2026-05-09 20:54:46,844 - optuna.study._optimize - INFO - Trial 24 pruned. 
2026-05-09 20:54:48,251 - optuna.study._optimize - INFO - Trial 25 pruned. 
2026-05-09 20:54:49,487 - optuna.study._optimize - INFO - Trial 26 pruned. 
2026-05-09 20:54:50,668 - optuna.study._optimize - INFO - Trial 27 pruned. 
2026-05-09 20:54:52,573 - optuna.study._optimize - INFO - Trial 28 pruned. 
2026-05-09 20:54:53,771 - optuna.study._optimize - INFO - Trial 29 pruned. 
2026-05-09 20:54:55,017 - optuna.study._optimize - INFO - Trial 30 pruned. 
2026-05-09 20:54:56,231 - optuna.study._optimize - INFO - Trial 31 pruned. 
2026-05-09 20:54:57,480 - optuna.study._optimize - INFO - Trial 32 pruned. 
2026-05-09 20:54:59,180 - optuna.study._optimize - INFO - Trial 33 pruned. 
2026-05-09 20:55:00,461 - optuna.study._optimize - INFO - Trial 34 pruned. 
2026-05-09 20:55:01,980 - optuna.study._optimize - INFO - Trial 35 pruned. 
2026-05-09 20:55:07,375 - optuna.study._optimize - INFO - Trial 36 pruned. 
2026-05-09 20:55:08,589 - optuna.study._optimize - INFO - Trial 37 pruned. 
2026-05-09 20:56:01,024 - optuna.study.study - INFO - Trial 38 finished with value: 0.029137996104556696 and parameters: {'n_layers': 3, 'embedding_dim': 256, 'lr': 0.0065244157040147705, 'lambda_val': 2.0795904752945703e-06, 'batch_size': 3348, 'optimizer': 'Adam'}. Best is trial 1 with value: 0.03327627324914874.
2026-05-09 20:56:02,067 - optuna.study._optimize - INFO - Trial 39 pruned. 
2026-05-09 20:56:53,396 - optuna.study.study - INFO - Trial 40 finished with value: 0.027492042529008727 and parameters: {'n_layers': 3, 'embedding_dim': 256, 'lr': 0.007590866414934286, 'lambda_val': 1.0955019825969818e-06, 'batch_size': 3297, 'optimizer': 'Adam'}. Best is trial 1 with value: 0.03327627324914874.
2026-05-09 20:56:54,542 - optuna.study._optimize - INFO - Trial 41 pruned. 
2026-05-09 20:56:55,604 - optuna.study._optimize - INFO - Trial 42 pruned. 
2026-05-09 20:57:00,074 - optuna.study._optimize - INFO - Trial 43 pruned. 
2026-05-09 20:57:06,998 - optuna.study._optimize - INFO - Trial 44 pruned. 
2026-05-09 20:57:08,708 - optuna.study._optimize - INFO - Trial 45 pruned. 
2026-05-09 20:57:12,325 - optuna.study._optimize - INFO - Trial 46 pruned. 
2026-05-09 20:57:13,398 - optuna.study._optimize - INFO - Trial 47 pruned. 
2026-05-09 20:57:14,952 - optuna.study._optimize - INFO - Trial 48 pruned. 
2026-05-09 20:57:16,046 - optuna.study._optimize - INFO - Trial 49 pruned. 
2026-05-09 20:57:17,130 - optuna.study._optimize - INFO - Trial 50 pruned. 
2026-05-09 20:57:18,225 - optuna.study._optimize - INFO - Trial 51 pruned. 
2026-05-09 20:57:48,189 - optuna.study.study - INFO - Trial 52 finished with value: 0.020158394170330284 and parameters: {'n_layers': 2, 'embedding_dim': 64, 'lr': 0.00018770014962388336, 'lambda_val': 8.572323506641904e-06, 'batch_size': 3569, 'optimizer': 'RMSprop'}. Best is trial 1 with value: 0.03327627324914874.
2026-05-09 20:57:49,207 - optuna.study._optimize - INFO - Trial 53 pruned. 
2026-05-09 20:57:50,310 - optuna.study._optimize - INFO - Trial 54 pruned. 
2026-05-09 20:57:54,750 - optuna.study._optimize - INFO - Trial 55 pruned. 
2026-05-09 20:57:55,747 - optuna.study._optimize - INFO - Trial 56 pruned. 
2026-05-09 20:58:31,260 - optuna.study.study - INFO - Trial 57 finished with value: 0.020663442195158643 and parameters: {'n_layers': 3, 'embedding_dim': 96, 'lr': 0.0017564211083192242, 'lambda_val': 2.1738860465460513e-06, 'batch_size': 3683, 'optimizer': 'RMSprop'}. Best is trial 1 with value: 0.03327627324914874.
2026-05-09 20:58:32,214 - optuna.study._optimize - INFO - Trial 58 pruned. 
2026-05-09 20:58:33,156 - optuna.study._optimize - INFO - Trial 59 pruned. 
2026-05-09 20:58:34,397 - optuna.study._optimize - INFO - Trial 60 pruned. 
2026-05-09 20:58:37,019 - optuna.study._optimize - INFO - Trial 61 pruned. 
2026-05-09 20:58:38,048 - optuna.study._optimize - INFO - Trial 62 pruned. 
2026-05-09 20:58:39,640 - optuna.study._optimize - INFO - Trial 63 pruned. 
2026-05-09 20:58:40,725 - optuna.study._optimize - INFO - Trial 64 pruned. 
2026-05-09 20:58:41,787 - optuna.study._optimize - INFO - Trial 65 pruned. 
2026-05-09 20:58:42,947 - optuna.study._optimize - INFO - Trial 66 pruned. 
2026-05-09 20:58:44,086 - optuna.study._optimize - INFO - Trial 67 pruned. 
2026-05-09 20:58:45,213 - optuna.study._optimize - INFO - Trial 68 pruned. 
2026-05-09 20:58:47,282 - optuna.study._optimize - INFO - Trial 69 pruned. 
2026-05-09 20:58:48,410 - optuna.study._optimize - INFO - Trial 70 pruned. 
2026-05-09 20:58:50,165 - optuna.study._optimize - INFO - Trial 71 pruned. 
2026-05-09 20:58:51,627 - optuna.study._optimize - INFO - Trial 72 pruned. 
2026-05-09 20:58:52,624 - optuna.study._optimize - INFO - Trial 73 pruned. 
2026-05-09 20:58:54,633 - optuna.study._optimize - INFO - Trial 74 pruned. 
2026-05-09 20:58:55,663 - optuna.study._optimize - INFO - Trial 75 pruned. 
2026-05-09 20:58:56,813 - optuna.study._optimize - INFO - Trial 76 pruned. 
2026-05-09 20:58:58,095 - optuna.study._optimize - INFO - Trial 77 pruned. 
2026-05-09 20:58:59,326 - optuna.study._optimize - INFO - Trial 78 pruned. 
2026-05-09 20:59:00,789 - optuna.study._optimize - INFO - Trial 79 pruned. 
2026-05-09 20:59:02,748 - optuna.study._optimize - INFO - Trial 80 pruned. 
2026-05-09 20:59:04,734 - optuna.study._optimize - INFO - Trial 81 pruned. 
2026-05-09 20:59:05,732 - optuna.study._optimize - INFO - Trial 82 pruned. 
2026-05-09 20:59:06,740 - optuna.study._optimize - INFO - Trial 83 pruned. 
2026-05-09 20:59:07,749 - optuna.study._optimize - INFO - Trial 84 pruned. 
2026-05-09 20:59:09,746 - optuna.study._optimize - INFO - Trial 85 pruned. 
2026-05-09 20:59:10,819 - optuna.study._optimize - INFO - Trial 86 pruned. 
2026-05-09 20:59:11,858 - optuna.study._optimize - INFO - Trial 87 pruned. 
2026-05-09 20:59:13,765 - optuna.study._optimize - INFO - Trial 88 pruned. 
2026-05-09 20:59:15,216 - optuna.study._optimize - INFO - Trial 89 pruned. 
2026-05-09 20:59:16,246 - optuna.study._optimize - INFO - Trial 90 pruned. 
2026-05-09 20:59:17,730 - optuna.study._optimize - INFO - Trial 91 pruned. 
2026-05-09 20:59:18,816 - optuna.study._optimize - INFO - Trial 92 pruned. 
2026-05-09 20:59:50,035 - optuna.study.study - INFO - Trial 93 finished with value: 0.027361891685433595 and parameters: {'n_layers': 2, 'embedding_dim': 64, 'lr': 0.002180226403177311, 'lambda_val': 3.5804822544557854e-05, 'batch_size': 3442, 'optimizer': 'RMSprop'}. Best is trial 1 with value: 0.03327627324914874.
2026-05-09 20:59:50,998 - optuna.study._optimize - INFO - Trial 94 pruned. 
2026-05-09 20:59:51,995 - optuna.study._optimize - INFO - Trial 95 pruned. 
2026-05-09 20:59:53,301 - optuna.study._optimize - INFO - Trial 96 pruned. 
2026-05-09 20:59:55,222 - optuna.study._optimize - INFO - Trial 97 pruned. 
2026-05-09 20:59:56,197 - optuna.study._optimize - INFO - Trial 98 pruned. 
2026-05-09 20:59:57,526 - optuna.study._optimize - INFO - Trial 99 pruned. 
2026-05-09 21:00:35,018 - root - INFO -   **** Training e_100K_1c2dcs_rand5
2026-05-09 21:00:35,029 - root - INFO -   **** Getting 54402/65410 random edges
2026-05-09 21:00:36,192 - optuna.storages._rdb.storage - INFO - A new study created in RDB with name: Study_e_100K_1c2dcs_rand5
2026-05-09 21:01:15,404 - optuna.study.study - INFO - Trial 0 finished with value: 0.0358307917608393 and parameters: {'n_layers': 3, 'embedding_dim': 128, 'lr': 4.698372482736744e-05, 'lambda_val': 0.009723015516351926, 'batch_size': 1030, 'optimizer': 'Adam'}. Best is trial 0 with value: 0.0358307917608393.
2026-05-09 21:01:52,477 - optuna.study.study - INFO - Trial 1 finished with value: 0.0016925844737752467 and parameters: {'n_layers': 1, 'embedding_dim': 32, 'lr': 0.06608858227810768, 'lambda_val': 0.002303429041689037, 'batch_size': 3531, 'optimizer': 'SGD'}. Best is trial 0 with value: 0.0358307917608393.
2026-05-09 21:02:28,801 - optuna.study.study - INFO - Trial 2 finished with value: 0.07220646663531954 and parameters: {'n_layers': 2, 'embedding_dim': 96, 'lr': 5.2796880813856904e-05, 'lambda_val': 0.00025582785323893787, 'batch_size': 3871, 'optimizer': 'RMSprop'}. Best is trial 2 with value: 0.07220646663531954.
2026-05-09 21:03:06,955 - optuna.study.study - INFO - Trial 3 finished with value: 0.011923637550705149 and parameters: {'n_layers': 4, 'embedding_dim': 64, 'lr': 0.0003445132257546197, 'lambda_val': 0.00342738372852796, 'batch_size': 1959, 'optimizer': 'Adam'}. Best is trial 2 with value: 0.07220646663531954.
2026-05-09 21:03:41,874 - optuna.study.study - INFO - Trial 4 finished with value: 0.019692656754265507 and parameters: {'n_layers': 4, 'embedding_dim': 32, 'lr': 0.00749447703008976, 'lambda_val': 0.0015708684125219769, 'batch_size': 2686, 'optimizer': 'RMSprop'}. Best is trial 2 with value: 0.07220646663531954.
2026-05-09 21:04:20,864 - optuna.study.study - INFO - Trial 5 finished with value: 0.028770827587700314 and parameters: {'n_layers': 4, 'embedding_dim': 64, 'lr': 0.017088728968633372, 'lambda_val': 0.0005092618894604226, 'batch_size': 2576, 'optimizer': 'RMSprop'}. Best is trial 2 with value: 0.07220646663531954.
2026-05-09 21:04:21,772 - optuna.study._optimize - INFO - Trial 6 pruned. 
2026-05-09 21:04:23,404 - optuna.study._optimize - INFO - Trial 7 pruned. 
2026-05-09 21:04:55,153 - optuna.study.study - INFO - Trial 8 finished with value: 0.029964955414367934 and parameters: {'n_layers': 2, 'embedding_dim': 96, 'lr': 0.0032611571398634366, 'lambda_val': 2.20473238264857e-06, 'batch_size': 2104, 'optimizer': 'Adam'}. Best is trial 2 with value: 0.07220646663531954.
2026-05-09 21:04:56,201 - optuna.study._optimize - INFO - Trial 9 pruned. 
2026-05-09 21:04:58,088 - optuna.study._optimize - INFO - Trial 10 pruned. 
2026-05-09 21:04:59,129 - optuna.study._optimize - INFO - Trial 11 pruned. 
2026-05-09 21:05:01,050 - optuna.study._optimize - INFO - Trial 12 pruned. 
2026-05-09 21:05:02,158 - optuna.study._optimize - INFO - Trial 13 pruned. 
2026-05-09 21:05:04,245 - optuna.study._optimize - INFO - Trial 14 pruned. 
2026-05-09 21:05:05,252 - optuna.study._optimize - INFO - Trial 15 pruned. 
2026-05-09 21:05:06,416 - optuna.study._optimize - INFO - Trial 16 pruned. 
2026-05-09 21:05:13,219 - optuna.study._optimize - INFO - Trial 17 pruned. 
2026-05-09 21:05:18,273 - optuna.study._optimize - INFO - Trial 18 pruned. 
2026-05-09 21:05:20,215 - optuna.study._optimize - INFO - Trial 19 pruned. 
2026-05-09 21:05:21,357 - optuna.study._optimize - INFO - Trial 20 pruned. 
2026-05-09 21:05:22,761 - optuna.study._optimize - INFO - Trial 21 pruned. 
2026-05-09 21:05:55,446 - optuna.study.study - INFO - Trial 22 finished with value: 0.02318397014101844 and parameters: {'n_layers': 2, 'embedding_dim': 96, 'lr': 0.0025712541451553563, 'lambda_val': 4.157392171555057e-06, 'batch_size': 1212, 'optimizer': 'Adam'}. Best is trial 2 with value: 0.07220646663531954.
2026-05-09 21:05:56,450 - optuna.study._optimize - INFO - Trial 23 pruned. 
2026-05-09 21:05:57,656 - optuna.study._optimize - INFO - Trial 24 pruned. 
2026-05-09 21:06:41,852 - optuna.study.study - INFO - Trial 25 finished with value: 0.03333397134418433 and parameters: {'n_layers': 2, 'embedding_dim': 256, 'lr': 0.01288666537472868, 'lambda_val': 1.1259373747906657e-05, 'batch_size': 3062, 'optimizer': 'RMSprop'}. Best is trial 2 with value: 0.07220646663531954.
2026-05-09 21:07:17,032 - optuna.study.study - INFO - Trial 26 finished with value: 0.04236792220259214 and parameters: {'n_layers': 1, 'embedding_dim': 256, 'lr': 0.010811555001068224, 'lambda_val': 2.0288638325506855e-05, 'batch_size': 3237, 'optimizer': 'RMSprop'}. Best is trial 2 with value: 0.07220646663531954.
2026-05-09 21:07:18,781 - optuna.study._optimize - INFO - Trial 27 pruned. 
2026-05-09 21:07:20,601 - optuna.study._optimize - INFO - Trial 28 pruned. 
2026-05-09 21:07:21,602 - optuna.study._optimize - INFO - Trial 29 pruned. 
2026-05-09 21:07:52,412 - optuna.study.study - INFO - Trial 30 finished with value: 0.07396271267947538 and parameters: {'n_layers': 1, 'embedding_dim': 128, 'lr': 0.039623657014168305, 'lambda_val': 0.001008151560716813, 'batch_size': 3816, 'optimizer': 'RMSprop'}. Best is trial 30 with value: 0.07396271267947538.
2026-05-09 21:08:24,635 - optuna.study.study - INFO - Trial 31 finished with value: 0.07523636767980758 and parameters: {'n_layers': 1, 'embedding_dim': 128, 'lr': 0.02571342320497073, 'lambda_val': 0.0010807816166539634, 'batch_size': 3821, 'optimizer': 'RMSprop'}. Best is trial 31 with value: 0.07523636767980758.
2026-05-09 21:08:55,396 - optuna.study.study - INFO - Trial 32 finished with value: 0.07388199799064055 and parameters: {'n_layers': 1, 'embedding_dim': 128, 'lr': 0.03751794169540111, 'lambda_val': 0.0005820011603761867, 'batch_size': 3791, 'optimizer': 'RMSprop'}. Best is trial 31 with value: 0.07523636767980758.
2026-05-09 21:09:25,437 - optuna.study.study - INFO - Trial 33 finished with value: 0.08480001136842787 and parameters: {'n_layers': 1, 'embedding_dim': 128, 'lr': 0.04630876337892616, 'lambda_val': 0.0010457264327404707, 'batch_size': 3834, 'optimizer': 'RMSprop'}. Best is trial 33 with value: 0.08480001136842787.
2026-05-09 21:09:29,287 - optuna.study._optimize - INFO - Trial 34 pruned. 
2026-05-09 21:09:37,736 - optuna.study._optimize - INFO - Trial 35 pruned. 
2026-05-09 21:09:40,048 - optuna.study._optimize - INFO - Trial 36 pruned. 
2026-05-09 21:10:10,733 - optuna.study.study - INFO - Trial 37 finished with value: 0.08480728180183306 and parameters: {'n_layers': 1, 'embedding_dim': 128, 'lr': 0.020146947301268987, 'lambda_val': 0.000848528157691417, 'batch_size': 3420, 'optimizer': 'RMSprop'}. Best is trial 37 with value: 0.08480728180183306.
2026-05-09 21:10:41,576 - optuna.study.study - INFO - Trial 38 finished with value: 0.07582871311563326 and parameters: {'n_layers': 1, 'embedding_dim': 128, 'lr': 0.023069103156397767, 'lambda_val': 0.0024598954400016776, 'batch_size': 2814, 'optimizer': 'RMSprop'}. Best is trial 37 with value: 0.08480728180183306.
2026-05-09 21:10:42,533 - optuna.study._optimize - INFO - Trial 39 pruned. 
2026-05-09 21:10:43,676 - optuna.study._optimize - INFO - Trial 40 pruned. 
2026-05-09 21:11:14,201 - optuna.study.study - INFO - Trial 41 finished with value: 0.08096486063539475 and parameters: {'n_layers': 1, 'embedding_dim': 128, 'lr': 0.020731801199839417, 'lambda_val': 0.0013180207730337844, 'batch_size': 3481, 'optimizer': 'RMSprop'}. Best is trial 37 with value: 0.08480728180183306.
2026-05-09 21:11:15,172 - optuna.study._optimize - INFO - Trial 42 pruned. 
2026-05-09 21:11:16,956 - optuna.study._optimize - INFO - Trial 43 pruned. 
2026-05-09 21:11:18,017 - optuna.study._optimize - INFO - Trial 44 pruned. 
2026-05-09 21:11:19,023 - optuna.study._optimize - INFO - Trial 45 pruned. 
2026-05-09 21:11:21,438 - optuna.study._optimize - INFO - Trial 46 pruned. 
2026-05-09 21:11:23,988 - optuna.study._optimize - INFO - Trial 47 pruned. 
2026-05-09 21:11:29,715 - optuna.study._optimize - INFO - Trial 48 pruned. 
2026-05-09 21:12:03,658 - optuna.study.study - INFO - Trial 49 finished with value: 0.07500986031578577 and parameters: {'n_layers': 1, 'embedding_dim': 64, 'lr': 0.02778788157908297, 'lambda_val': 0.0014214193288736, 'batch_size': 3468, 'optimizer': 'RMSprop'}. Best is trial 37 with value: 0.08480728180183306.
2026-05-09 21:12:25,983 - optuna.study._optimize - INFO - Trial 50 pruned. 
2026-05-09 21:12:50,587 - optuna.study.study - INFO - Trial 51 finished with value: 0.0750212326951187 and parameters: {'n_layers': 1, 'embedding_dim': 64, 'lr': 0.023464961816873107, 'lambda_val': 0.001300896804894071, 'batch_size': 3473, 'optimizer': 'RMSprop'}. Best is trial 37 with value: 0.08480728180183306.
2026-05-09 21:12:52,037 - optuna.study._optimize - INFO - Trial 52 pruned. 
2026-05-09 21:12:52,949 - optuna.study._optimize - INFO - Trial 53 pruned. 
2026-05-09 21:12:54,121 - optuna.study._optimize - INFO - Trial 54 pruned. 
2026-05-09 21:12:55,104 - optuna.study._optimize - INFO - Trial 55 pruned. 
2026-05-09 21:12:56,630 - optuna.study._optimize - INFO - Trial 56 pruned. 
2026-05-09 21:12:57,625 - optuna.study._optimize - INFO - Trial 57 pruned. 
2026-05-09 21:12:59,077 - optuna.study._optimize - INFO - Trial 58 pruned. 
2026-05-09 21:13:00,072 - optuna.study._optimize - INFO - Trial 59 pruned. 
2026-05-09 21:13:01,697 - optuna.study._optimize - INFO - Trial 60 pruned. 
2026-05-09 21:13:03,425 - optuna.study._optimize - INFO - Trial 61 pruned. 
2026-05-09 21:13:04,354 - optuna.study._optimize - INFO - Trial 62 pruned. 
2026-05-09 21:13:05,338 - optuna.study._optimize - INFO - Trial 63 pruned. 
2026-05-09 21:13:06,732 - optuna.study._optimize - INFO - Trial 64 pruned. 
2026-05-09 21:13:08,260 - optuna.study._optimize - INFO - Trial 65 pruned. 
2026-05-09 21:13:10,310 - optuna.study._optimize - INFO - Trial 66 pruned. 
2026-05-09 21:13:11,272 - optuna.study._optimize - INFO - Trial 67 pruned. 
2026-05-09 21:13:12,599 - optuna.study._optimize - INFO - Trial 68 pruned. 
2026-05-09 21:13:14,502 - optuna.study._optimize - INFO - Trial 69 pruned. 
2026-05-09 21:13:15,531 - optuna.study._optimize - INFO - Trial 70 pruned. 
2026-05-09 21:13:17,269 - optuna.study._optimize - INFO - Trial 71 pruned. 
2026-05-09 21:13:19,372 - optuna.study._optimize - INFO - Trial 72 pruned. 
2026-05-09 21:13:21,100 - optuna.study._optimize - INFO - Trial 73 pruned. 
2026-05-09 21:13:53,385 - optuna.study.study - INFO - Trial 74 finished with value: 0.07676260596776895 and parameters: {'n_layers': 1, 'embedding_dim': 128, 'lr': 0.021776774127381455, 'lambda_val': 0.0005323108267844284, 'batch_size': 3540, 'optimizer': 'RMSprop'}. Best is trial 37 with value: 0.08480728180183306.
2026-05-09 21:13:55,123 - optuna.study._optimize - INFO - Trial 75 pruned. 
2026-05-09 21:13:56,118 - optuna.study._optimize - INFO - Trial 76 pruned. 
2026-05-09 21:13:57,401 - optuna.study._optimize - INFO - Trial 77 pruned. 
2026-05-09 21:13:58,882 - optuna.study._optimize - INFO - Trial 78 pruned. 
2026-05-09 21:14:28,886 - optuna.study.study - INFO - Trial 79 finished with value: 0.08030907399047173 and parameters: {'n_layers': 1, 'embedding_dim': 128, 'lr': 0.028544094194716235, 'lambda_val': 0.0023111976548362955, 'batch_size': 3694, 'optimizer': 'RMSprop'}. Best is trial 37 with value: 0.08480728180183306.
2026-05-09 21:14:29,923 - optuna.study._optimize - INFO - Trial 80 pruned. 
2026-05-09 21:14:31,472 - optuna.study._optimize - INFO - Trial 81 pruned. 
2026-05-09 21:14:32,956 - optuna.study._optimize - INFO - Trial 82 pruned. 
2026-05-09 21:14:34,052 - optuna.study._optimize - INFO - Trial 83 pruned. 
2026-05-09 21:15:04,768 - optuna.study.study - INFO - Trial 84 finished with value: 0.08008536198048363 and parameters: {'n_layers': 1, 'embedding_dim': 128, 'lr': 0.023864752690357684, 'lambda_val': 0.000621551025361435, 'batch_size': 3637, 'optimizer': 'RMSprop'}. Best is trial 37 with value: 0.08480728180183306.
2026-05-09 21:15:35,807 - optuna.study.study - INFO - Trial 85 finished with value: 0.07978428842307105 and parameters: {'n_layers': 1, 'embedding_dim': 128, 'lr': 0.023315488953835888, 'lambda_val': 0.00046424760614356475, 'batch_size': 3672, 'optimizer': 'RMSprop'}. Best is trial 37 with value: 0.08480728180183306.
2026-05-09 21:15:36,911 - optuna.study._optimize - INFO - Trial 86 pruned. 
2026-05-09 21:15:39,038 - optuna.study._optimize - INFO - Trial 87 pruned. 
2026-05-09 21:15:40,552 - optuna.study._optimize - INFO - Trial 88 pruned. 
2026-05-09 21:15:41,569 - optuna.study._optimize - INFO - Trial 89 pruned. 
2026-05-09 21:15:42,552 - optuna.study._optimize - INFO - Trial 90 pruned. 
2026-05-09 21:15:44,704 - optuna.study._optimize - INFO - Trial 91 pruned. 
2026-05-09 21:15:45,864 - optuna.study._optimize - INFO - Trial 92 pruned. 
2026-05-09 21:15:47,714 - optuna.study._optimize - INFO - Trial 93 pruned. 
2026-05-09 21:16:16,701 - optuna.study.study - INFO - Trial 94 finished with value: 0.08381886804470985 and parameters: {'n_layers': 1, 'embedding_dim': 128, 'lr': 0.02339835122030215, 'lambda_val': 0.0018304408757986456, 'batch_size': 3557, 'optimizer': 'RMSprop'}. Best is trial 37 with value: 0.08480728180183306.
2026-05-09 21:16:18,428 - optuna.study._optimize - INFO - Trial 95 pruned. 
2026-05-09 21:16:19,362 - optuna.study._optimize - INFO - Trial 96 pruned. 
2026-05-09 21:16:20,832 - optuna.study._optimize - INFO - Trial 97 pruned. 
2026-05-09 21:16:21,905 - optuna.study._optimize - INFO - Trial 98 pruned. 
2026-05-09 21:16:23,143 - optuna.study._optimize - INFO - Trial 99 pruned. 
2026-05-09 21:16:43,947 - root - INFO - **** Training e_100K_1c3dcs
2026-05-09 21:16:43,947 - root - INFO -   ** 3-Dominant stats:
2026-05-09 21:16:43,947 - root - INFO -   ** Finding the dominant set:
2026-05-09 21:17:03,071 - root - INFO -   ** Getting the trainable edges:
2026-05-09 21:17:03,078 - helper_functions - INFO -      Number of nodes: 4883
2026-05-09 21:17:03,078 - helper_functions - INFO -      Ratio: 0.5389029908398631
2026-05-09 21:17:03,078 - helper_functions - INFO -      Number of unique users: 343
2026-05-09 21:17:03,078 - helper_functions - INFO -      Number of unique items: 4540
2026-05-09 21:17:03,078 - helper_functions - INFO -      Total dominant set edge: 70473
2026-05-09 21:17:03,078 - helper_functions - INFO -      Trainable edges: 56378.4
2026-05-09 21:17:03,086 - root - INFO -   **** Getting 70473 dominant set edges
2026-05-09 21:17:03,214 - optuna.storages._rdb.storage - INFO - A new study created in RDB with name: Study_e_100K_1c3dcs
2026-05-09 21:17:37,164 - optuna.study.study - INFO - Trial 0 finished with value: 0.03967331763151042 and parameters: {'n_layers': 1, 'embedding_dim': 256, 'lr': 2.217419687620455e-05, 'lambda_val': 0.0010610851954267824, 'batch_size': 2932, 'optimizer': 'Adam'}. Best is trial 0 with value: 0.03967331763151042.
2026-05-09 21:18:45,337 - optuna.study.study - INFO - Trial 1 finished with value: 0.001779900684598843 and parameters: {'n_layers': 4, 'embedding_dim': 256, 'lr': 0.09803700482116151, 'lambda_val': 0.09416768689406478, 'batch_size': 1857, 'optimizer': 'Adam'}. Best is trial 0 with value: 0.03967331763151042.
2026-05-09 21:19:15,639 - optuna.study.study - INFO - Trial 2 finished with value: 0.021829279939072962 and parameters: {'n_layers': 2, 'embedding_dim': 64, 'lr': 0.000164991832403312, 'lambda_val': 1.1013090359876524e-05, 'batch_size': 2137, 'optimizer': 'RMSprop'}. Best is trial 0 with value: 0.03967331763151042.
2026-05-09 21:19:43,750 - optuna.study.study - INFO - Trial 3 finished with value: 0.035247878243823055 and parameters: {'n_layers': 1, 'embedding_dim': 96, 'lr': 0.001242429736324732, 'lambda_val': 3.3490877978501114e-06, 'batch_size': 1986, 'optimizer': 'Adam'}. Best is trial 0 with value: 0.03967331763151042.
2026-05-09 21:20:12,927 - optuna.study.study - INFO - Trial 4 finished with value: 0.025659489546005283 and parameters: {'n_layers': 1, 'embedding_dim': 96, 'lr': 0.00012934698665314595, 'lambda_val': 0.06826299591936734, 'batch_size': 3119, 'optimizer': 'RMSprop'}. Best is trial 0 with value: 0.03967331763151042.
2026-05-09 21:20:13,898 - optuna.study._optimize - INFO - Trial 5 pruned. 
2026-05-09 21:20:17,261 - optuna.study._optimize - INFO - Trial 6 pruned. 
2026-05-09 21:20:18,632 - optuna.study._optimize - INFO - Trial 7 pruned. 
2026-05-09 21:20:19,471 - optuna.study._optimize - INFO - Trial 8 pruned. 
2026-05-09 21:20:20,335 - optuna.study._optimize - INFO - Trial 9 pruned. 
2026-05-09 21:20:21,672 - optuna.study._optimize - INFO - Trial 10 pruned. 
2026-05-09 21:20:24,117 - optuna.study._optimize - INFO - Trial 11 pruned. 
2026-05-09 21:20:27,682 - optuna.study._optimize - INFO - Trial 12 pruned. 
2026-05-09 21:20:28,677 - optuna.study._optimize - INFO - Trial 13 pruned. 
2026-05-09 21:20:29,937 - optuna.study._optimize - INFO - Trial 14 pruned. 
2026-05-09 21:21:05,542 - optuna.study.study - INFO - Trial 15 finished with value: 0.02998811363190784 and parameters: {'n_layers': 1, 'embedding_dim': 96, 'lr': 0.002439807033364836, 'lambda_val': 1.3560152067127868e-06, 'batch_size': 3266, 'optimizer': 'RMSprop'}. Best is trial 0 with value: 0.03967331763151042.
2026-05-09 21:21:06,536 - optuna.study._optimize - INFO - Trial 16 pruned. 
2026-05-09 21:21:07,769 - optuna.study._optimize - INFO - Trial 17 pruned. 
2026-05-09 21:21:08,631 - optuna.study._optimize - INFO - Trial 18 pruned. 
2026-05-09 21:21:09,946 - optuna.study._optimize - INFO - Trial 19 pruned. 
2026-05-09 21:21:10,908 - optuna.study._optimize - INFO - Trial 20 pruned. 
2026-05-09 21:21:12,257 - optuna.study._optimize - INFO - Trial 21 pruned. 
2026-05-09 21:21:49,753 - optuna.study.study - INFO - Trial 22 finished with value: 0.030062363585998373 and parameters: {'n_layers': 1, 'embedding_dim': 96, 'lr': 0.0033606428404527743, 'lambda_val': 2.7975217297672524e-06, 'batch_size': 3101, 'optimizer': 'RMSprop'}. Best is trial 0 with value: 0.03967331763151042.
2026-05-09 21:21:50,670 - optuna.study._optimize - INFO - Trial 23 pruned. 
2026-05-09 21:21:51,665 - optuna.study._optimize - INFO - Trial 24 pruned. 
2026-05-09 21:21:55,416 - optuna.study._optimize - INFO - Trial 25 pruned. 
2026-05-09 21:21:56,455 - optuna.study._optimize - INFO - Trial 26 pruned. 
2026-05-09 21:21:57,848 - optuna.study._optimize - INFO - Trial 27 pruned. 
2026-05-09 21:22:03,404 - optuna.study._optimize - INFO - Trial 28 pruned. 
2026-05-09 21:22:04,897 - optuna.study._optimize - INFO - Trial 29 pruned. 
2026-05-09 21:22:06,570 - optuna.study._optimize - INFO - Trial 30 pruned. 
2026-05-09 21:22:07,553 - optuna.study._optimize - INFO - Trial 31 pruned. 
2026-05-09 21:22:37,279 - optuna.study.study - INFO - Trial 32 finished with value: 0.02646197472161832 and parameters: {'n_layers': 1, 'embedding_dim': 96, 'lr': 0.0020206647188041847, 'lambda_val': 1.0355415651240855e-05, 'batch_size': 3603, 'optimizer': 'RMSprop'}. Best is trial 0 with value: 0.03967331763151042.
2026-05-09 21:22:38,302 - optuna.study._optimize - INFO - Trial 33 pruned. 
2026-05-09 21:22:40,217 - optuna.study._optimize - INFO - Trial 34 pruned. 
2026-05-09 21:23:08,456 - optuna.study.study - INFO - Trial 35 finished with value: 0.03541445980257719 and parameters: {'n_layers': 1, 'embedding_dim': 96, 'lr': 0.0012297530674507207, 'lambda_val': 2.5871967821600955e-06, 'batch_size': 2194, 'optimizer': 'RMSprop'}. Best is trial 0 with value: 0.03967331763151042.
2026-05-09 21:23:09,573 - optuna.study._optimize - INFO - Trial 36 pruned. 
2026-05-09 21:23:10,657 - optuna.study._optimize - INFO - Trial 37 pruned. 
2026-05-09 21:23:11,807 - optuna.study._optimize - INFO - Trial 38 pruned. 
2026-05-09 21:23:13,446 - optuna.study._optimize - INFO - Trial 39 pruned. 
2026-05-09 21:23:14,441 - optuna.study._optimize - INFO - Trial 40 pruned. 
2026-05-09 21:23:15,733 - optuna.study._optimize - INFO - Trial 41 pruned. 
2026-05-09 21:23:16,827 - optuna.study._optimize - INFO - Trial 42 pruned. 
2026-05-09 21:23:18,010 - optuna.study._optimize - INFO - Trial 43 pruned. 
2026-05-09 21:23:19,436 - optuna.study._optimize - INFO - Trial 44 pruned. 
2026-05-09 21:23:20,465 - optuna.study._optimize - INFO - Trial 45 pruned. 
2026-05-09 21:23:21,603 - optuna.study._optimize - INFO - Trial 46 pruned. 
2026-05-09 21:23:22,724 - optuna.study._optimize - INFO - Trial 47 pruned. 
2026-05-09 21:23:58,175 - optuna.study.study - INFO - Trial 48 finished with value: 0.04339636351537917 and parameters: {'n_layers': 1, 'embedding_dim': 256, 'lr': 0.0014025882198832624, 'lambda_val': 3.111217661454053e-05, 'batch_size': 2516, 'optimizer': 'Adam'}. Best is trial 48 with value: 0.04339636351537917.
2026-05-09 21:23:59,169 - optuna.study._optimize - INFO - Trial 49 pruned. 
2026-05-09 21:24:00,498 - optuna.study._optimize - INFO - Trial 50 pruned. 
2026-05-09 21:24:01,518 - optuna.study._optimize - INFO - Trial 51 pruned. 
2026-05-09 21:24:02,614 - optuna.study._optimize - INFO - Trial 52 pruned. 
2026-05-09 21:24:38,925 - optuna.study.study - INFO - Trial 53 finished with value: 0.055118926113818245 and parameters: {'n_layers': 1, 'embedding_dim': 256, 'lr': 0.007679842727911722, 'lambda_val': 7.902400968173864e-05, 'batch_size': 2450, 'optimizer': 'Adam'}. Best is trial 53 with value: 0.055118926113818245.
2026-05-09 21:24:39,998 - optuna.study._optimize - INFO - Trial 54 pruned. 
2026-05-09 21:24:40,886 - optuna.study._optimize - INFO - Trial 55 pruned. 
2026-05-09 21:24:42,047 - optuna.study._optimize - INFO - Trial 56 pruned. 
2026-05-09 21:24:43,172 - optuna.study._optimize - INFO - Trial 57 pruned. 
2026-05-09 21:24:44,499 - optuna.study._optimize - INFO - Trial 58 pruned. 
2026-05-09 21:24:45,479 - optuna.study._optimize - INFO - Trial 59 pruned. 
2026-05-09 21:24:47,273 - optuna.study._optimize - INFO - Trial 60 pruned. 
2026-05-09 21:24:48,238 - optuna.study._optimize - INFO - Trial 61 pruned. 
2026-05-09 21:24:49,690 - optuna.study._optimize - INFO - Trial 62 pruned. 
2026-05-09 21:24:50,688 - optuna.study._optimize - INFO - Trial 63 pruned. 
2026-05-09 21:24:51,681 - optuna.study._optimize - INFO - Trial 64 pruned. 
2026-05-09 21:24:53,093 - optuna.study._optimize - INFO - Trial 65 pruned. 
2026-05-09 21:24:54,186 - optuna.study._optimize - INFO - Trial 66 pruned. 
2026-05-09 21:24:55,356 - optuna.study._optimize - INFO - Trial 67 pruned. 
2026-05-09 21:24:56,463 - optuna.study._optimize - INFO - Trial 68 pruned. 
2026-05-09 21:24:58,094 - optuna.study._optimize - INFO - Trial 69 pruned. 
2026-05-09 21:24:59,158 - optuna.study._optimize - INFO - Trial 70 pruned. 
2026-05-09 21:25:00,477 - optuna.study._optimize - INFO - Trial 71 pruned. 
2026-05-09 21:25:02,041 - optuna.study._optimize - INFO - Trial 72 pruned. 
2026-05-09 21:25:03,029 - optuna.study._optimize - INFO - Trial 73 pruned. 
2026-05-09 21:25:04,338 - optuna.study._optimize - INFO - Trial 74 pruned. 
2026-05-09 21:25:05,247 - optuna.study._optimize - INFO - Trial 75 pruned. 
2026-05-09 21:25:06,217 - optuna.study._optimize - INFO - Trial 76 pruned. 
2026-05-09 21:25:07,867 - optuna.study._optimize - INFO - Trial 77 pruned. 
2026-05-09 21:25:09,359 - optuna.study._optimize - INFO - Trial 78 pruned. 
2026-05-09 21:25:10,419 - optuna.study._optimize - INFO - Trial 79 pruned. 
2026-05-09 21:25:11,523 - optuna.study._optimize - INFO - Trial 80 pruned. 
2026-05-09 21:25:12,619 - optuna.study._optimize - INFO - Trial 81 pruned. 
2026-05-09 21:25:13,816 - optuna.study._optimize - INFO - Trial 82 pruned. 
2026-05-09 21:25:14,879 - optuna.study._optimize - INFO - Trial 83 pruned. 
2026-05-09 21:25:16,909 - optuna.study._optimize - INFO - Trial 84 pruned. 
2026-05-09 21:25:17,907 - optuna.study._optimize - INFO - Trial 85 pruned. 
2026-05-09 21:25:19,751 - optuna.study._optimize - INFO - Trial 86 pruned. 
2026-05-09 21:25:20,811 - optuna.study._optimize - INFO - Trial 87 pruned. 
2026-05-09 21:25:21,904 - optuna.study._optimize - INFO - Trial 88 pruned. 
2026-05-09 21:25:22,996 - optuna.study._optimize - INFO - Trial 89 pruned. 
2026-05-09 21:25:24,497 - optuna.study._optimize - INFO - Trial 90 pruned. 
2026-05-09 21:25:26,220 - optuna.study._optimize - INFO - Trial 91 pruned. 
2026-05-09 21:25:27,401 - optuna.study._optimize - INFO - Trial 92 pruned. 
2026-05-09 21:25:28,533 - optuna.study._optimize - INFO - Trial 93 pruned. 
2026-05-09 21:25:29,634 - optuna.study._optimize - INFO - Trial 94 pruned. 
2026-05-09 21:25:31,079 - optuna.study._optimize - INFO - Trial 95 pruned. 
2026-05-09 21:25:32,522 - optuna.study._optimize - INFO - Trial 96 pruned. 
2026-05-09 21:25:33,476 - optuna.study._optimize - INFO - Trial 97 pruned. 
2026-05-09 21:25:34,839 - optuna.study._optimize - INFO - Trial 98 pruned. 
2026-05-09 21:25:36,529 - optuna.study._optimize - INFO - Trial 99 pruned. 
2026-05-09 21:26:06,189 - root - INFO -   **** Training e_100K_1c3dcs_rand1
2026-05-09 21:26:06,201 - root - INFO -   **** Getting 56335/65410 random edges
2026-05-09 21:26:06,318 - optuna.storages._rdb.storage - INFO - A new study created in RDB with name: Study_e_100K_1c3dcs_rand1
2026-05-09 21:26:49,859 - optuna.study.study - INFO - Trial 0 finished with value: 0.020012256991540644 and parameters: {'n_layers': 4, 'embedding_dim': 128, 'lr': 0.0013491210530874019, 'lambda_val': 0.00015561517777047334, 'batch_size': 1128, 'optimizer': 'Adam'}. Best is trial 0 with value: 0.020012256991540644.
2026-05-09 21:27:29,643 - optuna.study.study - INFO - Trial 1 finished with value: 0.032607666814716836 and parameters: {'n_layers': 1, 'embedding_dim': 32, 'lr': 0.009405980032672288, 'lambda_val': 9.37918010920692e-05, 'batch_size': 3471, 'optimizer': 'RMSprop'}. Best is trial 1 with value: 0.032607666814716836.
2026-05-09 21:28:03,263 - optuna.study.study - INFO - Trial 2 finished with value: 0.0011261725868543786 and parameters: {'n_layers': 2, 'embedding_dim': 128, 'lr': 0.0028170878496408063, 'lambda_val': 0.019728902698278573, 'batch_size': 3036, 'optimizer': 'SGD'}. Best is trial 1 with value: 0.032607666814716836.
2026-05-09 21:28:36,454 - optuna.study.study - INFO - Trial 3 finished with value: 0.024889206919306447 and parameters: {'n_layers': 3, 'embedding_dim': 64, 'lr': 0.00019153083285574805, 'lambda_val': 5.3290015666629194e-06, 'batch_size': 1295, 'optimizer': 'Adam'}. Best is trial 1 with value: 0.032607666814716836.
2026-05-09 21:29:09,205 - optuna.study.study - INFO - Trial 4 finished with value: 0.05160730533315384 and parameters: {'n_layers': 1, 'embedding_dim': 256, 'lr': 0.008594955072601421, 'lambda_val': 2.4853162744703307e-05, 'batch_size': 610, 'optimizer': 'RMSprop'}. Best is trial 4 with value: 0.05160730533315384.
2026-05-09 21:29:10,154 - optuna.study._optimize - INFO - Trial 5 pruned. 
2026-05-09 21:29:11,097 - optuna.study._optimize - INFO - Trial 6 pruned. 
2026-05-09 21:29:12,306 - optuna.study._optimize - INFO - Trial 7 pruned. 
2026-05-09 21:29:13,692 - optuna.study._optimize - INFO - Trial 8 pruned. 
2026-05-09 21:29:14,579 - optuna.study._optimize - INFO - Trial 9 pruned. 
2026-05-09 21:29:55,101 - optuna.study.study - INFO - Trial 10 finished with value: 0.009484855305816164 and parameters: {'n_layers': 2, 'embedding_dim': 256, 'lr': 0.07253574111929455, 'lambda_val': 9.375635241231002e-06, 'batch_size': 549, 'optimizer': 'RMSprop'}. Best is trial 4 with value: 0.05160730533315384.
2026-05-09 21:29:56,551 - optuna.study._optimize - INFO - Trial 11 pruned. 
2026-05-09 21:30:30,916 - optuna.study.study - INFO - Trial 12 finished with value: 0.080718242851006 and parameters: {'n_layers': 1, 'embedding_dim': 256, 'lr': 0.011571145616501024, 'lambda_val': 0.0016229526228668863, 'batch_size': 3010, 'optimizer': 'RMSprop'}. Best is trial 12 with value: 0.080718242851006.
2026-05-09 21:31:04,326 - optuna.study.study - INFO - Trial 13 finished with value: 0.08879461902849796 and parameters: {'n_layers': 1, 'embedding_dim': 256, 'lr': 0.011239144850338915, 'lambda_val': 0.0021144786935499127, 'batch_size': 2085, 'optimizer': 'RMSprop'}. Best is trial 13 with value: 0.08879461902849796.
2026-05-09 21:31:06,130 - optuna.study._optimize - INFO - Trial 14 pruned. 
2026-05-09 21:31:07,901 - optuna.study._optimize - INFO - Trial 15 pruned. 
2026-05-09 21:31:08,937 - optuna.study._optimize - INFO - Trial 16 pruned. 
2026-05-09 21:31:09,930 - optuna.study._optimize - INFO - Trial 17 pruned. 
2026-05-09 21:31:11,684 - optuna.study._optimize - INFO - Trial 18 pruned. 
2026-05-09 21:31:12,572 - optuna.study._optimize - INFO - Trial 19 pruned. 
2026-05-09 21:31:13,968 - optuna.study._optimize - INFO - Trial 20 pruned. 
2026-05-09 21:31:14,922 - optuna.study._optimize - INFO - Trial 21 pruned. 
2026-05-09 21:31:52,094 - optuna.study.study - INFO - Trial 22 finished with value: 0.07921164600971635 and parameters: {'n_layers': 1, 'embedding_dim': 256, 'lr': 0.01641553239019347, 'lambda_val': 0.0004366183275726986, 'batch_size': 1587, 'optimizer': 'RMSprop'}. Best is trial 13 with value: 0.08879461902849796.
2026-05-09 21:31:53,893 - optuna.study._optimize - INFO - Trial 23 pruned. 
2026-05-09 21:31:55,818 - optuna.study._optimize - INFO - Trial 24 pruned. 
2026-05-09 21:31:56,873 - optuna.study._optimize - INFO - Trial 25 pruned. 
2026-05-09 21:31:57,794 - optuna.study._optimize - INFO - Trial 26 pruned. 
2026-05-09 21:31:58,682 - optuna.study._optimize - INFO - Trial 27 pruned. 
2026-05-09 21:31:59,702 - optuna.study._optimize - INFO - Trial 28 pruned. 
2026-05-09 21:32:00,689 - optuna.study._optimize - INFO - Trial 29 pruned. 
2026-05-09 21:32:05,450 - optuna.study._optimize - INFO - Trial 30 pruned. 
2026-05-09 21:32:06,461 - optuna.study._optimize - INFO - Trial 31 pruned. 
2026-05-09 21:32:52,119 - optuna.study.study - INFO - Trial 32 finished with value: 0.07933506598121504 and parameters: {'n_layers': 1, 'embedding_dim': 256, 'lr': 0.012250644392617418, 'lambda_val': 0.00036801095980080236, 'batch_size': 1441, 'optimizer': 'RMSprop'}. Best is trial 13 with value: 0.08879461902849796.
2026-05-09 21:32:53,548 - optuna.study._optimize - INFO - Trial 33 pruned. 
2026-05-09 21:32:54,612 - optuna.study._optimize - INFO - Trial 34 pruned. 
2026-05-09 21:32:55,930 - optuna.study._optimize - INFO - Trial 35 pruned. 
2026-05-09 21:32:57,794 - optuna.study._optimize - INFO - Trial 36 pruned. 
2026-05-09 21:32:58,802 - optuna.study._optimize - INFO - Trial 37 pruned. 
2026-05-09 21:33:00,133 - optuna.study._optimize - INFO - Trial 38 pruned. 
2026-05-09 21:33:01,120 - optuna.study._optimize - INFO - Trial 39 pruned. 
2026-05-09 21:33:02,029 - optuna.study._optimize - INFO - Trial 40 pruned. 
2026-05-09 21:33:04,235 - optuna.study._optimize - INFO - Trial 41 pruned. 
2026-05-09 21:33:10,516 - optuna.study._optimize - INFO - Trial 42 pruned. 
2026-05-09 21:33:11,438 - optuna.study._optimize - INFO - Trial 43 pruned. 
2026-05-09 21:33:14,468 - optuna.study._optimize - INFO - Trial 44 pruned. 
2026-05-09 21:33:15,521 - optuna.study._optimize - INFO - Trial 45 pruned. 
2026-05-09 21:33:22,646 - optuna.study._optimize - INFO - Trial 46 pruned. 
2026-05-09 21:33:23,738 - optuna.study._optimize - INFO - Trial 47 pruned. 
2026-05-09 21:33:25,185 - optuna.study._optimize - INFO - Trial 48 pruned. 
2026-05-09 21:33:26,653 - optuna.study._optimize - INFO - Trial 49 pruned. 
2026-05-09 21:33:30,153 - optuna.study._optimize - INFO - Trial 50 pruned. 
2026-05-09 21:33:33,062 - optuna.study._optimize - INFO - Trial 51 pruned. 
2026-05-09 21:33:33,949 - optuna.study._optimize - INFO - Trial 52 pruned. 
2026-05-09 21:33:34,897 - optuna.study._optimize - INFO - Trial 53 pruned. 
2026-05-09 21:33:36,023 - optuna.study._optimize - INFO - Trial 54 pruned. 
2026-05-09 21:33:37,802 - optuna.study._optimize - INFO - Trial 55 pruned. 
2026-05-09 21:33:39,595 - optuna.study._optimize - INFO - Trial 56 pruned. 
2026-05-09 21:33:41,828 - optuna.study._optimize - INFO - Trial 57 pruned. 
2026-05-09 21:33:42,932 - optuna.study._optimize - INFO - Trial 58 pruned. 
2026-05-09 21:33:43,967 - optuna.study._optimize - INFO - Trial 59 pruned. 
2026-05-09 21:33:45,176 - optuna.study._optimize - INFO - Trial 60 pruned. 
2026-05-09 21:33:46,329 - optuna.study._optimize - INFO - Trial 61 pruned. 
2026-05-09 21:33:47,560 - optuna.study._optimize - INFO - Trial 62 pruned. 
2026-05-09 21:33:54,484 - optuna.study._optimize - INFO - Trial 63 pruned. 
2026-05-09 21:33:59,464 - optuna.study._optimize - INFO - Trial 64 pruned. 
2026-05-09 21:34:00,940 - optuna.study._optimize - INFO - Trial 65 pruned. 
2026-05-09 21:34:01,981 - optuna.study._optimize - INFO - Trial 66 pruned. 
2026-05-09 21:34:03,208 - optuna.study._optimize - INFO - Trial 67 pruned. 
2026-05-09 21:34:04,315 - optuna.study._optimize - INFO - Trial 68 pruned. 
2026-05-09 21:34:05,374 - optuna.study._optimize - INFO - Trial 69 pruned. 
2026-05-09 21:34:06,446 - optuna.study._optimize - INFO - Trial 70 pruned. 
2026-05-09 21:34:07,594 - optuna.study._optimize - INFO - Trial 71 pruned. 
2026-05-09 21:34:08,698 - optuna.study._optimize - INFO - Trial 72 pruned. 
2026-05-09 21:34:09,836 - optuna.study._optimize - INFO - Trial 73 pruned. 
2026-05-09 21:34:11,377 - optuna.study._optimize - INFO - Trial 74 pruned. 
2026-05-09 21:34:14,469 - optuna.study._optimize - INFO - Trial 75 pruned. 
2026-05-09 21:34:15,556 - optuna.study._optimize - INFO - Trial 76 pruned. 
2026-05-09 21:34:16,910 - optuna.study._optimize - INFO - Trial 77 pruned. 
2026-05-09 21:34:17,842 - optuna.study._optimize - INFO - Trial 78 pruned. 
2026-05-09 21:34:19,740 - optuna.study._optimize - INFO - Trial 79 pruned. 
2026-05-09 21:34:20,687 - optuna.study._optimize - INFO - Trial 80 pruned. 
2026-05-09 21:34:24,403 - optuna.study._optimize - INFO - Trial 81 pruned. 
2026-05-09 21:35:13,339 - optuna.study.study - INFO - Trial 82 finished with value: 0.007109220591967819 and parameters: {'n_layers': 3, 'embedding_dim': 256, 'lr': 0.06136226242949284, 'lambda_val': 2.351546493852446e-06, 'batch_size': 570, 'optimizer': 'RMSprop'}. Best is trial 13 with value: 0.08879461902849796.
2026-05-09 21:35:14,329 - optuna.study._optimize - INFO - Trial 83 pruned. 
2026-05-09 21:35:15,709 - optuna.study._optimize - INFO - Trial 84 pruned. 
2026-05-09 21:35:16,835 - optuna.study._optimize - INFO - Trial 85 pruned. 
2026-05-09 21:35:19,011 - optuna.study._optimize - INFO - Trial 86 pruned. 
2026-05-09 21:35:20,878 - optuna.study._optimize - INFO - Trial 87 pruned. 
2026-05-09 21:35:22,024 - optuna.study._optimize - INFO - Trial 88 pruned. 
2026-05-09 21:35:25,842 - optuna.study._optimize - INFO - Trial 89 pruned. 
2026-05-09 21:35:27,850 - optuna.study._optimize - INFO - Trial 90 pruned. 
2026-05-09 21:35:35,469 - optuna.study._optimize - INFO - Trial 91 pruned. 
2026-05-09 21:36:25,270 - optuna.study.study - INFO - Trial 92 finished with value: 0.00898659100783958 and parameters: {'n_layers': 3, 'embedding_dim': 256, 'lr': 0.07484976870316792, 'lambda_val': 2.835190800888601e-06, 'batch_size': 591, 'optimizer': 'RMSprop'}. Best is trial 13 with value: 0.08879461902849796.
2026-05-09 21:37:16,319 - optuna.study.study - INFO - Trial 93 finished with value: 0.0090133492080628 and parameters: {'n_layers': 3, 'embedding_dim': 256, 'lr': 0.06502649183230197, 'lambda_val': 3.312246472729155e-05, 'batch_size': 806, 'optimizer': 'RMSprop'}. Best is trial 13 with value: 0.08879461902849796.
2026-05-09 21:38:06,113 - optuna.study.study - INFO - Trial 94 finished with value: 0.0390816238836485 and parameters: {'n_layers': 3, 'embedding_dim': 256, 'lr': 0.018651277056796162, 'lambda_val': 4.130132100827898e-05, 'batch_size': 789, 'optimizer': 'RMSprop'}. Best is trial 13 with value: 0.08879461902849796.
2026-05-09 21:38:13,680 - optuna.study._optimize - INFO - Trial 95 pruned. 
2026-05-09 21:38:16,366 - optuna.study._optimize - INFO - Trial 96 pruned. 
2026-05-09 21:38:17,392 - optuna.study._optimize - INFO - Trial 97 pruned. 
2026-05-09 21:38:18,478 - optuna.study._optimize - INFO - Trial 98 pruned. 
2026-05-09 21:38:19,673 - optuna.study._optimize - INFO - Trial 99 pruned. 
2026-05-09 21:38:50,056 - root - INFO -   **** Training e_100K_1c3dcs_rand2
2026-05-09 21:38:50,067 - root - INFO -   **** Getting 56335/65410 random edges
2026-05-09 21:38:50,192 - optuna.storages._rdb.storage - INFO - A new study created in RDB with name: Study_e_100K_1c3dcs_rand2
2026-05-09 21:39:20,277 - optuna.study.study - INFO - Trial 0 finished with value: 0.0020690332629240194 and parameters: {'n_layers': 2, 'embedding_dim': 96, 'lr': 5.858449909287137e-05, 'lambda_val': 5.2900307448400125e-05, 'batch_size': 2233, 'optimizer': 'SGD'}. Best is trial 0 with value: 0.0020690332629240194.
2026-05-09 21:40:02,619 - optuna.study.study - INFO - Trial 1 finished with value: 0.018185886731121505 and parameters: {'n_layers': 3, 'embedding_dim': 128, 'lr': 0.016077654415758022, 'lambda_val': 0.013446815277709247, 'batch_size': 880, 'optimizer': 'Adam'}. Best is trial 1 with value: 0.018185886731121505.
2026-05-09 21:40:43,454 - optuna.study.study - INFO - Trial 2 finished with value: 0.0026639999451006464 and parameters: {'n_layers': 4, 'embedding_dim': 64, 'lr': 9.111384973528038e-05, 'lambda_val': 1.7957559993204082e-06, 'batch_size': 2413, 'optimizer': 'SGD'}. Best is trial 1 with value: 0.018185886731121505.
2026-05-09 21:41:21,257 - optuna.study.study - INFO - Trial 3 finished with value: 0.012864635732080812 and parameters: {'n_layers': 2, 'embedding_dim': 32, 'lr': 2.117882342065465e-05, 'lambda_val': 0.00015858123250725204, 'batch_size': 2115, 'optimizer': 'RMSprop'}. Best is trial 1 with value: 0.018185886731121505.
2026-05-09 21:41:49,973 - optuna.study.study - INFO - Trial 4 finished with value: 0.022941189712476728 and parameters: {'n_layers': 2, 'embedding_dim': 32, 'lr': 0.0012230590889447746, 'lambda_val': 3.905925811421984e-06, 'batch_size': 2529, 'optimizer': 'RMSprop'}. Best is trial 4 with value: 0.022941189712476728.
2026-05-09 21:41:50,963 - optuna.study._optimize - INFO - Trial 5 pruned. 
2026-05-09 21:41:52,275 - optuna.study._optimize - INFO - Trial 6 pruned. 
2026-05-09 21:41:53,378 - optuna.study._optimize - INFO - Trial 7 pruned. 
2026-05-09 21:42:37,394 - optuna.study.study - INFO - Trial 8 finished with value: 0.023986701232438998 and parameters: {'n_layers': 4, 'embedding_dim': 128, 'lr': 0.006080127324506698, 'lambda_val': 3.647134017555818e-05, 'batch_size': 1878, 'optimizer': 'Adam'}. Best is trial 8 with value: 0.023986701232438998.
2026-05-09 21:43:18,818 - optuna.study.study - INFO - Trial 9 finished with value: 0.01987450270635635 and parameters: {'n_layers': 4, 'embedding_dim': 96, 'lr': 0.051340103967333114, 'lambda_val': 3.585630168649229e-06, 'batch_size': 2716, 'optimizer': 'RMSprop'}. Best is trial 8 with value: 0.023986701232438998.
2026-05-09 21:43:19,851 - optuna.study._optimize - INFO - Trial 10 pruned. 
2026-05-09 21:43:21,147 - optuna.study._optimize - INFO - Trial 11 pruned. 
2026-05-09 21:43:22,090 - optuna.study._optimize - INFO - Trial 12 pruned. 
2026-05-09 21:44:05,069 - optuna.study.study - INFO - Trial 13 finished with value: 0.03972018527191096 and parameters: {'n_layers': 2, 'embedding_dim': 256, 'lr': 0.005953467988190971, 'lambda_val': 1.417532260568005e-05, 'batch_size': 3274, 'optimizer': 'RMSprop'}. Best is trial 13 with value: 0.03972018527191096.
2026-05-09 21:44:57,311 - optuna.study.study - INFO - Trial 14 finished with value: 0.037251439138616255 and parameters: {'n_layers': 3, 'embedding_dim': 256, 'lr': 0.007720540601117656, 'lambda_val': 2.5569539387038285e-05, 'batch_size': 3363, 'optimizer': 'Adam'}. Best is trial 13 with value: 0.03972018527191096.
2026-05-09 21:45:46,000 - optuna.study.study - INFO - Trial 15 finished with value: 0.04679617134461116 and parameters: {'n_layers': 3, 'embedding_dim': 256, 'lr': 0.007985224694209224, 'lambda_val': 0.00032705090700537945, 'batch_size': 3555, 'optimizer': 'Adam'}. Best is trial 15 with value: 0.04679617134461116.
2026-05-09 21:45:48,027 - optuna.study._optimize - INFO - Trial 16 pruned. 
2026-05-09 21:45:49,046 - optuna.study._optimize - INFO - Trial 17 pruned. 
2026-05-09 21:45:50,320 - optuna.study._optimize - INFO - Trial 18 pruned. 
2026-05-09 21:45:51,855 - optuna.study._optimize - INFO - Trial 19 pruned. 
2026-05-09 21:45:52,772 - optuna.study._optimize - INFO - Trial 20 pruned. 
2026-05-09 21:45:54,078 - optuna.study._optimize - INFO - Trial 21 pruned. 
2026-05-09 21:45:55,010 - optuna.study._optimize - INFO - Trial 22 pruned. 
2026-05-09 21:45:55,996 - optuna.study._optimize - INFO - Trial 23 pruned. 
2026-05-09 21:45:57,558 - optuna.study._optimize - INFO - Trial 24 pruned. 
2026-05-09 21:45:59,026 - optuna.study._optimize - INFO - Trial 25 pruned. 
2026-05-09 21:45:59,946 - optuna.study._optimize - INFO - Trial 26 pruned. 
2026-05-09 21:46:48,169 - optuna.study.study - INFO - Trial 27 finished with value: 0.05563519834563069 and parameters: {'n_layers': 2, 'embedding_dim': 256, 'lr': 0.036548091281065995, 'lambda_val': 0.0005967607009917029, 'batch_size': 3057, 'optimizer': 'Adam'}. Best is trial 27 with value: 0.05563519834563069.
2026-05-09 21:46:49,583 - optuna.study._optimize - INFO - Trial 28 pruned. 
2026-05-09 21:46:51,534 - optuna.study._optimize - INFO - Trial 29 pruned. 
2026-05-09 21:46:52,499 - optuna.study._optimize - INFO - Trial 30 pruned. 
2026-05-09 21:46:53,806 - optuna.study._optimize - INFO - Trial 31 pruned. 
2026-05-09 21:46:54,814 - optuna.study._optimize - INFO - Trial 32 pruned. 
2026-05-09 21:46:55,810 - optuna.study._optimize - INFO - Trial 33 pruned. 
2026-05-09 21:47:31,845 - optuna.study.study - INFO - Trial 34 finished with value: 0.03890042424022034 and parameters: {'n_layers': 3, 'embedding_dim': 64, 'lr': 0.04011274510232419, 'lambda_val': 0.00027822403549055454, 'batch_size': 3757, 'optimizer': 'Adam'}. Best is trial 27 with value: 0.05563519834563069.
2026-05-09 21:47:32,918 - optuna.study._optimize - INFO - Trial 35 pruned. 
2026-05-09 21:47:34,641 - optuna.study._optimize - INFO - Trial 36 pruned. 
2026-05-09 21:47:35,743 - optuna.study._optimize - INFO - Trial 37 pruned. 
2026-05-09 21:47:37,621 - optuna.study._optimize - INFO - Trial 38 pruned. 
2026-05-09 21:47:38,779 - optuna.study._optimize - INFO - Trial 39 pruned. 
2026-05-09 21:47:40,333 - optuna.study._optimize - INFO - Trial 40 pruned. 
2026-05-09 21:47:41,508 - optuna.study._optimize - INFO - Trial 41 pruned. 
2026-05-09 21:47:42,631 - optuna.study._optimize - INFO - Trial 42 pruned. 
2026-05-09 21:47:43,596 - optuna.study._optimize - INFO - Trial 43 pruned. 
2026-05-09 21:47:44,892 - optuna.study._optimize - INFO - Trial 44 pruned. 
2026-05-09 21:48:24,935 - optuna.study.study - INFO - Trial 45 finished with value: 0.03906231505623338 and parameters: {'n_layers': 3, 'embedding_dim': 128, 'lr': 0.0546114347415442, 'lambda_val': 0.0011697345335849362, 'batch_size': 3154, 'optimizer': 'Adam'}. Best is trial 27 with value: 0.05563519834563069.
2026-05-09 21:48:59,263 - optuna.study.study - INFO - Trial 46 finished with value: 0.05110095393776159 and parameters: {'n_layers': 2, 'embedding_dim': 128, 'lr': 0.05736101993637933, 'lambda_val': 0.0011748188544959395, 'batch_size': 3126, 'optimizer': 'RMSprop'}. Best is trial 27 with value: 0.05563519834563069.
2026-05-09 21:49:00,429 - optuna.study._optimize - INFO - Trial 47 pruned. 
2026-05-09 21:49:01,960 - optuna.study._optimize - INFO - Trial 48 pruned. 
2026-05-09 21:49:02,882 - optuna.study._optimize - INFO - Trial 49 pruned. 
2026-05-09 21:49:31,624 - optuna.study.study - INFO - Trial 50 finished with value: 0.0813070407931682 and parameters: {'n_layers': 1, 'embedding_dim': 128, 'lr': 0.03135518334907097, 'lambda_val': 0.000789771726942715, 'batch_size': 2660, 'optimizer': 'RMSprop'}. Best is trial 50 with value: 0.0813070407931682.
2026-05-09 21:50:00,461 - optuna.study.study - INFO - Trial 51 finished with value: 0.08100726791795297 and parameters: {'n_layers': 1, 'embedding_dim': 128, 'lr': 0.03433965209595923, 'lambda_val': 0.0007432854022128304, 'batch_size': 2804, 'optimizer': 'RMSprop'}. Best is trial 50 with value: 0.0813070407931682.
2026-05-09 21:50:29,728 - optuna.study.study - INFO - Trial 52 finished with value: 0.08184249210433038 and parameters: {'n_layers': 1, 'embedding_dim': 128, 'lr': 0.0299901209259668, 'lambda_val': 0.0008716936360841752, 'batch_size': 2639, 'optimizer': 'RMSprop'}. Best is trial 52 with value: 0.08184249210433038.
2026-05-09 21:50:59,197 - optuna.study.study - INFO - Trial 53 finished with value: 0.08311667667587012 and parameters: {'n_layers': 1, 'embedding_dim': 128, 'lr': 0.03368137345930636, 'lambda_val': 0.0007877179223385252, 'batch_size': 2572, 'optimizer': 'RMSprop'}. Best is trial 53 with value: 0.08311667667587012.
2026-05-09 21:51:28,690 - optuna.study.study - INFO - Trial 54 finished with value: 0.08236131321468114 and parameters: {'n_layers': 1, 'embedding_dim': 128, 'lr': 0.033186495958078495, 'lambda_val': 0.0007280806470851664, 'batch_size': 2627, 'optimizer': 'RMSprop'}. Best is trial 53 with value: 0.08311667667587012.
2026-05-09 21:51:58,684 - optuna.study.study - INFO - Trial 55 finished with value: 0.08066466740194436 and parameters: {'n_layers': 1, 'embedding_dim': 128, 'lr': 0.024509786334809908, 'lambda_val': 0.0005583028809060534, 'batch_size': 2625, 'optimizer': 'RMSprop'}. Best is trial 53 with value: 0.08311667667587012.
2026-05-09 21:52:27,097 - optuna.study.study - INFO - Trial 56 finished with value: 0.08176630170707096 and parameters: {'n_layers': 1, 'embedding_dim': 128, 'lr': 0.0235789639844947, 'lambda_val': 0.002730645073605136, 'batch_size': 2260, 'optimizer': 'RMSprop'}. Best is trial 53 with value: 0.08311667667587012.
2026-05-09 21:52:55,753 - optuna.study.study - INFO - Trial 57 finished with value: 0.06916516820516919 and parameters: {'n_layers': 1, 'embedding_dim': 128, 'lr': 0.013237620573786833, 'lambda_val': 0.003638013603824413, 'batch_size': 2201, 'optimizer': 'RMSprop'}. Best is trial 53 with value: 0.08311667667587012.
2026-05-09 21:52:56,797 - optuna.study._optimize - INFO - Trial 58 pruned. 
2026-05-09 21:52:58,466 - optuna.study._optimize - INFO - Trial 59 pruned. 
2026-05-09 21:52:59,626 - optuna.study._optimize - INFO - Trial 60 pruned. 
2026-05-09 21:53:29,245 - optuna.study.study - INFO - Trial 61 finished with value: 0.07966983962405674 and parameters: {'n_layers': 1, 'embedding_dim': 128, 'lr': 0.03116844973315401, 'lambda_val': 0.0017755322477552185, 'batch_size': 2545, 'optimizer': 'RMSprop'}. Best is trial 53 with value: 0.08311667667587012.
2026-05-09 21:53:30,219 - optuna.study._optimize - INFO - Trial 62 pruned. 
2026-05-09 21:53:31,225 - optuna.study._optimize - INFO - Trial 63 pruned. 
2026-05-09 21:53:36,790 - optuna.study._optimize - INFO - Trial 64 pruned. 
2026-05-09 21:53:38,878 - optuna.study._optimize - INFO - Trial 65 pruned. 
2026-05-09 21:53:40,722 - optuna.study._optimize - INFO - Trial 66 pruned. 
2026-05-09 21:54:10,789 - optuna.study.study - INFO - Trial 67 finished with value: 0.08615288809290172 and parameters: {'n_layers': 1, 'embedding_dim': 128, 'lr': 0.019770194976388003, 'lambda_val': 0.0015088024494272973, 'batch_size': 2639, 'optimizer': 'RMSprop'}. Best is trial 67 with value: 0.08615288809290172.
2026-05-09 21:54:40,073 - optuna.study.study - INFO - Trial 68 finished with value: 0.08792481867412022 and parameters: {'n_layers': 1, 'embedding_dim': 128, 'lr': 0.020128264011354494, 'lambda_val': 0.001384797324277196, 'batch_size': 2743, 'optimizer': 'RMSprop'}. Best is trial 68 with value: 0.08792481867412022.
2026-05-09 21:54:41,044 - optuna.study._optimize - INFO - Trial 69 pruned. 
2026-05-09 21:55:10,429 - optuna.study.study - INFO - Trial 70 finished with value: 0.06136456082353293 and parameters: {'n_layers': 1, 'embedding_dim': 128, 'lr': 0.01890393412842456, 'lambda_val': 0.007993650632775592, 'batch_size': 2501, 'optimizer': 'RMSprop'}. Best is trial 68 with value: 0.08792481867412022.
2026-05-09 21:55:40,384 - optuna.study.study - INFO - Trial 71 finished with value: 0.0815886439599493 and parameters: {'n_layers': 1, 'embedding_dim': 128, 'lr': 0.0105333218738796, 'lambda_val': 0.0008701637323060565, 'batch_size': 2765, 'optimizer': 'RMSprop'}. Best is trial 68 with value: 0.08792481867412022.
2026-05-09 21:55:41,835 - optuna.study._optimize - INFO - Trial 72 pruned. 
2026-05-09 21:56:09,840 - optuna.study.study - INFO - Trial 73 finished with value: 0.08152147961962855 and parameters: {'n_layers': 1, 'embedding_dim': 128, 'lr': 0.012466753133991898, 'lambda_val': 0.001858132285175573, 'batch_size': 2286, 'optimizer': 'RMSprop'}. Best is trial 68 with value: 0.08792481867412022.
2026-05-09 21:56:40,289 - optuna.study.study - INFO - Trial 74 finished with value: 0.07928703527108846 and parameters: {'n_layers': 1, 'embedding_dim': 128, 'lr': 0.011798439858001063, 'lambda_val': 0.001990219346803426, 'batch_size': 2321, 'optimizer': 'RMSprop'}. Best is trial 68 with value: 0.08792481867412022.
2026-05-09 21:56:41,849 - optuna.study._optimize - INFO - Trial 75 pruned. 
2026-05-09 21:56:43,034 - optuna.study._optimize - INFO - Trial 76 pruned. 
2026-05-09 21:56:44,220 - optuna.study._optimize - INFO - Trial 77 pruned. 
2026-05-09 21:56:45,936 - optuna.study._optimize - INFO - Trial 78 pruned. 
2026-05-09 21:56:46,911 - optuna.study._optimize - INFO - Trial 79 pruned. 
2026-05-09 21:56:47,931 - optuna.study._optimize - INFO - Trial 80 pruned. 
2026-05-09 21:57:18,048 - optuna.study.study - INFO - Trial 81 finished with value: 0.07783530674014827 and parameters: {'n_layers': 1, 'embedding_dim': 128, 'lr': 0.027343729081287536, 'lambda_val': 0.0008036353374657315, 'batch_size': 2736, 'optimizer': 'RMSprop'}. Best is trial 68 with value: 0.08792481867412022.
2026-05-09 21:57:19,636 - optuna.study._optimize - INFO - Trial 82 pruned. 
2026-05-09 21:57:20,694 - optuna.study._optimize - INFO - Trial 83 pruned. 
2026-05-09 21:57:23,918 - optuna.study._optimize - INFO - Trial 84 pruned. 
2026-05-09 21:57:53,284 - optuna.study.study - INFO - Trial 85 finished with value: 0.08464892011667748 and parameters: {'n_layers': 1, 'embedding_dim': 128, 'lr': 0.026957562188337683, 'lambda_val': 0.0008513616534175612, 'batch_size': 2847, 'optimizer': 'RMSprop'}. Best is trial 68 with value: 0.08792481867412022.
2026-05-09 21:57:54,377 - optuna.study._optimize - INFO - Trial 86 pruned. 
2026-05-09 21:57:55,447 - optuna.study._optimize - INFO - Trial 87 pruned. 
2026-05-09 21:57:56,543 - optuna.study._optimize - INFO - Trial 88 pruned. 
2026-05-09 21:57:58,177 - optuna.study._optimize - INFO - Trial 89 pruned. 
2026-05-09 21:58:00,176 - optuna.study._optimize - INFO - Trial 90 pruned. 
2026-05-09 21:58:01,327 - optuna.study._optimize - INFO - Trial 91 pruned. 
2026-05-09 21:58:03,980 - optuna.study._optimize - INFO - Trial 92 pruned. 
2026-05-09 21:58:05,011 - optuna.study._optimize - INFO - Trial 93 pruned. 
2026-05-09 21:58:35,445 - optuna.study.study - INFO - Trial 94 finished with value: 0.08247020523063582 and parameters: {'n_layers': 1, 'embedding_dim': 128, 'lr': 0.015314189073575325, 'lambda_val': 0.0025357625648583662, 'batch_size': 2871, 'optimizer': 'RMSprop'}. Best is trial 68 with value: 0.08792481867412022.
2026-05-09 21:58:36,457 - optuna.study._optimize - INFO - Trial 95 pruned. 
2026-05-09 21:58:37,455 - optuna.study._optimize - INFO - Trial 96 pruned. 
2026-05-09 21:59:07,614 - optuna.study.study - INFO - Trial 97 finished with value: 0.08725847840863694 and parameters: {'n_layers': 1, 'embedding_dim': 128, 'lr': 0.018573514909233663, 'lambda_val': 0.0020152793082128437, 'batch_size': 3037, 'optimizer': 'RMSprop'}. Best is trial 68 with value: 0.08792481867412022.
2026-05-09 21:59:09,709 - optuna.study._optimize - INFO - Trial 98 pruned. 
2026-05-09 21:59:10,696 - optuna.study._optimize - INFO - Trial 99 pruned. 
2026-05-09 21:59:34,152 - root - INFO -   **** Training e_100K_1c3dcs_rand3
2026-05-09 21:59:34,163 - root - INFO -   **** Getting 56335/65410 random edges
2026-05-09 21:59:34,332 - optuna.storages._rdb.storage - INFO - A new study created in RDB with name: Study_e_100K_1c3dcs_rand3
2026-05-09 22:00:01,089 - optuna.study.study - INFO - Trial 0 finished with value: 0.002528673197400159 and parameters: {'n_layers': 1, 'embedding_dim': 32, 'lr': 0.007872859250673148, 'lambda_val': 0.00037780537400700174, 'batch_size': 2429, 'optimizer': 'SGD'}. Best is trial 0 with value: 0.002528673197400159.
2026-05-09 22:00:41,322 - optuna.study.study - INFO - Trial 1 finished with value: 0.023203153701462153 and parameters: {'n_layers': 3, 'embedding_dim': 32, 'lr': 0.004047795862801091, 'lambda_val': 0.0032725180359078642, 'batch_size': 997, 'optimizer': 'RMSprop'}. Best is trial 1 with value: 0.023203153701462153.
2026-05-09 22:01:16,119 - optuna.study.study - INFO - Trial 2 finished with value: 0.018091305592404665 and parameters: {'n_layers': 4, 'embedding_dim': 32, 'lr': 0.00013423846439254505, 'lambda_val': 1.2243363087689319e-05, 'batch_size': 3503, 'optimizer': 'RMSprop'}. Best is trial 1 with value: 0.023203153701462153.
2026-05-09 22:01:43,782 - optuna.study.study - INFO - Trial 3 finished with value: 0.04521008317074837 and parameters: {'n_layers': 1, 'embedding_dim': 128, 'lr': 0.013017370489761844, 'lambda_val': 2.1372440836388408e-05, 'batch_size': 1352, 'optimizer': 'RMSprop'}. Best is trial 3 with value: 0.04521008317074837.
2026-05-09 22:02:32,994 - optuna.study.study - INFO - Trial 4 finished with value: 0.0023612608897942535 and parameters: {'n_layers': 3, 'embedding_dim': 256, 'lr': 0.07142740345384072, 'lambda_val': 4.1584850836768796e-06, 'batch_size': 2374, 'optimizer': 'SGD'}. Best is trial 3 with value: 0.04521008317074837.
2026-05-09 22:02:33,878 - optuna.study._optimize - INFO - Trial 5 pruned. 
2026-05-09 22:02:34,897 - optuna.study._optimize - INFO - Trial 6 pruned. 
2026-05-09 22:02:37,113 - optuna.study._optimize - INFO - Trial 7 pruned. 
2026-05-09 22:02:42,176 - optuna.study._optimize - INFO - Trial 8 pruned. 
2026-05-09 22:02:43,289 - optuna.study._optimize - INFO - Trial 9 pruned. 
2026-05-09 22:03:16,494 - optuna.study.study - INFO - Trial 10 finished with value: 0.0325647085827607 and parameters: {'n_layers': 2, 'embedding_dim': 128, 'lr': 0.0007206363550268436, 'lambda_val': 0.00014996457741615923, 'batch_size': 588, 'optimizer': 'RMSprop'}. Best is trial 3 with value: 0.04521008317074837.
2026-05-09 22:03:17,459 - optuna.study._optimize - INFO - Trial 11 pruned. 
2026-05-09 22:03:18,378 - optuna.study._optimize - INFO - Trial 12 pruned. 
2026-05-09 22:03:51,172 - optuna.study.study - INFO - Trial 13 finished with value: 0.036603088824696026 and parameters: {'n_layers': 2, 'embedding_dim': 128, 'lr': 0.01854430828659776, 'lambda_val': 5.172412493524587e-05, 'batch_size': 621, 'optimizer': 'RMSprop'}. Best is trial 3 with value: 0.04521008317074837.
2026-05-09 22:04:19,455 - optuna.study.study - INFO - Trial 14 finished with value: 0.0427097676150563 and parameters: {'n_layers': 1, 'embedding_dim': 128, 'lr': 0.01924945990018585, 'lambda_val': 1.202499481602373e-06, 'batch_size': 1673, 'optimizer': 'RMSprop'}. Best is trial 3 with value: 0.04521008317074837.
2026-05-09 22:04:21,157 - optuna.study._optimize - INFO - Trial 15 pruned. 
2026-05-09 22:04:48,737 - optuna.study.study - INFO - Trial 16 finished with value: 0.04034523132016139 and parameters: {'n_layers': 1, 'embedding_dim': 128, 'lr': 0.019156932804692613, 'lambda_val': 1.1242767712067384e-06, 'batch_size': 1864, 'optimizer': 'RMSprop'}. Best is trial 3 with value: 0.04521008317074837.
2026-05-09 22:04:49,732 - optuna.study._optimize - INFO - Trial 17 pruned. 
2026-05-09 22:04:51,456 - optuna.study._optimize - INFO - Trial 18 pruned. 
2026-05-09 22:04:52,375 - optuna.study._optimize - INFO - Trial 19 pruned. 
2026-05-09 22:04:54,271 - optuna.study._optimize - INFO - Trial 20 pruned. 
2026-05-09 22:05:22,025 - optuna.study.study - INFO - Trial 21 finished with value: 0.04816836925953509 and parameters: {'n_layers': 1, 'embedding_dim': 128, 'lr': 0.009605259285653561, 'lambda_val': 1.265060431915567e-06, 'batch_size': 1726, 'optimizer': 'RMSprop'}. Best is trial 21 with value: 0.04816836925953509.
2026-05-09 22:05:50,136 - optuna.study.study - INFO - Trial 22 finished with value: 0.04664253444857743 and parameters: {'n_layers': 1, 'embedding_dim': 128, 'lr': 0.01099917705511177, 'lambda_val': 2.7499997068327244e-06, 'batch_size': 1527, 'optimizer': 'RMSprop'}. Best is trial 21 with value: 0.04816836925953509.
2026-05-09 22:05:51,132 - optuna.study._optimize - INFO - Trial 23 pruned. 
2026-05-09 22:05:52,673 - optuna.study._optimize - INFO - Trial 24 pruned. 
2026-05-09 22:05:54,302 - optuna.study._optimize - INFO - Trial 25 pruned. 
2026-05-09 22:05:55,322 - optuna.study._optimize - INFO - Trial 26 pruned. 
2026-05-09 22:05:56,639 - optuna.study._optimize - INFO - Trial 27 pruned. 
2026-05-09 22:05:57,630 - optuna.study._optimize - INFO - Trial 28 pruned. 
2026-05-09 22:06:32,310 - optuna.study.study - INFO - Trial 29 finished with value: 0.06924064090490835 and parameters: {'n_layers': 1, 'embedding_dim': 256, 'lr': 0.00447102474945066, 'lambda_val': 0.0003421265032020461, 'batch_size': 2092, 'optimizer': 'Adam'}. Best is trial 29 with value: 0.06924064090490835.
2026-05-09 22:06:33,636 - optuna.study._optimize - INFO - Trial 30 pruned. 
2026-05-09 22:06:34,896 - optuna.study._optimize - INFO - Trial 31 pruned. 
2026-05-09 22:06:35,893 - optuna.study._optimize - INFO - Trial 32 pruned. 
2026-05-09 22:06:37,221 - optuna.study._optimize - INFO - Trial 33 pruned. 
2026-05-09 22:06:38,152 - optuna.study._optimize - INFO - Trial 34 pruned. 
2026-05-09 22:06:39,657 - optuna.study._optimize - INFO - Trial 35 pruned. 
2026-05-09 22:06:40,628 - optuna.study._optimize - INFO - Trial 36 pruned. 
2026-05-09 22:06:42,128 - optuna.study._optimize - INFO - Trial 37 pruned. 
2026-05-09 22:06:43,184 - optuna.study._optimize - INFO - Trial 38 pruned. 
2026-05-09 22:06:44,553 - optuna.study._optimize - INFO - Trial 39 pruned. 
2026-05-09 22:06:45,461 - optuna.study._optimize - INFO - Trial 40 pruned. 
2026-05-09 22:06:47,179 - optuna.study._optimize - INFO - Trial 41 pruned. 
2026-05-09 22:06:48,143 - optuna.study._optimize - INFO - Trial 42 pruned. 
2026-05-09 22:06:49,344 - optuna.study._optimize - INFO - Trial 43 pruned. 
2026-05-09 22:06:50,292 - optuna.study._optimize - INFO - Trial 44 pruned. 
2026-05-09 22:06:52,101 - optuna.study._optimize - INFO - Trial 45 pruned. 
2026-05-09 22:06:53,064 - optuna.study._optimize - INFO - Trial 46 pruned. 
2026-05-09 22:06:54,870 - optuna.study._optimize - INFO - Trial 47 pruned. 
2026-05-09 22:06:56,198 - optuna.study._optimize - INFO - Trial 48 pruned. 
2026-05-09 22:06:57,317 - optuna.study._optimize - INFO - Trial 49 pruned. 
2026-05-09 22:06:58,647 - optuna.study._optimize - INFO - Trial 50 pruned. 
2026-05-09 22:06:59,733 - optuna.study._optimize - INFO - Trial 51 pruned. 
2026-05-09 22:07:01,681 - optuna.study._optimize - INFO - Trial 52 pruned. 
2026-05-09 22:07:02,634 - optuna.study._optimize - INFO - Trial 53 pruned. 
2026-05-09 22:07:04,761 - optuna.study._optimize - INFO - Trial 54 pruned. 
2026-05-09 22:07:05,812 - optuna.study._optimize - INFO - Trial 55 pruned. 
2026-05-09 22:07:07,042 - optuna.study._optimize - INFO - Trial 56 pruned. 
2026-05-09 22:07:09,200 - optuna.study._optimize - INFO - Trial 57 pruned. 
2026-05-09 22:07:10,184 - optuna.study._optimize - INFO - Trial 58 pruned. 
2026-05-09 22:07:11,413 - optuna.study._optimize - INFO - Trial 59 pruned. 
2026-05-09 22:07:12,442 - optuna.study._optimize - INFO - Trial 60 pruned. 
2026-05-09 22:07:14,073 - optuna.study._optimize - INFO - Trial 61 pruned. 
2026-05-09 22:07:15,651 - optuna.study._optimize - INFO - Trial 62 pruned. 
2026-05-09 22:07:16,637 - optuna.study._optimize - INFO - Trial 63 pruned. 
2026-05-09 22:07:49,393 - optuna.study.study - INFO - Trial 64 finished with value: 0.060928904336262316 and parameters: {'n_layers': 1, 'embedding_dim': 256, 'lr': 0.013083007523641563, 'lambda_val': 0.00013746562311846048, 'batch_size': 1768, 'optimizer': 'RMSprop'}. Best is trial 29 with value: 0.06924064090490835.
2026-05-09 22:08:22,007 - optuna.study.study - INFO - Trial 65 finished with value: 0.06464592638982292 and parameters: {'n_layers': 1, 'embedding_dim': 256, 'lr': 0.011997425665469791, 'lambda_val': 0.00018077396569152678, 'batch_size': 1711, 'optimizer': 'RMSprop'}. Best is trial 29 with value: 0.06924064090490835.
2026-05-09 22:08:54,834 - optuna.study.study - INFO - Trial 66 finished with value: 0.06338183355215177 and parameters: {'n_layers': 1, 'embedding_dim': 256, 'lr': 0.012250362911756147, 'lambda_val': 0.00015277924834225962, 'batch_size': 1772, 'optimizer': 'RMSprop'}. Best is trial 29 with value: 0.06924064090490835.
2026-05-09 22:08:56,161 - optuna.study._optimize - INFO - Trial 67 pruned. 
2026-05-09 22:08:57,138 - optuna.study._optimize - INFO - Trial 68 pruned. 
2026-05-09 22:09:30,916 - optuna.study.study - INFO - Trial 69 finished with value: 0.07591698786339833 and parameters: {'n_layers': 1, 'embedding_dim': 256, 'lr': 0.009247951290333139, 'lambda_val': 0.00037676147241640925, 'batch_size': 1504, 'optimizer': 'RMSprop'}. Best is trial 69 with value: 0.07591698786339833.
2026-05-09 22:09:31,975 - optuna.study._optimize - INFO - Trial 70 pruned. 
2026-05-09 22:09:33,059 - optuna.study._optimize - INFO - Trial 71 pruned. 
2026-05-09 22:10:08,995 - optuna.study.study - INFO - Trial 72 finished with value: 0.07646396458028623 and parameters: {'n_layers': 1, 'embedding_dim': 256, 'lr': 0.011681381594623242, 'lambda_val': 0.0003821624193875874, 'batch_size': 1320, 'optimizer': 'RMSprop'}. Best is trial 72 with value: 0.07646396458028623.
2026-05-09 22:10:42,780 - optuna.study.study - INFO - Trial 73 finished with value: 0.08550040884980303 and parameters: {'n_layers': 1, 'embedding_dim': 256, 'lr': 0.009386381355192186, 'lambda_val': 0.0008383284734526852, 'batch_size': 1370, 'optimizer': 'RMSprop'}. Best is trial 73 with value: 0.08550040884980303.
2026-05-09 22:10:43,843 - optuna.study._optimize - INFO - Trial 74 pruned. 
2026-05-09 22:10:44,899 - optuna.study._optimize - INFO - Trial 75 pruned. 
2026-05-09 22:10:45,979 - optuna.study._optimize - INFO - Trial 76 pruned. 
2026-05-09 22:10:47,268 - optuna.study._optimize - INFO - Trial 77 pruned. 
2026-05-09 22:10:48,404 - optuna.study._optimize - INFO - Trial 78 pruned. 
2026-05-09 22:10:49,927 - optuna.study._optimize - INFO - Trial 79 pruned. 
2026-05-09 22:10:50,846 - optuna.study._optimize - INFO - Trial 80 pruned. 
2026-05-09 22:10:51,803 - optuna.study._optimize - INFO - Trial 81 pruned. 
2026-05-09 22:10:53,109 - optuna.study._optimize - INFO - Trial 82 pruned. 
2026-05-09 22:11:28,107 - optuna.study.study - INFO - Trial 83 finished with value: 0.07107498311001557 and parameters: {'n_layers': 1, 'embedding_dim': 256, 'lr': 0.012090076625375444, 'lambda_val': 0.00022702401000454205, 'batch_size': 1909, 'optimizer': 'RMSprop'}. Best is trial 73 with value: 0.08550040884980303.
2026-05-09 22:11:29,734 - optuna.study._optimize - INFO - Trial 84 pruned. 
2026-05-09 22:11:31,505 - optuna.study._optimize - INFO - Trial 85 pruned. 
2026-05-09 22:11:32,480 - optuna.study._optimize - INFO - Trial 86 pruned. 
2026-05-09 22:11:33,742 - optuna.study._optimize - INFO - Trial 87 pruned. 
2026-05-09 22:11:34,742 - optuna.study._optimize - INFO - Trial 88 pruned. 
2026-05-09 22:11:36,903 - optuna.study._optimize - INFO - Trial 89 pruned. 
2026-05-09 22:11:37,778 - optuna.study._optimize - INFO - Trial 90 pruned. 
2026-05-09 22:12:14,912 - optuna.study.study - INFO - Trial 91 finished with value: 0.07206897323470304 and parameters: {'n_layers': 1, 'embedding_dim': 256, 'lr': 0.011469760905618541, 'lambda_val': 0.00031817806408822704, 'batch_size': 1704, 'optimizer': 'RMSprop'}. Best is trial 73 with value: 0.08550040884980303.
2026-05-09 22:12:16,562 - optuna.study._optimize - INFO - Trial 92 pruned. 
2026-05-09 22:12:18,203 - optuna.study._optimize - INFO - Trial 93 pruned. 
2026-05-09 22:12:19,237 - optuna.study._optimize - INFO - Trial 94 pruned. 
2026-05-09 22:12:20,689 - optuna.study._optimize - INFO - Trial 95 pruned. 
2026-05-09 22:12:21,663 - optuna.study._optimize - INFO - Trial 96 pruned. 
2026-05-09 22:12:22,936 - optuna.study._optimize - INFO - Trial 97 pruned. 
2026-05-09 22:12:23,922 - optuna.study._optimize - INFO - Trial 98 pruned. 
2026-05-09 22:12:25,994 - optuna.study._optimize - INFO - Trial 99 pruned. 
2026-05-09 22:12:52,837 - root - INFO -   **** Training e_100K_1c3dcs_rand4
2026-05-09 22:12:52,849 - root - INFO -   **** Getting 56335/65410 random edges
2026-05-09 22:12:52,935 - optuna.storages._rdb.storage - INFO - A new study created in RDB with name: Study_e_100K_1c3dcs_rand4
2026-05-09 22:13:19,512 - optuna.study.study - INFO - Trial 0 finished with value: 0.0023609859087740537 and parameters: {'n_layers': 1, 'embedding_dim': 32, 'lr': 0.00021258814655240703, 'lambda_val': 8.671292448022827e-05, 'batch_size': 3575, 'optimizer': 'SGD'}. Best is trial 0 with value: 0.0023609859087740537.
2026-05-09 22:14:10,109 - optuna.study.study - INFO - Trial 1 finished with value: 0.0033816334910169183 and parameters: {'n_layers': 4, 'embedding_dim': 96, 'lr': 0.003899913261888169, 'lambda_val': 0.054156833198705435, 'batch_size': 2597, 'optimizer': 'RMSprop'}. Best is trial 1 with value: 0.0033816334910169183.
2026-05-09 22:14:43,759 - optuna.study.study - INFO - Trial 2 finished with value: 0.013080598443906698 and parameters: {'n_layers': 4, 'embedding_dim': 32, 'lr': 0.0005447828443116634, 'lambda_val': 8.277356905342672e-05, 'batch_size': 1379, 'optimizer': 'Adam'}. Best is trial 2 with value: 0.013080598443906698.
2026-05-09 22:15:41,020 - optuna.study.study - INFO - Trial 3 finished with value: 0.001886629957378108 and parameters: {'n_layers': 4, 'embedding_dim': 256, 'lr': 8.818845672387332e-05, 'lambda_val': 0.01798699093173936, 'batch_size': 3335, 'optimizer': 'SGD'}. Best is trial 2 with value: 0.013080598443906698.
2026-05-09 22:16:08,549 - optuna.study.study - INFO - Trial 4 finished with value: 0.003556395867911756 and parameters: {'n_layers': 2, 'embedding_dim': 32, 'lr': 1.9819812683850453e-05, 'lambda_val': 0.041468323140790506, 'batch_size': 2194, 'optimizer': 'RMSprop'}. Best is trial 2 with value: 0.013080598443906698.
2026-05-09 22:16:09,490 - optuna.study._optimize - INFO - Trial 5 pruned. 
2026-05-09 22:16:10,475 - optuna.study._optimize - INFO - Trial 6 pruned. 
2026-05-09 22:16:11,809 - optuna.study._optimize - INFO - Trial 7 pruned. 
2026-05-09 22:16:13,181 - optuna.study._optimize - INFO - Trial 8 pruned. 
2026-05-09 22:16:39,608 - optuna.study.study - INFO - Trial 9 finished with value: 0.027442787853203924 and parameters: {'n_layers': 1, 'embedding_dim': 96, 'lr': 0.03323230094705621, 'lambda_val': 2.3073492073922345e-06, 'batch_size': 1402, 'optimizer': 'RMSprop'}. Best is trial 9 with value: 0.027442787853203924.
2026-05-09 22:17:06,275 - optuna.study.study - INFO - Trial 10 finished with value: 0.05130120150199372 and parameters: {'n_layers': 1, 'embedding_dim': 96, 'lr': 0.0705609124127812, 'lambda_val': 0.0006440199725625934, 'batch_size': 581, 'optimizer': 'RMSprop'}. Best is trial 10 with value: 0.05130120150199372.
2026-05-09 22:17:33,548 - optuna.study.study - INFO - Trial 11 finished with value: 0.06390354129000528 and parameters: {'n_layers': 1, 'embedding_dim': 96, 'lr': 0.08310241890876693, 'lambda_val': 0.0011044513727970888, 'batch_size': 602, 'optimizer': 'RMSprop'}. Best is trial 11 with value: 0.06390354129000528.
2026-05-09 22:18:14,668 - optuna.study.study - INFO - Trial 12 finished with value: 0.043795874454426155 and parameters: {'n_layers': 2, 'embedding_dim': 96, 'lr': 0.09289014606865559, 'lambda_val': 0.0013697982871595225, 'batch_size': 850, 'optimizer': 'RMSprop'}. Best is trial 11 with value: 0.06390354129000528.
2026-05-09 22:18:48,524 - optuna.study.study - INFO - Trial 13 finished with value: 0.04213409630854571 and parameters: {'n_layers': 3, 'embedding_dim': 96, 'lr': 0.009893414362590164, 'lambda_val': 0.0007487508221374031, 'batch_size': 574, 'optimizer': 'RMSprop'}. Best is trial 11 with value: 0.06390354129000528.
2026-05-09 22:18:50,632 - optuna.study._optimize - INFO - Trial 14 pruned. 
2026-05-09 22:19:39,674 - optuna.study.study - INFO - Trial 15 finished with value: 0.04510009951816854 and parameters: {'n_layers': 3, 'embedding_dim': 256, 'lr': 0.01584080216185773, 'lambda_val': 0.00022437083928276787, 'batch_size': 2140, 'optimizer': 'RMSprop'}. Best is trial 11 with value: 0.06390354129000528.
2026-05-09 22:19:40,636 - optuna.study._optimize - INFO - Trial 16 pruned. 
2026-05-09 22:20:07,938 - optuna.study.study - INFO - Trial 17 finished with value: 0.06791036999548765 and parameters: {'n_layers': 1, 'embedding_dim': 96, 'lr': 0.036828016413693154, 'lambda_val': 0.0058493828696734715, 'batch_size': 986, 'optimizer': 'RMSprop'}. Best is trial 17 with value: 0.06791036999548765.
2026-05-09 22:20:08,903 - optuna.study._optimize - INFO - Trial 18 pruned. 
2026-05-09 22:20:09,757 - optuna.study._optimize - INFO - Trial 19 pruned. 
2026-05-09 22:20:10,986 - optuna.study._optimize - INFO - Trial 20 pruned. 
2026-05-09 22:20:11,829 - optuna.study._optimize - INFO - Trial 21 pruned. 
2026-05-09 22:20:14,811 - optuna.study._optimize - INFO - Trial 22 pruned. 
2026-05-09 22:20:15,752 - optuna.study._optimize - INFO - Trial 23 pruned. 
2026-05-09 22:20:46,944 - optuna.study.study - INFO - Trial 24 finished with value: 0.04614070535130248 and parameters: {'n_layers': 2, 'embedding_dim': 96, 'lr': 0.03841405477427237, 'lambda_val': 0.0019444479500245312, 'batch_size': 1203, 'optimizer': 'RMSprop'}. Best is trial 17 with value: 0.06791036999548765.
2026-05-09 22:20:48,013 - optuna.study._optimize - INFO - Trial 25 pruned. 
2026-05-09 22:20:49,410 - optuna.study._optimize - INFO - Trial 26 pruned. 
2026-05-09 22:21:11,890 - optuna.study._optimize - INFO - Trial 27 pruned. 
2026-05-09 22:21:12,944 - optuna.study._optimize - INFO - Trial 28 pruned. 
2026-05-09 22:21:14,209 - optuna.study._optimize - INFO - Trial 29 pruned. 
2026-05-09 22:21:15,456 - optuna.study._optimize - INFO - Trial 30 pruned. 
2026-05-09 22:21:46,371 - optuna.study.study - INFO - Trial 31 finished with value: 0.03860014645778355 and parameters: {'n_layers': 2, 'embedding_dim': 96, 'lr': 0.05350657876041615, 'lambda_val': 0.001965701382384213, 'batch_size': 1184, 'optimizer': 'RMSprop'}. Best is trial 17 with value: 0.06791036999548765.
2026-05-09 22:22:12,424 - optuna.study.study - INFO - Trial 32 finished with value: 0.056902351797331996 and parameters: {'n_layers': 1, 'embedding_dim': 96, 'lr': 0.024238051065574084, 'lambda_val': 0.00020581442884697398, 'batch_size': 959, 'optimizer': 'RMSprop'}. Best is trial 17 with value: 0.06791036999548765.
2026-05-09 22:22:13,319 - optuna.study._optimize - INFO - Trial 33 pruned. 
2026-05-09 22:22:14,283 - optuna.study._optimize - INFO - Trial 34 pruned. 
2026-05-09 22:22:15,618 - optuna.study._optimize - INFO - Trial 35 pruned. 
2026-05-09 22:22:16,552 - optuna.study._optimize - INFO - Trial 36 pruned. 
2026-05-09 22:22:18,414 - optuna.study._optimize - INFO - Trial 37 pruned. 
2026-05-09 22:22:19,525 - optuna.study._optimize - INFO - Trial 38 pruned. 
2026-05-09 22:22:20,625 - optuna.study._optimize - INFO - Trial 39 pruned. 
2026-05-09 22:22:21,954 - optuna.study._optimize - INFO - Trial 40 pruned. 
2026-05-09 22:22:35,538 - optuna.study._optimize - INFO - Trial 41 pruned. 
2026-05-09 22:23:06,414 - optuna.study.study - INFO - Trial 42 finished with value: 0.04300512782105458 and parameters: {'n_layers': 2, 'embedding_dim': 96, 'lr': 0.04293922687126302, 'lambda_val': 0.0024487703162209286, 'batch_size': 750, 'optimizer': 'RMSprop'}. Best is trial 17 with value: 0.06791036999548765.
2026-05-09 22:23:07,430 - optuna.study._optimize - INFO - Trial 43 pruned. 
2026-05-09 22:23:11,425 - optuna.study._optimize - INFO - Trial 44 pruned. 
2026-05-09 22:23:12,354 - optuna.study._optimize - INFO - Trial 45 pruned. 
2026-05-09 22:23:18,294 - optuna.study._optimize - INFO - Trial 46 pruned. 
2026-05-09 22:23:19,633 - optuna.study._optimize - INFO - Trial 47 pruned. 
2026-05-09 22:23:20,563 - optuna.study._optimize - INFO - Trial 48 pruned. 
2026-05-09 22:23:33,258 - optuna.study._optimize - INFO - Trial 49 pruned. 
2026-05-09 22:23:34,246 - optuna.study._optimize - INFO - Trial 50 pruned. 
2026-05-09 22:24:26,050 - optuna.study.study - INFO - Trial 51 finished with value: 0.03835456597673046 and parameters: {'n_layers': 3, 'embedding_dim': 256, 'lr': 0.014278719169434904, 'lambda_val': 0.0005909663170597603, 'batch_size': 3136, 'optimizer': 'RMSprop'}. Best is trial 17 with value: 0.06791036999548765.
2026-05-09 22:24:54,027 - optuna.study._optimize - INFO - Trial 52 pruned. 
2026-05-09 22:25:01,433 - optuna.study._optimize - INFO - Trial 53 pruned. 
2026-05-09 22:25:51,615 - optuna.study.study - INFO - Trial 54 finished with value: 0.04325800657062903 and parameters: {'n_layers': 3, 'embedding_dim': 256, 'lr': 0.009175311971186269, 'lambda_val': 0.00015737263791202908, 'batch_size': 2123, 'optimizer': 'RMSprop'}. Best is trial 17 with value: 0.06791036999548765.
2026-05-09 22:25:56,370 - optuna.study._optimize - INFO - Trial 55 pruned. 
2026-05-09 22:25:57,874 - optuna.study._optimize - INFO - Trial 56 pruned. 
2026-05-09 22:25:58,920 - optuna.study._optimize - INFO - Trial 57 pruned. 
2026-05-09 22:26:39,148 - optuna.study.study - INFO - Trial 58 finished with value: 0.04982063851955345 and parameters: {'n_layers': 2, 'embedding_dim': 256, 'lr': 0.02052939560104387, 'lambda_val': 0.0002692197034552448, 'batch_size': 531, 'optimizer': 'RMSprop'}. Best is trial 17 with value: 0.06791036999548765.
2026-05-09 22:26:55,484 - optuna.study._optimize - INFO - Trial 59 pruned. 
2026-05-09 22:26:56,501 - optuna.study._optimize - INFO - Trial 60 pruned. 
2026-05-09 22:27:44,529 - optuna.study.study - INFO - Trial 61 finished with value: 0.05011759477068925 and parameters: {'n_layers': 2, 'embedding_dim': 256, 'lr': 0.03393325068503792, 'lambda_val': 0.0002311764664498681, 'batch_size': 639, 'optimizer': 'RMSprop'}. Best is trial 17 with value: 0.06791036999548765.
2026-05-09 22:28:25,227 - optuna.study.study - INFO - Trial 62 finished with value: 0.04777338403665137 and parameters: {'n_layers': 2, 'embedding_dim': 256, 'lr': 0.04135429115332803, 'lambda_val': 0.0005537586447366714, 'batch_size': 654, 'optimizer': 'RMSprop'}. Best is trial 17 with value: 0.06791036999548765.
2026-05-09 22:29:05,666 - optuna.study.study - INFO - Trial 63 finished with value: 0.0462398914711716 and parameters: {'n_layers': 2, 'embedding_dim': 256, 'lr': 0.026159002612679283, 'lambda_val': 0.00021775342718076873, 'batch_size': 513, 'optimizer': 'RMSprop'}. Best is trial 17 with value: 0.06791036999548765.
2026-05-09 22:29:28,347 - optuna.study._optimize - INFO - Trial 64 pruned. 
2026-05-09 22:29:29,321 - optuna.study._optimize - INFO - Trial 65 pruned. 
2026-05-09 22:30:09,927 - optuna.study.study - INFO - Trial 66 finished with value: 0.04007656029886762 and parameters: {'n_layers': 2, 'embedding_dim': 256, 'lr': 0.07408046617730514, 'lambda_val': 0.0002685799484021503, 'batch_size': 611, 'optimizer': 'RMSprop'}. Best is trial 17 with value: 0.06791036999548765.
2026-05-09 22:30:11,290 - optuna.study._optimize - INFO - Trial 67 pruned. 
2026-05-09 22:30:12,511 - optuna.study._optimize - INFO - Trial 68 pruned. 
2026-05-09 22:30:13,691 - optuna.study._optimize - INFO - Trial 69 pruned. 
2026-05-09 22:30:53,906 - optuna.study.study - INFO - Trial 70 finished with value: 0.008747680414108453 and parameters: {'n_layers': 2, 'embedding_dim': 256, 'lr': 0.05470170703953, 'lambda_val': 4.523159545940822e-05, 'batch_size': 514, 'optimizer': 'RMSprop'}. Best is trial 17 with value: 0.06791036999548765.
2026-05-09 22:31:34,840 - optuna.study.study - INFO - Trial 71 finished with value: 0.042858929463543145 and parameters: {'n_layers': 2, 'embedding_dim': 256, 'lr': 0.02756606535173997, 'lambda_val': 0.0001467192376618383, 'batch_size': 623, 'optimizer': 'RMSprop'}. Best is trial 17 with value: 0.06791036999548765.
2026-05-09 22:32:15,256 - optuna.study.study - INFO - Trial 72 finished with value: 0.042782774034728605 and parameters: {'n_layers': 2, 'embedding_dim': 256, 'lr': 0.016112156906182878, 'lambda_val': 0.00019488910861618846, 'batch_size': 774, 'optimizer': 'RMSprop'}. Best is trial 17 with value: 0.06791036999548765.
2026-05-09 22:32:56,272 - optuna.study.study - INFO - Trial 73 finished with value: 0.05065188698917794 and parameters: {'n_layers': 2, 'embedding_dim': 256, 'lr': 0.031337079559630464, 'lambda_val': 0.0004416060127772273, 'batch_size': 518, 'optimizer': 'RMSprop'}. Best is trial 17 with value: 0.06791036999548765.
2026-05-09 22:32:57,386 - optuna.study._optimize - INFO - Trial 74 pruned. 
2026-05-09 22:32:58,452 - optuna.study._optimize - INFO - Trial 75 pruned. 
2026-05-09 22:32:59,762 - optuna.study._optimize - INFO - Trial 76 pruned. 
2026-05-09 22:33:00,929 - optuna.study._optimize - INFO - Trial 77 pruned. 
2026-05-09 22:33:02,110 - optuna.study._optimize - INFO - Trial 78 pruned. 
2026-05-09 22:33:46,427 - optuna.study.study - INFO - Trial 79 finished with value: 0.04450923214355984 and parameters: {'n_layers': 2, 'embedding_dim': 256, 'lr': 0.053244742922438915, 'lambda_val': 0.0013650690917283927, 'batch_size': 723, 'optimizer': 'RMSprop'}. Best is trial 17 with value: 0.06791036999548765.
2026-05-09 22:33:47,447 - optuna.study._optimize - INFO - Trial 80 pruned. 
2026-05-09 22:34:28,060 - optuna.study.study - INFO - Trial 81 finished with value: 0.054955575931786044 and parameters: {'n_layers': 2, 'embedding_dim': 256, 'lr': 0.028092470236232223, 'lambda_val': 0.0002558287532450854, 'batch_size': 523, 'optimizer': 'RMSprop'}. Best is trial 17 with value: 0.06791036999548765.
2026-05-09 22:35:09,179 - optuna.study.study - INFO - Trial 82 finished with value: 0.04907584722763174 and parameters: {'n_layers': 2, 'embedding_dim': 256, 'lr': 0.03052205441372623, 'lambda_val': 0.00023118096956086537, 'batch_size': 517, 'optimizer': 'RMSprop'}. Best is trial 17 with value: 0.06791036999548765.
2026-05-09 22:35:20,257 - optuna.study._optimize - INFO - Trial 83 pruned. 
2026-05-09 22:36:01,160 - optuna.study.study - INFO - Trial 84 finished with value: 0.046587055469744384 and parameters: {'n_layers': 2, 'embedding_dim': 256, 'lr': 0.01937582106458983, 'lambda_val': 0.0002269592257502902, 'batch_size': 764, 'optimizer': 'RMSprop'}. Best is trial 17 with value: 0.06791036999548765.
2026-05-09 22:36:02,236 - optuna.study._optimize - INFO - Trial 85 pruned. 
2026-05-09 22:36:03,613 - optuna.study._optimize - INFO - Trial 86 pruned. 
2026-05-09 22:36:04,772 - optuna.study._optimize - INFO - Trial 87 pruned. 
2026-05-09 22:36:05,920 - optuna.study._optimize - INFO - Trial 88 pruned. 
2026-05-09 22:36:07,221 - optuna.study._optimize - INFO - Trial 89 pruned. 
2026-05-09 22:36:08,200 - optuna.study._optimize - INFO - Trial 90 pruned. 
2026-05-09 22:36:48,775 - optuna.study.study - INFO - Trial 91 finished with value: 0.04973831425744481 and parameters: {'n_layers': 2, 'embedding_dim': 256, 'lr': 0.041894993642601484, 'lambda_val': 0.0005443325834316853, 'batch_size': 676, 'optimizer': 'RMSprop'}. Best is trial 17 with value: 0.06791036999548765.
2026-05-09 22:37:29,459 - optuna.study.study - INFO - Trial 92 finished with value: 0.05540749739380546 and parameters: {'n_layers': 2, 'embedding_dim': 256, 'lr': 0.02292452559260913, 'lambda_val': 0.0003600381037436561, 'batch_size': 663, 'optimizer': 'RMSprop'}. Best is trial 17 with value: 0.06791036999548765.
2026-05-09 22:37:45,027 - optuna.study._optimize - INFO - Trial 93 pruned. 
2026-05-09 22:38:25,650 - optuna.study.study - INFO - Trial 94 finished with value: 0.052862769511556586 and parameters: {'n_layers': 2, 'embedding_dim': 256, 'lr': 0.02300281541602017, 'lambda_val': 0.0003638083515836345, 'batch_size': 657, 'optimizer': 'RMSprop'}. Best is trial 17 with value: 0.06791036999548765.
2026-05-09 22:38:26,858 - optuna.study._optimize - INFO - Trial 95 pruned. 
2026-05-09 22:38:27,925 - optuna.study._optimize - INFO - Trial 96 pruned. 
2026-05-09 22:38:28,940 - optuna.study._optimize - INFO - Trial 97 pruned. 
2026-05-09 22:38:29,985 - optuna.study._optimize - INFO - Trial 98 pruned. 
2026-05-09 22:38:51,473 - optuna.study._optimize - INFO - Trial 99 pruned. 
2026-05-09 22:39:12,089 - root - INFO -   **** Training e_100K_1c3dcs_rand5
2026-05-09 22:39:12,102 - root - INFO -   **** Getting 56335/65410 random edges
2026-05-09 22:39:12,914 - optuna.storages._rdb.storage - INFO - A new study created in RDB with name: Study_e_100K_1c3dcs_rand5
2026-05-09 22:39:47,665 - optuna.study.study - INFO - Trial 0 finished with value: 0.04834816989930386 and parameters: {'n_layers': 4, 'embedding_dim': 32, 'lr': 8.314426337443011e-05, 'lambda_val': 1.4406191774810474e-05, 'batch_size': 3829, 'optimizer': 'RMSprop'}. Best is trial 0 with value: 0.04834816989930386.
2026-05-09 22:40:33,663 - optuna.study.study - INFO - Trial 1 finished with value: 0.05533924866101368 and parameters: {'n_layers': 3, 'embedding_dim': 128, 'lr': 2.885590443477823e-05, 'lambda_val': 7.21862935069882e-05, 'batch_size': 680, 'optimizer': 'Adam'}. Best is trial 1 with value: 0.05533924866101368.
2026-05-09 22:41:34,864 - optuna.study.study - INFO - Trial 2 finished with value: 0.013985576552605915 and parameters: {'n_layers': 4, 'embedding_dim': 256, 'lr': 0.0003277773166603891, 'lambda_val': 0.01971813209877781, 'batch_size': 2300, 'optimizer': 'Adam'}. Best is trial 1 with value: 0.05533924866101368.
2026-05-09 22:42:18,127 - optuna.study.study - INFO - Trial 3 finished with value: 0.012659303371493862 and parameters: {'n_layers': 4, 'embedding_dim': 128, 'lr': 0.0017492163815664291, 'lambda_val': 0.025517561302075546, 'batch_size': 855, 'optimizer': 'RMSprop'}. Best is trial 1 with value: 0.05533924866101368.
2026-05-09 22:43:07,289 - optuna.study.study - INFO - Trial 4 finished with value: 0.02490852081785814 and parameters: {'n_layers': 4, 'embedding_dim': 64, 'lr': 0.008753111839813891, 'lambda_val': 0.0001489612634069674, 'batch_size': 2415, 'optimizer': 'Adam'}. Best is trial 1 with value: 0.05533924866101368.
2026-05-09 22:43:08,354 - optuna.study._optimize - INFO - Trial 5 pruned. 
2026-05-09 22:43:09,620 - optuna.study._optimize - INFO - Trial 6 pruned. 
2026-05-09 22:44:19,852 - optuna.study.study - INFO - Trial 7 finished with value: 0.03329156701962356 and parameters: {'n_layers': 4, 'embedding_dim': 256, 'lr': 0.017298890125111568, 'lambda_val': 5.810215778260434e-05, 'batch_size': 3373, 'optimizer': 'RMSprop'}. Best is trial 1 with value: 0.05533924866101368.
2026-05-09 22:44:21,641 - optuna.study._optimize - INFO - Trial 8 pruned. 
2026-05-09 22:44:54,332 - optuna.study.study - INFO - Trial 9 finished with value: 0.012424882836788055 and parameters: {'n_layers': 3, 'embedding_dim': 32, 'lr': 0.00017165606592814672, 'lambda_val': 0.0003141305915095628, 'batch_size': 3274, 'optimizer': 'RMSprop'}. Best is trial 1 with value: 0.05533924866101368.
2026-05-09 22:44:56,132 - optuna.study._optimize - INFO - Trial 10 pruned. 
2026-05-09 22:44:57,962 - optuna.study._optimize - INFO - Trial 11 pruned. 
2026-05-09 22:44:59,637 - optuna.study._optimize - INFO - Trial 12 pruned. 
2026-05-09 22:45:00,715 - optuna.study._optimize - INFO - Trial 13 pruned. 
2026-05-09 22:45:02,012 - optuna.study._optimize - INFO - Trial 14 pruned. 
2026-05-09 22:45:03,105 - optuna.study._optimize - INFO - Trial 15 pruned. 
2026-05-09 22:45:04,254 - optuna.study._optimize - INFO - Trial 16 pruned. 
2026-05-09 22:45:06,230 - optuna.study._optimize - INFO - Trial 17 pruned. 
2026-05-09 22:45:18,303 - optuna.study._optimize - INFO - Trial 18 pruned. 
2026-05-09 22:45:20,176 - optuna.study._optimize - INFO - Trial 19 pruned. 
2026-05-09 22:45:21,220 - optuna.study._optimize - INFO - Trial 20 pruned. 
2026-05-09 22:46:37,568 - optuna.study.study - INFO - Trial 21 finished with value: 0.03086230335919596 and parameters: {'n_layers': 4, 'embedding_dim': 256, 'lr': 0.052102352476964896, 'lambda_val': 5.659024994282254e-05, 'batch_size': 3620, 'optimizer': 'RMSprop'}. Best is trial 1 with value: 0.05533924866101368.
2026-05-09 22:47:53,761 - optuna.study.study - INFO - Trial 22 finished with value: 0.028362587844290403 and parameters: {'n_layers': 4, 'embedding_dim': 256, 'lr': 0.029151645058187237, 'lambda_val': 2.412753777467662e-05, 'batch_size': 4049, 'optimizer': 'RMSprop'}. Best is trial 1 with value: 0.05533924866101368.
2026-05-09 22:48:57,181 - optuna.study.study - INFO - Trial 23 finished with value: 0.027742820104973528 and parameters: {'n_layers': 3, 'embedding_dim': 256, 'lr': 0.0025533488970505445, 'lambda_val': 7.287225231603348e-05, 'batch_size': 3602, 'optimizer': 'RMSprop'}. Best is trial 1 with value: 0.05533924866101368.
2026-05-09 22:49:45,835 - optuna.study.study - INFO - Trial 24 finished with value: 0.02446520543132733 and parameters: {'n_layers': 4, 'embedding_dim': 128, 'lr': 0.02260902002773243, 'lambda_val': 9.791313486437226e-06, 'batch_size': 2712, 'optimizer': 'RMSprop'}. Best is trial 1 with value: 0.05533924866101368.
2026-05-09 22:49:46,862 - optuna.study._optimize - INFO - Trial 25 pruned. 
2026-05-09 22:49:48,235 - optuna.study._optimize - INFO - Trial 26 pruned. 
2026-05-09 22:49:50,019 - optuna.study._optimize - INFO - Trial 27 pruned. 
2026-05-09 22:49:50,920 - optuna.study._optimize - INFO - Trial 28 pruned. 
2026-05-09 22:49:51,817 - optuna.study._optimize - INFO - Trial 29 pruned. 
2026-05-09 22:50:39,565 - optuna.study.study - INFO - Trial 30 finished with value: 0.035679335672708395 and parameters: {'n_layers': 2, 'embedding_dim': 256, 'lr': 0.0007518481530947555, 'lambda_val': 3.09284540259173e-06, 'batch_size': 2852, 'optimizer': 'Adam'}. Best is trial 1 with value: 0.05533924866101368.
2026-05-09 22:50:40,927 - optuna.study._optimize - INFO - Trial 31 pruned. 
2026-05-09 22:50:42,170 - optuna.study._optimize - INFO - Trial 32 pruned. 
2026-05-09 22:50:43,122 - optuna.study._optimize - INFO - Trial 33 pruned. 
2026-05-09 22:50:44,218 - optuna.study._optimize - INFO - Trial 34 pruned. 
2026-05-09 22:50:45,369 - optuna.study._optimize - INFO - Trial 35 pruned. 
2026-05-09 22:50:46,354 - optuna.study._optimize - INFO - Trial 36 pruned. 
2026-05-09 22:50:49,258 - optuna.study._optimize - INFO - Trial 37 pruned. 
2026-05-09 22:50:50,254 - optuna.study._optimize - INFO - Trial 38 pruned. 
2026-05-09 22:50:51,205 - optuna.study._optimize - INFO - Trial 39 pruned. 
2026-05-09 22:50:52,245 - optuna.study._optimize - INFO - Trial 40 pruned. 
2026-05-09 22:51:58,192 - optuna.study.study - INFO - Trial 41 finished with value: 0.03514661640303925 and parameters: {'n_layers': 4, 'embedding_dim': 256, 'lr': 0.07217061569240331, 'lambda_val': 6.197728007438597e-05, 'batch_size': 3707, 'optimizer': 'RMSprop'}. Best is trial 1 with value: 0.05533924866101368.
2026-05-09 22:53:08,989 - optuna.study.study - INFO - Trial 42 finished with value: 0.03172029447753077 and parameters: {'n_layers': 4, 'embedding_dim': 256, 'lr': 0.09206478064892834, 'lambda_val': 0.0002589419686870443, 'batch_size': 3283, 'optimizer': 'RMSprop'}. Best is trial 1 with value: 0.05533924866101368.
2026-05-09 22:54:13,042 - optuna.study.study - INFO - Trial 43 finished with value: 0.03397597503715699 and parameters: {'n_layers': 4, 'embedding_dim': 256, 'lr': 0.04144763186422692, 'lambda_val': 8.9085299976867e-05, 'batch_size': 3842, 'optimizer': 'RMSprop'}. Best is trial 1 with value: 0.05533924866101368.
2026-05-09 22:55:15,875 - optuna.study.study - INFO - Trial 44 finished with value: 0.036438258562320934 and parameters: {'n_layers': 4, 'embedding_dim': 256, 'lr': 0.04353630884524708, 'lambda_val': 7.407985403457348e-05, 'batch_size': 3926, 'optimizer': 'RMSprop'}. Best is trial 1 with value: 0.05533924866101368.
2026-05-09 22:56:02,902 - optuna.study.study - INFO - Trial 45 finished with value: 0.01662415997569197 and parameters: {'n_layers': 4, 'embedding_dim': 128, 'lr': 0.04495458738785791, 'lambda_val': 7.403273915128319e-06, 'batch_size': 3706, 'optimizer': 'RMSprop'}. Best is trial 1 with value: 0.05533924866101368.
2026-05-09 22:56:04,066 - optuna.study._optimize - INFO - Trial 46 pruned. 
2026-05-09 22:56:05,142 - optuna.study._optimize - INFO - Trial 47 pruned. 
2026-05-09 22:56:06,076 - optuna.study._optimize - INFO - Trial 48 pruned. 
2026-05-09 22:56:07,065 - optuna.study._optimize - INFO - Trial 49 pruned. 
2026-05-09 22:56:09,956 - optuna.study._optimize - INFO - Trial 50 pruned. 
2026-05-09 22:57:11,629 - optuna.study.study - INFO - Trial 51 finished with value: 0.03376919553848316 and parameters: {'n_layers': 4, 'embedding_dim': 256, 'lr': 0.03498853238419124, 'lambda_val': 8.314704444073593e-05, 'batch_size': 3840, 'optimizer': 'RMSprop'}. Best is trial 1 with value: 0.05533924866101368.
2026-05-09 22:57:12,561 - optuna.study._optimize - INFO - Trial 52 pruned. 
2026-05-09 22:57:13,615 - optuna.study._optimize - INFO - Trial 53 pruned. 
2026-05-09 22:58:21,255 - optuna.study.study - INFO - Trial 54 finished with value: 0.025942846809771897 and parameters: {'n_layers': 4, 'embedding_dim': 256, 'lr': 0.03923612418679679, 'lambda_val': 0.00044026638845876253, 'batch_size': 3980, 'optimizer': 'RMSprop'}. Best is trial 1 with value: 0.05533924866101368.
2026-05-09 22:58:22,227 - optuna.study._optimize - INFO - Trial 55 pruned. 
2026-05-09 22:58:23,179 - optuna.study._optimize - INFO - Trial 56 pruned. 
2026-05-09 22:58:24,186 - optuna.study._optimize - INFO - Trial 57 pruned. 
2026-05-09 22:58:25,171 - optuna.study._optimize - INFO - Trial 58 pruned. 
2026-05-09 22:58:26,155 - optuna.study._optimize - INFO - Trial 59 pruned. 
2026-05-09 22:58:27,151 - optuna.study._optimize - INFO - Trial 60 pruned. 
2026-05-09 22:59:29,584 - optuna.study.study - INFO - Trial 61 finished with value: 0.03150563785303993 and parameters: {'n_layers': 4, 'embedding_dim': 256, 'lr': 0.03373359709851746, 'lambda_val': 8.227465316132452e-05, 'batch_size': 3876, 'optimizer': 'RMSprop'}. Best is trial 1 with value: 0.05533924866101368.
2026-05-09 23:00:38,037 - optuna.study.study - INFO - Trial 62 finished with value: 0.03157309567791257 and parameters: {'n_layers': 4, 'embedding_dim': 256, 'lr': 0.050598081329437536, 'lambda_val': 0.0001702784477109231, 'batch_size': 4046, 'optimizer': 'RMSprop'}. Best is trial 1 with value: 0.05533924866101368.
2026-05-09 23:00:39,009 - optuna.study._optimize - INFO - Trial 63 pruned. 
2026-05-09 23:00:40,094 - optuna.study._optimize - INFO - Trial 64 pruned. 
2026-05-09 23:00:41,445 - optuna.study._optimize - INFO - Trial 65 pruned. 
2026-05-09 23:00:42,452 - optuna.study._optimize - INFO - Trial 66 pruned. 
2026-05-09 23:00:43,883 - optuna.study._optimize - INFO - Trial 67 pruned. 
2026-05-09 23:00:45,332 - optuna.study._optimize - INFO - Trial 68 pruned. 
2026-05-09 23:00:46,317 - optuna.study._optimize - INFO - Trial 69 pruned. 
2026-05-09 23:00:47,667 - optuna.study._optimize - INFO - Trial 70 pruned. 
2026-05-09 23:00:48,618 - optuna.study._optimize - INFO - Trial 71 pruned. 
2026-05-09 23:00:49,767 - optuna.study._optimize - INFO - Trial 72 pruned. 
2026-05-09 23:00:51,130 - optuna.study._optimize - INFO - Trial 73 pruned. 
2026-05-09 23:00:52,155 - optuna.study._optimize - INFO - Trial 74 pruned. 
2026-05-09 23:00:53,277 - optuna.study._optimize - INFO - Trial 75 pruned. 
2026-05-09 23:01:37,377 - optuna.study.study - INFO - Trial 76 finished with value: 0.041551345722002246 and parameters: {'n_layers': 4, 'embedding_dim': 128, 'lr': 0.09656239722519362, 'lambda_val': 0.0001886580163158608, 'batch_size': 534, 'optimizer': 'RMSprop'}. Best is trial 1 with value: 0.05533924866101368.
2026-05-09 23:01:38,393 - optuna.study._optimize - INFO - Trial 77 pruned. 
2026-05-09 23:01:39,467 - optuna.study._optimize - INFO - Trial 78 pruned. 
2026-05-09 23:02:22,497 - optuna.study.study - INFO - Trial 79 finished with value: 0.013041289994583883 and parameters: {'n_layers': 4, 'embedding_dim': 128, 'lr': 0.05961882837413816, 'lambda_val': 1.4752453051372414e-06, 'batch_size': 691, 'optimizer': 'RMSprop'}. Best is trial 1 with value: 0.05533924866101368.
2026-05-09 23:02:23,512 - optuna.study._optimize - INFO - Trial 80 pruned. 
2026-05-09 23:02:24,885 - optuna.study._optimize - INFO - Trial 81 pruned. 
2026-05-09 23:03:08,387 - optuna.study.study - INFO - Trial 82 finished with value: 0.03995072692868185 and parameters: {'n_layers': 4, 'embedding_dim': 128, 'lr': 0.021307688352281896, 'lambda_val': 0.00014217626109513687, 'batch_size': 546, 'optimizer': 'RMSprop'}. Best is trial 1 with value: 0.05533924866101368.
2026-05-09 23:03:51,415 - optuna.study.study - INFO - Trial 83 finished with value: 0.03587151844197439 and parameters: {'n_layers': 4, 'embedding_dim': 128, 'lr': 0.02331178651545509, 'lambda_val': 0.00026570721106214184, 'batch_size': 543, 'optimizer': 'RMSprop'}. Best is trial 1 with value: 0.05533924866101368.
2026-05-09 23:04:34,033 - optuna.study.study - INFO - Trial 84 finished with value: 0.02829155539416298 and parameters: {'n_layers': 4, 'embedding_dim': 128, 'lr': 0.02789495624707298, 'lambda_val': 0.0009532654850827069, 'batch_size': 562, 'optimizer': 'RMSprop'}. Best is trial 1 with value: 0.05533924866101368.
2026-05-09 23:04:39,041 - optuna.study._optimize - INFO - Trial 85 pruned. 
2026-05-09 23:04:45,953 - optuna.study._optimize - INFO - Trial 86 pruned. 
2026-05-09 23:04:47,181 - optuna.study._optimize - INFO - Trial 87 pruned. 
2026-05-09 23:04:48,199 - optuna.study._optimize - INFO - Trial 88 pruned. 
2026-05-09 23:04:49,439 - optuna.study._optimize - INFO - Trial 89 pruned. 
2026-05-09 23:04:50,390 - optuna.study._optimize - INFO - Trial 90 pruned. 
2026-05-09 23:04:51,766 - optuna.study._optimize - INFO - Trial 91 pruned. 
2026-05-09 23:04:52,852 - optuna.study._optimize - INFO - Trial 92 pruned. 
2026-05-09 23:05:33,233 - optuna.study.study - INFO - Trial 93 finished with value: 0.030445468638465638 and parameters: {'n_layers': 4, 'embedding_dim': 96, 'lr': 0.034900441781842734, 'lambda_val': 0.0002512328966339299, 'batch_size': 710, 'optimizer': 'RMSprop'}. Best is trial 1 with value: 0.05533924866101368.
2026-05-09 23:05:34,358 - optuna.study._optimize - INFO - Trial 94 pruned. 
2026-05-09 23:05:35,516 - optuna.study._optimize - INFO - Trial 95 pruned. 
2026-05-09 23:05:36,642 - optuna.study._optimize - INFO - Trial 96 pruned. 
2026-05-09 23:05:38,321 - optuna.study._optimize - INFO - Trial 97 pruned. 
2026-05-09 23:05:39,590 - optuna.study._optimize - INFO - Trial 98 pruned. 
2026-05-09 23:05:40,761 - optuna.study._optimize - INFO - Trial 99 pruned. 
