2026-05-13 03:15:59,509 - root - INFO - **** Training e_100K_full
2026-05-13 03:15:59,532 - helper_functions - INFO - Users: 610, Items: 9742
2026-05-13 03:15:59,662 - helper_functions - INFO - Edge index: torch.Size([2, 81763])
2026-05-13 03:15:59,662 - root - INFO - **** Generating the graph:
2026-05-13 03:15:59,728 - helper_functions - INFO - Number of unique users: 609
2026-05-13 03:15:59,729 - helper_functions - INFO - Number of unique items: 8452
2026-05-13 03:15:59,729 - helper_functions - INFO - Number of nodes: 9061
2026-05-13 03:15:59,731 - helper_functions - INFO - Number of edges: 81763
2026-05-13 03:16:01,825 - optuna.storages._rdb.storage - INFO - A new study created in RDB with name: Study_e_100K_full
2026-05-13 03:16:27,963 - optuna.study.study - INFO - Trial 0 finished with value: 0.07930989030781173 and parameters: {'n_layers': 1, 'embedding_dim': 96, 'lr': 0.049359047470557, 'lambda_val': 0.0036304307441874014, 'batch_size': 1594, 'optimizer': 'RMSprop'}. Best is trial 0 with value: 0.07930989030781173.
2026-05-13 03:17:01,570 - optuna.study.study - INFO - Trial 1 finished with value: 0.049628899623992286 and parameters: {'n_layers': 2, 'embedding_dim': 128, 'lr': 0.008376005650152106, 'lambda_val': 0.0004481186090372136, 'batch_size': 1573, 'optimizer': 'Adam'}. Best is trial 0 with value: 0.07930989030781173.
2026-05-13 03:17:32,346 - optuna.study.study - INFO - Trial 2 finished with value: 0.03052619354948984 and parameters: {'n_layers': 2, 'embedding_dim': 64, 'lr': 0.024242140237373887, 'lambda_val': 6.612705635017582e-06, 'batch_size': 620, 'optimizer': 'Adam'}. Best is trial 0 with value: 0.07930989030781173.
2026-05-13 03:18:06,120 - optuna.study.study - INFO - Trial 3 finished with value: 0.003716901338428716 and parameters: {'n_layers': 1, 'embedding_dim': 256, 'lr': 1.896760539803327e-05, 'lambda_val': 0.0004042341437686111, 'batch_size': 2717, 'optimizer': 'SGD'}. Best is trial 0 with value: 0.07930989030781173.
2026-05-13 03:19:00,645 - optuna.study.study - INFO - Trial 4 finished with value: 0.06194125064048756 and parameters: {'n_layers': 4, 'embedding_dim': 128, 'lr': 5.148263672346044e-05, 'lambda_val': 1.218050857160634e-06, 'batch_size': 1568, 'optimizer': 'RMSprop'}. Best is trial 0 with value: 0.07930989030781173.
2026-05-13 03:19:06,813 - optuna.study._optimize - INFO - Trial 5 pruned. 
2026-05-13 03:19:11,080 - optuna.study._optimize - INFO - Trial 6 pruned. 
2026-05-13 03:19:18,056 - optuna.study._optimize - INFO - Trial 7 pruned. 
2026-05-13 03:19:22,954 - optuna.study._optimize - INFO - Trial 8 pruned. 
2026-05-13 03:19:43,877 - optuna.study._optimize - INFO - Trial 9 pruned. 
2026-05-13 03:19:48,829 - optuna.study._optimize - INFO - Trial 10 pruned. 
2026-05-13 03:19:54,445 - optuna.study._optimize - INFO - Trial 11 pruned. 
2026-05-13 03:20:26,475 - optuna.study._optimize - INFO - Trial 12 pruned. 
2026-05-13 03:20:32,180 - optuna.study._optimize - INFO - Trial 13 pruned. 
2026-05-13 03:20:37,243 - optuna.study._optimize - INFO - Trial 14 pruned. 
2026-05-13 03:20:41,244 - optuna.study._optimize - INFO - Trial 15 pruned. 
2026-05-13 03:20:50,298 - optuna.study._optimize - INFO - Trial 16 pruned. 
2026-05-13 03:21:32,643 - optuna.study.study - INFO - Trial 17 finished with value: 0.03453581868368005 and parameters: {'n_layers': 1, 'embedding_dim': 96, 'lr': 0.0002509578367985957, 'lambda_val': 0.019189002427682476, 'batch_size': 3170, 'optimizer': 'RMSprop'}. Best is trial 0 with value: 0.07930989030781173.
2026-05-13 03:21:37,709 - optuna.study._optimize - INFO - Trial 18 pruned. 
2026-05-13 03:21:41,789 - optuna.study._optimize - INFO - Trial 19 pruned. 
2026-05-13 03:22:16,024 - optuna.study.study - INFO - Trial 20 finished with value: 0.013498879428171956 and parameters: {'n_layers': 4, 'embedding_dim': 32, 'lr': 0.000372474658069074, 'lambda_val': 0.00018003468424082335, 'batch_size': 1741, 'optimizer': 'RMSprop'}. Best is trial 0 with value: 0.07930989030781173.
2026-05-13 03:22:19,981 - optuna.study._optimize - INFO - Trial 21 pruned. 
2026-05-13 03:22:55,636 - optuna.study.study - INFO - Trial 22 finished with value: 0.07832174045332758 and parameters: {'n_layers': 1, 'embedding_dim': 128, 'lr': 0.042996564888745814, 'lambda_val': 0.0011316354475550652, 'batch_size': 1886, 'optimizer': 'Adam'}. Best is trial 0 with value: 0.07930989030781173.
2026-05-13 03:23:25,971 - optuna.study.study - INFO - Trial 23 finished with value: 0.08695319385376853 and parameters: {'n_layers': 1, 'embedding_dim': 128, 'lr': 0.04002713018769148, 'lambda_val': 0.001461827752640327, 'batch_size': 1937, 'optimizer': 'Adam'}. Best is trial 23 with value: 0.08695319385376853.
2026-05-13 03:23:56,382 - optuna.study.study - INFO - Trial 24 finished with value: 0.0932340954776268 and parameters: {'n_layers': 1, 'embedding_dim': 128, 'lr': 0.04274306928041263, 'lambda_val': 0.001474252041969083, 'batch_size': 2038, 'optimizer': 'Adam'}. Best is trial 24 with value: 0.0932340954776268.
2026-05-13 03:24:00,482 - optuna.study._optimize - INFO - Trial 25 pruned. 
2026-05-13 03:24:30,103 - optuna.study.study - INFO - Trial 26 finished with value: 0.07984489541590128 and parameters: {'n_layers': 1, 'embedding_dim': 96, 'lr': 0.05578834859207996, 'lambda_val': 0.002784894834873106, 'batch_size': 2007, 'optimizer': 'Adam'}. Best is trial 24 with value: 0.0932340954776268.
2026-05-13 03:24:41,543 - optuna.study._optimize - INFO - Trial 27 pruned. 
2026-05-13 03:25:11,882 - optuna.study.study - INFO - Trial 28 finished with value: 0.08335143333568629 and parameters: {'n_layers': 1, 'embedding_dim': 128, 'lr': 0.004708346257433123, 'lambda_val': 0.001023227867193783, 'batch_size': 2153, 'optimizer': 'Adam'}. Best is trial 24 with value: 0.0932340954776268.
2026-05-13 03:25:43,433 - optuna.study.study - INFO - Trial 29 finished with value: 0.06482212613607358 and parameters: {'n_layers': 1, 'embedding_dim': 128, 'lr': 0.003589097419886015, 'lambda_val': 0.00018707106323761255, 'batch_size': 2314, 'optimizer': 'Adam'}. Best is trial 24 with value: 0.0932340954776268.
2026-05-13 03:26:12,926 - optuna.study.study - INFO - Trial 30 finished with value: 0.08356009600861733 and parameters: {'n_layers': 1, 'embedding_dim': 128, 'lr': 0.004909125659458297, 'lambda_val': 0.0010264903004178567, 'batch_size': 2288, 'optimizer': 'Adam'}. Best is trial 24 with value: 0.0932340954776268.
2026-05-13 03:26:42,079 - optuna.study.study - INFO - Trial 31 finished with value: 0.08229127182775466 and parameters: {'n_layers': 1, 'embedding_dim': 128, 'lr': 0.006633979039892971, 'lambda_val': 0.0009316549848436089, 'batch_size': 2266, 'optimizer': 'Adam'}. Best is trial 24 with value: 0.0932340954776268.
2026-05-13 03:27:13,032 - optuna.study.study - INFO - Trial 32 finished with value: 0.05428098064237068 and parameters: {'n_layers': 1, 'embedding_dim': 128, 'lr': 0.0021841154109930572, 'lambda_val': 0.0002683151688249401, 'batch_size': 2631, 'optimizer': 'Adam'}. Best is trial 24 with value: 0.0932340954776268.
2026-05-13 03:27:25,874 - optuna.study._optimize - INFO - Trial 33 pruned. 
2026-05-13 03:27:33,840 - optuna.study._optimize - INFO - Trial 34 pruned. 
2026-05-13 03:28:04,423 - optuna.study.study - INFO - Trial 35 finished with value: 0.07776291395389805 and parameters: {'n_layers': 1, 'embedding_dim': 128, 'lr': 0.005555870108508883, 'lambda_val': 0.000663931527667934, 'batch_size': 1763, 'optimizer': 'Adam'}. Best is trial 24 with value: 0.0932340954776268.
2026-05-13 03:28:08,644 - optuna.study._optimize - INFO - Trial 36 pruned. 
2026-05-13 03:28:38,591 - optuna.study._optimize - INFO - Trial 37 pruned. 
2026-05-13 03:28:44,782 - optuna.study._optimize - INFO - Trial 38 pruned. 
2026-05-13 03:28:49,976 - optuna.study._optimize - INFO - Trial 39 pruned. 
2026-05-13 03:28:53,662 - optuna.study._optimize - INFO - Trial 40 pruned. 
2026-05-13 03:29:26,301 - optuna.study.study - INFO - Trial 41 finished with value: 0.0870138098294085 and parameters: {'n_layers': 1, 'embedding_dim': 128, 'lr': 0.005329489674995619, 'lambda_val': 0.0011089053788938253, 'batch_size': 2331, 'optimizer': 'Adam'}. Best is trial 24 with value: 0.0932340954776268.
2026-05-13 03:30:03,118 - optuna.study.study - INFO - Trial 42 finished with value: 0.08049868000850348 and parameters: {'n_layers': 1, 'embedding_dim': 128, 'lr': 0.004422372919430505, 'lambda_val': 0.001421935878958212, 'batch_size': 1703, 'optimizer': 'Adam'}. Best is trial 24 with value: 0.0932340954776268.
2026-05-13 03:30:06,586 - optuna.study._optimize - INFO - Trial 43 pruned. 
2026-05-13 03:30:35,096 - optuna.study.study - INFO - Trial 44 finished with value: 0.0780305286548722 and parameters: {'n_layers': 1, 'embedding_dim': 128, 'lr': 0.008905838780220693, 'lambda_val': 0.004372820086663052, 'batch_size': 1992, 'optimizer': 'Adam'}. Best is trial 24 with value: 0.0932340954776268.
2026-05-13 03:30:38,886 - optuna.study._optimize - INFO - Trial 45 pruned. 
2026-05-13 03:30:44,281 - optuna.study._optimize - INFO - Trial 46 pruned. 
2026-05-13 03:30:47,692 - optuna.study._optimize - INFO - Trial 47 pruned. 
2026-05-13 03:31:21,834 - optuna.study._optimize - INFO - Trial 48 pruned. 
2026-05-13 03:32:02,904 - optuna.study.study - INFO - Trial 49 finished with value: 0.09092538791150369 and parameters: {'n_layers': 1, 'embedding_dim': 128, 'lr': 0.004904031035350366, 'lambda_val': 0.0017469748850404037, 'batch_size': 3100, 'optimizer': 'Adam'}. Best is trial 24 with value: 0.0932340954776268.
2026-05-13 03:32:07,237 - optuna.study._optimize - INFO - Trial 50 pruned. 
2026-05-13 03:32:38,535 - optuna.study.study - INFO - Trial 51 finished with value: 0.08669403944783671 and parameters: {'n_layers': 1, 'embedding_dim': 128, 'lr': 0.004808630188035844, 'lambda_val': 0.0021685415057272643, 'batch_size': 3622, 'optimizer': 'Adam'}. Best is trial 24 with value: 0.0932340954776268.
2026-05-13 03:33:12,506 - optuna.study.study - INFO - Trial 52 finished with value: 0.08670670120097966 and parameters: {'n_layers': 1, 'embedding_dim': 128, 'lr': 0.002473943789905152, 'lambda_val': 0.002279941319902334, 'batch_size': 3586, 'optimizer': 'Adam'}. Best is trial 24 with value: 0.0932340954776268.
2026-05-13 03:33:43,526 - optuna.study.study - INFO - Trial 53 finished with value: 0.08718438645426438 and parameters: {'n_layers': 1, 'embedding_dim': 128, 'lr': 0.003078709426845512, 'lambda_val': 0.0017615367263369766, 'batch_size': 3852, 'optimizer': 'Adam'}. Best is trial 24 with value: 0.0932340954776268.
2026-05-13 03:34:12,322 - optuna.study._optimize - INFO - Trial 54 pruned. 
2026-05-13 03:34:27,504 - optuna.study._optimize - INFO - Trial 55 pruned. 
2026-05-13 03:34:31,689 - optuna.study._optimize - INFO - Trial 56 pruned. 
2026-05-13 03:34:36,169 - optuna.study._optimize - INFO - Trial 57 pruned. 
2026-05-13 03:34:41,070 - optuna.study._optimize - INFO - Trial 58 pruned. 
2026-05-13 03:34:49,308 - optuna.study._optimize - INFO - Trial 59 pruned. 
2026-05-13 03:35:20,964 - optuna.study.study - INFO - Trial 60 finished with value: 0.08304945422615445 and parameters: {'n_layers': 1, 'embedding_dim': 128, 'lr': 0.0134813456009463, 'lambda_val': 0.0006246000594328481, 'batch_size': 3845, 'optimizer': 'Adam'}. Best is trial 24 with value: 0.0932340954776268.
2026-05-13 03:35:52,292 - optuna.study.study - INFO - Trial 61 finished with value: 0.0862690060503327 and parameters: {'n_layers': 1, 'embedding_dim': 128, 'lr': 0.0038118187358911, 'lambda_val': 0.0029258388232478697, 'batch_size': 3608, 'optimizer': 'Adam'}. Best is trial 24 with value: 0.0932340954776268.
2026-05-13 03:36:23,607 - optuna.study.study - INFO - Trial 62 finished with value: 0.08584690643997703 and parameters: {'n_layers': 1, 'embedding_dim': 128, 'lr': 0.00300602773857988, 'lambda_val': 0.0020064550998930048, 'batch_size': 4028, 'optimizer': 'Adam'}. Best is trial 24 with value: 0.0932340954776268.
2026-05-13 03:36:32,842 - optuna.study._optimize - INFO - Trial 63 pruned. 
2026-05-13 03:37:03,935 - optuna.study._optimize - INFO - Trial 64 pruned. 
2026-05-13 03:37:08,030 - optuna.study._optimize - INFO - Trial 65 pruned. 
2026-05-13 03:37:42,241 - optuna.study.study - INFO - Trial 66 finished with value: 0.06839691270633722 and parameters: {'n_layers': 1, 'embedding_dim': 128, 'lr': 0.00024068222947087322, 'lambda_val': 0.0007989936833814902, 'batch_size': 3948, 'optimizer': 'Adam'}. Best is trial 24 with value: 0.0932340954776268.
2026-05-13 03:38:15,773 - optuna.study.study - INFO - Trial 67 finished with value: 0.08668854849848212 and parameters: {'n_layers': 1, 'embedding_dim': 128, 'lr': 0.009171184417647029, 'lambda_val': 0.002728030997219223, 'batch_size': 3053, 'optimizer': 'Adam'}. Best is trial 24 with value: 0.0932340954776268.
2026-05-13 03:38:43,916 - optuna.study.study - INFO - Trial 68 finished with value: 0.041303513041120295 and parameters: {'n_layers': 1, 'embedding_dim': 32, 'lr': 0.0013365553193271085, 'lambda_val': 0.0013792372749584913, 'batch_size': 3385, 'optimizer': 'RMSprop'}. Best is trial 24 with value: 0.0932340954776268.
2026-05-13 03:38:48,075 - optuna.study._optimize - INFO - Trial 69 pruned. 
2026-05-13 03:38:52,679 - optuna.study._optimize - INFO - Trial 70 pruned. 
2026-05-13 03:39:25,837 - optuna.study.study - INFO - Trial 71 finished with value: 0.08697409369975281 and parameters: {'n_layers': 1, 'embedding_dim': 128, 'lr': 0.00895374788969947, 'lambda_val': 0.0037989595578688043, 'batch_size': 3566, 'optimizer': 'Adam'}. Best is trial 24 with value: 0.0932340954776268.
2026-05-13 03:39:59,207 - optuna.study.study - INFO - Trial 72 finished with value: 0.08570808869234894 and parameters: {'n_layers': 1, 'embedding_dim': 128, 'lr': 0.006709048939842147, 'lambda_val': 0.0022033605045322173, 'batch_size': 3556, 'optimizer': 'Adam'}. Best is trial 24 with value: 0.0932340954776268.
2026-05-13 03:40:34,521 - optuna.study.study - INFO - Trial 73 finished with value: 0.08688416070418986 and parameters: {'n_layers': 1, 'embedding_dim': 128, 'lr': 0.003946294865085038, 'lambda_val': 0.00367793768679989, 'batch_size': 3840, 'optimizer': 'Adam'}. Best is trial 24 with value: 0.0932340954776268.
2026-05-13 03:41:07,790 - optuna.study.study - INFO - Trial 74 finished with value: 0.08651492176332215 and parameters: {'n_layers': 1, 'embedding_dim': 128, 'lr': 0.002480328448188167, 'lambda_val': 0.0036383528061944095, 'batch_size': 3871, 'optimizer': 'Adam'}. Best is trial 24 with value: 0.0932340954776268.
2026-05-13 03:41:11,982 - optuna.study._optimize - INFO - Trial 75 pruned. 
2026-05-13 03:41:40,674 - optuna.study._optimize - INFO - Trial 76 pruned. 
2026-05-13 03:41:45,918 - optuna.study._optimize - INFO - Trial 77 pruned. 
2026-05-13 03:41:50,232 - optuna.study._optimize - INFO - Trial 78 pruned. 
2026-05-13 03:41:54,049 - optuna.study._optimize - INFO - Trial 79 pruned. 
2026-05-13 03:42:00,736 - optuna.study._optimize - INFO - Trial 80 pruned. 
2026-05-13 03:42:37,241 - optuna.study.study - INFO - Trial 81 finished with value: 0.08805570122005613 and parameters: {'n_layers': 1, 'embedding_dim': 128, 'lr': 0.005132331927618477, 'lambda_val': 0.0015363133785065894, 'batch_size': 3663, 'optimizer': 'Adam'}. Best is trial 24 with value: 0.0932340954776268.
2026-05-13 03:43:06,534 - optuna.study.study - INFO - Trial 82 finished with value: 0.09312072372454566 and parameters: {'n_layers': 1, 'embedding_dim': 128, 'lr': 0.008612638340617379, 'lambda_val': 0.0015019706208225158, 'batch_size': 3508, 'optimizer': 'Adam'}. Best is trial 24 with value: 0.0932340954776268.
2026-05-13 03:43:12,402 - optuna.study._optimize - INFO - Trial 83 pruned. 
2026-05-13 03:43:40,849 - optuna.study.study - INFO - Trial 84 finished with value: 0.09353836628612025 and parameters: {'n_layers': 1, 'embedding_dim': 128, 'lr': 0.014526023787091408, 'lambda_val': 0.0015910139566037854, 'batch_size': 3807, 'optimizer': 'Adam'}. Best is trial 84 with value: 0.09353836628612025.
2026-05-13 03:43:44,432 - optuna.study._optimize - INFO - Trial 85 pruned. 
2026-05-13 03:43:48,205 - optuna.study._optimize - INFO - Trial 86 pruned. 
2026-05-13 03:44:18,387 - optuna.study.study - INFO - Trial 87 finished with value: 0.09422031361396285 and parameters: {'n_layers': 1, 'embedding_dim': 128, 'lr': 0.005682420344144511, 'lambda_val': 0.0010882775425155667, 'batch_size': 3230, 'optimizer': 'Adam'}. Best is trial 87 with value: 0.09422031361396285.
2026-05-13 03:44:48,493 - optuna.study._optimize - INFO - Trial 88 pruned. 
2026-05-13 03:44:52,084 - optuna.study._optimize - INFO - Trial 89 pruned. 
2026-05-13 03:44:55,336 - optuna.study._optimize - INFO - Trial 90 pruned. 
2026-05-13 03:45:27,612 - optuna.study.study - INFO - Trial 91 finished with value: 0.09472711543828619 and parameters: {'n_layers': 1, 'embedding_dim': 128, 'lr': 0.006037747250273472, 'lambda_val': 0.0018063548959665803, 'batch_size': 2955, 'optimizer': 'Adam'}. Best is trial 91 with value: 0.09472711543828619.
2026-05-13 03:46:00,013 - optuna.study.study - INFO - Trial 92 finished with value: 0.08501009751391789 and parameters: {'n_layers': 1, 'embedding_dim': 128, 'lr': 0.006174530676547968, 'lambda_val': 0.001734185895224952, 'batch_size': 2899, 'optimizer': 'Adam'}. Best is trial 91 with value: 0.09472711543828619.
2026-05-13 03:46:33,076 - optuna.study.study - INFO - Trial 93 finished with value: 0.09156209060039369 and parameters: {'n_layers': 1, 'embedding_dim': 128, 'lr': 0.009714219048369192, 'lambda_val': 0.002879448528605442, 'batch_size': 3209, 'optimizer': 'Adam'}. Best is trial 91 with value: 0.09472711543828619.
2026-05-13 03:46:37,699 - optuna.study._optimize - INFO - Trial 94 pruned. 
2026-05-13 03:46:41,727 - optuna.study._optimize - INFO - Trial 95 pruned. 
2026-05-13 03:46:47,202 - optuna.study._optimize - INFO - Trial 96 pruned. 
2026-05-13 03:46:51,680 - optuna.study._optimize - INFO - Trial 97 pruned. 
2026-05-13 03:47:30,168 - optuna.study.study - INFO - Trial 98 finished with value: 0.09760244586234676 and parameters: {'n_layers': 1, 'embedding_dim': 256, 'lr': 0.004946704488671896, 'lambda_val': 0.0006632787432330968, 'batch_size': 2822, 'optimizer': 'RMSprop'}. Best is trial 98 with value: 0.09760244586234676.
2026-05-13 03:48:08,453 - optuna.study.study - INFO - Trial 99 finished with value: 0.09444325165296008 and parameters: {'n_layers': 1, 'embedding_dim': 256, 'lr': 0.007193720462250785, 'lambda_val': 0.0006487827710935426, 'batch_size': 2753, 'optimizer': 'RMSprop'}. Best is trial 98 with value: 0.09760244586234676.
2026-05-13 03:48:13,330 - optuna.study._optimize - INFO - Trial 100 pruned. 
2026-05-13 03:48:49,997 - optuna.study.study - INFO - Trial 101 finished with value: 0.09474029997758016 and parameters: {'n_layers': 1, 'embedding_dim': 256, 'lr': 0.0031046049920642905, 'lambda_val': 0.0008397599172990923, 'batch_size': 2786, 'optimizer': 'RMSprop'}. Best is trial 98 with value: 0.09760244586234676.
2026-05-13 03:49:28,634 - optuna.study.study - INFO - Trial 102 finished with value: 0.08707022576148435 and parameters: {'n_layers': 1, 'embedding_dim': 256, 'lr': 0.007343037199175023, 'lambda_val': 0.0003768746999037536, 'batch_size': 2771, 'optimizer': 'RMSprop'}. Best is trial 98 with value: 0.09760244586234676.
2026-05-13 03:50:06,218 - optuna.study.study - INFO - Trial 103 finished with value: 0.08117961629381627 and parameters: {'n_layers': 1, 'embedding_dim': 256, 'lr': 0.005095249670476067, 'lambda_val': 0.00021331116817720685, 'batch_size': 2700, 'optimizer': 'RMSprop'}. Best is trial 98 with value: 0.09760244586234676.
2026-05-13 03:50:48,604 - optuna.study.study - INFO - Trial 104 finished with value: 0.0951657897879389 and parameters: {'n_layers': 1, 'embedding_dim': 256, 'lr': 0.010077059675065218, 'lambda_val': 0.0006373668937115366, 'batch_size': 2921, 'optimizer': 'RMSprop'}. Best is trial 98 with value: 0.09760244586234676.
2026-05-13 03:50:57,696 - optuna.study._optimize - INFO - Trial 105 pruned. 
2026-05-13 03:51:02,354 - optuna.study._optimize - INFO - Trial 106 pruned. 
2026-05-13 03:51:09,752 - optuna.study._optimize - INFO - Trial 107 pruned. 
2026-05-13 03:51:47,713 - optuna.study.study - INFO - Trial 108 finished with value: 0.09028574435322992 and parameters: {'n_layers': 1, 'embedding_dim': 256, 'lr': 0.0074061045930185225, 'lambda_val': 0.0008099531330258095, 'batch_size': 2869, 'optimizer': 'RMSprop'}. Best is trial 98 with value: 0.09760244586234676.
2026-05-13 03:51:52,424 - optuna.study._optimize - INFO - Trial 109 pruned. 
2026-05-13 03:52:35,051 - optuna.study.study - INFO - Trial 110 finished with value: 0.0856466676711328 and parameters: {'n_layers': 1, 'embedding_dim': 256, 'lr': 0.004194884425873312, 'lambda_val': 0.0005014910830658373, 'batch_size': 3121, 'optimizer': 'RMSprop'}. Best is trial 98 with value: 0.09760244586234676.
2026-05-13 03:53:12,474 - optuna.study.study - INFO - Trial 111 finished with value: 0.0945164513473331 and parameters: {'n_layers': 1, 'embedding_dim': 256, 'lr': 0.007182071311526003, 'lambda_val': 0.0008953371765774405, 'batch_size': 2878, 'optimizer': 'RMSprop'}. Best is trial 98 with value: 0.09760244586234676.
2026-05-13 03:53:48,120 - optuna.study.study - INFO - Trial 112 finished with value: 0.08994221873735332 and parameters: {'n_layers': 1, 'embedding_dim': 256, 'lr': 0.009228624697381038, 'lambda_val': 0.0008693215853736033, 'batch_size': 2936, 'optimizer': 'RMSprop'}. Best is trial 98 with value: 0.09760244586234676.
2026-05-13 03:54:03,990 - optuna.study._optimize - INFO - Trial 113 pruned. 
2026-05-13 03:54:08,670 - optuna.study._optimize - INFO - Trial 114 pruned. 
2026-05-13 03:54:46,046 - optuna.study.study - INFO - Trial 115 finished with value: 0.09551127045534522 and parameters: {'n_layers': 1, 'embedding_dim': 256, 'lr': 0.008193391148061831, 'lambda_val': 0.001238757525702295, 'batch_size': 2829, 'optimizer': 'RMSprop'}. Best is trial 98 with value: 0.09760244586234676.
2026-05-13 03:54:59,894 - optuna.study._optimize - INFO - Trial 116 pruned. 
2026-05-13 03:55:37,020 - optuna.study.study - INFO - Trial 117 finished with value: 0.09068841305945127 and parameters: {'n_layers': 1, 'embedding_dim': 256, 'lr': 0.008227665628660667, 'lambda_val': 0.0012735907117213804, 'batch_size': 2844, 'optimizer': 'RMSprop'}. Best is trial 98 with value: 0.09760244586234676.
2026-05-13 03:55:44,007 - optuna.study._optimize - INFO - Trial 118 pruned. 
2026-05-13 03:56:23,853 - optuna.study.study - INFO - Trial 119 finished with value: 0.08760018905254668 and parameters: {'n_layers': 1, 'embedding_dim': 256, 'lr': 0.003324096813539267, 'lambda_val': 0.0009642080479240126, 'batch_size': 2806, 'optimizer': 'RMSprop'}. Best is trial 98 with value: 0.09760244586234676.
2026-05-13 03:56:33,253 - optuna.study._optimize - INFO - Trial 120 pruned. 
2026-05-13 03:57:15,547 - optuna.study.study - INFO - Trial 121 finished with value: 0.08864298108451446 and parameters: {'n_layers': 1, 'embedding_dim': 256, 'lr': 0.006958348644905198, 'lambda_val': 0.001831848531157262, 'batch_size': 3149, 'optimizer': 'RMSprop'}. Best is trial 98 with value: 0.09760244586234676.
2026-05-13 03:57:55,687 - optuna.study.study - INFO - Trial 122 finished with value: 0.09284739340932856 and parameters: {'n_layers': 1, 'embedding_dim': 256, 'lr': 0.0043968612196867655, 'lambda_val': 0.001462916358203134, 'batch_size': 3034, 'optimizer': 'RMSprop'}. Best is trial 98 with value: 0.09760244586234676.
2026-05-13 03:58:33,015 - optuna.study.study - INFO - Trial 123 finished with value: 0.097753126892127 and parameters: {'n_layers': 1, 'embedding_dim': 256, 'lr': 0.004280913395373511, 'lambda_val': 0.001262440944835284, 'batch_size': 3022, 'optimizer': 'RMSprop'}. Best is trial 123 with value: 0.097753126892127.
2026-05-13 03:58:39,300 - optuna.study._optimize - INFO - Trial 124 pruned. 
2026-05-13 03:59:23,367 - optuna.study.study - INFO - Trial 125 finished with value: 0.09082026299606918 and parameters: {'n_layers': 1, 'embedding_dim': 256, 'lr': 0.004021469453904799, 'lambda_val': 0.0007002931565963184, 'batch_size': 3026, 'optimizer': 'RMSprop'}. Best is trial 123 with value: 0.097753126892127.
2026-05-13 04:00:01,245 - optuna.study.study - INFO - Trial 126 finished with value: 0.08675651509622383 and parameters: {'n_layers': 1, 'embedding_dim': 256, 'lr': 0.0028212094449449983, 'lambda_val': 0.0009150815118803283, 'batch_size': 2724, 'optimizer': 'RMSprop'}. Best is trial 123 with value: 0.097753126892127.
2026-05-13 04:00:40,080 - optuna.study.study - INFO - Trial 127 finished with value: 0.09397325028248271 and parameters: {'n_layers': 1, 'embedding_dim': 256, 'lr': 0.005507316085616537, 'lambda_val': 0.0014862273370478216, 'batch_size': 3293, 'optimizer': 'RMSprop'}. Best is trial 123 with value: 0.097753126892127.
2026-05-13 04:01:17,080 - optuna.study.study - INFO - Trial 128 finished with value: 0.091745617072794 and parameters: {'n_layers': 1, 'embedding_dim': 256, 'lr': 0.005857806162690602, 'lambda_val': 0.0005544117762961093, 'batch_size': 2065, 'optimizer': 'RMSprop'}. Best is trial 123 with value: 0.097753126892127.
2026-05-13 04:01:21,787 - optuna.study._optimize - INFO - Trial 129 pruned. 
2026-05-13 04:01:52,041 - optuna.study.study - INFO - Trial 130 finished with value: 0.057431365699665886 and parameters: {'n_layers': 1, 'embedding_dim': 64, 'lr': 0.002046053524386314, 'lambda_val': 0.001109531973483009, 'batch_size': 2565, 'optimizer': 'RMSprop'}. Best is trial 123 with value: 0.097753126892127.
2026-05-13 04:02:33,747 - optuna.study.study - INFO - Trial 131 finished with value: 0.09448246706337428 and parameters: {'n_layers': 1, 'embedding_dim': 256, 'lr': 0.005872763178646283, 'lambda_val': 0.0014917042893705648, 'batch_size': 3289, 'optimizer': 'RMSprop'}. Best is trial 123 with value: 0.097753126892127.
2026-05-13 04:03:12,622 - optuna.study.study - INFO - Trial 132 finished with value: 0.09140240932852928 and parameters: {'n_layers': 1, 'embedding_dim': 256, 'lr': 0.008186693407201582, 'lambda_val': 0.002134025312949219, 'batch_size': 3315, 'optimizer': 'RMSprop'}. Best is trial 123 with value: 0.097753126892127.
2026-05-13 04:03:49,922 - optuna.study.study - INFO - Trial 133 finished with value: 0.09362164291500259 and parameters: {'n_layers': 1, 'embedding_dim': 256, 'lr': 0.006413127294229513, 'lambda_val': 0.0015003133598090793, 'batch_size': 2808, 'optimizer': 'RMSprop'}. Best is trial 123 with value: 0.097753126892127.
2026-05-13 04:04:28,074 - optuna.study.study - INFO - Trial 134 finished with value: 0.08756458231301603 and parameters: {'n_layers': 1, 'embedding_dim': 256, 'lr': 0.005630173524554372, 'lambda_val': 0.0008319705963716949, 'batch_size': 2853, 'optimizer': 'RMSprop'}. Best is trial 123 with value: 0.097753126892127.
2026-05-13 04:05:11,208 - optuna.study.study - INFO - Trial 135 finished with value: 0.09167531731490824 and parameters: {'n_layers': 1, 'embedding_dim': 256, 'lr': 0.003415946042228982, 'lambda_val': 0.0014099791951809187, 'batch_size': 2763, 'optimizer': 'RMSprop'}. Best is trial 123 with value: 0.097753126892127.
2026-05-13 04:05:54,124 - optuna.study.study - INFO - Trial 136 finished with value: 0.0887827355531098 and parameters: {'n_layers': 1, 'embedding_dim': 256, 'lr': 0.006838583332912826, 'lambda_val': 0.0006744885699432029, 'batch_size': 2908, 'optimizer': 'RMSprop'}. Best is trial 123 with value: 0.097753126892127.
2026-05-13 04:06:36,454 - optuna.study.study - INFO - Trial 137 finished with value: 0.09187706772073499 and parameters: {'n_layers': 1, 'embedding_dim': 256, 'lr': 0.005498506591347412, 'lambda_val': 0.0018931321593479325, 'batch_size': 3259, 'optimizer': 'RMSprop'}. Best is trial 123 with value: 0.097753126892127.
2026-05-13 04:07:15,136 - optuna.study.study - INFO - Trial 138 finished with value: 0.09144655156990014 and parameters: {'n_layers': 1, 'embedding_dim': 256, 'lr': 0.003728137039155671, 'lambda_val': 0.0010552259640064698, 'batch_size': 2713, 'optimizer': 'RMSprop'}. Best is trial 123 with value: 0.097753126892127.
2026-05-13 04:07:57,884 - optuna.study.study - INFO - Trial 139 finished with value: 0.09462311606816615 and parameters: {'n_layers': 1, 'embedding_dim': 256, 'lr': 0.002721606549261998, 'lambda_val': 0.0016298877088592714, 'batch_size': 2819, 'optimizer': 'RMSprop'}. Best is trial 123 with value: 0.097753126892127.
2026-05-13 04:08:35,141 - optuna.study.study - INFO - Trial 140 finished with value: 0.09566933938696599 and parameters: {'n_layers': 1, 'embedding_dim': 256, 'lr': 0.0026785482781709583, 'lambda_val': 0.0022520375036511977, 'batch_size': 2807, 'optimizer': 'RMSprop'}. Best is trial 123 with value: 0.097753126892127.
2026-05-13 04:09:12,121 - optuna.study.study - INFO - Trial 141 finished with value: 0.09084826981506766 and parameters: {'n_layers': 1, 'embedding_dim': 256, 'lr': 0.004709478103237331, 'lambda_val': 0.0029431983849665154, 'batch_size': 2831, 'optimizer': 'RMSprop'}. Best is trial 123 with value: 0.097753126892127.
2026-05-13 04:09:16,755 - optuna.study._optimize - INFO - Trial 142 pruned. 
2026-05-13 04:09:53,260 - optuna.study.study - INFO - Trial 143 finished with value: 0.0921238629883759 and parameters: {'n_layers': 1, 'embedding_dim': 256, 'lr': 0.002447820824287099, 'lambda_val': 0.0015903943204364952, 'batch_size': 3074, 'optimizer': 'RMSprop'}. Best is trial 123 with value: 0.097753126892127.
2026-05-13 04:10:37,536 - optuna.study.study - INFO - Trial 144 finished with value: 0.09126720445272825 and parameters: {'n_layers': 1, 'embedding_dim': 256, 'lr': 0.0028940672752602744, 'lambda_val': 0.001203705656599581, 'batch_size': 2770, 'optimizer': 'RMSprop'}. Best is trial 123 with value: 0.097753126892127.
2026-05-13 04:10:42,312 - optuna.study._optimize - INFO - Trial 145 pruned. 
2026-05-13 04:11:17,590 - optuna.study.study - INFO - Trial 146 finished with value: 0.08799437821276623 and parameters: {'n_layers': 1, 'embedding_dim': 256, 'lr': 0.00733072200777307, 'lambda_val': 0.0017386069229170078, 'batch_size': 2988, 'optimizer': 'RMSprop'}. Best is trial 123 with value: 0.097753126892127.
2026-05-13 04:11:51,975 - optuna.study.study - INFO - Trial 147 finished with value: 0.09346539091354752 and parameters: {'n_layers': 1, 'embedding_dim': 256, 'lr': 0.003363373882526228, 'lambda_val': 0.003313030919383735, 'batch_size': 3123, 'optimizer': 'RMSprop'}. Best is trial 123 with value: 0.097753126892127.
2026-05-13 04:12:35,185 - optuna.study.study - INFO - Trial 148 finished with value: 0.07550811123806846 and parameters: {'n_layers': 1, 'embedding_dim': 256, 'lr': 0.0010834044378084664, 'lambda_val': 0.000581477221837437, 'batch_size': 2828, 'optimizer': 'RMSprop'}. Best is trial 123 with value: 0.097753126892127.
2026-05-13 04:12:39,512 - optuna.study._optimize - INFO - Trial 149 pruned. 
2026-05-13 04:12:44,147 - optuna.study._optimize - INFO - Trial 150 pruned. 
2026-05-13 04:13:17,645 - optuna.study.study - INFO - Trial 151 finished with value: 0.09026015947419898 and parameters: {'n_layers': 1, 'embedding_dim': 256, 'lr': 0.0035573737953999503, 'lambda_val': 0.003089527642253543, 'batch_size': 3123, 'optimizer': 'RMSprop'}. Best is trial 123 with value: 0.097753126892127.
2026-05-13 04:13:28,372 - optuna.study._optimize - INFO - Trial 152 pruned. 
2026-05-13 04:14:03,888 - optuna.study.study - INFO - Trial 153 finished with value: 0.0896742111609749 and parameters: {'n_layers': 1, 'embedding_dim': 256, 'lr': 0.004604020183134677, 'lambda_val': 0.0022733075638966577, 'batch_size': 2929, 'optimizer': 'RMSprop'}. Best is trial 123 with value: 0.097753126892127.
2026-05-13 04:14:08,867 - optuna.study._optimize - INFO - Trial 154 pruned. 
2026-05-13 04:14:12,883 - optuna.study._optimize - INFO - Trial 155 pruned. 
2026-05-13 04:14:17,010 - optuna.study._optimize - INFO - Trial 156 pruned. 
2026-05-13 04:14:50,285 - optuna.study.study - INFO - Trial 157 finished with value: 0.0921940617460168 and parameters: {'n_layers': 1, 'embedding_dim': 256, 'lr': 0.010711640003714676, 'lambda_val': 0.0011920046171721502, 'batch_size': 3327, 'optimizer': 'RMSprop'}. Best is trial 123 with value: 0.097753126892127.
2026-05-13 04:15:36,457 - optuna.study.study - INFO - Trial 158 finished with value: 0.09192089972044747 and parameters: {'n_layers': 1, 'embedding_dim': 256, 'lr': 0.008307368150853344, 'lambda_val': 0.0026413555363069747, 'batch_size': 2902, 'optimizer': 'RMSprop'}. Best is trial 123 with value: 0.097753126892127.
2026-05-13 04:16:11,797 - optuna.study.study - INFO - Trial 159 finished with value: 0.09077285982758482 and parameters: {'n_layers': 1, 'embedding_dim': 256, 'lr': 0.0033510469377947966, 'lambda_val': 0.0020053499931454574, 'batch_size': 2447, 'optimizer': 'RMSprop'}. Best is trial 123 with value: 0.097753126892127.
2026-05-13 04:16:16,903 - optuna.study._optimize - INFO - Trial 160 pruned. 
2026-05-13 04:16:23,398 - optuna.study._optimize - INFO - Trial 161 pruned. 
2026-05-13 04:16:27,591 - optuna.study._optimize - INFO - Trial 162 pruned. 
2026-05-13 04:17:03,008 - optuna.study.study - INFO - Trial 163 finished with value: 0.08790072184753375 and parameters: {'n_layers': 1, 'embedding_dim': 256, 'lr': 0.0015828187563996516, 'lambda_val': 0.001580783612431684, 'batch_size': 2636, 'optimizer': 'RMSprop'}. Best is trial 123 with value: 0.097753126892127.
2026-05-13 04:17:40,687 - optuna.study.study - INFO - Trial 164 finished with value: 0.08945943440329582 and parameters: {'n_layers': 1, 'embedding_dim': 256, 'lr': 0.004425192455072101, 'lambda_val': 0.0008590309941101806, 'batch_size': 2831, 'optimizer': 'RMSprop'}. Best is trial 123 with value: 0.097753126892127.
2026-05-13 04:17:44,934 - optuna.study._optimize - INFO - Trial 165 pruned. 
2026-05-13 04:18:19,991 - optuna.study.study - INFO - Trial 166 finished with value: 0.08486707373911553 and parameters: {'n_layers': 1, 'embedding_dim': 256, 'lr': 0.0031038631467700984, 'lambda_val': 0.0005948358824533757, 'batch_size': 3198, 'optimizer': 'RMSprop'}. Best is trial 123 with value: 0.097753126892127.
2026-05-13 04:18:30,451 - optuna.study._optimize - INFO - Trial 167 pruned. 
2026-05-13 04:18:38,015 - optuna.study._optimize - INFO - Trial 168 pruned. 
2026-05-13 04:19:13,964 - optuna.study.study - INFO - Trial 169 finished with value: 0.09695978881328439 and parameters: {'n_layers': 1, 'embedding_dim': 256, 'lr': 0.004253670979164265, 'lambda_val': 0.0017005849125812996, 'batch_size': 2897, 'optimizer': 'RMSprop'}. Best is trial 123 with value: 0.097753126892127.
2026-05-13 04:19:50,036 - optuna.study.study - INFO - Trial 170 finished with value: 0.09042732346072896 and parameters: {'n_layers': 1, 'embedding_dim': 256, 'lr': 0.004037912814439956, 'lambda_val': 0.0019870125857303846, 'batch_size': 2949, 'optimizer': 'RMSprop'}. Best is trial 123 with value: 0.097753126892127.
2026-05-13 04:19:58,585 - optuna.study._optimize - INFO - Trial 171 pruned. 
2026-05-13 04:20:37,458 - optuna.study.study - INFO - Trial 172 finished with value: 0.09005840726663739 and parameters: {'n_layers': 1, 'embedding_dim': 256, 'lr': 0.006420370309923977, 'lambda_val': 0.0011014898340469623, 'batch_size': 2877, 'optimizer': 'RMSprop'}. Best is trial 123 with value: 0.097753126892127.
2026-05-13 04:21:20,684 - optuna.study.study - INFO - Trial 173 finished with value: 0.09099622887592693 and parameters: {'n_layers': 1, 'embedding_dim': 256, 'lr': 0.003891491986642755, 'lambda_val': 0.001628122967815652, 'batch_size': 2821, 'optimizer': 'RMSprop'}. Best is trial 123 with value: 0.097753126892127.
2026-05-13 04:21:56,933 - optuna.study.study - INFO - Trial 174 finished with value: 0.09734887213025134 and parameters: {'n_layers': 1, 'embedding_dim': 256, 'lr': 0.007269292825385016, 'lambda_val': 0.0006737022752969924, 'batch_size': 3141, 'optimizer': 'RMSprop'}. Best is trial 123 with value: 0.097753126892127.
2026-05-13 04:22:03,858 - optuna.study._optimize - INFO - Trial 175 pruned. 
2026-05-13 04:22:08,449 - optuna.study._optimize - INFO - Trial 176 pruned. 
2026-05-13 04:22:12,985 - optuna.study._optimize - INFO - Trial 177 pruned. 
2026-05-13 04:22:40,463 - optuna.study._optimize - INFO - Trial 178 pruned. 
2026-05-13 04:23:13,530 - optuna.study.study - INFO - Trial 179 finished with value: 0.05739347390872001 and parameters: {'n_layers': 1, 'embedding_dim': 96, 'lr': 0.0008654256847830586, 'lambda_val': 0.0007099741720602892, 'batch_size': 3289, 'optimizer': 'RMSprop'}. Best is trial 123 with value: 0.097753126892127.
2026-05-13 04:23:22,414 - optuna.study._optimize - INFO - Trial 180 pruned. 
2026-05-13 04:23:26,795 - optuna.study._optimize - INFO - Trial 181 pruned. 
2026-05-13 04:24:03,281 - optuna.study.study - INFO - Trial 182 finished with value: 0.08704012790643792 and parameters: {'n_layers': 1, 'embedding_dim': 256, 'lr': 0.008780346530888902, 'lambda_val': 0.002428054776889004, 'batch_size': 2719, 'optimizer': 'RMSprop'}. Best is trial 123 with value: 0.097753126892127.
2026-05-13 04:24:07,981 - optuna.study._optimize - INFO - Trial 183 pruned. 
2026-05-13 04:24:11,875 - optuna.study._optimize - INFO - Trial 184 pruned. 
2026-05-13 04:24:48,180 - optuna.study.study - INFO - Trial 185 finished with value: 0.0951436451693499 and parameters: {'n_layers': 1, 'embedding_dim': 256, 'lr': 0.004357052364130329, 'lambda_val': 0.0010142195645548675, 'batch_size': 3196, 'optimizer': 'RMSprop'}. Best is trial 123 with value: 0.097753126892127.
2026-05-13 04:25:24,618 - optuna.study.study - INFO - Trial 186 finished with value: 0.08682084280098089 and parameters: {'n_layers': 1, 'embedding_dim': 256, 'lr': 0.004284825996443487, 'lambda_val': 0.00103598599076659, 'batch_size': 3171, 'optimizer': 'RMSprop'}. Best is trial 123 with value: 0.097753126892127.
2026-05-13 04:25:29,124 - optuna.study._optimize - INFO - Trial 187 pruned. 
2026-05-13 04:25:36,478 - optuna.study._optimize - INFO - Trial 188 pruned. 
2026-05-13 04:26:12,607 - optuna.study.study - INFO - Trial 189 finished with value: 0.09779522836240749 and parameters: {'n_layers': 1, 'embedding_dim': 256, 'lr': 0.004913218198761512, 'lambda_val': 0.0012649900917890233, 'batch_size': 3041, 'optimizer': 'RMSprop'}. Best is trial 189 with value: 0.09779522836240749.
2026-05-13 04:26:48,985 - optuna.study.study - INFO - Trial 190 finished with value: 0.09681963348189077 and parameters: {'n_layers': 1, 'embedding_dim': 256, 'lr': 0.005362691946856705, 'lambda_val': 0.0012772511498584224, 'batch_size': 3036, 'optimizer': 'RMSprop'}. Best is trial 189 with value: 0.09779522836240749.
2026-05-13 04:27:23,890 - optuna.study.study - INFO - Trial 191 finished with value: 0.09050294020239272 and parameters: {'n_layers': 1, 'embedding_dim': 256, 'lr': 0.005102464756119149, 'lambda_val': 0.0012323694234815316, 'batch_size': 3053, 'optimizer': 'RMSprop'}. Best is trial 189 with value: 0.09779522836240749.
2026-05-13 04:27:58,981 - optuna.study.study - INFO - Trial 192 finished with value: 0.09630937278238079 and parameters: {'n_layers': 1, 'embedding_dim': 256, 'lr': 0.005879148474650209, 'lambda_val': 0.0010119508231954144, 'batch_size': 3006, 'optimizer': 'RMSprop'}. Best is trial 189 with value: 0.09779522836240749.
2026-05-13 04:28:05,526 - optuna.study._optimize - INFO - Trial 193 pruned. 
2026-05-13 04:28:41,782 - optuna.study.study - INFO - Trial 194 finished with value: 0.09154282672850862 and parameters: {'n_layers': 1, 'embedding_dim': 256, 'lr': 0.004507293093774433, 'lambda_val': 0.0010278078145642476, 'batch_size': 2878, 'optimizer': 'RMSprop'}. Best is trial 189 with value: 0.09779522836240749.
2026-05-13 04:29:17,397 - optuna.study.study - INFO - Trial 195 finished with value: 0.09603874803892141 and parameters: {'n_layers': 1, 'embedding_dim': 256, 'lr': 0.007916006108186446, 'lambda_val': 0.0006126654906502528, 'batch_size': 3217, 'optimizer': 'RMSprop'}. Best is trial 189 with value: 0.09779522836240749.
2026-05-13 04:29:52,727 - optuna.study.study - INFO - Trial 196 finished with value: 0.08823835591489573 and parameters: {'n_layers': 1, 'embedding_dim': 256, 'lr': 0.007617094540722121, 'lambda_val': 0.0005893097934899852, 'batch_size': 3209, 'optimizer': 'RMSprop'}. Best is trial 189 with value: 0.09779522836240749.
2026-05-13 04:30:28,522 - optuna.study.study - INFO - Trial 197 finished with value: 0.09429533254537201 and parameters: {'n_layers': 1, 'embedding_dim': 256, 'lr': 0.005750665816013461, 'lambda_val': 0.0006893499138942097, 'batch_size': 3089, 'optimizer': 'RMSprop'}. Best is trial 189 with value: 0.09779522836240749.
2026-05-13 04:30:33,166 - optuna.study._optimize - INFO - Trial 198 pruned. 
2026-05-13 04:31:09,926 - optuna.study.study - INFO - Trial 199 finished with value: 0.09605786539293318 and parameters: {'n_layers': 1, 'embedding_dim': 256, 'lr': 0.004349773085500724, 'lambda_val': 0.0007812172051057693, 'batch_size': 3020, 'optimizer': 'RMSprop'}. Best is trial 189 with value: 0.09779522836240749.
2026-05-13 04:31:40,795 - root - INFO - **** Training e_100K_1c1dcs
2026-05-13 04:31:40,795 - root - INFO -   ** 1-Dominant stats:
2026-05-13 04:31:40,795 - root - INFO -   ** Finding the dominant set:
2026-05-13 04:31:55,388 - root - INFO -   ** Getting the trainable edges:
2026-05-13 04:31:55,391 - helper_functions - INFO -      Number of nodes: 547
2026-05-13 04:31:55,391 - helper_functions - INFO -      Ratio: 0.06036861273590111
2026-05-13 04:31:55,391 - helper_functions - INFO -      Number of unique users: 320
2026-05-13 04:31:55,391 - helper_functions - INFO -      Number of unique items: 227
2026-05-13 04:31:55,391 - helper_functions - INFO -      Total dominant set edge: 8057
2026-05-13 04:31:55,392 - helper_functions - INFO -      Trainable edges: 6445.6
2026-05-13 04:31:55,396 - root - INFO -   **** Getting 8057 dominant set edges
2026-05-13 04:31:56,264 - optuna.storages._rdb.storage - INFO - A new study created in RDB with name: Study_e_100K_1c1dcs_strict
2026-05-13 04:32:26,329 - optuna.study.study - INFO - Trial 0 finished with value: 0.0014669197650392523 and parameters: {'n_layers': 2, 'embedding_dim': 128, 'lr': 0.00032327633729015707, 'lambda_val': 0.0072816840139681505, 'batch_size': 2875, 'optimizer': 'SGD'}. Best is trial 0 with value: 0.0014669197650392523.
2026-05-13 04:32:58,881 - optuna.study.study - INFO - Trial 1 finished with value: 0.007296486287029457 and parameters: {'n_layers': 2, 'embedding_dim': 64, 'lr': 2.1969933533947928e-05, 'lambda_val': 0.0037547053985911806, 'batch_size': 1220, 'optimizer': 'Adam'}. Best is trial 1 with value: 0.007296486287029457.
2026-05-13 04:33:49,292 - optuna.study.study - INFO - Trial 2 finished with value: 0.006880707425182386 and parameters: {'n_layers': 4, 'embedding_dim': 32, 'lr': 0.00014008033702733047, 'lambda_val': 0.00018401891083347856, 'batch_size': 2551, 'optimizer': 'Adam'}. Best is trial 1 with value: 0.007296486287029457.
2026-05-13 04:34:16,860 - optuna.study.study - INFO - Trial 3 finished with value: 0.005691940606533354 and parameters: {'n_layers': 4, 'embedding_dim': 32, 'lr': 0.029625524117141377, 'lambda_val': 0.0011162009427478565, 'batch_size': 1607, 'optimizer': 'Adam'}. Best is trial 1 with value: 0.007296486287029457.
2026-05-13 04:34:46,790 - optuna.study.study - INFO - Trial 4 finished with value: 0.0021540990568182923 and parameters: {'n_layers': 2, 'embedding_dim': 128, 'lr': 0.01948847253945788, 'lambda_val': 4.047730593013063e-05, 'batch_size': 1296, 'optimizer': 'SGD'}. Best is trial 1 with value: 0.007296486287029457.
2026-05-13 04:34:50,689 - optuna.study._optimize - INFO - Trial 5 pruned. 
2026-05-13 04:35:17,512 - optuna.study.study - INFO - Trial 6 finished with value: 0.0056488042466345005 and parameters: {'n_layers': 1, 'embedding_dim': 96, 'lr': 0.00012729931114320326, 'lambda_val': 0.006766079139296548, 'batch_size': 1982, 'optimizer': 'Adam'}. Best is trial 1 with value: 0.007296486287029457.
2026-05-13 04:35:23,907 - optuna.study._optimize - INFO - Trial 7 pruned. 
2026-05-13 04:35:27,916 - optuna.study._optimize - INFO - Trial 8 pruned. 
2026-05-13 04:35:31,759 - optuna.study._optimize - INFO - Trial 9 pruned. 
2026-05-13 04:35:59,657 - optuna.study.study - INFO - Trial 10 finished with value: 0.00914590654849327 and parameters: {'n_layers': 3, 'embedding_dim': 64, 'lr': 0.0016470977082075043, 'lambda_val': 1.0376070838655512e-06, 'batch_size': 591, 'optimizer': 'RMSprop'}. Best is trial 10 with value: 0.00914590654849327.
2026-05-13 04:36:27,313 - optuna.study.study - INFO - Trial 11 finished with value: 0.010978213853263188 and parameters: {'n_layers': 3, 'embedding_dim': 64, 'lr': 0.0028487262852766124, 'lambda_val': 1.8609150793666048e-06, 'batch_size': 535, 'optimizer': 'RMSprop'}. Best is trial 11 with value: 0.010978213853263188.
2026-05-13 04:37:05,152 - optuna.study.study - INFO - Trial 12 finished with value: 0.013046522071222571 and parameters: {'n_layers': 3, 'embedding_dim': 64, 'lr': 0.0040237261872220105, 'lambda_val': 1.1456605063853375e-06, 'batch_size': 525, 'optimizer': 'RMSprop'}. Best is trial 12 with value: 0.013046522071222571.
2026-05-13 04:37:33,372 - optuna.study.study - INFO - Trial 13 finished with value: 0.018896863533724464 and parameters: {'n_layers': 3, 'embedding_dim': 64, 'lr': 0.004685150526992946, 'lambda_val': 1.0462838597039158e-06, 'batch_size': 3987, 'optimizer': 'RMSprop'}. Best is trial 13 with value: 0.018896863533724464.
2026-05-13 04:38:19,350 - optuna.study.study - INFO - Trial 14 finished with value: 0.019136113956903913 and parameters: {'n_layers': 3, 'embedding_dim': 64, 'lr': 0.0052868178596658455, 'lambda_val': 9.195216267926648e-06, 'batch_size': 3918, 'optimizer': 'RMSprop'}. Best is trial 14 with value: 0.019136113956903913.
2026-05-13 04:38:47,567 - optuna.study.study - INFO - Trial 15 finished with value: 0.020003535403399803 and parameters: {'n_layers': 3, 'embedding_dim': 64, 'lr': 0.0075099099241469885, 'lambda_val': 1.0009820260522757e-05, 'batch_size': 4004, 'optimizer': 'RMSprop'}. Best is trial 15 with value: 0.020003535403399803.
2026-05-13 04:39:21,287 - optuna.study.study - INFO - Trial 16 finished with value: 0.01702432268096708 and parameters: {'n_layers': 4, 'embedding_dim': 64, 'lr': 0.010801857759853753, 'lambda_val': 1.3827057879105032e-05, 'batch_size': 3934, 'optimizer': 'RMSprop'}. Best is trial 15 with value: 0.020003535403399803.
2026-05-13 04:39:50,809 - optuna.study.study - INFO - Trial 17 finished with value: 0.014027605117182297 and parameters: {'n_layers': 3, 'embedding_dim': 64, 'lr': 0.009575517491456275, 'lambda_val': 1.0040829733970877e-05, 'batch_size': 3612, 'optimizer': 'RMSprop'}. Best is trial 15 with value: 0.020003535403399803.
2026-05-13 04:40:21,914 - optuna.study.study - INFO - Trial 18 finished with value: 0.02115200701776889 and parameters: {'n_layers': 4, 'embedding_dim': 128, 'lr': 0.057645405480060474, 'lambda_val': 5.582987154894076e-05, 'batch_size': 3383, 'optimizer': 'RMSprop'}. Best is trial 18 with value: 0.02115200701776889.
2026-05-13 04:40:52,338 - optuna.study.study - INFO - Trial 19 finished with value: 0.021017216204000273 and parameters: {'n_layers': 4, 'embedding_dim': 128, 'lr': 0.08278909395499472, 'lambda_val': 7.766467640323264e-05, 'batch_size': 3408, 'optimizer': 'RMSprop'}. Best is trial 18 with value: 0.02115200701776889.
2026-05-13 04:41:24,186 - optuna.study.study - INFO - Trial 20 finished with value: 0.020648931655999535 and parameters: {'n_layers': 4, 'embedding_dim': 128, 'lr': 0.09362071540656274, 'lambda_val': 8.652887590259268e-05, 'batch_size': 3322, 'optimizer': 'RMSprop'}. Best is trial 18 with value: 0.02115200701776889.
2026-05-13 04:41:55,731 - optuna.study.study - INFO - Trial 21 finished with value: 0.021800540820319847 and parameters: {'n_layers': 4, 'embedding_dim': 128, 'lr': 0.09657573665234885, 'lambda_val': 0.00010896292410443466, 'batch_size': 3323, 'optimizer': 'RMSprop'}. Best is trial 21 with value: 0.021800540820319847.
2026-05-13 04:42:24,292 - optuna.study.study - INFO - Trial 22 finished with value: 0.023544135629212152 and parameters: {'n_layers': 4, 'embedding_dim': 128, 'lr': 0.07955886410317226, 'lambda_val': 4.35705382752797e-05, 'batch_size': 3155, 'optimizer': 'RMSprop'}. Best is trial 22 with value: 0.023544135629212152.
2026-05-13 04:42:31,236 - optuna.study._optimize - INFO - Trial 23 pruned. 
2026-05-13 04:43:12,287 - optuna.study.study - INFO - Trial 24 finished with value: 0.02142220986265384 and parameters: {'n_layers': 4, 'embedding_dim': 128, 'lr': 0.039665335289790264, 'lambda_val': 3.6535585182362116e-05, 'batch_size': 3019, 'optimizer': 'RMSprop'}. Best is trial 22 with value: 0.023544135629212152.
2026-05-13 04:43:44,944 - optuna.study.study - INFO - Trial 25 finished with value: 0.018021172980250414 and parameters: {'n_layers': 4, 'embedding_dim': 128, 'lr': 0.018867958515649583, 'lambda_val': 2.6404706106486103e-05, 'batch_size': 2968, 'optimizer': 'RMSprop'}. Best is trial 22 with value: 0.023544135629212152.
2026-05-13 04:44:19,805 - optuna.study.study - INFO - Trial 26 finished with value: 0.021056973464189208 and parameters: {'n_layers': 4, 'embedding_dim': 128, 'lr': 0.03388456151325545, 'lambda_val': 0.0001631706809523744, 'batch_size': 2273, 'optimizer': 'RMSprop'}. Best is trial 22 with value: 0.023544135629212152.
2026-05-13 04:44:48,813 - optuna.study.study - INFO - Trial 27 finished with value: 0.01185299420135013 and parameters: {'n_layers': 4, 'embedding_dim': 128, 'lr': 0.01462988610006887, 'lambda_val': 3.516621569113837e-06, 'batch_size': 3654, 'optimizer': 'RMSprop'}. Best is trial 22 with value: 0.023544135629212152.
2026-05-13 04:44:55,620 - optuna.study._optimize - INFO - Trial 28 pruned. 
2026-05-13 04:45:01,880 - optuna.study._optimize - INFO - Trial 29 pruned. 
2026-05-13 04:45:06,224 - optuna.study._optimize - INFO - Trial 30 pruned. 
2026-05-13 04:45:36,387 - optuna.study.study - INFO - Trial 31 finished with value: 0.02237823571673982 and parameters: {'n_layers': 4, 'embedding_dim': 128, 'lr': 0.05590908549425387, 'lambda_val': 5.002192209035446e-05, 'batch_size': 3441, 'optimizer': 'RMSprop'}. Best is trial 22 with value: 0.023544135629212152.
2026-05-13 04:46:04,396 - optuna.study.study - INFO - Trial 32 finished with value: 0.023738057712891638 and parameters: {'n_layers': 4, 'embedding_dim': 128, 'lr': 0.04902006504631653, 'lambda_val': 9.49447699346186e-05, 'batch_size': 2807, 'optimizer': 'RMSprop'}. Best is trial 32 with value: 0.023738057712891638.
2026-05-13 04:46:37,405 - optuna.study.study - INFO - Trial 33 finished with value: 0.02607182766801434 and parameters: {'n_layers': 4, 'embedding_dim': 128, 'lr': 0.05847230055722291, 'lambda_val': 0.00013904936937315194, 'batch_size': 2670, 'optimizer': 'RMSprop'}. Best is trial 33 with value: 0.02607182766801434.
2026-05-13 04:46:41,721 - optuna.study._optimize - INFO - Trial 34 pruned. 
2026-05-13 04:46:45,321 - optuna.study._optimize - INFO - Trial 35 pruned. 
2026-05-13 04:46:49,798 - optuna.study._optimize - INFO - Trial 36 pruned. 
2026-05-13 04:46:54,418 - optuna.study._optimize - INFO - Trial 37 pruned. 
2026-05-13 04:46:58,416 - optuna.study._optimize - INFO - Trial 38 pruned. 
2026-05-13 04:47:02,173 - optuna.study._optimize - INFO - Trial 39 pruned. 
2026-05-13 04:47:08,437 - optuna.study._optimize - INFO - Trial 40 pruned. 
2026-05-13 04:47:45,079 - optuna.study.study - INFO - Trial 41 finished with value: 0.021487199109965587 and parameters: {'n_layers': 4, 'embedding_dim': 128, 'lr': 0.06503179435599428, 'lambda_val': 0.00011974045132318205, 'batch_size': 3520, 'optimizer': 'RMSprop'}. Best is trial 33 with value: 0.02607182766801434.
2026-05-13 04:48:13,276 - optuna.study.study - INFO - Trial 42 finished with value: 0.02119902979282108 and parameters: {'n_layers': 4, 'embedding_dim': 128, 'lr': 0.09130398212914125, 'lambda_val': 9.485016054976677e-05, 'batch_size': 3236, 'optimizer': 'RMSprop'}. Best is trial 33 with value: 0.02607182766801434.
2026-05-13 04:48:19,298 - optuna.study._optimize - INFO - Trial 43 pruned. 
2026-05-13 04:48:23,318 - optuna.study._optimize - INFO - Trial 44 pruned. 
2026-05-13 04:48:57,661 - optuna.study.study - INFO - Trial 45 finished with value: 0.01955034664013324 and parameters: {'n_layers': 4, 'embedding_dim': 128, 'lr': 0.0631494969308774, 'lambda_val': 5.068617385862008e-05, 'batch_size': 3783, 'optimizer': 'Adam'}. Best is trial 33 with value: 0.02607182766801434.
2026-05-13 04:49:01,646 - optuna.study._optimize - INFO - Trial 46 pruned. 
2026-05-13 04:49:05,788 - optuna.study._optimize - INFO - Trial 47 pruned. 
2026-05-13 04:49:10,351 - optuna.study._optimize - INFO - Trial 48 pruned. 
2026-05-13 04:49:49,585 - optuna.study.study - INFO - Trial 49 finished with value: 0.022507347596976698 and parameters: {'n_layers': 4, 'embedding_dim': 256, 'lr': 0.008022410535398686, 'lambda_val': 0.00012440509238783587, 'batch_size': 3805, 'optimizer': 'RMSprop'}. Best is trial 33 with value: 0.02607182766801434.
2026-05-13 04:49:54,102 - optuna.study._optimize - INFO - Trial 50 pruned. 
2026-05-13 04:50:33,251 - optuna.study.study - INFO - Trial 51 finished with value: 0.022321630879223463 and parameters: {'n_layers': 4, 'embedding_dim': 256, 'lr': 0.024238822435826247, 'lambda_val': 0.0001231206225233059, 'batch_size': 3796, 'optimizer': 'RMSprop'}. Best is trial 33 with value: 0.02607182766801434.
2026-05-13 04:50:41,519 - optuna.study._optimize - INFO - Trial 52 pruned. 
2026-05-13 04:51:16,990 - optuna.study.study - INFO - Trial 53 finished with value: 0.025317045499687538 and parameters: {'n_layers': 4, 'embedding_dim': 256, 'lr': 0.025951830821402906, 'lambda_val': 5.5785929391688455e-05, 'batch_size': 3794, 'optimizer': 'RMSprop'}. Best is trial 33 with value: 0.02607182766801434.
2026-05-13 04:51:24,661 - optuna.study._optimize - INFO - Trial 54 pruned. 
2026-05-13 04:51:28,133 - optuna.study._optimize - INFO - Trial 55 pruned. 
2026-05-13 04:51:32,373 - optuna.study._optimize - INFO - Trial 56 pruned. 
2026-05-13 04:51:57,474 - optuna.study.study - INFO - Trial 57 finished with value: 0.02439911170956839 and parameters: {'n_layers': 4, 'embedding_dim': 96, 'lr': 0.04187422490907118, 'lambda_val': 6.635136714862237e-05, 'batch_size': 932, 'optimizer': 'RMSprop'}. Best is trial 33 with value: 0.02607182766801434.
2026-05-13 04:52:23,776 - optuna.study.study - INFO - Trial 58 finished with value: 0.02312786023198418 and parameters: {'n_layers': 4, 'embedding_dim': 96, 'lr': 0.02058730180349932, 'lambda_val': 8.01639311421278e-05, 'batch_size': 833, 'optimizer': 'RMSprop'}. Best is trial 33 with value: 0.02607182766801434.
2026-05-13 04:52:39,322 - optuna.study._optimize - INFO - Trial 59 pruned. 
2026-05-13 04:52:42,590 - optuna.study._optimize - INFO - Trial 60 pruned. 
2026-05-13 04:53:07,711 - optuna.study.study - INFO - Trial 61 finished with value: 0.024859199017292156 and parameters: {'n_layers': 4, 'embedding_dim': 96, 'lr': 0.04045474833370291, 'lambda_val': 7.432035011083736e-05, 'batch_size': 1369, 'optimizer': 'RMSprop'}. Best is trial 33 with value: 0.02607182766801434.
2026-05-13 04:53:32,082 - optuna.study.study - INFO - Trial 62 finished with value: 0.023488015875643295 and parameters: {'n_layers': 4, 'embedding_dim': 96, 'lr': 0.041371946055227295, 'lambda_val': 6.498102809511179e-05, 'batch_size': 1397, 'optimizer': 'RMSprop'}. Best is trial 33 with value: 0.02607182766801434.
2026-05-13 04:53:37,737 - optuna.study._optimize - INFO - Trial 63 pruned. 
2026-05-13 04:53:41,131 - optuna.study._optimize - INFO - Trial 64 pruned. 
2026-05-13 04:53:44,510 - optuna.study._optimize - INFO - Trial 65 pruned. 
2026-05-13 04:53:48,261 - optuna.study._optimize - INFO - Trial 66 pruned. 
2026-05-13 04:53:51,975 - optuna.study._optimize - INFO - Trial 67 pruned. 
2026-05-13 04:53:55,625 - optuna.study._optimize - INFO - Trial 68 pruned. 
2026-05-13 04:53:58,884 - optuna.study._optimize - INFO - Trial 69 pruned. 
2026-05-13 04:54:02,320 - optuna.study._optimize - INFO - Trial 70 pruned. 
2026-05-13 04:54:37,081 - optuna.study.study - INFO - Trial 71 finished with value: 0.024106650823683327 and parameters: {'n_layers': 4, 'embedding_dim': 96, 'lr': 0.02071298973936065, 'lambda_val': 7.575409171785166e-05, 'batch_size': 729, 'optimizer': 'RMSprop'}. Best is trial 33 with value: 0.02607182766801434.
2026-05-13 04:55:00,999 - optuna.study.study - INFO - Trial 72 finished with value: 0.02317179769550033 and parameters: {'n_layers': 4, 'embedding_dim': 96, 'lr': 0.0365227354364508, 'lambda_val': 5.3815901700969336e-05, 'batch_size': 1180, 'optimizer': 'RMSprop'}. Best is trial 33 with value: 0.02607182766801434.
2026-05-13 04:55:04,049 - optuna.study._optimize - INFO - Trial 73 pruned. 
2026-05-13 04:55:07,597 - optuna.study._optimize - INFO - Trial 74 pruned. 
2026-05-13 04:55:10,622 - optuna.study._optimize - INFO - Trial 75 pruned. 
2026-05-13 04:55:14,112 - optuna.study._optimize - INFO - Trial 76 pruned. 
2026-05-13 04:55:47,050 - optuna.study.study - INFO - Trial 77 finished with value: 0.019794252153036578 and parameters: {'n_layers': 4, 'embedding_dim': 64, 'lr': 0.02402182270467994, 'lambda_val': 2.189214455861839e-05, 'batch_size': 2430, 'optimizer': 'RMSprop'}. Best is trial 33 with value: 0.02607182766801434.
2026-05-13 04:55:51,157 - optuna.study._optimize - INFO - Trial 78 pruned. 
2026-05-13 04:55:55,591 - optuna.study._optimize - INFO - Trial 79 pruned. 
2026-05-13 04:55:59,489 - optuna.study._optimize - INFO - Trial 80 pruned. 
2026-05-13 04:56:28,992 - optuna.study.study - INFO - Trial 81 finished with value: 0.02270033948533287 and parameters: {'n_layers': 4, 'embedding_dim': 96, 'lr': 0.03336037604414118, 'lambda_val': 5.1841565466473214e-05, 'batch_size': 1202, 'optimizer': 'RMSprop'}. Best is trial 33 with value: 0.02607182766801434.
2026-05-13 04:56:32,270 - optuna.study._optimize - INFO - Trial 82 pruned. 
2026-05-13 04:56:35,762 - optuna.study._optimize - INFO - Trial 83 pruned. 
2026-05-13 04:56:39,158 - optuna.study._optimize - INFO - Trial 84 pruned. 
2026-05-13 04:57:00,092 - optuna.study.study - INFO - Trial 85 finished with value: 0.021008765406268625 and parameters: {'n_layers': 4, 'embedding_dim': 32, 'lr': 0.02273145426013414, 'lambda_val': 0.000190021022147312, 'batch_size': 1364, 'optimizer': 'RMSprop'}. Best is trial 33 with value: 0.02607182766801434.
2026-05-13 04:57:04,143 - optuna.study._optimize - INFO - Trial 86 pruned. 
2026-05-13 04:57:08,522 - optuna.study._optimize - INFO - Trial 87 pruned. 
2026-05-13 04:57:38,797 - optuna.study.study - INFO - Trial 88 finished with value: 0.023436410163433556 and parameters: {'n_layers': 4, 'embedding_dim': 64, 'lr': 0.04266150411328044, 'lambda_val': 0.0001301144246338524, 'batch_size': 1739, 'optimizer': 'RMSprop'}. Best is trial 33 with value: 0.02607182766801434.
2026-05-13 04:57:42,902 - optuna.study._optimize - INFO - Trial 89 pruned. 
2026-05-13 04:58:12,972 - optuna.study.study - INFO - Trial 90 finished with value: 0.025009701492120163 and parameters: {'n_layers': 4, 'embedding_dim': 64, 'lr': 0.016722836884370457, 'lambda_val': 9.977759182822262e-05, 'batch_size': 2938, 'optimizer': 'RMSprop'}. Best is trial 33 with value: 0.02607182766801434.
2026-05-13 04:58:40,393 - optuna.study.study - INFO - Trial 91 finished with value: 0.02512340307349371 and parameters: {'n_layers': 4, 'embedding_dim': 64, 'lr': 0.01077692835561755, 'lambda_val': 9.072713235715707e-05, 'batch_size': 1798, 'optimizer': 'RMSprop'}. Best is trial 33 with value: 0.02607182766801434.
2026-05-13 04:59:10,759 - optuna.study.study - INFO - Trial 92 finished with value: 0.023932030651213753 and parameters: {'n_layers': 4, 'embedding_dim': 64, 'lr': 0.010967665497683436, 'lambda_val': 9.609977672972144e-05, 'batch_size': 2986, 'optimizer': 'RMSprop'}. Best is trial 33 with value: 0.02607182766801434.
2026-05-13 04:59:38,950 - optuna.study.study - INFO - Trial 93 finished with value: 0.0257234197499004 and parameters: {'n_layers': 4, 'embedding_dim': 64, 'lr': 0.016681952403132923, 'lambda_val': 9.836112894717358e-05, 'batch_size': 2932, 'optimizer': 'RMSprop'}. Best is trial 33 with value: 0.02607182766801434.
2026-05-13 05:00:05,533 - optuna.study.study - INFO - Trial 94 finished with value: 0.024673793515231097 and parameters: {'n_layers': 4, 'embedding_dim': 64, 'lr': 0.010545823898487598, 'lambda_val': 9.748006297046251e-05, 'batch_size': 2923, 'optimizer': 'RMSprop'}. Best is trial 33 with value: 0.02607182766801434.
2026-05-13 05:00:31,674 - optuna.study.study - INFO - Trial 95 finished with value: 0.02364394284719958 and parameters: {'n_layers': 4, 'embedding_dim': 64, 'lr': 0.011063005148202913, 'lambda_val': 9.813618000730389e-05, 'batch_size': 3298, 'optimizer': 'RMSprop'}. Best is trial 33 with value: 0.02607182766801434.
2026-05-13 05:00:35,066 - optuna.study._optimize - INFO - Trial 96 pruned. 
2026-05-13 05:00:39,386 - optuna.study._optimize - INFO - Trial 97 pruned. 
2026-05-13 05:00:42,568 - optuna.study._optimize - INFO - Trial 98 pruned. 
2026-05-13 05:00:45,908 - optuna.study._optimize - INFO - Trial 99 pruned. 
2026-05-13 05:01:12,961 - optuna.study.study - INFO - Trial 100 finished with value: 0.02489548382954106 and parameters: {'n_layers': 4, 'embedding_dim': 64, 'lr': 0.013093943448002687, 'lambda_val': 0.00011274801729117487, 'batch_size': 3058, 'optimizer': 'RMSprop'}. Best is trial 33 with value: 0.02607182766801434.
2026-05-13 05:01:41,156 - optuna.study.study - INFO - Trial 101 finished with value: 0.025121226169544424 and parameters: {'n_layers': 4, 'embedding_dim': 64, 'lr': 0.007021743805807905, 'lambda_val': 8.075182216397124e-05, 'batch_size': 3043, 'optimizer': 'RMSprop'}. Best is trial 33 with value: 0.02607182766801434.
2026-05-13 05:02:08,828 - optuna.study.study - INFO - Trial 102 finished with value: 0.024596824006163108 and parameters: {'n_layers': 4, 'embedding_dim': 64, 'lr': 0.007555039082679549, 'lambda_val': 7.789383791035501e-05, 'batch_size': 3047, 'optimizer': 'RMSprop'}. Best is trial 33 with value: 0.02607182766801434.
2026-05-13 05:02:12,825 - optuna.study._optimize - INFO - Trial 103 pruned. 
2026-05-13 05:02:41,582 - optuna.study.study - INFO - Trial 104 finished with value: 0.02491448568123267 and parameters: {'n_layers': 4, 'embedding_dim': 64, 'lr': 0.013381697807825638, 'lambda_val': 0.00013175870166407251, 'batch_size': 2859, 'optimizer': 'RMSprop'}. Best is trial 33 with value: 0.02607182766801434.
2026-05-13 05:02:45,236 - optuna.study._optimize - INFO - Trial 105 pruned. 
2026-05-13 05:02:48,680 - optuna.study._optimize - INFO - Trial 106 pruned. 
2026-05-13 05:02:52,556 - optuna.study._optimize - INFO - Trial 107 pruned. 
2026-05-13 05:03:22,358 - optuna.study.study - INFO - Trial 108 finished with value: 0.027753918148894535 and parameters: {'n_layers': 4, 'embedding_dim': 64, 'lr': 0.004912179158847086, 'lambda_val': 0.00012076463975516337, 'batch_size': 2922, 'optimizer': 'RMSprop'}. Best is trial 108 with value: 0.027753918148894535.
2026-05-13 05:03:26,936 - optuna.study._optimize - INFO - Trial 109 pruned. 
2026-05-13 05:03:30,941 - optuna.study._optimize - INFO - Trial 110 pruned. 
2026-05-13 05:04:01,924 - optuna.study.study - INFO - Trial 111 finished with value: 0.021794068711171375 and parameters: {'n_layers': 4, 'embedding_dim': 64, 'lr': 0.006769038544771558, 'lambda_val': 8.208863158330409e-05, 'batch_size': 3216, 'optimizer': 'RMSprop'}. Best is trial 108 with value: 0.027753918148894535.
2026-05-13 05:04:33,609 - optuna.study.study - INFO - Trial 112 finished with value: 0.02432946833809406 and parameters: {'n_layers': 4, 'embedding_dim': 64, 'lr': 0.007998636905507148, 'lambda_val': 0.00011269684615921844, 'batch_size': 3078, 'optimizer': 'RMSprop'}. Best is trial 108 with value: 0.027753918148894535.
2026-05-13 05:04:37,338 - optuna.study._optimize - INFO - Trial 113 pruned. 
2026-05-13 05:04:42,091 - optuna.study._optimize - INFO - Trial 114 pruned. 
2026-05-13 05:04:46,903 - optuna.study._optimize - INFO - Trial 115 pruned. 
2026-05-13 05:04:51,143 - optuna.study._optimize - INFO - Trial 116 pruned. 
2026-05-13 05:05:22,256 - optuna.study.study - INFO - Trial 117 finished with value: 0.023381344649894432 and parameters: {'n_layers': 4, 'embedding_dim': 64, 'lr': 0.013590759062725645, 'lambda_val': 6.07039273960956e-05, 'batch_size': 2905, 'optimizer': 'RMSprop'}. Best is trial 108 with value: 0.027753918148894535.
2026-05-13 05:05:54,077 - optuna.study.study - INFO - Trial 118 finished with value: 0.02510604505958958 and parameters: {'n_layers': 4, 'embedding_dim': 64, 'lr': 0.009703977177234176, 'lambda_val': 0.00011606274566075446, 'batch_size': 3013, 'optimizer': 'RMSprop'}. Best is trial 108 with value: 0.027753918148894535.
2026-05-13 05:05:58,708 - optuna.study._optimize - INFO - Trial 119 pruned. 
2026-05-13 05:06:03,695 - optuna.study._optimize - INFO - Trial 120 pruned. 
2026-05-13 05:06:35,308 - optuna.study.study - INFO - Trial 121 finished with value: 0.023630442008662073 and parameters: {'n_layers': 4, 'embedding_dim': 64, 'lr': 0.006768731843330736, 'lambda_val': 0.00017757002674824373, 'batch_size': 3014, 'optimizer': 'RMSprop'}. Best is trial 108 with value: 0.027753918148894535.
2026-05-13 05:07:05,878 - optuna.study.study - INFO - Trial 122 finished with value: 0.023705147465605227 and parameters: {'n_layers': 4, 'embedding_dim': 64, 'lr': 0.013299725592786296, 'lambda_val': 7.913914270015999e-05, 'batch_size': 2150, 'optimizer': 'RMSprop'}. Best is trial 108 with value: 0.027753918148894535.
2026-05-13 05:07:09,956 - optuna.study._optimize - INFO - Trial 123 pruned. 
2026-05-13 05:07:14,423 - optuna.study._optimize - INFO - Trial 124 pruned. 
2026-05-13 05:07:18,929 - optuna.study._optimize - INFO - Trial 125 pruned. 
2026-05-13 05:07:57,023 - optuna.study.study - INFO - Trial 126 finished with value: 0.021479496072109503 and parameters: {'n_layers': 4, 'embedding_dim': 256, 'lr': 0.01421476799277986, 'lambda_val': 5.829334119861962e-05, 'batch_size': 2648, 'optimizer': 'RMSprop'}. Best is trial 108 with value: 0.027753918148894535.
2026-05-13 05:08:01,395 - optuna.study._optimize - INFO - Trial 127 pruned. 
2026-05-13 05:08:44,593 - optuna.study.study - INFO - Trial 128 finished with value: 0.02154318911835154 and parameters: {'n_layers': 4, 'embedding_dim': 64, 'lr': 0.01899844202181334, 'lambda_val': 7.15893765413619e-05, 'batch_size': 3106, 'optimizer': 'RMSprop'}. Best is trial 108 with value: 0.027753918148894535.
2026-05-13 05:08:48,915 - optuna.study._optimize - INFO - Trial 129 pruned. 
2026-05-13 05:09:17,090 - optuna.study.study - INFO - Trial 130 finished with value: 0.023469026704418066 and parameters: {'n_layers': 4, 'embedding_dim': 64, 'lr': 0.010188076079278638, 'lambda_val': 0.00019509455738183262, 'batch_size': 2374, 'optimizer': 'RMSprop'}. Best is trial 108 with value: 0.027753918148894535.
2026-05-13 05:09:24,176 - optuna.study._optimize - INFO - Trial 131 pruned. 
2026-05-13 05:09:48,725 - optuna.study._optimize - INFO - Trial 132 pruned. 
2026-05-13 05:10:20,484 - optuna.study.study - INFO - Trial 133 finished with value: 0.020522180379140345 and parameters: {'n_layers': 4, 'embedding_dim': 32, 'lr': 0.015703603600928196, 'lambda_val': 3.3328633175892004e-05, 'batch_size': 3003, 'optimizer': 'RMSprop'}. Best is trial 108 with value: 0.027753918148894535.
2026-05-13 05:10:47,916 - optuna.study.study - INFO - Trial 134 finished with value: 0.023631571837410218 and parameters: {'n_layers': 4, 'embedding_dim': 64, 'lr': 0.011594601959655573, 'lambda_val': 4.835529348790042e-05, 'batch_size': 1832, 'optimizer': 'RMSprop'}. Best is trial 108 with value: 0.027753918148894535.
2026-05-13 05:11:18,926 - optuna.study.study - INFO - Trial 135 finished with value: 0.023359823720842735 and parameters: {'n_layers': 4, 'embedding_dim': 64, 'lr': 0.02872750243025708, 'lambda_val': 0.00010129824313819624, 'batch_size': 2851, 'optimizer': 'RMSprop'}. Best is trial 108 with value: 0.027753918148894535.
2026-05-13 05:11:49,756 - optuna.study.study - INFO - Trial 136 finished with value: 0.02465172606088788 and parameters: {'n_layers': 4, 'embedding_dim': 64, 'lr': 0.004810196874510423, 'lambda_val': 0.00013415620517762117, 'batch_size': 3086, 'optimizer': 'RMSprop'}. Best is trial 108 with value: 0.027753918148894535.
2026-05-13 05:11:53,799 - optuna.study._optimize - INFO - Trial 137 pruned. 
2026-05-13 05:11:57,896 - optuna.study._optimize - INFO - Trial 138 pruned. 
2026-05-13 05:12:02,060 - optuna.study._optimize - INFO - Trial 139 pruned. 
2026-05-13 05:12:06,528 - optuna.study._optimize - INFO - Trial 140 pruned. 
2026-05-13 05:12:09,851 - optuna.study._optimize - INFO - Trial 141 pruned. 
2026-05-13 05:12:28,238 - optuna.study._optimize - INFO - Trial 142 pruned. 
2026-05-13 05:12:31,948 - optuna.study._optimize - INFO - Trial 143 pruned. 
2026-05-13 05:12:58,759 - optuna.study.study - INFO - Trial 144 finished with value: 0.02380629420127085 and parameters: {'n_layers': 4, 'embedding_dim': 64, 'lr': 0.011793923855887442, 'lambda_val': 7.376525636589592e-05, 'batch_size': 3162, 'optimizer': 'RMSprop'}. Best is trial 108 with value: 0.027753918148894535.
2026-05-13 05:13:30,611 - optuna.study.study - INFO - Trial 145 finished with value: 0.019391137561409345 and parameters: {'n_layers': 4, 'embedding_dim': 64, 'lr': 0.015761922409399606, 'lambda_val': 3.818563065202314e-05, 'batch_size': 3080, 'optimizer': 'RMSprop'}. Best is trial 108 with value: 0.027753918148894535.
2026-05-13 05:14:00,493 - optuna.study.study - INFO - Trial 146 finished with value: 0.021634167049602908 and parameters: {'n_layers': 4, 'embedding_dim': 64, 'lr': 0.02523267261925085, 'lambda_val': 0.00015555646629113185, 'batch_size': 2919, 'optimizer': 'RMSprop'}. Best is trial 108 with value: 0.027753918148894535.
2026-05-13 05:14:05,514 - optuna.study._optimize - INFO - Trial 147 pruned. 
2026-05-13 05:14:09,554 - optuna.study._optimize - INFO - Trial 148 pruned. 
2026-05-13 05:14:16,795 - optuna.study._optimize - INFO - Trial 149 pruned. 
2026-05-13 05:14:21,409 - optuna.study._optimize - INFO - Trial 150 pruned. 
2026-05-13 05:14:25,408 - optuna.study._optimize - INFO - Trial 151 pruned. 
2026-05-13 05:14:55,454 - optuna.study.study - INFO - Trial 152 finished with value: 0.027191733246295032 and parameters: {'n_layers': 4, 'embedding_dim': 64, 'lr': 0.00513359971988436, 'lambda_val': 8.084898258452867e-05, 'batch_size': 2513, 'optimizer': 'RMSprop'}. Best is trial 108 with value: 0.027753918148894535.
2026-05-13 05:14:59,558 - optuna.study._optimize - INFO - Trial 153 pruned. 
2026-05-13 05:15:03,633 - optuna.study._optimize - INFO - Trial 154 pruned. 
2026-05-13 05:15:07,646 - optuna.study._optimize - INFO - Trial 155 pruned. 
2026-05-13 05:15:38,403 - optuna.study.study - INFO - Trial 156 finished with value: 0.025886576994156696 and parameters: {'n_layers': 4, 'embedding_dim': 64, 'lr': 0.017640811073969177, 'lambda_val': 0.0001335837579408744, 'batch_size': 2651, 'optimizer': 'RMSprop'}. Best is trial 108 with value: 0.027753918148894535.
2026-05-13 05:15:42,554 - optuna.study._optimize - INFO - Trial 157 pruned. 
2026-05-13 05:16:15,364 - optuna.study.study - INFO - Trial 158 finished with value: 0.02571380076162954 and parameters: {'n_layers': 4, 'embedding_dim': 64, 'lr': 0.006287040209077979, 'lambda_val': 0.00012724432353632467, 'batch_size': 2663, 'optimizer': 'RMSprop'}. Best is trial 108 with value: 0.027753918148894535.
2026-05-13 05:16:19,184 - optuna.study._optimize - INFO - Trial 159 pruned. 
2026-05-13 05:16:23,294 - optuna.study._optimize - INFO - Trial 160 pruned. 
2026-05-13 05:16:28,710 - optuna.study._optimize - INFO - Trial 161 pruned. 
2026-05-13 05:16:32,581 - optuna.study._optimize - INFO - Trial 162 pruned. 
2026-05-13 05:16:37,070 - optuna.study._optimize - INFO - Trial 163 pruned. 
2026-05-13 05:17:09,133 - optuna.study.study - INFO - Trial 164 finished with value: 0.02254216784556578 and parameters: {'n_layers': 4, 'embedding_dim': 64, 'lr': 0.010187515826224736, 'lambda_val': 7.200746440910301e-05, 'batch_size': 2758, 'optimizer': 'RMSprop'}. Best is trial 108 with value: 0.027753918148894535.
2026-05-13 05:17:13,207 - optuna.study._optimize - INFO - Trial 165 pruned. 
2026-05-13 05:17:17,260 - optuna.study._optimize - INFO - Trial 166 pruned. 
2026-05-13 05:17:21,556 - optuna.study._optimize - INFO - Trial 167 pruned. 
2026-05-13 05:17:40,347 - optuna.study._optimize - INFO - Trial 168 pruned. 
2026-05-13 05:17:44,542 - optuna.study._optimize - INFO - Trial 169 pruned. 
2026-05-13 05:18:29,789 - optuna.study.study - INFO - Trial 170 finished with value: 0.02312753794423512 and parameters: {'n_layers': 4, 'embedding_dim': 256, 'lr': 0.005088852060645911, 'lambda_val': 7.621538440955185e-05, 'batch_size': 3003, 'optimizer': 'RMSprop'}. Best is trial 108 with value: 0.027753918148894535.
2026-05-13 05:19:01,364 - optuna.study._optimize - INFO - Trial 171 pruned. 
2026-05-13 05:19:05,516 - optuna.study._optimize - INFO - Trial 172 pruned. 
2026-05-13 05:19:09,967 - optuna.study._optimize - INFO - Trial 173 pruned. 
2026-05-13 05:19:14,131 - optuna.study._optimize - INFO - Trial 174 pruned. 
2026-05-13 05:19:17,951 - optuna.study._optimize - INFO - Trial 175 pruned. 
2026-05-13 05:19:21,975 - optuna.study._optimize - INFO - Trial 176 pruned. 
2026-05-13 05:19:54,479 - optuna.study.study - INFO - Trial 177 finished with value: 0.020752020327997275 and parameters: {'n_layers': 4, 'embedding_dim': 128, 'lr': 0.007373764439829085, 'lambda_val': 8.167306439272949e-05, 'batch_size': 2800, 'optimizer': 'RMSprop'}. Best is trial 108 with value: 0.027753918148894535.
2026-05-13 05:19:58,322 - optuna.study._optimize - INFO - Trial 178 pruned. 
2026-05-13 05:20:02,143 - optuna.study._optimize - INFO - Trial 179 pruned. 
2026-05-13 05:20:06,100 - optuna.study._optimize - INFO - Trial 180 pruned. 
2026-05-13 05:20:11,197 - optuna.study._optimize - INFO - Trial 181 pruned. 
2026-05-13 05:20:15,218 - optuna.study._optimize - INFO - Trial 182 pruned. 
2026-05-13 05:20:19,262 - optuna.study._optimize - INFO - Trial 183 pruned. 
2026-05-13 05:20:23,835 - optuna.study._optimize - INFO - Trial 184 pruned. 
2026-05-13 05:20:27,884 - optuna.study._optimize - INFO - Trial 185 pruned. 
2026-05-13 05:21:03,923 - optuna.study.study - INFO - Trial 186 finished with value: 0.02441320390262136 and parameters: {'n_layers': 4, 'embedding_dim': 64, 'lr': 0.005814975829699559, 'lambda_val': 0.00013168178442861343, 'batch_size': 2905, 'optimizer': 'RMSprop'}. Best is trial 108 with value: 0.027753918148894535.
2026-05-13 05:21:08,053 - optuna.study._optimize - INFO - Trial 187 pruned. 
2026-05-13 05:21:12,409 - optuna.study._optimize - INFO - Trial 188 pruned. 
2026-05-13 05:21:17,394 - optuna.study._optimize - INFO - Trial 189 pruned. 
2026-05-13 05:21:49,070 - optuna.study.study - INFO - Trial 190 finished with value: 0.02288505692228884 and parameters: {'n_layers': 4, 'embedding_dim': 64, 'lr': 0.015689022944817242, 'lambda_val': 8.882837316641687e-05, 'batch_size': 2755, 'optimizer': 'RMSprop'}. Best is trial 108 with value: 0.027753918148894535.
2026-05-13 05:22:21,399 - optuna.study.study - INFO - Trial 191 finished with value: 0.023825494713760616 and parameters: {'n_layers': 4, 'embedding_dim': 64, 'lr': 0.007640873214762325, 'lambda_val': 0.00011645340924812189, 'batch_size': 2973, 'optimizer': 'RMSprop'}. Best is trial 108 with value: 0.027753918148894535.
2026-05-13 05:22:25,121 - optuna.study._optimize - INFO - Trial 192 pruned. 
2026-05-13 05:22:28,981 - optuna.study._optimize - INFO - Trial 193 pruned. 
2026-05-13 05:22:33,139 - optuna.study._optimize - INFO - Trial 194 pruned. 
2026-05-13 05:22:37,353 - optuna.study._optimize - INFO - Trial 195 pruned. 
2026-05-13 05:23:09,036 - optuna.study.study - INFO - Trial 196 finished with value: 0.022793643503667423 and parameters: {'n_layers': 4, 'embedding_dim': 128, 'lr': 0.013234329825048432, 'lambda_val': 5.308817013117772e-05, 'batch_size': 2925, 'optimizer': 'RMSprop'}. Best is trial 108 with value: 0.027753918148894535.
2026-05-13 05:23:12,763 - optuna.study._optimize - INFO - Trial 197 pruned. 
2026-05-13 05:23:16,502 - optuna.study._optimize - INFO - Trial 198 pruned. 
2026-05-13 05:23:48,167 - optuna.study.study - INFO - Trial 199 finished with value: 0.02864979927571029 and parameters: {'n_layers': 4, 'embedding_dim': 64, 'lr': 0.0070623224232624375, 'lambda_val': 6.590030786095158e-05, 'batch_size': 2819, 'optimizer': 'RMSprop'}. Best is trial 199 with value: 0.02864979927571029.
2026-05-13 05:24:05,419 - root - INFO -   ** Getting the trainable edges:
2026-05-13 05:24:05,423 - helper_functions - INFO -      Number of nodes: 547
2026-05-13 05:24:05,423 - helper_functions - INFO -      Ratio: 0.06036861273590111
2026-05-13 05:24:05,423 - helper_functions - INFO -      Number of unique users: 320
2026-05-13 05:24:05,423 - helper_functions - INFO -      Number of unique items: 227
2026-05-13 05:24:05,423 - helper_functions - INFO -      Total dominant set edge: 66391
2026-05-13 05:24:05,423 - helper_functions - INFO -      Trainable edges: 53112.8
2026-05-13 05:24:05,431 - root - INFO -   **** Getting 66391 dominant set edges
2026-05-13 05:24:06,868 - optuna.storages._rdb.storage - INFO - A new study created in RDB with name: Study_e_100K_1c1dcs
2026-05-13 05:24:50,876 - optuna.study.study - INFO - Trial 0 finished with value: 0.024016074870442727 and parameters: {'n_layers': 2, 'embedding_dim': 128, 'lr': 0.0029848374265500645, 'lambda_val': 1.834542013409196e-06, 'batch_size': 1023, 'optimizer': 'RMSprop'}. Best is trial 0 with value: 0.024016074870442727.
2026-05-13 05:26:00,239 - optuna.study.study - INFO - Trial 1 finished with value: 0.021129583091900585 and parameters: {'n_layers': 3, 'embedding_dim': 128, 'lr': 0.0006408987801241318, 'lambda_val': 1.6512460944069414e-06, 'batch_size': 2571, 'optimizer': 'Adam'}. Best is trial 0 with value: 0.024016074870442727.
2026-05-13 05:26:33,943 - optuna.study.study - INFO - Trial 2 finished with value: 0.05991282298083671 and parameters: {'n_layers': 1, 'embedding_dim': 128, 'lr': 0.001969368544283728, 'lambda_val': 0.005919150128642661, 'batch_size': 4035, 'optimizer': 'RMSprop'}. Best is trial 2 with value: 0.05991282298083671.
2026-05-13 05:27:05,357 - optuna.study.study - INFO - Trial 3 finished with value: 0.0020125627374689313 and parameters: {'n_layers': 2, 'embedding_dim': 32, 'lr': 1.5238793073699676e-05, 'lambda_val': 0.001703952060078878, 'batch_size': 2698, 'optimizer': 'SGD'}. Best is trial 2 with value: 0.05991282298083671.
2026-05-13 05:27:56,533 - optuna.study.study - INFO - Trial 4 finished with value: 0.012493735135883305 and parameters: {'n_layers': 3, 'embedding_dim': 256, 'lr': 1.135575429480046e-05, 'lambda_val': 0.003380753606169322, 'batch_size': 1051, 'optimizer': 'RMSprop'}. Best is trial 2 with value: 0.05991282298083671.
2026-05-13 05:28:01,426 - optuna.study._optimize - INFO - Trial 5 pruned. 
2026-05-13 05:28:07,448 - optuna.study._optimize - INFO - Trial 6 pruned. 
2026-05-13 05:28:12,408 - optuna.study._optimize - INFO - Trial 7 pruned. 
2026-05-13 05:28:16,772 - optuna.study._optimize - INFO - Trial 8 pruned. 
2026-05-13 05:28:22,109 - optuna.study._optimize - INFO - Trial 9 pruned. 
2026-05-13 05:28:52,067 - optuna.study.study - INFO - Trial 10 finished with value: 0.05324832010093472 and parameters: {'n_layers': 1, 'embedding_dim': 96, 'lr': 0.09007909319637378, 'lambda_val': 0.00021681711420606334, 'batch_size': 4016, 'optimizer': 'RMSprop'}. Best is trial 2 with value: 0.05991282298083671.
2026-05-13 05:29:23,112 - optuna.study.study - INFO - Trial 11 finished with value: 0.04781745230790316 and parameters: {'n_layers': 1, 'embedding_dim': 96, 'lr': 0.09773461034507241, 'lambda_val': 0.00016117843936018535, 'batch_size': 3986, 'optimizer': 'RMSprop'}. Best is trial 2 with value: 0.05991282298083671.
2026-05-13 05:30:04,391 - optuna.study.study - INFO - Trial 12 finished with value: 0.06312996718748592 and parameters: {'n_layers': 1, 'embedding_dim': 96, 'lr': 0.018573243969002978, 'lambda_val': 0.0003088223411635756, 'batch_size': 4093, 'optimizer': 'RMSprop'}. Best is trial 12 with value: 0.06312996718748592.
2026-05-13 05:30:34,107 - optuna.study.study - INFO - Trial 13 finished with value: 0.06540335821566495 and parameters: {'n_layers': 1, 'embedding_dim': 96, 'lr': 0.009236354904325571, 'lambda_val': 0.0009981254316188373, 'batch_size': 3408, 'optimizer': 'RMSprop'}. Best is trial 13 with value: 0.06540335821566495.
2026-05-13 05:30:58,867 - optuna.study._optimize - INFO - Trial 14 pruned. 
2026-05-13 05:31:39,956 - optuna.study.study - INFO - Trial 15 finished with value: 0.06508988115009512 and parameters: {'n_layers': 1, 'embedding_dim': 96, 'lr': 0.013690750574908943, 'lambda_val': 0.0009210179310480878, 'batch_size': 3413, 'optimizer': 'Adam'}. Best is trial 13 with value: 0.06540335821566495.
2026-05-13 05:31:44,926 - optuna.study._optimize - INFO - Trial 16 pruned. 
2026-05-13 05:32:15,210 - optuna.study.study - INFO - Trial 17 finished with value: 0.06513025598619009 and parameters: {'n_layers': 1, 'embedding_dim': 96, 'lr': 0.00010728846967891514, 'lambda_val': 0.0008492579965979054, 'batch_size': 3565, 'optimizer': 'Adam'}. Best is trial 13 with value: 0.06540335821566495.
2026-05-13 05:32:44,145 - optuna.study.study - INFO - Trial 18 finished with value: 0.07203362778094169 and parameters: {'n_layers': 1, 'embedding_dim': 96, 'lr': 0.00011057296431450817, 'lambda_val': 5.296457916011044e-05, 'batch_size': 3598, 'optimizer': 'Adam'}. Best is trial 18 with value: 0.07203362778094169.
2026-05-13 05:32:54,624 - optuna.study._optimize - INFO - Trial 19 pruned. 
2026-05-13 05:33:29,089 - optuna.study.study - INFO - Trial 20 finished with value: 0.08476221914255828 and parameters: {'n_layers': 1, 'embedding_dim': 256, 'lr': 0.00034156652559272176, 'lambda_val': 1.9660357944566855e-05, 'batch_size': 574, 'optimizer': 'Adam'}. Best is trial 20 with value: 0.08476221914255828.
2026-05-13 05:33:33,333 - optuna.study._optimize - INFO - Trial 21 pruned. 
2026-05-13 05:34:06,751 - optuna.study.study - INFO - Trial 22 finished with value: 0.08939254957612576 and parameters: {'n_layers': 1, 'embedding_dim': 256, 'lr': 0.00028763651957401995, 'lambda_val': 4.7769762631469744e-05, 'batch_size': 653, 'optimizer': 'Adam'}. Best is trial 22 with value: 0.08939254957612576.
2026-05-13 05:34:49,488 - optuna.study.study - INFO - Trial 23 finished with value: 0.04291227148138682 and parameters: {'n_layers': 2, 'embedding_dim': 256, 'lr': 0.00025920828485276613, 'lambda_val': 4.918894752659093e-05, 'batch_size': 521, 'optimizer': 'Adam'}. Best is trial 22 with value: 0.08939254957612576.
2026-05-13 05:35:23,629 - optuna.study.study - INFO - Trial 24 finished with value: 0.07750063795351014 and parameters: {'n_layers': 1, 'embedding_dim': 256, 'lr': 0.00038776780009229864, 'lambda_val': 1.1085952352717759e-05, 'batch_size': 537, 'optimizer': 'Adam'}. Best is trial 22 with value: 0.08939254957612576.
2026-05-13 05:35:56,637 - optuna.study.study - INFO - Trial 25 finished with value: 0.08587212039236354 and parameters: {'n_layers': 1, 'embedding_dim': 256, 'lr': 0.00038007507356644765, 'lambda_val': 8.902104333874677e-06, 'batch_size': 537, 'optimizer': 'Adam'}. Best is trial 22 with value: 0.08939254957612576.
2026-05-13 05:36:02,651 - optuna.study._optimize - INFO - Trial 26 pruned. 
2026-05-13 05:36:06,981 - optuna.study._optimize - INFO - Trial 27 pruned. 
2026-05-13 05:36:13,137 - optuna.study._optimize - INFO - Trial 28 pruned. 
2026-05-13 05:36:17,390 - optuna.study._optimize - INFO - Trial 29 pruned. 
2026-05-13 05:36:23,122 - optuna.study._optimize - INFO - Trial 30 pruned. 
2026-05-13 05:36:57,433 - optuna.study.study - INFO - Trial 31 finished with value: 0.08607226983447282 and parameters: {'n_layers': 1, 'embedding_dim': 256, 'lr': 0.00041638355083733656, 'lambda_val': 1.6043926826783258e-05, 'batch_size': 542, 'optimizer': 'Adam'}. Best is trial 22 with value: 0.08939254957612576.
2026-05-13 05:37:31,856 - optuna.study.study - INFO - Trial 32 finished with value: 0.07403292852776117 and parameters: {'n_layers': 1, 'embedding_dim': 256, 'lr': 0.0006267906505394406, 'lambda_val': 1.0262240517853736e-05, 'batch_size': 1018, 'optimizer': 'Adam'}. Best is trial 22 with value: 0.08939254957612576.
2026-05-13 05:37:35,721 - optuna.study._optimize - INFO - Trial 33 pruned. 
2026-05-13 05:38:10,580 - optuna.study.study - INFO - Trial 34 finished with value: 0.07032545460268544 and parameters: {'n_layers': 1, 'embedding_dim': 256, 'lr': 0.0005716581754179369, 'lambda_val': 8.094308889000187e-05, 'batch_size': 1392, 'optimizer': 'Adam'}. Best is trial 22 with value: 0.08939254957612576.
2026-05-13 05:38:38,525 - optuna.study.study - INFO - Trial 35 finished with value: 0.03441959174339257 and parameters: {'n_layers': 1, 'embedding_dim': 32, 'lr': 0.0017313222425696247, 'lambda_val': 2.715241062877976e-06, 'batch_size': 979, 'optimizer': 'Adam'}. Best is trial 22 with value: 0.08939254957612576.
2026-05-13 05:38:42,558 - optuna.study._optimize - INFO - Trial 36 pruned. 
2026-05-13 05:38:47,695 - optuna.study._optimize - INFO - Trial 37 pruned. 
2026-05-13 05:38:53,663 - optuna.study._optimize - INFO - Trial 38 pruned. 
2026-05-13 05:39:28,376 - optuna.study.study - INFO - Trial 39 finished with value: 0.059935978191183764 and parameters: {'n_layers': 1, 'embedding_dim': 256, 'lr': 0.0008605030063607229, 'lambda_val': 1.8870397992941274e-05, 'batch_size': 1963, 'optimizer': 'Adam'}. Best is trial 22 with value: 0.08939254957612576.
2026-05-13 05:39:31,925 - optuna.study._optimize - INFO - Trial 40 pruned. 
2026-05-13 05:40:06,854 - optuna.study.study - INFO - Trial 41 finished with value: 0.08483647901645315 and parameters: {'n_layers': 1, 'embedding_dim': 256, 'lr': 0.0003278891725698351, 'lambda_val': 7.562871144006037e-06, 'batch_size': 532, 'optimizer': 'Adam'}. Best is trial 22 with value: 0.08939254957612576.
2026-05-13 05:40:41,445 - optuna.study.study - INFO - Trial 42 finished with value: 0.07552247931126198 and parameters: {'n_layers': 1, 'embedding_dim': 256, 'lr': 0.0004233573498195855, 'lambda_val': 2.6588009343407494e-05, 'batch_size': 880, 'optimizer': 'Adam'}. Best is trial 22 with value: 0.08939254957612576.
2026-05-13 05:40:45,067 - optuna.study._optimize - INFO - Trial 43 pruned. 
2026-05-13 05:41:19,369 - optuna.study.study - INFO - Trial 44 finished with value: 0.10435506491845455 and parameters: {'n_layers': 1, 'embedding_dim': 256, 'lr': 0.00023884512203392114, 'lambda_val': 7.713092068294609e-06, 'batch_size': 888, 'optimizer': 'Adam'}. Best is trial 44 with value: 0.10435506491845455.
2026-05-13 05:41:27,346 - optuna.study._optimize - INFO - Trial 45 pruned. 
2026-05-13 05:41:37,873 - optuna.study._optimize - INFO - Trial 46 pruned. 
2026-05-13 05:41:44,239 - optuna.study._optimize - INFO - Trial 47 pruned. 
2026-05-13 05:42:16,618 - optuna.study.study - INFO - Trial 48 finished with value: 0.0647538395809503 and parameters: {'n_layers': 1, 'embedding_dim': 256, 'lr': 0.0009972744736628195, 'lambda_val': 1.3740981569601414e-05, 'batch_size': 1747, 'optimizer': 'Adam'}. Best is trial 44 with value: 0.10435506491845455.
2026-05-13 05:42:21,596 - optuna.study._optimize - INFO - Trial 49 pruned. 
2026-05-13 05:42:53,979 - optuna.study.study - INFO - Trial 50 finished with value: 0.07942439653869313 and parameters: {'n_layers': 1, 'embedding_dim': 256, 'lr': 0.0005251817026379351, 'lambda_val': 4.3488997520162975e-05, 'batch_size': 852, 'optimizer': 'RMSprop'}. Best is trial 44 with value: 0.10435506491845455.
2026-05-13 05:43:28,487 - optuna.study.study - INFO - Trial 51 finished with value: 0.09879374330197016 and parameters: {'n_layers': 1, 'embedding_dim': 256, 'lr': 0.000270288630763684, 'lambda_val': 1.823510445581898e-05, 'batch_size': 520, 'optimizer': 'Adam'}. Best is trial 44 with value: 0.10435506491845455.
2026-05-13 05:44:03,396 - optuna.study.study - INFO - Trial 52 finished with value: 0.09707634758488468 and parameters: {'n_layers': 1, 'embedding_dim': 256, 'lr': 0.00022903735900644233, 'lambda_val': 3.3180571608334547e-06, 'batch_size': 660, 'optimizer': 'Adam'}. Best is trial 44 with value: 0.10435506491845455.
2026-05-13 05:44:07,548 - optuna.study._optimize - INFO - Trial 53 pruned. 
2026-05-13 05:44:12,074 - optuna.study._optimize - INFO - Trial 54 pruned. 
2026-05-13 05:44:16,676 - optuna.study._optimize - INFO - Trial 55 pruned. 
2026-05-13 05:44:21,030 - optuna.study._optimize - INFO - Trial 56 pruned. 
2026-05-13 05:44:24,896 - optuna.study._optimize - INFO - Trial 57 pruned. 
2026-05-13 05:45:00,062 - optuna.study.study - INFO - Trial 58 finished with value: 0.0661664983165579 and parameters: {'n_layers': 1, 'embedding_dim': 256, 'lr': 0.0004604697528249436, 'lambda_val': 3.2680499317617566e-05, 'batch_size': 1104, 'optimizer': 'Adam'}. Best is trial 44 with value: 0.10435506491845455.
2026-05-13 05:45:05,431 - optuna.study._optimize - INFO - Trial 59 pruned. 
2026-05-13 05:45:10,568 - optuna.study._optimize - INFO - Trial 60 pruned. 
2026-05-13 05:45:44,041 - optuna.study.study - INFO - Trial 61 finished with value: 0.08844675971720097 and parameters: {'n_layers': 1, 'embedding_dim': 256, 'lr': 0.00032466355062152135, 'lambda_val': 5.151805956285522e-06, 'batch_size': 594, 'optimizer': 'Adam'}. Best is trial 44 with value: 0.10435506491845455.
2026-05-13 05:45:48,517 - optuna.study._optimize - INFO - Trial 62 pruned. 
2026-05-13 05:46:23,281 - optuna.study.study - INFO - Trial 63 finished with value: 0.07397918452522032 and parameters: {'n_layers': 1, 'embedding_dim': 256, 'lr': 0.00038551384845435596, 'lambda_val': 1.5131211768785047e-05, 'batch_size': 656, 'optimizer': 'Adam'}. Best is trial 44 with value: 0.10435506491845455.
2026-05-13 05:46:27,742 - optuna.study._optimize - INFO - Trial 64 pruned. 
2026-05-13 05:46:32,692 - optuna.study._optimize - INFO - Trial 65 pruned. 
2026-05-13 05:46:37,189 - optuna.study._optimize - INFO - Trial 66 pruned. 
2026-05-13 05:47:16,004 - optuna.study.study - INFO - Trial 67 finished with value: 0.07274376501396028 and parameters: {'n_layers': 1, 'embedding_dim': 256, 'lr': 0.0004884431078310545, 'lambda_val': 4.2653973572078e-06, 'batch_size': 935, 'optimizer': 'Adam'}. Best is trial 44 with value: 0.10435506491845455.
2026-05-13 05:47:24,014 - optuna.study._optimize - INFO - Trial 68 pruned. 
2026-05-13 05:47:28,355 - optuna.study._optimize - INFO - Trial 69 pruned. 
2026-05-13 05:48:02,932 - optuna.study.study - INFO - Trial 70 finished with value: 0.0637299851816618 and parameters: {'n_layers': 1, 'embedding_dim': 256, 'lr': 0.0011211719739440441, 'lambda_val': 5.981042850082238e-05, 'batch_size': 1245, 'optimizer': 'Adam'}. Best is trial 44 with value: 0.10435506491845455.
2026-05-13 05:48:07,408 - optuna.study._optimize - INFO - Trial 71 pruned. 
2026-05-13 05:48:11,759 - optuna.study._optimize - INFO - Trial 72 pruned. 
2026-05-13 05:48:45,875 - optuna.study.study - INFO - Trial 73 finished with value: 0.0681488224551998 and parameters: {'n_layers': 1, 'embedding_dim': 256, 'lr': 0.0007147153712401835, 'lambda_val': 3.543535942696004e-05, 'batch_size': 516, 'optimizer': 'Adam'}. Best is trial 44 with value: 0.10435506491845455.
2026-05-13 05:49:20,198 - optuna.study.study - INFO - Trial 74 finished with value: 0.10183225968781447 and parameters: {'n_layers': 1, 'embedding_dim': 256, 'lr': 0.00034771097576380644, 'lambda_val': 1.2974167553684175e-05, 'batch_size': 740, 'optimizer': 'Adam'}. Best is trial 44 with value: 0.10435506491845455.
2026-05-13 05:49:25,860 - optuna.study._optimize - INFO - Trial 75 pruned. 
2026-05-13 05:49:29,516 - optuna.study._optimize - INFO - Trial 76 pruned. 
2026-05-13 05:50:03,750 - optuna.study.study - INFO - Trial 77 finished with value: 0.08737793735366624 and parameters: {'n_layers': 1, 'embedding_dim': 256, 'lr': 0.0002411181872384025, 'lambda_val': 2.1392444142901e-05, 'batch_size': 1039, 'optimizer': 'Adam'}. Best is trial 44 with value: 0.10435506491845455.
2026-05-13 05:50:08,442 - optuna.study._optimize - INFO - Trial 78 pruned. 
2026-05-13 05:50:15,293 - optuna.study._optimize - INFO - Trial 79 pruned. 
2026-05-13 05:50:44,636 - optuna.study.study - INFO - Trial 80 finished with value: 0.07898808888483208 and parameters: {'n_layers': 1, 'embedding_dim': 128, 'lr': 0.0002648980918037798, 'lambda_val': 1.2636829277350233e-06, 'batch_size': 953, 'optimizer': 'Adam'}. Best is trial 44 with value: 0.10435506491845455.
2026-05-13 05:51:19,319 - optuna.study.study - INFO - Trial 81 finished with value: 0.07624375099683549 and parameters: {'n_layers': 1, 'embedding_dim': 256, 'lr': 0.0004105078114500605, 'lambda_val': 8.711374858688392e-06, 'batch_size': 698, 'optimizer': 'Adam'}. Best is trial 44 with value: 0.10435506491845455.
2026-05-13 05:51:23,434 - optuna.study._optimize - INFO - Trial 82 pruned. 
2026-05-13 05:51:55,188 - optuna.study.study - INFO - Trial 83 finished with value: 0.08134457430189908 and parameters: {'n_layers': 1, 'embedding_dim': 256, 'lr': 0.0003252992528396275, 'lambda_val': 3.9218269377593714e-05, 'batch_size': 1048, 'optimizer': 'Adam'}. Best is trial 44 with value: 0.10435506491845455.
2026-05-13 05:51:59,284 - optuna.study._optimize - INFO - Trial 84 pruned. 
2026-05-13 05:52:03,402 - optuna.study._optimize - INFO - Trial 85 pruned. 
2026-05-13 05:52:35,311 - optuna.study.study - INFO - Trial 86 finished with value: 0.06587773342909034 and parameters: {'n_layers': 1, 'embedding_dim': 256, 'lr': 0.0008536418332712973, 'lambda_val': 5.839564790364399e-06, 'batch_size': 925, 'optimizer': 'Adam'}. Best is trial 44 with value: 0.10435506491845455.
2026-05-13 05:52:39,307 - optuna.study._optimize - INFO - Trial 87 pruned. 
2026-05-13 05:52:43,785 - optuna.study._optimize - INFO - Trial 88 pruned. 
2026-05-13 05:53:16,905 - optuna.study.study - INFO - Trial 89 finished with value: 0.07472114102779259 and parameters: {'n_layers': 1, 'embedding_dim': 256, 'lr': 0.0005475242615991478, 'lambda_val': 3.529811370193609e-06, 'batch_size': 601, 'optimizer': 'Adam'}. Best is trial 44 with value: 0.10435506491845455.
2026-05-13 05:53:20,978 - optuna.study._optimize - INFO - Trial 90 pruned. 
2026-05-13 05:53:53,018 - optuna.study.study - INFO - Trial 91 finished with value: 0.0973971686582541 and parameters: {'n_layers': 1, 'embedding_dim': 256, 'lr': 0.00033298934845158216, 'lambda_val': 8.744234193380185e-06, 'batch_size': 603, 'optimizer': 'Adam'}. Best is trial 44 with value: 0.10435506491845455.
2026-05-13 05:53:57,512 - optuna.study._optimize - INFO - Trial 92 pruned. 
2026-05-13 05:54:02,361 - optuna.study._optimize - INFO - Trial 93 pruned. 
2026-05-13 05:54:07,980 - optuna.study._optimize - INFO - Trial 94 pruned. 
2026-05-13 05:54:12,662 - optuna.study._optimize - INFO - Trial 95 pruned. 
2026-05-13 05:54:16,339 - optuna.study._optimize - INFO - Trial 96 pruned. 
2026-05-13 05:54:20,227 - optuna.study._optimize - INFO - Trial 97 pruned. 
2026-05-13 05:54:24,798 - optuna.study._optimize - INFO - Trial 98 pruned. 
2026-05-13 05:54:30,788 - optuna.study._optimize - INFO - Trial 99 pruned. 
2026-05-13 05:54:34,716 - optuna.study._optimize - INFO - Trial 100 pruned. 
2026-05-13 05:54:38,985 - optuna.study._optimize - INFO - Trial 101 pruned. 
2026-05-13 05:54:43,560 - optuna.study._optimize - INFO - Trial 102 pruned. 
2026-05-13 05:55:18,807 - optuna.study.study - INFO - Trial 103 finished with value: 0.07144445019100357 and parameters: {'n_layers': 1, 'embedding_dim': 256, 'lr': 0.0005965545004636252, 'lambda_val': 4.453021675897051e-06, 'batch_size': 653, 'optimizer': 'Adam'}. Best is trial 44 with value: 0.10435506491845455.
2026-05-13 05:55:23,195 - optuna.study._optimize - INFO - Trial 104 pruned. 
2026-05-13 05:55:27,579 - optuna.study._optimize - INFO - Trial 105 pruned. 
2026-05-13 05:55:31,853 - optuna.study._optimize - INFO - Trial 106 pruned. 
2026-05-13 05:55:36,614 - optuna.study._optimize - INFO - Trial 107 pruned. 
2026-05-13 05:55:40,668 - optuna.study._optimize - INFO - Trial 108 pruned. 
2026-05-13 05:56:15,851 - optuna.study.study - INFO - Trial 109 finished with value: 0.07153579284389425 and parameters: {'n_layers': 1, 'embedding_dim': 256, 'lr': 0.0004714529476700408, 'lambda_val': 1.1881082872635942e-05, 'batch_size': 994, 'optimizer': 'Adam'}. Best is trial 44 with value: 0.10435506491845455.
2026-05-13 05:56:49,697 - optuna.study.study - INFO - Trial 110 finished with value: 0.06316251395146334 and parameters: {'n_layers': 1, 'embedding_dim': 256, 'lr': 0.0007283547429366452, 'lambda_val': 1.6557734606598327e-06, 'batch_size': 856, 'optimizer': 'Adam'}. Best is trial 44 with value: 0.10435506491845455.
2026-05-13 05:56:54,091 - optuna.study._optimize - INFO - Trial 111 pruned. 
2026-05-13 05:56:59,007 - optuna.study._optimize - INFO - Trial 112 pruned. 
2026-05-13 05:57:35,304 - optuna.study.study - INFO - Trial 113 finished with value: 0.07080133941094792 and parameters: {'n_layers': 1, 'embedding_dim': 256, 'lr': 0.00037998612533478776, 'lambda_val': 4.924622425009079e-06, 'batch_size': 2421, 'optimizer': 'Adam'}. Best is trial 44 with value: 0.10435506491845455.
2026-05-13 05:57:39,557 - optuna.study._optimize - INFO - Trial 114 pruned. 
2026-05-13 05:57:44,516 - optuna.study._optimize - INFO - Trial 115 pruned. 
2026-05-13 05:57:48,746 - optuna.study._optimize - INFO - Trial 116 pruned. 
2026-05-13 05:57:52,323 - optuna.study._optimize - INFO - Trial 117 pruned. 
2026-05-13 05:58:21,220 - optuna.study.study - INFO - Trial 118 finished with value: 0.07334427316025267 and parameters: {'n_layers': 1, 'embedding_dim': 96, 'lr': 0.000435778424409084, 'lambda_val': 9.203176478899014e-05, 'batch_size': 617, 'optimizer': 'Adam'}. Best is trial 44 with value: 0.10435506491845455.
2026-05-13 05:58:25,605 - optuna.study._optimize - INFO - Trial 119 pruned. 
2026-05-13 05:59:00,231 - optuna.study.study - INFO - Trial 120 finished with value: 0.07368633217461283 and parameters: {'n_layers': 1, 'embedding_dim': 256, 'lr': 0.0006598996294383297, 'lambda_val': 5.8660979380364304e-06, 'batch_size': 707, 'optimizer': 'Adam'}. Best is trial 44 with value: 0.10435506491845455.
2026-05-13 05:59:04,251 - optuna.study._optimize - INFO - Trial 121 pruned. 
2026-05-13 05:59:08,363 - optuna.study._optimize - INFO - Trial 122 pruned. 
2026-05-13 05:59:12,457 - optuna.study._optimize - INFO - Trial 123 pruned. 
2026-05-13 05:59:16,447 - optuna.study._optimize - INFO - Trial 124 pruned. 
2026-05-13 05:59:20,632 - optuna.study._optimize - INFO - Trial 125 pruned. 
2026-05-13 05:59:50,466 - optuna.study.study - INFO - Trial 126 finished with value: 0.07566241398292471 and parameters: {'n_layers': 1, 'embedding_dim': 128, 'lr': 0.0004574733092555026, 'lambda_val': 4.4058786753524393e-05, 'batch_size': 512, 'optimizer': 'RMSprop'}. Best is trial 44 with value: 0.10435506491845455.
2026-05-13 05:59:54,900 - optuna.study._optimize - INFO - Trial 127 pruned. 
2026-05-13 05:59:58,868 - optuna.study._optimize - INFO - Trial 128 pruned. 
2026-05-13 06:00:05,022 - optuna.study._optimize - INFO - Trial 129 pruned. 
2026-05-13 06:00:09,658 - optuna.study._optimize - INFO - Trial 130 pruned. 
2026-05-13 06:00:43,209 - optuna.study.study - INFO - Trial 131 finished with value: 0.08226675662254518 and parameters: {'n_layers': 1, 'embedding_dim': 256, 'lr': 0.0005278795318867535, 'lambda_val': 4.340048872533829e-05, 'batch_size': 839, 'optimizer': 'RMSprop'}. Best is trial 44 with value: 0.10435506491845455.
2026-05-13 06:00:50,658 - optuna.study._optimize - INFO - Trial 132 pruned. 
2026-05-13 06:01:23,743 - optuna.study.study - INFO - Trial 133 finished with value: 0.08523597585285217 and parameters: {'n_layers': 1, 'embedding_dim': 256, 'lr': 0.000298136609077682, 'lambda_val': 3.0264863541216148e-05, 'batch_size': 707, 'optimizer': 'RMSprop'}. Best is trial 44 with value: 0.10435506491845455.
2026-05-13 06:01:58,061 - optuna.study.study - INFO - Trial 134 finished with value: 0.08814176305701253 and parameters: {'n_layers': 1, 'embedding_dim': 256, 'lr': 0.0002590123397923474, 'lambda_val': 3.0503569827726545e-05, 'batch_size': 689, 'optimizer': 'RMSprop'}. Best is trial 44 with value: 0.10435506491845455.
2026-05-13 06:02:02,864 - optuna.study._optimize - INFO - Trial 135 pruned. 
2026-05-13 06:02:33,430 - optuna.study.study - INFO - Trial 136 finished with value: 0.0889093885453598 and parameters: {'n_layers': 1, 'embedding_dim': 256, 'lr': 0.00026887980438769466, 'lambda_val': 1.4297830653339371e-05, 'batch_size': 701, 'optimizer': 'RMSprop'}. Best is trial 44 with value: 0.10435506491845455.
2026-05-13 06:02:36,547 - optuna.study._optimize - INFO - Trial 137 pruned. 
2026-05-13 06:02:45,038 - optuna.study._optimize - INFO - Trial 138 pruned. 
2026-05-13 06:02:54,343 - optuna.study._optimize - INFO - Trial 139 pruned. 
2026-05-13 06:03:28,282 - optuna.study.study - INFO - Trial 140 finished with value: 0.07967181599239978 and parameters: {'n_layers': 1, 'embedding_dim': 256, 'lr': 0.00040912833254521953, 'lambda_val': 1.9290528090844207e-05, 'batch_size': 768, 'optimizer': 'RMSprop'}. Best is trial 44 with value: 0.10435506491845455.
2026-05-13 06:04:02,048 - optuna.study.study - INFO - Trial 141 finished with value: 0.09291266493490558 and parameters: {'n_layers': 1, 'embedding_dim': 256, 'lr': 0.00026825050817582514, 'lambda_val': 1.573936547095484e-05, 'batch_size': 642, 'optimizer': 'RMSprop'}. Best is trial 44 with value: 0.10435506491845455.
2026-05-13 06:04:36,431 - optuna.study.study - INFO - Trial 142 finished with value: 0.09616343272339414 and parameters: {'n_layers': 1, 'embedding_dim': 256, 'lr': 0.00029273841773175746, 'lambda_val': 7.731026444366261e-06, 'batch_size': 670, 'optimizer': 'RMSprop'}. Best is trial 44 with value: 0.10435506491845455.
2026-05-13 06:05:10,463 - optuna.study.study - INFO - Trial 143 finished with value: 0.09993024488086352 and parameters: {'n_layers': 1, 'embedding_dim': 256, 'lr': 0.00020156764223891707, 'lambda_val': 1.4825107037772566e-05, 'batch_size': 635, 'optimizer': 'RMSprop'}. Best is trial 44 with value: 0.10435506491845455.
2026-05-13 06:05:44,243 - optuna.study.study - INFO - Trial 144 finished with value: 0.0936379955658667 and parameters: {'n_layers': 1, 'embedding_dim': 256, 'lr': 0.00021009684958708867, 'lambda_val': 1.225892090212521e-05, 'batch_size': 654, 'optimizer': 'RMSprop'}. Best is trial 44 with value: 0.10435506491845455.
2026-05-13 06:05:51,667 - optuna.study._optimize - INFO - Trial 145 pruned. 
2026-05-13 06:05:55,853 - optuna.study._optimize - INFO - Trial 146 pruned. 
2026-05-13 06:06:35,100 - optuna.study.study - INFO - Trial 147 finished with value: 0.07317066903835742 and parameters: {'n_layers': 1, 'embedding_dim': 256, 'lr': 0.00022606549008090163, 'lambda_val': 2.3433770445759095e-05, 'batch_size': 2863, 'optimizer': 'RMSprop'}. Best is trial 44 with value: 0.10435506491845455.
2026-05-13 06:06:43,993 - optuna.study._optimize - INFO - Trial 148 pruned. 
2026-05-13 06:06:47,238 - optuna.study._optimize - INFO - Trial 149 pruned. 
2026-05-13 06:06:50,594 - optuna.study._optimize - INFO - Trial 150 pruned. 
2026-05-13 06:07:25,217 - optuna.study.study - INFO - Trial 151 finished with value: 0.10221164577491942 and parameters: {'n_layers': 1, 'embedding_dim': 256, 'lr': 0.0002822077156554451, 'lambda_val': 5.720409631371078e-06, 'batch_size': 514, 'optimizer': 'RMSprop'}. Best is trial 44 with value: 0.10435506491845455.
2026-05-13 06:07:29,577 - optuna.study._optimize - INFO - Trial 152 pruned. 
2026-05-13 06:08:03,588 - optuna.study.study - INFO - Trial 153 finished with value: 0.09527182426463464 and parameters: {'n_layers': 1, 'embedding_dim': 256, 'lr': 0.00027941211524545623, 'lambda_val': 6.635623438364812e-06, 'batch_size': 644, 'optimizer': 'RMSprop'}. Best is trial 44 with value: 0.10435506491845455.
2026-05-13 06:08:07,938 - optuna.study._optimize - INFO - Trial 154 pruned. 
2026-05-13 06:08:12,322 - optuna.study._optimize - INFO - Trial 155 pruned. 
2026-05-13 06:08:47,135 - optuna.study.study - INFO - Trial 156 finished with value: 0.08907457893778092 and parameters: {'n_layers': 1, 'embedding_dim': 256, 'lr': 0.0002456598164409051, 'lambda_val': 8.68063854056592e-06, 'batch_size': 789, 'optimizer': 'RMSprop'}. Best is trial 44 with value: 0.10435506491845455.
2026-05-13 06:08:51,616 - optuna.study._optimize - INFO - Trial 157 pruned. 
2026-05-13 06:08:56,116 - optuna.study._optimize - INFO - Trial 158 pruned. 
2026-05-13 06:09:00,594 - optuna.study._optimize - INFO - Trial 159 pruned. 
2026-05-13 06:09:04,538 - optuna.study._optimize - INFO - Trial 160 pruned. 
2026-05-13 06:09:38,681 - optuna.study.study - INFO - Trial 161 finished with value: 0.0890620321263285 and parameters: {'n_layers': 1, 'embedding_dim': 256, 'lr': 0.000269134638162404, 'lambda_val': 1.2820164949696845e-05, 'batch_size': 904, 'optimizer': 'RMSprop'}. Best is trial 44 with value: 0.10435506491845455.
2026-05-13 06:09:43,164 - optuna.study._optimize - INFO - Trial 162 pruned. 
2026-05-13 06:09:47,969 - optuna.study._optimize - INFO - Trial 163 pruned. 
2026-05-13 06:09:53,119 - optuna.study._optimize - INFO - Trial 164 pruned. 
2026-05-13 06:09:57,437 - optuna.study._optimize - INFO - Trial 165 pruned. 
2026-05-13 06:10:02,121 - optuna.study._optimize - INFO - Trial 166 pruned. 
2026-05-13 06:10:06,540 - optuna.study._optimize - INFO - Trial 167 pruned. 
2026-05-13 06:10:10,897 - optuna.study._optimize - INFO - Trial 168 pruned. 
2026-05-13 06:10:15,558 - optuna.study._optimize - INFO - Trial 169 pruned. 
2026-05-13 06:10:49,731 - optuna.study.study - INFO - Trial 170 finished with value: 0.09049383073777094 and parameters: {'n_layers': 1, 'embedding_dim': 256, 'lr': 0.000252224342415046, 'lambda_val': 7.443147924440684e-06, 'batch_size': 617, 'optimizer': 'RMSprop'}. Best is trial 44 with value: 0.10435506491845455.
2026-05-13 06:10:54,345 - optuna.study._optimize - INFO - Trial 171 pruned. 
2026-05-13 06:11:28,212 - optuna.study.study - INFO - Trial 172 finished with value: 0.0922473337851308 and parameters: {'n_layers': 1, 'embedding_dim': 256, 'lr': 0.000274837428784246, 'lambda_val': 1.0323958189885147e-05, 'batch_size': 523, 'optimizer': 'RMSprop'}. Best is trial 44 with value: 0.10435506491845455.
2026-05-13 06:11:32,450 - optuna.study._optimize - INFO - Trial 173 pruned. 
2026-05-13 06:11:37,887 - optuna.study._optimize - INFO - Trial 174 pruned. 
2026-05-13 06:11:42,228 - optuna.study._optimize - INFO - Trial 175 pruned. 
2026-05-13 06:11:46,125 - optuna.study._optimize - INFO - Trial 176 pruned. 
2026-05-13 06:11:50,597 - optuna.study._optimize - INFO - Trial 177 pruned. 
2026-05-13 06:12:32,774 - optuna.study.study - INFO - Trial 178 finished with value: 0.10065641265893933 and parameters: {'n_layers': 1, 'embedding_dim': 256, 'lr': 0.00026637184546926085, 'lambda_val': 1.2889381711458421e-05, 'batch_size': 514, 'optimizer': 'RMSprop'}. Best is trial 44 with value: 0.10435506491845455.
2026-05-13 06:13:06,626 - optuna.study.study - INFO - Trial 179 finished with value: 0.09577090563706481 and parameters: {'n_layers': 1, 'embedding_dim': 256, 'lr': 0.00025510517657359433, 'lambda_val': 1.2925574311602262e-05, 'batch_size': 657, 'optimizer': 'RMSprop'}. Best is trial 44 with value: 0.10435506491845455.
2026-05-13 06:13:10,875 - optuna.study._optimize - INFO - Trial 180 pruned. 
2026-05-13 06:13:15,303 - optuna.study._optimize - INFO - Trial 181 pruned. 
2026-05-13 06:13:19,698 - optuna.study._optimize - INFO - Trial 182 pruned. 
2026-05-13 06:13:24,175 - optuna.study._optimize - INFO - Trial 183 pruned. 
2026-05-13 06:13:28,508 - optuna.study._optimize - INFO - Trial 184 pruned. 
2026-05-13 06:13:33,418 - optuna.study._optimize - INFO - Trial 185 pruned. 
2026-05-13 06:13:37,684 - optuna.study._optimize - INFO - Trial 186 pruned. 
2026-05-13 06:13:41,393 - optuna.study._optimize - INFO - Trial 187 pruned. 
2026-05-13 06:14:14,171 - optuna.study.study - INFO - Trial 188 finished with value: 0.09938529814876579 and parameters: {'n_layers': 1, 'embedding_dim': 256, 'lr': 0.00023868418799951428, 'lambda_val': 9.76925274474387e-06, 'batch_size': 632, 'optimizer': 'RMSprop'}. Best is trial 44 with value: 0.10435506491845455.
2026-05-13 06:14:17,873 - optuna.study._optimize - INFO - Trial 189 pruned. 
2026-05-13 06:14:51,978 - optuna.study.study - INFO - Trial 190 finished with value: 0.10308941744178503 and parameters: {'n_layers': 1, 'embedding_dim': 256, 'lr': 0.00023837772792611566, 'lambda_val': 9.217559216728656e-06, 'batch_size': 563, 'optimizer': 'RMSprop'}. Best is trial 44 with value: 0.10435506491845455.
2026-05-13 06:14:56,294 - optuna.study._optimize - INFO - Trial 191 pruned. 
2026-05-13 06:15:00,528 - optuna.study._optimize - INFO - Trial 192 pruned. 
2026-05-13 06:15:35,211 - optuna.study.study - INFO - Trial 193 finished with value: 0.08571626231874475 and parameters: {'n_layers': 1, 'embedding_dim': 256, 'lr': 0.0003180528601259206, 'lambda_val': 7.199014827717981e-06, 'batch_size': 647, 'optimizer': 'RMSprop'}. Best is trial 44 with value: 0.10435506491845455.
2026-05-13 06:15:39,638 - optuna.study._optimize - INFO - Trial 194 pruned. 
2026-05-13 06:15:44,154 - optuna.study._optimize - INFO - Trial 195 pruned. 
2026-05-13 06:15:48,742 - optuna.study._optimize - INFO - Trial 196 pruned. 
2026-05-13 06:16:22,975 - optuna.study.study - INFO - Trial 197 finished with value: 0.09051809194917008 and parameters: {'n_layers': 1, 'embedding_dim': 256, 'lr': 0.0003661191946425738, 'lambda_val': 1.575180550727586e-05, 'batch_size': 686, 'optimizer': 'RMSprop'}. Best is trial 44 with value: 0.10435506491845455.
2026-05-13 06:17:00,815 - optuna.study.study - INFO - Trial 198 finished with value: 0.08060764664007575 and parameters: {'n_layers': 1, 'embedding_dim': 256, 'lr': 0.0003982670539801404, 'lambda_val': 2.0756826046839813e-05, 'batch_size': 671, 'optimizer': 'RMSprop'}. Best is trial 44 with value: 0.10435506491845455.
2026-05-13 06:17:36,548 - optuna.study.study - INFO - Trial 199 finished with value: 0.08922500762886162 and parameters: {'n_layers': 1, 'embedding_dim': 256, 'lr': 0.00034894737046697535, 'lambda_val': 1.5542778375013605e-05, 'batch_size': 587, 'optimizer': 'RMSprop'}. Best is trial 44 with value: 0.10435506491845455.
2026-05-13 06:18:04,233 - root - INFO -   **** Training e_100K_1c1dcs_rand1
2026-05-13 06:18:04,243 - root - INFO -   **** Getting 53072/65410 random edges
2026-05-13 06:18:04,932 - optuna.storages._rdb.storage - INFO - A new study created in RDB with name: Study_e_100K_1c1dcs_rand1
2026-05-13 06:18:54,087 - optuna.study.study - INFO - Trial 0 finished with value: 0.017459455575314663 and parameters: {'n_layers': 4, 'embedding_dim': 128, 'lr': 0.0003138982895474386, 'lambda_val': 0.0004427787997279446, 'batch_size': 3401, 'optimizer': 'Adam'}. Best is trial 0 with value: 0.017459455575314663.
2026-05-13 06:19:30,133 - optuna.study.study - INFO - Trial 1 finished with value: 0.0018428866289256314 and parameters: {'n_layers': 1, 'embedding_dim': 128, 'lr': 0.0002101937663458299, 'lambda_val': 2.8422073855590555e-05, 'batch_size': 1285, 'optimizer': 'SGD'}. Best is trial 0 with value: 0.017459455575314663.
2026-05-13 06:20:21,083 - optuna.study.study - INFO - Trial 2 finished with value: 0.0011587016114030027 and parameters: {'n_layers': 2, 'embedding_dim': 96, 'lr': 0.0010900150562529343, 'lambda_val': 0.013857803753582865, 'batch_size': 3797, 'optimizer': 'SGD'}. Best is trial 0 with value: 0.017459455575314663.
2026-05-13 06:21:12,878 - optuna.study.study - INFO - Trial 3 finished with value: 0.018466382742863524 and parameters: {'n_layers': 3, 'embedding_dim': 96, 'lr': 0.00045084140397040926, 'lambda_val': 0.00026472482599336716, 'batch_size': 2080, 'optimizer': 'Adam'}. Best is trial 3 with value: 0.018466382742863524.
2026-05-13 06:21:58,311 - optuna.study.study - INFO - Trial 4 finished with value: 0.034922289003558316 and parameters: {'n_layers': 1, 'embedding_dim': 32, 'lr': 2.7945940212777792e-05, 'lambda_val': 0.004066165208101953, 'batch_size': 3725, 'optimizer': 'Adam'}. Best is trial 4 with value: 0.034922289003558316.
2026-05-13 06:22:41,160 - optuna.study.study - INFO - Trial 5 finished with value: 0.031887907172480134 and parameters: {'n_layers': 1, 'embedding_dim': 256, 'lr': 0.0016066816699716038, 'lambda_val': 0.05292128737407537, 'batch_size': 543, 'optimizer': 'Adam'}. Best is trial 4 with value: 0.034922289003558316.
2026-05-13 06:23:29,794 - optuna.study.study - INFO - Trial 6 finished with value: 0.017516364013982166 and parameters: {'n_layers': 4, 'embedding_dim': 96, 'lr': 0.0007317986826140111, 'lambda_val': 0.0004645917565247455, 'batch_size': 625, 'optimizer': 'Adam'}. Best is trial 4 with value: 0.034922289003558316.
2026-05-13 06:23:33,536 - optuna.study._optimize - INFO - Trial 7 pruned. 
2026-05-13 06:23:38,506 - optuna.study._optimize - INFO - Trial 8 pruned. 
2026-05-13 06:23:42,839 - optuna.study._optimize - INFO - Trial 9 pruned. 
2026-05-13 06:23:47,389 - optuna.study._optimize - INFO - Trial 10 pruned. 
2026-05-13 06:24:03,974 - optuna.study._optimize - INFO - Trial 11 pruned. 
2026-05-13 06:24:50,481 - optuna.study.study - INFO - Trial 12 finished with value: 0.034224769405995295 and parameters: {'n_layers': 2, 'embedding_dim': 256, 'lr': 0.006619236407257306, 'lambda_val': 0.005536467093741559, 'batch_size': 4004, 'optimizer': 'RMSprop'}. Best is trial 4 with value: 0.034922289003558316.
2026-05-13 06:25:20,152 - optuna.study.study - INFO - Trial 13 finished with value: 0.03232419431021187 and parameters: {'n_layers': 2, 'embedding_dim': 32, 'lr': 0.011380449353104507, 'lambda_val': 0.0035980611937050364, 'batch_size': 4013, 'optimizer': 'RMSprop'}. Best is trial 4 with value: 0.034922289003558316.
2026-05-13 06:25:50,169 - optuna.study.study - INFO - Trial 14 finished with value: 0.027582842428795797 and parameters: {'n_layers': 2, 'embedding_dim': 32, 'lr': 0.006964917776886414, 'lambda_val': 0.0034209401532988943, 'batch_size': 3503, 'optimizer': 'RMSprop'}. Best is trial 4 with value: 0.034922289003558316.
2026-05-13 06:26:48,378 - optuna.study.study - INFO - Trial 15 finished with value: 0.013029939227483682 and parameters: {'n_layers': 3, 'embedding_dim': 256, 'lr': 5.666225585208241e-05, 'lambda_val': 0.010988482503681375, 'batch_size': 4071, 'optimizer': 'RMSprop'}. Best is trial 4 with value: 0.034922289003558316.
2026-05-13 06:27:17,923 - optuna.study.study - INFO - Trial 16 finished with value: 0.08045626043022923 and parameters: {'n_layers': 1, 'embedding_dim': 64, 'lr': 0.024365524212639333, 'lambda_val': 0.0010972820961299716, 'batch_size': 3284, 'optimizer': 'RMSprop'}. Best is trial 16 with value: 0.08045626043022923.
2026-05-13 06:27:46,692 - optuna.study.study - INFO - Trial 17 finished with value: 0.03939052378771334 and parameters: {'n_layers': 1, 'embedding_dim': 64, 'lr': 0.06106692624619652, 'lambda_val': 0.00010121977109541039, 'batch_size': 3168, 'optimizer': 'RMSprop'}. Best is trial 16 with value: 0.08045626043022923.
2026-05-13 06:28:16,061 - optuna.study.study - INFO - Trial 18 finished with value: 0.039409971045289566 and parameters: {'n_layers': 1, 'embedding_dim': 64, 'lr': 0.0784032800819394, 'lambda_val': 6.184433157757091e-05, 'batch_size': 3128, 'optimizer': 'RMSprop'}. Best is trial 16 with value: 0.08045626043022923.
2026-05-13 06:28:56,286 - optuna.study.study - INFO - Trial 19 finished with value: 0.03227771250823803 and parameters: {'n_layers': 1, 'embedding_dim': 64, 'lr': 0.0306815641534532, 'lambda_val': 4.1363539242216084e-06, 'batch_size': 2342, 'optimizer': 'RMSprop'}. Best is trial 16 with value: 0.08045626043022923.
2026-05-13 06:29:25,995 - optuna.study.study - INFO - Trial 20 finished with value: 0.041066242045547784 and parameters: {'n_layers': 2, 'embedding_dim': 64, 'lr': 0.030344484372427892, 'lambda_val': 0.0010406765792859286, 'batch_size': 2645, 'optimizer': 'RMSprop'}. Best is trial 16 with value: 0.08045626043022923.
2026-05-13 06:29:58,399 - optuna.study.study - INFO - Trial 21 finished with value: 0.0434904520848521 and parameters: {'n_layers': 2, 'embedding_dim': 64, 'lr': 0.025938862838821006, 'lambda_val': 0.0008027181518176703, 'batch_size': 2699, 'optimizer': 'RMSprop'}. Best is trial 16 with value: 0.08045626043022923.
2026-05-13 06:30:30,067 - optuna.study.study - INFO - Trial 22 finished with value: 0.04268112253715481 and parameters: {'n_layers': 2, 'embedding_dim': 64, 'lr': 0.01982009496102196, 'lambda_val': 0.0008958507911515596, 'batch_size': 2780, 'optimizer': 'RMSprop'}. Best is trial 16 with value: 0.08045626043022923.
2026-05-13 06:30:35,310 - optuna.study._optimize - INFO - Trial 23 pruned. 
2026-05-13 06:31:20,122 - optuna.study.study - INFO - Trial 24 finished with value: 0.04686717218813859 and parameters: {'n_layers': 2, 'embedding_dim': 64, 'lr': 0.020848183162361044, 'lambda_val': 0.0010848219789451007, 'batch_size': 2863, 'optimizer': 'RMSprop'}. Best is trial 16 with value: 0.08045626043022923.
2026-05-13 06:31:53,518 - optuna.study.study - INFO - Trial 25 finished with value: 0.02966725836339361 and parameters: {'n_layers': 2, 'embedding_dim': 64, 'lr': 0.002907207519816645, 'lambda_val': 0.00024999058383453666, 'batch_size': 3325, 'optimizer': 'RMSprop'}. Best is trial 16 with value: 0.08045626043022923.
2026-05-13 06:32:28,144 - optuna.study.study - INFO - Trial 26 finished with value: 0.031925362614263056 and parameters: {'n_layers': 3, 'embedding_dim': 64, 'lr': 0.02008712219991248, 'lambda_val': 0.00012313791014119908, 'batch_size': 2065, 'optimizer': 'RMSprop'}. Best is trial 16 with value: 0.08045626043022923.
2026-05-13 06:33:00,511 - optuna.study.study - INFO - Trial 27 finished with value: 0.03843462570640121 and parameters: {'n_layers': 2, 'embedding_dim': 64, 'lr': 0.0420819271979196, 'lambda_val': 0.001424690668692605, 'batch_size': 3033, 'optimizer': 'RMSprop'}. Best is trial 16 with value: 0.08045626043022923.
2026-05-13 06:33:04,816 - optuna.study._optimize - INFO - Trial 28 pruned. 
2026-05-13 06:33:10,638 - optuna.study._optimize - INFO - Trial 29 pruned. 
2026-05-13 06:33:15,088 - optuna.study._optimize - INFO - Trial 30 pruned. 
2026-05-13 06:33:47,199 - optuna.study.study - INFO - Trial 31 finished with value: 0.047617913042585475 and parameters: {'n_layers': 2, 'embedding_dim': 64, 'lr': 0.018489509026703276, 'lambda_val': 0.0009447696539682395, 'batch_size': 2664, 'optimizer': 'RMSprop'}. Best is trial 16 with value: 0.08045626043022923.
2026-05-13 06:34:26,208 - optuna.study.study - INFO - Trial 32 finished with value: 0.04643845156225252 and parameters: {'n_layers': 2, 'embedding_dim': 64, 'lr': 0.04134941860746946, 'lambda_val': 0.0016536171782847637, 'batch_size': 2638, 'optimizer': 'RMSprop'}. Best is trial 16 with value: 0.08045626043022923.
2026-05-13 06:34:56,288 - optuna.study.study - INFO - Trial 33 finished with value: 0.041503943207650426 and parameters: {'n_layers': 2, 'embedding_dim': 64, 'lr': 0.05518143026573697, 'lambda_val': 0.0017491075148264236, 'batch_size': 1742, 'optimizer': 'RMSprop'}. Best is trial 16 with value: 0.08045626043022923.
2026-05-13 06:35:00,890 - optuna.study._optimize - INFO - Trial 34 pruned. 
2026-05-13 06:35:05,053 - optuna.study._optimize - INFO - Trial 35 pruned. 
2026-05-13 06:35:09,707 - optuna.study._optimize - INFO - Trial 36 pruned. 
2026-05-13 06:35:50,748 - optuna.study.study - INFO - Trial 37 finished with value: 0.0614964246175742 and parameters: {'n_layers': 1, 'embedding_dim': 96, 'lr': 0.015507763231545948, 'lambda_val': 0.0001992833721308321, 'batch_size': 2525, 'optimizer': 'RMSprop'}. Best is trial 16 with value: 0.08045626043022923.
2026-05-13 06:35:54,732 - optuna.study._optimize - INFO - Trial 38 pruned. 
2026-05-13 06:36:22,352 - optuna.study.study - INFO - Trial 39 finished with value: 0.046294717751214 and parameters: {'n_layers': 1, 'embedding_dim': 96, 'lr': 0.004888180248269252, 'lambda_val': 0.00012486499790516272, 'batch_size': 1852, 'optimizer': 'Adam'}. Best is trial 16 with value: 0.08045626043022923.
2026-05-13 06:36:55,816 - optuna.study.study - INFO - Trial 40 finished with value: 0.04605323863437821 and parameters: {'n_layers': 1, 'embedding_dim': 96, 'lr': 0.001181624637231835, 'lambda_val': 1.3024358632212903e-05, 'batch_size': 2311, 'optimizer': 'RMSprop'}. Best is trial 16 with value: 0.08045626043022923.
2026-05-13 06:37:06,760 - optuna.study._optimize - INFO - Trial 41 pruned. 
2026-05-13 06:37:53,106 - optuna.study.study - INFO - Trial 42 finished with value: 0.04276610397693075 and parameters: {'n_layers': 2, 'embedding_dim': 96, 'lr': 0.020134677763136072, 'lambda_val': 0.0021278165006537782, 'batch_size': 1290, 'optimizer': 'RMSprop'}. Best is trial 16 with value: 0.08045626043022923.
2026-05-13 06:38:39,873 - optuna.study.study - INFO - Trial 43 finished with value: 0.04277307674756528 and parameters: {'n_layers': 2, 'embedding_dim': 128, 'lr': 0.009605379006742045, 'lambda_val': 0.00019323637443740153, 'batch_size': 2476, 'optimizer': 'RMSprop'}. Best is trial 16 with value: 0.08045626043022923.
2026-05-13 06:38:44,545 - optuna.study._optimize - INFO - Trial 44 pruned. 
2026-05-13 06:39:03,917 - optuna.study._optimize - INFO - Trial 45 pruned. 
2026-05-13 06:40:30,651 - optuna.study.study - INFO - Trial 46 finished with value: 0.016281503486571636 and parameters: {'n_layers': 4, 'embedding_dim': 256, 'lr': 0.03722518912705234, 'lambda_val': 0.0023729636768476323, 'batch_size': 3768, 'optimizer': 'RMSprop'}. Best is trial 16 with value: 0.08045626043022923.
2026-05-13 06:40:35,972 - optuna.study._optimize - INFO - Trial 47 pruned. 
2026-05-13 06:40:52,650 - optuna.study._optimize - INFO - Trial 48 pruned. 
2026-05-13 06:40:56,721 - optuna.study._optimize - INFO - Trial 49 pruned. 
2026-05-13 06:41:00,727 - optuna.study._optimize - INFO - Trial 50 pruned. 
2026-05-13 06:41:26,545 - optuna.study.study - INFO - Trial 51 finished with value: 0.04467936344745213 and parameters: {'n_layers': 1, 'embedding_dim': 96, 'lr': 0.006086011234487483, 'lambda_val': 0.00016208030815317574, 'batch_size': 1912, 'optimizer': 'Adam'}. Best is trial 16 with value: 0.08045626043022923.
2026-05-13 06:41:51,235 - optuna.study.study - INFO - Trial 52 finished with value: 0.04555405886393596 and parameters: {'n_layers': 1, 'embedding_dim': 96, 'lr': 0.004213869604801716, 'lambda_val': 7.02612243285747e-05, 'batch_size': 1746, 'optimizer': 'Adam'}. Best is trial 16 with value: 0.08045626043022923.
2026-05-13 06:42:15,727 - optuna.study.study - INFO - Trial 53 finished with value: 0.035413664621214994 and parameters: {'n_layers': 1, 'embedding_dim': 96, 'lr': 0.025519837468410866, 'lambda_val': 4.297221992634845e-05, 'batch_size': 1477, 'optimizer': 'Adam'}. Best is trial 16 with value: 0.08045626043022923.
2026-05-13 06:42:42,287 - optuna.study.study - INFO - Trial 54 finished with value: 0.05333411379469756 and parameters: {'n_layers': 1, 'embedding_dim': 96, 'lr': 0.00458351165292763, 'lambda_val': 0.0004036681304613564, 'batch_size': 896, 'optimizer': 'Adam'}. Best is trial 16 with value: 0.08045626043022923.
2026-05-13 06:43:23,691 - optuna.study.study - INFO - Trial 55 finished with value: 0.05112708313078347 and parameters: {'n_layers': 2, 'embedding_dim': 256, 'lr': 0.015756055759753463, 'lambda_val': 0.00038200949860979125, 'batch_size': 827, 'optimizer': 'Adam'}. Best is trial 16 with value: 0.08045626043022923.
2026-05-13 06:43:56,971 - optuna.study.study - INFO - Trial 56 finished with value: 0.06716303518469133 and parameters: {'n_layers': 1, 'embedding_dim': 256, 'lr': 0.016272547414316378, 'lambda_val': 0.00028723108508393283, 'batch_size': 948, 'optimizer': 'Adam'}. Best is trial 16 with value: 0.08045626043022923.
2026-05-13 06:44:31,003 - optuna.study.study - INFO - Trial 57 finished with value: 0.06632601415950842 and parameters: {'n_layers': 1, 'embedding_dim': 256, 'lr': 0.014591943745582472, 'lambda_val': 0.00039214448111940113, 'batch_size': 816, 'optimizer': 'Adam'}. Best is trial 16 with value: 0.08045626043022923.
2026-05-13 06:45:06,478 - optuna.study.study - INFO - Trial 58 finished with value: 0.06261994956303062 and parameters: {'n_layers': 1, 'embedding_dim': 256, 'lr': 0.0030097025740497556, 'lambda_val': 0.00032591797669038417, 'batch_size': 850, 'optimizer': 'Adam'}. Best is trial 16 with value: 0.08045626043022923.
2026-05-13 06:45:40,814 - optuna.study.study - INFO - Trial 59 finished with value: 0.0660444604387206 and parameters: {'n_layers': 1, 'embedding_dim': 256, 'lr': 0.0024130989918730817, 'lambda_val': 0.000182490357677794, 'batch_size': 801, 'optimizer': 'Adam'}. Best is trial 16 with value: 0.08045626043022923.
2026-05-13 06:46:21,120 - optuna.study.study - INFO - Trial 60 finished with value: 0.06776437509463797 and parameters: {'n_layers': 1, 'embedding_dim': 256, 'lr': 0.0016572586531708898, 'lambda_val': 0.00021171736037340898, 'batch_size': 973, 'optimizer': 'Adam'}. Best is trial 16 with value: 0.08045626043022923.
2026-05-13 06:46:56,795 - optuna.study.study - INFO - Trial 61 finished with value: 0.06956488240814725 and parameters: {'n_layers': 1, 'embedding_dim': 256, 'lr': 0.0006921931530518412, 'lambda_val': 0.00020288225028472964, 'batch_size': 1033, 'optimizer': 'Adam'}. Best is trial 16 with value: 0.08045626043022923.
2026-05-13 06:47:38,709 - optuna.study.study - INFO - Trial 62 finished with value: 0.07039063937930184 and parameters: {'n_layers': 1, 'embedding_dim': 256, 'lr': 0.000662374425194399, 'lambda_val': 8.588155393815506e-05, 'batch_size': 1021, 'optimizer': 'Adam'}. Best is trial 16 with value: 0.08045626043022923.
2026-05-13 06:48:12,598 - optuna.study.study - INFO - Trial 63 finished with value: 0.07323604751175353 and parameters: {'n_layers': 1, 'embedding_dim': 256, 'lr': 0.0005198743661671882, 'lambda_val': 9.225016618338051e-05, 'batch_size': 1032, 'optimizer': 'Adam'}. Best is trial 16 with value: 0.08045626043022923.
2026-05-13 06:48:47,531 - optuna.study.study - INFO - Trial 64 finished with value: 0.0789864923859616 and parameters: {'n_layers': 1, 'embedding_dim': 256, 'lr': 0.00033527704831223093, 'lambda_val': 3.706444041333165e-05, 'batch_size': 1123, 'optimizer': 'Adam'}. Best is trial 16 with value: 0.08045626043022923.
2026-05-13 06:49:21,548 - optuna.study.study - INFO - Trial 65 finished with value: 0.065264978319525 and parameters: {'n_layers': 1, 'embedding_dim': 256, 'lr': 0.0005516234582010941, 'lambda_val': 3.579591972676641e-05, 'batch_size': 1119, 'optimizer': 'Adam'}. Best is trial 16 with value: 0.08045626043022923.
2026-05-13 06:49:59,887 - optuna.study.study - INFO - Trial 66 finished with value: 0.0884031985320836 and parameters: {'n_layers': 1, 'embedding_dim': 256, 'lr': 0.00025065664166375824, 'lambda_val': 1.0039074643874855e-05, 'batch_size': 1039, 'optimizer': 'Adam'}. Best is trial 66 with value: 0.0884031985320836.
2026-05-13 06:50:31,201 - optuna.study.study - INFO - Trial 67 finished with value: 0.09090913797038978 and parameters: {'n_layers': 1, 'embedding_dim': 256, 'lr': 0.00032268543466892327, 'lambda_val': 4.257091818525584e-06, 'batch_size': 525, 'optimizer': 'Adam'}. Best is trial 67 with value: 0.09090913797038978.
2026-05-13 06:51:11,622 - optuna.study.study - INFO - Trial 68 finished with value: 0.11287022865576848 and parameters: {'n_layers': 1, 'embedding_dim': 256, 'lr': 0.00026817886093038036, 'lambda_val': 5.128718614074358e-06, 'batch_size': 543, 'optimizer': 'Adam'}. Best is trial 68 with value: 0.11287022865576848.
2026-05-13 06:51:42,482 - optuna.study.study - INFO - Trial 69 finished with value: 0.09466587008825139 and parameters: {'n_layers': 1, 'embedding_dim': 256, 'lr': 0.00027545374589340536, 'lambda_val': 5.153253418467469e-06, 'batch_size': 516, 'optimizer': 'Adam'}. Best is trial 68 with value: 0.11287022865576848.
2026-05-13 06:51:46,883 - optuna.study._optimize - INFO - Trial 70 pruned. 
2026-05-13 06:52:19,456 - optuna.study.study - INFO - Trial 71 finished with value: 0.08166768878617948 and parameters: {'n_layers': 1, 'embedding_dim': 256, 'lr': 0.00033797098990515746, 'lambda_val': 4.877758488021809e-06, 'batch_size': 678, 'optimizer': 'Adam'}. Best is trial 68 with value: 0.11287022865576848.
2026-05-13 06:52:53,839 - optuna.study.study - INFO - Trial 72 finished with value: 0.08518775212259608 and parameters: {'n_layers': 1, 'embedding_dim': 256, 'lr': 0.0003321856919156646, 'lambda_val': 4.811987408607262e-06, 'batch_size': 703, 'optimizer': 'Adam'}. Best is trial 68 with value: 0.11287022865576848.
2026-05-13 06:53:30,097 - optuna.study.study - INFO - Trial 73 finished with value: 0.08274565891337327 and parameters: {'n_layers': 1, 'embedding_dim': 256, 'lr': 0.00033234825233049075, 'lambda_val': 4.039456573485319e-06, 'batch_size': 677, 'optimizer': 'Adam'}. Best is trial 68 with value: 0.11287022865576848.
2026-05-13 06:53:34,313 - optuna.study._optimize - INFO - Trial 74 pruned. 
2026-05-13 06:54:09,037 - optuna.study.study - INFO - Trial 75 finished with value: 0.09138893792680661 and parameters: {'n_layers': 1, 'embedding_dim': 256, 'lr': 0.0003061657561167729, 'lambda_val': 7.195841886385679e-06, 'batch_size': 689, 'optimizer': 'Adam'}. Best is trial 68 with value: 0.11287022865576848.
2026-05-13 06:54:42,833 - optuna.study.study - INFO - Trial 76 finished with value: 0.08456804133553993 and parameters: {'n_layers': 1, 'embedding_dim': 256, 'lr': 0.0003073606845144984, 'lambda_val': 7.31004958129883e-06, 'batch_size': 684, 'optimizer': 'Adam'}. Best is trial 68 with value: 0.11287022865576848.
2026-05-13 06:55:17,262 - optuna.study.study - INFO - Trial 77 finished with value: 0.10890695071938568 and parameters: {'n_layers': 1, 'embedding_dim': 256, 'lr': 0.0002516852250368305, 'lambda_val': 7.789162399461286e-06, 'batch_size': 512, 'optimizer': 'Adam'}. Best is trial 68 with value: 0.11287022865576848.
2026-05-13 06:55:51,841 - optuna.study.study - INFO - Trial 78 finished with value: 0.09269762212264197 and parameters: {'n_layers': 1, 'embedding_dim': 256, 'lr': 0.0002612925572235747, 'lambda_val': 8.764303974384737e-06, 'batch_size': 518, 'optimizer': 'Adam'}. Best is trial 68 with value: 0.11287022865576848.
2026-05-13 06:55:56,316 - optuna.study._optimize - INFO - Trial 79 pruned. 
2026-05-13 06:56:31,149 - optuna.study.study - INFO - Trial 80 finished with value: 0.10804494027770806 and parameters: {'n_layers': 1, 'embedding_dim': 256, 'lr': 0.00025631226055132023, 'lambda_val': 1.8837898960718517e-06, 'batch_size': 554, 'optimizer': 'Adam'}. Best is trial 68 with value: 0.11287022865576848.
2026-05-13 06:57:05,313 - optuna.study.study - INFO - Trial 81 finished with value: 0.09789168781419301 and parameters: {'n_layers': 1, 'embedding_dim': 256, 'lr': 0.00024982002793520915, 'lambda_val': 2.0012855022436392e-06, 'batch_size': 529, 'optimizer': 'Adam'}. Best is trial 68 with value: 0.11287022865576848.
2026-05-13 06:57:38,758 - optuna.study.study - INFO - Trial 82 finished with value: 0.10067867763459908 and parameters: {'n_layers': 1, 'embedding_dim': 256, 'lr': 0.00024826569827442473, 'lambda_val': 1.7694349334673489e-06, 'batch_size': 532, 'optimizer': 'Adam'}. Best is trial 68 with value: 0.11287022865576848.
2026-05-13 06:58:20,710 - optuna.study.study - INFO - Trial 83 finished with value: 0.07246703406710561 and parameters: {'n_layers': 1, 'embedding_dim': 256, 'lr': 0.0009389197040094541, 'lambda_val': 1.739853063380307e-06, 'batch_size': 544, 'optimizer': 'Adam'}. Best is trial 68 with value: 0.11287022865576848.
2026-05-13 06:58:55,151 - optuna.study.study - INFO - Trial 84 finished with value: 0.11337088505495453 and parameters: {'n_layers': 1, 'embedding_dim': 256, 'lr': 0.00023489915934011288, 'lambda_val': 2.513501338230451e-06, 'batch_size': 525, 'optimizer': 'Adam'}. Best is trial 84 with value: 0.11337088505495453.
2026-05-13 06:59:28,398 - optuna.study.study - INFO - Trial 85 finished with value: 0.13274009769970152 and parameters: {'n_layers': 1, 'embedding_dim': 256, 'lr': 0.0001418153715816697, 'lambda_val': 1.7644607008847917e-06, 'batch_size': 778, 'optimizer': 'Adam'}. Best is trial 85 with value: 0.13274009769970152.
2026-05-13 07:00:01,596 - optuna.study.study - INFO - Trial 86 finished with value: 0.13385339811938296 and parameters: {'n_layers': 1, 'embedding_dim': 256, 'lr': 0.0001513778952053646, 'lambda_val': 1.778916061687785e-06, 'batch_size': 771, 'optimizer': 'Adam'}. Best is trial 86 with value: 0.13385339811938296.
2026-05-13 07:00:05,498 - optuna.study._optimize - INFO - Trial 87 pruned. 
2026-05-13 07:00:38,731 - optuna.study.study - INFO - Trial 88 finished with value: 0.10678331785316005 and parameters: {'n_layers': 1, 'embedding_dim': 256, 'lr': 0.0001549986112415349, 'lambda_val': 2.8834472275222328e-06, 'batch_size': 1248, 'optimizer': 'Adam'}. Best is trial 86 with value: 0.13385339811938296.
2026-05-13 07:00:42,312 - optuna.study._optimize - INFO - Trial 89 pruned. 
2026-05-13 07:00:46,556 - optuna.study._optimize - INFO - Trial 90 pruned. 
2026-05-13 07:00:52,989 - optuna.study._optimize - INFO - Trial 91 pruned. 
2026-05-13 07:01:26,794 - optuna.study.study - INFO - Trial 92 finished with value: 0.1257071081899517 and parameters: {'n_layers': 1, 'embedding_dim': 256, 'lr': 0.00018712799749134946, 'lambda_val': 1.0104085991267634e-06, 'batch_size': 608, 'optimizer': 'Adam'}. Best is trial 86 with value: 0.13385339811938296.
2026-05-13 07:02:01,117 - optuna.study.study - INFO - Trial 93 finished with value: 0.11318668963203711 and parameters: {'n_layers': 1, 'embedding_dim': 256, 'lr': 0.00020618605302441558, 'lambda_val': 1.3814627462572788e-06, 'batch_size': 895, 'optimizer': 'Adam'}. Best is trial 86 with value: 0.13385339811938296.
2026-05-13 07:02:04,713 - optuna.study._optimize - INFO - Trial 94 pruned. 
2026-05-13 07:02:37,551 - optuna.study.study - INFO - Trial 95 finished with value: 0.0706845856005951 and parameters: {'n_layers': 1, 'embedding_dim': 256, 'lr': 0.0004256401447169187, 'lambda_val': 1.3371481520530084e-06, 'batch_size': 1273, 'optimizer': 'Adam'}. Best is trial 86 with value: 0.13385339811938296.
2026-05-13 07:02:42,274 - optuna.study._optimize - INFO - Trial 96 pruned. 
2026-05-13 07:03:15,543 - optuna.study.study - INFO - Trial 97 finished with value: 0.10045674432920791 and parameters: {'n_layers': 1, 'embedding_dim': 256, 'lr': 0.00021777436741221424, 'lambda_val': 1.378155229432976e-06, 'batch_size': 872, 'optimizer': 'Adam'}. Best is trial 86 with value: 0.13385339811938296.
2026-05-13 07:03:19,770 - optuna.study._optimize - INFO - Trial 98 pruned. 
2026-05-13 07:03:24,086 - optuna.study._optimize - INFO - Trial 99 pruned. 
2026-05-13 07:03:28,315 - optuna.study._optimize - INFO - Trial 100 pruned. 
2026-05-13 07:04:01,966 - optuna.study.study - INFO - Trial 101 finished with value: 0.10227738881111323 and parameters: {'n_layers': 1, 'embedding_dim': 256, 'lr': 0.00021888282313229992, 'lambda_val': 1.3593293658081596e-06, 'batch_size': 855, 'optimizer': 'Adam'}. Best is trial 86 with value: 0.13385339811938296.
2026-05-13 07:04:34,559 - optuna.study.study - INFO - Trial 102 finished with value: 0.0770124012804121 and parameters: {'n_layers': 1, 'embedding_dim': 256, 'lr': 0.00042403795942810054, 'lambda_val': 1.970181059362392e-06, 'batch_size': 622, 'optimizer': 'Adam'}. Best is trial 86 with value: 0.13385339811938296.
2026-05-13 07:05:08,912 - optuna.study.study - INFO - Trial 103 finished with value: 0.0901934424488456 and parameters: {'n_layers': 1, 'embedding_dim': 256, 'lr': 0.00019778357615340674, 'lambda_val': 1.2701023838009344e-06, 'batch_size': 1441, 'optimizer': 'Adam'}. Best is trial 86 with value: 0.13385339811938296.
2026-05-13 07:05:13,027 - optuna.study._optimize - INFO - Trial 104 pruned. 
2026-05-13 07:05:17,266 - optuna.study._optimize - INFO - Trial 105 pruned. 
2026-05-13 07:05:51,207 - optuna.study.study - INFO - Trial 106 finished with value: 0.12760778020643984 and parameters: {'n_layers': 1, 'embedding_dim': 256, 'lr': 0.0001742333123275553, 'lambda_val': 1.6382557236030545e-06, 'batch_size': 624, 'optimizer': 'Adam'}. Best is trial 86 with value: 0.13385339811938296.
2026-05-13 07:05:55,554 - optuna.study._optimize - INFO - Trial 107 pruned. 
2026-05-13 07:05:59,417 - optuna.study._optimize - INFO - Trial 108 pruned. 
2026-05-13 07:06:03,296 - optuna.study._optimize - INFO - Trial 109 pruned. 
2026-05-13 07:06:07,267 - optuna.study._optimize - INFO - Trial 110 pruned. 
2026-05-13 07:06:39,996 - optuna.study.study - INFO - Trial 111 finished with value: 0.10655341094511618 and parameters: {'n_layers': 1, 'embedding_dim': 256, 'lr': 0.0002222392525765417, 'lambda_val': 1.6847010682443565e-06, 'batch_size': 732, 'optimizer': 'Adam'}. Best is trial 86 with value: 0.13385339811938296.
2026-05-13 07:07:12,896 - optuna.study.study - INFO - Trial 112 finished with value: 0.11141325479694363 and parameters: {'n_layers': 1, 'embedding_dim': 256, 'lr': 0.00020959236182197357, 'lambda_val': 2.274924476012779e-06, 'batch_size': 724, 'optimizer': 'Adam'}. Best is trial 86 with value: 0.13385339811938296.
2026-05-13 07:07:45,622 - optuna.study.study - INFO - Trial 113 finished with value: 0.12032464253970361 and parameters: {'n_layers': 1, 'embedding_dim': 256, 'lr': 0.00016731394048984734, 'lambda_val': 2.1812801330690645e-06, 'batch_size': 729, 'optimizer': 'Adam'}. Best is trial 86 with value: 0.13385339811938296.
2026-05-13 07:08:18,821 - optuna.study.study - INFO - Trial 114 finished with value: 0.07790686834483282 and parameters: {'n_layers': 1, 'embedding_dim': 256, 'lr': 0.0004103003771990026, 'lambda_val': 2.7081087385872497e-06, 'batch_size': 658, 'optimizer': 'Adam'}. Best is trial 86 with value: 0.13385339811938296.
2026-05-13 07:08:48,712 - optuna.study.study - INFO - Trial 115 finished with value: 0.108445918222571 and parameters: {'n_layers': 1, 'embedding_dim': 256, 'lr': 0.00017381973846165703, 'lambda_val': 5.986326509479055e-06, 'batch_size': 959, 'optimizer': 'Adam'}. Best is trial 86 with value: 0.13385339811938296.
2026-05-13 07:09:21,427 - optuna.study.study - INFO - Trial 116 finished with value: 0.11276809156698551 and parameters: {'n_layers': 1, 'embedding_dim': 256, 'lr': 0.00018385294032360322, 'lambda_val': 5.844552284977461e-06, 'batch_size': 973, 'optimizer': 'Adam'}. Best is trial 86 with value: 0.13385339811938296.
2026-05-13 07:09:25,519 - optuna.study._optimize - INFO - Trial 117 pruned. 
2026-05-13 07:09:58,540 - optuna.study.study - INFO - Trial 118 finished with value: 0.10730692433402728 and parameters: {'n_layers': 1, 'embedding_dim': 256, 'lr': 0.00018395592767160148, 'lambda_val': 6.0503637791641615e-06, 'batch_size': 1096, 'optimizer': 'Adam'}. Best is trial 86 with value: 0.13385339811938296.
2026-05-13 07:10:02,461 - optuna.study._optimize - INFO - Trial 119 pruned. 
2026-05-13 07:10:06,469 - optuna.study._optimize - INFO - Trial 120 pruned. 
2026-05-13 07:10:40,680 - optuna.study.study - INFO - Trial 121 finished with value: 0.09838427790278091 and parameters: {'n_layers': 1, 'embedding_dim': 256, 'lr': 0.000192761333076978, 'lambda_val': 2.24717896726649e-06, 'batch_size': 806, 'optimizer': 'Adam'}. Best is trial 86 with value: 0.13385339811938296.
2026-05-13 07:10:44,787 - optuna.study._optimize - INFO - Trial 122 pruned. 
2026-05-13 07:11:18,283 - optuna.study.study - INFO - Trial 123 finished with value: 0.08995115046584813 and parameters: {'n_layers': 1, 'embedding_dim': 256, 'lr': 0.0003828485978661344, 'lambda_val': 1.0086502686782157e-06, 'batch_size': 715, 'optimizer': 'Adam'}. Best is trial 86 with value: 0.13385339811938296.
2026-05-13 07:11:52,433 - optuna.study.study - INFO - Trial 124 finished with value: 0.07231108130043323 and parameters: {'n_layers': 1, 'embedding_dim': 256, 'lr': 0.0005836260590078789, 'lambda_val': 7.681318572785146e-06, 'batch_size': 592, 'optimizer': 'Adam'}. Best is trial 86 with value: 0.13385339811938296.
2026-05-13 07:12:20,965 - optuna.study.study - INFO - Trial 125 finished with value: 0.09570553801465712 and parameters: {'n_layers': 1, 'embedding_dim': 128, 'lr': 0.0002700125876290265, 'lambda_val': 5.575085578618154e-06, 'batch_size': 687, 'optimizer': 'Adam'}. Best is trial 86 with value: 0.13385339811938296.
2026-05-13 07:12:53,346 - optuna.study.study - INFO - Trial 126 finished with value: 0.1244214505081949 and parameters: {'n_layers': 1, 'embedding_dim': 256, 'lr': 0.0001785046147873897, 'lambda_val': 1.6620467950760118e-06, 'batch_size': 799, 'optimizer': 'Adam'}. Best is trial 86 with value: 0.13385339811938296.
2026-05-13 07:13:25,629 - optuna.study.study - INFO - Trial 127 finished with value: 0.14463190499745765 and parameters: {'n_layers': 1, 'embedding_dim': 256, 'lr': 0.0001597874632199272, 'lambda_val': 1.2388982469486158e-06, 'batch_size': 801, 'optimizer': 'Adam'}. Best is trial 127 with value: 0.14463190499745765.
2026-05-13 07:13:29,560 - optuna.study._optimize - INFO - Trial 128 pruned. 
2026-05-13 07:13:33,481 - optuna.study._optimize - INFO - Trial 129 pruned. 
2026-05-13 07:13:36,938 - optuna.study._optimize - INFO - Trial 130 pruned. 
2026-05-13 07:14:09,982 - optuna.study.study - INFO - Trial 131 finished with value: 0.11163171034120317 and parameters: {'n_layers': 1, 'embedding_dim': 256, 'lr': 0.00016917430123601174, 'lambda_val': 1.5210947390153804e-06, 'batch_size': 947, 'optimizer': 'Adam'}. Best is trial 127 with value: 0.14463190499745765.
2026-05-13 07:14:14,252 - optuna.study._optimize - INFO - Trial 132 pruned. 
2026-05-13 07:14:48,106 - optuna.study.study - INFO - Trial 133 finished with value: 0.09038946781562283 and parameters: {'n_layers': 1, 'embedding_dim': 256, 'lr': 0.00021219751250348118, 'lambda_val': 1.234806250625954e-06, 'batch_size': 1060, 'optimizer': 'Adam'}. Best is trial 127 with value: 0.14463190499745765.
2026-05-13 07:14:52,093 - optuna.study._optimize - INFO - Trial 134 pruned. 
2026-05-13 07:15:25,692 - optuna.study.study - INFO - Trial 135 finished with value: 0.11100790694541221 and parameters: {'n_layers': 1, 'embedding_dim': 256, 'lr': 0.0002064829829998345, 'lambda_val': 2.028538687954933e-06, 'batch_size': 735, 'optimizer': 'Adam'}. Best is trial 127 with value: 0.14463190499745765.
2026-05-13 07:15:29,969 - optuna.study._optimize - INFO - Trial 136 pruned. 
2026-05-13 07:15:34,056 - optuna.study._optimize - INFO - Trial 137 pruned. 
2026-05-13 07:16:06,582 - optuna.study.study - INFO - Trial 138 finished with value: 0.09249175149631275 and parameters: {'n_layers': 1, 'embedding_dim': 256, 'lr': 0.00021164111870760022, 'lambda_val': 2.6350857895363527e-06, 'batch_size': 1202, 'optimizer': 'Adam'}. Best is trial 127 with value: 0.14463190499745765.
2026-05-13 07:16:10,585 - optuna.study._optimize - INFO - Trial 139 pruned. 
2026-05-13 07:16:14,585 - optuna.study._optimize - INFO - Trial 140 pruned. 
2026-05-13 07:16:46,235 - optuna.study.study - INFO - Trial 141 finished with value: 0.09315662487583609 and parameters: {'n_layers': 1, 'embedding_dim': 256, 'lr': 0.0002702342499542129, 'lambda_val': 4.279101996836613e-06, 'batch_size': 580, 'optimizer': 'Adam'}. Best is trial 127 with value: 0.14463190499745765.
2026-05-13 07:16:53,130 - optuna.study._optimize - INFO - Trial 142 pruned. 
2026-05-13 07:17:25,659 - optuna.study.study - INFO - Trial 143 finished with value: 0.08535152964066918 and parameters: {'n_layers': 1, 'embedding_dim': 256, 'lr': 0.0003033819111955688, 'lambda_val': 1.2552640038596555e-06, 'batch_size': 817, 'optimizer': 'Adam'}. Best is trial 127 with value: 0.14463190499745765.
2026-05-13 07:17:56,972 - optuna.study.study - INFO - Trial 144 finished with value: 0.08127631972932768 and parameters: {'n_layers': 1, 'embedding_dim': 256, 'lr': 0.0003776240273167593, 'lambda_val': 1.5894572262147307e-06, 'batch_size': 514, 'optimizer': 'Adam'}. Best is trial 127 with value: 0.14463190499745765.
2026-05-13 07:18:00,849 - optuna.study._optimize - INFO - Trial 145 pruned. 
2026-05-13 07:18:34,215 - optuna.study.study - INFO - Trial 146 finished with value: 0.1183992728324966 and parameters: {'n_layers': 1, 'embedding_dim': 256, 'lr': 0.00019464581637467168, 'lambda_val': 3.2607180962978697e-06, 'batch_size': 750, 'optimizer': 'Adam'}. Best is trial 127 with value: 0.14463190499745765.
2026-05-13 07:18:38,291 - optuna.study._optimize - INFO - Trial 147 pruned. 
2026-05-13 07:18:42,369 - optuna.study._optimize - INFO - Trial 148 pruned. 
2026-05-13 07:18:45,927 - optuna.study._optimize - INFO - Trial 149 pruned. 
2026-05-13 07:18:50,100 - optuna.study._optimize - INFO - Trial 150 pruned. 
2026-05-13 07:19:19,398 - optuna.study.study - INFO - Trial 151 finished with value: 0.07904929123086638 and parameters: {'n_layers': 1, 'embedding_dim': 256, 'lr': 0.0004864475054224587, 'lambda_val': 4.932003364424975e-06, 'batch_size': 599, 'optimizer': 'Adam'}. Best is trial 127 with value: 0.14463190499745765.
2026-05-13 07:19:50,194 - optuna.study.study - INFO - Trial 152 finished with value: 0.10302099154010287 and parameters: {'n_layers': 1, 'embedding_dim': 256, 'lr': 0.0002440584303288763, 'lambda_val': 1.4543730032124793e-06, 'batch_size': 663, 'optimizer': 'Adam'}. Best is trial 127 with value: 0.14463190499745765.
2026-05-13 07:19:54,011 - optuna.study._optimize - INFO - Trial 153 pruned. 
2026-05-13 07:20:30,021 - optuna.study.study - INFO - Trial 154 finished with value: 0.06681755533762719 and parameters: {'n_layers': 1, 'embedding_dim': 256, 'lr': 0.00029496735459467316, 'lambda_val': 2.2647745293442987e-06, 'batch_size': 3897, 'optimizer': 'Adam'}. Best is trial 127 with value: 0.14463190499745765.
2026-05-13 07:20:34,742 - optuna.study._optimize - INFO - Trial 155 pruned. 
2026-05-13 07:21:08,718 - optuna.study.study - INFO - Trial 156 finished with value: 0.10429140185597209 and parameters: {'n_layers': 1, 'embedding_dim': 256, 'lr': 0.00022076986730654, 'lambda_val': 1.268978255219663e-06, 'batch_size': 850, 'optimizer': 'Adam'}. Best is trial 127 with value: 0.14463190499745765.
2026-05-13 07:21:41,668 - optuna.study.study - INFO - Trial 157 finished with value: 0.0890611048680655 and parameters: {'n_layers': 1, 'embedding_dim': 256, 'lr': 0.0003614802082819279, 'lambda_val': 1.0111199462167656e-06, 'batch_size': 578, 'optimizer': 'Adam'}. Best is trial 127 with value: 0.14463190499745765.
2026-05-13 07:21:44,919 - optuna.study._optimize - INFO - Trial 158 pruned. 
2026-05-13 07:22:17,522 - optuna.study.study - INFO - Trial 159 finished with value: 0.11633972724871741 and parameters: {'n_layers': 1, 'embedding_dim': 256, 'lr': 0.0002594820153345641, 'lambda_val': 3.181342170796728e-06, 'batch_size': 668, 'optimizer': 'Adam'}. Best is trial 127 with value: 0.14463190499745765.
2026-05-13 07:22:51,264 - optuna.study.study - INFO - Trial 160 finished with value: 0.10751452212253743 and parameters: {'n_layers': 1, 'embedding_dim': 256, 'lr': 0.00017409099312344924, 'lambda_val': 3.0240932787868266e-06, 'batch_size': 1063, 'optimizer': 'Adam'}. Best is trial 127 with value: 0.14463190499745765.
2026-05-13 07:23:25,199 - optuna.study.study - INFO - Trial 161 finished with value: 0.10220468821426665 and parameters: {'n_layers': 1, 'embedding_dim': 256, 'lr': 0.0002501273728218568, 'lambda_val': 2.3908651184368684e-06, 'batch_size': 666, 'optimizer': 'Adam'}. Best is trial 127 with value: 0.14463190499745765.
2026-05-13 07:23:58,544 - optuna.study.study - INFO - Trial 162 finished with value: 0.08655116222875237 and parameters: {'n_layers': 1, 'embedding_dim': 256, 'lr': 0.0002925369071686471, 'lambda_val': 1.7526403216502272e-06, 'batch_size': 729, 'optimizer': 'Adam'}. Best is trial 127 with value: 0.14463190499745765.
2026-05-13 07:24:05,069 - optuna.study._optimize - INFO - Trial 163 pruned. 
2026-05-13 07:24:09,261 - optuna.study._optimize - INFO - Trial 164 pruned. 
2026-05-13 07:24:13,368 - optuna.study._optimize - INFO - Trial 165 pruned. 
2026-05-13 07:24:17,408 - optuna.study._optimize - INFO - Trial 166 pruned. 
2026-05-13 07:24:50,953 - optuna.study.study - INFO - Trial 167 finished with value: 0.12096200517398739 and parameters: {'n_layers': 1, 'embedding_dim': 256, 'lr': 0.00021598570248617093, 'lambda_val': 7.173271865376168e-06, 'batch_size': 580, 'optimizer': 'Adam'}. Best is trial 127 with value: 0.14463190499745765.
2026-05-13 07:25:24,058 - optuna.study.study - INFO - Trial 168 finished with value: 0.09165744532470352 and parameters: {'n_layers': 1, 'embedding_dim': 256, 'lr': 0.0002079332962316055, 'lambda_val': 9.592441753136318e-06, 'batch_size': 881, 'optimizer': 'Adam'}. Best is trial 127 with value: 0.14463190499745765.
2026-05-13 07:25:28,101 - optuna.study._optimize - INFO - Trial 169 pruned. 
2026-05-13 07:25:32,423 - optuna.study._optimize - INFO - Trial 170 pruned. 
2026-05-13 07:26:03,553 - optuna.study.study - INFO - Trial 171 finished with value: 0.10826102443907473 and parameters: {'n_layers': 1, 'embedding_dim': 256, 'lr': 0.0002633453951551936, 'lambda_val': 7.56764706432142e-06, 'batch_size': 584, 'optimizer': 'Adam'}. Best is trial 127 with value: 0.14463190499745765.
2026-05-13 07:26:07,761 - optuna.study._optimize - INFO - Trial 172 pruned. 
2026-05-13 07:26:40,759 - optuna.study.study - INFO - Trial 173 finished with value: 0.0823173018722829 and parameters: {'n_layers': 1, 'embedding_dim': 256, 'lr': 0.0003203013042353822, 'lambda_val': 2.2228978434394253e-06, 'batch_size': 1651, 'optimizer': 'Adam'}. Best is trial 127 with value: 0.14463190499745765.
2026-05-13 07:26:45,481 - optuna.study._optimize - INFO - Trial 174 pruned. 
2026-05-13 07:27:18,439 - optuna.study.study - INFO - Trial 175 finished with value: 0.10754932744470685 and parameters: {'n_layers': 1, 'embedding_dim': 256, 'lr': 0.00023995612439478513, 'lambda_val': 5.322993031518349e-06, 'batch_size': 512, 'optimizer': 'Adam'}. Best is trial 127 with value: 0.14463190499745765.
2026-05-13 07:27:22,363 - optuna.study._optimize - INFO - Trial 176 pruned. 
2026-05-13 07:27:25,661 - optuna.study._optimize - INFO - Trial 177 pruned. 
2026-05-13 07:27:58,759 - optuna.study.study - INFO - Trial 178 finished with value: 0.07469750823143244 and parameters: {'n_layers': 1, 'embedding_dim': 256, 'lr': 0.00044752410117023894, 'lambda_val': 1.2168714266200042e-06, 'batch_size': 720, 'optimizer': 'Adam'}. Best is trial 127 with value: 0.14463190499745765.
2026-05-13 07:28:32,506 - optuna.study.study - INFO - Trial 179 finished with value: 0.08592343434957182 and parameters: {'n_layers': 1, 'embedding_dim': 256, 'lr': 0.0002814209272120905, 'lambda_val': 2.887024600456595e-06, 'batch_size': 846, 'optimizer': 'Adam'}. Best is trial 127 with value: 0.14463190499745765.
2026-05-13 07:29:05,867 - optuna.study.study - INFO - Trial 180 finished with value: 0.11129942172835341 and parameters: {'n_layers': 1, 'embedding_dim': 256, 'lr': 0.000229968698054159, 'lambda_val': 1.5698862963135517e-06, 'batch_size': 618, 'optimizer': 'Adam'}. Best is trial 127 with value: 0.14463190499745765.
2026-05-13 07:29:35,794 - optuna.study.study - INFO - Trial 181 finished with value: 0.10827328416088737 and parameters: {'n_layers': 1, 'embedding_dim': 256, 'lr': 0.00021589231883834627, 'lambda_val': 1.5677992093742433e-06, 'batch_size': 602, 'optimizer': 'Adam'}. Best is trial 127 with value: 0.14463190499745765.
2026-05-13 07:30:08,708 - optuna.study.study - INFO - Trial 182 finished with value: 0.08703184933300322 and parameters: {'n_layers': 1, 'embedding_dim': 256, 'lr': 0.0003675774694771261, 'lambda_val': 2.299063960659291e-06, 'batch_size': 664, 'optimizer': 'Adam'}. Best is trial 127 with value: 0.14463190499745765.
2026-05-13 07:30:12,618 - optuna.study._optimize - INFO - Trial 183 pruned. 
2026-05-13 07:30:45,675 - optuna.study.study - INFO - Trial 184 finished with value: 0.095549295290126 and parameters: {'n_layers': 1, 'embedding_dim': 256, 'lr': 0.0002463509244947526, 'lambda_val': 1.0096325299958776e-06, 'batch_size': 745, 'optimizer': 'Adam'}. Best is trial 127 with value: 0.14463190499745765.
2026-05-13 07:30:49,187 - optuna.study._optimize - INFO - Trial 185 pruned. 
2026-05-13 07:31:25,442 - optuna.study.study - INFO - Trial 186 finished with value: 0.10379687887590795 and parameters: {'n_layers': 1, 'embedding_dim': 256, 'lr': 0.00018046087388156587, 'lambda_val': 1.4967739537272505e-06, 'batch_size': 923, 'optimizer': 'Adam'}. Best is trial 127 with value: 0.14463190499745765.
2026-05-13 07:31:56,801 - optuna.study.study - INFO - Trial 187 finished with value: 0.08855367651673461 and parameters: {'n_layers': 1, 'embedding_dim': 256, 'lr': 0.00031330720607375265, 'lambda_val': 2.4848143180147714e-06, 'batch_size': 676, 'optimizer': 'Adam'}. Best is trial 127 with value: 0.14463190499745765.
2026-05-13 07:32:01,633 - optuna.study._optimize - INFO - Trial 188 pruned. 
2026-05-13 07:32:05,915 - optuna.study._optimize - INFO - Trial 189 pruned. 
2026-05-13 07:32:09,298 - optuna.study._optimize - INFO - Trial 190 pruned. 
2026-05-13 07:32:13,668 - optuna.study._optimize - INFO - Trial 191 pruned. 
2026-05-13 07:32:46,899 - optuna.study.study - INFO - Trial 192 finished with value: 0.10128817239267207 and parameters: {'n_layers': 1, 'embedding_dim': 256, 'lr': 0.000189250422930625, 'lambda_val': 8.608101144165728e-06, 'batch_size': 1002, 'optimizer': 'Adam'}. Best is trial 127 with value: 0.14463190499745765.
2026-05-13 07:32:51,335 - optuna.study._optimize - INFO - Trial 193 pruned. 
2026-05-13 07:32:55,682 - optuna.study._optimize - INFO - Trial 194 pruned. 
2026-05-13 07:33:28,736 - optuna.study.study - INFO - Trial 195 finished with value: 0.11627755998446598 and parameters: {'n_layers': 1, 'embedding_dim': 256, 'lr': 0.00018885055117288173, 'lambda_val': 1.3388176766607795e-06, 'batch_size': 843, 'optimizer': 'Adam'}. Best is trial 127 with value: 0.14463190499745765.
2026-05-13 07:33:32,845 - optuna.study._optimize - INFO - Trial 196 pruned. 
2026-05-13 07:34:06,638 - optuna.study.study - INFO - Trial 197 finished with value: 0.0936512321116814 and parameters: {'n_layers': 1, 'embedding_dim': 256, 'lr': 0.00028342733031879125, 'lambda_val': 2.1210709363892027e-06, 'batch_size': 761, 'optimizer': 'Adam'}. Best is trial 127 with value: 0.14463190499745765.
2026-05-13 07:34:13,326 - optuna.study._optimize - INFO - Trial 198 pruned. 
2026-05-13 07:34:46,468 - optuna.study.study - INFO - Trial 199 finished with value: 0.09586398827740167 and parameters: {'n_layers': 1, 'embedding_dim': 256, 'lr': 0.0002082315086035542, 'lambda_val': 1.126771036754042e-06, 'batch_size': 896, 'optimizer': 'Adam'}. Best is trial 127 with value: 0.14463190499745765.
2026-05-13 07:35:13,834 - root - INFO -   **** Training e_100K_1c1dcs_rand2
2026-05-13 07:35:13,844 - root - INFO -   **** Getting 53072/65410 random edges
2026-05-13 07:35:14,886 - optuna.storages._rdb.storage - INFO - A new study created in RDB with name: Study_e_100K_1c1dcs_rand2
2026-05-13 07:36:00,059 - optuna.study.study - INFO - Trial 0 finished with value: 0.012503981690680703 and parameters: {'n_layers': 4, 'embedding_dim': 32, 'lr': 0.036625626569112626, 'lambda_val': 1.3396063581073024e-06, 'batch_size': 3450, 'optimizer': 'RMSprop'}. Best is trial 0 with value: 0.012503981690680703.
2026-05-13 07:36:51,648 - optuna.study.study - INFO - Trial 1 finished with value: 0.016813286101742157 and parameters: {'n_layers': 4, 'embedding_dim': 96, 'lr': 3.533768520176224e-05, 'lambda_val': 0.017561744704894335, 'batch_size': 2554, 'optimizer': 'Adam'}. Best is trial 1 with value: 0.016813286101742157.
2026-05-13 07:37:19,685 - optuna.study.study - INFO - Trial 2 finished with value: 0.0031852551508373124 and parameters: {'n_layers': 1, 'embedding_dim': 96, 'lr': 0.0001243265267153063, 'lambda_val': 9.415063606927863e-05, 'batch_size': 2111, 'optimizer': 'SGD'}. Best is trial 1 with value: 0.016813286101742157.
2026-05-13 07:38:15,129 - optuna.study.study - INFO - Trial 3 finished with value: 0.002184905840225799 and parameters: {'n_layers': 4, 'embedding_dim': 256, 'lr': 7.843186821852439e-05, 'lambda_val': 1.1432526517903237e-06, 'batch_size': 590, 'optimizer': 'SGD'}. Best is trial 1 with value: 0.016813286101742157.
2026-05-13 07:38:49,888 - optuna.study.study - INFO - Trial 4 finished with value: 0.0018688549547528758 and parameters: {'n_layers': 1, 'embedding_dim': 128, 'lr': 0.021071673068706668, 'lambda_val': 2.1381576610764496e-06, 'batch_size': 3220, 'optimizer': 'SGD'}. Best is trial 1 with value: 0.016813286101742157.
2026-05-13 07:38:53,771 - optuna.study._optimize - INFO - Trial 5 pruned. 
2026-05-13 07:38:57,516 - optuna.study._optimize - INFO - Trial 6 pruned. 
2026-05-13 07:39:33,038 - optuna.study.study - INFO - Trial 7 finished with value: 0.04928815811063323 and parameters: {'n_layers': 1, 'embedding_dim': 256, 'lr': 0.00889605960842862, 'lambda_val': 0.0128567371539795, 'batch_size': 2454, 'optimizer': 'Adam'}. Best is trial 7 with value: 0.04928815811063323.
2026-05-13 07:40:07,953 - optuna.study.study - INFO - Trial 8 finished with value: 0.015688914687908218 and parameters: {'n_layers': 3, 'embedding_dim': 64, 'lr': 0.005530491399529545, 'lambda_val': 0.029400742959573692, 'batch_size': 3350, 'optimizer': 'RMSprop'}. Best is trial 7 with value: 0.04928815811063323.
2026-05-13 07:40:13,031 - optuna.study._optimize - INFO - Trial 9 pruned. 
2026-05-13 07:40:58,915 - optuna.study.study - INFO - Trial 10 finished with value: 0.035919441168517995 and parameters: {'n_layers': 2, 'embedding_dim': 256, 'lr': 0.0009269111605286092, 'lambda_val': 0.00045981840216370785, 'batch_size': 1270, 'optimizer': 'Adam'}. Best is trial 7 with value: 0.04928815811063323.
2026-05-13 07:41:39,081 - optuna.study.study - INFO - Trial 11 finished with value: 0.03834940505344028 and parameters: {'n_layers': 2, 'embedding_dim': 256, 'lr': 0.0009925751239773413, 'lambda_val': 0.0006463547386380636, 'batch_size': 1379, 'optimizer': 'Adam'}. Best is trial 7 with value: 0.04928815811063323.
2026-05-13 07:42:18,860 - optuna.study.study - INFO - Trial 12 finished with value: 0.04106528339347272 and parameters: {'n_layers': 2, 'embedding_dim': 256, 'lr': 0.0017144795743538898, 'lambda_val': 0.00044632237602208036, 'batch_size': 1528, 'optimizer': 'Adam'}. Best is trial 7 with value: 0.04928815811063323.
2026-05-13 07:43:09,733 - optuna.study.study - INFO - Trial 13 finished with value: 0.02829737052897811 and parameters: {'n_layers': 3, 'embedding_dim': 256, 'lr': 0.0029031269050179974, 'lambda_val': 1.6167124532335324e-05, 'batch_size': 2736, 'optimizer': 'Adam'}. Best is trial 7 with value: 0.04928815811063323.
2026-05-13 07:43:43,459 - optuna.study.study - INFO - Trial 14 finished with value: 0.027589758581933323 and parameters: {'n_layers': 2, 'embedding_dim': 128, 'lr': 0.0003300107074616621, 'lambda_val': 0.002129911439618065, 'batch_size': 1593, 'optimizer': 'Adam'}. Best is trial 7 with value: 0.04928815811063323.
2026-05-13 07:43:47,496 - optuna.study._optimize - INFO - Trial 15 pruned. 
2026-05-13 07:43:51,628 - optuna.study._optimize - INFO - Trial 16 pruned. 
2026-05-13 07:44:32,305 - optuna.study.study - INFO - Trial 17 finished with value: 0.04095562876876902 and parameters: {'n_layers': 2, 'embedding_dim': 256, 'lr': 0.002160549065483707, 'lambda_val': 0.002055246198419062, 'batch_size': 2183, 'optimizer': 'Adam'}. Best is trial 7 with value: 0.04928815811063323.
2026-05-13 07:45:15,253 - optuna.study.study - INFO - Trial 18 finished with value: 0.07613313066835668 and parameters: {'n_layers': 1, 'embedding_dim': 256, 'lr': 0.0005041384326122119, 'lambda_val': 8.678120074544613e-05, 'batch_size': 961, 'optimizer': 'Adam'}. Best is trial 18 with value: 0.07613313066835668.
2026-05-13 07:45:55,664 - optuna.study.study - INFO - Trial 19 finished with value: 0.0906816241408904 and parameters: {'n_layers': 1, 'embedding_dim': 256, 'lr': 0.00030968088852549315, 'lambda_val': 1.3138655864582139e-05, 'batch_size': 903, 'optimizer': 'Adam'}. Best is trial 19 with value: 0.0906816241408904.
2026-05-13 07:46:23,837 - optuna.study.study - INFO - Trial 20 finished with value: 0.07384168350895773 and parameters: {'n_layers': 1, 'embedding_dim': 128, 'lr': 0.00031386480030728134, 'lambda_val': 1.5694771560658218e-05, 'batch_size': 1040, 'optimizer': 'RMSprop'}. Best is trial 19 with value: 0.0906816241408904.
2026-05-13 07:46:51,308 - optuna.study.study - INFO - Trial 21 finished with value: 0.06389816760164145 and parameters: {'n_layers': 1, 'embedding_dim': 128, 'lr': 0.00038190936284423225, 'lambda_val': 9.299114514611295e-06, 'batch_size': 987, 'optimizer': 'RMSprop'}. Best is trial 19 with value: 0.0906816241408904.
2026-05-13 07:47:18,561 - optuna.study.study - INFO - Trial 22 finished with value: 0.08790754400986524 and parameters: {'n_layers': 1, 'embedding_dim': 128, 'lr': 0.0002667882852683453, 'lambda_val': 2.6668114363814195e-05, 'batch_size': 997, 'optimizer': 'RMSprop'}. Best is trial 19 with value: 0.0906816241408904.
2026-05-13 07:47:22,100 - optuna.study._optimize - INFO - Trial 23 pruned. 
2026-05-13 07:47:54,239 - optuna.study.study - INFO - Trial 24 finished with value: 0.07290883812596527 and parameters: {'n_layers': 1, 'embedding_dim': 64, 'lr': 0.0005225562761002857, 'lambda_val': 6.700986300174821e-06, 'batch_size': 522, 'optimizer': 'RMSprop'}. Best is trial 19 with value: 0.0906816241408904.
2026-05-13 07:47:58,912 - optuna.study._optimize - INFO - Trial 25 pruned. 
2026-05-13 07:48:02,807 - optuna.study._optimize - INFO - Trial 26 pruned. 
2026-05-13 07:48:44,948 - optuna.study.study - INFO - Trial 27 finished with value: 0.04228552774606769 and parameters: {'n_layers': 2, 'embedding_dim': 256, 'lr': 0.00018714809119561504, 'lambda_val': 3.151574171785605e-05, 'batch_size': 817, 'optimizer': 'Adam'}. Best is trial 19 with value: 0.0906816241408904.
2026-05-13 07:49:18,083 - optuna.study.study - INFO - Trial 28 finished with value: 0.06300315219059148 and parameters: {'n_layers': 1, 'embedding_dim': 256, 'lr': 0.0007861936341520887, 'lambda_val': 0.00017700730153211847, 'batch_size': 1878, 'optimizer': 'Adam'}. Best is trial 19 with value: 0.0906816241408904.
2026-05-13 07:49:43,682 - optuna.study.study - INFO - Trial 29 finished with value: 0.05656051898961461 and parameters: {'n_layers': 3, 'embedding_dim': 32, 'lr': 0.00021639354785201953, 'lambda_val': 0.0002126438799117814, 'batch_size': 1144, 'optimizer': 'RMSprop'}. Best is trial 19 with value: 0.0906816241408904.
2026-05-13 07:49:47,138 - optuna.study._optimize - INFO - Trial 30 pruned. 
2026-05-13 07:50:14,899 - optuna.study.study - INFO - Trial 31 finished with value: 0.06404015973042608 and parameters: {'n_layers': 1, 'embedding_dim': 128, 'lr': 0.00046398293253205975, 'lambda_val': 2.253606659605181e-05, 'batch_size': 1024, 'optimizer': 'RMSprop'}. Best is trial 19 with value: 0.0906816241408904.
2026-05-13 07:50:42,868 - optuna.study.study - INFO - Trial 32 finished with value: 0.08947228904081711 and parameters: {'n_layers': 1, 'embedding_dim': 128, 'lr': 0.00021561433152564088, 'lambda_val': 1.1086306028490923e-05, 'batch_size': 1393, 'optimizer': 'RMSprop'}. Best is trial 19 with value: 0.0906816241408904.
2026-05-13 07:51:11,188 - optuna.study.study - INFO - Trial 33 finished with value: 0.09637621512551688 and parameters: {'n_layers': 1, 'embedding_dim': 128, 'lr': 0.0001554242935585215, 'lambda_val': 4.514444777121061e-05, 'batch_size': 1460, 'optimizer': 'RMSprop'}. Best is trial 33 with value: 0.09637621512551688.
2026-05-13 07:51:39,089 - optuna.study.study - INFO - Trial 34 finished with value: 0.1271187868674389 and parameters: {'n_layers': 1, 'embedding_dim': 128, 'lr': 0.00014242924519195432, 'lambda_val': 1.0215708815659196e-05, 'batch_size': 1404, 'optimizer': 'RMSprop'}. Best is trial 34 with value: 0.1271187868674389.
2026-05-13 07:51:43,975 - optuna.study._optimize - INFO - Trial 35 pruned. 
2026-05-13 07:52:11,066 - optuna.study.study - INFO - Trial 36 finished with value: 0.11127743987106237 and parameters: {'n_layers': 1, 'embedding_dim': 128, 'lr': 0.00015161717472157138, 'lambda_val': 1.5958390794218739e-06, 'batch_size': 1697, 'optimizer': 'RMSprop'}. Best is trial 34 with value: 0.1271187868674389.
2026-05-13 07:52:14,417 - optuna.study._optimize - INFO - Trial 37 pruned. 
2026-05-13 07:52:46,578 - optuna.study.study - INFO - Trial 38 finished with value: 0.036932606281755626 and parameters: {'n_layers': 2, 'embedding_dim': 128, 'lr': 0.00012879034642599357, 'lambda_val': 3.3415663361161005e-06, 'batch_size': 1654, 'optimizer': 'RMSprop'}. Best is trial 34 with value: 0.1271187868674389.
2026-05-13 07:52:49,906 - optuna.study._optimize - INFO - Trial 39 pruned. 
2026-05-13 07:52:53,585 - optuna.study._optimize - INFO - Trial 40 pruned. 
2026-05-13 07:53:23,377 - optuna.study.study - INFO - Trial 41 finished with value: 0.11095957483296416 and parameters: {'n_layers': 1, 'embedding_dim': 128, 'lr': 0.00016395020055446635, 'lambda_val': 2.057988309044253e-06, 'batch_size': 1388, 'optimizer': 'RMSprop'}. Best is trial 34 with value: 0.1271187868674389.
2026-05-13 07:53:53,117 - optuna.study.study - INFO - Trial 42 finished with value: 0.10566840825376728 and parameters: {'n_layers': 1, 'embedding_dim': 128, 'lr': 0.00016287767544191276, 'lambda_val': 2.042465711472825e-06, 'batch_size': 1801, 'optimizer': 'RMSprop'}. Best is trial 34 with value: 0.1271187868674389.
2026-05-13 07:53:57,131 - optuna.study._optimize - INFO - Trial 43 pruned. 
2026-05-13 07:54:26,487 - optuna.study.study - INFO - Trial 44 finished with value: 0.09696285519442242 and parameters: {'n_layers': 1, 'embedding_dim': 128, 'lr': 0.00014246440801518148, 'lambda_val': 1.0461425406356571e-06, 'batch_size': 1970, 'optimizer': 'RMSprop'}. Best is trial 34 with value: 0.1271187868674389.
2026-05-13 07:54:30,606 - optuna.study._optimize - INFO - Trial 45 pruned. 
2026-05-13 07:54:34,887 - optuna.study._optimize - INFO - Trial 46 pruned. 
2026-05-13 07:54:38,925 - optuna.study._optimize - INFO - Trial 47 pruned. 
2026-05-13 07:54:44,707 - optuna.study._optimize - INFO - Trial 48 pruned. 
2026-05-13 07:54:48,397 - optuna.study._optimize - INFO - Trial 49 pruned. 
2026-05-13 07:55:19,232 - optuna.study.study - INFO - Trial 50 finished with value: 0.07811748772864602 and parameters: {'n_layers': 1, 'embedding_dim': 128, 'lr': 0.00015885579491876204, 'lambda_val': 2.728803346994855e-06, 'batch_size': 2404, 'optimizer': 'RMSprop'}. Best is trial 34 with value: 0.1271187868674389.
2026-05-13 07:55:23,910 - optuna.study._optimize - INFO - Trial 51 pruned. 
2026-05-13 07:55:28,972 - optuna.study._optimize - INFO - Trial 52 pruned. 
2026-05-13 07:55:56,654 - optuna.study.study - INFO - Trial 53 finished with value: 0.04567450609871759 and parameters: {'n_layers': 1, 'embedding_dim': 128, 'lr': 0.001236435936893805, 'lambda_val': 1.6875366757552255e-06, 'batch_size': 1308, 'optimizer': 'RMSprop'}. Best is trial 34 with value: 0.1271187868674389.
2026-05-13 07:55:59,713 - optuna.study._optimize - INFO - Trial 54 pruned. 
2026-05-13 07:56:21,792 - optuna.study.study - INFO - Trial 55 finished with value: 0.06582560282673958 and parameters: {'n_layers': 1, 'embedding_dim': 96, 'lr': 0.0002583454483495339, 'lambda_val': 8.3044960413161e-06, 'batch_size': 1663, 'optimizer': 'RMSprop'}. Best is trial 34 with value: 0.1271187868674389.
2026-05-13 07:56:26,247 - optuna.study._optimize - INFO - Trial 56 pruned. 
2026-05-13 07:56:30,440 - optuna.study._optimize - INFO - Trial 57 pruned. 
2026-05-13 07:56:34,899 - optuna.study._optimize - INFO - Trial 58 pruned. 
2026-05-13 07:56:39,034 - optuna.study._optimize - INFO - Trial 59 pruned. 
2026-05-13 07:56:43,049 - optuna.study._optimize - INFO - Trial 60 pruned. 
2026-05-13 07:57:15,753 - optuna.study.study - INFO - Trial 61 finished with value: 0.07269465614648356 and parameters: {'n_layers': 1, 'embedding_dim': 256, 'lr': 0.00027357566201025935, 'lambda_val': 1.4123188453022053e-05, 'batch_size': 1333, 'optimizer': 'Adam'}. Best is trial 34 with value: 0.1271187868674389.
2026-05-13 07:57:51,131 - optuna.study.study - INFO - Trial 62 finished with value: 0.10131996623465535 and parameters: {'n_layers': 1, 'embedding_dim': 256, 'lr': 0.00021201464972965585, 'lambda_val': 5.8504810108573554e-05, 'batch_size': 753, 'optimizer': 'RMSprop'}. Best is trial 34 with value: 0.1271187868674389.
2026-05-13 07:58:19,782 - optuna.study.study - INFO - Trial 63 finished with value: 0.11175947708015899 and parameters: {'n_layers': 1, 'embedding_dim': 128, 'lr': 0.00021676962224922782, 'lambda_val': 0.00020497246901718865, 'batch_size': 785, 'optimizer': 'RMSprop'}. Best is trial 34 with value: 0.1271187868674389.
2026-05-13 07:58:53,636 - optuna.study.study - INFO - Trial 64 finished with value: 0.10476817833612705 and parameters: {'n_layers': 1, 'embedding_dim': 256, 'lr': 0.000214922880204222, 'lambda_val': 0.0010854543042344495, 'batch_size': 631, 'optimizer': 'RMSprop'}. Best is trial 34 with value: 0.1271187868674389.
2026-05-13 07:59:26,387 - optuna.study.study - INFO - Trial 65 finished with value: 0.06889771648110302 and parameters: {'n_layers': 1, 'embedding_dim': 256, 'lr': 0.0004123692403158438, 'lambda_val': 0.0008546774901480047, 'batch_size': 691, 'optimizer': 'RMSprop'}. Best is trial 34 with value: 0.1271187868674389.
2026-05-13 07:59:58,553 - optuna.study.study - INFO - Trial 66 finished with value: 0.06898812329063106 and parameters: {'n_layers': 1, 'embedding_dim': 256, 'lr': 0.0012766535254232654, 'lambda_val': 0.0009112199658786778, 'batch_size': 661, 'optimizer': 'RMSprop'}. Best is trial 34 with value: 0.1271187868674389.
2026-05-13 08:00:06,202 - optuna.study._optimize - INFO - Trial 67 pruned. 
2026-05-13 08:00:43,909 - optuna.study.study - INFO - Trial 68 finished with value: 0.09546941376184186 and parameters: {'n_layers': 1, 'embedding_dim': 256, 'lr': 0.00021253318567560073, 'lambda_val': 0.0022731928372115877, 'batch_size': 568, 'optimizer': 'RMSprop'}. Best is trial 34 with value: 0.1271187868674389.
2026-05-13 08:00:47,928 - optuna.study._optimize - INFO - Trial 69 pruned. 
2026-05-13 08:00:52,053 - optuna.study._optimize - INFO - Trial 70 pruned. 
2026-05-13 08:01:20,189 - optuna.study.study - INFO - Trial 71 finished with value: 0.06103987913668472 and parameters: {'n_layers': 1, 'embedding_dim': 128, 'lr': 0.00022973670246354813, 'lambda_val': 0.005392241628621931, 'batch_size': 1087, 'optimizer': 'RMSprop'}. Best is trial 34 with value: 0.1271187868674389.
2026-05-13 08:01:51,520 - optuna.study.study - INFO - Trial 72 finished with value: 0.07873394355077659 and parameters: {'n_layers': 1, 'embedding_dim': 128, 'lr': 0.00033338099917872867, 'lambda_val': 0.00010833600057619641, 'batch_size': 882, 'optimizer': 'RMSprop'}. Best is trial 34 with value: 0.1271187868674389.
2026-05-13 08:01:55,635 - optuna.study._optimize - INFO - Trial 73 pruned. 
2026-05-13 08:02:22,813 - optuna.study.study - INFO - Trial 74 finished with value: 0.0493717436281049 and parameters: {'n_layers': 1, 'embedding_dim': 96, 'lr': 0.0005186673106435908, 'lambda_val': 6.376902198122623e-05, 'batch_size': 1249, 'optimizer': 'RMSprop'}. Best is trial 34 with value: 0.1271187868674389.
2026-05-13 08:02:26,208 - optuna.study._optimize - INFO - Trial 75 pruned. 
2026-05-13 08:02:29,869 - optuna.study._optimize - INFO - Trial 76 pruned. 
2026-05-13 08:02:38,650 - optuna.study._optimize - INFO - Trial 77 pruned. 
2026-05-13 08:03:11,279 - optuna.study.study - INFO - Trial 78 finished with value: 0.049942655094239216 and parameters: {'n_layers': 1, 'embedding_dim': 128, 'lr': 0.00031250911610972723, 'lambda_val': 2.1185384952828472e-05, 'batch_size': 2131, 'optimizer': 'RMSprop'}. Best is trial 34 with value: 0.1271187868674389.
2026-05-13 08:03:15,542 - optuna.study._optimize - INFO - Trial 79 pruned. 
2026-05-13 08:03:20,942 - optuna.study._optimize - INFO - Trial 80 pruned. 
2026-05-13 08:03:24,429 - optuna.study._optimize - INFO - Trial 81 pruned. 
2026-05-13 08:03:53,094 - optuna.study.study - INFO - Trial 82 finished with value: 0.06177481523032332 and parameters: {'n_layers': 1, 'embedding_dim': 128, 'lr': 0.00026124466758466316, 'lambda_val': 3.2440875269525966e-05, 'batch_size': 1672, 'optimizer': 'RMSprop'}. Best is trial 34 with value: 0.1271187868674389.
2026-05-13 08:03:56,843 - optuna.study._optimize - INFO - Trial 83 pruned. 
2026-05-13 08:04:00,649 - optuna.study._optimize - INFO - Trial 84 pruned. 
2026-05-13 08:04:04,163 - optuna.study._optimize - INFO - Trial 85 pruned. 
2026-05-13 08:04:08,167 - optuna.study._optimize - INFO - Trial 86 pruned. 
2026-05-13 08:04:12,001 - optuna.study._optimize - INFO - Trial 87 pruned. 
2026-05-13 08:04:15,923 - optuna.study._optimize - INFO - Trial 88 pruned. 
2026-05-13 08:04:19,658 - optuna.study._optimize - INFO - Trial 89 pruned. 
2026-05-13 08:04:46,966 - optuna.study.study - INFO - Trial 90 finished with value: 0.05637084629814543 and parameters: {'n_layers': 1, 'embedding_dim': 128, 'lr': 0.000401150571109122, 'lambda_val': 2.2896145191661242e-06, 'batch_size': 1604, 'optimizer': 'RMSprop'}. Best is trial 34 with value: 0.1271187868674389.
2026-05-13 08:05:18,043 - optuna.study.study - INFO - Trial 91 finished with value: 0.06867068360903472 and parameters: {'n_layers': 1, 'embedding_dim': 256, 'lr': 0.0002319430142999899, 'lambda_val': 0.00614577129226725, 'batch_size': 590, 'optimizer': 'RMSprop'}. Best is trial 34 with value: 0.1271187868674389.
2026-05-13 08:05:50,116 - optuna.study.study - INFO - Trial 92 finished with value: 0.09976563774923033 and parameters: {'n_layers': 1, 'embedding_dim': 256, 'lr': 0.00021249793420499176, 'lambda_val': 0.0020092688013913893, 'batch_size': 515, 'optimizer': 'RMSprop'}. Best is trial 34 with value: 0.1271187868674389.
2026-05-13 08:05:54,296 - optuna.study._optimize - INFO - Trial 93 pruned. 
2026-05-13 08:06:27,980 - optuna.study.study - INFO - Trial 94 finished with value: 0.07568344352775642 and parameters: {'n_layers': 1, 'embedding_dim': 256, 'lr': 0.0002934494032690895, 'lambda_val': 1.4507059028012667e-06, 'batch_size': 959, 'optimizer': 'RMSprop'}. Best is trial 34 with value: 0.1271187868674389.
2026-05-13 08:07:02,194 - optuna.study.study - INFO - Trial 95 finished with value: 0.07897434134350113 and parameters: {'n_layers': 1, 'embedding_dim': 256, 'lr': 0.00014382084642014484, 'lambda_val': 0.0016884524423865827, 'batch_size': 2348, 'optimizer': 'RMSprop'}. Best is trial 34 with value: 0.1271187868674389.
2026-05-13 08:07:05,540 - optuna.study._optimize - INFO - Trial 96 pruned. 
2026-05-13 08:07:31,415 - optuna.study.study - INFO - Trial 97 finished with value: 0.05165247667703557 and parameters: {'n_layers': 1, 'embedding_dim': 128, 'lr': 0.0006023666902473889, 'lambda_val': 0.0030260085088280025, 'batch_size': 644, 'optimizer': 'RMSprop'}. Best is trial 34 with value: 0.1271187868674389.
2026-05-13 08:07:36,247 - optuna.study._optimize - INFO - Trial 98 pruned. 
2026-05-13 08:07:59,775 - optuna.study.study - INFO - Trial 99 finished with value: 0.07440863624156203 and parameters: {'n_layers': 1, 'embedding_dim': 128, 'lr': 0.0004595869352428141, 'lambda_val': 0.0007046999728570929, 'batch_size': 535, 'optimizer': 'RMSprop'}. Best is trial 34 with value: 0.1271187868674389.
2026-05-13 08:08:05,039 - optuna.study._optimize - INFO - Trial 100 pruned. 
2026-05-13 08:08:34,527 - optuna.study.study - INFO - Trial 101 finished with value: 0.0711529570003409 and parameters: {'n_layers': 1, 'embedding_dim': 256, 'lr': 0.00022649399821341866, 'lambda_val': 0.0077814395400130475, 'batch_size': 595, 'optimizer': 'RMSprop'}. Best is trial 34 with value: 0.1271187868674389.
2026-05-13 08:09:04,728 - optuna.study.study - INFO - Trial 102 finished with value: 0.09282700809369587 and parameters: {'n_layers': 1, 'embedding_dim': 256, 'lr': 0.00017525553407905163, 'lambda_val': 0.0017499163725552423, 'batch_size': 893, 'optimizer': 'RMSprop'}. Best is trial 34 with value: 0.1271187868674389.
2026-05-13 08:09:35,732 - optuna.study.study - INFO - Trial 103 finished with value: 0.06909762230314509 and parameters: {'n_layers': 1, 'embedding_dim': 256, 'lr': 0.00032639293250495027, 'lambda_val': 0.0031468848961648172, 'batch_size': 697, 'optimizer': 'RMSprop'}. Best is trial 34 with value: 0.1271187868674389.
2026-05-13 08:10:07,027 - optuna.study.study - INFO - Trial 104 finished with value: 0.1117323869620913 and parameters: {'n_layers': 1, 'embedding_dim': 256, 'lr': 0.00024135457174447953, 'lambda_val': 1.941951711433821e-05, 'batch_size': 518, 'optimizer': 'RMSprop'}. Best is trial 34 with value: 0.1271187868674389.
2026-05-13 08:10:39,020 - optuna.study.study - INFO - Trial 105 finished with value: 0.06694835529250162 and parameters: {'n_layers': 1, 'embedding_dim': 256, 'lr': 0.0008729296535468168, 'lambda_val': 1.9049514585739383e-05, 'batch_size': 532, 'optimizer': 'RMSprop'}. Best is trial 34 with value: 0.1271187868674389.
2026-05-13 08:10:43,409 - optuna.study._optimize - INFO - Trial 106 pruned. 
2026-05-13 08:11:16,915 - optuna.study.study - INFO - Trial 107 finished with value: 0.10553874217997906 and parameters: {'n_layers': 1, 'embedding_dim': 256, 'lr': 0.0002626751364194571, 'lambda_val': 1.1244411500039934e-05, 'batch_size': 512, 'optimizer': 'RMSprop'}. Best is trial 34 with value: 0.1271187868674389.
2026-05-13 08:11:48,874 - optuna.study.study - INFO - Trial 108 finished with value: 0.08016994541418687 and parameters: {'n_layers': 1, 'embedding_dim': 256, 'lr': 0.00036419142656809257, 'lambda_val': 7.739430125868994e-06, 'batch_size': 829, 'optimizer': 'RMSprop'}. Best is trial 34 with value: 0.1271187868674389.
2026-05-13 08:11:52,891 - optuna.study._optimize - INFO - Trial 109 pruned. 
2026-05-13 08:12:23,895 - optuna.study.study - INFO - Trial 110 finished with value: 0.09436875278889789 and parameters: {'n_layers': 1, 'embedding_dim': 256, 'lr': 0.0002430797633947959, 'lambda_val': 3.523431850265711e-06, 'batch_size': 735, 'optimizer': 'RMSprop'}. Best is trial 34 with value: 0.1271187868674389.
2026-05-13 08:12:28,325 - optuna.study._optimize - INFO - Trial 111 pruned. 
2026-05-13 08:12:32,011 - optuna.study._optimize - INFO - Trial 112 pruned. 
2026-05-13 08:12:36,107 - optuna.study._optimize - INFO - Trial 113 pruned. 
2026-05-13 08:12:39,625 - optuna.study._optimize - INFO - Trial 114 pruned. 
2026-05-13 08:12:44,839 - optuna.study._optimize - INFO - Trial 115 pruned. 
2026-05-13 08:12:57,098 - optuna.study._optimize - INFO - Trial 116 pruned. 
2026-05-13 08:13:02,054 - optuna.study._optimize - INFO - Trial 117 pruned. 
2026-05-13 08:13:35,953 - optuna.study.study - INFO - Trial 118 finished with value: 0.06565181333797507 and parameters: {'n_layers': 1, 'embedding_dim': 256, 'lr': 0.00028512646386558914, 'lambda_val': 1.2965415701460154e-06, 'batch_size': 1268, 'optimizer': 'RMSprop'}. Best is trial 34 with value: 0.1271187868674389.
2026-05-13 08:13:40,326 - optuna.study._optimize - INFO - Trial 119 pruned. 
2026-05-13 08:13:44,591 - optuna.study._optimize - INFO - Trial 120 pruned. 
2026-05-13 08:14:18,276 - optuna.study.study - INFO - Trial 121 finished with value: 0.10158951408753762 and parameters: {'n_layers': 1, 'embedding_dim': 256, 'lr': 0.00022223042464438337, 'lambda_val': 0.0005256541854402888, 'batch_size': 604, 'optimizer': 'RMSprop'}. Best is trial 34 with value: 0.1271187868674389.
2026-05-13 08:14:22,576 - optuna.study._optimize - INFO - Trial 122 pruned. 
2026-05-13 08:14:56,627 - optuna.study.study - INFO - Trial 123 finished with value: 0.060253880406147875 and parameters: {'n_layers': 1, 'embedding_dim': 256, 'lr': 0.0002246153160857615, 'lambda_val': 4.473893120516589e-06, 'batch_size': 3668, 'optimizer': 'RMSprop'}. Best is trial 34 with value: 0.1271187868674389.
2026-05-13 08:15:29,715 - optuna.study.study - INFO - Trial 124 finished with value: 0.07806172579450349 and parameters: {'n_layers': 1, 'embedding_dim': 256, 'lr': 0.0003508474803382885, 'lambda_val': 0.000300243730336973, 'batch_size': 584, 'optimizer': 'RMSprop'}. Best is trial 34 with value: 0.1271187868674389.
2026-05-13 08:16:01,333 - optuna.study.study - INFO - Trial 125 finished with value: 0.08631342902249618 and parameters: {'n_layers': 1, 'embedding_dim': 256, 'lr': 0.00025361220621014684, 'lambda_val': 1.3038714904018386e-05, 'batch_size': 734, 'optimizer': 'RMSprop'}. Best is trial 34 with value: 0.1271187868674389.
2026-05-13 08:16:04,944 - optuna.study._optimize - INFO - Trial 126 pruned. 
2026-05-13 08:16:09,731 - optuna.study._optimize - INFO - Trial 127 pruned. 
2026-05-13 08:16:13,504 - optuna.study._optimize - INFO - Trial 128 pruned. 
2026-05-13 08:16:17,576 - optuna.study._optimize - INFO - Trial 129 pruned. 
2026-05-13 08:16:21,467 - optuna.study._optimize - INFO - Trial 130 pruned. 
2026-05-13 08:16:54,940 - optuna.study.study - INFO - Trial 131 finished with value: 0.08335202254784053 and parameters: {'n_layers': 1, 'embedding_dim': 256, 'lr': 0.0002870029525626959, 'lambda_val': 0.0007805489687816549, 'batch_size': 621, 'optimizer': 'RMSprop'}. Best is trial 34 with value: 0.1271187868674389.
2026-05-13 08:16:59,341 - optuna.study._optimize - INFO - Trial 132 pruned. 
2026-05-13 08:17:03,612 - optuna.study._optimize - INFO - Trial 133 pruned. 
2026-05-13 08:17:36,028 - optuna.study.study - INFO - Trial 134 finished with value: 0.08299866346612325 and parameters: {'n_layers': 1, 'embedding_dim': 256, 'lr': 0.0002508004801304388, 'lambda_val': 0.002303479312207408, 'batch_size': 658, 'optimizer': 'RMSprop'}. Best is trial 34 with value: 0.1271187868674389.
2026-05-13 08:17:40,341 - optuna.study._optimize - INFO - Trial 135 pruned. 
2026-05-13 08:18:13,698 - optuna.study.study - INFO - Trial 136 finished with value: 0.07545652553402767 and parameters: {'n_layers': 1, 'embedding_dim': 256, 'lr': 0.0003566571629591284, 'lambda_val': 0.0013103951209693869, 'batch_size': 523, 'optimizer': 'RMSprop'}. Best is trial 34 with value: 0.1271187868674389.
2026-05-13 08:18:17,991 - optuna.study._optimize - INFO - Trial 137 pruned. 
2026-05-13 08:18:29,658 - optuna.study._optimize - INFO - Trial 138 pruned. 
2026-05-13 08:18:36,791 - optuna.study._optimize - INFO - Trial 139 pruned. 
2026-05-13 08:18:41,680 - optuna.study._optimize - INFO - Trial 140 pruned. 
2026-05-13 08:19:15,231 - optuna.study.study - INFO - Trial 141 finished with value: 0.09861754411289657 and parameters: {'n_layers': 1, 'embedding_dim': 256, 'lr': 0.00024113130765112805, 'lambda_val': 3.3330271309590412e-06, 'batch_size': 743, 'optimizer': 'RMSprop'}. Best is trial 34 with value: 0.1271187868674389.
2026-05-13 08:19:19,726 - optuna.study._optimize - INFO - Trial 142 pruned. 
2026-05-13 08:19:24,592 - optuna.study._optimize - INFO - Trial 143 pruned. 
2026-05-13 08:19:57,615 - optuna.study.study - INFO - Trial 144 finished with value: 0.06784428164262195 and parameters: {'n_layers': 1, 'embedding_dim': 256, 'lr': 0.00022019165254598424, 'lambda_val': 1.5860894737834932e-06, 'batch_size': 1757, 'optimizer': 'RMSprop'}. Best is trial 34 with value: 0.1271187868674389.
2026-05-13 08:20:31,041 - optuna.study.study - INFO - Trial 145 finished with value: 0.08945418538032315 and parameters: {'n_layers': 1, 'embedding_dim': 256, 'lr': 0.0004059542613294235, 'lambda_val': 5.697605003757934e-06, 'batch_size': 589, 'optimizer': 'RMSprop'}. Best is trial 34 with value: 0.1271187868674389.
2026-05-13 08:20:34,780 - optuna.study._optimize - INFO - Trial 146 pruned. 
2026-05-13 08:21:04,393 - optuna.study.study - INFO - Trial 147 finished with value: 0.09293919799031759 and parameters: {'n_layers': 1, 'embedding_dim': 128, 'lr': 0.00028162787201974185, 'lambda_val': 3.891771243008114e-06, 'batch_size': 736, 'optimizer': 'RMSprop'}. Best is trial 34 with value: 0.1271187868674389.
2026-05-13 08:21:37,854 - optuna.study.study - INFO - Trial 148 finished with value: 0.06591784224434762 and parameters: {'n_layers': 1, 'embedding_dim': 256, 'lr': 0.0007211673930407006, 'lambda_val': 2.6374168040634177e-06, 'batch_size': 1914, 'optimizer': 'RMSprop'}. Best is trial 34 with value: 0.1271187868674389.
2026-05-13 08:21:41,724 - optuna.study._optimize - INFO - Trial 149 pruned. 
2026-05-13 08:21:45,999 - optuna.study._optimize - INFO - Trial 150 pruned. 
2026-05-13 08:22:19,290 - optuna.study.study - INFO - Trial 151 finished with value: 0.09027260899118265 and parameters: {'n_layers': 1, 'embedding_dim': 256, 'lr': 0.000245557184954779, 'lambda_val': 1.3544127946540976e-06, 'batch_size': 715, 'optimizer': 'RMSprop'}. Best is trial 34 with value: 0.1271187868674389.
2026-05-13 08:22:53,807 - optuna.study.study - INFO - Trial 152 finished with value: 0.09620009072340585 and parameters: {'n_layers': 1, 'embedding_dim': 256, 'lr': 0.0002416849141040546, 'lambda_val': 2.9742144291077947e-06, 'batch_size': 765, 'optimizer': 'RMSprop'}. Best is trial 34 with value: 0.1271187868674389.
2026-05-13 08:23:25,786 - optuna.study.study - INFO - Trial 153 finished with value: 0.08372832573164976 and parameters: {'n_layers': 1, 'embedding_dim': 256, 'lr': 0.0002967462922817898, 'lambda_val': 3.135018164479487e-06, 'batch_size': 634, 'optimizer': 'RMSprop'}. Best is trial 34 with value: 0.1271187868674389.
2026-05-13 08:23:29,849 - optuna.study._optimize - INFO - Trial 154 pruned. 
2026-05-13 08:24:05,908 - optuna.study.study - INFO - Trial 155 finished with value: 0.057658163929898025 and parameters: {'n_layers': 1, 'embedding_dim': 256, 'lr': 0.00019432592346577167, 'lambda_val': 1.21703010896904e-06, 'batch_size': 3425, 'optimizer': 'RMSprop'}. Best is trial 34 with value: 0.1271187868674389.
2026-05-13 08:24:09,673 - optuna.study._optimize - INFO - Trial 156 pruned. 
2026-05-13 08:24:43,569 - optuna.study.study - INFO - Trial 157 finished with value: 0.07662421488512798 and parameters: {'n_layers': 1, 'embedding_dim': 256, 'lr': 0.0002438643516158511, 'lambda_val': 0.00013878002438300226, 'batch_size': 1644, 'optimizer': 'RMSprop'}. Best is trial 34 with value: 0.1271187868674389.
2026-05-13 08:24:48,018 - optuna.study._optimize - INFO - Trial 158 pruned. 
2026-05-13 08:25:20,957 - optuna.study.study - INFO - Trial 159 finished with value: 0.06436766023619897 and parameters: {'n_layers': 1, 'embedding_dim': 256, 'lr': 0.00031638500337811644, 'lambda_val': 1.674109961773069e-06, 'batch_size': 1580, 'optimizer': 'RMSprop'}. Best is trial 34 with value: 0.1271187868674389.
2026-05-13 08:25:24,710 - optuna.study._optimize - INFO - Trial 160 pruned. 
2026-05-13 08:25:54,755 - optuna.study.study - INFO - Trial 161 finished with value: 0.11036769339021545 and parameters: {'n_layers': 1, 'embedding_dim': 256, 'lr': 0.00022206883868397043, 'lambda_val': 4.2747564101735335e-06, 'batch_size': 730, 'optimizer': 'RMSprop'}. Best is trial 34 with value: 0.1271187868674389.
2026-05-13 08:25:58,751 - optuna.study._optimize - INFO - Trial 162 pruned. 
2026-05-13 08:26:32,287 - optuna.study.study - INFO - Trial 163 finished with value: 0.060217100530252 and parameters: {'n_layers': 1, 'embedding_dim': 256, 'lr': 0.00021894947161871014, 'lambda_val': 9.269837888060696e-06, 'batch_size': 2916, 'optimizer': 'RMSprop'}. Best is trial 34 with value: 0.1271187868674389.
2026-05-13 08:26:36,254 - optuna.study._optimize - INFO - Trial 164 pruned. 
2026-05-13 08:26:40,452 - optuna.study._optimize - INFO - Trial 165 pruned. 
2026-05-13 08:27:10,978 - optuna.study.study - INFO - Trial 166 finished with value: 0.08037823482100699 and parameters: {'n_layers': 1, 'embedding_dim': 128, 'lr': 0.0002664900743506793, 'lambda_val': 2.951238825408071e-05, 'batch_size': 1219, 'optimizer': 'RMSprop'}. Best is trial 34 with value: 0.1271187868674389.
2026-05-13 08:27:15,228 - optuna.study._optimize - INFO - Trial 167 pruned. 
2026-05-13 08:27:20,745 - optuna.study._optimize - INFO - Trial 168 pruned. 
2026-05-13 08:27:25,119 - optuna.study._optimize - INFO - Trial 169 pruned. 
2026-05-13 08:27:28,874 - optuna.study._optimize - INFO - Trial 170 pruned. 
2026-05-13 08:28:11,213 - optuna.study.study - INFO - Trial 171 finished with value: 0.0987402735192596 and parameters: {'n_layers': 1, 'embedding_dim': 256, 'lr': 0.0002465326966203577, 'lambda_val': 3.7213051179965593e-06, 'batch_size': 735, 'optimizer': 'RMSprop'}. Best is trial 34 with value: 0.1271187868674389.
2026-05-13 08:28:44,441 - optuna.study.study - INFO - Trial 172 finished with value: 0.08430980182301598 and parameters: {'n_layers': 1, 'embedding_dim': 256, 'lr': 0.00024288454433151849, 'lambda_val': 4.297170185382337e-06, 'batch_size': 939, 'optimizer': 'RMSprop'}. Best is trial 34 with value: 0.1271187868674389.
2026-05-13 08:28:48,658 - optuna.study._optimize - INFO - Trial 173 pruned. 
2026-05-13 08:29:22,620 - optuna.study.study - INFO - Trial 174 finished with value: 0.08487489816597532 and parameters: {'n_layers': 1, 'embedding_dim': 256, 'lr': 0.00028673723690837184, 'lambda_val': 4.0383757940429965e-06, 'batch_size': 622, 'optimizer': 'RMSprop'}. Best is trial 34 with value: 0.1271187868674389.
2026-05-13 08:29:27,126 - optuna.study._optimize - INFO - Trial 175 pruned. 
2026-05-13 08:29:31,869 - optuna.study._optimize - INFO - Trial 176 pruned. 
2026-05-13 08:29:35,822 - optuna.study._optimize - INFO - Trial 177 pruned. 
2026-05-13 08:29:39,776 - optuna.study._optimize - INFO - Trial 178 pruned. 
2026-05-13 08:29:43,602 - optuna.study._optimize - INFO - Trial 179 pruned. 
2026-05-13 08:29:48,059 - optuna.study._optimize - INFO - Trial 180 pruned. 
2026-05-13 08:30:22,140 - optuna.study.study - INFO - Trial 181 finished with value: 0.10516726014647802 and parameters: {'n_layers': 1, 'embedding_dim': 256, 'lr': 0.0002593647239612884, 'lambda_val': 3.203290857039367e-06, 'batch_size': 559, 'optimizer': 'RMSprop'}. Best is trial 34 with value: 0.1271187868674389.
2026-05-13 08:30:55,429 - optuna.study.study - INFO - Trial 182 finished with value: 0.08649777816097699 and parameters: {'n_layers': 1, 'embedding_dim': 256, 'lr': 0.0003900773451010474, 'lambda_val': 3.0446078802196257e-06, 'batch_size': 517, 'optimizer': 'RMSprop'}. Best is trial 34 with value: 0.1271187868674389.
2026-05-13 08:30:59,680 - optuna.study._optimize - INFO - Trial 183 pruned. 
2026-05-13 08:31:04,565 - optuna.study._optimize - INFO - Trial 184 pruned. 
2026-05-13 08:31:08,953 - optuna.study._optimize - INFO - Trial 185 pruned. 
2026-05-13 08:31:12,963 - optuna.study._optimize - INFO - Trial 186 pruned. 
2026-05-13 08:31:45,939 - optuna.study.study - INFO - Trial 187 finished with value: 0.08908554205185974 and parameters: {'n_layers': 1, 'embedding_dim': 256, 'lr': 0.00026270207063337444, 'lambda_val': 1.4462254539446424e-06, 'batch_size': 719, 'optimizer': 'RMSprop'}. Best is trial 34 with value: 0.1271187868674389.
2026-05-13 08:31:50,035 - optuna.study._optimize - INFO - Trial 188 pruned. 
2026-05-13 08:31:53,890 - optuna.study._optimize - INFO - Trial 189 pruned. 
2026-05-13 08:32:27,203 - optuna.study.study - INFO - Trial 190 finished with value: 0.06190430262595842 and parameters: {'n_layers': 1, 'embedding_dim': 256, 'lr': 0.000493169480336164, 'lambda_val': 3.7621831355460217e-06, 'batch_size': 590, 'optimizer': 'RMSprop'}. Best is trial 34 with value: 0.1271187868674389.
2026-05-13 08:33:00,506 - optuna.study.study - INFO - Trial 191 finished with value: 0.09409226839257072 and parameters: {'n_layers': 1, 'embedding_dim': 256, 'lr': 0.00023193974913608638, 'lambda_val': 2.7099165661260976e-06, 'batch_size': 745, 'optimizer': 'RMSprop'}. Best is trial 34 with value: 0.1271187868674389.
2026-05-13 08:33:34,020 - optuna.study.study - INFO - Trial 192 finished with value: 0.09865009302748913 and parameters: {'n_layers': 1, 'embedding_dim': 256, 'lr': 0.0003181588659880426, 'lambda_val': 1.9935434943929963e-06, 'batch_size': 659, 'optimizer': 'RMSprop'}. Best is trial 34 with value: 0.1271187868674389.
2026-05-13 08:34:16,580 - optuna.study.study - INFO - Trial 193 finished with value: 0.0721886592021834 and parameters: {'n_layers': 1, 'embedding_dim': 256, 'lr': 0.00032579715211109803, 'lambda_val': 2.1780716346568094e-06, 'batch_size': 653, 'optimizer': 'RMSprop'}. Best is trial 34 with value: 0.1271187868674389.
2026-05-13 08:34:20,949 - optuna.study._optimize - INFO - Trial 194 pruned. 
2026-05-13 08:34:25,937 - optuna.study._optimize - INFO - Trial 195 pruned. 
2026-05-13 08:34:29,914 - optuna.study._optimize - INFO - Trial 196 pruned. 
2026-05-13 08:35:02,609 - optuna.study.study - INFO - Trial 197 finished with value: 0.08161211055169999 and parameters: {'n_layers': 1, 'embedding_dim': 256, 'lr': 0.00027402978486271585, 'lambda_val': 2.0629157668608497e-06, 'batch_size': 897, 'optimizer': 'RMSprop'}. Best is trial 34 with value: 0.1271187868674389.
2026-05-13 08:35:06,892 - optuna.study._optimize - INFO - Trial 198 pruned. 
2026-05-13 08:35:10,702 - optuna.study._optimize - INFO - Trial 199 pruned. 
2026-05-13 08:35:32,944 - root - INFO -   **** Training e_100K_1c1dcs_rand3
2026-05-13 08:35:32,954 - root - INFO -   **** Getting 53072/65410 random edges
2026-05-13 08:35:33,773 - optuna.storages._rdb.storage - INFO - A new study created in RDB with name: Study_e_100K_1c1dcs_rand3
2026-05-13 08:36:10,101 - optuna.study.study - INFO - Trial 0 finished with value: 0.016817908447949358 and parameters: {'n_layers': 4, 'embedding_dim': 64, 'lr': 0.002810139681375607, 'lambda_val': 8.425331103944136e-06, 'batch_size': 1956, 'optimizer': 'RMSprop'}. Best is trial 0 with value: 0.016817908447949358.
2026-05-13 08:36:42,207 - optuna.study.study - INFO - Trial 1 finished with value: 0.03915274499974575 and parameters: {'n_layers': 2, 'embedding_dim': 96, 'lr': 0.0314723087607592, 'lambda_val': 0.003085000203879388, 'batch_size': 2011, 'optimizer': 'Adam'}. Best is trial 1 with value: 0.03915274499974575.
2026-05-13 08:37:14,930 - optuna.study.study - INFO - Trial 2 finished with value: 0.0019465577472648175 and parameters: {'n_layers': 2, 'embedding_dim': 128, 'lr': 0.000823691596965962, 'lambda_val': 0.001680125510474457, 'batch_size': 1227, 'optimizer': 'SGD'}. Best is trial 1 with value: 0.03915274499974575.
2026-05-13 08:37:46,843 - optuna.study.study - INFO - Trial 3 finished with value: 0.028368143681383077 and parameters: {'n_layers': 2, 'embedding_dim': 64, 'lr': 0.002798830553461171, 'lambda_val': 0.000433055883064385, 'batch_size': 2465, 'optimizer': 'Adam'}. Best is trial 1 with value: 0.03915274499974575.
2026-05-13 08:38:31,142 - optuna.study.study - INFO - Trial 4 finished with value: 0.0014274171985460844 and parameters: {'n_layers': 4, 'embedding_dim': 128, 'lr': 0.0921054244452798, 'lambda_val': 1.2546238316717886e-06, 'batch_size': 2978, 'optimizer': 'SGD'}. Best is trial 1 with value: 0.03915274499974575.
2026-05-13 08:39:02,862 - optuna.study.study - INFO - Trial 5 finished with value: 0.036756280225610415 and parameters: {'n_layers': 2, 'embedding_dim': 64, 'lr': 0.00020559410387337588, 'lambda_val': 0.00016784217106961824, 'batch_size': 1159, 'optimizer': 'Adam'}. Best is trial 1 with value: 0.03915274499974575.
2026-05-13 08:39:36,657 - optuna.study.study - INFO - Trial 6 finished with value: 0.02404734395166424 and parameters: {'n_layers': 2, 'embedding_dim': 96, 'lr': 0.0020493352544769345, 'lambda_val': 5.6890326451060865e-05, 'batch_size': 2313, 'optimizer': 'Adam'}. Best is trial 1 with value: 0.03915274499974575.
2026-05-13 08:40:11,033 - optuna.study.study - INFO - Trial 7 finished with value: 0.026273754450484813 and parameters: {'n_layers': 3, 'embedding_dim': 32, 'lr': 0.0609337484951722, 'lambda_val': 0.001532569652385297, 'batch_size': 3872, 'optimizer': 'Adam'}. Best is trial 1 with value: 0.03915274499974575.
2026-05-13 08:40:14,993 - optuna.study._optimize - INFO - Trial 8 pruned. 
2026-05-13 08:40:19,830 - optuna.study._optimize - INFO - Trial 9 pruned. 
2026-05-13 08:40:24,304 - optuna.study._optimize - INFO - Trial 10 pruned. 
2026-05-13 08:40:28,876 - optuna.study._optimize - INFO - Trial 11 pruned. 
2026-05-13 08:40:58,744 - optuna.study.study - INFO - Trial 12 finished with value: 0.08466266695161405 and parameters: {'n_layers': 1, 'embedding_dim': 96, 'lr': 0.0002259231838951389, 'lambda_val': 7.855205263602305e-05, 'batch_size': 1559, 'optimizer': 'Adam'}. Best is trial 12 with value: 0.08466266695161405.
2026-05-13 08:41:02,873 - optuna.study._optimize - INFO - Trial 13 pruned. 
2026-05-13 08:41:34,126 - optuna.study.study - INFO - Trial 14 finished with value: 0.03530946946835568 and parameters: {'n_layers': 1, 'embedding_dim': 96, 'lr': 0.012745652948366598, 'lambda_val': 4.7787765384081114e-05, 'batch_size': 2848, 'optimizer': 'Adam'}. Best is trial 12 with value: 0.08466266695161405.
2026-05-13 08:42:05,802 - optuna.study.study - INFO - Trial 15 finished with value: 0.02431731475799512 and parameters: {'n_layers': 3, 'embedding_dim': 96, 'lr': 0.00037509819661561396, 'lambda_val': 0.0008190496464853684, 'batch_size': 1687, 'optimizer': 'Adam'}. Best is trial 12 with value: 0.08466266695161405.
2026-05-13 08:42:38,461 - optuna.study.study - INFO - Trial 16 finished with value: 0.05655337701027458 and parameters: {'n_layers': 1, 'embedding_dim': 256, 'lr': 0.0105620308308126, 'lambda_val': 0.0001250615456538804, 'batch_size': 725, 'optimizer': 'RMSprop'}. Best is trial 12 with value: 0.08466266695161405.
2026-05-13 08:43:23,936 - optuna.study.study - INFO - Trial 17 finished with value: 0.05345589825832765 and parameters: {'n_layers': 1, 'embedding_dim': 256, 'lr': 0.00835748587952991, 'lambda_val': 0.00010641119808634699, 'batch_size': 669, 'optimizer': 'RMSprop'}. Best is trial 12 with value: 0.08466266695161405.
2026-05-13 08:44:10,661 - optuna.study.study - INFO - Trial 18 finished with value: 0.07067038979280722 and parameters: {'n_layers': 1, 'embedding_dim': 256, 'lr': 0.00047102095470135806, 'lambda_val': 1.398072428237726e-05, 'batch_size': 947, 'optimizer': 'RMSprop'}. Best is trial 12 with value: 0.08466266695161405.
2026-05-13 08:45:00,906 - optuna.study.study - INFO - Trial 19 finished with value: 0.07377378048320347 and parameters: {'n_layers': 1, 'embedding_dim': 256, 'lr': 0.00018878189782847436, 'lambda_val': 9.855454127665851e-06, 'batch_size': 1461, 'optimizer': 'RMSprop'}. Best is trial 12 with value: 0.08466266695161405.
2026-05-13 08:45:38,117 - optuna.study.study - INFO - Trial 20 finished with value: 0.12014932646715845 and parameters: {'n_layers': 1, 'embedding_dim': 256, 'lr': 0.00010876224210705147, 'lambda_val': 1.0528833075260894e-06, 'batch_size': 1505, 'optimizer': 'RMSprop'}. Best is trial 20 with value: 0.12014932646715845.
2026-05-13 08:46:11,984 - optuna.study.study - INFO - Trial 21 finished with value: 0.1220446314813986 and parameters: {'n_layers': 1, 'embedding_dim': 256, 'lr': 0.00012769465386185716, 'lambda_val': 1.5911691579178194e-06, 'batch_size': 1579, 'optimizer': 'RMSprop'}. Best is trial 21 with value: 0.1220446314813986.
2026-05-13 08:46:16,276 - optuna.study._optimize - INFO - Trial 22 pruned. 
2026-05-13 08:46:20,550 - optuna.study._optimize - INFO - Trial 23 pruned. 
2026-05-13 08:47:10,227 - optuna.study.study - INFO - Trial 24 finished with value: 0.056752150497396084 and parameters: {'n_layers': 2, 'embedding_dim': 256, 'lr': 0.00010548214525739309, 'lambda_val': 3.3326092874194384e-06, 'batch_size': 1399, 'optimizer': 'RMSprop'}. Best is trial 21 with value: 0.1220446314813986.
2026-05-13 08:47:15,637 - optuna.study._optimize - INFO - Trial 25 pruned. 
2026-05-13 08:47:22,282 - optuna.study._optimize - INFO - Trial 26 pruned. 
2026-05-13 08:47:29,356 - optuna.study._optimize - INFO - Trial 27 pruned. 
2026-05-13 08:48:03,987 - optuna.study.study - INFO - Trial 28 finished with value: 0.049877397308048146 and parameters: {'n_layers': 1, 'embedding_dim': 96, 'lr': 0.0005074763195634201, 'lambda_val': 2.72964358708044e-05, 'batch_size': 1426, 'optimizer': 'RMSprop'}. Best is trial 21 with value: 0.1220446314813986.
2026-05-13 08:48:08,860 - optuna.study._optimize - INFO - Trial 29 pruned. 
2026-05-13 08:48:51,211 - optuna.study.study - INFO - Trial 30 finished with value: 0.020952442805079373 and parameters: {'n_layers': 3, 'embedding_dim': 32, 'lr': 0.00029160939003042806, 'lambda_val': 5.825058805663765e-06, 'batch_size': 945, 'optimizer': 'RMSprop'}. Best is trial 21 with value: 0.1220446314813986.
2026-05-13 08:49:27,749 - optuna.study.study - INFO - Trial 31 finished with value: 0.11188803401889325 and parameters: {'n_layers': 1, 'embedding_dim': 256, 'lr': 0.00013176930465216716, 'lambda_val': 9.067263673945084e-06, 'batch_size': 1477, 'optimizer': 'RMSprop'}. Best is trial 21 with value: 0.1220446314813986.
2026-05-13 08:49:32,295 - optuna.study._optimize - INFO - Trial 32 pruned. 
2026-05-13 08:50:14,696 - optuna.study.study - INFO - Trial 33 finished with value: 0.04131102974175066 and parameters: {'n_layers': 2, 'embedding_dim': 256, 'lr': 0.00012806609128727185, 'lambda_val': 3.306965916835619e-05, 'batch_size': 1910, 'optimizer': 'RMSprop'}. Best is trial 21 with value: 0.1220446314813986.
2026-05-13 08:50:18,769 - optuna.study._optimize - INFO - Trial 34 pruned. 
2026-05-13 08:50:53,588 - optuna.study.study - INFO - Trial 35 finished with value: 0.07024751372876271 and parameters: {'n_layers': 1, 'embedding_dim': 256, 'lr': 0.00027308239427053057, 'lambda_val': 2.4642218297130894e-06, 'batch_size': 2117, 'optimizer': 'Adam'}. Best is trial 21 with value: 0.1220446314813986.
2026-05-13 08:50:58,200 - optuna.study._optimize - INFO - Trial 36 pruned. 
2026-05-13 08:51:02,777 - optuna.study._optimize - INFO - Trial 37 pruned. 
2026-05-13 08:51:33,736 - optuna.study.study - INFO - Trial 38 finished with value: 0.05726596933219032 and parameters: {'n_layers': 1, 'embedding_dim': 128, 'lr': 0.0005533857306682206, 'lambda_val': 1.248964573789361e-05, 'batch_size': 2529, 'optimizer': 'Adam'}. Best is trial 21 with value: 0.1220446314813986.
2026-05-13 08:51:40,309 - optuna.study._optimize - INFO - Trial 39 pruned. 
2026-05-13 08:51:44,616 - optuna.study._optimize - INFO - Trial 40 pruned. 
2026-05-13 08:52:18,568 - optuna.study.study - INFO - Trial 41 finished with value: 0.07296066658951911 and parameters: {'n_layers': 1, 'embedding_dim': 256, 'lr': 0.00022716530706254147, 'lambda_val': 8.30907504067426e-06, 'batch_size': 1494, 'optimizer': 'RMSprop'}. Best is trial 21 with value: 0.1220446314813986.
2026-05-13 08:52:22,992 - optuna.study._optimize - INFO - Trial 42 pruned. 
2026-05-13 08:52:27,341 - optuna.study._optimize - INFO - Trial 43 pruned. 
2026-05-13 08:53:00,837 - optuna.study.study - INFO - Trial 44 finished with value: 0.09493216590695462 and parameters: {'n_layers': 1, 'embedding_dim': 256, 'lr': 0.00018890725164998572, 'lambda_val': 4.568567679116172e-06, 'batch_size': 1104, 'optimizer': 'RMSprop'}. Best is trial 21 with value: 0.1220446314813986.
2026-05-13 08:53:29,242 - optuna.study.study - INFO - Trial 45 finished with value: 0.05663366866858379 and parameters: {'n_layers': 1, 'embedding_dim': 96, 'lr': 0.0007651794995252576, 'lambda_val': 4.888842283536661e-06, 'batch_size': 700, 'optimizer': 'RMSprop'}. Best is trial 21 with value: 0.1220446314813986.
2026-05-13 08:53:33,711 - optuna.study._optimize - INFO - Trial 46 pruned. 
2026-05-13 08:53:38,346 - optuna.study._optimize - INFO - Trial 47 pruned. 
2026-05-13 08:53:42,960 - optuna.study._optimize - INFO - Trial 48 pruned. 
2026-05-13 08:54:12,186 - optuna.study.study - INFO - Trial 49 finished with value: 0.05223011456187484 and parameters: {'n_layers': 1, 'embedding_dim': 96, 'lr': 0.0028099481065644353, 'lambda_val': 0.0002395484788032055, 'batch_size': 869, 'optimizer': 'Adam'}. Best is trial 21 with value: 0.1220446314813986.
2026-05-13 08:54:18,148 - optuna.study._optimize - INFO - Trial 50 pruned. 
2026-05-13 08:54:51,832 - optuna.study.study - INFO - Trial 51 finished with value: 0.07885251770285437 and parameters: {'n_layers': 1, 'embedding_dim': 256, 'lr': 0.00019677602265189768, 'lambda_val': 1.5168626707701828e-05, 'batch_size': 1645, 'optimizer': 'RMSprop'}. Best is trial 21 with value: 0.1220446314813986.
2026-05-13 08:55:25,301 - optuna.study.study - INFO - Trial 52 finished with value: 0.10203789835850277 and parameters: {'n_layers': 1, 'embedding_dim': 256, 'lr': 0.0001315369648909166, 'lambda_val': 1.4264446122666533e-05, 'batch_size': 1624, 'optimizer': 'RMSprop'}. Best is trial 21 with value: 0.1220446314813986.
2026-05-13 08:55:29,691 - optuna.study._optimize - INFO - Trial 53 pruned. 
2026-05-13 08:55:34,456 - optuna.study._optimize - INFO - Trial 54 pruned. 
2026-05-13 08:56:08,397 - optuna.study.study - INFO - Trial 55 finished with value: 0.10906865054894904 and parameters: {'n_layers': 1, 'embedding_dim': 256, 'lr': 0.00014456234612192394, 'lambda_val': 3.8443761987136475e-06, 'batch_size': 1063, 'optimizer': 'RMSprop'}. Best is trial 21 with value: 0.1220446314813986.
2026-05-13 08:56:42,079 - optuna.study.study - INFO - Trial 56 finished with value: 0.07989084913109806 and parameters: {'n_layers': 1, 'embedding_dim': 256, 'lr': 0.0003726096847366459, 'lambda_val': 1.4341195811366098e-06, 'batch_size': 558, 'optimizer': 'RMSprop'}. Best is trial 21 with value: 0.1220446314813986.
2026-05-13 08:56:50,830 - optuna.study._optimize - INFO - Trial 57 pruned. 
2026-05-13 08:56:59,305 - optuna.study._optimize - INFO - Trial 58 pruned. 
2026-05-13 08:57:40,878 - optuna.study.study - INFO - Trial 59 finished with value: 0.0508263820896132 and parameters: {'n_layers': 2, 'embedding_dim': 256, 'lr': 0.0001398809373212261, 'lambda_val': 2.28589369670498e-06, 'batch_size': 1038, 'optimizer': 'RMSprop'}. Best is trial 21 with value: 0.1220446314813986.
2026-05-13 08:57:46,771 - optuna.study._optimize - INFO - Trial 60 pruned. 
2026-05-13 08:58:16,237 - optuna.study.study - INFO - Trial 61 finished with value: 0.08002325229097908 and parameters: {'n_layers': 1, 'embedding_dim': 96, 'lr': 0.00021856894222800063, 'lambda_val': 1.8606583017087842e-05, 'batch_size': 1640, 'optimizer': 'Adam'}. Best is trial 21 with value: 0.1220446314813986.
2026-05-13 08:58:53,500 - optuna.study.study - INFO - Trial 62 finished with value: 0.058583989204401214 and parameters: {'n_layers': 1, 'embedding_dim': 256, 'lr': 0.0007361985100899782, 'lambda_val': 1.3186429111610096e-06, 'batch_size': 1306, 'optimizer': 'RMSprop'}. Best is trial 21 with value: 0.1220446314813986.
2026-05-13 08:58:58,071 - optuna.study._optimize - INFO - Trial 63 pruned. 
2026-05-13 08:59:02,035 - optuna.study._optimize - INFO - Trial 64 pruned. 
2026-05-13 08:59:37,135 - optuna.study.study - INFO - Trial 65 finished with value: 0.07265621193087728 and parameters: {'n_layers': 1, 'embedding_dim': 256, 'lr': 0.0002726686246834787, 'lambda_val': 2.602118813177269e-06, 'batch_size': 1771, 'optimizer': 'Adam'}. Best is trial 21 with value: 0.1220446314813986.
2026-05-13 09:00:05,879 - optuna.study.study - INFO - Trial 66 finished with value: 0.06698608228716878 and parameters: {'n_layers': 1, 'embedding_dim': 96, 'lr': 0.0004055154341244975, 'lambda_val': 4.593450720445183e-06, 'batch_size': 1186, 'optimizer': 'RMSprop'}. Best is trial 21 with value: 0.1220446314813986.
2026-05-13 09:00:10,429 - optuna.study._optimize - INFO - Trial 67 pruned. 
2026-05-13 09:00:14,814 - optuna.study._optimize - INFO - Trial 68 pruned. 
2026-05-13 09:00:19,438 - optuna.study._optimize - INFO - Trial 69 pruned. 
2026-05-13 09:00:54,004 - optuna.study.study - INFO - Trial 70 finished with value: 0.06536209711864834 and parameters: {'n_layers': 1, 'embedding_dim': 256, 'lr': 0.0005840974202526939, 'lambda_val': 0.0008896052454941627, 'batch_size': 1978, 'optimizer': 'Adam'}. Best is trial 21 with value: 0.1220446314813986.
2026-05-13 09:01:23,140 - optuna.study.study - INFO - Trial 71 finished with value: 0.06814522267199564 and parameters: {'n_layers': 1, 'embedding_dim': 96, 'lr': 0.00026112662940666473, 'lambda_val': 1.975721629899138e-05, 'batch_size': 1670, 'optimizer': 'Adam'}. Best is trial 21 with value: 0.1220446314813986.
2026-05-13 09:01:53,051 - optuna.study.study - INFO - Trial 72 finished with value: 0.07965227642734418 and parameters: {'n_layers': 1, 'embedding_dim': 96, 'lr': 0.00021434091757624617, 'lambda_val': 1.6951393796099287e-05, 'batch_size': 1378, 'optimizer': 'Adam'}. Best is trial 21 with value: 0.1220446314813986.
2026-05-13 09:01:56,386 - optuna.study._optimize - INFO - Trial 73 pruned. 
2026-05-13 09:01:59,785 - optuna.study._optimize - INFO - Trial 74 pruned. 
2026-05-13 09:02:03,520 - optuna.study._optimize - INFO - Trial 75 pruned. 
2026-05-13 09:02:08,227 - optuna.study._optimize - INFO - Trial 76 pruned. 
2026-05-13 09:02:36,712 - optuna.study.study - INFO - Trial 77 finished with value: 0.05780022000750959 and parameters: {'n_layers': 1, 'embedding_dim': 64, 'lr': 0.00034820362062042436, 'lambda_val': 3.4411381059276553e-05, 'batch_size': 1602, 'optimizer': 'RMSprop'}. Best is trial 21 with value: 0.1220446314813986.
2026-05-13 09:02:41,360 - optuna.study._optimize - INFO - Trial 78 pruned. 
2026-05-13 09:02:45,523 - optuna.study._optimize - INFO - Trial 79 pruned. 
2026-05-13 09:02:52,195 - optuna.study._optimize - INFO - Trial 80 pruned. 
2026-05-13 09:03:25,924 - optuna.study.study - INFO - Trial 81 finished with value: 0.07284450541448947 and parameters: {'n_layers': 1, 'embedding_dim': 256, 'lr': 0.0004122304977777978, 'lambda_val': 1.438175591316892e-06, 'batch_size': 712, 'optimizer': 'RMSprop'}. Best is trial 21 with value: 0.1220446314813986.
2026-05-13 09:03:59,037 - optuna.study.study - INFO - Trial 82 finished with value: 0.08990364274722237 and parameters: {'n_layers': 1, 'embedding_dim': 256, 'lr': 0.00017183536237456632, 'lambda_val': 2.62422290218224e-06, 'batch_size': 1496, 'optimizer': 'RMSprop'}. Best is trial 21 with value: 0.1220446314813986.
2026-05-13 09:04:31,516 - optuna.study.study - INFO - Trial 83 finished with value: 0.10864585984223118 and parameters: {'n_layers': 1, 'embedding_dim': 256, 'lr': 0.00014429127324251504, 'lambda_val': 2.372210552823766e-06, 'batch_size': 1521, 'optimizer': 'RMSprop'}. Best is trial 21 with value: 0.1220446314813986.
2026-05-13 09:05:04,508 - optuna.study.study - INFO - Trial 84 finished with value: 0.09678102671498276 and parameters: {'n_layers': 1, 'embedding_dim': 256, 'lr': 0.00015380066524578944, 'lambda_val': 2.7489547457121687e-06, 'batch_size': 1476, 'optimizer': 'RMSprop'}. Best is trial 21 with value: 0.1220446314813986.
2026-05-13 09:05:37,990 - optuna.study.study - INFO - Trial 85 finished with value: 0.10354508959640323 and parameters: {'n_layers': 1, 'embedding_dim': 256, 'lr': 0.00015285248128652746, 'lambda_val': 2.8540893711511124e-06, 'batch_size': 1416, 'optimizer': 'RMSprop'}. Best is trial 21 with value: 0.1220446314813986.
2026-05-13 09:05:41,899 - optuna.study._optimize - INFO - Trial 86 pruned. 
2026-05-13 09:05:45,839 - optuna.study._optimize - INFO - Trial 87 pruned. 
2026-05-13 09:05:49,777 - optuna.study._optimize - INFO - Trial 88 pruned. 
2026-05-13 09:05:54,856 - optuna.study._optimize - INFO - Trial 89 pruned. 
2026-05-13 09:05:58,706 - optuna.study._optimize - INFO - Trial 90 pruned. 
2026-05-13 09:06:29,323 - optuna.study.study - INFO - Trial 91 finished with value: 0.10079368555407264 and parameters: {'n_layers': 1, 'embedding_dim': 256, 'lr': 0.00016089721132165168, 'lambda_val': 2.5693981010861624e-06, 'batch_size': 1471, 'optimizer': 'RMSprop'}. Best is trial 21 with value: 0.1220446314813986.
2026-05-13 09:07:00,897 - optuna.study.study - INFO - Trial 92 finished with value: 0.08954585108596617 and parameters: {'n_layers': 1, 'embedding_dim': 256, 'lr': 0.00015512198463913374, 'lambda_val': 1.8655337660758813e-06, 'batch_size': 1557, 'optimizer': 'RMSprop'}. Best is trial 21 with value: 0.1220446314813986.
2026-05-13 09:07:04,851 - optuna.study._optimize - INFO - Trial 93 pruned. 
2026-05-13 09:07:36,370 - optuna.study.study - INFO - Trial 94 finished with value: 0.07212370117335012 and parameters: {'n_layers': 1, 'embedding_dim': 256, 'lr': 0.00027038013285183606, 'lambda_val': 5.606438319440995e-06, 'batch_size': 1343, 'optimizer': 'RMSprop'}. Best is trial 21 with value: 0.1220446314813986.
2026-05-13 09:07:40,871 - optuna.study._optimize - INFO - Trial 95 pruned. 
2026-05-13 09:07:45,261 - optuna.study._optimize - INFO - Trial 96 pruned. 
2026-05-13 09:07:50,050 - optuna.study._optimize - INFO - Trial 97 pruned. 
2026-05-13 09:08:23,059 - optuna.study.study - INFO - Trial 98 finished with value: 0.09715222874652152 and parameters: {'n_layers': 1, 'embedding_dim': 256, 'lr': 0.00016652372104180275, 'lambda_val': 9.096101373372408e-06, 'batch_size': 1427, 'optimizer': 'RMSprop'}. Best is trial 21 with value: 0.1220446314813986.
2026-05-13 09:08:48,543 - optuna.study.study - INFO - Trial 99 finished with value: 0.05861522620147486 and parameters: {'n_layers': 1, 'embedding_dim': 128, 'lr': 0.00030142517703694426, 'lambda_val': 8.160518709668832e-06, 'batch_size': 1545, 'optimizer': 'RMSprop'}. Best is trial 21 with value: 0.1220446314813986.
2026-05-13 09:08:52,115 - optuna.study._optimize - INFO - Trial 100 pruned. 
2026-05-13 09:09:22,090 - optuna.study.study - INFO - Trial 101 finished with value: 0.08910216484395433 and parameters: {'n_layers': 1, 'embedding_dim': 256, 'lr': 0.0001942681823622357, 'lambda_val': 4.096711899998714e-06, 'batch_size': 1115, 'optimizer': 'RMSprop'}. Best is trial 21 with value: 0.1220446314813986.
2026-05-13 09:09:26,111 - optuna.study._optimize - INFO - Trial 102 pruned. 
2026-05-13 09:09:59,826 - optuna.study.study - INFO - Trial 103 finished with value: 0.0682412246421643 and parameters: {'n_layers': 1, 'embedding_dim': 256, 'lr': 0.00023154371507134257, 'lambda_val': 9.57177111376415e-06, 'batch_size': 1677, 'optimizer': 'RMSprop'}. Best is trial 21 with value: 0.1220446314813986.
2026-05-13 09:10:04,162 - optuna.study._optimize - INFO - Trial 104 pruned. 
2026-05-13 09:10:08,481 - optuna.study._optimize - INFO - Trial 105 pruned. 
2026-05-13 09:10:12,758 - optuna.study._optimize - INFO - Trial 106 pruned. 
2026-05-13 09:10:46,610 - optuna.study.study - INFO - Trial 107 finished with value: 0.09326310925342793 and parameters: {'n_layers': 1, 'embedding_dim': 256, 'lr': 0.00015803574557624948, 'lambda_val': 3.648503015874005e-06, 'batch_size': 1604, 'optimizer': 'RMSprop'}. Best is trial 21 with value: 0.1220446314813986.
2026-05-13 09:10:50,961 - optuna.study._optimize - INFO - Trial 108 pruned. 
2026-05-13 09:11:17,128 - optuna.study.study - INFO - Trial 109 finished with value: 0.04724272275281574 and parameters: {'n_layers': 1, 'embedding_dim': 64, 'lr': 0.0004525530067671482, 'lambda_val': 2.2329518251006e-06, 'batch_size': 1499, 'optimizer': 'RMSprop'}. Best is trial 21 with value: 0.1220446314813986.
2026-05-13 09:11:20,992 - optuna.study._optimize - INFO - Trial 110 pruned. 
2026-05-13 09:11:54,096 - optuna.study.study - INFO - Trial 111 finished with value: 0.08636416059894268 and parameters: {'n_layers': 1, 'embedding_dim': 256, 'lr': 0.0001698155709498497, 'lambda_val': 3.5487827753076556e-06, 'batch_size': 1613, 'optimizer': 'RMSprop'}. Best is trial 21 with value: 0.1220446314813986.
2026-05-13 09:11:58,531 - optuna.study._optimize - INFO - Trial 112 pruned. 
2026-05-13 09:12:02,911 - optuna.study._optimize - INFO - Trial 113 pruned. 
2026-05-13 09:12:37,032 - optuna.study.study - INFO - Trial 114 finished with value: 0.06138181952923643 and parameters: {'n_layers': 1, 'embedding_dim': 256, 'lr': 0.00024127606011279203, 'lambda_val': 9.541804299689815e-06, 'batch_size': 1686, 'optimizer': 'RMSprop'}. Best is trial 21 with value: 0.1220446314813986.
2026-05-13 09:12:40,665 - optuna.study._optimize - INFO - Trial 115 pruned. 
2026-05-13 09:12:45,304 - optuna.study._optimize - INFO - Trial 116 pruned. 
2026-05-13 09:13:18,968 - optuna.study.study - INFO - Trial 117 finished with value: 0.09980802077013477 and parameters: {'n_layers': 1, 'embedding_dim': 256, 'lr': 0.0001437549697839875, 'lambda_val': 1.2182089014838022e-06, 'batch_size': 1972, 'optimizer': 'RMSprop'}. Best is trial 21 with value: 0.1220446314813986.
2026-05-13 09:13:23,091 - optuna.study._optimize - INFO - Trial 118 pruned. 
2026-05-13 09:13:26,968 - optuna.study._optimize - INFO - Trial 119 pruned. 
2026-05-13 09:13:30,922 - optuna.study._optimize - INFO - Trial 120 pruned. 
2026-05-13 09:14:04,463 - optuna.study.study - INFO - Trial 121 finished with value: 0.08927360301527291 and parameters: {'n_layers': 1, 'embedding_dim': 256, 'lr': 0.00014614778938751985, 'lambda_val': 2.4909029276184055e-06, 'batch_size': 2183, 'optimizer': 'RMSprop'}. Best is trial 21 with value: 0.1220446314813986.
2026-05-13 09:14:38,607 - optuna.study.study - INFO - Trial 122 finished with value: 0.07405886462779034 and parameters: {'n_layers': 1, 'embedding_dim': 256, 'lr': 0.0001952791017316698, 'lambda_val': 3.0840569442923296e-06, 'batch_size': 1620, 'optimizer': 'RMSprop'}. Best is trial 21 with value: 0.1220446314813986.
2026-05-13 09:15:11,807 - optuna.study.study - INFO - Trial 123 finished with value: 0.096261218991042 and parameters: {'n_layers': 1, 'embedding_dim': 256, 'lr': 0.00015442330372860511, 'lambda_val': 3.902982779572967e-06, 'batch_size': 1528, 'optimizer': 'RMSprop'}. Best is trial 21 with value: 0.1220446314813986.
2026-05-13 09:15:17,931 - optuna.study._optimize - INFO - Trial 124 pruned. 
2026-05-13 09:15:22,796 - optuna.study._optimize - INFO - Trial 125 pruned. 
2026-05-13 09:15:55,874 - optuna.study.study - INFO - Trial 126 finished with value: 0.0814662196420766 and parameters: {'n_layers': 1, 'embedding_dim': 256, 'lr': 0.0003093702853687462, 'lambda_val': 1.4970377125778588e-06, 'batch_size': 1230, 'optimizer': 'RMSprop'}. Best is trial 21 with value: 0.1220446314813986.
2026-05-13 09:16:30,167 - optuna.study.study - INFO - Trial 127 finished with value: 0.07308184292874396 and parameters: {'n_layers': 1, 'embedding_dim': 256, 'lr': 0.0002541976952414555, 'lambda_val': 1.0030972482117842e-06, 'batch_size': 1506, 'optimizer': 'RMSprop'}. Best is trial 21 with value: 0.1220446314813986.
2026-05-13 09:17:03,545 - optuna.study.study - INFO - Trial 128 finished with value: 0.09449945956908132 and parameters: {'n_layers': 1, 'embedding_dim': 256, 'lr': 0.00017940824477933885, 'lambda_val': 2.4209538439914984e-06, 'batch_size': 1140, 'optimizer': 'RMSprop'}. Best is trial 21 with value: 0.1220446314813986.
2026-05-13 09:17:09,588 - optuna.study._optimize - INFO - Trial 129 pruned. 
2026-05-13 09:17:14,001 - optuna.study._optimize - INFO - Trial 130 pruned. 
2026-05-13 09:17:18,998 - optuna.study._optimize - INFO - Trial 131 pruned. 
2026-05-13 09:17:52,340 - optuna.study.study - INFO - Trial 132 finished with value: 0.1106203591092513 and parameters: {'n_layers': 1, 'embedding_dim': 256, 'lr': 0.0001631406690951733, 'lambda_val': 2.133643156836957e-06, 'batch_size': 1142, 'optimizer': 'RMSprop'}. Best is trial 21 with value: 0.1220446314813986.
2026-05-13 09:18:02,340 - optuna.study._optimize - INFO - Trial 133 pruned. 
2026-05-13 09:18:09,755 - optuna.study._optimize - INFO - Trial 134 pruned. 
2026-05-13 09:18:14,340 - optuna.study._optimize - INFO - Trial 135 pruned. 
2026-05-13 09:18:18,410 - optuna.study._optimize - INFO - Trial 136 pruned. 
2026-05-13 09:18:22,751 - optuna.study._optimize - INFO - Trial 137 pruned. 
2026-05-13 09:18:56,692 - optuna.study.study - INFO - Trial 138 finished with value: 0.07128872820267226 and parameters: {'n_layers': 1, 'embedding_dim': 256, 'lr': 0.00022173118377706173, 'lambda_val': 4.84273529213202e-06, 'batch_size': 1787, 'optimizer': 'RMSprop'}. Best is trial 21 with value: 0.1220446314813986.
2026-05-13 09:19:01,003 - optuna.study._optimize - INFO - Trial 139 pruned. 
2026-05-13 09:19:05,758 - optuna.study._optimize - INFO - Trial 140 pruned. 
2026-05-13 09:19:38,934 - optuna.study.study - INFO - Trial 141 finished with value: 0.08712236231385936 and parameters: {'n_layers': 1, 'embedding_dim': 256, 'lr': 0.00018836747661359372, 'lambda_val': 2.3001388784477916e-06, 'batch_size': 1405, 'optimizer': 'RMSprop'}. Best is trial 21 with value: 0.1220446314813986.
2026-05-13 09:19:42,716 - optuna.study._optimize - INFO - Trial 142 pruned. 
2026-05-13 09:19:46,513 - optuna.study._optimize - INFO - Trial 143 pruned. 
2026-05-13 09:19:50,631 - optuna.study._optimize - INFO - Trial 144 pruned. 
2026-05-13 09:20:23,377 - optuna.study.study - INFO - Trial 145 finished with value: 0.10894955966728088 and parameters: {'n_layers': 1, 'embedding_dim': 256, 'lr': 0.00018883868555762533, 'lambda_val': 1.5826361705337328e-06, 'batch_size': 797, 'optimizer': 'RMSprop'}. Best is trial 21 with value: 0.1220446314813986.
2026-05-13 09:20:27,844 - optuna.study._optimize - INFO - Trial 146 pruned. 
2026-05-13 09:20:32,792 - optuna.study._optimize - INFO - Trial 147 pruned. 
2026-05-13 09:20:39,467 - optuna.study._optimize - INFO - Trial 148 pruned. 
2026-05-13 09:21:13,281 - optuna.study.study - INFO - Trial 149 finished with value: 0.09991270847676426 and parameters: {'n_layers': 1, 'embedding_dim': 256, 'lr': 0.00021543677712256717, 'lambda_val': 1.5657197994302799e-06, 'batch_size': 784, 'optimizer': 'RMSprop'}. Best is trial 21 with value: 0.1220446314813986.
2026-05-13 09:21:46,561 - optuna.study.study - INFO - Trial 150 finished with value: 0.10739812088210879 and parameters: {'n_layers': 1, 'embedding_dim': 256, 'lr': 0.00021525217733315915, 'lambda_val': 1.4622819550754127e-06, 'batch_size': 621, 'optimizer': 'RMSprop'}. Best is trial 21 with value: 0.1220446314813986.
2026-05-13 09:21:51,028 - optuna.study._optimize - INFO - Trial 151 pruned. 
2026-05-13 09:21:55,721 - optuna.study._optimize - INFO - Trial 152 pruned. 
2026-05-13 09:21:59,704 - optuna.study._optimize - INFO - Trial 153 pruned. 
2026-05-13 09:22:03,643 - optuna.study._optimize - INFO - Trial 154 pruned. 
2026-05-13 09:22:35,387 - optuna.study.study - INFO - Trial 155 finished with value: 0.1085520793431779 and parameters: {'n_layers': 1, 'embedding_dim': 256, 'lr': 0.0002274949400122387, 'lambda_val': 2.033318432731928e-06, 'batch_size': 619, 'optimizer': 'RMSprop'}. Best is trial 21 with value: 0.1220446314813986.
2026-05-13 09:23:08,019 - optuna.study.study - INFO - Trial 156 finished with value: 0.11396759611635283 and parameters: {'n_layers': 1, 'embedding_dim': 256, 'lr': 0.00022696705100023345, 'lambda_val': 1.9340949656849757e-06, 'batch_size': 524, 'optimizer': 'RMSprop'}. Best is trial 21 with value: 0.1220446314813986.
2026-05-13 09:23:13,099 - optuna.study._optimize - INFO - Trial 157 pruned. 
2026-05-13 09:23:45,545 - optuna.study.study - INFO - Trial 158 finished with value: 0.080196734374243 and parameters: {'n_layers': 1, 'embedding_dim': 256, 'lr': 0.0002849562596075416, 'lambda_val': 2.094296255722511e-06, 'batch_size': 650, 'optimizer': 'RMSprop'}. Best is trial 21 with value: 0.1220446314813986.
2026-05-13 09:24:24,562 - optuna.study.study - INFO - Trial 159 finished with value: 0.06956045038627878 and parameters: {'n_layers': 1, 'embedding_dim': 256, 'lr': 0.0005599924079421814, 'lambda_val': 1.3805108693001513e-06, 'batch_size': 752, 'optimizer': 'RMSprop'}. Best is trial 21 with value: 0.1220446314813986.
2026-05-13 09:24:29,650 - optuna.study._optimize - INFO - Trial 160 pruned. 
2026-05-13 09:24:34,229 - optuna.study._optimize - INFO - Trial 161 pruned. 
2026-05-13 09:24:38,956 - optuna.study._optimize - INFO - Trial 162 pruned. 
2026-05-13 09:24:43,176 - optuna.study._optimize - INFO - Trial 163 pruned. 
2026-05-13 09:25:15,002 - optuna.study.study - INFO - Trial 164 finished with value: 0.08545377671452553 and parameters: {'n_layers': 1, 'embedding_dim': 256, 'lr': 0.0002147265387603439, 'lambda_val': 3.0815144935007773e-06, 'batch_size': 855, 'optimizer': 'RMSprop'}. Best is trial 21 with value: 0.1220446314813986.
2026-05-13 09:25:19,347 - optuna.study._optimize - INFO - Trial 165 pruned. 
2026-05-13 09:25:55,511 - optuna.study.study - INFO - Trial 166 finished with value: 0.08925256762382326 and parameters: {'n_layers': 1, 'embedding_dim': 256, 'lr': 0.000263017573067859, 'lambda_val': 1.2615459371951731e-06, 'batch_size': 933, 'optimizer': 'RMSprop'}. Best is trial 21 with value: 0.1220446314813986.
2026-05-13 09:26:29,140 - optuna.study.study - INFO - Trial 167 finished with value: 0.08464156128458626 and parameters: {'n_layers': 1, 'embedding_dim': 256, 'lr': 0.0004091530531824078, 'lambda_val': 1.6932528308301678e-06, 'batch_size': 787, 'optimizer': 'RMSprop'}. Best is trial 21 with value: 0.1220446314813986.
2026-05-13 09:26:33,081 - optuna.study._optimize - INFO - Trial 168 pruned. 
2026-05-13 09:26:37,456 - optuna.study._optimize - INFO - Trial 169 pruned. 
2026-05-13 09:26:42,349 - optuna.study._optimize - INFO - Trial 170 pruned. 
2026-05-13 09:26:46,690 - optuna.study._optimize - INFO - Trial 171 pruned. 
2026-05-13 09:27:20,179 - optuna.study.study - INFO - Trial 172 finished with value: 0.06917151460929463 and parameters: {'n_layers': 1, 'embedding_dim': 256, 'lr': 0.00020086623315392679, 'lambda_val': 3.444779911607821e-06, 'batch_size': 1652, 'optimizer': 'RMSprop'}. Best is trial 21 with value: 0.1220446314813986.
2026-05-13 09:27:25,412 - optuna.study._optimize - INFO - Trial 173 pruned. 
2026-05-13 09:28:00,802 - optuna.study.study - INFO - Trial 174 finished with value: 0.07596964109593801 and parameters: {'n_layers': 1, 'embedding_dim': 256, 'lr': 0.0001770108328022018, 'lambda_val': 3.1651891455649986e-06, 'batch_size': 2602, 'optimizer': 'RMSprop'}. Best is trial 21 with value: 0.1220446314813986.
2026-05-13 09:28:05,699 - optuna.study._optimize - INFO - Trial 175 pruned. 
2026-05-13 09:28:39,084 - optuna.study.study - INFO - Trial 176 finished with value: 0.06595791112077763 and parameters: {'n_layers': 1, 'embedding_dim': 256, 'lr': 0.0003056927927963715, 'lambda_val': 2.106674416306202e-06, 'batch_size': 1366, 'optimizer': 'RMSprop'}. Best is trial 21 with value: 0.1220446314813986.
2026-05-13 09:29:13,274 - optuna.study.study - INFO - Trial 177 finished with value: 0.0733089195404719 and parameters: {'n_layers': 1, 'embedding_dim': 256, 'lr': 0.00024502783867606066, 'lambda_val': 2.6559628551702503e-06, 'batch_size': 1425, 'optimizer': 'RMSprop'}. Best is trial 21 with value: 0.1220446314813986.
2026-05-13 09:29:17,241 - optuna.study._optimize - INFO - Trial 178 pruned. 
2026-05-13 09:29:23,197 - optuna.study._optimize - INFO - Trial 179 pruned. 
2026-05-13 09:29:29,800 - optuna.study._optimize - INFO - Trial 180 pruned. 
2026-05-13 09:29:34,130 - optuna.study._optimize - INFO - Trial 181 pruned. 
2026-05-13 09:29:38,393 - optuna.study._optimize - INFO - Trial 182 pruned. 
2026-05-13 09:29:42,737 - optuna.study._optimize - INFO - Trial 183 pruned. 
2026-05-13 09:29:47,044 - optuna.study._optimize - INFO - Trial 184 pruned. 
2026-05-13 09:29:51,173 - optuna.study._optimize - INFO - Trial 185 pruned. 
2026-05-13 09:29:56,206 - optuna.study._optimize - INFO - Trial 186 pruned. 
2026-05-13 09:30:00,576 - optuna.study._optimize - INFO - Trial 187 pruned. 
2026-05-13 09:30:05,012 - optuna.study._optimize - INFO - Trial 188 pruned. 
2026-05-13 09:30:38,590 - optuna.study.study - INFO - Trial 189 finished with value: 0.062235174576577124 and parameters: {'n_layers': 1, 'embedding_dim': 256, 'lr': 0.00030977317190546735, 'lambda_val': 5.7872019001807636e-06, 'batch_size': 1367, 'optimizer': 'RMSprop'}. Best is trial 21 with value: 0.1220446314813986.
2026-05-13 09:30:42,828 - optuna.study._optimize - INFO - Trial 190 pruned. 
2026-05-13 09:31:16,643 - optuna.study.study - INFO - Trial 191 finished with value: 0.10030876031420491 and parameters: {'n_layers': 1, 'embedding_dim': 256, 'lr': 0.0001791719983736916, 'lambda_val': 2.5365299596756394e-06, 'batch_size': 1109, 'optimizer': 'RMSprop'}. Best is trial 21 with value: 0.1220446314813986.
2026-05-13 09:31:49,714 - optuna.study.study - INFO - Trial 192 finished with value: 0.09421724767197626 and parameters: {'n_layers': 1, 'embedding_dim': 256, 'lr': 0.00021695248637621715, 'lambda_val': 1.9266221284395742e-06, 'batch_size': 1097, 'optimizer': 'RMSprop'}. Best is trial 21 with value: 0.1220446314813986.
2026-05-13 09:31:54,057 - optuna.study._optimize - INFO - Trial 193 pruned. 
2026-05-13 09:31:58,817 - optuna.study._optimize - INFO - Trial 194 pruned. 
2026-05-13 09:32:31,966 - optuna.study.study - INFO - Trial 195 finished with value: 0.08224462621433924 and parameters: {'n_layers': 1, 'embedding_dim': 256, 'lr': 0.0002587933412680752, 'lambda_val': 2.17013447175253e-06, 'batch_size': 1459, 'optimizer': 'RMSprop'}. Best is trial 21 with value: 0.1220446314813986.
2026-05-13 09:32:36,592 - optuna.study._optimize - INFO - Trial 196 pruned. 
2026-05-13 09:32:40,600 - optuna.study._optimize - INFO - Trial 197 pruned. 
2026-05-13 09:32:44,966 - optuna.study._optimize - INFO - Trial 198 pruned. 
2026-05-13 09:32:49,273 - optuna.study._optimize - INFO - Trial 199 pruned. 
2026-05-13 09:33:16,211 - root - INFO -   **** Training e_100K_1c1dcs_rand4
2026-05-13 09:33:16,221 - root - INFO -   **** Getting 53072/65410 random edges
2026-05-13 09:33:16,538 - optuna.storages._rdb.storage - INFO - A new study created in RDB with name: Study_e_100K_1c1dcs_rand4
2026-05-13 09:33:54,588 - optuna.study.study - INFO - Trial 0 finished with value: 0.01590111228130343 and parameters: {'n_layers': 4, 'embedding_dim': 64, 'lr': 0.003229590075404506, 'lambda_val': 0.0002573623562083429, 'batch_size': 2795, 'optimizer': 'Adam'}. Best is trial 0 with value: 0.01590111228130343.
2026-05-13 09:34:35,745 - optuna.study.study - INFO - Trial 1 finished with value: 0.036618997384613966 and parameters: {'n_layers': 1, 'embedding_dim': 128, 'lr': 0.037239920882663285, 'lambda_val': 0.03235272444586453, 'batch_size': 1181, 'optimizer': 'RMSprop'}. Best is trial 1 with value: 0.036618997384613966.
2026-05-13 09:35:07,524 - optuna.study.study - INFO - Trial 2 finished with value: 0.03429146581329651 and parameters: {'n_layers': 2, 'embedding_dim': 96, 'lr': 0.0003672919430933193, 'lambda_val': 5.9563325847862775e-06, 'batch_size': 612, 'optimizer': 'Adam'}. Best is trial 1 with value: 0.036618997384613966.
2026-05-13 09:35:40,913 - optuna.study.study - INFO - Trial 3 finished with value: 0.02093828953591245 and parameters: {'n_layers': 3, 'embedding_dim': 64, 'lr': 0.0012076626481877122, 'lambda_val': 0.0016630746725520948, 'batch_size': 688, 'optimizer': 'RMSprop'}. Best is trial 1 with value: 0.036618997384613966.
2026-05-13 09:36:14,764 - optuna.study.study - INFO - Trial 4 finished with value: 0.0015123600281178942 and parameters: {'n_layers': 3, 'embedding_dim': 32, 'lr': 3.517999853729509e-05, 'lambda_val': 0.09681626873132117, 'batch_size': 3053, 'optimizer': 'SGD'}. Best is trial 1 with value: 0.036618997384613966.
2026-05-13 09:36:51,028 - optuna.study.study - INFO - Trial 5 finished with value: 0.027273743100366624 and parameters: {'n_layers': 4, 'embedding_dim': 32, 'lr': 0.0001229323108508982, 'lambda_val': 1.5779208891017652e-05, 'batch_size': 3394, 'optimizer': 'RMSprop'}. Best is trial 1 with value: 0.036618997384613966.
2026-05-13 09:37:29,370 - optuna.study.study - INFO - Trial 6 finished with value: 0.03765285403347368 and parameters: {'n_layers': 3, 'embedding_dim': 128, 'lr': 0.011675683376473246, 'lambda_val': 0.00011337071732051261, 'batch_size': 1333, 'optimizer': 'RMSprop'}. Best is trial 6 with value: 0.03765285403347368.
2026-05-13 09:37:34,853 - optuna.study._optimize - INFO - Trial 7 pruned. 
2026-05-13 09:37:40,558 - optuna.study._optimize - INFO - Trial 8 pruned. 
2026-05-13 09:38:24,565 - optuna.study.study - INFO - Trial 9 finished with value: 0.04539850745257645 and parameters: {'n_layers': 2, 'embedding_dim': 256, 'lr': 0.003249134211982966, 'lambda_val': 0.0010737851054797441, 'batch_size': 3779, 'optimizer': 'RMSprop'}. Best is trial 9 with value: 0.04539850745257645.
2026-05-13 09:38:29,322 - optuna.study._optimize - INFO - Trial 10 pruned. 
2026-05-13 09:39:08,150 - optuna.study.study - INFO - Trial 11 finished with value: 0.03870184982719013 and parameters: {'n_layers': 3, 'embedding_dim': 128, 'lr': 0.01236896433777286, 'lambda_val': 7.852120287418184e-05, 'batch_size': 1892, 'optimizer': 'RMSprop'}. Best is trial 9 with value: 0.04539850745257645.
2026-05-13 09:39:49,823 - optuna.study.study - INFO - Trial 12 finished with value: 0.031262921151196006 and parameters: {'n_layers': 2, 'embedding_dim': 256, 'lr': 0.0009234483405347894, 'lambda_val': 3.424763480237271e-05, 'batch_size': 1908, 'optimizer': 'RMSprop'}. Best is trial 9 with value: 0.04539850745257645.
2026-05-13 09:39:56,156 - optuna.study._optimize - INFO - Trial 13 pruned. 
2026-05-13 09:40:00,280 - optuna.study._optimize - INFO - Trial 14 pruned. 
2026-05-13 09:40:07,957 - optuna.study._optimize - INFO - Trial 15 pruned. 
2026-05-13 09:40:51,051 - optuna.study.study - INFO - Trial 16 finished with value: 0.044151011941520595 and parameters: {'n_layers': 2, 'embedding_dim': 256, 'lr': 0.012745498744383663, 'lambda_val': 0.0009488723383523093, 'batch_size': 3461, 'optimizer': 'RMSprop'}. Best is trial 9 with value: 0.04539850745257645.
2026-05-13 09:40:56,803 - optuna.study._optimize - INFO - Trial 17 pruned. 
2026-05-13 09:41:01,260 - optuna.study._optimize - INFO - Trial 18 pruned. 
2026-05-13 09:41:44,787 - optuna.study.study - INFO - Trial 19 finished with value: 0.036687328551739305 and parameters: {'n_layers': 2, 'embedding_dim': 256, 'lr': 0.000870574920237402, 'lambda_val': 0.00038629355245310096, 'batch_size': 3693, 'optimizer': 'Adam'}. Best is trial 9 with value: 0.04539850745257645.
2026-05-13 09:42:20,191 - optuna.study.study - INFO - Trial 20 finished with value: 0.08342088780344908 and parameters: {'n_layers': 1, 'embedding_dim': 256, 'lr': 0.005784652075243105, 'lambda_val': 0.002547289644317642, 'batch_size': 2994, 'optimizer': 'RMSprop'}. Best is trial 20 with value: 0.08342088780344908.
2026-05-13 09:42:56,317 - optuna.study.study - INFO - Trial 21 finished with value: 0.07906308443146445 and parameters: {'n_layers': 1, 'embedding_dim': 256, 'lr': 0.005761937270149027, 'lambda_val': 0.0034271458858417085, 'batch_size': 3007, 'optimizer': 'RMSprop'}. Best is trial 20 with value: 0.08342088780344908.
2026-05-13 09:43:31,563 - optuna.study.study - INFO - Trial 22 finished with value: 0.07771032589808739 and parameters: {'n_layers': 1, 'embedding_dim': 256, 'lr': 0.005250515283794527, 'lambda_val': 0.004238945502218512, 'batch_size': 2957, 'optimizer': 'RMSprop'}. Best is trial 20 with value: 0.08342088780344908.
2026-05-13 09:44:07,041 - optuna.study.study - INFO - Trial 23 finished with value: 0.06740642039789894 and parameters: {'n_layers': 1, 'embedding_dim': 256, 'lr': 0.0053823439600196275, 'lambda_val': 0.004980470408663484, 'batch_size': 2877, 'optimizer': 'RMSprop'}. Best is trial 20 with value: 0.08342088780344908.
2026-05-13 09:44:14,895 - optuna.study._optimize - INFO - Trial 24 pruned. 
2026-05-13 09:44:49,735 - optuna.study.study - INFO - Trial 25 finished with value: 0.07530923942971483 and parameters: {'n_layers': 1, 'embedding_dim': 256, 'lr': 0.001784433844565745, 'lambda_val': 0.0030065231639573526, 'batch_size': 2623, 'optimizer': 'RMSprop'}. Best is trial 20 with value: 0.08342088780344908.
2026-05-13 09:44:53,506 - optuna.study._optimize - INFO - Trial 26 pruned. 
2026-05-13 09:45:24,339 - optuna.study.study - INFO - Trial 27 finished with value: 0.042773976805474824 and parameters: {'n_layers': 1, 'embedding_dim': 96, 'lr': 0.00046196276824543564, 'lambda_val': 0.0031602261380316177, 'batch_size': 2803, 'optimizer': 'RMSprop'}. Best is trial 20 with value: 0.08342088780344908.
2026-05-13 09:45:28,540 - optuna.study._optimize - INFO - Trial 28 pruned. 
2026-05-13 09:45:58,421 - optuna.study.study - INFO - Trial 29 finished with value: 0.04362591602090649 and parameters: {'n_layers': 1, 'embedding_dim': 64, 'lr': 0.00241780971618594, 'lambda_val': 0.00046674727856835745, 'batch_size': 2633, 'optimizer': 'Adam'}. Best is trial 20 with value: 0.08342088780344908.
2026-05-13 09:46:35,011 - optuna.study.study - INFO - Trial 30 finished with value: 0.08039670927703335 and parameters: {'n_layers': 1, 'embedding_dim': 256, 'lr': 0.0041172943795715075, 'lambda_val': 0.002800568786021216, 'batch_size': 2927, 'optimizer': 'Adam'}. Best is trial 20 with value: 0.08342088780344908.
2026-05-13 09:47:11,805 - optuna.study.study - INFO - Trial 31 finished with value: 0.08009875288995601 and parameters: {'n_layers': 1, 'embedding_dim': 256, 'lr': 0.005056583193481456, 'lambda_val': 0.002598251186357066, 'batch_size': 2886, 'optimizer': 'Adam'}. Best is trial 20 with value: 0.08342088780344908.
2026-05-13 09:47:47,239 - optuna.study.study - INFO - Trial 32 finished with value: 0.06254492993125903 and parameters: {'n_layers': 1, 'embedding_dim': 256, 'lr': 0.001453871295031497, 'lambda_val': 0.00020140804751768605, 'batch_size': 2756, 'optimizer': 'Adam'}. Best is trial 20 with value: 0.08342088780344908.
2026-05-13 09:48:23,434 - optuna.study.study - INFO - Trial 33 finished with value: 0.07475948933604196 and parameters: {'n_layers': 1, 'embedding_dim': 256, 'lr': 0.003482608116412996, 'lambda_val': 0.0007629383529587239, 'batch_size': 3249, 'optimizer': 'Adam'}. Best is trial 20 with value: 0.08342088780344908.
2026-05-13 09:48:27,939 - optuna.study._optimize - INFO - Trial 34 pruned. 
2026-05-13 09:49:04,925 - optuna.study.study - INFO - Trial 35 finished with value: 0.07415267496554227 and parameters: {'n_layers': 1, 'embedding_dim': 256, 'lr': 0.017455539694275865, 'lambda_val': 0.002407869528656418, 'batch_size': 3510, 'optimizer': 'Adam'}. Best is trial 20 with value: 0.08342088780344908.
2026-05-13 09:49:09,551 - optuna.study._optimize - INFO - Trial 36 pruned. 
2026-05-13 09:49:40,086 - optuna.study.study - INFO - Trial 37 finished with value: 0.04184562000555952 and parameters: {'n_layers': 1, 'embedding_dim': 64, 'lr': 0.0005014886469391765, 'lambda_val': 0.0020242891356903026, 'batch_size': 3154, 'optimizer': 'Adam'}. Best is trial 20 with value: 0.08342088780344908.
2026-05-13 09:49:45,584 - optuna.study._optimize - INFO - Trial 38 pruned. 
2026-05-13 09:49:49,767 - optuna.study._optimize - INFO - Trial 39 pruned. 
2026-05-13 09:49:56,603 - optuna.study._optimize - INFO - Trial 40 pruned. 
2026-05-13 09:50:32,117 - optuna.study.study - INFO - Trial 41 finished with value: 0.06967874944277899 and parameters: {'n_layers': 1, 'embedding_dim': 256, 'lr': 0.004585408773066907, 'lambda_val': 0.004718125464218184, 'batch_size': 2975, 'optimizer': 'RMSprop'}. Best is trial 20 with value: 0.08342088780344908.
2026-05-13 09:50:37,459 - optuna.study._optimize - INFO - Trial 42 pruned. 
2026-05-13 09:50:41,829 - optuna.study._optimize - INFO - Trial 43 pruned. 
2026-05-13 09:51:17,950 - optuna.study.study - INFO - Trial 44 finished with value: 0.07496542530096562 and parameters: {'n_layers': 1, 'embedding_dim': 256, 'lr': 0.009875247469162463, 'lambda_val': 0.0035082619439929493, 'batch_size': 2732, 'optimizer': 'Adam'}. Best is trial 20 with value: 0.08342088780344908.
2026-05-13 09:51:22,266 - optuna.study._optimize - INFO - Trial 45 pruned. 
2026-05-13 09:51:26,783 - optuna.study._optimize - INFO - Trial 46 pruned. 
2026-05-13 09:51:57,814 - optuna.study.study - INFO - Trial 47 finished with value: 0.07980935503185471 and parameters: {'n_layers': 1, 'embedding_dim': 128, 'lr': 0.005612664961084607, 'lambda_val': 0.0013437310956974267, 'batch_size': 3272, 'optimizer': 'RMSprop'}. Best is trial 20 with value: 0.08342088780344908.
2026-05-13 09:52:03,196 - optuna.study._optimize - INFO - Trial 48 pruned. 
2026-05-13 09:52:08,458 - optuna.study._optimize - INFO - Trial 49 pruned. 
2026-05-13 09:52:12,988 - optuna.study._optimize - INFO - Trial 50 pruned. 
2026-05-13 09:52:45,959 - optuna.study.study - INFO - Trial 51 finished with value: 0.07286272225348049 and parameters: {'n_layers': 1, 'embedding_dim': 128, 'lr': 0.005550300244195566, 'lambda_val': 0.004304565681346179, 'batch_size': 3131, 'optimizer': 'RMSprop'}. Best is trial 20 with value: 0.08342088780344908.
2026-05-13 09:53:18,653 - optuna.study.study - INFO - Trial 52 finished with value: 0.03931195359741125 and parameters: {'n_layers': 1, 'embedding_dim': 32, 'lr': 0.0016722383316600707, 'lambda_val': 0.0018141370795226664, 'batch_size': 3326, 'optimizer': 'RMSprop'}. Best is trial 20 with value: 0.08342088780344908.
2026-05-13 09:53:23,616 - optuna.study._optimize - INFO - Trial 53 pruned. 
2026-05-13 09:53:57,311 - optuna.study.study - INFO - Trial 54 finished with value: 0.08228527947644068 and parameters: {'n_layers': 1, 'embedding_dim': 128, 'lr': 0.014698458166911453, 'lambda_val': 0.0013841007079143908, 'batch_size': 2897, 'optimizer': 'RMSprop'}. Best is trial 20 with value: 0.08342088780344908.
2026-05-13 09:54:02,945 - optuna.study._optimize - INFO - Trial 55 pruned. 
2026-05-13 09:54:07,899 - optuna.study._optimize - INFO - Trial 56 pruned. 
2026-05-13 09:54:12,621 - optuna.study._optimize - INFO - Trial 57 pruned. 
2026-05-13 09:54:18,319 - optuna.study._optimize - INFO - Trial 58 pruned. 
2026-05-13 09:54:22,139 - optuna.study._optimize - INFO - Trial 59 pruned. 
2026-05-13 09:54:26,932 - optuna.study._optimize - INFO - Trial 60 pruned. 
2026-05-13 09:54:31,415 - optuna.study._optimize - INFO - Trial 61 pruned. 
2026-05-13 09:55:07,154 - optuna.study.study - INFO - Trial 62 finished with value: 0.07755855270580733 and parameters: {'n_layers': 1, 'embedding_dim': 256, 'lr': 0.0026812442774646387, 'lambda_val': 0.001164541034584929, 'batch_size': 2855, 'optimizer': 'RMSprop'}. Best is trial 20 with value: 0.08342088780344908.
2026-05-13 09:55:43,517 - optuna.study.study - INFO - Trial 63 finished with value: 0.06714269440784759 and parameters: {'n_layers': 1, 'embedding_dim': 256, 'lr': 0.00457172003877056, 'lambda_val': 0.005957088307338706, 'batch_size': 3060, 'optimizer': 'RMSprop'}. Best is trial 20 with value: 0.08342088780344908.
2026-05-13 09:56:19,334 - optuna.study.study - INFO - Trial 64 finished with value: 0.07367984216558789 and parameters: {'n_layers': 1, 'embedding_dim': 256, 'lr': 0.007744002222891083, 'lambda_val': 0.003397681680942797, 'batch_size': 3188, 'optimizer': 'RMSprop'}. Best is trial 20 with value: 0.08342088780344908.
2026-05-13 09:56:55,188 - optuna.study.study - INFO - Trial 65 finished with value: 0.08223969460014802 and parameters: {'n_layers': 1, 'embedding_dim': 256, 'lr': 0.0032968834665475645, 'lambda_val': 0.0017351401693545872, 'batch_size': 2788, 'optimizer': 'RMSprop'}. Best is trial 20 with value: 0.08342088780344908.
2026-05-13 09:57:02,992 - optuna.study._optimize - INFO - Trial 66 pruned. 
2026-05-13 09:57:06,746 - optuna.study._optimize - INFO - Trial 67 pruned. 
2026-05-13 09:57:43,247 - optuna.study.study - INFO - Trial 68 finished with value: 0.07100215995819714 and parameters: {'n_layers': 1, 'embedding_dim': 256, 'lr': 0.0014263337291286237, 'lambda_val': 0.0008262082536233735, 'batch_size': 2610, 'optimizer': 'Adam'}. Best is trial 20 with value: 0.08342088780344908.
2026-05-13 09:58:14,741 - optuna.study.study - INFO - Trial 69 finished with value: 0.031138979999861496 and parameters: {'n_layers': 1, 'embedding_dim': 32, 'lr': 0.0006910854892929504, 'lambda_val': 0.0024532053982138993, 'batch_size': 2402, 'optimizer': 'RMSprop'}. Best is trial 20 with value: 0.08342088780344908.
2026-05-13 09:58:19,539 - optuna.study._optimize - INFO - Trial 70 pruned. 
2026-05-13 09:58:55,055 - optuna.study.study - INFO - Trial 71 finished with value: 0.07200219832568043 and parameters: {'n_layers': 1, 'embedding_dim': 256, 'lr': 0.00547112282703038, 'lambda_val': 0.004208612411526632, 'batch_size': 2918, 'optimizer': 'RMSprop'}. Best is trial 20 with value: 0.08342088780344908.
2026-05-13 09:58:59,579 - optuna.study._optimize - INFO - Trial 72 pruned. 
2026-05-13 09:59:35,056 - optuna.study.study - INFO - Trial 73 finished with value: 0.0786633528949317 and parameters: {'n_layers': 1, 'embedding_dim': 256, 'lr': 0.0033525514330835747, 'lambda_val': 0.0015952553507976239, 'batch_size': 2833, 'optimizer': 'RMSprop'}. Best is trial 20 with value: 0.08342088780344908.
2026-05-13 10:00:10,022 - optuna.study.study - INFO - Trial 74 finished with value: 0.07715006743349086 and parameters: {'n_layers': 1, 'embedding_dim': 256, 'lr': 0.0017753657099140053, 'lambda_val': 0.0017330986199952732, 'batch_size': 2838, 'optimizer': 'RMSprop'}. Best is trial 20 with value: 0.08342088780344908.
2026-05-13 10:00:46,205 - optuna.study.study - INFO - Trial 75 finished with value: 0.07468322937717722 and parameters: {'n_layers': 1, 'embedding_dim': 256, 'lr': 0.0030720087769655806, 'lambda_val': 0.0026775749175800426, 'batch_size': 3213, 'optimizer': 'Adam'}. Best is trial 20 with value: 0.08342088780344908.
2026-05-13 10:00:51,274 - optuna.study._optimize - INFO - Trial 76 pruned. 
2026-05-13 10:01:26,439 - optuna.study.study - INFO - Trial 77 finished with value: 0.07945253640431646 and parameters: {'n_layers': 1, 'embedding_dim': 256, 'lr': 0.003985276119832008, 'lambda_val': 0.0008634607509036306, 'batch_size': 2235, 'optimizer': 'RMSprop'}. Best is trial 20 with value: 0.08342088780344908.
2026-05-13 10:01:31,089 - optuna.study._optimize - INFO - Trial 78 pruned. 
2026-05-13 10:01:35,148 - optuna.study._optimize - INFO - Trial 79 pruned. 
2026-05-13 10:01:42,285 - optuna.study._optimize - INFO - Trial 80 pruned. 
2026-05-13 10:02:17,076 - optuna.study.study - INFO - Trial 81 finished with value: 0.08225309986520588 and parameters: {'n_layers': 1, 'embedding_dim': 256, 'lr': 0.0032172277478127497, 'lambda_val': 0.0011110845145489699, 'batch_size': 2551, 'optimizer': 'RMSprop'}. Best is trial 20 with value: 0.08342088780344908.
2026-05-13 10:02:40,457 - optuna.study._optimize - INFO - Trial 82 pruned. 
2026-05-13 10:03:15,977 - optuna.study.study - INFO - Trial 83 finished with value: 0.08517052528092794 and parameters: {'n_layers': 1, 'embedding_dim': 256, 'lr': 0.004087974369384647, 'lambda_val': 0.0011329603770054515, 'batch_size': 2701, 'optimizer': 'RMSprop'}. Best is trial 83 with value: 0.08517052528092794.
2026-05-13 10:03:21,217 - optuna.study._optimize - INFO - Trial 84 pruned. 
2026-05-13 10:03:29,666 - optuna.study._optimize - INFO - Trial 85 pruned. 
2026-05-13 10:03:58,957 - optuna.study.study - INFO - Trial 86 finished with value: 0.05093148486465142 and parameters: {'n_layers': 1, 'embedding_dim': 128, 'lr': 0.0011519596854660354, 'lambda_val': 0.00028317204300485396, 'batch_size': 1762, 'optimizer': 'Adam'}. Best is trial 83 with value: 0.08517052528092794.
2026-05-13 10:04:33,737 - optuna.study.study - INFO - Trial 87 finished with value: 0.07992252401036008 and parameters: {'n_layers': 1, 'embedding_dim': 256, 'lr': 0.002929900935741367, 'lambda_val': 0.0011623879196159296, 'batch_size': 2685, 'optimizer': 'RMSprop'}. Best is trial 83 with value: 0.08517052528092794.
2026-05-13 10:04:45,926 - optuna.study._optimize - INFO - Trial 88 pruned. 
2026-05-13 10:05:23,216 - optuna.study.study - INFO - Trial 89 finished with value: 0.06520021900495007 and parameters: {'n_layers': 1, 'embedding_dim': 256, 'lr': 0.0015302352154516119, 'lambda_val': 0.0011899411895183458, 'batch_size': 2765, 'optimizer': 'Adam'}. Best is trial 83 with value: 0.08517052528092794.
2026-05-13 10:05:27,559 - optuna.study._optimize - INFO - Trial 90 pruned. 
2026-05-13 10:06:02,626 - optuna.study.study - INFO - Trial 91 finished with value: 0.08302002267873032 and parameters: {'n_layers': 1, 'embedding_dim': 256, 'lr': 0.0041885312486213, 'lambda_val': 0.000762266895582135, 'batch_size': 2548, 'optimizer': 'RMSprop'}. Best is trial 83 with value: 0.08517052528092794.
2026-05-13 10:06:37,706 - optuna.study.study - INFO - Trial 92 finished with value: 0.08420440863518382 and parameters: {'n_layers': 1, 'embedding_dim': 256, 'lr': 0.002767216448551694, 'lambda_val': 0.0012297739650053718, 'batch_size': 2558, 'optimizer': 'RMSprop'}. Best is trial 83 with value: 0.08517052528092794.
2026-05-13 10:07:15,143 - optuna.study.study - INFO - Trial 93 finished with value: 0.08158630886085841 and parameters: {'n_layers': 1, 'embedding_dim': 256, 'lr': 0.002676138706567392, 'lambda_val': 0.0021135173560238515, 'batch_size': 2400, 'optimizer': 'RMSprop'}. Best is trial 83 with value: 0.08517052528092794.
2026-05-13 10:07:20,312 - optuna.study._optimize - INFO - Trial 94 pruned. 
2026-05-13 10:07:56,776 - optuna.study.study - INFO - Trial 95 finished with value: 0.07038927149200826 and parameters: {'n_layers': 1, 'embedding_dim': 256, 'lr': 0.004621209833487877, 'lambda_val': 0.0037237078393255493, 'batch_size': 2583, 'optimizer': 'RMSprop'}. Best is trial 83 with value: 0.08517052528092794.
2026-05-13 10:08:35,195 - optuna.study.study - INFO - Trial 96 finished with value: 0.06930259661227557 and parameters: {'n_layers': 1, 'embedding_dim': 256, 'lr': 0.0013362022371891942, 'lambda_val': 0.0006341984372439253, 'batch_size': 2484, 'optimizer': 'RMSprop'}. Best is trial 83 with value: 0.08517052528092794.
2026-05-13 10:09:10,117 - optuna.study.study - INFO - Trial 97 finished with value: 0.07973838518151742 and parameters: {'n_layers': 1, 'embedding_dim': 256, 'lr': 0.006993110081987923, 'lambda_val': 0.0030032543347166384, 'batch_size': 2433, 'optimizer': 'RMSprop'}. Best is trial 83 with value: 0.08517052528092794.
2026-05-13 10:09:45,645 - optuna.study.study - INFO - Trial 98 finished with value: 0.07691488661727101 and parameters: {'n_layers': 1, 'embedding_dim': 256, 'lr': 0.003855466591063465, 'lambda_val': 0.0021724437831458906, 'batch_size': 2799, 'optimizer': 'Adam'}. Best is trial 83 with value: 0.08517052528092794.
2026-05-13 10:09:49,389 - optuna.study._optimize - INFO - Trial 99 pruned. 
2026-05-13 10:09:53,338 - optuna.study._optimize - INFO - Trial 100 pruned. 
2026-05-13 10:10:28,296 - optuna.study.study - INFO - Trial 101 finished with value: 0.07652620883389363 and parameters: {'n_layers': 1, 'embedding_dim': 256, 'lr': 0.0026036233541360657, 'lambda_val': 0.0011190666227282363, 'batch_size': 2678, 'optimizer': 'RMSprop'}. Best is trial 83 with value: 0.08517052528092794.
2026-05-13 10:11:09,514 - optuna.study.study - INFO - Trial 102 finished with value: 0.08179323095854951 and parameters: {'n_layers': 1, 'embedding_dim': 256, 'lr': 0.0029120687055104364, 'lambda_val': 0.001574599286842002, 'batch_size': 2719, 'optimizer': 'RMSprop'}. Best is trial 83 with value: 0.08517052528092794.
2026-05-13 10:11:50,979 - optuna.study.study - INFO - Trial 103 finished with value: 0.07793885454173244 and parameters: {'n_layers': 1, 'embedding_dim': 256, 'lr': 0.0019528093436984792, 'lambda_val': 0.001625884746103899, 'batch_size': 2756, 'optimizer': 'RMSprop'}. Best is trial 83 with value: 0.08517052528092794.
2026-05-13 10:12:27,186 - optuna.study.study - INFO - Trial 104 finished with value: 0.08396352925372369 and parameters: {'n_layers': 1, 'embedding_dim': 256, 'lr': 0.005188655320841654, 'lambda_val': 0.0025790746210039807, 'batch_size': 2878, 'optimizer': 'RMSprop'}. Best is trial 83 with value: 0.08517052528092794.
2026-05-13 10:12:32,827 - optuna.study._optimize - INFO - Trial 105 pruned. 
2026-05-13 10:13:14,618 - optuna.study.study - INFO - Trial 106 finished with value: 0.07787188933524654 and parameters: {'n_layers': 1, 'embedding_dim': 256, 'lr': 0.0035569397345600056, 'lambda_val': 0.0030141878975911314, 'batch_size': 2400, 'optimizer': 'RMSprop'}. Best is trial 83 with value: 0.08517052528092794.
2026-05-13 10:14:01,848 - optuna.study.study - INFO - Trial 107 finished with value: 0.08597763165685648 and parameters: {'n_layers': 1, 'embedding_dim': 256, 'lr': 0.008124159592896502, 'lambda_val': 0.0018607404066040523, 'batch_size': 3128, 'optimizer': 'RMSprop'}. Best is trial 107 with value: 0.08597763165685648.
2026-05-13 10:14:38,486 - optuna.study.study - INFO - Trial 108 finished with value: 0.08500827074528129 and parameters: {'n_layers': 1, 'embedding_dim': 256, 'lr': 0.008095358373754667, 'lambda_val': 0.0017884176294270776, 'batch_size': 3111, 'optimizer': 'RMSprop'}. Best is trial 107 with value: 0.08597763165685648.
2026-05-13 10:15:18,577 - optuna.study.study - INFO - Trial 109 finished with value: 0.07577623684067068 and parameters: {'n_layers': 1, 'embedding_dim': 256, 'lr': 0.00830920304421182, 'lambda_val': 0.0005096158212311799, 'batch_size': 3121, 'optimizer': 'RMSprop'}. Best is trial 107 with value: 0.08597763165685648.
2026-05-13 10:15:56,433 - optuna.study.study - INFO - Trial 110 finished with value: 0.08505355876362335 and parameters: {'n_layers': 1, 'embedding_dim': 256, 'lr': 0.01010941025683411, 'lambda_val': 0.0014055398308379194, 'batch_size': 2836, 'optimizer': 'RMSprop'}. Best is trial 107 with value: 0.08597763165685648.
2026-05-13 10:16:31,868 - optuna.study.study - INFO - Trial 111 finished with value: 0.08453303359534341 and parameters: {'n_layers': 1, 'embedding_dim': 256, 'lr': 0.010599417450911438, 'lambda_val': 0.0012645272069313025, 'batch_size': 3371, 'optimizer': 'RMSprop'}. Best is trial 107 with value: 0.08597763165685648.
2026-05-13 10:17:10,704 - optuna.study.study - INFO - Trial 112 finished with value: 0.08779861477383034 and parameters: {'n_layers': 1, 'embedding_dim': 256, 'lr': 0.010621140076969226, 'lambda_val': 0.0009871758100188695, 'batch_size': 2981, 'optimizer': 'RMSprop'}. Best is trial 112 with value: 0.08779861477383034.
2026-05-13 10:17:15,618 - optuna.study._optimize - INFO - Trial 113 pruned. 
2026-05-13 10:17:24,411 - optuna.study._optimize - INFO - Trial 114 pruned. 
2026-05-13 10:17:28,435 - optuna.study._optimize - INFO - Trial 115 pruned. 
2026-05-13 10:17:33,086 - optuna.study._optimize - INFO - Trial 116 pruned. 
2026-05-13 10:17:37,911 - optuna.study._optimize - INFO - Trial 117 pruned. 
2026-05-13 10:17:43,490 - optuna.study._optimize - INFO - Trial 118 pruned. 
2026-05-13 10:17:51,400 - optuna.study._optimize - INFO - Trial 119 pruned. 
2026-05-13 10:18:01,620 - optuna.study._optimize - INFO - Trial 120 pruned. 
2026-05-13 10:18:39,911 - optuna.study.study - INFO - Trial 121 finished with value: 0.08575935053049587 and parameters: {'n_layers': 1, 'embedding_dim': 256, 'lr': 0.008268707706182746, 'lambda_val': 0.0008327982802798319, 'batch_size': 2826, 'optimizer': 'RMSprop'}. Best is trial 112 with value: 0.08779861477383034.
2026-05-13 10:19:15,117 - optuna.study.study - INFO - Trial 122 finished with value: 0.08718515506588699 and parameters: {'n_layers': 1, 'embedding_dim': 256, 'lr': 0.008823506631609997, 'lambda_val': 0.0008424568613007225, 'batch_size': 3073, 'optimizer': 'RMSprop'}. Best is trial 112 with value: 0.08779861477383034.
2026-05-13 10:19:51,107 - optuna.study.study - INFO - Trial 123 finished with value: 0.08231069225612221 and parameters: {'n_layers': 1, 'embedding_dim': 256, 'lr': 0.008361707477379183, 'lambda_val': 0.0005874675696207583, 'batch_size': 3075, 'optimizer': 'RMSprop'}. Best is trial 112 with value: 0.08779861477383034.
2026-05-13 10:20:21,787 - optuna.study._optimize - INFO - Trial 124 pruned. 
2026-05-13 10:20:56,699 - optuna.study.study - INFO - Trial 125 finished with value: 0.08036820879357824 and parameters: {'n_layers': 1, 'embedding_dim': 256, 'lr': 0.010386918731168553, 'lambda_val': 0.0006274013383255526, 'batch_size': 3032, 'optimizer': 'RMSprop'}. Best is trial 112 with value: 0.08779861477383034.
2026-05-13 10:21:01,834 - optuna.study._optimize - INFO - Trial 126 pruned. 
2026-05-13 10:21:39,903 - optuna.study.study - INFO - Trial 127 finished with value: 0.08275627848027775 and parameters: {'n_layers': 1, 'embedding_dim': 256, 'lr': 0.007971726146755289, 'lambda_val': 0.0005360189231342599, 'batch_size': 2958, 'optimizer': 'RMSprop'}. Best is trial 112 with value: 0.08779861477383034.
2026-05-13 10:22:15,680 - optuna.study.study - INFO - Trial 128 finished with value: 0.07264370513534037 and parameters: {'n_layers': 1, 'embedding_dim': 256, 'lr': 0.005134933218769207, 'lambda_val': 0.00041515889144817987, 'batch_size': 2969, 'optimizer': 'RMSprop'}. Best is trial 112 with value: 0.08779861477383034.
2026-05-13 10:22:53,536 - optuna.study.study - INFO - Trial 129 finished with value: 0.08436543383256506 and parameters: {'n_layers': 1, 'embedding_dim': 256, 'lr': 0.010517969524264006, 'lambda_val': 0.0018570355336472192, 'batch_size': 2842, 'optimizer': 'RMSprop'}. Best is trial 112 with value: 0.08779861477383034.
2026-05-13 10:22:58,233 - optuna.study._optimize - INFO - Trial 130 pruned. 
2026-05-13 10:23:33,932 - optuna.study.study - INFO - Trial 131 finished with value: 0.08211277023503033 and parameters: {'n_layers': 1, 'embedding_dim': 256, 'lr': 0.009061454210728419, 'lambda_val': 0.001850926767374587, 'batch_size': 3165, 'optimizer': 'RMSprop'}. Best is trial 112 with value: 0.08779861477383034.
2026-05-13 10:23:38,445 - optuna.study._optimize - INFO - Trial 132 pruned. 
2026-05-13 10:24:20,446 - optuna.study.study - INFO - Trial 133 finished with value: 0.08697075190347114 and parameters: {'n_layers': 1, 'embedding_dim': 256, 'lr': 0.00731175025380995, 'lambda_val': 0.0007582895789880208, 'batch_size': 2817, 'optimizer': 'RMSprop'}. Best is trial 112 with value: 0.08779861477383034.
2026-05-13 10:24:56,243 - optuna.study.study - INFO - Trial 134 finished with value: 0.08169145683219814 and parameters: {'n_layers': 1, 'embedding_dim': 256, 'lr': 0.006540426301385776, 'lambda_val': 0.001791675618903394, 'batch_size': 2783, 'optimizer': 'RMSprop'}. Best is trial 112 with value: 0.08779861477383034.
2026-05-13 10:25:00,369 - optuna.study._optimize - INFO - Trial 135 pruned. 
2026-05-13 10:25:05,559 - optuna.study._optimize - INFO - Trial 136 pruned. 
2026-05-13 10:25:09,888 - optuna.study._optimize - INFO - Trial 137 pruned. 
2026-05-13 10:25:14,509 - optuna.study._optimize - INFO - Trial 138 pruned. 
2026-05-13 10:25:23,686 - optuna.study._optimize - INFO - Trial 139 pruned. 
2026-05-13 10:25:28,190 - optuna.study._optimize - INFO - Trial 140 pruned. 
2026-05-13 10:25:33,990 - optuna.study._optimize - INFO - Trial 141 pruned. 
2026-05-13 10:26:15,078 - optuna.study.study - INFO - Trial 142 finished with value: 0.0834349657380272 and parameters: {'n_layers': 1, 'embedding_dim': 256, 'lr': 0.0057512757462623, 'lambda_val': 0.0010403854632481133, 'batch_size': 3003, 'optimizer': 'RMSprop'}. Best is trial 112 with value: 0.08779861477383034.
2026-05-13 10:26:19,568 - optuna.study._optimize - INFO - Trial 143 pruned. 
2026-05-13 10:26:57,466 - optuna.study.study - INFO - Trial 144 finished with value: 0.08481248939816619 and parameters: {'n_layers': 1, 'embedding_dim': 256, 'lr': 0.004855515248447586, 'lambda_val': 0.001373811901531862, 'batch_size': 3119, 'optimizer': 'RMSprop'}. Best is trial 112 with value: 0.08779861477383034.
2026-05-13 10:27:32,461 - optuna.study.study - INFO - Trial 145 finished with value: 0.08269462997424167 and parameters: {'n_layers': 1, 'embedding_dim': 256, 'lr': 0.00484630940587014, 'lambda_val': 0.001412673183106153, 'batch_size': 3126, 'optimizer': 'RMSprop'}. Best is trial 112 with value: 0.08779861477383034.
2026-05-13 10:27:38,317 - optuna.study._optimize - INFO - Trial 146 pruned. 
2026-05-13 10:27:42,588 - optuna.study._optimize - INFO - Trial 147 pruned. 
2026-05-13 10:28:20,986 - optuna.study.study - INFO - Trial 148 finished with value: 0.07883356331540403 and parameters: {'n_layers': 1, 'embedding_dim': 256, 'lr': 0.006840257061056586, 'lambda_val': 0.0016411792276405147, 'batch_size': 3544, 'optimizer': 'RMSprop'}. Best is trial 112 with value: 0.08779861477383034.
2026-05-13 10:28:26,354 - optuna.study._optimize - INFO - Trial 149 pruned. 
2026-05-13 10:28:30,110 - optuna.study._optimize - INFO - Trial 150 pruned. 
2026-05-13 10:28:33,680 - optuna.study._optimize - INFO - Trial 151 pruned. 
2026-05-13 10:29:07,982 - optuna.study.study - INFO - Trial 152 finished with value: 0.08205705281252555 and parameters: {'n_layers': 1, 'embedding_dim': 256, 'lr': 0.0052265987033086984, 'lambda_val': 0.0007192829832710914, 'batch_size': 2889, 'optimizer': 'RMSprop'}. Best is trial 112 with value: 0.08779861477383034.
2026-05-13 10:29:40,667 - optuna.study.study - INFO - Trial 153 finished with value: 0.08284876223338486 and parameters: {'n_layers': 1, 'embedding_dim': 256, 'lr': 0.007661028167456081, 'lambda_val': 0.0013977460697643697, 'batch_size': 2770, 'optimizer': 'RMSprop'}. Best is trial 112 with value: 0.08779861477383034.
2026-05-13 10:29:44,990 - optuna.study._optimize - INFO - Trial 154 pruned. 
2026-05-13 10:30:20,170 - optuna.study.study - INFO - Trial 155 finished with value: 0.08412073019291952 and parameters: {'n_layers': 1, 'embedding_dim': 256, 'lr': 0.0042090835612618085, 'lambda_val': 0.0009482254785669103, 'batch_size': 2643, 'optimizer': 'RMSprop'}. Best is trial 112 with value: 0.08779861477383034.
2026-05-13 10:30:24,706 - optuna.study._optimize - INFO - Trial 156 pruned. 
2026-05-13 10:30:29,088 - optuna.study._optimize - INFO - Trial 157 pruned. 
2026-05-13 10:31:04,340 - optuna.study.study - INFO - Trial 158 finished with value: 0.08738443517625384 and parameters: {'n_layers': 1, 'embedding_dim': 256, 'lr': 0.005733092994273405, 'lambda_val': 0.0016579778200707914, 'batch_size': 3104, 'optimizer': 'RMSprop'}. Best is trial 112 with value: 0.08779861477383034.
2026-05-13 10:31:43,181 - optuna.study.study - INFO - Trial 159 finished with value: 0.08218366764704008 and parameters: {'n_layers': 1, 'embedding_dim': 256, 'lr': 0.006119266277761933, 'lambda_val': 0.0016588989888918998, 'batch_size': 3407, 'optimizer': 'RMSprop'}. Best is trial 112 with value: 0.08779861477383034.
2026-05-13 10:31:46,561 - optuna.study._optimize - INFO - Trial 160 pruned. 
2026-05-13 10:32:21,809 - optuna.study.study - INFO - Trial 161 finished with value: 0.08061513398187858 and parameters: {'n_layers': 1, 'embedding_dim': 256, 'lr': 0.004441897750283973, 'lambda_val': 0.0020800388119240803, 'batch_size': 3052, 'optimizer': 'RMSprop'}. Best is trial 112 with value: 0.08779861477383034.
2026-05-13 10:33:05,786 - optuna.study.study - INFO - Trial 162 finished with value: 0.08763427736474162 and parameters: {'n_layers': 1, 'embedding_dim': 256, 'lr': 0.007528816029282473, 'lambda_val': 0.0013245510739980058, 'batch_size': 2911, 'optimizer': 'RMSprop'}. Best is trial 112 with value: 0.08779861477383034.
2026-05-13 10:33:19,041 - optuna.study._optimize - INFO - Trial 163 pruned. 
2026-05-13 10:34:03,437 - optuna.study.study - INFO - Trial 164 finished with value: 0.07762732809690483 and parameters: {'n_layers': 1, 'embedding_dim': 256, 'lr': 0.010202842179022373, 'lambda_val': 0.0006809585895676831, 'batch_size': 2730, 'optimizer': 'RMSprop'}. Best is trial 112 with value: 0.08779861477383034.
2026-05-13 10:34:43,420 - optuna.study.study - INFO - Trial 165 finished with value: 0.0846013303090566 and parameters: {'n_layers': 1, 'embedding_dim': 256, 'lr': 0.005277110668770144, 'lambda_val': 0.0010931016546096002, 'batch_size': 3110, 'optimizer': 'RMSprop'}. Best is trial 112 with value: 0.08779861477383034.
2026-05-13 10:35:22,612 - optuna.study.study - INFO - Trial 166 finished with value: 0.08318882019248136 and parameters: {'n_layers': 1, 'embedding_dim': 256, 'lr': 0.007599860208687478, 'lambda_val': 0.0016012740509782032, 'batch_size': 3128, 'optimizer': 'RMSprop'}. Best is trial 112 with value: 0.08779861477383034.
2026-05-13 10:35:59,544 - optuna.study.study - INFO - Trial 167 finished with value: 0.0831549154795618 and parameters: {'n_layers': 1, 'embedding_dim': 256, 'lr': 0.004806581220634991, 'lambda_val': 0.0020747927151937924, 'batch_size': 3204, 'optimizer': 'RMSprop'}. Best is trial 112 with value: 0.08779861477383034.
2026-05-13 10:36:43,753 - optuna.study.study - INFO - Trial 168 finished with value: 0.08156068220402043 and parameters: {'n_layers': 1, 'embedding_dim': 256, 'lr': 0.009073612680326854, 'lambda_val': 0.0011601324876420842, 'batch_size': 2871, 'optimizer': 'RMSprop'}. Best is trial 112 with value: 0.08779861477383034.
2026-05-13 10:37:21,884 - optuna.study.study - INFO - Trial 169 finished with value: 0.08444439355141085 and parameters: {'n_layers': 1, 'embedding_dim': 256, 'lr': 0.00401412703717656, 'lambda_val': 0.0008100920163167766, 'batch_size': 3076, 'optimizer': 'RMSprop'}. Best is trial 112 with value: 0.08779861477383034.
2026-05-13 10:37:26,312 - optuna.study._optimize - INFO - Trial 170 pruned. 
2026-05-13 10:38:13,787 - optuna.study.study - INFO - Trial 171 finished with value: 0.08104585693159085 and parameters: {'n_layers': 1, 'embedding_dim': 256, 'lr': 0.003929218402425534, 'lambda_val': 0.0008646688828250745, 'batch_size': 3298, 'optimizer': 'RMSprop'}. Best is trial 112 with value: 0.08779861477383034.
2026-05-13 10:38:57,697 - optuna.study.study - INFO - Trial 172 finished with value: 0.08629441251679514 and parameters: {'n_layers': 1, 'embedding_dim': 256, 'lr': 0.0035594248948870263, 'lambda_val': 0.001440048618326122, 'batch_size': 2939, 'optimizer': 'RMSprop'}. Best is trial 112 with value: 0.08779861477383034.
2026-05-13 10:39:34,664 - optuna.study.study - INFO - Trial 173 finished with value: 0.08106226245546304 and parameters: {'n_layers': 1, 'embedding_dim': 256, 'lr': 0.003393624136039145, 'lambda_val': 0.0014461144838333008, 'batch_size': 3149, 'optimizer': 'RMSprop'}. Best is trial 112 with value: 0.08779861477383034.
2026-05-13 10:40:15,058 - optuna.study.study - INFO - Trial 174 finished with value: 0.08036541797812895 and parameters: {'n_layers': 1, 'embedding_dim': 256, 'lr': 0.006825145397424581, 'lambda_val': 0.0006513958988805712, 'batch_size': 2967, 'optimizer': 'RMSprop'}. Best is trial 112 with value: 0.08779861477383034.
2026-05-13 10:40:51,757 - optuna.study.study - INFO - Trial 175 finished with value: 0.08455784058878024 and parameters: {'n_layers': 1, 'embedding_dim': 256, 'lr': 0.0037980117321088423, 'lambda_val': 0.001140200152588785, 'batch_size': 2807, 'optimizer': 'RMSprop'}. Best is trial 112 with value: 0.08779861477383034.
2026-05-13 10:41:29,033 - optuna.study.study - INFO - Trial 176 finished with value: 0.07877370127760705 and parameters: {'n_layers': 1, 'embedding_dim': 256, 'lr': 0.01216206741542336, 'lambda_val': 0.0011828928897516825, 'batch_size': 3098, 'optimizer': 'RMSprop'}. Best is trial 112 with value: 0.08779861477383034.
2026-05-13 10:41:33,984 - optuna.study._optimize - INFO - Trial 177 pruned. 
2026-05-13 10:42:08,660 - optuna.study.study - INFO - Trial 178 finished with value: 0.0824912420891126 and parameters: {'n_layers': 1, 'embedding_dim': 256, 'lr': 0.0034592965631317124, 'lambda_val': 0.0013607154384506356, 'batch_size': 3237, 'optimizer': 'RMSprop'}. Best is trial 112 with value: 0.08779861477383034.
2026-05-13 10:42:14,339 - optuna.study._optimize - INFO - Trial 179 pruned. 
2026-05-13 10:43:02,514 - optuna.study.study - INFO - Trial 180 finished with value: 0.06688044428260474 and parameters: {'n_layers': 1, 'embedding_dim': 256, 'lr': 0.00016945661897783493, 'lambda_val': 0.0005854759407599846, 'batch_size': 3022, 'optimizer': 'RMSprop'}. Best is trial 112 with value: 0.08779861477383034.
2026-05-13 10:43:37,027 - optuna.study.study - INFO - Trial 181 finished with value: 0.08236311084726283 and parameters: {'n_layers': 1, 'embedding_dim': 256, 'lr': 0.004184621928036539, 'lambda_val': 0.00101207674350585, 'batch_size': 2756, 'optimizer': 'RMSprop'}. Best is trial 112 with value: 0.08779861477383034.
2026-05-13 10:43:48,102 - optuna.study._optimize - INFO - Trial 182 pruned. 
2026-05-13 10:44:22,833 - optuna.study.study - INFO - Trial 183 finished with value: 0.08689265924501186 and parameters: {'n_layers': 1, 'embedding_dim': 256, 'lr': 0.004502050994283441, 'lambda_val': 0.001542328627121525, 'batch_size': 2819, 'optimizer': 'RMSprop'}. Best is trial 112 with value: 0.08779861477383034.
2026-05-13 10:44:57,526 - optuna.study.study - INFO - Trial 184 finished with value: 0.08199236033417752 and parameters: {'n_layers': 1, 'embedding_dim': 256, 'lr': 0.004754991394740353, 'lambda_val': 0.0016371517883258563, 'batch_size': 2892, 'optimizer': 'RMSprop'}. Best is trial 112 with value: 0.08779861477383034.
2026-05-13 10:45:02,045 - optuna.study._optimize - INFO - Trial 185 pruned. 
2026-05-13 10:45:37,388 - optuna.study.study - INFO - Trial 186 finished with value: 0.08559830805318168 and parameters: {'n_layers': 1, 'embedding_dim': 256, 'lr': 0.005371794003616557, 'lambda_val': 0.0012684999644257912, 'batch_size': 3025, 'optimizer': 'RMSprop'}. Best is trial 112 with value: 0.08779861477383034.
2026-05-13 10:46:11,989 - optuna.study.study - INFO - Trial 187 finished with value: 0.08626629585876966 and parameters: {'n_layers': 1, 'embedding_dim': 256, 'lr': 0.005749009574444447, 'lambda_val': 0.001358075435167261, 'batch_size': 3029, 'optimizer': 'RMSprop'}. Best is trial 112 with value: 0.08779861477383034.
2026-05-13 10:46:16,445 - optuna.study._optimize - INFO - Trial 188 pruned. 
2026-05-13 10:46:51,127 - optuna.study.study - INFO - Trial 189 finished with value: 0.08838748373551984 and parameters: {'n_layers': 1, 'embedding_dim': 256, 'lr': 0.006461810213575793, 'lambda_val': 0.0011024958321344544, 'batch_size': 3191, 'optimizer': 'RMSprop'}. Best is trial 189 with value: 0.08838748373551984.
2026-05-13 10:47:34,618 - optuna.study.study - INFO - Trial 190 finished with value: 0.08924665673620237 and parameters: {'n_layers': 1, 'embedding_dim': 256, 'lr': 0.006440431081815033, 'lambda_val': 0.0011263024570354583, 'batch_size': 3326, 'optimizer': 'RMSprop'}. Best is trial 190 with value: 0.08924665673620237.
2026-05-13 10:48:10,701 - optuna.study.study - INFO - Trial 191 finished with value: 0.08714568220214138 and parameters: {'n_layers': 1, 'embedding_dim': 256, 'lr': 0.0065202452913280555, 'lambda_val': 0.001165706759589578, 'batch_size': 3353, 'optimizer': 'RMSprop'}. Best is trial 190 with value: 0.08924665673620237.
2026-05-13 10:48:46,525 - optuna.study.study - INFO - Trial 192 finished with value: 0.08454276960754258 and parameters: {'n_layers': 1, 'embedding_dim': 256, 'lr': 0.005843546039911861, 'lambda_val': 0.0011152187770916806, 'batch_size': 3217, 'optimizer': 'RMSprop'}. Best is trial 190 with value: 0.08924665673620237.
2026-05-13 10:49:21,561 - optuna.study.study - INFO - Trial 193 finished with value: 0.08508602841751237 and parameters: {'n_layers': 1, 'embedding_dim': 256, 'lr': 0.006641831059638845, 'lambda_val': 0.0015254225440480512, 'batch_size': 3003, 'optimizer': 'RMSprop'}. Best is trial 190 with value: 0.08924665673620237.
2026-05-13 10:49:56,846 - optuna.study.study - INFO - Trial 194 finished with value: 0.0784873804937609 and parameters: {'n_layers': 1, 'embedding_dim': 256, 'lr': 0.006735105730794024, 'lambda_val': 0.002336237446893408, 'batch_size': 3328, 'optimizer': 'RMSprop'}. Best is trial 190 with value: 0.08924665673620237.
2026-05-13 10:50:32,807 - optuna.study.study - INFO - Trial 195 finished with value: 0.08474765479548224 and parameters: {'n_layers': 1, 'embedding_dim': 256, 'lr': 0.007562287042192234, 'lambda_val': 0.0015003758826680521, 'batch_size': 3462, 'optimizer': 'RMSprop'}. Best is trial 190 with value: 0.08924665673620237.
2026-05-13 10:50:37,142 - optuna.study._optimize - INFO - Trial 196 pruned. 
2026-05-13 10:51:12,475 - optuna.study.study - INFO - Trial 197 finished with value: 0.08597873308787746 and parameters: {'n_layers': 1, 'embedding_dim': 256, 'lr': 0.0067600509181813895, 'lambda_val': 0.0015388549629371646, 'batch_size': 3192, 'optimizer': 'RMSprop'}. Best is trial 190 with value: 0.08924665673620237.
2026-05-13 10:51:19,672 - optuna.study._optimize - INFO - Trial 198 pruned. 
2026-05-13 10:51:33,837 - optuna.study._optimize - INFO - Trial 199 pruned. 
2026-05-13 10:52:02,365 - root - INFO -   **** Training e_100K_1c1dcs_rand5
2026-05-13 10:52:02,377 - root - INFO -   **** Getting 53072/65410 random edges
2026-05-13 10:52:02,677 - optuna.storages._rdb.storage - INFO - A new study created in RDB with name: Study_e_100K_1c1dcs_rand5
2026-05-13 10:52:35,084 - optuna.study.study - INFO - Trial 0 finished with value: 0.0031313770056481363 and parameters: {'n_layers': 3, 'embedding_dim': 32, 'lr': 6.779935254651061e-05, 'lambda_val': 0.09016409591516579, 'batch_size': 1646, 'optimizer': 'SGD'}. Best is trial 0 with value: 0.0031313770056481363.
2026-05-13 10:53:22,087 - optuna.study.study - INFO - Trial 1 finished with value: 0.003635857476169406 and parameters: {'n_layers': 4, 'embedding_dim': 32, 'lr': 0.08268124510850808, 'lambda_val': 3.1046774926477098e-06, 'batch_size': 755, 'optimizer': 'SGD'}. Best is trial 1 with value: 0.003635857476169406.
2026-05-13 10:53:57,663 - optuna.study.study - INFO - Trial 2 finished with value: 0.03325105489575319 and parameters: {'n_layers': 2, 'embedding_dim': 128, 'lr': 0.006260040002427551, 'lambda_val': 1.6413207485553038e-05, 'batch_size': 3999, 'optimizer': 'Adam'}. Best is trial 2 with value: 0.03325105489575319.
2026-05-13 10:54:28,485 - optuna.study.study - INFO - Trial 3 finished with value: 0.02473837024470947 and parameters: {'n_layers': 1, 'embedding_dim': 96, 'lr': 7.606703442558439e-05, 'lambda_val': 0.06148798638335378, 'batch_size': 3558, 'optimizer': 'RMSprop'}. Best is trial 2 with value: 0.03325105489575319.
2026-05-13 10:55:00,432 - optuna.study.study - INFO - Trial 4 finished with value: 0.029974552938741985 and parameters: {'n_layers': 2, 'embedding_dim': 96, 'lr': 2.5498260859027852e-05, 'lambda_val': 0.0021143697837190637, 'batch_size': 866, 'optimizer': 'Adam'}. Best is trial 2 with value: 0.03325105489575319.
2026-05-13 10:55:41,192 - optuna.study.study - INFO - Trial 5 finished with value: 0.018380203746407985 and parameters: {'n_layers': 2, 'embedding_dim': 256, 'lr': 0.05062940980779144, 'lambda_val': 0.026264570296951645, 'batch_size': 514, 'optimizer': 'RMSprop'}. Best is trial 2 with value: 0.03325105489575319.
2026-05-13 10:55:50,665 - optuna.study._optimize - INFO - Trial 6 pruned. 
2026-05-13 10:55:55,808 - optuna.study._optimize - INFO - Trial 7 pruned. 
2026-05-13 10:56:00,023 - optuna.study._optimize - INFO - Trial 8 pruned. 
2026-05-13 10:56:06,488 - optuna.study._optimize - INFO - Trial 9 pruned. 
2026-05-13 10:56:36,583 - optuna.study.study - INFO - Trial 10 finished with value: 0.05490897345946103 and parameters: {'n_layers': 1, 'embedding_dim': 128, 'lr': 0.0007073075864830289, 'lambda_val': 0.00012090218874298724, 'batch_size': 2078, 'optimizer': 'Adam'}. Best is trial 10 with value: 0.05490897345946103.
2026-05-13 10:57:06,506 - optuna.study.study - INFO - Trial 11 finished with value: 0.052873033936981714 and parameters: {'n_layers': 1, 'embedding_dim': 128, 'lr': 0.0009252301684735635, 'lambda_val': 0.00011276632687112302, 'batch_size': 2238, 'optimizer': 'Adam'}. Best is trial 10 with value: 0.05490897345946103.
2026-05-13 10:57:36,111 - optuna.study.study - INFO - Trial 12 finished with value: 0.051766198419811095 and parameters: {'n_layers': 1, 'embedding_dim': 128, 'lr': 0.0006346216211294204, 'lambda_val': 0.000255160229233745, 'batch_size': 2092, 'optimizer': 'Adam'}. Best is trial 10 with value: 0.05490897345946103.
2026-05-13 10:58:14,023 - optuna.study.study - INFO - Trial 13 finished with value: 0.057031210602938955 and parameters: {'n_layers': 1, 'embedding_dim': 128, 'lr': 0.00037900063561587124, 'lambda_val': 0.0003437915879682798, 'batch_size': 2229, 'optimizer': 'Adam'}. Best is trial 13 with value: 0.057031210602938955.
2026-05-13 10:59:00,930 - optuna.study.study - INFO - Trial 14 finished with value: 0.06991274616189817 and parameters: {'n_layers': 1, 'embedding_dim': 128, 'lr': 0.00025980715918695173, 'lambda_val': 0.0016275447615315848, 'batch_size': 1747, 'optimizer': 'Adam'}. Best is trial 14 with value: 0.06991274616189817.
2026-05-13 10:59:56,594 - optuna.study.study - INFO - Trial 15 finished with value: 0.021197905953630754 and parameters: {'n_layers': 3, 'embedding_dim': 128, 'lr': 0.0001949505712267634, 'lambda_val': 0.002111956594510204, 'batch_size': 1425, 'optimizer': 'Adam'}. Best is trial 14 with value: 0.06991274616189817.
2026-05-13 11:00:33,222 - optuna.study.study - INFO - Trial 16 finished with value: 0.07493518901799509 and parameters: {'n_layers': 1, 'embedding_dim': 128, 'lr': 0.004123820815307057, 'lambda_val': 0.0014703808161704583, 'batch_size': 2906, 'optimizer': 'Adam'}. Best is trial 16 with value: 0.07493518901799509.
2026-05-13 11:00:38,794 - optuna.study._optimize - INFO - Trial 17 pruned. 
2026-05-13 11:00:43,496 - optuna.study._optimize - INFO - Trial 18 pruned. 
2026-05-13 11:00:47,446 - optuna.study._optimize - INFO - Trial 19 pruned. 
2026-05-13 11:01:22,315 - optuna.study.study - INFO - Trial 20 finished with value: 0.06916163619387848 and parameters: {'n_layers': 1, 'embedding_dim': 256, 'lr': 0.0021561999115542216, 'lambda_val': 0.0006759613715548346, 'batch_size': 1710, 'optimizer': 'Adam'}. Best is trial 16 with value: 0.07493518901799509.
2026-05-13 11:01:58,197 - optuna.study.study - INFO - Trial 21 finished with value: 0.07613841966675915 and parameters: {'n_layers': 1, 'embedding_dim': 256, 'lr': 0.0020702325849477525, 'lambda_val': 0.0007236563551867272, 'batch_size': 1758, 'optimizer': 'Adam'}. Best is trial 21 with value: 0.07613841966675915.
2026-05-13 11:02:02,631 - optuna.study._optimize - INFO - Trial 22 pruned. 
2026-05-13 11:02:45,070 - optuna.study.study - INFO - Trial 23 finished with value: 0.034819779126017934 and parameters: {'n_layers': 2, 'embedding_dim': 256, 'lr': 0.000229964962865404, 'lambda_val': 0.0009716243791671959, 'batch_size': 1240, 'optimizer': 'Adam'}. Best is trial 21 with value: 0.07613841966675915.
2026-05-13 11:03:14,973 - optuna.study.study - INFO - Trial 24 finished with value: 0.028544627296299262 and parameters: {'n_layers': 1, 'embedding_dim': 32, 'lr': 0.0018448435410057563, 'lambda_val': 6.187929815582019e-05, 'batch_size': 2607, 'optimizer': 'Adam'}. Best is trial 21 with value: 0.07613841966675915.
2026-05-13 11:03:51,104 - optuna.study.study - INFO - Trial 25 finished with value: 0.07172260257682554 and parameters: {'n_layers': 1, 'embedding_dim': 256, 'lr': 0.0001450935386449947, 'lambda_val': 0.00040999600272126113, 'batch_size': 3207, 'optimizer': 'Adam'}. Best is trial 21 with value: 0.07613841966675915.
2026-05-13 11:03:56,411 - optuna.study._optimize - INFO - Trial 26 pruned. 
2026-05-13 11:04:01,025 - optuna.study._optimize - INFO - Trial 27 pruned. 
2026-05-13 11:04:06,224 - optuna.study._optimize - INFO - Trial 28 pruned. 
2026-05-13 11:04:10,571 - optuna.study._optimize - INFO - Trial 29 pruned. 
2026-05-13 11:04:14,890 - optuna.study._optimize - INFO - Trial 30 pruned. 
2026-05-13 11:04:44,151 - optuna.study.study - INFO - Trial 31 finished with value: 0.05613498933914953 and parameters: {'n_layers': 1, 'embedding_dim': 128, 'lr': 0.00047068887826667513, 'lambda_val': 0.0018090326793511744, 'batch_size': 1924, 'optimizer': 'Adam'}. Best is trial 21 with value: 0.07613841966675915.
2026-05-13 11:04:47,883 - optuna.study._optimize - INFO - Trial 32 pruned. 
2026-05-13 11:05:20,147 - optuna.study.study - INFO - Trial 33 finished with value: 0.04104742616108488 and parameters: {'n_layers': 1, 'embedding_dim': 128, 'lr': 0.00023082029358784435, 'lambda_val': 0.01565158606883651, 'batch_size': 3086, 'optimizer': 'Adam'}. Best is trial 21 with value: 0.07613841966675915.
2026-05-13 11:05:24,831 - optuna.study._optimize - INFO - Trial 34 pruned. 
2026-05-13 11:05:56,695 - optuna.study.study - INFO - Trial 35 finished with value: 0.02875791947171403 and parameters: {'n_layers': 2, 'embedding_dim': 96, 'lr': 0.0003366764104098683, 'lambda_val': 2.242972019296286e-06, 'batch_size': 1095, 'optimizer': 'Adam'}. Best is trial 21 with value: 0.07613841966675915.
2026-05-13 11:06:00,664 - optuna.study._optimize - INFO - Trial 36 pruned. 
2026-05-13 11:06:35,692 - optuna.study.study - INFO - Trial 37 finished with value: 0.0637067430844737 and parameters: {'n_layers': 1, 'embedding_dim': 256, 'lr': 0.0013195275423641033, 'lambda_val': 0.0005532161165642085, 'batch_size': 3479, 'optimizer': 'RMSprop'}. Best is trial 21 with value: 0.07613841966675915.
2026-05-13 11:06:39,928 - optuna.study._optimize - INFO - Trial 38 pruned. 
2026-05-13 11:06:44,168 - optuna.study._optimize - INFO - Trial 39 pruned. 
2026-05-13 11:06:48,534 - optuna.study._optimize - INFO - Trial 40 pruned. 
2026-05-13 11:07:22,265 - optuna.study.study - INFO - Trial 41 finished with value: 0.06976033603578226 and parameters: {'n_layers': 1, 'embedding_dim': 256, 'lr': 0.002599580798686546, 'lambda_val': 0.0004248919147833302, 'batch_size': 1796, 'optimizer': 'Adam'}. Best is trial 21 with value: 0.07613841966675915.
2026-05-13 11:07:56,295 - optuna.study.study - INFO - Trial 42 finished with value: 0.06371181262965445 and parameters: {'n_layers': 1, 'embedding_dim': 256, 'lr': 0.0028937061159148704, 'lambda_val': 0.00038254840908877796, 'batch_size': 1820, 'optimizer': 'Adam'}. Best is trial 21 with value: 0.07613841966675915.
2026-05-13 11:08:30,416 - optuna.study.study - INFO - Trial 43 finished with value: 0.05887741338407572 and parameters: {'n_layers': 1, 'embedding_dim': 256, 'lr': 0.001056644783760148, 'lambda_val': 7.769707006077784e-05, 'batch_size': 2005, 'optimizer': 'Adam'}. Best is trial 21 with value: 0.07613841966675915.
2026-05-13 11:09:05,529 - optuna.study.study - INFO - Trial 44 finished with value: 0.05925743972636765 and parameters: {'n_layers': 1, 'embedding_dim': 256, 'lr': 0.0006520846467075558, 'lambda_val': 0.0017088964924866928, 'batch_size': 2406, 'optimizer': 'Adam'}. Best is trial 21 with value: 0.07613841966675915.
2026-05-13 11:09:09,300 - optuna.study._optimize - INFO - Trial 45 pruned. 
2026-05-13 11:09:13,564 - optuna.study._optimize - INFO - Trial 46 pruned. 
2026-05-13 11:09:17,270 - optuna.study._optimize - INFO - Trial 47 pruned. 
2026-05-13 11:09:21,419 - optuna.study._optimize - INFO - Trial 48 pruned. 
2026-05-13 11:09:25,612 - optuna.study._optimize - INFO - Trial 49 pruned. 
2026-05-13 11:09:55,287 - optuna.study.study - INFO - Trial 50 finished with value: 0.06392649558119934 and parameters: {'n_layers': 1, 'embedding_dim': 128, 'lr': 0.002855104773068862, 'lambda_val': 0.0012402994888676344, 'batch_size': 1498, 'optimizer': 'Adam'}. Best is trial 21 with value: 0.07613841966675915.
2026-05-13 11:10:29,434 - optuna.study.study - INFO - Trial 51 finished with value: 0.0626606407001246 and parameters: {'n_layers': 1, 'embedding_dim': 256, 'lr': 0.0009381697544416331, 'lambda_val': 0.0008030993316589672, 'batch_size': 1738, 'optimizer': 'Adam'}. Best is trial 21 with value: 0.07613841966675915.
2026-05-13 11:10:33,747 - optuna.study._optimize - INFO - Trial 52 pruned. 
2026-05-13 11:11:07,654 - optuna.study.study - INFO - Trial 53 finished with value: 0.05374092284124831 and parameters: {'n_layers': 1, 'embedding_dim': 256, 'lr': 0.002201833728174488, 'lambda_val': 0.00011300624340048233, 'batch_size': 1366, 'optimizer': 'Adam'}. Best is trial 21 with value: 0.07613841966675915.
2026-05-13 11:11:12,237 - optuna.study._optimize - INFO - Trial 54 pruned. 
2026-05-13 11:11:46,166 - optuna.study.study - INFO - Trial 55 finished with value: 0.06122181223576746 and parameters: {'n_layers': 1, 'embedding_dim': 256, 'lr': 0.0003603985577047284, 'lambda_val': 0.00410031339022919, 'batch_size': 1612, 'optimizer': 'Adam'}. Best is trial 21 with value: 0.07613841966675915.
2026-05-13 11:11:50,512 - optuna.study._optimize - INFO - Trial 56 pruned. 
2026-05-13 11:11:57,325 - optuna.study._optimize - INFO - Trial 57 pruned. 
2026-05-13 11:12:32,756 - optuna.study.study - INFO - Trial 58 finished with value: 0.062228460698470815 and parameters: {'n_layers': 1, 'embedding_dim': 256, 'lr': 0.001475665144492209, 'lambda_val': 0.0005610211945295672, 'batch_size': 2704, 'optimizer': 'Adam'}. Best is trial 21 with value: 0.07613841966675915.
2026-05-13 11:13:03,454 - optuna.study.study - INFO - Trial 59 finished with value: 0.026400913649859133 and parameters: {'n_layers': 2, 'embedding_dim': 64, 'lr': 0.0008920138559394992, 'lambda_val': 0.002148314528133851, 'batch_size': 1101, 'optimizer': 'Adam'}. Best is trial 21 with value: 0.07613841966675915.
2026-05-13 11:13:07,258 - optuna.study._optimize - INFO - Trial 60 pruned. 
2026-05-13 11:13:36,931 - optuna.study.study - INFO - Trial 61 finished with value: 0.062154623416627974 and parameters: {'n_layers': 1, 'embedding_dim': 128, 'lr': 0.002999073359258534, 'lambda_val': 0.0012161052991599983, 'batch_size': 1470, 'optimizer': 'Adam'}. Best is trial 21 with value: 0.07613841966675915.
2026-05-13 11:14:04,596 - optuna.study.study - INFO - Trial 62 finished with value: 0.056976952043491236 and parameters: {'n_layers': 1, 'embedding_dim': 128, 'lr': 0.0021347094970368464, 'lambda_val': 0.0003931575568165567, 'batch_size': 1552, 'optimizer': 'Adam'}. Best is trial 21 with value: 0.07613841966675915.
2026-05-13 11:14:08,975 - optuna.study._optimize - INFO - Trial 63 pruned. 
2026-05-13 11:14:37,577 - optuna.study.study - INFO - Trial 64 finished with value: 0.06575517106260893 and parameters: {'n_layers': 1, 'embedding_dim': 128, 'lr': 0.0030567631875721385, 'lambda_val': 0.0011575993721499604, 'batch_size': 1669, 'optimizer': 'Adam'}. Best is trial 21 with value: 0.07613841966675915.
2026-05-13 11:14:41,490 - optuna.study._optimize - INFO - Trial 65 pruned. 
2026-05-13 11:15:09,191 - optuna.study.study - INFO - Trial 66 finished with value: 0.07317456704192833 and parameters: {'n_layers': 1, 'embedding_dim': 32, 'lr': 0.000274461318984895, 'lambda_val': 0.00030072563980627654, 'batch_size': 2038, 'optimizer': 'Adam'}. Best is trial 21 with value: 0.07613841966675915.
2026-05-13 11:15:37,082 - optuna.study.study - INFO - Trial 67 finished with value: 0.06096081542539861 and parameters: {'n_layers': 1, 'embedding_dim': 32, 'lr': 0.000274840894282647, 'lambda_val': 6.444986710003639e-05, 'batch_size': 2052, 'optimizer': 'Adam'}. Best is trial 21 with value: 0.07613841966675915.
2026-05-13 11:15:41,710 - optuna.study._optimize - INFO - Trial 68 pruned. 
2026-05-13 11:15:45,866 - optuna.study._optimize - INFO - Trial 69 pruned. 
2026-05-13 11:15:50,358 - optuna.study._optimize - INFO - Trial 70 pruned. 
2026-05-13 11:16:23,894 - optuna.study.study - INFO - Trial 71 finished with value: 0.0636731616984881 and parameters: {'n_layers': 1, 'embedding_dim': 256, 'lr': 0.0017452602364438955, 'lambda_val': 0.00021478956775508425, 'batch_size': 1920, 'optimizer': 'Adam'}. Best is trial 21 with value: 0.07613841966675915.
2026-05-13 11:16:52,683 - optuna.study.study - INFO - Trial 72 finished with value: 0.05435352372434255 and parameters: {'n_layers': 1, 'embedding_dim': 96, 'lr': 0.0010939104772899463, 'lambda_val': 0.0010946596872181149, 'batch_size': 2169, 'optimizer': 'Adam'}. Best is trial 21 with value: 0.07613841966675915.
2026-05-13 11:17:28,073 - optuna.study.study - INFO - Trial 73 finished with value: 0.072523662192616 and parameters: {'n_layers': 1, 'embedding_dim': 256, 'lr': 0.003364457270408202, 'lambda_val': 0.0016521520263515015, 'batch_size': 1650, 'optimizer': 'Adam'}. Best is trial 21 with value: 0.07613841966675915.
2026-05-13 11:17:32,994 - optuna.study._optimize - INFO - Trial 74 pruned. 
2026-05-13 11:17:37,783 - optuna.study._optimize - INFO - Trial 75 pruned. 
2026-05-13 11:17:41,877 - optuna.study._optimize - INFO - Trial 76 pruned. 
2026-05-13 11:17:46,192 - optuna.study._optimize - INFO - Trial 77 pruned. 
2026-05-13 11:17:50,517 - optuna.study._optimize - INFO - Trial 78 pruned. 
2026-05-13 11:18:00,195 - optuna.study._optimize - INFO - Trial 79 pruned. 
2026-05-13 11:18:11,597 - optuna.study._optimize - INFO - Trial 80 pruned. 
2026-05-13 11:18:40,405 - optuna.study.study - INFO - Trial 81 finished with value: 0.056052892267548136 and parameters: {'n_layers': 1, 'embedding_dim': 128, 'lr': 0.002698697486565047, 'lambda_val': 0.0010263646774102974, 'batch_size': 1650, 'optimizer': 'Adam'}. Best is trial 21 with value: 0.07613841966675915.
2026-05-13 11:18:44,480 - optuna.study._optimize - INFO - Trial 82 pruned. 
2026-05-13 11:19:12,443 - optuna.study.study - INFO - Trial 83 finished with value: 0.0527461053885118 and parameters: {'n_layers': 1, 'embedding_dim': 64, 'lr': 0.002203698241816125, 'lambda_val': 0.0015240426099730618, 'batch_size': 1763, 'optimizer': 'Adam'}. Best is trial 21 with value: 0.07613841966675915.
2026-05-13 11:19:46,922 - optuna.study.study - INFO - Trial 84 finished with value: 0.06977248026633794 and parameters: {'n_layers': 1, 'embedding_dim': 256, 'lr': 0.0011665952673702545, 'lambda_val': 0.0009125206752110711, 'batch_size': 3331, 'optimizer': 'Adam'}. Best is trial 21 with value: 0.07613841966675915.
2026-05-13 11:20:21,303 - optuna.study.study - INFO - Trial 85 finished with value: 0.06419109358536072 and parameters: {'n_layers': 1, 'embedding_dim': 256, 'lr': 0.0012188207197734743, 'lambda_val': 0.0004517366496662456, 'batch_size': 3327, 'optimizer': 'Adam'}. Best is trial 21 with value: 0.07613841966675915.
2026-05-13 11:21:01,058 - optuna.study.study - INFO - Trial 86 finished with value: 0.07053200505683478 and parameters: {'n_layers': 1, 'embedding_dim': 256, 'lr': 0.0016023969275649826, 'lambda_val': 0.0024934964881231374, 'batch_size': 3207, 'optimizer': 'Adam'}. Best is trial 21 with value: 0.07613841966675915.
2026-05-13 11:21:06,333 - optuna.study._optimize - INFO - Trial 87 pruned. 
2026-05-13 11:21:41,662 - optuna.study.study - INFO - Trial 88 finished with value: 0.06195593824672343 and parameters: {'n_layers': 1, 'embedding_dim': 256, 'lr': 0.0015090408248289546, 'lambda_val': 0.007962913414617826, 'batch_size': 2869, 'optimizer': 'Adam'}. Best is trial 21 with value: 0.07613841966675915.
2026-05-13 11:22:17,543 - optuna.study.study - INFO - Trial 89 finished with value: 0.07213039867044989 and parameters: {'n_layers': 1, 'embedding_dim': 256, 'lr': 0.0007869118506626238, 'lambda_val': 0.0030954531805416807, 'batch_size': 3564, 'optimizer': 'Adam'}. Best is trial 21 with value: 0.07613841966675915.
2026-05-13 11:22:21,846 - optuna.study._optimize - INFO - Trial 90 pruned. 
2026-05-13 11:22:58,818 - optuna.study.study - INFO - Trial 91 finished with value: 0.06715543664670648 and parameters: {'n_layers': 1, 'embedding_dim': 256, 'lr': 0.0007437636828737857, 'lambda_val': 0.0022171458352551045, 'batch_size': 3200, 'optimizer': 'Adam'}. Best is trial 21 with value: 0.07613841966675915.
2026-05-13 11:23:34,993 - optuna.study.study - INFO - Trial 92 finished with value: 0.07152480286396805 and parameters: {'n_layers': 1, 'embedding_dim': 256, 'lr': 0.0003523590388132805, 'lambda_val': 0.0009365543115913181, 'batch_size': 3903, 'optimizer': 'Adam'}. Best is trial 21 with value: 0.07613841966675915.
2026-05-13 11:24:10,910 - optuna.study.study - INFO - Trial 93 finished with value: 0.059380066649164315 and parameters: {'n_layers': 1, 'embedding_dim': 256, 'lr': 0.0004075742533030033, 'lambda_val': 0.005693459339931053, 'batch_size': 3851, 'optimizer': 'Adam'}. Best is trial 21 with value: 0.07613841966675915.
2026-05-13 11:24:47,387 - optuna.study.study - INFO - Trial 94 finished with value: 0.0657902527519088 and parameters: {'n_layers': 1, 'embedding_dim': 256, 'lr': 0.00026664390947073966, 'lambda_val': 0.0008047979219037936, 'batch_size': 3940, 'optimizer': 'Adam'}. Best is trial 21 with value: 0.07613841966675915.
2026-05-13 11:25:23,444 - optuna.study.study - INFO - Trial 95 finished with value: 0.06670090976346339 and parameters: {'n_layers': 1, 'embedding_dim': 256, 'lr': 0.0006103824932966092, 'lambda_val': 0.0027025334371279515, 'batch_size': 3657, 'optimizer': 'Adam'}. Best is trial 21 with value: 0.07613841966675915.
2026-05-13 11:25:53,906 - optuna.study.study - INFO - Trial 96 finished with value: 0.0679272886118235 and parameters: {'n_layers': 1, 'embedding_dim': 96, 'lr': 0.00019030082611768722, 'lambda_val': 0.001498671799059496, 'batch_size': 3429, 'optimizer': 'Adam'}. Best is trial 21 with value: 0.07613841966675915.
2026-05-13 11:26:29,968 - optuna.study.study - INFO - Trial 97 finished with value: 0.06607191961021243 and parameters: {'n_layers': 1, 'embedding_dim': 256, 'lr': 0.00031718322551636417, 'lambda_val': 0.0010042705858682689, 'batch_size': 3311, 'optimizer': 'Adam'}. Best is trial 21 with value: 0.07613841966675915.
2026-05-13 11:26:34,015 - optuna.study._optimize - INFO - Trial 98 pruned. 
2026-05-13 11:27:10,365 - optuna.study.study - INFO - Trial 99 finished with value: 0.05963506937505428 and parameters: {'n_layers': 1, 'embedding_dim': 256, 'lr': 0.0004686447513965244, 'lambda_val': 0.0008801352451417154, 'batch_size': 3617, 'optimizer': 'Adam'}. Best is trial 21 with value: 0.07613841966675915.
2026-05-13 11:27:47,098 - optuna.study.study - INFO - Trial 100 finished with value: 0.05420706597773903 and parameters: {'n_layers': 1, 'embedding_dim': 256, 'lr': 0.00021891312138686453, 'lambda_val': 0.0042603385306742335, 'batch_size': 3774, 'optimizer': 'Adam'}. Best is trial 21 with value: 0.07613841966675915.
2026-05-13 11:28:23,609 - optuna.study.study - INFO - Trial 101 finished with value: 0.05767904565426399 and parameters: {'n_layers': 1, 'embedding_dim': 256, 'lr': 0.0018220818834862793, 'lambda_val': 0.00022392917907597547, 'batch_size': 4090, 'optimizer': 'Adam'}. Best is trial 21 with value: 0.07613841966675915.
2026-05-13 11:28:59,177 - optuna.study.study - INFO - Trial 102 finished with value: 0.06633543633302147 and parameters: {'n_layers': 1, 'embedding_dim': 256, 'lr': 0.0011964194502799075, 'lambda_val': 0.0006278770721197572, 'batch_size': 3406, 'optimizer': 'Adam'}. Best is trial 21 with value: 0.07613841966675915.
2026-05-13 11:29:03,882 - optuna.study._optimize - INFO - Trial 103 pruned. 
2026-05-13 11:29:40,647 - optuna.study.study - INFO - Trial 104 finished with value: 0.06667540674025109 and parameters: {'n_layers': 1, 'embedding_dim': 256, 'lr': 0.0008936885329688884, 'lambda_val': 0.0013723124285519555, 'batch_size': 3081, 'optimizer': 'Adam'}. Best is trial 21 with value: 0.07613841966675915.
2026-05-13 11:29:44,732 - optuna.study._optimize - INFO - Trial 105 pruned. 
2026-05-13 11:30:21,109 - optuna.study.study - INFO - Trial 106 finished with value: 0.0602660119477418 and parameters: {'n_layers': 1, 'embedding_dim': 256, 'lr': 0.002438301588957606, 'lambda_val': 0.0002856581183689749, 'batch_size': 3262, 'optimizer': 'Adam'}. Best is trial 21 with value: 0.07613841966675915.
2026-05-13 11:31:09,554 - optuna.study.study - INFO - Trial 107 finished with value: 0.061624991582672595 and parameters: {'n_layers': 1, 'embedding_dim': 256, 'lr': 0.0015448463691130764, 'lambda_val': 0.00044384112075713427, 'batch_size': 2867, 'optimizer': 'Adam'}. Best is trial 21 with value: 0.07613841966675915.
2026-05-13 11:31:39,104 - optuna.study.study - INFO - Trial 108 finished with value: 0.04015088329255843 and parameters: {'n_layers': 1, 'embedding_dim': 32, 'lr': 0.00031381281579336766, 'lambda_val': 0.0030412570257525896, 'batch_size': 3472, 'optimizer': 'Adam'}. Best is trial 21 with value: 0.07613841966675915.
2026-05-13 11:31:43,444 - optuna.study._optimize - INFO - Trial 109 pruned. 
2026-05-13 11:32:19,104 - optuna.study.study - INFO - Trial 110 finished with value: 0.05856617665129358 and parameters: {'n_layers': 1, 'embedding_dim': 256, 'lr': 0.00040452704834468634, 'lambda_val': 0.007138231976925968, 'batch_size': 2641, 'optimizer': 'Adam'}. Best is trial 21 with value: 0.07613841966675915.
2026-05-13 11:32:53,777 - optuna.study.study - INFO - Trial 111 finished with value: 0.06786694712369404 and parameters: {'n_layers': 1, 'embedding_dim': 256, 'lr': 0.002059810510492827, 'lambda_val': 0.0005720591712921843, 'batch_size': 2128, 'optimizer': 'Adam'}. Best is trial 21 with value: 0.07613841966675915.
2026-05-13 11:33:27,574 - optuna.study.study - INFO - Trial 112 finished with value: 0.07487566617721081 and parameters: {'n_layers': 1, 'embedding_dim': 256, 'lr': 0.003243102761277551, 'lambda_val': 0.0018499975085315733, 'batch_size': 1532, 'optimizer': 'Adam'}. Best is trial 21 with value: 0.07613841966675915.
2026-05-13 11:34:01,715 - optuna.study.study - INFO - Trial 113 finished with value: 0.07497213867748335 and parameters: {'n_layers': 1, 'embedding_dim': 256, 'lr': 0.002567641132363148, 'lambda_val': 0.002348531196113759, 'batch_size': 1567, 'optimizer': 'Adam'}. Best is trial 21 with value: 0.07613841966675915.
2026-05-13 11:34:35,617 - optuna.study.study - INFO - Trial 114 finished with value: 0.07719992482149954 and parameters: {'n_layers': 1, 'embedding_dim': 256, 'lr': 0.0032591372430725235, 'lambda_val': 0.0024162508906757623, 'batch_size': 1431, 'optimizer': 'Adam'}. Best is trial 114 with value: 0.07719992482149954.
2026-05-13 11:34:40,133 - optuna.study._optimize - INFO - Trial 115 pruned. 
2026-05-13 11:34:44,607 - optuna.study._optimize - INFO - Trial 116 pruned. 
2026-05-13 11:34:49,522 - optuna.study._optimize - INFO - Trial 117 pruned. 
2026-05-13 11:34:55,701 - optuna.study._optimize - INFO - Trial 118 pruned. 
2026-05-13 11:34:59,963 - optuna.study._optimize - INFO - Trial 119 pruned. 
2026-05-13 11:35:04,364 - optuna.study._optimize - INFO - Trial 120 pruned. 
2026-05-13 11:35:38,613 - optuna.study.study - INFO - Trial 121 finished with value: 0.07300626829053757 and parameters: {'n_layers': 1, 'embedding_dim': 256, 'lr': 0.002404555933672508, 'lambda_val': 0.0012037357071592529, 'batch_size': 1732, 'optimizer': 'Adam'}. Best is trial 114 with value: 0.07719992482149954.
2026-05-13 11:36:12,992 - optuna.study.study - INFO - Trial 122 finished with value: 0.07129127531454628 and parameters: {'n_layers': 1, 'embedding_dim': 256, 'lr': 0.0024540014272755326, 'lambda_val': 0.0011336510995127783, 'batch_size': 1565, 'optimizer': 'Adam'}. Best is trial 114 with value: 0.07719992482149954.
2026-05-13 11:36:47,638 - optuna.study.study - INFO - Trial 123 finished with value: 0.07032222450602907 and parameters: {'n_layers': 1, 'embedding_dim': 256, 'lr': 0.001978190545903698, 'lambda_val': 0.001269391277121847, 'batch_size': 1130, 'optimizer': 'Adam'}. Best is trial 114 with value: 0.07719992482149954.
2026-05-13 11:37:21,637 - optuna.study.study - INFO - Trial 124 finished with value: 0.07764799378817347 and parameters: {'n_layers': 1, 'embedding_dim': 256, 'lr': 0.0026798693460615567, 'lambda_val': 0.0021262562163706683, 'batch_size': 1560, 'optimizer': 'Adam'}. Best is trial 124 with value: 0.07764799378817347.
2026-05-13 11:37:55,954 - optuna.study.study - INFO - Trial 125 finished with value: 0.07656514267776902 and parameters: {'n_layers': 1, 'embedding_dim': 256, 'lr': 0.0025879689641038076, 'lambda_val': 0.001987976567115116, 'batch_size': 1371, 'optimizer': 'Adam'}. Best is trial 124 with value: 0.07764799378817347.
2026-05-13 11:38:00,325 - optuna.study._optimize - INFO - Trial 126 pruned. 
2026-05-13 11:38:04,644 - optuna.study._optimize - INFO - Trial 127 pruned. 
2026-05-13 11:38:39,166 - optuna.study.study - INFO - Trial 128 finished with value: 0.07340425013526665 and parameters: {'n_layers': 1, 'embedding_dim': 256, 'lr': 0.00277223029753277, 'lambda_val': 0.0022653010241949914, 'batch_size': 1690, 'optimizer': 'Adam'}. Best is trial 124 with value: 0.07764799378817347.
2026-05-13 11:39:13,559 - optuna.study.study - INFO - Trial 129 finished with value: 0.0741454146071043 and parameters: {'n_layers': 1, 'embedding_dim': 256, 'lr': 0.0027296932303023983, 'lambda_val': 0.002276576060478019, 'batch_size': 1682, 'optimizer': 'Adam'}. Best is trial 124 with value: 0.07764799378817347.
2026-05-13 11:39:17,931 - optuna.study._optimize - INFO - Trial 130 pruned. 
2026-05-13 11:39:52,668 - optuna.study.study - INFO - Trial 131 finished with value: 0.0780784088925377 and parameters: {'n_layers': 1, 'embedding_dim': 256, 'lr': 0.0028694446859314146, 'lambda_val': 0.002465434381377355, 'batch_size': 1828, 'optimizer': 'Adam'}. Best is trial 131 with value: 0.0780784088925377.
2026-05-13 11:39:57,084 - optuna.study._optimize - INFO - Trial 132 pruned. 
2026-05-13 11:40:31,658 - optuna.study.study - INFO - Trial 133 finished with value: 0.0723549949158588 and parameters: {'n_layers': 1, 'embedding_dim': 256, 'lr': 0.0022916575581029583, 'lambda_val': 0.004231135832950762, 'batch_size': 1754, 'optimizer': 'Adam'}. Best is trial 131 with value: 0.0780784088925377.
2026-05-13 11:41:06,005 - optuna.study.study - INFO - Trial 134 finished with value: 0.06868750614908314 and parameters: {'n_layers': 1, 'embedding_dim': 256, 'lr': 0.002409891150410932, 'lambda_val': 0.004150656672510679, 'batch_size': 1973, 'optimizer': 'Adam'}. Best is trial 131 with value: 0.0780784088925377.
2026-05-13 11:41:10,898 - optuna.study._optimize - INFO - Trial 135 pruned. 
2026-05-13 11:41:45,314 - optuna.study.study - INFO - Trial 136 finished with value: 0.07104061566646935 and parameters: {'n_layers': 1, 'embedding_dim': 256, 'lr': 0.0017978723886952477, 'lambda_val': 0.0016288988466581957, 'batch_size': 1657, 'optimizer': 'Adam'}. Best is trial 131 with value: 0.0780784088925377.
2026-05-13 11:42:14,113 - optuna.study.study - INFO - Trial 137 finished with value: 0.06124918159478539 and parameters: {'n_layers': 1, 'embedding_dim': 64, 'lr': 0.003164797920050816, 'lambda_val': 0.0023594331336846057, 'batch_size': 1580, 'optimizer': 'Adam'}. Best is trial 131 with value: 0.0780784088925377.
2026-05-13 11:42:18,453 - optuna.study._optimize - INFO - Trial 138 pruned. 
2026-05-13 11:42:23,800 - optuna.study._optimize - INFO - Trial 139 pruned. 
2026-05-13 11:43:05,357 - optuna.study.study - INFO - Trial 140 finished with value: 0.0692846856371146 and parameters: {'n_layers': 1, 'embedding_dim': 256, 'lr': 0.0031404731237249565, 'lambda_val': 0.0033939125462808858, 'batch_size': 1718, 'optimizer': 'Adam'}. Best is trial 131 with value: 0.0780784088925377.
2026-05-13 11:43:39,482 - optuna.study.study - INFO - Trial 141 finished with value: 0.06690430683313875 and parameters: {'n_layers': 1, 'embedding_dim': 256, 'lr': 0.0014060432816614358, 'lambda_val': 0.003067117276361739, 'batch_size': 1771, 'optimizer': 'Adam'}. Best is trial 131 with value: 0.0780784088925377.
2026-05-13 11:44:14,351 - optuna.study.study - INFO - Trial 142 finished with value: 0.07668274463104638 and parameters: {'n_layers': 1, 'embedding_dim': 256, 'lr': 0.004547209584693708, 'lambda_val': 0.0019960543625126043, 'batch_size': 1832, 'optimizer': 'Adam'}. Best is trial 131 with value: 0.0780784088925377.
2026-05-13 11:44:18,834 - optuna.study._optimize - INFO - Trial 143 pruned. 
2026-05-13 11:44:53,089 - optuna.study.study - INFO - Trial 144 finished with value: 0.0748947984060392 and parameters: {'n_layers': 1, 'embedding_dim': 256, 'lr': 0.004029548934969006, 'lambda_val': 0.0015106631489075343, 'batch_size': 1653, 'optimizer': 'Adam'}. Best is trial 131 with value: 0.0780784088925377.
2026-05-13 11:44:57,915 - optuna.study._optimize - INFO - Trial 145 pruned. 
2026-05-13 11:45:02,577 - optuna.study._optimize - INFO - Trial 146 pruned. 
2026-05-13 11:45:36,775 - optuna.study.study - INFO - Trial 147 finished with value: 0.07068718406456997 and parameters: {'n_layers': 1, 'embedding_dim': 256, 'lr': 0.0028136025831177946, 'lambda_val': 0.0011282653700808898, 'batch_size': 1479, 'optimizer': 'Adam'}. Best is trial 131 with value: 0.0780784088925377.
2026-05-13 11:45:40,983 - optuna.study._optimize - INFO - Trial 148 pruned. 
2026-05-13 11:45:45,467 - optuna.study._optimize - INFO - Trial 149 pruned. 
2026-05-13 11:45:49,863 - optuna.study._optimize - INFO - Trial 150 pruned. 
2026-05-13 11:46:24,400 - optuna.study.study - INFO - Trial 151 finished with value: 0.07471052941789734 and parameters: {'n_layers': 1, 'embedding_dim': 256, 'lr': 0.002226785514584355, 'lambda_val': 0.004277300654356277, 'batch_size': 1832, 'optimizer': 'Adam'}. Best is trial 131 with value: 0.0780784088925377.
2026-05-13 11:46:59,040 - optuna.study.study - INFO - Trial 152 finished with value: 0.08017591355480087 and parameters: {'n_layers': 1, 'embedding_dim': 256, 'lr': 0.002634637546460215, 'lambda_val': 0.0018380495842974227, 'batch_size': 1904, 'optimizer': 'Adam'}. Best is trial 152 with value: 0.08017591355480087.
2026-05-13 11:47:03,919 - optuna.study._optimize - INFO - Trial 153 pruned. 
2026-05-13 11:47:38,030 - optuna.study.study - INFO - Trial 154 finished with value: 0.0750285976556501 and parameters: {'n_layers': 1, 'embedding_dim': 256, 'lr': 0.0019500356357841661, 'lambda_val': 0.0020649307742572976, 'batch_size': 1942, 'optimizer': 'Adam'}. Best is trial 152 with value: 0.08017591355480087.
2026-05-13 11:48:12,473 - optuna.study.study - INFO - Trial 155 finished with value: 0.07304555061852293 and parameters: {'n_layers': 1, 'embedding_dim': 256, 'lr': 0.001824271970616885, 'lambda_val': 0.003738405805840788, 'batch_size': 1951, 'optimizer': 'Adam'}. Best is trial 152 with value: 0.08017591355480087.
2026-05-13 11:48:47,351 - optuna.study.study - INFO - Trial 156 finished with value: 0.06471959947119696 and parameters: {'n_layers': 1, 'embedding_dim': 256, 'lr': 0.0013736850261193343, 'lambda_val': 0.00199709625252616, 'batch_size': 2095, 'optimizer': 'Adam'}. Best is trial 152 with value: 0.08017591355480087.
2026-05-13 11:48:51,807 - optuna.study._optimize - INFO - Trial 157 pruned. 
2026-05-13 11:49:20,161 - optuna.study.study - INFO - Trial 158 finished with value: 0.043927149057530826 and parameters: {'n_layers': 1, 'embedding_dim': 32, 'lr': 0.0020774458687120023, 'lambda_val': 0.004765739591360754, 'batch_size': 1908, 'optimizer': 'Adam'}. Best is trial 152 with value: 0.08017591355480087.
2026-05-13 11:49:54,553 - optuna.study.study - INFO - Trial 159 finished with value: 0.07617025024858956 and parameters: {'n_layers': 1, 'embedding_dim': 256, 'lr': 0.0030939217089058506, 'lambda_val': 0.0028129749884451155, 'batch_size': 2045, 'optimizer': 'Adam'}. Best is trial 152 with value: 0.08017591355480087.
2026-05-13 11:49:59,508 - optuna.study._optimize - INFO - Trial 160 pruned. 
2026-05-13 11:50:34,133 - optuna.study.study - INFO - Trial 161 finished with value: 0.07723224324935563 and parameters: {'n_layers': 1, 'embedding_dim': 256, 'lr': 0.003077075805523351, 'lambda_val': 0.0017780807643150548, 'batch_size': 2003, 'optimizer': 'Adam'}. Best is trial 152 with value: 0.08017591355480087.
2026-05-13 11:51:08,912 - optuna.study.study - INFO - Trial 162 finished with value: 0.08002871513323692 and parameters: {'n_layers': 1, 'embedding_dim': 256, 'lr': 0.0028871373353290004, 'lambda_val': 0.0017603641600477072, 'batch_size': 2267, 'optimizer': 'Adam'}. Best is trial 152 with value: 0.08017591355480087.
2026-05-13 11:51:43,838 - optuna.study.study - INFO - Trial 163 finished with value: 0.07594891960734106 and parameters: {'n_layers': 1, 'embedding_dim': 256, 'lr': 0.003322160027922167, 'lambda_val': 0.0016786514181278446, 'batch_size': 2056, 'optimizer': 'Adam'}. Best is trial 152 with value: 0.08017591355480087.
2026-05-13 11:52:18,607 - optuna.study.study - INFO - Trial 164 finished with value: 0.08020663652010113 and parameters: {'n_layers': 1, 'embedding_dim': 256, 'lr': 0.003194652890450287, 'lambda_val': 0.0015590031781894786, 'batch_size': 2299, 'optimizer': 'Adam'}. Best is trial 164 with value: 0.08020663652010113.
2026-05-13 11:52:53,619 - optuna.study.study - INFO - Trial 165 finished with value: 0.07600961131019297 and parameters: {'n_layers': 1, 'embedding_dim': 256, 'lr': 0.0034725723996660296, 'lambda_val': 0.0015562745834878625, 'batch_size': 2282, 'optimizer': 'Adam'}. Best is trial 164 with value: 0.08020663652010113.
2026-05-13 11:52:57,969 - optuna.study._optimize - INFO - Trial 166 pruned. 
2026-05-13 11:53:33,566 - optuna.study.study - INFO - Trial 167 finished with value: 0.07548922663474306 and parameters: {'n_layers': 1, 'embedding_dim': 256, 'lr': 0.003682671963397245, 'lambda_val': 0.0010178435336800856, 'batch_size': 2472, 'optimizer': 'Adam'}. Best is trial 164 with value: 0.08020663652010113.
2026-05-13 11:54:09,731 - optuna.study.study - INFO - Trial 168 finished with value: 0.07179392541630353 and parameters: {'n_layers': 1, 'embedding_dim': 256, 'lr': 0.0037955727729930915, 'lambda_val': 0.001024210731371729, 'batch_size': 2508, 'optimizer': 'Adam'}. Best is trial 164 with value: 0.08020663652010113.
2026-05-13 11:54:16,583 - optuna.study._optimize - INFO - Trial 169 pruned. 
2026-05-13 11:54:20,551 - optuna.study._optimize - INFO - Trial 170 pruned. 
2026-05-13 11:54:25,303 - optuna.study._optimize - INFO - Trial 171 pruned. 
2026-05-13 11:54:59,372 - optuna.study.study - INFO - Trial 172 finished with value: 0.07114007682468187 and parameters: {'n_layers': 1, 'embedding_dim': 256, 'lr': 0.004123082741595336, 'lambda_val': 0.0018240019852383768, 'batch_size': 2122, 'optimizer': 'Adam'}. Best is trial 164 with value: 0.08020663652010113.
2026-05-13 11:55:33,718 - optuna.study.study - INFO - Trial 173 finished with value: 0.07700182581967559 and parameters: {'n_layers': 1, 'embedding_dim': 256, 'lr': 0.0032060079692202963, 'lambda_val': 0.0015018387221825814, 'batch_size': 2050, 'optimizer': 'Adam'}. Best is trial 164 with value: 0.08020663652010113.
2026-05-13 11:56:09,455 - optuna.study.study - INFO - Trial 174 finished with value: 0.07152717086602295 and parameters: {'n_layers': 1, 'embedding_dim': 256, 'lr': 0.003163126254785024, 'lambda_val': 0.0011943504710852804, 'batch_size': 2189, 'optimizer': 'Adam'}. Best is trial 164 with value: 0.08020663652010113.
2026-05-13 11:56:44,382 - optuna.study.study - INFO - Trial 175 finished with value: 0.07036194556739268 and parameters: {'n_layers': 1, 'embedding_dim': 256, 'lr': 0.0015938388198509811, 'lambda_val': 0.002952698671500229, 'batch_size': 2344, 'optimizer': 'Adam'}. Best is trial 164 with value: 0.08020663652010113.
2026-05-13 11:57:18,734 - optuna.study.study - INFO - Trial 176 finished with value: 0.07119409809912261 and parameters: {'n_layers': 1, 'embedding_dim': 256, 'lr': 0.002624301459608173, 'lambda_val': 0.0017697369354258408, 'batch_size': 2061, 'optimizer': 'Adam'}. Best is trial 164 with value: 0.08020663652010113.
2026-05-13 11:57:23,328 - optuna.study._optimize - INFO - Trial 177 pruned. 
2026-05-13 11:57:58,886 - optuna.study.study - INFO - Trial 178 finished with value: 0.07075072021733544 and parameters: {'n_layers': 1, 'embedding_dim': 256, 'lr': 0.0019759397611418964, 'lambda_val': 0.0025533416996018775, 'batch_size': 2004, 'optimizer': 'Adam'}. Best is trial 164 with value: 0.08020663652010113.
2026-05-13 11:58:33,716 - optuna.study.study - INFO - Trial 179 finished with value: 0.07805017043710956 and parameters: {'n_layers': 1, 'embedding_dim': 256, 'lr': 0.003042325327153479, 'lambda_val': 0.0014828588782639708, 'batch_size': 2247, 'optimizer': 'Adam'}. Best is trial 164 with value: 0.08020663652010113.
2026-05-13 11:59:08,165 - optuna.study.study - INFO - Trial 180 finished with value: 0.06981271946839726 and parameters: {'n_layers': 1, 'embedding_dim': 256, 'lr': 0.0023314909029305227, 'lambda_val': 0.0009239278108599408, 'batch_size': 2268, 'optimizer': 'Adam'}. Best is trial 164 with value: 0.08020663652010113.
2026-05-13 11:59:12,323 - optuna.study._optimize - INFO - Trial 181 pruned. 
2026-05-13 11:59:46,677 - optuna.study.study - INFO - Trial 182 finished with value: 0.07418433946908659 and parameters: {'n_layers': 1, 'embedding_dim': 256, 'lr': 0.0027506189726269393, 'lambda_val': 0.001973508474661219, 'batch_size': 2072, 'optimizer': 'Adam'}. Best is trial 164 with value: 0.08020663652010113.
2026-05-13 11:59:52,465 - optuna.study._optimize - INFO - Trial 183 pruned. 
2026-05-13 12:00:26,901 - optuna.study.study - INFO - Trial 184 finished with value: 0.07623075992925747 and parameters: {'n_layers': 1, 'embedding_dim': 256, 'lr': 0.0035836576340910345, 'lambda_val': 0.001296363190071541, 'batch_size': 1967, 'optimizer': 'Adam'}. Best is trial 164 with value: 0.08020663652010113.
2026-05-13 12:01:01,222 - optuna.study.study - INFO - Trial 185 finished with value: 0.07137769682626459 and parameters: {'n_layers': 1, 'embedding_dim': 256, 'lr': 0.003331856697607025, 'lambda_val': 0.0012972152184108948, 'batch_size': 1940, 'optimizer': 'Adam'}. Best is trial 164 with value: 0.08020663652010113.
2026-05-13 12:01:07,209 - optuna.study._optimize - INFO - Trial 186 pruned. 
2026-05-13 12:01:41,764 - optuna.study.study - INFO - Trial 187 finished with value: 0.07823015711978253 and parameters: {'n_layers': 1, 'embedding_dim': 256, 'lr': 0.0028781088150822646, 'lambda_val': 0.001891492295750116, 'batch_size': 2003, 'optimizer': 'Adam'}. Best is trial 164 with value: 0.08020663652010113.
2026-05-13 12:02:17,130 - optuna.study.study - INFO - Trial 188 finished with value: 0.07641183666847748 and parameters: {'n_layers': 1, 'embedding_dim': 256, 'lr': 0.0029741474289245386, 'lambda_val': 0.0015180090641630302, 'batch_size': 2029, 'optimizer': 'Adam'}. Best is trial 164 with value: 0.08020663652010113.
2026-05-13 12:02:52,430 - optuna.study.study - INFO - Trial 189 finished with value: 0.07603319185727411 and parameters: {'n_layers': 1, 'embedding_dim': 256, 'lr': 0.0030178756488915813, 'lambda_val': 0.0011035109174141477, 'batch_size': 2016, 'optimizer': 'Adam'}. Best is trial 164 with value: 0.08020663652010113.
2026-05-13 12:03:27,077 - optuna.study.study - INFO - Trial 190 finished with value: 0.076654196641678 and parameters: {'n_layers': 1, 'embedding_dim': 256, 'lr': 0.0029020253628776987, 'lambda_val': 0.001475913131941191, 'batch_size': 2006, 'optimizer': 'Adam'}. Best is trial 164 with value: 0.08020663652010113.
2026-05-13 12:04:02,490 - optuna.study.study - INFO - Trial 191 finished with value: 0.08149356388719138 and parameters: {'n_layers': 1, 'embedding_dim': 256, 'lr': 0.00303070856634719, 'lambda_val': 0.0014756349048881423, 'batch_size': 1992, 'optimizer': 'Adam'}. Best is trial 191 with value: 0.08149356388719138.
2026-05-13 12:04:37,048 - optuna.study.study - INFO - Trial 192 finished with value: 0.07110735691070456 and parameters: {'n_layers': 1, 'embedding_dim': 256, 'lr': 0.0028691879790851893, 'lambda_val': 0.0014015826146726298, 'batch_size': 2013, 'optimizer': 'Adam'}. Best is trial 191 with value: 0.08149356388719138.
2026-05-13 12:05:11,299 - optuna.study.study - INFO - Trial 193 finished with value: 0.07543734749661561 and parameters: {'n_layers': 1, 'embedding_dim': 256, 'lr': 0.004373996073347664, 'lambda_val': 0.0012691023499655852, 'batch_size': 2084, 'optimizer': 'Adam'}. Best is trial 191 with value: 0.08149356388719138.
2026-05-13 12:05:45,947 - optuna.study.study - INFO - Trial 194 finished with value: 0.07473729079472372 and parameters: {'n_layers': 1, 'embedding_dim': 256, 'lr': 0.002896004079596511, 'lambda_val': 0.0008052909862940334, 'batch_size': 1992, 'optimizer': 'Adam'}. Best is trial 191 with value: 0.08149356388719138.
2026-05-13 12:06:20,502 - optuna.study.study - INFO - Trial 195 finished with value: 0.07422357762687194 and parameters: {'n_layers': 1, 'embedding_dim': 256, 'lr': 0.0037215455300398203, 'lambda_val': 0.0017549303322972594, 'batch_size': 2160, 'optimizer': 'Adam'}. Best is trial 191 with value: 0.08149356388719138.
2026-05-13 12:06:54,738 - optuna.study.study - INFO - Trial 196 finished with value: 0.07013367388989766 and parameters: {'n_layers': 1, 'embedding_dim': 256, 'lr': 0.002384563500586751, 'lambda_val': 0.0011754976733835073, 'batch_size': 2122, 'optimizer': 'Adam'}. Best is trial 191 with value: 0.08149356388719138.
2026-05-13 12:07:24,737 - optuna.study.study - INFO - Trial 197 finished with value: 0.06473481178232111 and parameters: {'n_layers': 1, 'embedding_dim': 96, 'lr': 0.002829060194194225, 'lambda_val': 0.0014297125553497244, 'batch_size': 1902, 'optimizer': 'Adam'}. Best is trial 191 with value: 0.08149356388719138.
2026-05-13 12:07:59,407 - optuna.study.study - INFO - Trial 198 finished with value: 0.076053722704818 and parameters: {'n_layers': 1, 'embedding_dim': 256, 'lr': 0.00492715546220811, 'lambda_val': 0.0019349911273548771, 'batch_size': 2304, 'optimizer': 'Adam'}. Best is trial 191 with value: 0.08149356388719138.
2026-05-13 12:08:03,896 - optuna.study._optimize - INFO - Trial 199 pruned. 
2026-05-13 12:08:31,323 - root - INFO - **** Training e_100K_1c2dcs
2026-05-13 12:08:31,323 - root - INFO -   ** 2-Dominant stats:
2026-05-13 12:08:31,323 - root - INFO -   ** Finding the dominant set:
2026-05-13 12:08:49,373 - root - INFO -   ** Getting the trainable edges:
2026-05-13 12:08:49,378 - helper_functions - INFO -      Number of nodes: 3657
2026-05-13 12:08:49,378 - helper_functions - INFO -      Ratio: 0.4035978368833462
2026-05-13 12:08:49,378 - helper_functions - INFO -      Number of unique users: 325
2026-05-13 12:08:49,378 - helper_functions - INFO -      Number of unique items: 3332
2026-05-13 12:08:49,378 - helper_functions - INFO -      Total dominant set edge: 11366
2026-05-13 12:08:49,378 - helper_functions - INFO -      Trainable edges: 9092.800000000001
2026-05-13 12:08:49,381 - root - INFO -   **** Getting 11366 dominant set edges
2026-05-13 12:08:49,511 - optuna.storages._rdb.storage - INFO - A new study created in RDB with name: Study_e_100K_1c2dcs_strict
2026-05-13 12:09:29,461 - optuna.study.study - INFO - Trial 0 finished with value: 0.004000977912663934 and parameters: {'n_layers': 3, 'embedding_dim': 32, 'lr': 0.036568662195479454, 'lambda_val': 3.0085625564360404e-05, 'batch_size': 3304, 'optimizer': 'SGD'}. Best is trial 0 with value: 0.004000977912663934.
2026-05-13 12:10:04,388 - optuna.study.study - INFO - Trial 1 finished with value: 0.0051923359194076075 and parameters: {'n_layers': 3, 'embedding_dim': 96, 'lr': 0.06086227792608741, 'lambda_val': 9.49118118464729e-06, 'batch_size': 3452, 'optimizer': 'Adam'}. Best is trial 1 with value: 0.0051923359194076075.
2026-05-13 12:10:45,585 - optuna.study.study - INFO - Trial 2 finished with value: 0.01036979372867089 and parameters: {'n_layers': 1, 'embedding_dim': 256, 'lr': 0.006630546442607741, 'lambda_val': 4.796616072534923e-05, 'batch_size': 2980, 'optimizer': 'Adam'}. Best is trial 2 with value: 0.01036979372867089.
2026-05-13 12:11:10,538 - optuna.study.study - INFO - Trial 3 finished with value: 0.0021403722279244794 and parameters: {'n_layers': 1, 'embedding_dim': 64, 'lr': 0.07086353893008042, 'lambda_val': 7.509449132394975e-06, 'batch_size': 1453, 'optimizer': 'RMSprop'}. Best is trial 2 with value: 0.01036979372867089.
2026-05-13 12:11:41,420 - optuna.study.study - INFO - Trial 4 finished with value: 0.0 and parameters: {'n_layers': 2, 'embedding_dim': 256, 'lr': 0.0008636492139935398, 'lambda_val': 0.016551322053043046, 'batch_size': 1091, 'optimizer': 'Adam'}. Best is trial 2 with value: 0.01036979372867089.
2026-05-13 12:11:46,035 - optuna.study._optimize - INFO - Trial 5 pruned. 
2026-05-13 12:11:49,689 - optuna.study._optimize - INFO - Trial 6 pruned. 
2026-05-13 12:11:52,780 - optuna.study._optimize - INFO - Trial 7 pruned. 
2026-05-13 12:11:55,761 - optuna.study._optimize - INFO - Trial 8 pruned. 
2026-05-13 12:12:00,200 - optuna.study._optimize - INFO - Trial 9 pruned. 
2026-05-13 12:12:30,437 - optuna.study.study - INFO - Trial 10 finished with value: 0.015816246478266894 and parameters: {'n_layers': 1, 'embedding_dim': 256, 'lr': 1.7199129455500982e-05, 'lambda_val': 1.1712394808791401e-06, 'batch_size': 3815, 'optimizer': 'Adam'}. Best is trial 10 with value: 0.015816246478266894.
2026-05-13 12:12:34,423 - optuna.study._optimize - INFO - Trial 11 pruned. 
2026-05-13 12:12:38,696 - optuna.study._optimize - INFO - Trial 12 pruned. 
2026-05-13 12:13:14,271 - optuna.study.study - INFO - Trial 13 finished with value: 0.005551543570975525 and parameters: {'n_layers': 2, 'embedding_dim': 256, 'lr': 7.734360575257203e-05, 'lambda_val': 5.463002806145698e-05, 'batch_size': 3097, 'optimizer': 'Adam'}. Best is trial 10 with value: 0.015816246478266894.
2026-05-13 12:13:17,327 - optuna.study._optimize - INFO - Trial 14 pruned. 
2026-05-13 12:13:42,485 - optuna.study.study - INFO - Trial 15 finished with value: 0.0047027266765674956 and parameters: {'n_layers': 2, 'embedding_dim': 96, 'lr': 0.000159352188613071, 'lambda_val': 6.51025141979181e-06, 'batch_size': 2918, 'optimizer': 'Adam'}. Best is trial 10 with value: 0.015816246478266894.
2026-05-13 12:13:47,414 - optuna.study._optimize - INFO - Trial 16 pruned. 
2026-05-13 12:14:15,791 - optuna.study.study - INFO - Trial 17 finished with value: 0.007916547540489574 and parameters: {'n_layers': 1, 'embedding_dim': 256, 'lr': 0.00020579245953022865, 'lambda_val': 7.599850627996846e-05, 'batch_size': 2897, 'optimizer': 'Adam'}. Best is trial 10 with value: 0.015816246478266894.
2026-05-13 12:14:49,162 - optuna.study.study - INFO - Trial 18 finished with value: 0.01769105684792597 and parameters: {'n_layers': 2, 'embedding_dim': 256, 'lr': 3.6604214639790395e-05, 'lambda_val': 1.138338381280741e-06, 'batch_size': 3662, 'optimizer': 'RMSprop'}. Best is trial 18 with value: 0.01769105684792597.
2026-05-13 12:15:15,136 - optuna.study.study - INFO - Trial 19 finished with value: 0.021850334151434444 and parameters: {'n_layers': 2, 'embedding_dim': 96, 'lr': 4.556605864969118e-05, 'lambda_val': 2.6921464759932526e-06, 'batch_size': 3671, 'optimizer': 'RMSprop'}. Best is trial 19 with value: 0.021850334151434444.
2026-05-13 12:15:18,684 - optuna.study._optimize - INFO - Trial 20 pruned. 
2026-05-13 12:15:22,295 - optuna.study._optimize - INFO - Trial 21 pruned. 
2026-05-13 12:15:26,276 - optuna.study._optimize - INFO - Trial 22 pruned. 
2026-05-13 12:15:54,484 - optuna.study.study - INFO - Trial 23 finished with value: 0.0044617195644333285 and parameters: {'n_layers': 2, 'embedding_dim': 128, 'lr': 0.00011523398740520653, 'lambda_val': 1.8345938812938503e-05, 'batch_size': 4057, 'optimizer': 'RMSprop'}. Best is trial 19 with value: 0.021850334151434444.
2026-05-13 12:16:19,710 - optuna.study.study - INFO - Trial 24 finished with value: 0.0024858467989028105 and parameters: {'n_layers': 3, 'embedding_dim': 64, 'lr': 0.0004430310291290928, 'lambda_val': 3.3190846189095618e-06, 'batch_size': 3216, 'optimizer': 'RMSprop'}. Best is trial 19 with value: 0.021850334151434444.
2026-05-13 12:16:46,632 - optuna.study.study - INFO - Trial 25 finished with value: 0.006409728215186267 and parameters: {'n_layers': 2, 'embedding_dim': 96, 'lr': 6.626357979148958e-05, 'lambda_val': 1.5368869420241563e-05, 'batch_size': 3566, 'optimizer': 'RMSprop'}. Best is trial 19 with value: 0.021850334151434444.
2026-05-13 12:16:51,026 - optuna.study._optimize - INFO - Trial 26 pruned. 
2026-05-13 12:16:55,228 - optuna.study._optimize - INFO - Trial 27 pruned. 
2026-05-13 12:17:01,142 - optuna.study._optimize - INFO - Trial 28 pruned. 
2026-05-13 12:17:04,416 - optuna.study._optimize - INFO - Trial 29 pruned. 
2026-05-13 12:17:27,615 - optuna.study.study - INFO - Trial 30 finished with value: 0.012947983220253142 and parameters: {'n_layers': 1, 'embedding_dim': 64, 'lr': 8.897209066078497e-05, 'lambda_val': 2.411926395557604e-06, 'batch_size': 3749, 'optimizer': 'RMSprop'}. Best is trial 19 with value: 0.021850334151434444.
2026-05-13 12:17:50,975 - optuna.study.study - INFO - Trial 31 finished with value: 0.016115748977242023 and parameters: {'n_layers': 1, 'embedding_dim': 64, 'lr': 8.026802860377753e-05, 'lambda_val': 2.1267183674677872e-06, 'batch_size': 3817, 'optimizer': 'RMSprop'}. Best is trial 19 with value: 0.021850334151434444.
2026-05-13 12:17:58,655 - optuna.study._optimize - INFO - Trial 32 pruned. 
2026-05-13 12:18:25,685 - optuna.study.study - INFO - Trial 33 finished with value: 0.005808133992005028 and parameters: {'n_layers': 1, 'embedding_dim': 64, 'lr': 0.0003999204397465178, 'lambda_val': 1.045069810681873e-06, 'batch_size': 3501, 'optimizer': 'RMSprop'}. Best is trial 19 with value: 0.021850334151434444.
2026-05-13 12:18:28,985 - optuna.study._optimize - INFO - Trial 34 pruned. 
2026-05-13 12:19:03,869 - optuna.study.study - INFO - Trial 35 finished with value: 0.0045869336057903325 and parameters: {'n_layers': 2, 'embedding_dim': 256, 'lr': 0.00011852608006200513, 'lambda_val': 2.6154935026135506e-06, 'batch_size': 3871, 'optimizer': 'RMSprop'}. Best is trial 19 with value: 0.021850334151434444.
2026-05-13 12:19:08,075 - optuna.study._optimize - INFO - Trial 36 pruned. 
2026-05-13 12:19:11,333 - optuna.study._optimize - INFO - Trial 37 pruned. 
2026-05-13 12:19:14,420 - optuna.study._optimize - INFO - Trial 38 pruned. 
2026-05-13 12:19:18,257 - optuna.study._optimize - INFO - Trial 39 pruned. 
2026-05-13 12:19:47,328 - optuna.study.study - INFO - Trial 40 finished with value: 0.0 and parameters: {'n_layers': 3, 'embedding_dim': 64, 'lr': 0.0003471034835843565, 'lambda_val': 0.0048047778259456865, 'batch_size': 3379, 'optimizer': 'RMSprop'}. Best is trial 19 with value: 0.021850334151434444.
2026-05-13 12:20:15,507 - optuna.study.study - INFO - Trial 41 finished with value: 0.0065989400262348175 and parameters: {'n_layers': 1, 'embedding_dim': 64, 'lr': 0.00011599753581824048, 'lambda_val': 2.631872826942434e-06, 'batch_size': 3710, 'optimizer': 'RMSprop'}. Best is trial 19 with value: 0.021850334151434444.
2026-05-13 12:20:44,886 - optuna.study.study - INFO - Trial 42 finished with value: 0.017644544293824255 and parameters: {'n_layers': 1, 'embedding_dim': 64, 'lr': 8.502368744648278e-05, 'lambda_val': 1.9895705086115456e-06, 'batch_size': 3733, 'optimizer': 'RMSprop'}. Best is trial 19 with value: 0.021850334151434444.
2026-05-13 12:20:48,828 - optuna.study._optimize - INFO - Trial 43 pruned. 
2026-05-13 12:21:16,502 - optuna.study.study - INFO - Trial 44 finished with value: 0.005879155459746715 and parameters: {'n_layers': 1, 'embedding_dim': 64, 'lr': 0.0001597344006074195, 'lambda_val': 1.8702572744922891e-06, 'batch_size': 3050, 'optimizer': 'Adam'}. Best is trial 19 with value: 0.021850334151434444.
2026-05-13 12:21:21,748 - optuna.study._optimize - INFO - Trial 45 pruned. 
2026-05-13 12:21:26,100 - optuna.study._optimize - INFO - Trial 46 pruned. 
2026-05-13 12:21:30,192 - optuna.study._optimize - INFO - Trial 47 pruned. 
2026-05-13 12:22:03,523 - optuna.study.study - INFO - Trial 48 finished with value: 0.004922573843650597 and parameters: {'n_layers': 1, 'embedding_dim': 256, 'lr': 8.40416214819852e-05, 'lambda_val': 2.76913230246587e-05, 'batch_size': 3818, 'optimizer': 'Adam'}. Best is trial 19 with value: 0.021850334151434444.
2026-05-13 12:22:07,945 - optuna.study._optimize - INFO - Trial 49 pruned. 
2026-05-13 12:22:38,409 - optuna.study.study - INFO - Trial 50 finished with value: 0.013445296485246021 and parameters: {'n_layers': 2, 'embedding_dim': 96, 'lr': 6.93049254194849e-05, 'lambda_val': 4.503480438445694e-06, 'batch_size': 817, 'optimizer': 'Adam'}. Best is trial 19 with value: 0.021850334151434444.
2026-05-13 12:23:10,253 - optuna.study.study - INFO - Trial 51 finished with value: 0.004457706029946375 and parameters: {'n_layers': 2, 'embedding_dim': 96, 'lr': 0.00019146186685472182, 'lambda_val': 4.4954619168503185e-06, 'batch_size': 2385, 'optimizer': 'Adam'}. Best is trial 19 with value: 0.021850334151434444.
2026-05-13 12:23:39,652 - optuna.study.study - INFO - Trial 52 finished with value: 0.014064688762837589 and parameters: {'n_layers': 2, 'embedding_dim': 96, 'lr': 6.854524615667126e-05, 'lambda_val': 1.6688331008280334e-06, 'batch_size': 829, 'optimizer': 'Adam'}. Best is trial 19 with value: 0.021850334151434444.
2026-05-13 12:23:43,707 - optuna.study._optimize - INFO - Trial 53 pruned. 
2026-05-13 12:23:47,987 - optuna.study._optimize - INFO - Trial 54 pruned. 
2026-05-13 12:23:53,218 - optuna.study._optimize - INFO - Trial 55 pruned. 
2026-05-13 12:23:57,387 - optuna.study._optimize - INFO - Trial 56 pruned. 
2026-05-13 12:24:01,841 - optuna.study._optimize - INFO - Trial 57 pruned. 
2026-05-13 12:24:06,092 - optuna.study._optimize - INFO - Trial 58 pruned. 
2026-05-13 12:24:09,914 - optuna.study._optimize - INFO - Trial 59 pruned. 
2026-05-13 12:24:14,206 - optuna.study._optimize - INFO - Trial 60 pruned. 
2026-05-13 12:24:18,768 - optuna.study._optimize - INFO - Trial 61 pruned. 
2026-05-13 12:24:47,502 - optuna.study.study - INFO - Trial 62 finished with value: 0.0061455096778363265 and parameters: {'n_layers': 2, 'embedding_dim': 96, 'lr': 0.0001483915659395962, 'lambda_val': 3.3450180189845145e-06, 'batch_size': 920, 'optimizer': 'Adam'}. Best is trial 19 with value: 0.021850334151434444.
2026-05-13 12:24:52,168 - optuna.study._optimize - INFO - Trial 63 pruned. 
2026-05-13 12:24:56,835 - optuna.study._optimize - INFO - Trial 64 pruned. 
2026-05-13 12:25:00,814 - optuna.study._optimize - INFO - Trial 65 pruned. 
2026-05-13 12:25:04,679 - optuna.study._optimize - INFO - Trial 66 pruned. 
2026-05-13 12:25:08,247 - optuna.study._optimize - INFO - Trial 67 pruned. 
2026-05-13 12:25:12,112 - optuna.study._optimize - INFO - Trial 68 pruned. 
2026-05-13 12:25:17,598 - optuna.study._optimize - INFO - Trial 69 pruned. 
2026-05-13 12:25:21,944 - optuna.study._optimize - INFO - Trial 70 pruned. 
2026-05-13 12:25:51,355 - optuna.study.study - INFO - Trial 71 finished with value: 0.006327067824344316 and parameters: {'n_layers': 1, 'embedding_dim': 64, 'lr': 0.00013268889950140598, 'lambda_val': 2.454140803489532e-06, 'batch_size': 3843, 'optimizer': 'RMSprop'}. Best is trial 19 with value: 0.021850334151434444.
2026-05-13 12:25:57,032 - optuna.study._optimize - INFO - Trial 72 pruned. 
2026-05-13 12:26:00,637 - optuna.study._optimize - INFO - Trial 73 pruned. 
2026-05-13 12:26:30,561 - optuna.study.study - INFO - Trial 74 finished with value: 0.005258182166830143 and parameters: {'n_layers': 1, 'embedding_dim': 64, 'lr': 0.000560437106459903, 'lambda_val': 1.4809166740983492e-06, 'batch_size': 3978, 'optimizer': 'RMSprop'}. Best is trial 19 with value: 0.021850334151434444.
2026-05-13 12:27:00,830 - optuna.study.study - INFO - Trial 75 finished with value: 0.004692204641686075 and parameters: {'n_layers': 1, 'embedding_dim': 64, 'lr': 0.0001865531426273123, 'lambda_val': 5.7002087372806405e-06, 'batch_size': 3796, 'optimizer': 'RMSprop'}. Best is trial 19 with value: 0.021850334151434444.
2026-05-13 12:27:36,795 - optuna.study.study - INFO - Trial 76 finished with value: 0.006477728129892414 and parameters: {'n_layers': 2, 'embedding_dim': 256, 'lr': 0.00027352578494752966, 'lambda_val': 3.2243766469171916e-06, 'batch_size': 3476, 'optimizer': 'RMSprop'}. Best is trial 19 with value: 0.021850334151434444.
2026-05-13 12:27:40,781 - optuna.study._optimize - INFO - Trial 77 pruned. 
2026-05-13 12:27:45,082 - optuna.study._optimize - INFO - Trial 78 pruned. 
2026-05-13 12:27:49,649 - optuna.study._optimize - INFO - Trial 79 pruned. 
2026-05-13 12:27:53,776 - optuna.study._optimize - INFO - Trial 80 pruned. 
2026-05-13 12:27:58,100 - optuna.study._optimize - INFO - Trial 81 pruned. 
2026-05-13 12:28:02,849 - optuna.study._optimize - INFO - Trial 82 pruned. 
2026-05-13 12:28:08,027 - optuna.study._optimize - INFO - Trial 83 pruned. 
2026-05-13 12:28:40,810 - optuna.study.study - INFO - Trial 84 finished with value: 0.005918063778519287 and parameters: {'n_layers': 1, 'embedding_dim': 256, 'lr': 9.205108494549427e-05, 'lambda_val': 0.0004419423468966423, 'batch_size': 3206, 'optimizer': 'Adam'}. Best is trial 19 with value: 0.021850334151434444.
2026-05-13 12:28:45,064 - optuna.study._optimize - INFO - Trial 85 pruned. 
2026-05-13 12:28:49,389 - optuna.study._optimize - INFO - Trial 86 pruned. 
2026-05-13 12:28:54,276 - optuna.study._optimize - INFO - Trial 87 pruned. 
2026-05-13 12:28:58,599 - optuna.study._optimize - INFO - Trial 88 pruned. 
2026-05-13 12:29:03,281 - optuna.study._optimize - INFO - Trial 89 pruned. 
2026-05-13 12:29:07,435 - optuna.study._optimize - INFO - Trial 90 pruned. 
2026-05-13 12:29:40,442 - optuna.study.study - INFO - Trial 91 finished with value: 0.005753134139101887 and parameters: {'n_layers': 1, 'embedding_dim': 256, 'lr': 0.00019120955221136208, 'lambda_val': 9.124663159709522e-05, 'batch_size': 2837, 'optimizer': 'Adam'}. Best is trial 19 with value: 0.021850334151434444.
2026-05-13 12:29:44,599 - optuna.study._optimize - INFO - Trial 92 pruned. 
2026-05-13 12:30:18,479 - optuna.study.study - INFO - Trial 93 finished with value: 0.005743615735641816 and parameters: {'n_layers': 1, 'embedding_dim': 256, 'lr': 0.00012819984017326485, 'lambda_val': 5.322831703877459e-05, 'batch_size': 3704, 'optimizer': 'Adam'}. Best is trial 19 with value: 0.021850334151434444.
2026-05-13 12:30:51,642 - optuna.study.study - INFO - Trial 94 finished with value: 0.005798354441219463 and parameters: {'n_layers': 1, 'embedding_dim': 256, 'lr': 5.5271527808338105e-05, 'lambda_val': 0.000675766150993663, 'batch_size': 3651, 'optimizer': 'Adam'}. Best is trial 19 with value: 0.021850334151434444.
2026-05-13 12:30:56,181 - optuna.study._optimize - INFO - Trial 95 pruned. 
2026-05-13 12:31:24,756 - optuna.study.study - INFO - Trial 96 finished with value: 0.009812145171770537 and parameters: {'n_layers': 1, 'embedding_dim': 96, 'lr': 0.00010558065597341831, 'lambda_val': 3.7544755981804976e-06, 'batch_size': 1824, 'optimizer': 'Adam'}. Best is trial 19 with value: 0.021850334151434444.
2026-05-13 12:32:03,247 - optuna.study.study - INFO - Trial 97 finished with value: 0.016852930274776454 and parameters: {'n_layers': 1, 'embedding_dim': 96, 'lr': 6.87662715346095e-05, 'lambda_val': 3.976686822682015e-06, 'batch_size': 1872, 'optimizer': 'Adam'}. Best is trial 19 with value: 0.021850334151434444.
2026-05-13 12:32:33,680 - optuna.study.study - INFO - Trial 98 finished with value: 0.005285734099713298 and parameters: {'n_layers': 2, 'embedding_dim': 96, 'lr': 8.057433719118499e-05, 'lambda_val': 2.571837469076578e-06, 'batch_size': 3363, 'optimizer': 'RMSprop'}. Best is trial 19 with value: 0.021850334151434444.
2026-05-13 12:32:37,432 - optuna.study._optimize - INFO - Trial 99 pruned. 
2026-05-13 12:33:05,240 - optuna.study.study - INFO - Trial 100 finished with value: 0.005815745557795838 and parameters: {'n_layers': 1, 'embedding_dim': 96, 'lr': 0.00014361646253701203, 'lambda_val': 2.36579428798054e-05, 'batch_size': 1947, 'optimizer': 'Adam'}. Best is trial 19 with value: 0.021850334151434444.
2026-05-13 12:33:32,433 - optuna.study.study - INFO - Trial 101 finished with value: 0.011227399100046873 and parameters: {'n_layers': 1, 'embedding_dim': 96, 'lr': 0.00010397149855764799, 'lambda_val': 3.956006434133265e-06, 'batch_size': 1717, 'optimizer': 'Adam'}. Best is trial 19 with value: 0.021850334151434444.
2026-05-13 12:33:36,822 - optuna.study._optimize - INFO - Trial 102 pruned. 
2026-05-13 12:34:05,235 - optuna.study.study - INFO - Trial 103 finished with value: 0.009411149579873834 and parameters: {'n_layers': 1, 'embedding_dim': 96, 'lr': 0.00010573924183152751, 'lambda_val': 3.926336843061465e-06, 'batch_size': 1561, 'optimizer': 'Adam'}. Best is trial 19 with value: 0.021850334151434444.
2026-05-13 12:34:08,798 - optuna.study._optimize - INFO - Trial 104 pruned. 
2026-05-13 12:34:12,853 - optuna.study._optimize - INFO - Trial 105 pruned. 
2026-05-13 12:34:17,494 - optuna.study._optimize - INFO - Trial 106 pruned. 
2026-05-13 12:34:45,609 - optuna.study.study - INFO - Trial 107 finished with value: 0.03265563060012234 and parameters: {'n_layers': 1, 'embedding_dim': 96, 'lr': 7.989218728984719e-05, 'lambda_val': 4.880584125149629e-06, 'batch_size': 639, 'optimizer': 'Adam'}. Best is trial 107 with value: 0.03265563060012234.
2026-05-13 12:35:13,848 - optuna.study.study - INFO - Trial 108 finished with value: 0.00903204542272167 and parameters: {'n_layers': 1, 'embedding_dim': 96, 'lr': 0.00016754598379132709, 'lambda_val': 6.723976329453099e-06, 'batch_size': 634, 'optimizer': 'Adam'}. Best is trial 107 with value: 0.03265563060012234.
2026-05-13 12:35:17,387 - optuna.study._optimize - INFO - Trial 109 pruned. 
2026-05-13 12:35:47,050 - optuna.study.study - INFO - Trial 110 finished with value: 0.004895314237692859 and parameters: {'n_layers': 2, 'embedding_dim': 96, 'lr': 0.00024100107516693118, 'lambda_val': 2.4002345349586063e-06, 'batch_size': 1123, 'optimizer': 'RMSprop'}. Best is trial 107 with value: 0.03265563060012234.
2026-05-13 12:36:14,580 - optuna.study.study - INFO - Trial 111 finished with value: 0.0258179719716779 and parameters: {'n_layers': 1, 'embedding_dim': 96, 'lr': 8.630529755412867e-05, 'lambda_val': 1.2060354960571042e-05, 'batch_size': 716, 'optimizer': 'Adam'}. Best is trial 107 with value: 0.03265563060012234.
2026-05-13 12:36:18,532 - optuna.study._optimize - INFO - Trial 112 pruned. 
2026-05-13 12:36:22,769 - optuna.study._optimize - INFO - Trial 113 pruned. 
2026-05-13 12:36:52,160 - optuna.study.study - INFO - Trial 114 finished with value: 0.022693460967201772 and parameters: {'n_layers': 1, 'embedding_dim': 96, 'lr': 0.00011807553712163831, 'lambda_val': 1.6356606592523133e-06, 'batch_size': 624, 'optimizer': 'Adam'}. Best is trial 107 with value: 0.03265563060012234.
2026-05-13 12:36:56,616 - optuna.study._optimize - INFO - Trial 115 pruned. 
2026-05-13 12:37:00,747 - optuna.study._optimize - INFO - Trial 116 pruned. 
2026-05-13 12:37:04,902 - optuna.study._optimize - INFO - Trial 117 pruned. 
2026-05-13 12:37:09,032 - optuna.study._optimize - INFO - Trial 118 pruned. 
2026-05-13 12:37:37,794 - optuna.study.study - INFO - Trial 119 finished with value: 0.007625326809152944 and parameters: {'n_layers': 4, 'embedding_dim': 96, 'lr': 0.00012642432862981193, 'lambda_val': 2.6194100489202097e-06, 'batch_size': 774, 'optimizer': 'RMSprop'}. Best is trial 107 with value: 0.03265563060012234.
2026-05-13 12:38:03,926 - optuna.study.study - INFO - Trial 120 finished with value: 0.02998252354263807 and parameters: {'n_layers': 1, 'embedding_dim': 64, 'lr': 9.189120597908531e-05, 'lambda_val': 1.5445810026165065e-06, 'batch_size': 1213, 'optimizer': 'Adam'}. Best is trial 107 with value: 0.03265563060012234.
2026-05-13 12:38:32,397 - optuna.study.study - INFO - Trial 121 finished with value: 0.030128356039414887 and parameters: {'n_layers': 1, 'embedding_dim': 64, 'lr': 9.668568870606183e-05, 'lambda_val': 1.728409465158165e-06, 'batch_size': 863, 'optimizer': 'Adam'}. Best is trial 107 with value: 0.03265563060012234.
2026-05-13 12:39:00,098 - optuna.study.study - INFO - Trial 122 finished with value: 0.00651871739873933 and parameters: {'n_layers': 1, 'embedding_dim': 64, 'lr': 0.00015518164007978318, 'lambda_val': 1.5226860540676537e-06, 'batch_size': 1249, 'optimizer': 'Adam'}. Best is trial 107 with value: 0.03265563060012234.
2026-05-13 12:39:04,010 - optuna.study._optimize - INFO - Trial 123 pruned. 
2026-05-13 12:39:32,447 - optuna.study.study - INFO - Trial 124 finished with value: 0.02651287494343987 and parameters: {'n_layers': 1, 'embedding_dim': 64, 'lr': 0.00011623479738645606, 'lambda_val': 1.9566482518376955e-06, 'batch_size': 860, 'optimizer': 'Adam'}. Best is trial 107 with value: 0.03265563060012234.
2026-05-13 12:40:02,731 - optuna.study.study - INFO - Trial 125 finished with value: 0.010232814339334928 and parameters: {'n_layers': 1, 'embedding_dim': 64, 'lr': 0.0002152415780515688, 'lambda_val': 1.751536258510224e-06, 'batch_size': 724, 'optimizer': 'Adam'}. Best is trial 107 with value: 0.03265563060012234.
2026-05-13 12:40:06,434 - optuna.study._optimize - INFO - Trial 126 pruned. 
2026-05-13 12:40:33,727 - optuna.study.study - INFO - Trial 127 finished with value: 0.020935593874005544 and parameters: {'n_layers': 1, 'embedding_dim': 64, 'lr': 0.00011830579908812592, 'lambda_val': 3.0759867323448026e-06, 'batch_size': 873, 'optimizer': 'Adam'}. Best is trial 107 with value: 0.03265563060012234.
2026-05-13 12:41:02,744 - optuna.study.study - INFO - Trial 128 finished with value: 0.018007439981038334 and parameters: {'n_layers': 1, 'embedding_dim': 64, 'lr': 0.00012106117587701227, 'lambda_val': 2.0757557291119086e-06, 'batch_size': 875, 'optimizer': 'Adam'}. Best is trial 107 with value: 0.03265563060012234.
2026-05-13 12:41:29,756 - optuna.study.study - INFO - Trial 129 finished with value: 0.013613516079838826 and parameters: {'n_layers': 1, 'embedding_dim': 64, 'lr': 0.00012855325092355965, 'lambda_val': 3.094001131750622e-06, 'batch_size': 1059, 'optimizer': 'Adam'}. Best is trial 107 with value: 0.03265563060012234.
2026-05-13 12:41:57,401 - optuna.study.study - INFO - Trial 130 finished with value: 0.006147548968091492 and parameters: {'n_layers': 1, 'embedding_dim': 64, 'lr': 0.0003425910613231457, 'lambda_val': 2.285861210940029e-06, 'batch_size': 871, 'optimizer': 'Adam'}. Best is trial 107 with value: 0.03265563060012234.
2026-05-13 12:42:24,032 - optuna.study.study - INFO - Trial 131 finished with value: 0.020667193499677664 and parameters: {'n_layers': 1, 'embedding_dim': 64, 'lr': 0.000124177182247289, 'lambda_val': 1.955865250941696e-06, 'batch_size': 718, 'optimizer': 'Adam'}. Best is trial 107 with value: 0.03265563060012234.
2026-05-13 12:42:52,249 - optuna.study.study - INFO - Trial 132 finished with value: 0.01730353499335087 and parameters: {'n_layers': 1, 'embedding_dim': 64, 'lr': 0.0001543119815246464, 'lambda_val': 2.698320888360501e-06, 'batch_size': 674, 'optimizer': 'Adam'}. Best is trial 107 with value: 0.03265563060012234.
2026-05-13 12:43:20,747 - optuna.study.study - INFO - Trial 133 finished with value: 0.014010813134318354 and parameters: {'n_layers': 1, 'embedding_dim': 64, 'lr': 0.00016701057675013034, 'lambda_val': 3.401997735269701e-06, 'batch_size': 700, 'optimizer': 'Adam'}. Best is trial 107 with value: 0.03265563060012234.
2026-05-13 12:43:25,053 - optuna.study._optimize - INFO - Trial 134 pruned. 
2026-05-13 12:43:52,155 - optuna.study.study - INFO - Trial 135 finished with value: 0.027593992937397494 and parameters: {'n_layers': 1, 'embedding_dim': 64, 'lr': 0.0001259114358949875, 'lambda_val': 1.3535961145089268e-06, 'batch_size': 733, 'optimizer': 'Adam'}. Best is trial 107 with value: 0.03265563060012234.
2026-05-13 12:44:20,183 - optuna.study.study - INFO - Trial 136 finished with value: 0.005883364053447505 and parameters: {'n_layers': 1, 'embedding_dim': 64, 'lr': 0.00026982501852769507, 'lambda_val': 1.3837309289265178e-06, 'batch_size': 634, 'optimizer': 'Adam'}. Best is trial 107 with value: 0.03265563060012234.
2026-05-13 12:44:47,424 - optuna.study.study - INFO - Trial 137 finished with value: 0.022030987722057492 and parameters: {'n_layers': 1, 'embedding_dim': 64, 'lr': 0.00012579308436791407, 'lambda_val': 2.8055275088275346e-06, 'batch_size': 744, 'optimizer': 'Adam'}. Best is trial 107 with value: 0.03265563060012234.
2026-05-13 12:45:15,507 - optuna.study.study - INFO - Trial 138 finished with value: 0.005055739208643831 and parameters: {'n_layers': 1, 'embedding_dim': 64, 'lr': 0.00019834743324073463, 'lambda_val': 1.6786049323340478e-06, 'batch_size': 756, 'optimizer': 'Adam'}. Best is trial 107 with value: 0.03265563060012234.
2026-05-13 12:45:43,207 - optuna.study.study - INFO - Trial 139 finished with value: 0.016386788637077012 and parameters: {'n_layers': 1, 'embedding_dim': 64, 'lr': 0.00013896233018611897, 'lambda_val': 1.3626519235088037e-06, 'batch_size': 860, 'optimizer': 'Adam'}. Best is trial 107 with value: 0.03265563060012234.
2026-05-13 12:46:10,734 - optuna.study.study - INFO - Trial 140 finished with value: 0.015475431380728022 and parameters: {'n_layers': 1, 'embedding_dim': 64, 'lr': 0.00012163198135730891, 'lambda_val': 1.0070936844746845e-06, 'batch_size': 909, 'optimizer': 'Adam'}. Best is trial 107 with value: 0.03265563060012234.
2026-05-13 12:46:40,396 - optuna.study.study - INFO - Trial 141 finished with value: 0.021478312269196304 and parameters: {'n_layers': 1, 'embedding_dim': 64, 'lr': 0.0001561525245768901, 'lambda_val': 2.670166844474403e-06, 'batch_size': 582, 'optimizer': 'Adam'}. Best is trial 107 with value: 0.03265563060012234.
2026-05-13 12:46:44,469 - optuna.study._optimize - INFO - Trial 142 pruned. 
2026-05-13 12:47:12,168 - optuna.study.study - INFO - Trial 143 finished with value: 0.01607655420651901 and parameters: {'n_layers': 1, 'embedding_dim': 64, 'lr': 0.00011591472541284758, 'lambda_val': 2.2276323808424062e-06, 'batch_size': 971, 'optimizer': 'Adam'}. Best is trial 107 with value: 0.03265563060012234.
2026-05-13 12:47:40,314 - optuna.study.study - INFO - Trial 144 finished with value: 0.008225404255396248 and parameters: {'n_layers': 1, 'embedding_dim': 64, 'lr': 0.0001936529256748281, 'lambda_val': 2.8501915717648054e-06, 'batch_size': 735, 'optimizer': 'Adam'}. Best is trial 107 with value: 0.03265563060012234.
2026-05-13 12:47:45,690 - optuna.study._optimize - INFO - Trial 145 pruned. 
2026-05-13 12:48:23,275 - optuna.study.study - INFO - Trial 146 finished with value: 0.006067500405188003 and parameters: {'n_layers': 1, 'embedding_dim': 64, 'lr': 0.0003261876638473285, 'lambda_val': 1.303306772114216e-06, 'batch_size': 645, 'optimizer': 'Adam'}. Best is trial 107 with value: 0.03265563060012234.
2026-05-13 12:48:26,960 - optuna.study._optimize - INFO - Trial 147 pruned. 
2026-05-13 12:48:30,922 - optuna.study._optimize - INFO - Trial 148 pruned. 
2026-05-13 12:48:34,248 - optuna.study._optimize - INFO - Trial 149 pruned. 
2026-05-13 12:48:54,546 - optuna.study.study - INFO - Trial 150 finished with value: 0.008201078236138068 and parameters: {'n_layers': 1, 'embedding_dim': 64, 'lr': 0.00022895406319099217, 'lambda_val': 2.2974335049091236e-06, 'batch_size': 513, 'optimizer': 'Adam'}. Best is trial 107 with value: 0.03265563060012234.
2026-05-13 12:49:30,565 - optuna.study.study - INFO - Trial 151 finished with value: 0.014963492524806058 and parameters: {'n_layers': 1, 'embedding_dim': 64, 'lr': 0.0001595403442178016, 'lambda_val': 2.6815545663855055e-06, 'batch_size': 668, 'optimizer': 'Adam'}. Best is trial 107 with value: 0.03265563060012234.
2026-05-13 12:49:34,360 - optuna.study._optimize - INFO - Trial 152 pruned. 
2026-05-13 12:49:39,125 - optuna.study._optimize - INFO - Trial 153 pruned. 
2026-05-13 12:50:06,214 - optuna.study.study - INFO - Trial 154 finished with value: 0.011358208461080732 and parameters: {'n_layers': 1, 'embedding_dim': 64, 'lr': 0.00012802727669079523, 'lambda_val': 3.5929176006842902e-06, 'batch_size': 935, 'optimizer': 'Adam'}. Best is trial 107 with value: 0.03265563060012234.
2026-05-13 12:50:09,832 - optuna.study._optimize - INFO - Trial 155 pruned. 
2026-05-13 12:50:13,613 - optuna.study._optimize - INFO - Trial 156 pruned. 
2026-05-13 12:50:40,190 - optuna.study.study - INFO - Trial 157 finished with value: 0.009605222776282864 and parameters: {'n_layers': 1, 'embedding_dim': 64, 'lr': 0.0001297277495405379, 'lambda_val': 2.6197952419084423e-06, 'batch_size': 1172, 'optimizer': 'Adam'}. Best is trial 107 with value: 0.03265563060012234.
2026-05-13 12:50:44,042 - optuna.study._optimize - INFO - Trial 158 pruned. 
2026-05-13 12:51:11,011 - optuna.study.study - INFO - Trial 159 finished with value: 0.005979288501065508 and parameters: {'n_layers': 1, 'embedding_dim': 64, 'lr': 0.00018297883647074245, 'lambda_val': 4.480432323517579e-06, 'batch_size': 881, 'optimizer': 'Adam'}. Best is trial 107 with value: 0.03265563060012234.
2026-05-13 12:51:14,373 - optuna.study._optimize - INFO - Trial 160 pruned. 
2026-05-13 12:51:17,515 - optuna.study._optimize - INFO - Trial 161 pruned. 
2026-05-13 12:51:20,785 - optuna.study._optimize - INFO - Trial 162 pruned. 
2026-05-13 12:51:24,703 - optuna.study._optimize - INFO - Trial 163 pruned. 
2026-05-13 12:51:29,173 - optuna.study._optimize - INFO - Trial 164 pruned. 
2026-05-13 12:51:33,237 - optuna.study._optimize - INFO - Trial 165 pruned. 
2026-05-13 12:52:01,089 - optuna.study.study - INFO - Trial 166 finished with value: 0.014131055988908165 and parameters: {'n_layers': 1, 'embedding_dim': 64, 'lr': 0.00014775841115351006, 'lambda_val': 2.3409701970189883e-06, 'batch_size': 822, 'optimizer': 'Adam'}. Best is trial 107 with value: 0.03265563060012234.
2026-05-13 12:52:05,155 - optuna.study._optimize - INFO - Trial 167 pruned. 
2026-05-13 12:52:08,934 - optuna.study._optimize - INFO - Trial 168 pruned. 
2026-05-13 12:52:12,014 - optuna.study._optimize - INFO - Trial 169 pruned. 
2026-05-13 12:52:15,170 - optuna.study._optimize - INFO - Trial 170 pruned. 
2026-05-13 12:52:37,558 - optuna.study.study - INFO - Trial 171 finished with value: 0.016830751584671955 and parameters: {'n_layers': 1, 'embedding_dim': 64, 'lr': 0.0001392610123146579, 'lambda_val': 1.337867695214269e-06, 'batch_size': 1041, 'optimizer': 'Adam'}. Best is trial 107 with value: 0.03265563060012234.
2026-05-13 12:53:01,963 - optuna.study.study - INFO - Trial 172 finished with value: 0.012941759217299587 and parameters: {'n_layers': 1, 'embedding_dim': 64, 'lr': 0.0001385786687168012, 'lambda_val': 1.3205047609405515e-06, 'batch_size': 1089, 'optimizer': 'Adam'}. Best is trial 107 with value: 0.03265563060012234.
2026-05-13 12:53:06,179 - optuna.study._optimize - INFO - Trial 173 pruned. 
2026-05-13 12:53:33,309 - optuna.study.study - INFO - Trial 174 finished with value: 0.007980876851594487 and parameters: {'n_layers': 1, 'embedding_dim': 64, 'lr': 0.00021838971292763138, 'lambda_val': 1.5458730964875324e-06, 'batch_size': 861, 'optimizer': 'Adam'}. Best is trial 107 with value: 0.03265563060012234.
2026-05-13 12:53:37,424 - optuna.study._optimize - INFO - Trial 175 pruned. 
2026-05-13 12:54:05,542 - optuna.study.study - INFO - Trial 176 finished with value: 0.005399146755784841 and parameters: {'n_layers': 1, 'embedding_dim': 96, 'lr': 0.0001536908975662852, 'lambda_val': 1.8279532511840243e-06, 'batch_size': 945, 'optimizer': 'Adam'}. Best is trial 107 with value: 0.03265563060012234.
2026-05-13 12:54:34,653 - optuna.study.study - INFO - Trial 177 finished with value: 0.02084632315307422 and parameters: {'n_layers': 1, 'embedding_dim': 64, 'lr': 0.0001281377060389107, 'lambda_val': 1.1958805138127688e-06, 'batch_size': 768, 'optimizer': 'Adam'}. Best is trial 107 with value: 0.03265563060012234.
2026-05-13 12:55:02,055 - optuna.study.study - INFO - Trial 178 finished with value: 0.026687726039237705 and parameters: {'n_layers': 1, 'embedding_dim': 32, 'lr': 0.00011745915045023368, 'lambda_val': 2.746626914290459e-06, 'batch_size': 786, 'optimizer': 'Adam'}. Best is trial 107 with value: 0.03265563060012234.
2026-05-13 12:55:06,337 - optuna.study._optimize - INFO - Trial 179 pruned. 
2026-05-13 12:55:10,587 - optuna.study._optimize - INFO - Trial 180 pruned. 
2026-05-13 12:55:14,492 - optuna.study._optimize - INFO - Trial 181 pruned. 
2026-05-13 12:55:43,676 - optuna.study.study - INFO - Trial 182 finished with value: 0.02438002971879604 and parameters: {'n_layers': 1, 'embedding_dim': 32, 'lr': 0.00012035379783440704, 'lambda_val': 3.003200459082641e-06, 'batch_size': 749, 'optimizer': 'Adam'}. Best is trial 107 with value: 0.03265563060012234.
2026-05-13 12:55:48,024 - optuna.study._optimize - INFO - Trial 183 pruned. 
2026-05-13 12:56:16,414 - optuna.study.study - INFO - Trial 184 finished with value: 0.026976645337782008 and parameters: {'n_layers': 1, 'embedding_dim': 32, 'lr': 0.00011742276600741497, 'lambda_val': 1.6610003483660638e-06, 'batch_size': 824, 'optimizer': 'Adam'}. Best is trial 107 with value: 0.03265563060012234.
2026-05-13 12:56:20,420 - optuna.study._optimize - INFO - Trial 185 pruned. 
2026-05-13 12:56:50,587 - optuna.study.study - INFO - Trial 186 finished with value: 0.025342560721701646 and parameters: {'n_layers': 1, 'embedding_dim': 32, 'lr': 0.00012288470763072897, 'lambda_val': 1.029632807755583e-06, 'batch_size': 900, 'optimizer': 'Adam'}. Best is trial 107 with value: 0.03265563060012234.
2026-05-13 12:57:12,203 - optuna.study._optimize - INFO - Trial 187 pruned. 
2026-05-13 12:57:15,989 - optuna.study._optimize - INFO - Trial 188 pruned. 
2026-05-13 12:57:19,842 - optuna.study._optimize - INFO - Trial 189 pruned. 
2026-05-13 12:57:47,311 - optuna.study.study - INFO - Trial 190 finished with value: 0.006032317393204924 and parameters: {'n_layers': 1, 'embedding_dim': 32, 'lr': 0.00025826128741189276, 'lambda_val': 1.7412334529745262e-06, 'batch_size': 854, 'optimizer': 'Adam'}. Best is trial 107 with value: 0.03265563060012234.
2026-05-13 12:57:50,832 - optuna.study._optimize - INFO - Trial 191 pruned. 
2026-05-13 12:57:56,388 - optuna.study._optimize - INFO - Trial 192 pruned. 
2026-05-13 12:57:59,843 - optuna.study._optimize - INFO - Trial 193 pruned. 
2026-05-13 12:58:04,030 - optuna.study._optimize - INFO - Trial 194 pruned. 
2026-05-13 12:58:08,627 - optuna.study._optimize - INFO - Trial 195 pruned. 
2026-05-13 12:58:12,626 - optuna.study._optimize - INFO - Trial 196 pruned. 
2026-05-13 12:58:40,070 - optuna.study.study - INFO - Trial 197 finished with value: 0.025798796309486047 and parameters: {'n_layers': 1, 'embedding_dim': 32, 'lr': 0.00016403300691216375, 'lambda_val': 1.8662101792680167e-06, 'batch_size': 602, 'optimizer': 'Adam'}. Best is trial 107 with value: 0.03265563060012234.
2026-05-13 12:59:08,924 - optuna.study.study - INFO - Trial 198 finished with value: 0.024240916233810104 and parameters: {'n_layers': 1, 'embedding_dim': 32, 'lr': 0.00017094748362600037, 'lambda_val': 1.8789412676199688e-06, 'batch_size': 573, 'optimizer': 'Adam'}. Best is trial 107 with value: 0.03265563060012234.
2026-05-13 12:59:39,015 - optuna.study.study - INFO - Trial 199 finished with value: 0.02419327551148511 and parameters: {'n_layers': 1, 'embedding_dim': 32, 'lr': 0.00017132488345117754, 'lambda_val': 1.8607900698644864e-06, 'batch_size': 565, 'optimizer': 'Adam'}. Best is trial 107 with value: 0.03265563060012234.
2026-05-13 12:59:58,891 - root - INFO -   ** Getting the trainable edges:
2026-05-13 12:59:58,896 - helper_functions - INFO -      Number of nodes: 3657
2026-05-13 12:59:58,896 - helper_functions - INFO -      Ratio: 0.4035978368833462
2026-05-13 12:59:58,896 - helper_functions - INFO -      Number of unique users: 325
2026-05-13 12:59:58,896 - helper_functions - INFO -      Number of unique items: 3332
2026-05-13 12:59:58,896 - helper_functions - INFO -      Total dominant set edge: 67989
2026-05-13 12:59:58,896 - helper_functions - INFO -      Trainable edges: 54391.200000000004
2026-05-13 12:59:58,904 - root - INFO -   **** Getting 67989 dominant set edges
2026-05-13 12:59:59,481 - optuna.storages._rdb.storage - INFO - A new study created in RDB with name: Study_e_100K_1c2dcs
2026-05-13 13:00:49,881 - optuna.study.study - INFO - Trial 0 finished with value: 0.011227813354280998 and parameters: {'n_layers': 4, 'embedding_dim': 32, 'lr': 0.006135026406319004, 'lambda_val': 1.2094676433307128e-05, 'batch_size': 779, 'optimizer': 'RMSprop'}. Best is trial 0 with value: 0.011227813354280998.
2026-05-13 13:01:29,413 - optuna.study.study - INFO - Trial 1 finished with value: 0.08987168849690128 and parameters: {'n_layers': 1, 'embedding_dim': 128, 'lr': 6.80386585396078e-05, 'lambda_val': 6.740682513686066e-05, 'batch_size': 677, 'optimizer': 'Adam'}. Best is trial 1 with value: 0.08987168849690128.
2026-05-13 13:02:01,932 - optuna.study.study - INFO - Trial 2 finished with value: 0.0025596369814666086 and parameters: {'n_layers': 2, 'embedding_dim': 96, 'lr': 4.5816732609244174e-05, 'lambda_val': 0.039177558688213474, 'batch_size': 2001, 'optimizer': 'SGD'}. Best is trial 1 with value: 0.08987168849690128.
2026-05-13 13:02:30,092 - optuna.study.study - INFO - Trial 3 finished with value: 0.003020131749668992 and parameters: {'n_layers': 1, 'embedding_dim': 64, 'lr': 0.0003791386796475666, 'lambda_val': 0.00018619421570844632, 'batch_size': 3377, 'optimizer': 'SGD'}. Best is trial 1 with value: 0.08987168849690128.
2026-05-13 13:03:06,168 - optuna.study.study - INFO - Trial 4 finished with value: 0.014779357501221438 and parameters: {'n_layers': 4, 'embedding_dim': 32, 'lr': 0.021996312448289198, 'lambda_val': 0.0002707352063878732, 'batch_size': 1698, 'optimizer': 'RMSprop'}. Best is trial 1 with value: 0.08987168849690128.
2026-05-13 13:03:37,517 - optuna.study.study - INFO - Trial 5 finished with value: 0.06265268011079718 and parameters: {'n_layers': 1, 'embedding_dim': 64, 'lr': 5.369560613194237e-05, 'lambda_val': 3.431722227683645e-05, 'batch_size': 4063, 'optimizer': 'Adam'}. Best is trial 1 with value: 0.08987168849690128.
2026-05-13 13:03:42,071 - optuna.study._optimize - INFO - Trial 6 pruned. 
2026-05-13 13:04:12,922 - optuna.study.study - INFO - Trial 7 finished with value: 0.05718316682362166 and parameters: {'n_layers': 1, 'embedding_dim': 32, 'lr': 0.011451896278741524, 'lambda_val': 0.0049279004420771004, 'batch_size': 3400, 'optimizer': 'Adam'}. Best is trial 1 with value: 0.08987168849690128.
2026-05-13 13:04:47,874 - optuna.study.study - INFO - Trial 8 finished with value: 0.013280560461066716 and parameters: {'n_layers': 3, 'embedding_dim': 64, 'lr': 0.00018373450559542348, 'lambda_val': 5.124130156207605e-06, 'batch_size': 2013, 'optimizer': 'RMSprop'}. Best is trial 1 with value: 0.08987168849690128.
2026-05-13 13:04:52,246 - optuna.study._optimize - INFO - Trial 9 pruned. 
2026-05-13 13:05:35,231 - optuna.study.study - INFO - Trial 10 finished with value: 0.029317871071364656 and parameters: {'n_layers': 2, 'embedding_dim': 256, 'lr': 0.002110069409808251, 'lambda_val': 0.003808460894459913, 'batch_size': 534, 'optimizer': 'Adam'}. Best is trial 1 with value: 0.08987168849690128.
2026-05-13 13:05:40,255 - optuna.study._optimize - INFO - Trial 11 pruned. 
2026-05-13 13:05:48,825 - optuna.study._optimize - INFO - Trial 12 pruned. 
2026-05-13 13:06:25,715 - optuna.study.study - INFO - Trial 13 finished with value: 0.051586125631369495 and parameters: {'n_layers': 1, 'embedding_dim': 256, 'lr': 0.0008025596626859932, 'lambda_val': 3.685470707936506e-05, 'batch_size': 2643, 'optimizer': 'Adam'}. Best is trial 1 with value: 0.08987168849690128.
2026-05-13 13:06:30,152 - optuna.study._optimize - INFO - Trial 14 pruned. 
2026-05-13 13:06:59,724 - optuna.study.study - INFO - Trial 15 finished with value: 0.057862411856265276 and parameters: {'n_layers': 1, 'embedding_dim': 64, 'lr': 0.0002587479962525958, 'lambda_val': 1.7010288514771718e-06, 'batch_size': 4038, 'optimizer': 'Adam'}. Best is trial 1 with value: 0.08987168849690128.
2026-05-13 13:07:05,433 - optuna.study._optimize - INFO - Trial 16 pruned. 
2026-05-13 13:07:40,641 - optuna.study.study - INFO - Trial 17 finished with value: 0.025199528946580722 and parameters: {'n_layers': 2, 'embedding_dim': 128, 'lr': 0.0013839065784718694, 'lambda_val': 7.78779071315535e-05, 'batch_size': 1184, 'optimizer': 'Adam'}. Best is trial 1 with value: 0.08987168849690128.
2026-05-13 13:07:45,419 - optuna.study._optimize - INFO - Trial 18 pruned. 
2026-05-13 13:07:49,747 - optuna.study._optimize - INFO - Trial 19 pruned. 
2026-05-13 13:08:25,998 - optuna.study.study - INFO - Trial 20 finished with value: 0.06895669751509072 and parameters: {'n_layers': 1, 'embedding_dim': 256, 'lr': 0.000483182221823375, 'lambda_val': 9.589096473522346e-05, 'batch_size': 2346, 'optimizer': 'Adam'}. Best is trial 1 with value: 0.08987168849690128.
2026-05-13 13:09:01,395 - optuna.study.study - INFO - Trial 21 finished with value: 0.06061107288821482 and parameters: {'n_layers': 1, 'embedding_dim': 256, 'lr': 0.0007418786997242893, 'lambda_val': 0.00010617443302776218, 'batch_size': 2202, 'optimizer': 'Adam'}. Best is trial 1 with value: 0.08987168849690128.
2026-05-13 13:09:38,841 - optuna.study.study - INFO - Trial 22 finished with value: 0.05815014944179719 and parameters: {'n_layers': 1, 'embedding_dim': 256, 'lr': 0.00041840119550111166, 'lambda_val': 0.0007171495267817007, 'batch_size': 3681, 'optimizer': 'Adam'}. Best is trial 1 with value: 0.08987168849690128.
2026-05-13 13:09:43,638 - optuna.study._optimize - INFO - Trial 23 pruned. 
2026-05-13 13:09:54,019 - optuna.study._optimize - INFO - Trial 24 pruned. 
2026-05-13 13:09:59,357 - optuna.study._optimize - INFO - Trial 25 pruned. 
2026-05-13 13:10:19,159 - optuna.study._optimize - INFO - Trial 26 pruned. 
2026-05-13 13:10:56,677 - optuna.study.study - INFO - Trial 27 finished with value: 0.06672094999698341 and parameters: {'n_layers': 1, 'embedding_dim': 256, 'lr': 0.0004711866502078227, 'lambda_val': 0.0001446049187198809, 'batch_size': 3775, 'optimizer': 'Adam'}. Best is trial 1 with value: 0.08987168849690128.
2026-05-13 13:11:02,890 - optuna.study._optimize - INFO - Trial 28 pruned. 
2026-05-13 13:11:09,945 - optuna.study._optimize - INFO - Trial 29 pruned. 
2026-05-13 13:11:27,669 - optuna.study._optimize - INFO - Trial 30 pruned. 
2026-05-13 13:12:04,783 - optuna.study.study - INFO - Trial 31 finished with value: 0.07855691947874499 and parameters: {'n_layers': 1, 'embedding_dim': 256, 'lr': 0.0002182956216931022, 'lambda_val': 2.4594111229669327e-05, 'batch_size': 3741, 'optimizer': 'Adam'}. Best is trial 1 with value: 0.08987168849690128.
2026-05-13 13:12:44,946 - optuna.study.study - INFO - Trial 32 finished with value: 0.07954535901664078 and parameters: {'n_layers': 1, 'embedding_dim': 256, 'lr': 0.00022187225671425924, 'lambda_val': 1.6481676927458322e-05, 'batch_size': 3847, 'optimizer': 'Adam'}. Best is trial 1 with value: 0.08987168849690128.
2026-05-13 13:13:21,986 - optuna.study.study - INFO - Trial 33 finished with value: 0.08020730008409115 and parameters: {'n_layers': 1, 'embedding_dim': 256, 'lr': 0.00022802283010239864, 'lambda_val': 1.9461590553234595e-05, 'batch_size': 3669, 'optimizer': 'Adam'}. Best is trial 1 with value: 0.08987168849690128.
2026-05-13 13:13:26,333 - optuna.study._optimize - INFO - Trial 34 pruned. 
2026-05-13 13:13:31,139 - optuna.study._optimize - INFO - Trial 35 pruned. 
2026-05-13 13:13:35,926 - optuna.study._optimize - INFO - Trial 36 pruned. 
2026-05-13 13:13:40,103 - optuna.study._optimize - INFO - Trial 37 pruned. 
2026-05-13 13:13:47,824 - optuna.study._optimize - INFO - Trial 38 pruned. 
2026-05-13 13:14:20,108 - optuna.study.study - INFO - Trial 39 finished with value: 0.0700884996935604 and parameters: {'n_layers': 1, 'embedding_dim': 128, 'lr': 0.00025136813059516415, 'lambda_val': 2.0552006507823942e-05, 'batch_size': 3242, 'optimizer': 'Adam'}. Best is trial 1 with value: 0.08987168849690128.
2026-05-13 13:14:26,010 - optuna.study._optimize - INFO - Trial 40 pruned. 
2026-05-13 13:14:58,644 - optuna.study.study - INFO - Trial 41 finished with value: 0.07282809097051739 and parameters: {'n_layers': 1, 'embedding_dim': 128, 'lr': 0.00028557296015435234, 'lambda_val': 1.1843058541340539e-05, 'batch_size': 3324, 'optimizer': 'Adam'}. Best is trial 1 with value: 0.08987168849690128.
2026-05-13 13:15:30,910 - optuna.study.study - INFO - Trial 42 finished with value: 0.042043522579272526 and parameters: {'n_layers': 1, 'embedding_dim': 128, 'lr': 0.000788336042891346, 'lambda_val': 4.277636789060576e-06, 'batch_size': 3903, 'optimizer': 'Adam'}. Best is trial 1 with value: 0.08987168849690128.
2026-05-13 13:16:02,528 - optuna.study.study - INFO - Trial 43 finished with value: 0.07721529130233255 and parameters: {'n_layers': 1, 'embedding_dim': 128, 'lr': 0.00030425450912394245, 'lambda_val': 1.1071883170965526e-05, 'batch_size': 3298, 'optimizer': 'Adam'}. Best is trial 1 with value: 0.08987168849690128.
2026-05-13 13:16:06,588 - optuna.study._optimize - INFO - Trial 44 pruned. 
2026-05-13 13:16:10,716 - optuna.study._optimize - INFO - Trial 45 pruned. 
2026-05-13 13:16:14,871 - optuna.study._optimize - INFO - Trial 46 pruned. 
2026-05-13 13:16:45,856 - optuna.study.study - INFO - Trial 47 finished with value: 0.04582967575221726 and parameters: {'n_layers': 1, 'embedding_dim': 96, 'lr': 0.0006679569430708143, 'lambda_val': 2.2124236343132125e-05, 'batch_size': 2855, 'optimizer': 'Adam'}. Best is trial 1 with value: 0.08987168849690128.
2026-05-13 13:16:50,757 - optuna.study._optimize - INFO - Trial 48 pruned. 
2026-05-13 13:17:28,030 - optuna.study.study - INFO - Trial 49 finished with value: 0.07432913788037385 and parameters: {'n_layers': 1, 'embedding_dim': 256, 'lr': 0.0003345598055696837, 'lambda_val': 5.6473514242870945e-06, 'batch_size': 3205, 'optimizer': 'Adam'}. Best is trial 1 with value: 0.08987168849690128.
2026-05-13 13:17:33,063 - optuna.study._optimize - INFO - Trial 50 pruned. 
2026-05-13 13:18:18,607 - optuna.study.study - INFO - Trial 51 finished with value: 0.06690009779578095 and parameters: {'n_layers': 1, 'embedding_dim': 256, 'lr': 0.00032660665829638427, 'lambda_val': 5.754707688417229e-06, 'batch_size': 3264, 'optimizer': 'Adam'}. Best is trial 1 with value: 0.08987168849690128.
2026-05-13 13:18:55,462 - optuna.study.study - INFO - Trial 52 finished with value: 0.0868835988004181 and parameters: {'n_layers': 1, 'embedding_dim': 256, 'lr': 0.00017637305701755172, 'lambda_val': 3.7073243577260044e-06, 'batch_size': 3175, 'optimizer': 'Adam'}. Best is trial 1 with value: 0.08987168849690128.
2026-05-13 13:19:32,484 - optuna.study.study - INFO - Trial 53 finished with value: 0.08303010861805117 and parameters: {'n_layers': 1, 'embedding_dim': 256, 'lr': 0.00017221020599326073, 'lambda_val': 1.0196406994244991e-06, 'batch_size': 3680, 'optimizer': 'Adam'}. Best is trial 1 with value: 0.08987168849690128.
2026-05-13 13:19:37,184 - optuna.study._optimize - INFO - Trial 54 pruned. 
2026-05-13 13:19:42,612 - optuna.study._optimize - INFO - Trial 55 pruned. 
2026-05-13 13:19:47,708 - optuna.study._optimize - INFO - Trial 56 pruned. 
2026-05-13 13:19:52,430 - optuna.study._optimize - INFO - Trial 57 pruned. 
2026-05-13 13:19:57,880 - optuna.study._optimize - INFO - Trial 58 pruned. 
2026-05-13 13:20:01,874 - optuna.study._optimize - INFO - Trial 59 pruned. 
2026-05-13 13:20:07,451 - optuna.study._optimize - INFO - Trial 60 pruned. 
2026-05-13 13:20:44,608 - optuna.study.study - INFO - Trial 61 finished with value: 0.06188311620752186 and parameters: {'n_layers': 1, 'embedding_dim': 256, 'lr': 0.0005849470108100715, 'lambda_val': 1.0563845000165373e-05, 'batch_size': 3094, 'optimizer': 'Adam'}. Best is trial 1 with value: 0.08987168849690128.
2026-05-13 13:20:49,021 - optuna.study._optimize - INFO - Trial 62 pruned. 
2026-05-13 13:20:53,580 - optuna.study._optimize - INFO - Trial 63 pruned. 
2026-05-13 13:20:58,570 - optuna.study._optimize - INFO - Trial 64 pruned. 
2026-05-13 13:21:35,967 - optuna.study.study - INFO - Trial 65 finished with value: 0.08266764198137724 and parameters: {'n_layers': 1, 'embedding_dim': 256, 'lr': 0.00024008228720440294, 'lambda_val': 4.088188100350495e-06, 'batch_size': 3739, 'optimizer': 'Adam'}. Best is trial 1 with value: 0.08987168849690128.
2026-05-13 13:22:13,773 - optuna.study.study - INFO - Trial 66 finished with value: 0.08267240056628554 and parameters: {'n_layers': 1, 'embedding_dim': 256, 'lr': 0.0002233084975065445, 'lambda_val': 1.5007390649940528e-06, 'batch_size': 3734, 'optimizer': 'Adam'}. Best is trial 1 with value: 0.08987168849690128.
2026-05-13 13:22:51,194 - optuna.study.study - INFO - Trial 67 finished with value: 0.06365691302768524 and parameters: {'n_layers': 1, 'embedding_dim': 256, 'lr': 0.0005098452165155234, 'lambda_val': 1.692059575014714e-06, 'batch_size': 3577, 'optimizer': 'Adam'}. Best is trial 1 with value: 0.08987168849690128.
2026-05-13 13:23:26,009 - optuna.study.study - INFO - Trial 68 finished with value: 0.04337547252086222 and parameters: {'n_layers': 1, 'embedding_dim': 256, 'lr': 0.0010490126568142026, 'lambda_val': 4.102536262747658e-06, 'batch_size': 1004, 'optimizer': 'RMSprop'}. Best is trial 1 with value: 0.08987168849690128.
2026-05-13 13:23:30,400 - optuna.study._optimize - INFO - Trial 69 pruned. 
2026-05-13 13:23:34,475 - optuna.study._optimize - INFO - Trial 70 pruned. 
2026-05-13 13:23:41,054 - optuna.study._optimize - INFO - Trial 71 pruned. 
2026-05-13 13:24:18,952 - optuna.study.study - INFO - Trial 72 finished with value: 0.06695707857384477 and parameters: {'n_layers': 1, 'embedding_dim': 256, 'lr': 0.00036527625664237645, 'lambda_val': 2.7506347554860075e-06, 'batch_size': 4066, 'optimizer': 'Adam'}. Best is trial 1 with value: 0.08987168849690128.
2026-05-13 13:24:24,074 - optuna.study._optimize - INFO - Trial 73 pruned. 
2026-05-13 13:24:28,776 - optuna.study._optimize - INFO - Trial 74 pruned. 
2026-05-13 13:24:34,310 - optuna.study._optimize - INFO - Trial 75 pruned. 
2026-05-13 13:24:38,643 - optuna.study._optimize - INFO - Trial 76 pruned. 
2026-05-13 13:24:45,309 - optuna.study._optimize - INFO - Trial 77 pruned. 
2026-05-13 13:25:24,765 - optuna.study.study - INFO - Trial 78 finished with value: 0.07321648084077186 and parameters: {'n_layers': 1, 'embedding_dim': 256, 'lr': 0.00026628533103821323, 'lambda_val': 3.832222478334129e-05, 'batch_size': 3850, 'optimizer': 'Adam'}. Best is trial 1 with value: 0.08987168849690128.
2026-05-13 13:25:29,367 - optuna.study._optimize - INFO - Trial 79 pruned. 
2026-05-13 13:25:33,506 - optuna.study._optimize - INFO - Trial 80 pruned. 
2026-05-13 13:26:20,220 - optuna.study.study - INFO - Trial 81 finished with value: 0.07317656101796195 and parameters: {'n_layers': 1, 'embedding_dim': 128, 'lr': 0.000301205695711, 'lambda_val': 1.1654717256772045e-05, 'batch_size': 3540, 'optimizer': 'Adam'}. Best is trial 1 with value: 0.08987168849690128.
2026-05-13 13:26:57,122 - optuna.study.study - INFO - Trial 82 finished with value: 0.055954046983854755 and parameters: {'n_layers': 1, 'embedding_dim': 128, 'lr': 0.0005597737594959329, 'lambda_val': 2.439531388056445e-06, 'batch_size': 3329, 'optimizer': 'Adam'}. Best is trial 1 with value: 0.08987168849690128.
2026-05-13 13:27:34,294 - optuna.study.study - INFO - Trial 83 finished with value: 0.07951406836375598 and parameters: {'n_layers': 1, 'embedding_dim': 256, 'lr': 0.00022911197769504463, 'lambda_val': 4.273773986308668e-06, 'batch_size': 3959, 'optimizer': 'Adam'}. Best is trial 1 with value: 0.08987168849690128.
2026-05-13 13:27:39,019 - optuna.study._optimize - INFO - Trial 84 pruned. 
2026-05-13 13:27:43,739 - optuna.study._optimize - INFO - Trial 85 pruned. 
2026-05-13 13:27:49,640 - optuna.study._optimize - INFO - Trial 86 pruned. 
2026-05-13 13:28:00,387 - optuna.study._optimize - INFO - Trial 87 pruned. 
2026-05-13 13:28:07,020 - optuna.study._optimize - INFO - Trial 88 pruned. 
2026-05-13 13:28:12,643 - optuna.study._optimize - INFO - Trial 89 pruned. 
2026-05-13 13:28:20,391 - optuna.study._optimize - INFO - Trial 90 pruned. 
2026-05-13 13:28:52,691 - optuna.study.study - INFO - Trial 91 finished with value: 0.06969969592753657 and parameters: {'n_layers': 1, 'embedding_dim': 128, 'lr': 0.0003415474802740411, 'lambda_val': 7.776687177761847e-06, 'batch_size': 4089, 'optimizer': 'Adam'}. Best is trial 1 with value: 0.08987168849690128.
2026-05-13 13:28:56,921 - optuna.study._optimize - INFO - Trial 92 pruned. 
2026-05-13 13:29:01,088 - optuna.study._optimize - INFO - Trial 93 pruned. 
2026-05-13 13:29:38,279 - optuna.study.study - INFO - Trial 94 finished with value: 0.05419229836703165 and parameters: {'n_layers': 1, 'embedding_dim': 256, 'lr': 0.0008861847045158665, 'lambda_val': 0.0005233520084273188, 'batch_size': 3339, 'optimizer': 'Adam'}. Best is trial 1 with value: 0.08987168849690128.
2026-05-13 13:30:16,891 - optuna.study.study - INFO - Trial 95 finished with value: 0.05958493015683591 and parameters: {'n_layers': 1, 'embedding_dim': 256, 'lr': 0.0006467155059562906, 'lambda_val': 4.5656585938463394e-06, 'batch_size': 2931, 'optimizer': 'Adam'}. Best is trial 1 with value: 0.08987168849690128.
2026-05-13 13:30:21,720 - optuna.study._optimize - INFO - Trial 96 pruned. 
2026-05-13 13:30:26,695 - optuna.study._optimize - INFO - Trial 97 pruned. 
2026-05-13 13:30:32,028 - optuna.study._optimize - INFO - Trial 98 pruned. 
2026-05-13 13:30:36,394 - optuna.study._optimize - INFO - Trial 99 pruned. 
2026-05-13 13:31:13,036 - optuna.study.study - INFO - Trial 100 finished with value: 0.07034197189011651 and parameters: {'n_layers': 1, 'embedding_dim': 256, 'lr': 0.0003440756482648562, 'lambda_val': 3.581663674617977e-05, 'batch_size': 3174, 'optimizer': 'Adam'}. Best is trial 1 with value: 0.08987168849690128.
2026-05-13 13:31:48,407 - optuna.study.study - INFO - Trial 101 finished with value: 0.06980945360229045 and parameters: {'n_layers': 1, 'embedding_dim': 256, 'lr': 0.0004669372420894102, 'lambda_val': 5.917593520710496e-06, 'batch_size': 2977, 'optimizer': 'Adam'}. Best is trial 1 with value: 0.08987168849690128.
2026-05-13 13:31:53,441 - optuna.study._optimize - INFO - Trial 102 pruned. 
2026-05-13 13:31:58,156 - optuna.study._optimize - INFO - Trial 103 pruned. 
2026-05-13 13:32:33,869 - optuna.study.study - INFO - Trial 104 finished with value: 0.06745494912923757 and parameters: {'n_layers': 1, 'embedding_dim': 256, 'lr': 0.00036743361125404983, 'lambda_val': 1.093061336696355e-05, 'batch_size': 3390, 'optimizer': 'Adam'}. Best is trial 1 with value: 0.08987168849690128.
2026-05-13 13:32:38,571 - optuna.study._optimize - INFO - Trial 105 pruned. 
2026-05-13 13:32:42,765 - optuna.study._optimize - INFO - Trial 106 pruned. 
2026-05-13 13:32:46,727 - optuna.study._optimize - INFO - Trial 107 pruned. 
2026-05-13 13:32:52,159 - optuna.study._optimize - INFO - Trial 108 pruned. 
2026-05-13 13:33:29,158 - optuna.study.study - INFO - Trial 109 finished with value: 0.08118713971897686 and parameters: {'n_layers': 1, 'embedding_dim': 256, 'lr': 0.00029883377631027553, 'lambda_val': 3.837498365643621e-06, 'batch_size': 3085, 'optimizer': 'Adam'}. Best is trial 1 with value: 0.08987168849690128.
2026-05-13 13:33:33,251 - optuna.study._optimize - INFO - Trial 110 pruned. 
2026-05-13 13:34:11,634 - optuna.study.study - INFO - Trial 111 finished with value: 0.06585582703501129 and parameters: {'n_layers': 1, 'embedding_dim': 256, 'lr': 0.0005058195029118893, 'lambda_val': 2.0199907149480883e-06, 'batch_size': 3155, 'optimizer': 'Adam'}. Best is trial 1 with value: 0.08987168849690128.
2026-05-13 13:34:17,182 - optuna.study._optimize - INFO - Trial 112 pruned. 
2026-05-13 13:34:23,240 - optuna.study._optimize - INFO - Trial 113 pruned. 
2026-05-13 13:34:59,924 - optuna.study.study - INFO - Trial 114 finished with value: 0.07511608655493236 and parameters: {'n_layers': 1, 'embedding_dim': 256, 'lr': 0.00029082827908639795, 'lambda_val': 1.2429388523045917e-05, 'batch_size': 3686, 'optimizer': 'Adam'}. Best is trial 1 with value: 0.08987168849690128.
2026-05-13 13:35:37,600 - optuna.study.study - INFO - Trial 115 finished with value: 0.06379192208734591 and parameters: {'n_layers': 1, 'embedding_dim': 256, 'lr': 0.0004190430027812658, 'lambda_val': 2.1769735144085734e-05, 'batch_size': 3697, 'optimizer': 'Adam'}. Best is trial 1 with value: 0.08987168849690128.
2026-05-13 13:36:14,775 - optuna.study.study - INFO - Trial 116 finished with value: 0.054284997395529055 and parameters: {'n_layers': 1, 'embedding_dim': 256, 'lr': 0.000701463019418658, 'lambda_val': 1.2558397093525853e-05, 'batch_size': 3553, 'optimizer': 'Adam'}. Best is trial 1 with value: 0.08987168849690128.
2026-05-13 13:36:19,249 - optuna.study._optimize - INFO - Trial 117 pruned. 
2026-05-13 13:36:55,986 - optuna.study.study - INFO - Trial 118 finished with value: 0.07000372903426784 and parameters: {'n_layers': 1, 'embedding_dim': 256, 'lr': 0.00022937025116579284, 'lambda_val': 1.2902940478064938e-06, 'batch_size': 3787, 'optimizer': 'RMSprop'}. Best is trial 1 with value: 0.08987168849690128.
2026-05-13 13:37:00,642 - optuna.study._optimize - INFO - Trial 119 pruned. 
2026-05-13 13:37:07,061 - optuna.study._optimize - INFO - Trial 120 pruned. 
2026-05-13 13:37:11,750 - optuna.study._optimize - INFO - Trial 121 pruned. 
2026-05-13 13:37:48,121 - optuna.study.study - INFO - Trial 122 finished with value: 0.09403495675055504 and parameters: {'n_layers': 1, 'embedding_dim': 256, 'lr': 0.0001951279441560098, 'lambda_val': 2.799317073619916e-06, 'batch_size': 2217, 'optimizer': 'Adam'}. Best is trial 122 with value: 0.09403495675055504.
2026-05-13 13:37:54,110 - optuna.study._optimize - INFO - Trial 123 pruned. 
2026-05-13 13:37:58,557 - optuna.study._optimize - INFO - Trial 124 pruned. 
2026-05-13 13:38:03,321 - optuna.study._optimize - INFO - Trial 125 pruned. 
2026-05-13 13:38:08,139 - optuna.study._optimize - INFO - Trial 126 pruned. 
2026-05-13 13:38:12,279 - optuna.study._optimize - INFO - Trial 127 pruned. 
2026-05-13 13:38:16,903 - optuna.study._optimize - INFO - Trial 128 pruned. 
2026-05-13 13:38:21,848 - optuna.study._optimize - INFO - Trial 129 pruned. 
2026-05-13 13:38:27,032 - optuna.study._optimize - INFO - Trial 130 pruned. 
2026-05-13 13:39:01,515 - optuna.study.study - INFO - Trial 131 finished with value: 0.08910751530266864 and parameters: {'n_layers': 1, 'embedding_dim': 256, 'lr': 0.00032605621612571723, 'lambda_val': 7.666284451528572e-06, 'batch_size': 727, 'optimizer': 'Adam'}. Best is trial 122 with value: 0.09403495675055504.
2026-05-13 13:39:06,361 - optuna.study._optimize - INFO - Trial 132 pruned. 
2026-05-13 13:39:10,731 - optuna.study._optimize - INFO - Trial 133 pruned. 
2026-05-13 13:39:15,211 - optuna.study._optimize - INFO - Trial 134 pruned. 
2026-05-13 13:39:19,913 - optuna.study._optimize - INFO - Trial 135 pruned. 
2026-05-13 13:39:24,353 - optuna.study._optimize - INFO - Trial 136 pruned. 
2026-05-13 13:39:55,480 - optuna.study.study - INFO - Trial 137 finished with value: 0.09689788787507751 and parameters: {'n_layers': 1, 'embedding_dim': 128, 'lr': 0.0002649394823505566, 'lambda_val': 2.922532837875267e-06, 'batch_size': 1270, 'optimizer': 'Adam'}. Best is trial 137 with value: 0.09689788787507751.
2026-05-13 13:39:59,756 - optuna.study._optimize - INFO - Trial 138 pruned. 
2026-05-13 13:40:28,223 - optuna.study.study - INFO - Trial 139 finished with value: 0.07472767577740688 and parameters: {'n_layers': 1, 'embedding_dim': 64, 'lr': 0.0004729521341806042, 'lambda_val': 2.1458384119973537e-06, 'batch_size': 860, 'optimizer': 'Adam'}. Best is trial 137 with value: 0.09689788787507751.
2026-05-13 13:40:32,257 - optuna.study._optimize - INFO - Trial 140 pruned. 
2026-05-13 13:40:37,241 - optuna.study._optimize - INFO - Trial 141 pruned. 
2026-05-13 13:40:41,697 - optuna.study._optimize - INFO - Trial 142 pruned. 
2026-05-13 13:40:46,340 - optuna.study._optimize - INFO - Trial 143 pruned. 
2026-05-13 13:40:50,489 - optuna.study._optimize - INFO - Trial 144 pruned. 
2026-05-13 13:41:27,569 - optuna.study.study - INFO - Trial 145 finished with value: 0.06350380248452728 and parameters: {'n_layers': 1, 'embedding_dim': 256, 'lr': 0.000394575074380495, 'lambda_val': 3.1838937514725956e-05, 'batch_size': 3748, 'optimizer': 'Adam'}. Best is trial 137 with value: 0.09689788787507751.
2026-05-13 13:41:32,182 - optuna.study._optimize - INFO - Trial 146 pruned. 
2026-05-13 13:41:36,711 - optuna.study._optimize - INFO - Trial 147 pruned. 
2026-05-13 13:41:40,659 - optuna.study._optimize - INFO - Trial 148 pruned. 
2026-05-13 13:41:45,262 - optuna.study._optimize - INFO - Trial 149 pruned. 
2026-05-13 13:41:52,265 - optuna.study._optimize - INFO - Trial 150 pruned. 
2026-05-13 13:41:56,679 - optuna.study._optimize - INFO - Trial 151 pruned. 
2026-05-13 13:42:01,737 - optuna.study._optimize - INFO - Trial 152 pruned. 
2026-05-13 13:42:05,731 - optuna.study._optimize - INFO - Trial 153 pruned. 
2026-05-13 13:42:09,847 - optuna.study._optimize - INFO - Trial 154 pruned. 
2026-05-13 13:42:14,422 - optuna.study._optimize - INFO - Trial 155 pruned. 
2026-05-13 13:42:19,310 - optuna.study._optimize - INFO - Trial 156 pruned. 
2026-05-13 13:42:23,837 - optuna.study._optimize - INFO - Trial 157 pruned. 
2026-05-13 13:42:28,981 - optuna.study._optimize - INFO - Trial 158 pruned. 
2026-05-13 13:42:32,919 - optuna.study._optimize - INFO - Trial 159 pruned. 
2026-05-13 13:43:10,007 - optuna.study.study - INFO - Trial 160 finished with value: 0.06817262058486846 and parameters: {'n_layers': 1, 'embedding_dim': 256, 'lr': 0.0005873817998591358, 'lambda_val': 2.3790289122328166e-06, 'batch_size': 3491, 'optimizer': 'Adam'}. Best is trial 137 with value: 0.09689788787507751.
2026-05-13 13:43:47,249 - optuna.study.study - INFO - Trial 161 finished with value: 0.07416955906019561 and parameters: {'n_layers': 1, 'embedding_dim': 256, 'lr': 0.0003329249201923753, 'lambda_val': 5.120500934087343e-06, 'batch_size': 3253, 'optimizer': 'Adam'}. Best is trial 137 with value: 0.09689788787507751.
2026-05-13 13:44:22,711 - optuna.study.study - INFO - Trial 162 finished with value: 0.06668542498535703 and parameters: {'n_layers': 1, 'embedding_dim': 256, 'lr': 0.0004500609523342819, 'lambda_val': 9.77555105141669e-06, 'batch_size': 1877, 'optimizer': 'Adam'}. Best is trial 137 with value: 0.09689788787507751.
2026-05-13 13:44:27,393 - optuna.study._optimize - INFO - Trial 163 pruned. 
2026-05-13 13:44:32,480 - optuna.study._optimize - INFO - Trial 164 pruned. 
2026-05-13 13:44:36,530 - optuna.study._optimize - INFO - Trial 165 pruned. 
2026-05-13 13:44:41,198 - optuna.study._optimize - INFO - Trial 166 pruned. 
2026-05-13 13:45:18,657 - optuna.study.study - INFO - Trial 167 finished with value: 0.08240417309800767 and parameters: {'n_layers': 1, 'embedding_dim': 256, 'lr': 0.0002700338887228953, 'lambda_val': 1.2160889571069202e-05, 'batch_size': 3075, 'optimizer': 'Adam'}. Best is trial 137 with value: 0.09689788787507751.
2026-05-13 13:45:23,335 - optuna.study._optimize - INFO - Trial 168 pruned. 
2026-05-13 13:46:00,983 - optuna.study.study - INFO - Trial 169 finished with value: 0.07773438536631957 and parameters: {'n_layers': 1, 'embedding_dim': 256, 'lr': 0.0002788642218828221, 'lambda_val': 8.51079121769378e-06, 'batch_size': 2701, 'optimizer': 'Adam'}. Best is trial 137 with value: 0.09689788787507751.
2026-05-13 13:46:05,973 - optuna.study._optimize - INFO - Trial 170 pruned. 
2026-05-13 13:46:10,851 - optuna.study._optimize - INFO - Trial 171 pruned. 
2026-05-13 13:46:15,519 - optuna.study._optimize - INFO - Trial 172 pruned. 
2026-05-13 13:46:20,250 - optuna.study._optimize - INFO - Trial 173 pruned. 
2026-05-13 13:46:59,234 - optuna.study.study - INFO - Trial 174 finished with value: 0.07125569106803681 and parameters: {'n_layers': 1, 'embedding_dim': 256, 'lr': 0.0003877699324564065, 'lambda_val': 1.0151335521574647e-06, 'batch_size': 3699, 'optimizer': 'Adam'}. Best is trial 137 with value: 0.09689788787507751.
2026-05-13 13:47:03,879 - optuna.study._optimize - INFO - Trial 175 pruned. 
2026-05-13 13:47:08,484 - optuna.study._optimize - INFO - Trial 176 pruned. 
2026-05-13 13:47:12,494 - optuna.study._optimize - INFO - Trial 177 pruned. 
2026-05-13 13:47:17,251 - optuna.study._optimize - INFO - Trial 178 pruned. 
2026-05-13 13:47:54,468 - optuna.study.study - INFO - Trial 179 finished with value: 0.07010897381457934 and parameters: {'n_layers': 1, 'embedding_dim': 256, 'lr': 0.0004397612267296631, 'lambda_val': 1.5302499179124039e-06, 'batch_size': 2759, 'optimizer': 'Adam'}. Best is trial 137 with value: 0.09689788787507751.
2026-05-13 13:47:59,554 - optuna.study._optimize - INFO - Trial 180 pruned. 
2026-05-13 13:48:04,256 - optuna.study._optimize - INFO - Trial 181 pruned. 
2026-05-13 13:48:09,238 - optuna.study._optimize - INFO - Trial 182 pruned. 
2026-05-13 13:48:46,017 - optuna.study.study - INFO - Trial 183 finished with value: 0.07872475157020949 and parameters: {'n_layers': 1, 'embedding_dim': 256, 'lr': 0.00028191357731598035, 'lambda_val': 7.57119598845413e-06, 'batch_size': 3201, 'optimizer': 'Adam'}. Best is trial 137 with value: 0.09689788787507751.
2026-05-13 13:48:52,288 - optuna.study._optimize - INFO - Trial 184 pruned. 
2026-05-13 13:48:56,746 - optuna.study._optimize - INFO - Trial 185 pruned. 
2026-05-13 13:49:02,144 - optuna.study._optimize - INFO - Trial 186 pruned. 
2026-05-13 13:49:06,569 - optuna.study._optimize - INFO - Trial 187 pruned. 
2026-05-13 13:49:11,094 - optuna.study._optimize - INFO - Trial 188 pruned. 
2026-05-13 13:49:15,431 - optuna.study._optimize - INFO - Trial 189 pruned. 
2026-05-13 13:49:20,574 - optuna.study._optimize - INFO - Trial 190 pruned. 
2026-05-13 13:49:57,380 - optuna.study.study - INFO - Trial 191 finished with value: 0.07498359361622689 and parameters: {'n_layers': 1, 'embedding_dim': 256, 'lr': 0.0003490777116430323, 'lambda_val': 6.719471771399331e-06, 'batch_size': 3112, 'optimizer': 'Adam'}. Best is trial 137 with value: 0.09689788787507751.
2026-05-13 13:50:34,619 - optuna.study.study - INFO - Trial 192 finished with value: 0.06864881917893702 and parameters: {'n_layers': 1, 'embedding_dim': 256, 'lr': 0.00046272173967813724, 'lambda_val': 6.7801048637710025e-06, 'batch_size': 3199, 'optimizer': 'Adam'}. Best is trial 137 with value: 0.09689788787507751.
2026-05-13 13:51:11,710 - optuna.study.study - INFO - Trial 193 finished with value: 0.06950581476471525 and parameters: {'n_layers': 1, 'embedding_dim': 256, 'lr': 0.0003584260560042849, 'lambda_val': 9.849819359563923e-06, 'batch_size': 2933, 'optimizer': 'Adam'}. Best is trial 137 with value: 0.09689788787507751.
2026-05-13 13:51:49,408 - optuna.study.study - INFO - Trial 194 finished with value: 0.08654979765775936 and parameters: {'n_layers': 1, 'embedding_dim': 256, 'lr': 0.0002462577798272098, 'lambda_val': 7.792257089111484e-06, 'batch_size': 3067, 'optimizer': 'Adam'}. Best is trial 137 with value: 0.09689788787507751.
2026-05-13 13:51:54,231 - optuna.study._optimize - INFO - Trial 195 pruned. 
2026-05-13 13:51:59,071 - optuna.study._optimize - INFO - Trial 196 pruned. 
2026-05-13 13:52:03,729 - optuna.study._optimize - INFO - Trial 197 pruned. 
2026-05-13 13:52:44,578 - optuna.study.study - INFO - Trial 198 finished with value: 0.07504221988009617 and parameters: {'n_layers': 1, 'embedding_dim': 256, 'lr': 0.0002795386223538543, 'lambda_val': 8.792341118848796e-06, 'batch_size': 2985, 'optimizer': 'Adam'}. Best is trial 137 with value: 0.09689788787507751.
2026-05-13 13:52:49,134 - optuna.study._optimize - INFO - Trial 199 pruned. 
2026-05-13 13:53:11,705 - root - INFO -   **** Training e_100K_1c2dcs_rand1
2026-05-13 13:53:11,715 - root - INFO -   **** Getting 54402/65410 random edges
2026-05-13 13:53:12,470 - optuna.storages._rdb.storage - INFO - A new study created in RDB with name: Study_e_100K_1c2dcs_rand1
2026-05-13 13:54:03,335 - optuna.study.study - INFO - Trial 0 finished with value: 0.021946737476673576 and parameters: {'n_layers': 3, 'embedding_dim': 64, 'lr': 0.02039000400039473, 'lambda_val': 1.782137262761809e-06, 'batch_size': 1422, 'optimizer': 'Adam'}. Best is trial 0 with value: 0.021946737476673576.
2026-05-13 13:55:04,655 - optuna.study.study - INFO - Trial 1 finished with value: 0.0041152798743333075 and parameters: {'n_layers': 3, 'embedding_dim': 96, 'lr': 0.0005451887837823414, 'lambda_val': 0.08472505055604093, 'batch_size': 1831, 'optimizer': 'Adam'}. Best is trial 0 with value: 0.021946737476673576.
2026-05-13 13:55:55,043 - optuna.study.study - INFO - Trial 2 finished with value: 0.0005820348810910681 and parameters: {'n_layers': 3, 'embedding_dim': 96, 'lr': 1.7124256252421413e-05, 'lambda_val': 0.03048227950830911, 'batch_size': 1005, 'optimizer': 'SGD'}. Best is trial 0 with value: 0.021946737476673576.
2026-05-13 13:56:57,158 - optuna.study.study - INFO - Trial 3 finished with value: 0.01250801970175881 and parameters: {'n_layers': 3, 'embedding_dim': 256, 'lr': 3.549062190678443e-05, 'lambda_val': 0.06882019875436195, 'batch_size': 1943, 'optimizer': 'Adam'}. Best is trial 0 with value: 0.021946737476673576.
2026-05-13 13:57:51,171 - optuna.study.study - INFO - Trial 4 finished with value: 0.0112390876189887 and parameters: {'n_layers': 4, 'embedding_dim': 128, 'lr': 0.00011967439117969754, 'lambda_val': 0.0003392583888807625, 'batch_size': 1163, 'optimizer': 'Adam'}. Best is trial 0 with value: 0.021946737476673576.
2026-05-13 13:57:55,871 - optuna.study._optimize - INFO - Trial 5 pruned. 
2026-05-13 13:57:59,932 - optuna.study._optimize - INFO - Trial 6 pruned. 
2026-05-13 13:58:34,283 - optuna.study.study - INFO - Trial 7 finished with value: 0.009598847251819483 and parameters: {'n_layers': 4, 'embedding_dim': 32, 'lr': 0.0002412204737846217, 'lambda_val': 3.8805857271866574e-06, 'batch_size': 1608, 'optimizer': 'RMSprop'}. Best is trial 0 with value: 0.021946737476673576.
2026-05-13 13:59:05,438 - optuna.study.study - INFO - Trial 8 finished with value: 0.03060116826426294 and parameters: {'n_layers': 2, 'embedding_dim': 64, 'lr': 0.0003289530399253013, 'lambda_val': 0.0002656830132884458, 'batch_size': 1993, 'optimizer': 'Adam'}. Best is trial 8 with value: 0.03060116826426294.
2026-05-13 13:59:57,460 - optuna.study.study - INFO - Trial 9 finished with value: 0.042506027015868544 and parameters: {'n_layers': 3, 'embedding_dim': 256, 'lr': 0.00016235521068890996, 'lambda_val': 0.0011172775791095694, 'batch_size': 567, 'optimizer': 'Adam'}. Best is trial 9 with value: 0.042506027015868544.
2026-05-13 14:00:05,068 - optuna.study._optimize - INFO - Trial 10 pruned. 
2026-05-13 14:00:32,720 - optuna.study.study - INFO - Trial 11 finished with value: 0.04276769853537836 and parameters: {'n_layers': 1, 'embedding_dim': 64, 'lr': 0.005301030821509752, 'lambda_val': 6.742310043826135e-05, 'batch_size': 563, 'optimizer': 'Adam'}. Best is trial 11 with value: 0.04276769853537836.
2026-05-13 14:01:06,634 - optuna.study.study - INFO - Trial 12 finished with value: 0.05760866941348655 and parameters: {'n_layers': 1, 'embedding_dim': 256, 'lr': 0.002788612287813884, 'lambda_val': 2.8566011503994728e-05, 'batch_size': 536, 'optimizer': 'Adam'}. Best is trial 12 with value: 0.05760866941348655.
2026-05-13 14:01:33,891 - optuna.study.study - INFO - Trial 13 finished with value: 0.043359922264003495 and parameters: {'n_layers': 1, 'embedding_dim': 64, 'lr': 0.0029044503083792647, 'lambda_val': 2.569808587720709e-05, 'batch_size': 530, 'optimizer': 'RMSprop'}. Best is trial 12 with value: 0.05760866941348655.
2026-05-13 14:01:38,378 - optuna.study._optimize - INFO - Trial 14 pruned. 
2026-05-13 14:02:07,252 - optuna.study.study - INFO - Trial 15 finished with value: 0.03627183539398607 and parameters: {'n_layers': 1, 'embedding_dim': 64, 'lr': 0.0032452500518240063, 'lambda_val': 1.3707163188087795e-05, 'batch_size': 3969, 'optimizer': 'RMSprop'}. Best is trial 12 with value: 0.05760866941348655.
2026-05-13 14:02:40,474 - optuna.study.study - INFO - Trial 16 finished with value: 0.06102279008909724 and parameters: {'n_layers': 1, 'embedding_dim': 256, 'lr': 0.0016943254542106196, 'lambda_val': 3.23317867470856e-05, 'batch_size': 889, 'optimizer': 'RMSprop'}. Best is trial 16 with value: 0.06102279008909724.
2026-05-13 14:02:45,425 - optuna.study._optimize - INFO - Trial 17 pruned. 
2026-05-13 14:03:20,339 - optuna.study.study - INFO - Trial 18 finished with value: 0.06956585421812003 and parameters: {'n_layers': 1, 'embedding_dim': 256, 'lr': 0.014911592657921073, 'lambda_val': 0.004396152763085712, 'batch_size': 2583, 'optimizer': 'RMSprop'}. Best is trial 18 with value: 0.06956585421812003.
2026-05-13 14:03:24,889 - optuna.study._optimize - INFO - Trial 19 pruned. 
2026-05-13 14:03:30,281 - optuna.study._optimize - INFO - Trial 20 pruned. 
2026-05-13 14:04:05,409 - optuna.study.study - INFO - Trial 21 finished with value: 0.052671477668086726 and parameters: {'n_layers': 1, 'embedding_dim': 256, 'lr': 0.0008727653853890357, 'lambda_val': 7.749679714634479e-05, 'batch_size': 2901, 'optimizer': 'RMSprop'}. Best is trial 18 with value: 0.06956585421812003.
2026-05-13 14:04:09,827 - optuna.study._optimize - INFO - Trial 22 pruned. 
2026-05-13 14:04:43,318 - optuna.study.study - INFO - Trial 23 finished with value: 0.07440043471279896 and parameters: {'n_layers': 1, 'embedding_dim': 256, 'lr': 0.009407624062936859, 'lambda_val': 0.0003745337083075053, 'batch_size': 841, 'optimizer': 'RMSprop'}. Best is trial 23 with value: 0.07440043471279896.
2026-05-13 14:04:48,534 - optuna.study._optimize - INFO - Trial 24 pruned. 
2026-05-13 14:04:52,754 - optuna.study._optimize - INFO - Trial 25 pruned. 
2026-05-13 14:05:20,157 - optuna.study.study - INFO - Trial 26 finished with value: 0.04023955537490682 and parameters: {'n_layers': 1, 'embedding_dim': 32, 'lr': 0.0014157347070204074, 'lambda_val': 0.0008485810174009916, 'batch_size': 952, 'optimizer': 'RMSprop'}. Best is trial 23 with value: 0.07440043471279896.
2026-05-13 14:05:24,448 - optuna.study._optimize - INFO - Trial 27 pruned. 
2026-05-13 14:05:28,519 - optuna.study._optimize - INFO - Trial 28 pruned. 
2026-05-13 14:05:33,652 - optuna.study._optimize - INFO - Trial 29 pruned. 
2026-05-13 14:06:06,772 - optuna.study.study - INFO - Trial 30 finished with value: 0.05457987816010376 and parameters: {'n_layers': 1, 'embedding_dim': 256, 'lr': 0.004781357732390987, 'lambda_val': 0.00014736943079848586, 'batch_size': 1353, 'optimizer': 'RMSprop'}. Best is trial 23 with value: 0.07440043471279896.
2026-05-13 14:06:43,432 - optuna.study.study - INFO - Trial 31 finished with value: 0.0589365054001334 and parameters: {'n_layers': 1, 'embedding_dim': 256, 'lr': 0.00268466192034241, 'lambda_val': 3.909321828595767e-05, 'batch_size': 898, 'optimizer': 'Adam'}. Best is trial 23 with value: 0.07440043471279896.
2026-05-13 14:07:16,840 - optuna.study.study - INFO - Trial 32 finished with value: 0.057764053442902856 and parameters: {'n_layers': 1, 'embedding_dim': 256, 'lr': 0.0019944345030377007, 'lambda_val': 4.5227769975563695e-05, 'batch_size': 1214, 'optimizer': 'RMSprop'}. Best is trial 23 with value: 0.07440043471279896.
2026-05-13 14:07:20,681 - optuna.study._optimize - INFO - Trial 33 pruned. 
2026-05-13 14:07:25,018 - optuna.study._optimize - INFO - Trial 34 pruned. 
2026-05-13 14:07:54,121 - optuna.study.study - INFO - Trial 35 finished with value: 0.055011171951689475 and parameters: {'n_layers': 1, 'embedding_dim': 96, 'lr': 0.0009509878914461889, 'lambda_val': 5.368154703317225e-06, 'batch_size': 1123, 'optimizer': 'Adam'}. Best is trial 23 with value: 0.07440043471279896.
2026-05-13 14:07:59,123 - optuna.study._optimize - INFO - Trial 36 pruned. 
2026-05-13 14:08:04,308 - optuna.study._optimize - INFO - Trial 37 pruned. 
2026-05-13 14:08:08,651 - optuna.study._optimize - INFO - Trial 38 pruned. 
2026-05-13 14:08:13,928 - optuna.study._optimize - INFO - Trial 39 pruned. 
2026-05-13 14:08:18,402 - optuna.study._optimize - INFO - Trial 40 pruned. 
2026-05-13 14:08:51,467 - optuna.study.study - INFO - Trial 41 finished with value: 0.05795001338714129 and parameters: {'n_layers': 1, 'embedding_dim': 256, 'lr': 0.001735724912231, 'lambda_val': 4.033005248414947e-05, 'batch_size': 1238, 'optimizer': 'RMSprop'}. Best is trial 23 with value: 0.07440043471279896.
2026-05-13 14:09:28,356 - optuna.study.study - INFO - Trial 42 finished with value: 0.052220946734651295 and parameters: {'n_layers': 1, 'embedding_dim': 256, 'lr': 0.0013339389100102052, 'lambda_val': 2.8592518321976357e-06, 'batch_size': 752, 'optimizer': 'RMSprop'}. Best is trial 23 with value: 0.07440043471279896.
2026-05-13 14:10:02,108 - optuna.study.study - INFO - Trial 43 finished with value: 0.0596594023030706 and parameters: {'n_layers': 1, 'embedding_dim': 256, 'lr': 0.002258538728849599, 'lambda_val': 3.46297659171136e-05, 'batch_size': 1232, 'optimizer': 'RMSprop'}. Best is trial 23 with value: 0.07440043471279896.
2026-05-13 14:10:10,763 - optuna.study._optimize - INFO - Trial 44 pruned. 
2026-05-13 14:10:44,944 - optuna.study.study - INFO - Trial 45 finished with value: 0.041502239261595096 and parameters: {'n_layers': 1, 'embedding_dim': 256, 'lr': 0.0075319252405829295, 'lambda_val': 2.0382894636901513e-05, 'batch_size': 1989, 'optimizer': 'Adam'}. Best is trial 23 with value: 0.07440043471279896.
2026-05-13 14:10:49,374 - optuna.study._optimize - INFO - Trial 46 pruned. 
2026-05-13 14:10:54,232 - optuna.study._optimize - INFO - Trial 47 pruned. 
2026-05-13 14:10:59,607 - optuna.study._optimize - INFO - Trial 48 pruned. 
2026-05-13 14:11:03,746 - optuna.study._optimize - INFO - Trial 49 pruned. 
2026-05-13 14:11:43,027 - optuna.study.study - INFO - Trial 50 finished with value: 0.04524874104111366 and parameters: {'n_layers': 1, 'embedding_dim': 96, 'lr': 0.0007639432917384044, 'lambda_val': 5.828545764142249e-06, 'batch_size': 1133, 'optimizer': 'RMSprop'}. Best is trial 23 with value: 0.07440043471279896.
2026-05-13 14:12:15,686 - optuna.study.study - INFO - Trial 51 finished with value: 0.053673453814703447 and parameters: {'n_layers': 1, 'embedding_dim': 256, 'lr': 0.002112992231115155, 'lambda_val': 3.7452453776464084e-05, 'batch_size': 1277, 'optimizer': 'RMSprop'}. Best is trial 23 with value: 0.07440043471279896.
2026-05-13 14:12:47,634 - optuna.study.study - INFO - Trial 52 finished with value: 0.05523047457123323 and parameters: {'n_layers': 1, 'embedding_dim': 256, 'lr': 0.0012338191334434066, 'lambda_val': 2.6871447831750986e-05, 'batch_size': 893, 'optimizer': 'RMSprop'}. Best is trial 23 with value: 0.07440043471279896.
2026-05-13 14:13:20,669 - optuna.study.study - INFO - Trial 53 finished with value: 0.061625143754828 and parameters: {'n_layers': 1, 'embedding_dim': 256, 'lr': 0.0034057240880578724, 'lambda_val': 6.695535376548613e-05, 'batch_size': 670, 'optimizer': 'RMSprop'}. Best is trial 23 with value: 0.07440043471279896.
2026-05-13 14:13:54,341 - optuna.study.study - INFO - Trial 54 finished with value: 0.071181388347846 and parameters: {'n_layers': 1, 'embedding_dim': 256, 'lr': 0.0033187145124289447, 'lambda_val': 0.0001543967472361439, 'batch_size': 678, 'optimizer': 'RMSprop'}. Best is trial 23 with value: 0.07440043471279896.
2026-05-13 14:14:27,179 - optuna.study.study - INFO - Trial 55 finished with value: 0.06249039495547783 and parameters: {'n_layers': 1, 'embedding_dim': 256, 'lr': 0.0038148187476971917, 'lambda_val': 0.00013532222393815277, 'batch_size': 569, 'optimizer': 'RMSprop'}. Best is trial 23 with value: 0.07440043471279896.
2026-05-13 14:14:31,352 - optuna.study._optimize - INFO - Trial 56 pruned. 
2026-05-13 14:15:04,577 - optuna.study.study - INFO - Trial 57 finished with value: 0.06502541751842408 and parameters: {'n_layers': 1, 'embedding_dim': 256, 'lr': 0.003873032331571432, 'lambda_val': 0.00024697542688472524, 'batch_size': 589, 'optimizer': 'RMSprop'}. Best is trial 23 with value: 0.07440043471279896.
2026-05-13 14:15:13,811 - optuna.study._optimize - INFO - Trial 58 pruned. 
2026-05-13 14:15:20,654 - optuna.study._optimize - INFO - Trial 59 pruned. 
2026-05-13 14:15:25,800 - optuna.study._optimize - INFO - Trial 60 pruned. 
2026-05-13 14:15:59,352 - optuna.study.study - INFO - Trial 61 finished with value: 0.0498426243758559 and parameters: {'n_layers': 1, 'embedding_dim': 256, 'lr': 0.0073085372109636774, 'lambda_val': 6.917206738297986e-05, 'batch_size': 1037, 'optimizer': 'RMSprop'}. Best is trial 23 with value: 0.07440043471279896.
2026-05-13 14:16:32,351 - optuna.study.study - INFO - Trial 62 finished with value: 0.07752848989504055 and parameters: {'n_layers': 1, 'embedding_dim': 256, 'lr': 0.0038376625590215868, 'lambda_val': 0.0007398728663048637, 'batch_size': 808, 'optimizer': 'RMSprop'}. Best is trial 62 with value: 0.07752848989504055.
2026-05-13 14:17:06,063 - optuna.study.study - INFO - Trial 63 finished with value: 0.08090770525677303 and parameters: {'n_layers': 1, 'embedding_dim': 256, 'lr': 0.0034402605619143147, 'lambda_val': 0.002341532202274991, 'batch_size': 701, 'optimizer': 'RMSprop'}. Best is trial 63 with value: 0.08090770525677303.
2026-05-13 14:17:10,540 - optuna.study._optimize - INFO - Trial 64 pruned. 
2026-05-13 14:17:45,944 - optuna.study.study - INFO - Trial 65 finished with value: 0.07827064627583909 and parameters: {'n_layers': 1, 'embedding_dim': 256, 'lr': 0.00834664206444498, 'lambda_val': 0.002054223000130392, 'batch_size': 2693, 'optimizer': 'RMSprop'}. Best is trial 63 with value: 0.08090770525677303.
2026-05-13 14:17:50,818 - optuna.study._optimize - INFO - Trial 66 pruned. 
2026-05-13 14:18:38,715 - optuna.study.study - INFO - Trial 67 finished with value: 0.07830075514956225 and parameters: {'n_layers': 1, 'embedding_dim': 256, 'lr': 0.008751171835736272, 'lambda_val': 0.0007555829205839925, 'batch_size': 2995, 'optimizer': 'RMSprop'}. Best is trial 63 with value: 0.08090770525677303.
2026-05-13 14:18:44,088 - optuna.study._optimize - INFO - Trial 68 pruned. 
2026-05-13 14:19:13,703 - optuna.study.study - INFO - Trial 69 finished with value: 0.07049818766036137 and parameters: {'n_layers': 1, 'embedding_dim': 64, 'lr': 0.00828025245052384, 'lambda_val': 0.0030039660751354177, 'batch_size': 3033, 'optimizer': 'RMSprop'}. Best is trial 63 with value: 0.08090770525677303.
2026-05-13 14:19:17,918 - optuna.study._optimize - INFO - Trial 70 pruned. 
2026-05-13 14:19:48,569 - optuna.study.study - INFO - Trial 71 finished with value: 0.077907527050704 and parameters: {'n_layers': 1, 'embedding_dim': 64, 'lr': 0.013694229299003258, 'lambda_val': 0.003593224930283468, 'batch_size': 3019, 'optimizer': 'RMSprop'}. Best is trial 63 with value: 0.08090770525677303.
2026-05-13 14:20:18,328 - optuna.study.study - INFO - Trial 72 finished with value: 0.07618377606786818 and parameters: {'n_layers': 1, 'embedding_dim': 64, 'lr': 0.006122490856624921, 'lambda_val': 0.0029364955124027664, 'batch_size': 3057, 'optimizer': 'RMSprop'}. Best is trial 63 with value: 0.08090770525677303.
2026-05-13 14:20:23,265 - optuna.study._optimize - INFO - Trial 73 pruned. 
2026-05-13 14:20:52,145 - optuna.study.study - INFO - Trial 74 finished with value: 0.07733533746195231 and parameters: {'n_layers': 1, 'embedding_dim': 64, 'lr': 0.012328546022341761, 'lambda_val': 0.0013966162431926492, 'batch_size': 3031, 'optimizer': 'RMSprop'}. Best is trial 63 with value: 0.08090770525677303.
2026-05-13 14:20:56,108 - optuna.study._optimize - INFO - Trial 75 pruned. 
2026-05-13 14:21:00,637 - optuna.study._optimize - INFO - Trial 76 pruned. 
2026-05-13 14:21:05,398 - optuna.study._optimize - INFO - Trial 77 pruned. 
2026-05-13 14:21:09,462 - optuna.study._optimize - INFO - Trial 78 pruned. 
2026-05-13 14:21:13,538 - optuna.study._optimize - INFO - Trial 79 pruned. 
2026-05-13 14:21:17,647 - optuna.study._optimize - INFO - Trial 80 pruned. 
2026-05-13 14:21:46,042 - optuna.study.study - INFO - Trial 81 finished with value: 0.07148445733859793 and parameters: {'n_layers': 1, 'embedding_dim': 64, 'lr': 0.009959966781940348, 'lambda_val': 0.0029429806350320634, 'batch_size': 2889, 'optimizer': 'RMSprop'}. Best is trial 63 with value: 0.08090770525677303.
2026-05-13 14:21:50,194 - optuna.study._optimize - INFO - Trial 82 pruned. 
2026-05-13 14:21:54,403 - optuna.study._optimize - INFO - Trial 83 pruned. 
2026-05-13 14:21:58,923 - optuna.study._optimize - INFO - Trial 84 pruned. 
2026-05-13 14:22:02,733 - optuna.study._optimize - INFO - Trial 85 pruned. 
2026-05-13 14:22:07,362 - optuna.study._optimize - INFO - Trial 86 pruned. 
2026-05-13 14:22:11,595 - optuna.study._optimize - INFO - Trial 87 pruned. 
2026-05-13 14:22:15,949 - optuna.study._optimize - INFO - Trial 88 pruned. 
2026-05-13 14:22:20,589 - optuna.study._optimize - INFO - Trial 89 pruned. 
2026-05-13 14:22:25,167 - optuna.study._optimize - INFO - Trial 90 pruned. 
2026-05-13 14:23:00,106 - optuna.study.study - INFO - Trial 91 finished with value: 0.07735060110442907 and parameters: {'n_layers': 1, 'embedding_dim': 256, 'lr': 0.007139723750250328, 'lambda_val': 0.0038434066661516024, 'batch_size': 3516, 'optimizer': 'RMSprop'}. Best is trial 63 with value: 0.08090770525677303.
2026-05-13 14:23:35,840 - optuna.study.study - INFO - Trial 92 finished with value: 0.07945959938781584 and parameters: {'n_layers': 1, 'embedding_dim': 256, 'lr': 0.006891471390498037, 'lambda_val': 0.0034714145031301655, 'batch_size': 3526, 'optimizer': 'RMSprop'}. Best is trial 63 with value: 0.08090770525677303.
2026-05-13 14:24:11,529 - optuna.study.study - INFO - Trial 93 finished with value: 0.07828803762642808 and parameters: {'n_layers': 1, 'embedding_dim': 256, 'lr': 0.006705413636723074, 'lambda_val': 0.003753289997170282, 'batch_size': 3538, 'optimizer': 'RMSprop'}. Best is trial 63 with value: 0.08090770525677303.
2026-05-13 14:24:47,334 - optuna.study.study - INFO - Trial 94 finished with value: 0.08340705306090467 and parameters: {'n_layers': 1, 'embedding_dim': 256, 'lr': 0.006753377534782888, 'lambda_val': 0.00395197185301496, 'batch_size': 3674, 'optimizer': 'RMSprop'}. Best is trial 94 with value: 0.08340705306090467.
2026-05-13 14:25:22,359 - optuna.study.study - INFO - Trial 95 finished with value: 0.07226408507830007 and parameters: {'n_layers': 1, 'embedding_dim': 256, 'lr': 0.004473259218789251, 'lambda_val': 0.003990248456528501, 'batch_size': 3550, 'optimizer': 'RMSprop'}. Best is trial 94 with value: 0.08340705306090467.
2026-05-13 14:25:26,800 - optuna.study._optimize - INFO - Trial 96 pruned. 
2026-05-13 14:25:31,786 - optuna.study._optimize - INFO - Trial 97 pruned. 
2026-05-13 14:26:07,589 - optuna.study.study - INFO - Trial 98 finished with value: 0.07698004331495283 and parameters: {'n_layers': 1, 'embedding_dim': 256, 'lr': 0.002764368299431189, 'lambda_val': 0.003973485476553186, 'batch_size': 3822, 'optimizer': 'RMSprop'}. Best is trial 94 with value: 0.08340705306090467.
2026-05-13 14:26:43,241 - optuna.study.study - INFO - Trial 99 finished with value: 0.07890711379129214 and parameters: {'n_layers': 1, 'embedding_dim': 256, 'lr': 0.004927861082059995, 'lambda_val': 0.0013106233827854745, 'batch_size': 3540, 'optimizer': 'RMSprop'}. Best is trial 94 with value: 0.08340705306090467.
2026-05-13 14:26:47,545 - optuna.study._optimize - INFO - Trial 100 pruned. 
2026-05-13 14:27:23,284 - optuna.study.study - INFO - Trial 101 finished with value: 0.0811488813954933 and parameters: {'n_layers': 1, 'embedding_dim': 256, 'lr': 0.0067902395326762365, 'lambda_val': 0.001164314422277282, 'batch_size': 4064, 'optimizer': 'RMSprop'}. Best is trial 94 with value: 0.08340705306090467.
2026-05-13 14:27:27,855 - optuna.study._optimize - INFO - Trial 102 pruned. 
2026-05-13 14:28:04,226 - optuna.study.study - INFO - Trial 103 finished with value: 0.07889525727215656 and parameters: {'n_layers': 1, 'embedding_dim': 256, 'lr': 0.007413843693899001, 'lambda_val': 0.00099830807955249, 'batch_size': 3432, 'optimizer': 'RMSprop'}. Best is trial 94 with value: 0.08340705306090467.
2026-05-13 14:28:39,983 - optuna.study.study - INFO - Trial 104 finished with value: 0.08122620888811219 and parameters: {'n_layers': 1, 'embedding_dim': 256, 'lr': 0.004184788323052842, 'lambda_val': 0.0010639312382630447, 'batch_size': 4081, 'optimizer': 'RMSprop'}. Best is trial 94 with value: 0.08340705306090467.
2026-05-13 14:29:15,881 - optuna.study.study - INFO - Trial 105 finished with value: 0.07967673853442114 and parameters: {'n_layers': 1, 'embedding_dim': 256, 'lr': 0.008534255632465518, 'lambda_val': 0.0010154479284422756, 'batch_size': 4092, 'optimizer': 'RMSprop'}. Best is trial 94 with value: 0.08340705306090467.
2026-05-13 14:29:52,268 - optuna.study.study - INFO - Trial 106 finished with value: 0.0837737998008057 and parameters: {'n_layers': 1, 'embedding_dim': 256, 'lr': 0.005222045973492776, 'lambda_val': 0.0010140303199100106, 'batch_size': 3675, 'optimizer': 'RMSprop'}. Best is trial 106 with value: 0.0837737998008057.
2026-05-13 14:29:58,431 - optuna.study._optimize - INFO - Trial 107 pruned. 
2026-05-13 14:30:35,571 - optuna.study.study - INFO - Trial 108 finished with value: 0.07181197938308671 and parameters: {'n_layers': 1, 'embedding_dim': 256, 'lr': 0.00241324198762301, 'lambda_val': 0.0005813150827110834, 'batch_size': 4095, 'optimizer': 'Adam'}. Best is trial 106 with value: 0.0837737998008057.
2026-05-13 14:31:11,739 - optuna.study.study - INFO - Trial 109 finished with value: 0.0689518890773183 and parameters: {'n_layers': 1, 'embedding_dim': 256, 'lr': 0.0031282375905961352, 'lambda_val': 0.0003031818966683769, 'batch_size': 3948, 'optimizer': 'RMSprop'}. Best is trial 106 with value: 0.0837737998008057.
2026-05-13 14:31:47,981 - optuna.study.study - INFO - Trial 110 finished with value: 0.07841059433912098 and parameters: {'n_layers': 1, 'embedding_dim': 256, 'lr': 0.004399592207227902, 'lambda_val': 0.0009197537716504216, 'batch_size': 3661, 'optimizer': 'RMSprop'}. Best is trial 106 with value: 0.0837737998008057.
2026-05-13 14:32:23,887 - optuna.study.study - INFO - Trial 111 finished with value: 0.07739155256224159 and parameters: {'n_layers': 1, 'embedding_dim': 256, 'lr': 0.00533726251023698, 'lambda_val': 0.0009004684606322494, 'batch_size': 3676, 'optimizer': 'RMSprop'}. Best is trial 106 with value: 0.0837737998008057.
2026-05-13 14:33:00,078 - optuna.study.study - INFO - Trial 112 finished with value: 0.07906532808661794 and parameters: {'n_layers': 1, 'embedding_dim': 256, 'lr': 0.004161630104093263, 'lambda_val': 0.00046338408255162104, 'batch_size': 3440, 'optimizer': 'RMSprop'}. Best is trial 106 with value: 0.0837737998008057.
2026-05-13 14:33:36,717 - optuna.study.study - INFO - Trial 113 finished with value: 0.0764447906519268 and parameters: {'n_layers': 1, 'embedding_dim': 256, 'lr': 0.004743978342278418, 'lambda_val': 0.00039765091221709243, 'batch_size': 3945, 'optimizer': 'RMSprop'}. Best is trial 106 with value: 0.0837737998008057.
2026-05-13 14:34:12,382 - optuna.study.study - INFO - Trial 114 finished with value: 0.08128346832974262 and parameters: {'n_layers': 1, 'embedding_dim': 256, 'lr': 0.004019805658246641, 'lambda_val': 0.0011993115028410936, 'batch_size': 3427, 'optimizer': 'RMSprop'}. Best is trial 106 with value: 0.0837737998008057.
2026-05-13 14:34:48,126 - optuna.study.study - INFO - Trial 115 finished with value: 0.07984518852621937 and parameters: {'n_layers': 1, 'embedding_dim': 256, 'lr': 0.004274760257255423, 'lambda_val': 0.0011613973314316052, 'batch_size': 3419, 'optimizer': 'RMSprop'}. Best is trial 106 with value: 0.0837737998008057.
2026-05-13 14:35:24,518 - optuna.study.study - INFO - Trial 116 finished with value: 0.07204291755828779 and parameters: {'n_layers': 1, 'embedding_dim': 256, 'lr': 0.0011122877027493435, 'lambda_val': 0.0011809245545909613, 'batch_size': 3833, 'optimizer': 'RMSprop'}. Best is trial 106 with value: 0.0837737998008057.
2026-05-13 14:36:00,213 - optuna.study.study - INFO - Trial 117 finished with value: 0.07032445675618786 and parameters: {'n_layers': 1, 'embedding_dim': 256, 'lr': 0.0030491805459087807, 'lambda_val': 0.0004675701772897875, 'batch_size': 3430, 'optimizer': 'RMSprop'}. Best is trial 106 with value: 0.0837737998008057.
2026-05-13 14:36:35,341 - optuna.study.study - INFO - Trial 118 finished with value: 0.07598120250849366 and parameters: {'n_layers': 1, 'embedding_dim': 256, 'lr': 0.004091650998559297, 'lambda_val': 0.0013795116926659896, 'batch_size': 3449, 'optimizer': 'RMSprop'}. Best is trial 106 with value: 0.0837737998008057.
2026-05-13 14:37:11,177 - optuna.study.study - INFO - Trial 119 finished with value: 0.0809733277587977 and parameters: {'n_layers': 1, 'embedding_dim': 256, 'lr': 0.002424459121067629, 'lambda_val': 0.0018005505845712579, 'batch_size': 4028, 'optimizer': 'RMSprop'}. Best is trial 106 with value: 0.0837737998008057.
2026-05-13 14:37:47,002 - optuna.study.study - INFO - Trial 120 finished with value: 0.07737563545188048 and parameters: {'n_layers': 1, 'embedding_dim': 256, 'lr': 0.0015080501378227714, 'lambda_val': 0.0024533523624459593, 'batch_size': 3904, 'optimizer': 'RMSprop'}. Best is trial 106 with value: 0.0837737998008057.
2026-05-13 14:38:22,590 - optuna.study.study - INFO - Trial 121 finished with value: 0.080861209762278 and parameters: {'n_layers': 1, 'embedding_dim': 256, 'lr': 0.0034664808335366677, 'lambda_val': 0.001768674485080738, 'batch_size': 4009, 'optimizer': 'RMSprop'}. Best is trial 106 with value: 0.0837737998008057.
2026-05-13 14:38:27,504 - optuna.study._optimize - INFO - Trial 122 pruned. 
2026-05-13 14:39:07,835 - optuna.study.study - INFO - Trial 123 finished with value: 0.07979389061120402 and parameters: {'n_layers': 1, 'embedding_dim': 256, 'lr': 0.0032963537194155364, 'lambda_val': 0.0016780360001656433, 'batch_size': 4019, 'optimizer': 'RMSprop'}. Best is trial 106 with value: 0.0837737998008057.
2026-05-13 14:39:43,415 - optuna.study.study - INFO - Trial 124 finished with value: 0.07236265044875469 and parameters: {'n_layers': 1, 'embedding_dim': 256, 'lr': 0.0017488014939683052, 'lambda_val': 0.0006216339095105188, 'batch_size': 4032, 'optimizer': 'RMSprop'}. Best is trial 106 with value: 0.0837737998008057.
2026-05-13 14:40:19,005 - optuna.study.study - INFO - Trial 125 finished with value: 0.07817322693896221 and parameters: {'n_layers': 1, 'embedding_dim': 256, 'lr': 0.0033396803855958376, 'lambda_val': 0.0019011479127842483, 'batch_size': 3872, 'optimizer': 'RMSprop'}. Best is trial 106 with value: 0.0837737998008057.
2026-05-13 14:40:54,687 - optuna.study.study - INFO - Trial 126 finished with value: 0.08119175959522655 and parameters: {'n_layers': 1, 'embedding_dim': 256, 'lr': 0.0023373493526065194, 'lambda_val': 0.0015663759895993285, 'batch_size': 4020, 'optimizer': 'RMSprop'}. Best is trial 106 with value: 0.0837737998008057.
2026-05-13 14:40:59,112 - optuna.study._optimize - INFO - Trial 127 pruned. 
2026-05-13 14:41:03,805 - optuna.study._optimize - INFO - Trial 128 pruned. 
2026-05-13 14:41:10,810 - optuna.study._optimize - INFO - Trial 129 pruned. 
2026-05-13 14:41:41,993 - optuna.study.study - INFO - Trial 130 finished with value: 0.07560993060180478 and parameters: {'n_layers': 1, 'embedding_dim': 128, 'lr': 0.002614747929334011, 'lambda_val': 0.0011762942815078555, 'batch_size': 3914, 'optimizer': 'RMSprop'}. Best is trial 106 with value: 0.0837737998008057.
2026-05-13 14:42:17,337 - optuna.study.study - INFO - Trial 131 finished with value: 0.0814643249119103 and parameters: {'n_layers': 1, 'embedding_dim': 256, 'lr': 0.004018015834890464, 'lambda_val': 0.0008031441191238472, 'batch_size': 3624, 'optimizer': 'RMSprop'}. Best is trial 106 with value: 0.0837737998008057.
2026-05-13 14:42:53,773 - optuna.study.study - INFO - Trial 132 finished with value: 0.07626474987990549 and parameters: {'n_layers': 1, 'embedding_dim': 256, 'lr': 0.0036133158887216867, 'lambda_val': 0.0008054468569754738, 'batch_size': 3757, 'optimizer': 'RMSprop'}. Best is trial 106 with value: 0.0837737998008057.
2026-05-13 14:42:58,516 - optuna.study._optimize - INFO - Trial 133 pruned. 
2026-05-13 14:43:34,432 - optuna.study.study - INFO - Trial 134 finished with value: 0.07725381943924015 and parameters: {'n_layers': 1, 'embedding_dim': 256, 'lr': 0.0021380968200365204, 'lambda_val': 0.0021604423734757384, 'batch_size': 3643, 'optimizer': 'RMSprop'}. Best is trial 106 with value: 0.0837737998008057.
2026-05-13 14:44:10,712 - optuna.study.study - INFO - Trial 135 finished with value: 0.07489455983396524 and parameters: {'n_layers': 1, 'embedding_dim': 256, 'lr': 0.006066791773274528, 'lambda_val': 0.0010538201693245746, 'batch_size': 4031, 'optimizer': 'RMSprop'}. Best is trial 106 with value: 0.0837737998008057.
2026-05-13 14:44:14,543 - optuna.study._optimize - INFO - Trial 136 pruned. 
2026-05-13 14:44:50,396 - optuna.study.study - INFO - Trial 137 finished with value: 0.07442806077786286 and parameters: {'n_layers': 1, 'embedding_dim': 256, 'lr': 0.001460350763970732, 'lambda_val': 0.0013580797147510668, 'batch_size': 3298, 'optimizer': 'RMSprop'}. Best is trial 106 with value: 0.0837737998008057.
2026-05-13 14:45:26,031 - optuna.study.study - INFO - Trial 138 finished with value: 0.07506215499573762 and parameters: {'n_layers': 1, 'embedding_dim': 256, 'lr': 0.0036871677536959952, 'lambda_val': 0.0005876046245694474, 'batch_size': 3971, 'optimizer': 'RMSprop'}. Best is trial 106 with value: 0.0837737998008057.
2026-05-13 14:46:02,416 - optuna.study.study - INFO - Trial 139 finished with value: 0.08045472317018473 and parameters: {'n_layers': 1, 'embedding_dim': 256, 'lr': 0.005827125891882441, 'lambda_val': 0.0023412881772781904, 'batch_size': 4092, 'optimizer': 'RMSprop'}. Best is trial 106 with value: 0.0837737998008057.
2026-05-13 14:46:39,285 - optuna.study.study - INFO - Trial 140 finished with value: 0.07916711929534649 and parameters: {'n_layers': 1, 'embedding_dim': 256, 'lr': 0.005436233304871955, 'lambda_val': 0.0016189438648231576, 'batch_size': 4095, 'optimizer': 'RMSprop'}. Best is trial 106 with value: 0.0837737998008057.
2026-05-13 14:47:15,298 - optuna.study.study - INFO - Trial 141 finished with value: 0.08030377828729321 and parameters: {'n_layers': 1, 'embedding_dim': 256, 'lr': 0.004294762652873614, 'lambda_val': 0.0021393627856906667, 'batch_size': 3786, 'optimizer': 'RMSprop'}. Best is trial 106 with value: 0.0837737998008057.
2026-05-13 14:47:51,483 - optuna.study.study - INFO - Trial 142 finished with value: 0.08277141208818463 and parameters: {'n_layers': 1, 'embedding_dim': 256, 'lr': 0.0042023893985983825, 'lambda_val': 0.00220209102791038, 'batch_size': 3904, 'optimizer': 'RMSprop'}. Best is trial 106 with value: 0.0837737998008057.
2026-05-13 14:48:27,811 - optuna.study.study - INFO - Trial 143 finished with value: 0.07952464635555946 and parameters: {'n_layers': 1, 'embedding_dim': 256, 'lr': 0.0030624007651668967, 'lambda_val': 0.0022660559351219043, 'batch_size': 3886, 'optimizer': 'RMSprop'}. Best is trial 106 with value: 0.0837737998008057.
2026-05-13 14:49:03,591 - optuna.study.study - INFO - Trial 144 finished with value: 0.07739761867161832 and parameters: {'n_layers': 1, 'embedding_dim': 256, 'lr': 0.004265224658735718, 'lambda_val': 0.0029201426504670293, 'batch_size': 3777, 'optimizer': 'RMSprop'}. Best is trial 106 with value: 0.0837737998008057.
2026-05-13 14:49:39,805 - optuna.study.study - INFO - Trial 145 finished with value: 0.0795333216927362 and parameters: {'n_layers': 1, 'embedding_dim': 256, 'lr': 0.0024360517386009185, 'lambda_val': 0.0020179879324162477, 'batch_size': 3814, 'optimizer': 'RMSprop'}. Best is trial 106 with value: 0.0837737998008057.
2026-05-13 14:50:15,928 - optuna.study.study - INFO - Trial 146 finished with value: 0.07789284026721269 and parameters: {'n_layers': 1, 'embedding_dim': 256, 'lr': 0.0017241429722829984, 'lambda_val': 0.0014982256539687983, 'batch_size': 3997, 'optimizer': 'RMSprop'}. Best is trial 106 with value: 0.0837737998008057.
2026-05-13 14:50:51,887 - optuna.study.study - INFO - Trial 147 finished with value: 0.07367445529501476 and parameters: {'n_layers': 1, 'embedding_dim': 256, 'lr': 0.003928602264303057, 'lambda_val': 0.0007683242137323503, 'batch_size': 3607, 'optimizer': 'RMSprop'}. Best is trial 106 with value: 0.0837737998008057.
2026-05-13 14:50:56,315 - optuna.study._optimize - INFO - Trial 148 pruned. 
2026-05-13 14:51:32,380 - optuna.study.study - INFO - Trial 149 finished with value: 0.08254747436100916 and parameters: {'n_layers': 1, 'embedding_dim': 256, 'lr': 0.0031082972087976943, 'lambda_val': 0.002450893409885655, 'batch_size': 3902, 'optimizer': 'RMSprop'}. Best is trial 106 with value: 0.0837737998008057.
2026-05-13 14:51:36,995 - optuna.study._optimize - INFO - Trial 150 pruned. 
2026-05-13 14:52:13,491 - optuna.study.study - INFO - Trial 151 finished with value: 0.08250959241003054 and parameters: {'n_layers': 1, 'embedding_dim': 256, 'lr': 0.003123835070788144, 'lambda_val': 0.00319589269609962, 'batch_size': 3933, 'optimizer': 'RMSprop'}. Best is trial 106 with value: 0.0837737998008057.
2026-05-13 14:52:18,864 - optuna.study._optimize - INFO - Trial 152 pruned. 
2026-05-13 14:52:55,330 - optuna.study.study - INFO - Trial 153 finished with value: 0.08411445830273562 and parameters: {'n_layers': 1, 'embedding_dim': 256, 'lr': 0.005605276339134066, 'lambda_val': 0.003490693534125919, 'batch_size': 3929, 'optimizer': 'RMSprop'}. Best is trial 153 with value: 0.08411445830273562.
2026-05-13 14:53:32,043 - optuna.study.study - INFO - Trial 154 finished with value: 0.07933318340118119 and parameters: {'n_layers': 1, 'embedding_dim': 256, 'lr': 0.005410187753893904, 'lambda_val': 0.003258935310297883, 'batch_size': 3937, 'optimizer': 'RMSprop'}. Best is trial 153 with value: 0.08411445830273562.
2026-05-13 14:53:38,028 - optuna.study._optimize - INFO - Trial 155 pruned. 
2026-05-13 14:54:13,589 - optuna.study.study - INFO - Trial 156 finished with value: 0.07842408860845633 and parameters: {'n_layers': 1, 'embedding_dim': 256, 'lr': 0.0031232999129946646, 'lambda_val': 0.002716814667945668, 'batch_size': 3960, 'optimizer': 'RMSprop'}. Best is trial 153 with value: 0.08411445830273562.
2026-05-13 14:54:17,727 - optuna.study._optimize - INFO - Trial 157 pruned. 
2026-05-13 14:54:54,166 - optuna.study.study - INFO - Trial 158 finished with value: 0.07850600206031795 and parameters: {'n_layers': 1, 'embedding_dim': 256, 'lr': 0.0036972476162771693, 'lambda_val': 0.003397798484572013, 'batch_size': 3723, 'optimizer': 'Adam'}. Best is trial 153 with value: 0.08411445830273562.
2026-05-13 14:54:58,691 - optuna.study._optimize - INFO - Trial 159 pruned. 
2026-05-13 14:55:13,049 - optuna.study._optimize - INFO - Trial 160 pruned. 
2026-05-13 14:55:49,161 - optuna.study.study - INFO - Trial 161 finished with value: 0.08396974564997436 and parameters: {'n_layers': 1, 'embedding_dim': 256, 'lr': 0.00445218521609586, 'lambda_val': 0.002581858966877877, 'batch_size': 4091, 'optimizer': 'RMSprop'}. Best is trial 153 with value: 0.08411445830273562.
2026-05-13 14:56:24,930 - optuna.study.study - INFO - Trial 162 finished with value: 0.0788296451371214 and parameters: {'n_layers': 1, 'embedding_dim': 256, 'lr': 0.004129310489915997, 'lambda_val': 0.002524681658679335, 'batch_size': 4095, 'optimizer': 'RMSprop'}. Best is trial 153 with value: 0.08411445830273562.
2026-05-13 14:57:01,177 - optuna.study.study - INFO - Trial 163 finished with value: 0.07628034630397527 and parameters: {'n_layers': 1, 'embedding_dim': 256, 'lr': 0.0027855953111408905, 'lambda_val': 0.004363276404759645, 'batch_size': 3973, 'optimizer': 'RMSprop'}. Best is trial 153 with value: 0.08411445830273562.
2026-05-13 14:57:05,726 - optuna.study._optimize - INFO - Trial 164 pruned. 
2026-05-13 14:57:42,192 - optuna.study.study - INFO - Trial 165 finished with value: 0.07912167650396293 and parameters: {'n_layers': 1, 'embedding_dim': 256, 'lr': 0.003325964912845099, 'lambda_val': 0.0020050221393652307, 'batch_size': 4038, 'optimizer': 'RMSprop'}. Best is trial 153 with value: 0.08411445830273562.
2026-05-13 14:58:19,340 - optuna.study.study - INFO - Trial 166 finished with value: 0.07747203372851161 and parameters: {'n_layers': 1, 'embedding_dim': 256, 'lr': 0.008125264854317337, 'lambda_val': 0.0027266465208610584, 'batch_size': 3902, 'optimizer': 'RMSprop'}. Best is trial 153 with value: 0.08411445830273562.
2026-05-13 14:58:54,973 - optuna.study.study - INFO - Trial 167 finished with value: 0.07966102113210827 and parameters: {'n_layers': 1, 'embedding_dim': 256, 'lr': 0.004252189585171496, 'lambda_val': 0.00336853695002554, 'batch_size': 3600, 'optimizer': 'RMSprop'}. Best is trial 153 with value: 0.08411445830273562.
2026-05-13 14:59:30,740 - optuna.study.study - INFO - Trial 168 finished with value: 0.07692059791297266 and parameters: {'n_layers': 1, 'embedding_dim': 256, 'lr': 0.0051572967335786835, 'lambda_val': 0.0014294034789274221, 'batch_size': 4008, 'optimizer': 'RMSprop'}. Best is trial 153 with value: 0.08411445830273562.
2026-05-13 14:59:42,997 - optuna.study._optimize - INFO - Trial 169 pruned. 
2026-05-13 14:59:49,449 - optuna.study._optimize - INFO - Trial 170 pruned. 
2026-05-13 15:00:25,274 - optuna.study.study - INFO - Trial 171 finished with value: 0.08103005402343659 and parameters: {'n_layers': 1, 'embedding_dim': 256, 'lr': 0.004172088402076408, 'lambda_val': 0.0011501593368363797, 'batch_size': 3831, 'optimizer': 'RMSprop'}. Best is trial 153 with value: 0.08411445830273562.
2026-05-13 15:01:01,021 - optuna.study.study - INFO - Trial 172 finished with value: 0.08249639294958143 and parameters: {'n_layers': 1, 'embedding_dim': 256, 'lr': 0.006636699519104344, 'lambda_val': 0.0012059743863386788, 'batch_size': 3868, 'optimizer': 'RMSprop'}. Best is trial 153 with value: 0.08411445830273562.
2026-05-13 15:01:37,832 - optuna.study.study - INFO - Trial 173 finished with value: 0.07821424793095368 and parameters: {'n_layers': 1, 'embedding_dim': 256, 'lr': 0.006546852918385393, 'lambda_val': 0.0012633126595719066, 'batch_size': 3882, 'optimizer': 'RMSprop'}. Best is trial 153 with value: 0.08411445830273562.
2026-05-13 15:02:13,685 - optuna.study.study - INFO - Trial 174 finished with value: 0.07842133022809848 and parameters: {'n_layers': 1, 'embedding_dim': 256, 'lr': 0.007698001211096384, 'lambda_val': 0.0009869826625963415, 'batch_size': 3995, 'optimizer': 'RMSprop'}. Best is trial 153 with value: 0.08411445830273562.
2026-05-13 15:02:49,720 - optuna.study.study - INFO - Trial 175 finished with value: 0.07921954801242563 and parameters: {'n_layers': 1, 'embedding_dim': 256, 'lr': 0.0035322560196395744, 'lambda_val': 0.000776042699663974, 'batch_size': 3843, 'optimizer': 'RMSprop'}. Best is trial 153 with value: 0.08411445830273562.
2026-05-13 15:03:26,250 - optuna.study.study - INFO - Trial 176 finished with value: 0.08470077766098785 and parameters: {'n_layers': 1, 'embedding_dim': 256, 'lr': 0.005210415588747923, 'lambda_val': 0.0015376679067144257, 'batch_size': 3940, 'optimizer': 'RMSprop'}. Best is trial 176 with value: 0.08470077766098785.
2026-05-13 15:04:03,012 - optuna.study.study - INFO - Trial 177 finished with value: 0.07698698366124733 and parameters: {'n_layers': 1, 'embedding_dim': 256, 'lr': 0.002761446049829303, 'lambda_val': 0.0015527955691408606, 'batch_size': 3693, 'optimizer': 'RMSprop'}. Best is trial 176 with value: 0.08470077766098785.
2026-05-13 15:04:38,822 - optuna.study.study - INFO - Trial 178 finished with value: 0.08147251097986694 and parameters: {'n_layers': 1, 'embedding_dim': 256, 'lr': 0.004934967250414367, 'lambda_val': 0.0011082918466261004, 'batch_size': 3924, 'optimizer': 'RMSprop'}. Best is trial 176 with value: 0.08470077766098785.
2026-05-13 15:04:43,238 - optuna.study._optimize - INFO - Trial 179 pruned. 
2026-05-13 15:05:18,827 - optuna.study.study - INFO - Trial 180 finished with value: 0.07813529227757521 and parameters: {'n_layers': 1, 'embedding_dim': 256, 'lr': 0.004881944045245131, 'lambda_val': 0.0012306977277954055, 'batch_size': 3836, 'optimizer': 'RMSprop'}. Best is trial 176 with value: 0.08470077766098785.
2026-05-13 15:05:24,122 - optuna.study._optimize - INFO - Trial 181 pruned. 
2026-05-13 15:06:00,840 - optuna.study.study - INFO - Trial 182 finished with value: 0.0763229937579021 and parameters: {'n_layers': 1, 'embedding_dim': 256, 'lr': 0.006640356264880815, 'lambda_val': 0.0015954879933917077, 'batch_size': 4009, 'optimizer': 'RMSprop'}. Best is trial 176 with value: 0.08470077766098785.
2026-05-13 15:06:35,007 - optuna.study.study - INFO - Trial 183 finished with value: 0.08390217750784472 and parameters: {'n_layers': 1, 'embedding_dim': 256, 'lr': 0.005208125105042894, 'lambda_val': 0.0008743499911159697, 'batch_size': 2214, 'optimizer': 'RMSprop'}. Best is trial 176 with value: 0.08470077766098785.
2026-05-13 15:07:10,559 - optuna.study.study - INFO - Trial 184 finished with value: 0.07799595487368965 and parameters: {'n_layers': 1, 'embedding_dim': 256, 'lr': 0.005221861282271632, 'lambda_val': 0.0008929766461736073, 'batch_size': 3731, 'optimizer': 'RMSprop'}. Best is trial 176 with value: 0.08470077766098785.
2026-05-13 15:07:15,116 - optuna.study._optimize - INFO - Trial 185 pruned. 
2026-05-13 15:07:50,779 - optuna.study.study - INFO - Trial 186 finished with value: 0.07852321559088055 and parameters: {'n_layers': 1, 'embedding_dim': 256, 'lr': 0.006912379323033583, 'lambda_val': 0.0011425156978253034, 'batch_size': 3893, 'optimizer': 'RMSprop'}. Best is trial 176 with value: 0.08470077766098785.
2026-05-13 15:08:00,680 - optuna.study._optimize - INFO - Trial 187 pruned. 
2026-05-13 15:08:36,278 - optuna.study.study - INFO - Trial 188 finished with value: 0.07625362737830495 and parameters: {'n_layers': 1, 'embedding_dim': 256, 'lr': 0.0032042958906908117, 'lambda_val': 0.0014057035808853887, 'batch_size': 3815, 'optimizer': 'RMSprop'}. Best is trial 176 with value: 0.08470077766098785.
2026-05-13 15:09:12,105 - optuna.study.study - INFO - Trial 189 finished with value: 0.0649533033979781 and parameters: {'n_layers': 1, 'embedding_dim': 256, 'lr': 0.00036279560175453006, 'lambda_val': 0.0010909414579061622, 'batch_size': 3943, 'optimizer': 'RMSprop'}. Best is trial 176 with value: 0.08470077766098785.
2026-05-13 15:09:16,139 - optuna.study._optimize - INFO - Trial 190 pruned. 
2026-05-13 15:09:52,206 - optuna.study.study - INFO - Trial 191 finished with value: 0.07841172461532255 and parameters: {'n_layers': 1, 'embedding_dim': 256, 'lr': 0.003793064353203311, 'lambda_val': 0.001754799014613502, 'batch_size': 4020, 'optimizer': 'RMSprop'}. Best is trial 176 with value: 0.08470077766098785.
2026-05-13 15:09:56,657 - optuna.study._optimize - INFO - Trial 192 pruned. 
2026-05-13 15:10:01,224 - optuna.study._optimize - INFO - Trial 193 pruned. 
2026-05-13 15:10:05,970 - optuna.study._optimize - INFO - Trial 194 pruned. 
2026-05-13 15:10:42,341 - optuna.study.study - INFO - Trial 195 finished with value: 0.0784168897135009 and parameters: {'n_layers': 1, 'embedding_dim': 256, 'lr': 0.00343969724936702, 'lambda_val': 0.002214288560227413, 'batch_size': 4020, 'optimizer': 'RMSprop'}. Best is trial 176 with value: 0.08470077766098785.
2026-05-13 15:10:47,102 - optuna.study._optimize - INFO - Trial 196 pruned. 
2026-05-13 15:10:51,219 - optuna.study._optimize - INFO - Trial 197 pruned. 
2026-05-13 15:11:27,986 - optuna.study.study - INFO - Trial 198 finished with value: 0.07816122786210157 and parameters: {'n_layers': 1, 'embedding_dim': 256, 'lr': 0.0018708850869458866, 'lambda_val': 0.0018264153548303238, 'batch_size': 3984, 'optimizer': 'RMSprop'}. Best is trial 176 with value: 0.08470077766098785.
2026-05-13 15:12:04,364 - optuna.study.study - INFO - Trial 199 finished with value: 0.07787176840308116 and parameters: {'n_layers': 1, 'embedding_dim': 256, 'lr': 0.003306734353287067, 'lambda_val': 0.0013063254200114847, 'batch_size': 3931, 'optimizer': 'RMSprop'}. Best is trial 176 with value: 0.08470077766098785.
2026-05-13 15:12:33,318 - root - INFO -   **** Training e_100K_1c2dcs_rand2
2026-05-13 15:12:33,330 - root - INFO -   **** Getting 54402/65410 random edges
2026-05-13 15:12:33,685 - optuna.storages._rdb.storage - INFO - A new study created in RDB with name: Study_e_100K_1c2dcs_rand2
2026-05-13 15:13:27,227 - optuna.study.study - INFO - Trial 0 finished with value: 0.004016827272264369 and parameters: {'n_layers': 4, 'embedding_dim': 96, 'lr': 0.00023790911409133806, 'lambda_val': 0.003052413342703402, 'batch_size': 3714, 'optimizer': 'SGD'}. Best is trial 0 with value: 0.004016827272264369.
2026-05-13 15:14:13,445 - optuna.study.study - INFO - Trial 1 finished with value: 0.029393770257773174 and parameters: {'n_layers': 3, 'embedding_dim': 32, 'lr': 0.05961246314631628, 'lambda_val': 9.145944366592008e-05, 'batch_size': 660, 'optimizer': 'RMSprop'}. Best is trial 1 with value: 0.029393770257773174.
2026-05-13 15:15:14,291 - optuna.study.study - INFO - Trial 2 finished with value: 0.0029099282555285723 and parameters: {'n_layers': 4, 'embedding_dim': 256, 'lr': 0.002441898178641375, 'lambda_val': 0.001346256202830235, 'batch_size': 1776, 'optimizer': 'SGD'}. Best is trial 1 with value: 0.029393770257773174.
2026-05-13 15:15:50,482 - optuna.study.study - INFO - Trial 3 finished with value: 0.0013187571945532325 and parameters: {'n_layers': 4, 'embedding_dim': 32, 'lr': 0.0016551196379578055, 'lambda_val': 0.00043379693178288524, 'batch_size': 2726, 'optimizer': 'SGD'}. Best is trial 1 with value: 0.029393770257773174.
2026-05-13 15:16:28,297 - optuna.study.study - INFO - Trial 4 finished with value: 0.005660811425582552 and parameters: {'n_layers': 4, 'embedding_dim': 32, 'lr': 1.202818356429961e-05, 'lambda_val': 1.5674002093389894e-05, 'batch_size': 3194, 'optimizer': 'RMSprop'}. Best is trial 1 with value: 0.029393770257773174.
2026-05-13 15:17:10,131 - optuna.study.study - INFO - Trial 5 finished with value: 0.03671766590793217 and parameters: {'n_layers': 2, 'embedding_dim': 32, 'lr': 0.022231205694237026, 'lambda_val': 0.0010635941655530595, 'batch_size': 556, 'optimizer': 'RMSprop'}. Best is trial 5 with value: 0.03671766590793217.
2026-05-13 15:17:49,580 - optuna.study.study - INFO - Trial 6 finished with value: 0.03169759292426896 and parameters: {'n_layers': 3, 'embedding_dim': 64, 'lr': 0.03185334401599537, 'lambda_val': 0.000304826190923087, 'batch_size': 2735, 'optimizer': 'Adam'}. Best is trial 5 with value: 0.03671766590793217.
2026-05-13 15:17:53,223 - optuna.study._optimize - INFO - Trial 7 pruned. 
2026-05-13 15:17:58,372 - optuna.study._optimize - INFO - Trial 8 pruned. 
2026-05-13 15:18:02,941 - optuna.study._optimize - INFO - Trial 9 pruned. 
2026-05-13 15:18:37,699 - optuna.study.study - INFO - Trial 10 finished with value: 0.048901187906238174 and parameters: {'n_layers': 1, 'embedding_dim': 256, 'lr': 0.006437659655399654, 'lambda_val': 0.020904129550187025, 'batch_size': 1230, 'optimizer': 'RMSprop'}. Best is trial 10 with value: 0.048901187906238174.
2026-05-13 15:19:11,556 - optuna.study.study - INFO - Trial 11 finished with value: 0.05187463002815756 and parameters: {'n_layers': 1, 'embedding_dim': 256, 'lr': 0.007595039023086383, 'lambda_val': 0.021738279297752332, 'batch_size': 1218, 'optimizer': 'RMSprop'}. Best is trial 11 with value: 0.05187463002815756.
2026-05-13 15:19:45,078 - optuna.study.study - INFO - Trial 12 finished with value: 0.04259649758919605 and parameters: {'n_layers': 1, 'embedding_dim': 256, 'lr': 0.0048449024708962785, 'lambda_val': 0.028040025857114806, 'batch_size': 1338, 'optimizer': 'RMSprop'}. Best is trial 11 with value: 0.05187463002815756.
2026-05-13 15:20:18,768 - optuna.study.study - INFO - Trial 13 finished with value: 0.052054702970575975 and parameters: {'n_layers': 1, 'embedding_dim': 256, 'lr': 0.008104863459240667, 'lambda_val': 0.01258485931879169, 'batch_size': 1365, 'optimizer': 'RMSprop'}. Best is trial 13 with value: 0.052054702970575975.
2026-05-13 15:21:01,612 - optuna.study.study - INFO - Trial 14 finished with value: 0.027080772818935894 and parameters: {'n_layers': 2, 'embedding_dim': 256, 'lr': 0.00045089247132665174, 'lambda_val': 0.008407974248642447, 'batch_size': 1637, 'optimizer': 'Adam'}. Best is trial 13 with value: 0.052054702970575975.
2026-05-13 15:21:35,803 - optuna.study.study - INFO - Trial 15 finished with value: 0.053600651026726655 and parameters: {'n_layers': 1, 'embedding_dim': 256, 'lr': 0.00791719894882659, 'lambda_val': 1.676984968542278e-06, 'batch_size': 2298, 'optimizer': 'RMSprop'}. Best is trial 15 with value: 0.053600651026726655.
2026-05-13 15:22:10,161 - optuna.study.study - INFO - Trial 16 finished with value: 0.02992432238833891 and parameters: {'n_layers': 2, 'embedding_dim': 128, 'lr': 0.0010026462750783534, 'lambda_val': 1.2342322561273972e-06, 'batch_size': 2278, 'optimizer': 'RMSprop'}. Best is trial 15 with value: 0.053600651026726655.
2026-05-13 15:22:14,407 - optuna.study._optimize - INFO - Trial 17 pruned. 
2026-05-13 15:22:51,232 - optuna.study.study - INFO - Trial 18 finished with value: 0.05623731965612732 and parameters: {'n_layers': 1, 'embedding_dim': 256, 'lr': 0.009183180451126621, 'lambda_val': 7.574718503941464e-05, 'batch_size': 2928, 'optimizer': 'Adam'}. Best is trial 18 with value: 0.05623731965612732.
2026-05-13 15:22:57,480 - optuna.study._optimize - INFO - Trial 19 pruned. 
2026-05-13 15:23:41,789 - optuna.study.study - INFO - Trial 20 finished with value: 0.04000595721094166 and parameters: {'n_layers': 2, 'embedding_dim': 256, 'lr': 0.014159475290018594, 'lambda_val': 6.537495196528129e-05, 'batch_size': 2963, 'optimizer': 'Adam'}. Best is trial 18 with value: 0.05623731965612732.
2026-05-13 15:24:18,043 - optuna.study.study - INFO - Trial 21 finished with value: 0.05737414766212938 and parameters: {'n_layers': 1, 'embedding_dim': 256, 'lr': 0.008882222873428002, 'lambda_val': 8.69754686064649e-05, 'batch_size': 2319, 'optimizer': 'Adam'}. Best is trial 21 with value: 0.05737414766212938.
2026-05-13 15:24:22,506 - optuna.study._optimize - INFO - Trial 22 pruned. 
2026-05-13 15:24:59,613 - optuna.study.study - INFO - Trial 23 finished with value: 0.06555746546790052 and parameters: {'n_layers': 1, 'embedding_dim': 256, 'lr': 0.0008273326280390691, 'lambda_val': 4.224057056083588e-06, 'batch_size': 2574, 'optimizer': 'Adam'}. Best is trial 23 with value: 0.06555746546790052.
2026-05-13 15:25:43,521 - optuna.study.study - INFO - Trial 24 finished with value: 0.03494403308932833 and parameters: {'n_layers': 2, 'embedding_dim': 256, 'lr': 0.0005123692239201562, 'lambda_val': 0.00019944736594918104, 'batch_size': 2578, 'optimizer': 'Adam'}. Best is trial 23 with value: 0.06555746546790052.
2026-05-13 15:26:16,422 - optuna.study.study - INFO - Trial 25 finished with value: 0.10727808686719892 and parameters: {'n_layers': 1, 'embedding_dim': 128, 'lr': 9.384168467229284e-05, 'lambda_val': 2.8675230732805433e-05, 'batch_size': 3554, 'optimizer': 'Adam'}. Best is trial 25 with value: 0.10727808686719892.
2026-05-13 15:26:20,946 - optuna.study._optimize - INFO - Trial 26 pruned. 
2026-05-13 15:26:28,382 - optuna.study._optimize - INFO - Trial 27 pruned. 
2026-05-13 15:27:04,604 - optuna.study.study - INFO - Trial 28 finished with value: 0.07818876208022994 and parameters: {'n_layers': 1, 'embedding_dim': 128, 'lr': 0.00013899282824848127, 'lambda_val': 2.9077926063785917e-05, 'batch_size': 3277, 'optimizer': 'Adam'}. Best is trial 25 with value: 0.10727808686719892.
2026-05-13 15:27:41,577 - optuna.study.study - INFO - Trial 29 finished with value: 0.039548773745975846 and parameters: {'n_layers': 2, 'embedding_dim': 128, 'lr': 0.00012401819162750015, 'lambda_val': 4.107476212566346e-06, 'batch_size': 3957, 'optimizer': 'Adam'}. Best is trial 25 with value: 0.10727808686719892.
2026-05-13 15:28:12,010 - optuna.study.study - INFO - Trial 30 finished with value: 0.052278064050723265 and parameters: {'n_layers': 1, 'embedding_dim': 96, 'lr': 0.00042204822014651897, 'lambda_val': 2.7453192954861724e-05, 'batch_size': 3740, 'optimizer': 'Adam'}. Best is trial 25 with value: 0.10727808686719892.
2026-05-13 15:28:43,008 - optuna.study.study - INFO - Trial 31 finished with value: 0.09943813524620156 and parameters: {'n_layers': 1, 'embedding_dim': 128, 'lr': 0.00010688249995374678, 'lambda_val': 9.163525113964432e-06, 'batch_size': 3321, 'optimizer': 'Adam'}. Best is trial 25 with value: 0.10727808686719892.
2026-05-13 15:28:47,574 - optuna.study._optimize - INFO - Trial 32 pruned. 
2026-05-13 15:29:19,390 - optuna.study.study - INFO - Trial 33 finished with value: 0.1053338558218733 and parameters: {'n_layers': 1, 'embedding_dim': 128, 'lr': 0.00011448517133421968, 'lambda_val': 3.288597168536203e-05, 'batch_size': 3342, 'optimizer': 'Adam'}. Best is trial 25 with value: 0.10727808686719892.
2026-05-13 15:29:51,379 - optuna.study.study - INFO - Trial 34 finished with value: 0.09701875976864996 and parameters: {'n_layers': 1, 'embedding_dim': 128, 'lr': 9.90959998829713e-05, 'lambda_val': 4.377483624955134e-05, 'batch_size': 3851, 'optimizer': 'Adam'}. Best is trial 25 with value: 0.10727808686719892.
2026-05-13 15:29:55,454 - optuna.study._optimize - INFO - Trial 35 pruned. 
2026-05-13 15:30:03,658 - optuna.study._optimize - INFO - Trial 36 pruned. 
2026-05-13 15:30:08,785 - optuna.study._optimize - INFO - Trial 37 pruned. 
2026-05-13 15:30:12,856 - optuna.study._optimize - INFO - Trial 38 pruned. 
2026-05-13 15:30:43,177 - optuna.study.study - INFO - Trial 39 finished with value: 0.04609132906009733 and parameters: {'n_layers': 1, 'embedding_dim': 64, 'lr': 0.0002694278156610148, 'lambda_val': 0.0008142992245619644, 'batch_size': 3122, 'optimizer': 'Adam'}. Best is trial 25 with value: 0.10727808686719892.
2026-05-13 15:30:48,567 - optuna.study._optimize - INFO - Trial 40 pruned. 
2026-05-13 15:31:19,799 - optuna.study.study - INFO - Trial 41 finished with value: 0.07045512686253559 and parameters: {'n_layers': 1, 'embedding_dim': 128, 'lr': 0.00017297110674745574, 'lambda_val': 1.2719607951526167e-05, 'batch_size': 3371, 'optimizer': 'Adam'}. Best is trial 25 with value: 0.10727808686719892.
2026-05-13 15:31:52,298 - optuna.study.study - INFO - Trial 42 finished with value: 0.08000238275322706 and parameters: {'n_layers': 1, 'embedding_dim': 128, 'lr': 0.00013754306243326638, 'lambda_val': 0.00014790660214384827, 'batch_size': 3667, 'optimizer': 'Adam'}. Best is trial 25 with value: 0.10727808686719892.
2026-05-13 15:31:56,362 - optuna.study._optimize - INFO - Trial 43 pruned. 
2026-05-13 15:32:00,349 - optuna.study._optimize - INFO - Trial 44 pruned. 
2026-05-13 15:32:06,380 - optuna.study._optimize - INFO - Trial 45 pruned. 
2026-05-13 15:32:10,843 - optuna.study._optimize - INFO - Trial 46 pruned. 
2026-05-13 15:32:14,903 - optuna.study._optimize - INFO - Trial 47 pruned. 
2026-05-13 15:32:19,459 - optuna.study._optimize - INFO - Trial 48 pruned. 
2026-05-13 15:32:51,507 - optuna.study.study - INFO - Trial 49 finished with value: 0.053660433308235694 and parameters: {'n_layers': 1, 'embedding_dim': 128, 'lr': 0.00031072495116819696, 'lambda_val': 2.1957459166036267e-06, 'batch_size': 4069, 'optimizer': 'Adam'}. Best is trial 25 with value: 0.10727808686719892.
2026-05-13 15:33:27,524 - optuna.study.study - INFO - Trial 50 finished with value: 0.028923731561391403 and parameters: {'n_layers': 2, 'embedding_dim': 128, 'lr': 0.0007279011593142674, 'lambda_val': 6.501602818992241e-06, 'batch_size': 2823, 'optimizer': 'Adam'}. Best is trial 25 with value: 0.10727808686719892.
2026-05-13 15:33:58,782 - optuna.study.study - INFO - Trial 51 finished with value: 0.0849709627269037 and parameters: {'n_layers': 1, 'embedding_dim': 128, 'lr': 0.00013497032788683657, 'lambda_val': 2.722497751375669e-05, 'batch_size': 3270, 'optimizer': 'Adam'}. Best is trial 25 with value: 0.10727808686719892.
2026-05-13 15:34:30,275 - optuna.study.study - INFO - Trial 52 finished with value: 0.10162907885050364 and parameters: {'n_layers': 1, 'embedding_dim': 128, 'lr': 0.00011461352504016776, 'lambda_val': 4.939041818664685e-05, 'batch_size': 3086, 'optimizer': 'Adam'}. Best is trial 25 with value: 0.10727808686719892.
2026-05-13 15:34:34,542 - optuna.study._optimize - INFO - Trial 53 pruned. 
2026-05-13 15:34:39,014 - optuna.study._optimize - INFO - Trial 54 pruned. 
2026-05-13 15:35:09,897 - optuna.study.study - INFO - Trial 55 finished with value: 0.09987867133643756 and parameters: {'n_layers': 1, 'embedding_dim': 128, 'lr': 0.00012566267388425037, 'lambda_val': 6.579904389263208e-06, 'batch_size': 2795, 'optimizer': 'Adam'}. Best is trial 25 with value: 0.10727808686719892.
2026-05-13 15:35:14,292 - optuna.study._optimize - INFO - Trial 56 pruned. 
2026-05-13 15:35:18,333 - optuna.study._optimize - INFO - Trial 57 pruned. 
2026-05-13 15:35:47,493 - optuna.study.study - INFO - Trial 58 finished with value: 0.05048822862984091 and parameters: {'n_layers': 1, 'embedding_dim': 96, 'lr': 0.0003791909334579924, 'lambda_val': 6.3067556309611474e-06, 'batch_size': 2932, 'optimizer': 'Adam'}. Best is trial 25 with value: 0.10727808686719892.
2026-05-13 15:36:17,562 - optuna.study.study - INFO - Trial 59 finished with value: 0.06712139771421202 and parameters: {'n_layers': 1, 'embedding_dim': 128, 'lr': 0.00023184932609948114, 'lambda_val': 7.536137960886109e-06, 'batch_size': 3513, 'optimizer': 'Adam'}. Best is trial 25 with value: 0.10727808686719892.
2026-05-13 15:36:21,816 - optuna.study._optimize - INFO - Trial 60 pruned. 
2026-05-13 15:36:53,652 - optuna.study.study - INFO - Trial 61 finished with value: 0.09443554139185649 and parameters: {'n_layers': 1, 'embedding_dim': 128, 'lr': 0.00012012901633215267, 'lambda_val': 2.5169991145823105e-05, 'batch_size': 3267, 'optimizer': 'Adam'}. Best is trial 25 with value: 0.10727808686719892.
2026-05-13 15:37:25,094 - optuna.study.study - INFO - Trial 62 finished with value: 0.06513772782504387 and parameters: {'n_layers': 1, 'embedding_dim': 128, 'lr': 0.00018487971378863154, 'lambda_val': 5.7173464070785777e-05, 'batch_size': 3384, 'optimizer': 'Adam'}. Best is trial 25 with value: 0.10727808686719892.
2026-05-13 15:37:56,591 - optuna.study.study - INFO - Trial 63 finished with value: 0.0983325653775525 and parameters: {'n_layers': 1, 'embedding_dim': 128, 'lr': 0.00012386891498369565, 'lambda_val': 0.00010139456281887543, 'batch_size': 2820, 'optimizer': 'Adam'}. Best is trial 25 with value: 0.10727808686719892.
2026-05-13 15:38:00,797 - optuna.study._optimize - INFO - Trial 64 pruned. 
2026-05-13 15:38:33,099 - optuna.study.study - INFO - Trial 65 finished with value: 0.06107884942545939 and parameters: {'n_layers': 1, 'embedding_dim': 128, 'lr': 0.0005984547181704663, 'lambda_val': 9.831538783422465e-05, 'batch_size': 2816, 'optimizer': 'Adam'}. Best is trial 25 with value: 0.10727808686719892.
2026-05-13 15:38:37,256 - optuna.study._optimize - INFO - Trial 66 pruned. 
2026-05-13 15:38:42,375 - optuna.study._optimize - INFO - Trial 67 pruned. 
2026-05-13 15:39:16,685 - optuna.study.study - INFO - Trial 68 finished with value: 0.03195782150195625 and parameters: {'n_layers': 2, 'embedding_dim': 128, 'lr': 0.0003353713282291839, 'lambda_val': 3.63784586829321e-05, 'batch_size': 2082, 'optimizer': 'Adam'}. Best is trial 25 with value: 0.10727808686719892.
2026-05-13 15:39:48,455 - optuna.study.study - INFO - Trial 69 finished with value: 0.07940472439791386 and parameters: {'n_layers': 1, 'embedding_dim': 128, 'lr': 0.00016558250411313316, 'lambda_val': 1.840132675861007e-05, 'batch_size': 2891, 'optimizer': 'Adam'}. Best is trial 25 with value: 0.10727808686719892.
2026-05-13 15:39:52,329 - optuna.study._optimize - INFO - Trial 70 pruned. 
2026-05-13 15:40:23,652 - optuna.study.study - INFO - Trial 71 finished with value: 0.10118231958106483 and parameters: {'n_layers': 1, 'embedding_dim': 128, 'lr': 0.0001113514712094215, 'lambda_val': 2.686174425533344e-05, 'batch_size': 3213, 'optimizer': 'Adam'}. Best is trial 25 with value: 0.10727808686719892.
2026-05-13 15:40:55,254 - optuna.study.study - INFO - Trial 72 finished with value: 0.0553789205831622 and parameters: {'n_layers': 1, 'embedding_dim': 128, 'lr': 0.00022957311350990924, 'lambda_val': 1.4913284109493247e-05, 'batch_size': 3129, 'optimizer': 'Adam'}. Best is trial 25 with value: 0.10727808686719892.
2026-05-13 15:40:59,483 - optuna.study._optimize - INFO - Trial 73 pruned. 
2026-05-13 15:41:03,915 - optuna.study._optimize - INFO - Trial 74 pruned. 
2026-05-13 15:41:09,728 - optuna.study._optimize - INFO - Trial 75 pruned. 
2026-05-13 15:41:39,679 - optuna.study.study - INFO - Trial 76 finished with value: 0.08218556286522971 and parameters: {'n_layers': 1, 'embedding_dim': 64, 'lr': 0.0001728827749586768, 'lambda_val': 5.346917999124475e-05, 'batch_size': 3023, 'optimizer': 'Adam'}. Best is trial 25 with value: 0.10727808686719892.
2026-05-13 15:41:44,049 - optuna.study._optimize - INFO - Trial 77 pruned. 
2026-05-13 15:41:48,003 - optuna.study._optimize - INFO - Trial 78 pruned. 
2026-05-13 15:42:20,352 - optuna.study.study - INFO - Trial 79 finished with value: 0.0753569324201838 and parameters: {'n_layers': 1, 'embedding_dim': 128, 'lr': 0.00015823629071787108, 'lambda_val': 0.00011713249692756948, 'batch_size': 3774, 'optimizer': 'Adam'}. Best is trial 25 with value: 0.10727808686719892.
2026-05-13 15:42:24,279 - optuna.study._optimize - INFO - Trial 80 pruned. 
2026-05-13 15:42:56,259 - optuna.study.study - INFO - Trial 81 finished with value: 0.10120259898214082 and parameters: {'n_layers': 1, 'embedding_dim': 128, 'lr': 0.00011180884073463021, 'lambda_val': 3.115515267914553e-05, 'batch_size': 3226, 'optimizer': 'Adam'}. Best is trial 25 with value: 0.10727808686719892.
2026-05-13 15:43:28,009 - optuna.study.study - INFO - Trial 82 finished with value: 0.09894239129504463 and parameters: {'n_layers': 1, 'embedding_dim': 128, 'lr': 0.00011323882457034819, 'lambda_val': 8.450088399136837e-05, 'batch_size': 3451, 'optimizer': 'Adam'}. Best is trial 25 with value: 0.10727808686719892.
2026-05-13 15:43:59,587 - optuna.study.study - INFO - Trial 83 finished with value: 0.08315235134731971 and parameters: {'n_layers': 1, 'embedding_dim': 128, 'lr': 0.00013345058448513623, 'lambda_val': 7.940173338068048e-05, 'batch_size': 3446, 'optimizer': 'Adam'}. Best is trial 25 with value: 0.10727808686719892.
2026-05-13 15:44:03,837 - optuna.study._optimize - INFO - Trial 84 pruned. 
2026-05-13 15:44:36,222 - optuna.study.study - INFO - Trial 85 finished with value: 0.06432713471866001 and parameters: {'n_layers': 1, 'embedding_dim': 128, 'lr': 0.00022158820404708993, 'lambda_val': 6.15724422191968e-05, 'batch_size': 2849, 'optimizer': 'Adam'}. Best is trial 25 with value: 0.10727808686719892.
2026-05-13 15:44:40,741 - optuna.study._optimize - INFO - Trial 86 pruned. 
2026-05-13 15:44:46,613 - optuna.study._optimize - INFO - Trial 87 pruned. 
2026-05-13 15:44:51,484 - optuna.study._optimize - INFO - Trial 88 pruned. 
2026-05-13 15:44:55,514 - optuna.study._optimize - INFO - Trial 89 pruned. 
2026-05-13 15:45:00,438 - optuna.study._optimize - INFO - Trial 90 pruned. 
2026-05-13 15:45:04,523 - optuna.study._optimize - INFO - Trial 91 pruned. 
2026-05-13 15:45:35,747 - optuna.study.study - INFO - Trial 92 finished with value: 0.08089067385861828 and parameters: {'n_layers': 1, 'embedding_dim': 128, 'lr': 0.00015187713023535188, 'lambda_val': 8.043248555128877e-05, 'batch_size': 3104, 'optimizer': 'Adam'}. Best is trial 25 with value: 0.10727808686719892.
2026-05-13 15:45:40,053 - optuna.study._optimize - INFO - Trial 93 pruned. 
2026-05-13 15:46:12,940 - optuna.study.study - INFO - Trial 94 finished with value: 0.08678210436768213 and parameters: {'n_layers': 1, 'embedding_dim': 128, 'lr': 0.00011753759067888513, 'lambda_val': 0.00011589700131019005, 'batch_size': 3724, 'optimizer': 'Adam'}. Best is trial 25 with value: 0.10727808686719892.
2026-05-13 15:46:16,797 - optuna.study._optimize - INFO - Trial 95 pruned. 
2026-05-13 15:46:48,116 - optuna.study.study - INFO - Trial 96 finished with value: 0.06454241094928814 and parameters: {'n_layers': 1, 'embedding_dim': 128, 'lr': 0.00019400537445230456, 'lambda_val': 3.3900501873495237e-06, 'batch_size': 3992, 'optimizer': 'Adam'}. Best is trial 25 with value: 0.10727808686719892.
2026-05-13 15:46:52,541 - optuna.study._optimize - INFO - Trial 97 pruned. 
2026-05-13 15:47:23,911 - optuna.study.study - INFO - Trial 98 finished with value: 0.04814796489676046 and parameters: {'n_layers': 1, 'embedding_dim': 128, 'lr': 0.00031143509002621434, 'lambda_val': 9.833167097221416e-06, 'batch_size': 3371, 'optimizer': 'RMSprop'}. Best is trial 25 with value: 0.10727808686719892.
2026-05-13 15:47:28,090 - optuna.study._optimize - INFO - Trial 99 pruned. 
2026-05-13 15:47:32,645 - optuna.study._optimize - INFO - Trial 100 pruned. 
2026-05-13 15:47:37,474 - optuna.study._optimize - INFO - Trial 101 pruned. 
2026-05-13 15:47:41,760 - optuna.study._optimize - INFO - Trial 102 pruned. 
2026-05-13 15:47:46,892 - optuna.study._optimize - INFO - Trial 103 pruned. 
2026-05-13 15:48:22,898 - optuna.study.study - INFO - Trial 104 finished with value: 0.0659500119193013 and parameters: {'n_layers': 1, 'embedding_dim': 256, 'lr': 0.00019201055329197896, 'lambda_val': 5.9111422932937455e-05, 'batch_size': 3657, 'optimizer': 'Adam'}. Best is trial 25 with value: 0.10727808686719892.
2026-05-13 15:48:27,016 - optuna.study._optimize - INFO - Trial 105 pruned. 
2026-05-13 15:48:31,135 - optuna.study._optimize - INFO - Trial 106 pruned. 
2026-05-13 15:49:02,579 - optuna.study.study - INFO - Trial 107 finished with value: 0.058415006737866704 and parameters: {'n_layers': 1, 'embedding_dim': 128, 'lr': 0.0002491006551946094, 'lambda_val': 7.085660447537661e-06, 'batch_size': 3157, 'optimizer': 'Adam'}. Best is trial 25 with value: 0.10727808686719892.
2026-05-13 15:49:34,478 - optuna.study.study - INFO - Trial 108 finished with value: 0.08094708098555224 and parameters: {'n_layers': 1, 'embedding_dim': 128, 'lr': 0.00015057885526750898, 'lambda_val': 9.691836419550357e-05, 'batch_size': 3468, 'optimizer': 'Adam'}. Best is trial 25 with value: 0.10727808686719892.
2026-05-13 15:49:38,582 - optuna.study._optimize - INFO - Trial 109 pruned. 
2026-05-13 15:49:43,722 - optuna.study._optimize - INFO - Trial 110 pruned. 
2026-05-13 15:50:15,438 - optuna.study.study - INFO - Trial 111 finished with value: 0.09498200146533994 and parameters: {'n_layers': 1, 'embedding_dim': 128, 'lr': 0.00011857259652583028, 'lambda_val': 0.00011696477309283962, 'batch_size': 3738, 'optimizer': 'Adam'}. Best is trial 25 with value: 0.10727808686719892.
2026-05-13 15:50:47,482 - optuna.study.study - INFO - Trial 112 finished with value: 0.054612198031688486 and parameters: {'n_layers': 1, 'embedding_dim': 128, 'lr': 0.0001968576039439978, 'lambda_val': 0.00023201617268228406, 'batch_size': 3922, 'optimizer': 'Adam'}. Best is trial 25 with value: 0.10727808686719892.
2026-05-13 15:51:18,592 - optuna.study.study - INFO - Trial 113 finished with value: 0.09022296615171321 and parameters: {'n_layers': 1, 'embedding_dim': 128, 'lr': 0.00012264531478820812, 'lambda_val': 7.561056005951245e-05, 'batch_size': 3325, 'optimizer': 'Adam'}. Best is trial 25 with value: 0.10727808686719892.
2026-05-13 15:51:23,111 - optuna.study._optimize - INFO - Trial 114 pruned. 
2026-05-13 15:51:56,098 - optuna.study.study - INFO - Trial 115 finished with value: 0.08572703364360501 and parameters: {'n_layers': 1, 'embedding_dim': 128, 'lr': 0.00016179161113800852, 'lambda_val': 0.00012283114221266417, 'batch_size': 2637, 'optimizer': 'Adam'}. Best is trial 25 with value: 0.10727808686719892.
2026-05-13 15:52:26,209 - optuna.study.study - INFO - Trial 116 finished with value: 0.053343807859181386 and parameters: {'n_layers': 1, 'embedding_dim': 96, 'lr': 0.00037628252533437905, 'lambda_val': 6.619625009628762e-05, 'batch_size': 3570, 'optimizer': 'Adam'}. Best is trial 25 with value: 0.10727808686719892.
2026-05-13 15:52:30,502 - optuna.study._optimize - INFO - Trial 117 pruned. 
2026-05-13 15:52:35,390 - optuna.study._optimize - INFO - Trial 118 pruned. 
2026-05-13 15:52:39,548 - optuna.study._optimize - INFO - Trial 119 pruned. 
2026-05-13 15:53:08,389 - optuna.study.study - INFO - Trial 120 finished with value: 0.09683046200819896 and parameters: {'n_layers': 1, 'embedding_dim': 128, 'lr': 0.00013963038231294694, 'lambda_val': 9.497936592549081e-05, 'batch_size': 3145, 'optimizer': 'Adam'}. Best is trial 25 with value: 0.10727808686719892.
2026-05-13 15:53:35,455 - optuna.study.study - INFO - Trial 121 finished with value: 0.08249653182564491 and parameters: {'n_layers': 1, 'embedding_dim': 128, 'lr': 0.00014478573330129428, 'lambda_val': 9.513850071387228e-05, 'batch_size': 3168, 'optimizer': 'Adam'}. Best is trial 25 with value: 0.10727808686719892.
2026-05-13 15:53:39,245 - optuna.study._optimize - INFO - Trial 122 pruned. 
2026-05-13 15:54:09,047 - optuna.study.study - INFO - Trial 123 finished with value: 0.10458919181969566 and parameters: {'n_layers': 1, 'embedding_dim': 128, 'lr': 0.00012089864147736318, 'lambda_val': 5.630734630930004e-05, 'batch_size': 3337, 'optimizer': 'Adam'}. Best is trial 25 with value: 0.10727808686719892.
2026-05-13 15:54:13,051 - optuna.study._optimize - INFO - Trial 124 pruned. 
2026-05-13 15:54:44,351 - optuna.study.study - INFO - Trial 125 finished with value: 0.06604428698439718 and parameters: {'n_layers': 1, 'embedding_dim': 128, 'lr': 0.00017226984340552607, 'lambda_val': 0.00013439002622162087, 'batch_size': 3871, 'optimizer': 'Adam'}. Best is trial 25 with value: 0.10727808686719892.
2026-05-13 15:54:49,518 - optuna.study._optimize - INFO - Trial 126 pruned. 
2026-05-13 15:54:54,089 - optuna.study._optimize - INFO - Trial 127 pruned. 
2026-05-13 15:55:25,433 - optuna.study.study - INFO - Trial 128 finished with value: 0.0789325291917163 and parameters: {'n_layers': 1, 'embedding_dim': 128, 'lr': 0.00013680165181845642, 'lambda_val': 0.0004191532040384478, 'batch_size': 3388, 'optimizer': 'Adam'}. Best is trial 25 with value: 0.10727808686719892.
2026-05-13 15:55:31,052 - optuna.study._optimize - INFO - Trial 129 pruned. 
2026-05-13 15:55:36,340 - optuna.study._optimize - INFO - Trial 130 pruned. 
2026-05-13 15:55:40,293 - optuna.study._optimize - INFO - Trial 131 pruned. 
2026-05-13 15:55:44,322 - optuna.study._optimize - INFO - Trial 132 pruned. 
2026-05-13 15:56:13,881 - optuna.study.study - INFO - Trial 133 finished with value: 0.09502606233748784 and parameters: {'n_layers': 1, 'embedding_dim': 128, 'lr': 0.00015551913080372987, 'lambda_val': 1.1589429506115256e-05, 'batch_size': 2184, 'optimizer': 'Adam'}. Best is trial 25 with value: 0.10727808686719892.
2026-05-13 15:56:43,244 - optuna.study.study - INFO - Trial 134 finished with value: 0.08819330628375 and parameters: {'n_layers': 1, 'embedding_dim': 128, 'lr': 0.0001637589290612947, 'lambda_val': 4.644700802676079e-06, 'batch_size': 2130, 'optimizer': 'Adam'}. Best is trial 25 with value: 0.10727808686719892.
2026-05-13 15:56:47,917 - optuna.study._optimize - INFO - Trial 135 pruned. 
2026-05-13 15:56:51,903 - optuna.study._optimize - INFO - Trial 136 pruned. 
2026-05-13 15:56:56,782 - optuna.study._optimize - INFO - Trial 137 pruned. 
2026-05-13 15:57:26,460 - optuna.study.study - INFO - Trial 138 finished with value: 0.05050415730926852 and parameters: {'n_layers': 1, 'embedding_dim': 128, 'lr': 0.0019387226807838413, 'lambda_val': 6.60884766329864e-05, 'batch_size': 2232, 'optimizer': 'Adam'}. Best is trial 25 with value: 0.10727808686719892.
2026-05-13 15:57:59,502 - optuna.study.study - INFO - Trial 139 finished with value: 0.05928705415801112 and parameters: {'n_layers': 1, 'embedding_dim': 128, 'lr': 0.0002833831445824149, 'lambda_val': 1.3707986086085502e-05, 'batch_size': 2953, 'optimizer': 'Adam'}. Best is trial 25 with value: 0.10727808686719892.
2026-05-13 15:58:04,523 - optuna.study._optimize - INFO - Trial 140 pruned. 
2026-05-13 15:58:08,498 - optuna.study._optimize - INFO - Trial 141 pruned. 
2026-05-13 15:58:12,836 - optuna.study._optimize - INFO - Trial 142 pruned. 
2026-05-13 15:58:44,106 - optuna.study.study - INFO - Trial 143 finished with value: 0.07232249619862748 and parameters: {'n_layers': 1, 'embedding_dim': 128, 'lr': 0.00019039889530285495, 'lambda_val': 4.568207360984281e-05, 'batch_size': 3218, 'optimizer': 'Adam'}. Best is trial 25 with value: 0.10727808686719892.
2026-05-13 15:59:14,761 - optuna.study.study - INFO - Trial 144 finished with value: 0.09708699847392299 and parameters: {'n_layers': 1, 'embedding_dim': 128, 'lr': 0.00014730140943102247, 'lambda_val': 1.9598819150876176e-05, 'batch_size': 2364, 'optimizer': 'Adam'}. Best is trial 25 with value: 0.10727808686719892.
2026-05-13 15:59:41,724 - optuna.study.study - INFO - Trial 145 finished with value: 0.09311791306128737 and parameters: {'n_layers': 1, 'embedding_dim': 128, 'lr': 0.0001571587291397547, 'lambda_val': 1.701358646356153e-05, 'batch_size': 2320, 'optimizer': 'Adam'}. Best is trial 25 with value: 0.10727808686719892.
2026-05-13 15:59:45,276 - optuna.study._optimize - INFO - Trial 146 pruned. 
2026-05-13 16:00:10,252 - optuna.study.study - INFO - Trial 147 finished with value: 0.07310615396174264 and parameters: {'n_layers': 1, 'embedding_dim': 64, 'lr': 0.00023132853716438032, 'lambda_val': 3.215395000374331e-05, 'batch_size': 3489, 'optimizer': 'Adam'}. Best is trial 25 with value: 0.10727808686719892.
2026-05-13 16:00:41,797 - optuna.study.study - INFO - Trial 148 finished with value: 0.07783263881390157 and parameters: {'n_layers': 1, 'embedding_dim': 128, 'lr': 0.00014040385485699288, 'lambda_val': 2.2923568927650153e-05, 'batch_size': 4094, 'optimizer': 'Adam'}. Best is trial 25 with value: 0.10727808686719892.
2026-05-13 16:00:45,741 - optuna.study._optimize - INFO - Trial 149 pruned. 
2026-05-13 16:00:49,760 - optuna.study._optimize - INFO - Trial 150 pruned. 
2026-05-13 16:00:53,811 - optuna.study._optimize - INFO - Trial 151 pruned. 
2026-05-13 16:00:58,494 - optuna.study._optimize - INFO - Trial 152 pruned. 
2026-05-13 16:01:30,802 - optuna.study.study - INFO - Trial 153 finished with value: 0.07693167994439425 and parameters: {'n_layers': 1, 'embedding_dim': 128, 'lr': 0.00017216670835657188, 'lambda_val': 3.5732384301359266e-05, 'batch_size': 2518, 'optimizer': 'Adam'}. Best is trial 25 with value: 0.10727808686719892.
2026-05-13 16:01:35,956 - optuna.study._optimize - INFO - Trial 154 pruned. 
2026-05-13 16:01:40,650 - optuna.study._optimize - INFO - Trial 155 pruned. 
2026-05-13 16:02:17,219 - optuna.study.study - INFO - Trial 156 finished with value: 0.08496632374796118 and parameters: {'n_layers': 1, 'embedding_dim': 256, 'lr': 0.0001262150520132783, 'lambda_val': 2.0994029067179337e-05, 'batch_size': 3133, 'optimizer': 'Adam'}. Best is trial 25 with value: 0.10727808686719892.
2026-05-13 16:02:21,387 - optuna.study._optimize - INFO - Trial 157 pruned. 
2026-05-13 16:02:26,395 - optuna.study._optimize - INFO - Trial 158 pruned. 
2026-05-13 16:02:30,756 - optuna.study._optimize - INFO - Trial 159 pruned. 
2026-05-13 16:02:34,996 - optuna.study._optimize - INFO - Trial 160 pruned. 
2026-05-13 16:03:06,392 - optuna.study.study - INFO - Trial 161 finished with value: 0.08230653040289672 and parameters: {'n_layers': 1, 'embedding_dim': 128, 'lr': 0.00014809733063051158, 'lambda_val': 1.7575210234538664e-05, 'batch_size': 3262, 'optimizer': 'Adam'}. Best is trial 25 with value: 0.10727808686719892.
2026-05-13 16:03:38,590 - optuna.study.study - INFO - Trial 162 finished with value: 0.08887101433314787 and parameters: {'n_layers': 1, 'embedding_dim': 128, 'lr': 0.00017079254656212673, 'lambda_val': 1.0984884130457302e-05, 'batch_size': 2319, 'optimizer': 'Adam'}. Best is trial 25 with value: 0.10727808686719892.
2026-05-13 16:03:44,840 - optuna.study._optimize - INFO - Trial 163 pruned. 
2026-05-13 16:04:16,449 - optuna.study.study - INFO - Trial 164 finished with value: 0.08185213863800535 and parameters: {'n_layers': 1, 'embedding_dim': 128, 'lr': 0.00015981586279748062, 'lambda_val': 3.918549130946865e-05, 'batch_size': 2530, 'optimizer': 'Adam'}. Best is trial 25 with value: 0.10727808686719892.
2026-05-13 16:04:21,720 - optuna.study._optimize - INFO - Trial 165 pruned. 
2026-05-13 16:04:53,619 - optuna.study.study - INFO - Trial 166 finished with value: 0.062178111447242196 and parameters: {'n_layers': 1, 'embedding_dim': 128, 'lr': 0.00021573826254044144, 'lambda_val': 1.3432191275804074e-05, 'batch_size': 2365, 'optimizer': 'Adam'}. Best is trial 25 with value: 0.10727808686719892.
2026-05-13 16:04:59,819 - optuna.study._optimize - INFO - Trial 167 pruned. 
2026-05-13 16:05:04,203 - optuna.study._optimize - INFO - Trial 168 pruned. 
2026-05-13 16:05:08,089 - optuna.study._optimize - INFO - Trial 169 pruned. 
2026-05-13 16:05:39,669 - optuna.study.study - INFO - Trial 170 finished with value: 0.07998907279970072 and parameters: {'n_layers': 1, 'embedding_dim': 128, 'lr': 0.00014846763206172102, 'lambda_val': 2.347700998899596e-05, 'batch_size': 3437, 'optimizer': 'Adam'}. Best is trial 25 with value: 0.10727808686719892.
2026-05-13 16:05:44,272 - optuna.study._optimize - INFO - Trial 171 pruned. 
2026-05-13 16:05:48,727 - optuna.study._optimize - INFO - Trial 172 pruned. 
2026-05-13 16:05:53,322 - optuna.study._optimize - INFO - Trial 173 pruned. 
2026-05-13 16:06:25,316 - optuna.study.study - INFO - Trial 174 finished with value: 0.04720633286492191 and parameters: {'n_layers': 1, 'embedding_dim': 128, 'lr': 0.0010964757512405027, 'lambda_val': 7.450891358252377e-05, 'batch_size': 3353, 'optimizer': 'Adam'}. Best is trial 25 with value: 0.10727808686719892.
2026-05-13 16:06:29,845 - optuna.study._optimize - INFO - Trial 175 pruned. 
2026-05-13 16:06:33,809 - optuna.study._optimize - INFO - Trial 176 pruned. 
2026-05-13 16:07:05,496 - optuna.study.study - INFO - Trial 177 finished with value: 0.07464166695013079 and parameters: {'n_layers': 1, 'embedding_dim': 128, 'lr': 0.00019642724869012724, 'lambda_val': 3.8569498346121296e-05, 'batch_size': 3227, 'optimizer': 'Adam'}. Best is trial 25 with value: 0.10727808686719892.
2026-05-13 16:07:10,358 - optuna.study._optimize - INFO - Trial 178 pruned. 
2026-05-13 16:07:14,563 - optuna.study._optimize - INFO - Trial 179 pruned. 
2026-05-13 16:07:18,869 - optuna.study._optimize - INFO - Trial 180 pruned. 
2026-05-13 16:08:03,777 - optuna.study.study - INFO - Trial 181 finished with value: 0.08692540021686228 and parameters: {'n_layers': 1, 'embedding_dim': 128, 'lr': 0.000181229787541671, 'lambda_val': 7.244075888521092e-06, 'batch_size': 2335, 'optimizer': 'Adam'}. Best is trial 25 with value: 0.10727808686719892.
2026-05-13 16:08:31,573 - optuna.study.study - INFO - Trial 182 finished with value: 0.08205224477388572 and parameters: {'n_layers': 1, 'embedding_dim': 128, 'lr': 0.00016389061481428377, 'lambda_val': 1.1741083287257262e-05, 'batch_size': 2167, 'optimizer': 'Adam'}. Best is trial 25 with value: 0.10727808686719892.
2026-05-13 16:09:02,056 - optuna.study.study - INFO - Trial 183 finished with value: 0.0722798716125395 and parameters: {'n_layers': 1, 'embedding_dim': 128, 'lr': 0.00024834110576856964, 'lambda_val': 9.3452954942926e-06, 'batch_size': 2257, 'optimizer': 'Adam'}. Best is trial 25 with value: 0.10727808686719892.
2026-05-13 16:09:06,604 - optuna.study._optimize - INFO - Trial 184 pruned. 
2026-05-13 16:09:10,668 - optuna.study._optimize - INFO - Trial 185 pruned. 
2026-05-13 16:09:14,742 - optuna.study._optimize - INFO - Trial 186 pruned. 
2026-05-13 16:09:45,869 - optuna.study.study - INFO - Trial 187 finished with value: 0.07771465459248804 and parameters: {'n_layers': 1, 'embedding_dim': 128, 'lr': 0.00017782948954727138, 'lambda_val': 3.340694871929179e-05, 'batch_size': 2323, 'optimizer': 'Adam'}. Best is trial 25 with value: 0.10727808686719892.
2026-05-13 16:09:50,321 - optuna.study._optimize - INFO - Trial 188 pruned. 
2026-05-13 16:09:54,461 - optuna.study._optimize - INFO - Trial 189 pruned. 
2026-05-13 16:09:58,323 - optuna.study._optimize - INFO - Trial 190 pruned. 
2026-05-13 16:10:27,794 - optuna.study.study - INFO - Trial 191 finished with value: 0.09254801594602295 and parameters: {'n_layers': 1, 'embedding_dim': 128, 'lr': 0.00016526160316873397, 'lambda_val': 6.010978041113839e-06, 'batch_size': 2048, 'optimizer': 'Adam'}. Best is trial 25 with value: 0.10727808686719892.
2026-05-13 16:10:34,557 - optuna.study._optimize - INFO - Trial 192 pruned. 
2026-05-13 16:10:38,531 - optuna.study._optimize - INFO - Trial 193 pruned. 
2026-05-13 16:11:14,974 - optuna.study.study - INFO - Trial 194 finished with value: 0.07694223562759124 and parameters: {'n_layers': 1, 'embedding_dim': 256, 'lr': 0.00015617814862294978, 'lambda_val': 3.6620995722987885e-06, 'batch_size': 3406, 'optimizer': 'Adam'}. Best is trial 25 with value: 0.10727808686719892.
2026-05-13 16:11:18,859 - optuna.study._optimize - INFO - Trial 195 pruned. 
2026-05-13 16:11:22,902 - optuna.study._optimize - INFO - Trial 196 pruned. 
2026-05-13 16:11:27,219 - optuna.study._optimize - INFO - Trial 197 pruned. 
2026-05-13 16:12:10,189 - optuna.study.study - INFO - Trial 198 finished with value: 0.060606514656832054 and parameters: {'n_layers': 1, 'embedding_dim': 128, 'lr': 0.00029045473108753035, 'lambda_val': 7.415348556211148e-05, 'batch_size': 3296, 'optimizer': 'Adam'}. Best is trial 25 with value: 0.10727808686719892.
2026-05-13 16:12:14,489 - optuna.study._optimize - INFO - Trial 199 pruned. 
2026-05-13 16:12:38,584 - root - INFO -   **** Training e_100K_1c2dcs_rand3
2026-05-13 16:12:38,594 - root - INFO -   **** Getting 54402/65410 random edges
2026-05-13 16:12:39,391 - optuna.storages._rdb.storage - INFO - A new study created in RDB with name: Study_e_100K_1c2dcs_rand3
2026-05-13 16:13:18,076 - optuna.study.study - INFO - Trial 0 finished with value: 0.02733873740552306 and parameters: {'n_layers': 3, 'embedding_dim': 96, 'lr': 0.016453443814952465, 'lambda_val': 0.002618263010923001, 'batch_size': 3671, 'optimizer': 'RMSprop'}. Best is trial 0 with value: 0.02733873740552306.
2026-05-13 16:14:00,766 - optuna.study.study - INFO - Trial 1 finished with value: 0.06847905683004012 and parameters: {'n_layers': 2, 'embedding_dim': 256, 'lr': 5.881264994710817e-05, 'lambda_val': 6.410662816081946e-06, 'batch_size': 2063, 'optimizer': 'Adam'}. Best is trial 1 with value: 0.06847905683004012.
2026-05-13 16:14:28,304 - optuna.study.study - INFO - Trial 2 finished with value: 0.0007914480090917672 and parameters: {'n_layers': 1, 'embedding_dim': 32, 'lr': 0.025040583627494034, 'lambda_val': 0.00031786975490306896, 'batch_size': 2518, 'optimizer': 'SGD'}. Best is trial 1 with value: 0.06847905683004012.
2026-05-13 16:15:09,323 - optuna.study.study - INFO - Trial 3 finished with value: 0.0017973762266297085 and parameters: {'n_layers': 4, 'embedding_dim': 96, 'lr': 0.006533577318707668, 'lambda_val': 0.09842183327912414, 'batch_size': 2819, 'optimizer': 'Adam'}. Best is trial 1 with value: 0.06847905683004012.
2026-05-13 16:15:41,247 - optuna.study.study - INFO - Trial 4 finished with value: 0.012205556375563573 and parameters: {'n_layers': 3, 'embedding_dim': 32, 'lr': 0.0442501473978219, 'lambda_val': 5.339756215854753e-06, 'batch_size': 3075, 'optimizer': 'RMSprop'}. Best is trial 1 with value: 0.06847905683004012.
2026-05-13 16:15:45,887 - optuna.study._optimize - INFO - Trial 5 pruned. 
2026-05-13 16:15:50,706 - optuna.study._optimize - INFO - Trial 6 pruned. 
2026-05-13 16:15:57,341 - optuna.study._optimize - INFO - Trial 7 pruned. 
2026-05-13 16:16:39,663 - optuna.study.study - INFO - Trial 8 finished with value: 0.017540842642135804 and parameters: {'n_layers': 3, 'embedding_dim': 96, 'lr': 0.0019126233327679948, 'lambda_val': 7.19033276854461e-06, 'batch_size': 2624, 'optimizer': 'Adam'}. Best is trial 1 with value: 0.06847905683004012.
2026-05-13 16:17:05,988 - optuna.study.study - INFO - Trial 9 finished with value: 0.04728952808920199 and parameters: {'n_layers': 1, 'embedding_dim': 32, 'lr': 0.023226143368088165, 'lambda_val': 0.0221986388181387, 'batch_size': 1108, 'optimizer': 'RMSprop'}. Best is trial 1 with value: 0.06847905683004012.
2026-05-13 16:17:12,647 - optuna.study._optimize - INFO - Trial 10 pruned. 
2026-05-13 16:17:40,872 - optuna.study.study - INFO - Trial 11 finished with value: 0.04571573773623397 and parameters: {'n_layers': 1, 'embedding_dim': 128, 'lr': 0.0004546442409216665, 'lambda_val': 0.008703192343155775, 'batch_size': 544, 'optimizer': 'RMSprop'}. Best is trial 1 with value: 0.06847905683004012.
2026-05-13 16:18:14,927 - optuna.study.study - INFO - Trial 12 finished with value: 0.09075983209871767 and parameters: {'n_layers': 1, 'embedding_dim': 256, 'lr': 0.00017740832251879633, 'lambda_val': 6.916626954586246e-05, 'batch_size': 1671, 'optimizer': 'Adam'}. Best is trial 12 with value: 0.09075983209871767.
2026-05-13 16:18:57,129 - optuna.study.study - INFO - Trial 13 finished with value: 0.04157511644562071 and parameters: {'n_layers': 2, 'embedding_dim': 256, 'lr': 0.00015977648253441754, 'lambda_val': 6.518746671942482e-05, 'batch_size': 1825, 'optimizer': 'Adam'}. Best is trial 12 with value: 0.09075983209871767.
2026-05-13 16:19:01,480 - optuna.study._optimize - INFO - Trial 14 pruned. 
2026-05-13 16:19:44,001 - optuna.study.study - INFO - Trial 15 finished with value: 0.03923233654494524 and parameters: {'n_layers': 2, 'embedding_dim': 256, 'lr': 0.0005902131513598332, 'lambda_val': 0.00022969273766855196, 'batch_size': 1237, 'optimizer': 'Adam'}. Best is trial 12 with value: 0.09075983209871767.
2026-05-13 16:19:48,139 - optuna.study._optimize - INFO - Trial 16 pruned. 
2026-05-13 16:20:21,665 - optuna.study.study - INFO - Trial 17 finished with value: 0.06298439783554349 and parameters: {'n_layers': 2, 'embedding_dim': 128, 'lr': 0.00010919094032856336, 'lambda_val': 1.585749534171731e-05, 'batch_size': 1292, 'optimizer': 'Adam'}. Best is trial 12 with value: 0.09075983209871767.
2026-05-13 16:21:01,676 - optuna.study.study - INFO - Trial 18 finished with value: 0.08218808532550088 and parameters: {'n_layers': 1, 'embedding_dim': 256, 'lr': 0.0003110579733343296, 'lambda_val': 0.00016858067771285845, 'batch_size': 708, 'optimizer': 'Adam'}. Best is trial 12 with value: 0.09075983209871767.
2026-05-13 16:21:32,568 - optuna.study.study - INFO - Trial 19 finished with value: 0.07265956262297943 and parameters: {'n_layers': 1, 'embedding_dim': 256, 'lr': 0.0011225637048991946, 'lambda_val': 0.00021948926307731326, 'batch_size': 539, 'optimizer': 'Adam'}. Best is trial 12 with value: 0.09075983209871767.
2026-05-13 16:21:36,275 - optuna.study._optimize - INFO - Trial 20 pruned. 
2026-05-13 16:22:07,994 - optuna.study.study - INFO - Trial 21 finished with value: 0.0685401482433193 and parameters: {'n_layers': 1, 'embedding_dim': 256, 'lr': 0.001240983497242064, 'lambda_val': 0.00022028089906017285, 'batch_size': 549, 'optimizer': 'Adam'}. Best is trial 12 with value: 0.09075983209871767.
2026-05-13 16:22:40,701 - optuna.study.study - INFO - Trial 22 finished with value: 0.0566442961706158 and parameters: {'n_layers': 1, 'embedding_dim': 256, 'lr': 0.0024364029573169547, 'lambda_val': 9.785351188802285e-05, 'batch_size': 830, 'optimizer': 'Adam'}. Best is trial 12 with value: 0.09075983209871767.
2026-05-13 16:23:13,833 - optuna.study.study - INFO - Trial 23 finished with value: 0.06501207425285241 and parameters: {'n_layers': 1, 'embedding_dim': 256, 'lr': 0.00029507543261082396, 'lambda_val': 0.000655782467390377, 'batch_size': 1540, 'optimizer': 'Adam'}. Best is trial 12 with value: 0.09075983209871767.
2026-05-13 16:23:47,692 - optuna.study.study - INFO - Trial 24 finished with value: 0.06325586431289693 and parameters: {'n_layers': 1, 'embedding_dim': 256, 'lr': 0.0008439823305497164, 'lambda_val': 0.0001197645844866202, 'batch_size': 794, 'optimizer': 'Adam'}. Best is trial 12 with value: 0.09075983209871767.
2026-05-13 16:23:52,460 - optuna.study._optimize - INFO - Trial 25 pruned. 
2026-05-13 16:24:17,115 - optuna.study.study - INFO - Trial 26 finished with value: 0.040015988931115756 and parameters: {'n_layers': 1, 'embedding_dim': 64, 'lr': 0.0010925027755644536, 'lambda_val': 0.0060820125917134754, 'batch_size': 727, 'optimizer': 'Adam'}. Best is trial 12 with value: 0.09075983209871767.
2026-05-13 16:24:58,714 - optuna.study.study - INFO - Trial 27 finished with value: 0.035146510819036185 and parameters: {'n_layers': 2, 'embedding_dim': 256, 'lr': 0.00026730695211058447, 'lambda_val': 0.00047966669017750473, 'batch_size': 1031, 'optimizer': 'Adam'}. Best is trial 12 with value: 0.09075983209871767.
2026-05-13 16:25:03,339 - optuna.study._optimize - INFO - Trial 28 pruned. 
2026-05-13 16:25:07,069 - optuna.study._optimize - INFO - Trial 29 pruned. 
2026-05-13 16:25:12,955 - optuna.study._optimize - INFO - Trial 30 pruned. 
2026-05-13 16:25:46,832 - optuna.study.study - INFO - Trial 31 finished with value: 0.06089634256945771 and parameters: {'n_layers': 1, 'embedding_dim': 256, 'lr': 0.001491571636460624, 'lambda_val': 0.00021588028319616715, 'batch_size': 528, 'optimizer': 'Adam'}. Best is trial 12 with value: 0.09075983209871767.
2026-05-13 16:26:20,956 - optuna.study.study - INFO - Trial 32 finished with value: 0.06855394586932757 and parameters: {'n_layers': 1, 'embedding_dim': 256, 'lr': 0.0007012648447070593, 'lambda_val': 2.8403503029702672e-05, 'batch_size': 625, 'optimizer': 'Adam'}. Best is trial 12 with value: 0.09075983209871767.
2026-05-13 16:26:56,867 - optuna.study.study - INFO - Trial 33 finished with value: 0.06664440764309962 and parameters: {'n_layers': 1, 'embedding_dim': 256, 'lr': 0.0005660123320628404, 'lambda_val': 2.0927961564925158e-05, 'batch_size': 2336, 'optimizer': 'Adam'}. Best is trial 12 with value: 0.09075983209871767.
2026-05-13 16:27:02,199 - optuna.study._optimize - INFO - Trial 34 pruned. 
2026-05-13 16:27:06,435 - optuna.study._optimize - INFO - Trial 35 pruned. 
2026-05-13 16:27:10,324 - optuna.study._optimize - INFO - Trial 36 pruned. 
2026-05-13 16:27:41,781 - optuna.study.study - INFO - Trial 37 finished with value: 0.027427871024594534 and parameters: {'n_layers': 2, 'embedding_dim': 64, 'lr': 0.0004807648079745632, 'lambda_val': 2.27429012549385e-06, 'batch_size': 963, 'optimizer': 'Adam'}. Best is trial 12 with value: 0.09075983209871767.
2026-05-13 16:27:47,516 - optuna.study._optimize - INFO - Trial 38 pruned. 
2026-05-13 16:28:16,909 - optuna.study.study - INFO - Trial 39 finished with value: 0.05060748720563493 and parameters: {'n_layers': 1, 'embedding_dim': 128, 'lr': 0.0030909327325611383, 'lambda_val': 0.00012676531650453152, 'batch_size': 2040, 'optimizer': 'Adam'}. Best is trial 12 with value: 0.09075983209871767.
2026-05-13 16:28:21,472 - optuna.study._optimize - INFO - Trial 40 pruned. 
2026-05-13 16:28:55,891 - optuna.study.study - INFO - Trial 41 finished with value: 0.06750577814451728 and parameters: {'n_layers': 1, 'embedding_dim': 256, 'lr': 0.0013278604610981264, 'lambda_val': 0.0002222095025001625, 'batch_size': 644, 'optimizer': 'Adam'}. Best is trial 12 with value: 0.09075983209871767.
2026-05-13 16:29:29,935 - optuna.study.study - INFO - Trial 42 finished with value: 0.07312059239704434 and parameters: {'n_layers': 1, 'embedding_dim': 256, 'lr': 0.0007792296958424401, 'lambda_val': 6.337596664473352e-05, 'batch_size': 524, 'optimizer': 'Adam'}. Best is trial 12 with value: 0.09075983209871767.
2026-05-13 16:30:05,177 - optuna.study.study - INFO - Trial 43 finished with value: 0.07166702927291568 and parameters: {'n_layers': 1, 'embedding_dim': 256, 'lr': 0.0007136057131056147, 'lambda_val': 7.602079253012919e-05, 'batch_size': 891, 'optimizer': 'Adam'}. Best is trial 12 with value: 0.09075983209871767.
2026-05-13 16:30:40,341 - optuna.study.study - INFO - Trial 44 finished with value: 0.07607136039020365 and parameters: {'n_layers': 1, 'embedding_dim': 256, 'lr': 0.0003440502884178569, 'lambda_val': 6.939371253940433e-05, 'batch_size': 907, 'optimizer': 'Adam'}. Best is trial 12 with value: 0.09075983209871767.
2026-05-13 16:31:09,186 - optuna.study.study - INFO - Trial 45 finished with value: 0.10669462430196822 and parameters: {'n_layers': 1, 'embedding_dim': 96, 'lr': 0.00022745706354295746, 'lambda_val': 9.29095793458058e-06, 'batch_size': 1160, 'optimizer': 'Adam'}. Best is trial 45 with value: 0.10669462430196822.
2026-05-13 16:31:13,374 - optuna.study._optimize - INFO - Trial 46 pruned. 
2026-05-13 16:31:17,838 - optuna.study._optimize - INFO - Trial 47 pruned. 
2026-05-13 16:31:47,253 - optuna.study.study - INFO - Trial 48 finished with value: 0.05990040643231969 and parameters: {'n_layers': 1, 'embedding_dim': 96, 'lr': 0.0003518676988143935, 'lambda_val': 1.2603570480235913e-05, 'batch_size': 1650, 'optimizer': 'Adam'}. Best is trial 45 with value: 0.10669462430196822.
2026-05-13 16:31:51,765 - optuna.study._optimize - INFO - Trial 49 pruned. 
2026-05-13 16:31:56,907 - optuna.study._optimize - INFO - Trial 50 pruned. 
2026-05-13 16:32:31,480 - optuna.study.study - INFO - Trial 51 finished with value: 0.07300993840997061 and parameters: {'n_layers': 1, 'embedding_dim': 256, 'lr': 0.000418151052350822, 'lambda_val': 7.724005125075837e-05, 'batch_size': 802, 'optimizer': 'Adam'}. Best is trial 45 with value: 0.10669462430196822.
2026-05-13 16:33:06,685 - optuna.study.study - INFO - Trial 52 finished with value: 0.08180382487383575 and parameters: {'n_layers': 1, 'embedding_dim': 256, 'lr': 0.0004248130409425174, 'lambda_val': 2.5227787840897715e-05, 'batch_size': 804, 'optimizer': 'Adam'}. Best is trial 45 with value: 0.10669462430196822.
2026-05-13 16:33:10,210 - optuna.study._optimize - INFO - Trial 53 pruned. 
2026-05-13 16:33:15,280 - optuna.study._optimize - INFO - Trial 54 pruned. 
2026-05-13 16:33:19,963 - optuna.study._optimize - INFO - Trial 55 pruned. 
2026-05-13 16:33:49,356 - optuna.study.study - INFO - Trial 56 finished with value: 0.061850676447901494 and parameters: {'n_layers': 1, 'embedding_dim': 128, 'lr': 0.0003326208151773371, 'lambda_val': 0.00015598851838397555, 'batch_size': 1177, 'optimizer': 'RMSprop'}. Best is trial 45 with value: 0.10669462430196822.
2026-05-13 16:33:54,113 - optuna.study._optimize - INFO - Trial 57 pruned. 
2026-05-13 16:33:58,584 - optuna.study._optimize - INFO - Trial 58 pruned. 
2026-05-13 16:34:04,072 - optuna.study._optimize - INFO - Trial 59 pruned. 
2026-05-13 16:34:08,045 - optuna.study._optimize - INFO - Trial 60 pruned. 
2026-05-13 16:34:42,469 - optuna.study.study - INFO - Trial 61 finished with value: 0.08232782051230628 and parameters: {'n_layers': 1, 'embedding_dim': 256, 'lr': 0.0003920830546103905, 'lambda_val': 7.43358686510294e-05, 'batch_size': 788, 'optimizer': 'Adam'}. Best is trial 45 with value: 0.10669462430196822.
2026-05-13 16:35:16,670 - optuna.study.study - INFO - Trial 62 finished with value: 0.075245569624265 and parameters: {'n_layers': 1, 'embedding_dim': 256, 'lr': 0.00040413096315860425, 'lambda_val': 0.00014892712239813748, 'batch_size': 679, 'optimizer': 'Adam'}. Best is trial 45 with value: 0.10669462430196822.
2026-05-13 16:35:50,968 - optuna.study.study - INFO - Trial 63 finished with value: 0.07611975425549589 and parameters: {'n_layers': 1, 'embedding_dim': 256, 'lr': 0.0003584352720254928, 'lambda_val': 0.0003380566456790482, 'batch_size': 1008, 'optimizer': 'Adam'}. Best is trial 45 with value: 0.10669462430196822.
2026-05-13 16:36:25,063 - optuna.study.study - INFO - Trial 64 finished with value: 0.07017437492767999 and parameters: {'n_layers': 1, 'embedding_dim': 256, 'lr': 0.00029371963462994697, 'lambda_val': 0.000927256404666006, 'batch_size': 989, 'optimizer': 'Adam'}. Best is trial 45 with value: 0.10669462430196822.
2026-05-13 16:36:30,248 - optuna.study._optimize - INFO - Trial 65 pruned. 
2026-05-13 16:37:05,869 - optuna.study.study - INFO - Trial 66 finished with value: 0.06585021886333768 and parameters: {'n_layers': 1, 'embedding_dim': 256, 'lr': 0.0005917641780770295, 'lambda_val': 0.00033830947892102406, 'batch_size': 1270, 'optimizer': 'Adam'}. Best is trial 45 with value: 0.10669462430196822.
2026-05-13 16:37:41,858 - optuna.study.study - INFO - Trial 67 finished with value: 0.06127537352982623 and parameters: {'n_layers': 1, 'embedding_dim': 256, 'lr': 0.0018538893463148484, 'lambda_val': 8.837159420441548e-06, 'batch_size': 2371, 'optimizer': 'Adam'}. Best is trial 45 with value: 0.10669462430196822.
2026-05-13 16:38:16,990 - optuna.study.study - INFO - Trial 68 finished with value: 0.07384362818139129 and parameters: {'n_layers': 1, 'embedding_dim': 256, 'lr': 0.00027558454529102164, 'lambda_val': 0.00045699196171253807, 'batch_size': 1745, 'optimizer': 'Adam'}. Best is trial 45 with value: 0.10669462430196822.
2026-05-13 16:38:21,444 - optuna.study._optimize - INFO - Trial 69 pruned. 
2026-05-13 16:38:51,593 - optuna.study.study - INFO - Trial 70 finished with value: 0.04910884148157498 and parameters: {'n_layers': 1, 'embedding_dim': 96, 'lr': 0.0003926280058081838, 'lambda_val': 4.422802923779452e-06, 'batch_size': 2787, 'optimizer': 'RMSprop'}. Best is trial 45 with value: 0.10669462430196822.
2026-05-13 16:39:25,535 - optuna.study.study - INFO - Trial 71 finished with value: 0.08361956343484492 and parameters: {'n_layers': 1, 'embedding_dim': 256, 'lr': 0.0003885611113856201, 'lambda_val': 0.00015087238936258558, 'batch_size': 674, 'optimizer': 'Adam'}. Best is trial 45 with value: 0.10669462430196822.
2026-05-13 16:40:07,509 - optuna.study.study - INFO - Trial 72 finished with value: 0.06746052692036104 and parameters: {'n_layers': 1, 'embedding_dim': 256, 'lr': 0.0005944869651422208, 'lambda_val': 8.339683409085948e-05, 'batch_size': 776, 'optimizer': 'Adam'}. Best is trial 45 with value: 0.10669462430196822.
2026-05-13 16:40:43,439 - optuna.study.study - INFO - Trial 73 finished with value: 0.08237837942497618 and parameters: {'n_layers': 1, 'embedding_dim': 256, 'lr': 0.00027508052975377034, 'lambda_val': 0.00010977688095333639, 'batch_size': 1064, 'optimizer': 'Adam'}. Best is trial 45 with value: 0.10669462430196822.
2026-05-13 16:41:17,920 - optuna.study.study - INFO - Trial 74 finished with value: 0.09780683673341194 and parameters: {'n_layers': 1, 'embedding_dim': 256, 'lr': 0.00021490093882177698, 'lambda_val': 0.0003306557881337255, 'batch_size': 1088, 'optimizer': 'Adam'}. Best is trial 45 with value: 0.10669462430196822.
2026-05-13 16:41:23,018 - optuna.study._optimize - INFO - Trial 75 pruned. 
2026-05-13 16:41:26,714 - optuna.study._optimize - INFO - Trial 76 pruned. 
2026-05-13 16:41:33,539 - optuna.study._optimize - INFO - Trial 77 pruned. 
2026-05-13 16:41:37,588 - optuna.study._optimize - INFO - Trial 78 pruned. 
2026-05-13 16:42:09,821 - optuna.study.study - INFO - Trial 79 finished with value: 0.06073562735025919 and parameters: {'n_layers': 1, 'embedding_dim': 256, 'lr': 0.0009400078948144143, 'lambda_val': 1.91578842774961e-05, 'batch_size': 743, 'optimizer': 'Adam'}. Best is trial 45 with value: 0.10669462430196822.
2026-05-13 16:42:13,144 - optuna.study._optimize - INFO - Trial 80 pruned. 
2026-05-13 16:42:52,120 - optuna.study.study - INFO - Trial 81 finished with value: 0.06806938504303633 and parameters: {'n_layers': 1, 'embedding_dim': 256, 'lr': 0.0004585940785641675, 'lambda_val': 0.0003245160935828351, 'batch_size': 992, 'optimizer': 'Adam'}. Best is trial 45 with value: 0.10669462430196822.
2026-05-13 16:43:26,857 - optuna.study.study - INFO - Trial 82 finished with value: 0.06756782072600999 and parameters: {'n_layers': 1, 'embedding_dim': 256, 'lr': 0.0006730178265924415, 'lambda_val': 0.0001413093616119392, 'batch_size': 1098, 'optimizer': 'Adam'}. Best is trial 45 with value: 0.10669462430196822.
2026-05-13 16:43:31,269 - optuna.study._optimize - INFO - Trial 83 pruned. 
2026-05-13 16:44:05,659 - optuna.study.study - INFO - Trial 84 finished with value: 0.09186349458581641 and parameters: {'n_layers': 1, 'embedding_dim': 256, 'lr': 0.0003204918811439403, 'lambda_val': 4.212199401862482e-05, 'batch_size': 600, 'optimizer': 'Adam'}. Best is trial 45 with value: 0.10669462430196822.
2026-05-13 16:44:10,684 - optuna.study._optimize - INFO - Trial 85 pruned. 
2026-05-13 16:44:15,742 - optuna.study._optimize - INFO - Trial 86 pruned. 
2026-05-13 16:44:50,421 - optuna.study.study - INFO - Trial 87 finished with value: 0.06684228055560328 and parameters: {'n_layers': 1, 'embedding_dim': 256, 'lr': 0.0004771098434549497, 'lambda_val': 0.00010918455025127333, 'batch_size': 756, 'optimizer': 'Adam'}. Best is trial 45 with value: 0.10669462430196822.
2026-05-13 16:44:54,867 - optuna.study._optimize - INFO - Trial 88 pruned. 
2026-05-13 16:45:24,949 - optuna.study.study - INFO - Trial 89 finished with value: 0.06857869512256343 and parameters: {'n_layers': 1, 'embedding_dim': 128, 'lr': 0.00029057080319128153, 'lambda_val': 2.461223949414655e-05, 'batch_size': 1635, 'optimizer': 'RMSprop'}. Best is trial 45 with value: 0.10669462430196822.
2026-05-13 16:45:59,836 - optuna.study.study - INFO - Trial 90 finished with value: 0.06611217730756515 and parameters: {'n_layers': 1, 'embedding_dim': 256, 'lr': 0.0011340970871044848, 'lambda_val': 5.110220348345888e-05, 'batch_size': 689, 'optimizer': 'Adam'}. Best is trial 45 with value: 0.10669462430196822.
2026-05-13 16:46:06,045 - optuna.study._optimize - INFO - Trial 91 pruned. 
2026-05-13 16:46:12,936 - optuna.study._optimize - INFO - Trial 92 pruned. 
2026-05-13 16:46:47,133 - optuna.study.study - INFO - Trial 93 finished with value: 0.08046385200650269 and parameters: {'n_layers': 1, 'embedding_dim': 256, 'lr': 0.00024020019891005174, 'lambda_val': 0.0003738891315190884, 'batch_size': 1072, 'optimizer': 'Adam'}. Best is trial 45 with value: 0.10669462430196822.
2026-05-13 16:46:52,060 - optuna.study._optimize - INFO - Trial 94 pruned. 
2026-05-13 16:46:56,220 - optuna.study._optimize - INFO - Trial 95 pruned. 
2026-05-13 16:47:24,188 - optuna.study.study - INFO - Trial 96 finished with value: 0.05444457133855042 and parameters: {'n_layers': 1, 'embedding_dim': 96, 'lr': 0.0005320153977577341, 'lambda_val': 0.00012105361258498825, 'batch_size': 901, 'optimizer': 'Adam'}. Best is trial 45 with value: 0.10669462430196822.
2026-05-13 16:47:29,010 - optuna.study._optimize - INFO - Trial 97 pruned. 
2026-05-13 16:47:33,236 - optuna.study._optimize - INFO - Trial 98 pruned. 
2026-05-13 16:47:38,458 - optuna.study._optimize - INFO - Trial 99 pruned. 
2026-05-13 16:48:10,686 - optuna.study.study - INFO - Trial 100 finished with value: 0.07246235680183864 and parameters: {'n_layers': 1, 'embedding_dim': 256, 'lr': 0.00032167331919088316, 'lambda_val': 2.8927305273849035e-05, 'batch_size': 1384, 'optimizer': 'Adam'}. Best is trial 45 with value: 0.10669462430196822.
2026-05-13 16:48:44,531 - optuna.study.study - INFO - Trial 101 finished with value: 0.06764981633397478 and parameters: {'n_layers': 1, 'embedding_dim': 256, 'lr': 0.0006874219019374152, 'lambda_val': 0.00037037283775477115, 'batch_size': 1186, 'optimizer': 'Adam'}. Best is trial 45 with value: 0.10669462430196822.
2026-05-13 16:48:49,395 - optuna.study._optimize - INFO - Trial 102 pruned. 
2026-05-13 16:49:23,598 - optuna.study.study - INFO - Trial 103 finished with value: 0.07259468695618383 and parameters: {'n_layers': 1, 'embedding_dim': 256, 'lr': 0.0003935095441917448, 'lambda_val': 0.00042769911726119855, 'batch_size': 1294, 'optimizer': 'Adam'}. Best is trial 45 with value: 0.10669462430196822.
2026-05-13 16:49:27,936 - optuna.study._optimize - INFO - Trial 104 pruned. 
2026-05-13 16:49:32,095 - optuna.study._optimize - INFO - Trial 105 pruned. 
2026-05-13 16:50:06,496 - optuna.study.study - INFO - Trial 106 finished with value: 0.06284337851903407 and parameters: {'n_layers': 1, 'embedding_dim': 256, 'lr': 0.0008456617607449982, 'lambda_val': 0.00027450280049624664, 'batch_size': 868, 'optimizer': 'Adam'}. Best is trial 45 with value: 0.10669462430196822.
2026-05-13 16:50:11,073 - optuna.study._optimize - INFO - Trial 107 pruned. 
2026-05-13 16:50:15,409 - optuna.study._optimize - INFO - Trial 108 pruned. 
2026-05-13 16:50:49,614 - optuna.study.study - INFO - Trial 109 finished with value: 0.07360758900555694 and parameters: {'n_layers': 1, 'embedding_dim': 256, 'lr': 0.00026044857388871073, 'lambda_val': 0.0012852330920731288, 'batch_size': 793, 'optimizer': 'Adam'}. Best is trial 45 with value: 0.10669462430196822.
2026-05-13 16:51:26,405 - optuna.study.study - INFO - Trial 110 finished with value: 0.06657499382005684 and parameters: {'n_layers': 1, 'embedding_dim': 256, 'lr': 0.000555158134221697, 'lambda_val': 7.266295414671346e-06, 'batch_size': 3921, 'optimizer': 'Adam'}. Best is trial 45 with value: 0.10669462430196822.
2026-05-13 16:51:59,030 - optuna.study.study - INFO - Trial 111 finished with value: 0.07968853522417269 and parameters: {'n_layers': 1, 'embedding_dim': 256, 'lr': 0.0003215332623416403, 'lambda_val': 6.48366941576023e-05, 'batch_size': 916, 'optimizer': 'Adam'}. Best is trial 45 with value: 0.10669462430196822.
2026-05-13 16:52:31,437 - optuna.study.study - INFO - Trial 112 finished with value: 0.0871838183322321 and parameters: {'n_layers': 1, 'embedding_dim': 256, 'lr': 0.000328409792390726, 'lambda_val': 4.8832234032554007e-05, 'batch_size': 922, 'optimizer': 'Adam'}. Best is trial 45 with value: 0.10669462430196822.
2026-05-13 16:53:04,003 - optuna.study.study - INFO - Trial 113 finished with value: 0.07934812670837145 and parameters: {'n_layers': 1, 'embedding_dim': 256, 'lr': 0.00030799263981522916, 'lambda_val': 3.1809699887423393e-05, 'batch_size': 1136, 'optimizer': 'Adam'}. Best is trial 45 with value: 0.10669462430196822.
2026-05-13 16:53:37,073 - optuna.study.study - INFO - Trial 114 finished with value: 0.07882244263573887 and parameters: {'n_layers': 1, 'embedding_dim': 256, 'lr': 0.0004501470324658844, 'lambda_val': 5.83808328456791e-05, 'batch_size': 915, 'optimizer': 'Adam'}. Best is trial 45 with value: 0.10669462430196822.
2026-05-13 16:53:41,564 - optuna.study._optimize - INFO - Trial 115 pruned. 
2026-05-13 16:53:45,413 - optuna.study._optimize - INFO - Trial 116 pruned. 
2026-05-13 16:53:49,678 - optuna.study._optimize - INFO - Trial 117 pruned. 
2026-05-13 16:54:23,687 - optuna.study.study - INFO - Trial 118 finished with value: 0.06609297049293052 and parameters: {'n_layers': 1, 'embedding_dim': 256, 'lr': 0.0006173832318104195, 'lambda_val': 8.811174443147837e-05, 'batch_size': 749, 'optimizer': 'Adam'}. Best is trial 45 with value: 0.10669462430196822.
2026-05-13 16:54:28,432 - optuna.study._optimize - INFO - Trial 119 pruned. 
2026-05-13 16:55:03,305 - optuna.study.study - INFO - Trial 120 finished with value: 0.07365586249885482 and parameters: {'n_layers': 1, 'embedding_dim': 256, 'lr': 0.0003927934958414873, 'lambda_val': 3.5943482021511706e-05, 'batch_size': 1472, 'optimizer': 'Adam'}. Best is trial 45 with value: 0.10669462430196822.
2026-05-13 16:55:38,197 - optuna.study.study - INFO - Trial 121 finished with value: 0.08198681705954146 and parameters: {'n_layers': 1, 'embedding_dim': 256, 'lr': 0.0002781969710360897, 'lambda_val': 1.088324846913905e-05, 'batch_size': 1096, 'optimizer': 'Adam'}. Best is trial 45 with value: 0.10669462430196822.
2026-05-13 16:55:44,345 - optuna.study._optimize - INFO - Trial 122 pruned. 
2026-05-13 16:56:18,926 - optuna.study.study - INFO - Trial 123 finished with value: 0.07843398547322583 and parameters: {'n_layers': 1, 'embedding_dim': 256, 'lr': 0.000257388086388479, 'lambda_val': 6.662984079657355e-05, 'batch_size': 1097, 'optimizer': 'Adam'}. Best is trial 45 with value: 0.10669462430196822.
2026-05-13 16:56:23,337 - optuna.study._optimize - INFO - Trial 124 pruned. 
2026-05-13 16:56:58,572 - optuna.study.study - INFO - Trial 125 finished with value: 0.07198948091790011 and parameters: {'n_layers': 1, 'embedding_dim': 256, 'lr': 0.00045624583115244784, 'lambda_val': 1.406801155924015e-06, 'batch_size': 1309, 'optimizer': 'Adam'}. Best is trial 45 with value: 0.10669462430196822.
2026-05-13 16:57:03,652 - optuna.study._optimize - INFO - Trial 126 pruned. 
2026-05-13 16:57:08,575 - optuna.study._optimize - INFO - Trial 127 pruned. 
2026-05-13 16:57:15,422 - optuna.study._optimize - INFO - Trial 128 pruned. 
2026-05-13 16:57:43,910 - optuna.study.study - INFO - Trial 129 finished with value: 0.061071888634696356 and parameters: {'n_layers': 1, 'embedding_dim': 64, 'lr': 0.0003644282134595029, 'lambda_val': 0.00012563509097608344, 'batch_size': 1050, 'optimizer': 'RMSprop'}. Best is trial 45 with value: 0.10669462430196822.
2026-05-13 16:57:48,887 - optuna.study._optimize - INFO - Trial 130 pruned. 
2026-05-13 16:58:23,962 - optuna.study.study - INFO - Trial 131 finished with value: 0.08177935544473634 and parameters: {'n_layers': 1, 'embedding_dim': 256, 'lr': 0.0003052203369676966, 'lambda_val': 3.211757774870107e-05, 'batch_size': 1134, 'optimizer': 'Adam'}. Best is trial 45 with value: 0.10669462430196822.
2026-05-13 16:58:58,677 - optuna.study.study - INFO - Trial 132 finished with value: 0.07363500944133179 and parameters: {'n_layers': 1, 'embedding_dim': 256, 'lr': 0.0005143388301998669, 'lambda_val': 1.3476045388928379e-05, 'batch_size': 1234, 'optimizer': 'Adam'}. Best is trial 45 with value: 0.10669462430196822.
2026-05-13 16:59:33,830 - optuna.study.study - INFO - Trial 133 finished with value: 0.07842711637742242 and parameters: {'n_layers': 1, 'embedding_dim': 256, 'lr': 0.0003257677836809459, 'lambda_val': 5.3810607386407434e-05, 'batch_size': 1383, 'optimizer': 'Adam'}. Best is trial 45 with value: 0.10669462430196822.
2026-05-13 17:00:10,430 - optuna.study.study - INFO - Trial 134 finished with value: 0.07849726921451067 and parameters: {'n_layers': 1, 'embedding_dim': 256, 'lr': 0.0002941560052169409, 'lambda_val': 2.7009909635776166e-05, 'batch_size': 938, 'optimizer': 'Adam'}. Best is trial 45 with value: 0.10669462430196822.
2026-05-13 17:00:14,898 - optuna.study._optimize - INFO - Trial 135 pruned. 
2026-05-13 17:00:18,527 - optuna.study._optimize - INFO - Trial 136 pruned. 
2026-05-13 17:00:51,138 - optuna.study.study - INFO - Trial 137 finished with value: 0.07771922317601916 and parameters: {'n_layers': 1, 'embedding_dim': 256, 'lr': 0.0003763937011295336, 'lambda_val': 9.521377982605254e-05, 'batch_size': 1031, 'optimizer': 'Adam'}. Best is trial 45 with value: 0.10669462430196822.
2026-05-13 17:00:55,695 - optuna.study._optimize - INFO - Trial 138 pruned. 
2026-05-13 17:00:59,964 - optuna.study._optimize - INFO - Trial 139 pruned. 
2026-05-13 17:01:34,599 - optuna.study.study - INFO - Trial 140 finished with value: 0.06936458610612631 and parameters: {'n_layers': 1, 'embedding_dim': 256, 'lr': 0.0004745624332005807, 'lambda_val': 1.657446348360292e-05, 'batch_size': 1129, 'optimizer': 'Adam'}. Best is trial 45 with value: 0.10669462430196822.
2026-05-13 17:02:09,403 - optuna.study.study - INFO - Trial 141 finished with value: 0.08196263298477098 and parameters: {'n_layers': 1, 'embedding_dim': 256, 'lr': 0.0003015429276063432, 'lambda_val': 2.181323767325538e-05, 'batch_size': 1158, 'optimizer': 'Adam'}. Best is trial 45 with value: 0.10669462430196822.
2026-05-13 17:02:52,242 - optuna.study.study - INFO - Trial 142 finished with value: 0.08117646759347254 and parameters: {'n_layers': 1, 'embedding_dim': 256, 'lr': 0.0002699826366977974, 'lambda_val': 9.543782998441637e-06, 'batch_size': 1198, 'optimizer': 'Adam'}. Best is trial 45 with value: 0.10669462430196822.
2026-05-13 17:03:26,290 - optuna.study.study - INFO - Trial 143 finished with value: 0.08979237340494202 and parameters: {'n_layers': 1, 'embedding_dim': 256, 'lr': 0.00023871917519169457, 'lambda_val': 1.3179937096885236e-05, 'batch_size': 1198, 'optimizer': 'Adam'}. Best is trial 45 with value: 0.10669462430196822.
2026-05-13 17:04:08,163 - optuna.study.study - INFO - Trial 144 finished with value: 0.0744864039640061 and parameters: {'n_layers': 1, 'embedding_dim': 256, 'lr': 0.0002821835677444086, 'lambda_val': 1.0285280704262595e-05, 'batch_size': 1312, 'optimizer': 'Adam'}. Best is trial 45 with value: 0.10669462430196822.
2026-05-13 17:04:12,833 - optuna.study._optimize - INFO - Trial 145 pruned. 
2026-05-13 17:04:45,662 - optuna.study.study - INFO - Trial 146 finished with value: 0.07519405058272342 and parameters: {'n_layers': 1, 'embedding_dim': 256, 'lr': 0.0003962740485824537, 'lambda_val': 1.3649690588604068e-05, 'batch_size': 1271, 'optimizer': 'Adam'}. Best is trial 45 with value: 0.10669462430196822.
2026-05-13 17:04:50,510 - optuna.study._optimize - INFO - Trial 147 pruned. 
2026-05-13 17:04:55,006 - optuna.study._optimize - INFO - Trial 148 pruned. 
2026-05-13 17:05:29,642 - optuna.study.study - INFO - Trial 149 finished with value: 0.07132043982039561 and parameters: {'n_layers': 1, 'embedding_dim': 256, 'lr': 0.0005950279927536392, 'lambda_val': 7.1241546855004094e-06, 'batch_size': 1194, 'optimizer': 'Adam'}. Best is trial 45 with value: 0.10669462430196822.
2026-05-13 17:05:58,624 - optuna.study.study - INFO - Trial 150 finished with value: 0.05979934367825907 and parameters: {'n_layers': 1, 'embedding_dim': 96, 'lr': 0.0002875493100973112, 'lambda_val': 2.4485293194031662e-05, 'batch_size': 1755, 'optimizer': 'Adam'}. Best is trial 45 with value: 0.10669462430196822.
2026-05-13 17:06:03,223 - optuna.study._optimize - INFO - Trial 151 pruned. 
2026-05-13 17:06:08,161 - optuna.study._optimize - INFO - Trial 152 pruned. 
2026-05-13 17:06:42,320 - optuna.study.study - INFO - Trial 153 finished with value: 0.08509379253973251 and parameters: {'n_layers': 1, 'embedding_dim': 256, 'lr': 0.00033522488575699196, 'lambda_val': 2.9506927793509106e-05, 'batch_size': 992, 'optimizer': 'Adam'}. Best is trial 45 with value: 0.10669462430196822.
2026-05-13 17:07:17,418 - optuna.study.study - INFO - Trial 154 finished with value: 0.08353505489718269 and parameters: {'n_layers': 1, 'embedding_dim': 256, 'lr': 0.00035351227416289524, 'lambda_val': 3.1803720876499173e-05, 'batch_size': 975, 'optimizer': 'Adam'}. Best is trial 45 with value: 0.10669462430196822.
2026-05-13 17:07:52,362 - optuna.study.study - INFO - Trial 155 finished with value: 0.07929778725043767 and parameters: {'n_layers': 1, 'embedding_dim': 256, 'lr': 0.0003658681471792245, 'lambda_val': 3.054430741734496e-05, 'batch_size': 790, 'optimizer': 'Adam'}. Best is trial 45 with value: 0.10669462430196822.
2026-05-13 17:08:27,348 - optuna.study.study - INFO - Trial 156 finished with value: 0.08248377415346983 and parameters: {'n_layers': 1, 'embedding_dim': 256, 'lr': 0.0005077868763417868, 'lambda_val': 4.527673665359983e-05, 'batch_size': 886, 'optimizer': 'Adam'}. Best is trial 45 with value: 0.10669462430196822.
2026-05-13 17:09:04,146 - optuna.study.study - INFO - Trial 157 finished with value: 0.07708499462815728 and parameters: {'n_layers': 1, 'embedding_dim': 256, 'lr': 0.0004997367931984512, 'lambda_val': 4.308596630986947e-05, 'batch_size': 969, 'optimizer': 'Adam'}. Best is trial 45 with value: 0.10669462430196822.
2026-05-13 17:09:37,805 - optuna.study.study - INFO - Trial 158 finished with value: 0.07089424926079017 and parameters: {'n_layers': 1, 'embedding_dim': 256, 'lr': 0.0004379136033963859, 'lambda_val': 4.6246712579172335e-05, 'batch_size': 688, 'optimizer': 'RMSprop'}. Best is trial 45 with value: 0.10669462430196822.
2026-05-13 17:10:10,292 - optuna.study.study - INFO - Trial 159 finished with value: 0.06559857259071694 and parameters: {'n_layers': 1, 'embedding_dim': 256, 'lr': 0.000912127735497083, 'lambda_val': 5.562163359878123e-05, 'batch_size': 867, 'optimizer': 'Adam'}. Best is trial 45 with value: 0.10669462430196822.
2026-05-13 17:10:16,273 - optuna.study._optimize - INFO - Trial 160 pruned. 
2026-05-13 17:10:20,537 - optuna.study._optimize - INFO - Trial 161 pruned. 
2026-05-13 17:10:51,990 - optuna.study.study - INFO - Trial 162 finished with value: 0.08855646451000909 and parameters: {'n_layers': 1, 'embedding_dim': 256, 'lr': 0.0004195524096406342, 'lambda_val': 2.066449912517052e-05, 'batch_size': 900, 'optimizer': 'Adam'}. Best is trial 45 with value: 0.10669462430196822.
2026-05-13 17:11:24,883 - optuna.study.study - INFO - Trial 163 finished with value: 0.06667592954153033 and parameters: {'n_layers': 1, 'embedding_dim': 256, 'lr': 0.00042151017224029684, 'lambda_val': 2.0977073514267782e-05, 'batch_size': 889, 'optimizer': 'Adam'}. Best is trial 45 with value: 0.10669462430196822.
2026-05-13 17:11:58,557 - optuna.study.study - INFO - Trial 164 finished with value: 0.07189316233602155 and parameters: {'n_layers': 1, 'embedding_dim': 256, 'lr': 0.0007077614887059568, 'lambda_val': 1.7396351926407498e-05, 'batch_size': 799, 'optimizer': 'Adam'}. Best is trial 45 with value: 0.10669462430196822.
2026-05-13 17:12:29,485 - optuna.study.study - INFO - Trial 165 finished with value: 0.07622002898964046 and parameters: {'n_layers': 1, 'embedding_dim': 256, 'lr': 0.0003676429578243047, 'lambda_val': 4.1058639535709e-05, 'batch_size': 662, 'optimizer': 'Adam'}. Best is trial 45 with value: 0.10669462430196822.
2026-05-13 17:13:02,221 - optuna.study.study - INFO - Trial 166 finished with value: 0.0716399642864069 and parameters: {'n_layers': 1, 'embedding_dim': 256, 'lr': 0.0005046038499419636, 'lambda_val': 8.022195997879106e-05, 'batch_size': 952, 'optimizer': 'Adam'}. Best is trial 45 with value: 0.10669462430196822.
2026-05-13 17:13:07,047 - optuna.study._optimize - INFO - Trial 167 pruned. 
2026-05-13 17:13:37,505 - optuna.study.study - INFO - Trial 168 finished with value: 0.08777426502680293 and parameters: {'n_layers': 1, 'embedding_dim': 256, 'lr': 0.00032573764371677714, 'lambda_val': 1.7896234344356985e-05, 'batch_size': 732, 'optimizer': 'Adam'}. Best is trial 45 with value: 0.10669462430196822.
2026-05-13 17:13:41,077 - optuna.study._optimize - INFO - Trial 169 pruned. 
2026-05-13 17:14:12,542 - optuna.study.study - INFO - Trial 170 finished with value: 0.08781786212360645 and parameters: {'n_layers': 1, 'embedding_dim': 256, 'lr': 0.000330982886916727, 'lambda_val': 5.871107201505867e-05, 'batch_size': 567, 'optimizer': 'Adam'}. Best is trial 45 with value: 0.10669462430196822.
2026-05-13 17:14:17,128 - optuna.study._optimize - INFO - Trial 171 pruned. 
2026-05-13 17:14:21,863 - optuna.study._optimize - INFO - Trial 172 pruned. 
2026-05-13 17:14:26,389 - optuna.study._optimize - INFO - Trial 173 pruned. 
2026-05-13 17:15:00,282 - optuna.study.study - INFO - Trial 174 finished with value: 0.07639607433890808 and parameters: {'n_layers': 1, 'embedding_dim': 256, 'lr': 0.0003741282762108152, 'lambda_val': 3.794480125659389e-05, 'batch_size': 733, 'optimizer': 'Adam'}. Best is trial 45 with value: 0.10669462430196822.
2026-05-13 17:15:06,984 - optuna.study._optimize - INFO - Trial 175 pruned. 
2026-05-13 17:15:40,124 - optuna.study.study - INFO - Trial 176 finished with value: 0.07168474054656165 and parameters: {'n_layers': 1, 'embedding_dim': 256, 'lr': 0.00041000039875732847, 'lambda_val': 2.7474124386882818e-05, 'batch_size': 847, 'optimizer': 'Adam'}. Best is trial 45 with value: 0.10669462430196822.
2026-05-13 17:15:45,302 - optuna.study._optimize - INFO - Trial 177 pruned. 
2026-05-13 17:16:13,007 - optuna.study.study - INFO - Trial 178 finished with value: 0.05384716386466471 and parameters: {'n_layers': 1, 'embedding_dim': 128, 'lr': 0.00033523220904352704, 'lambda_val': 0.00010372018616640554, 'batch_size': 2166, 'optimizer': 'Adam'}. Best is trial 45 with value: 0.10669462430196822.
2026-05-13 17:16:17,925 - optuna.study._optimize - INFO - Trial 179 pruned. 
2026-05-13 17:16:22,223 - optuna.study._optimize - INFO - Trial 180 pruned. 
2026-05-13 17:16:54,890 - optuna.study.study - INFO - Trial 181 finished with value: 0.07195619493496966 and parameters: {'n_layers': 1, 'embedding_dim': 256, 'lr': 0.0004713518827082554, 'lambda_val': 2.75366663716636e-05, 'batch_size': 829, 'optimizer': 'Adam'}. Best is trial 45 with value: 0.10669462430196822.
2026-05-13 17:16:59,905 - optuna.study._optimize - INFO - Trial 182 pruned. 
2026-05-13 17:17:36,404 - optuna.study.study - INFO - Trial 183 finished with value: 0.08443073281504761 and parameters: {'n_layers': 1, 'embedding_dim': 256, 'lr': 0.00041962500889794095, 'lambda_val': 1.428333706968509e-05, 'batch_size': 954, 'optimizer': 'Adam'}. Best is trial 45 with value: 0.10669462430196822.
2026-05-13 17:18:11,495 - optuna.study.study - INFO - Trial 184 finished with value: 0.07847916723161089 and parameters: {'n_layers': 1, 'embedding_dim': 256, 'lr': 0.00034854815222152175, 'lambda_val': 1.2568490675770676e-05, 'batch_size': 1125, 'optimizer': 'Adam'}. Best is trial 45 with value: 0.10669462430196822.
2026-05-13 17:18:53,403 - optuna.study.study - INFO - Trial 185 finished with value: 0.0737759426378385 and parameters: {'n_layers': 1, 'embedding_dim': 256, 'lr': 0.00043262614611296025, 'lambda_val': 1.7411654365091524e-05, 'batch_size': 952, 'optimizer': 'Adam'}. Best is trial 45 with value: 0.10669462430196822.
2026-05-13 17:18:57,496 - optuna.study._optimize - INFO - Trial 186 pruned. 
2026-05-13 17:19:29,358 - optuna.study.study - INFO - Trial 187 finished with value: 0.07120123157079303 and parameters: {'n_layers': 1, 'embedding_dim': 256, 'lr': 0.0005984239352438705, 'lambda_val': 5.741317077620721e-06, 'batch_size': 632, 'optimizer': 'Adam'}. Best is trial 45 with value: 0.10669462430196822.
2026-05-13 17:20:04,834 - optuna.study.study - INFO - Trial 188 finished with value: 0.0863888193399424 and parameters: {'n_layers': 1, 'embedding_dim': 256, 'lr': 0.00032118219568367086, 'lambda_val': 2.149055444441725e-05, 'batch_size': 1020, 'optimizer': 'Adam'}. Best is trial 45 with value: 0.10669462430196822.
2026-05-13 17:20:39,443 - optuna.study.study - INFO - Trial 189 finished with value: 0.07670616294182166 and parameters: {'n_layers': 1, 'embedding_dim': 256, 'lr': 0.00037596720970753156, 'lambda_val': 7.650138630934434e-05, 'batch_size': 1027, 'optimizer': 'Adam'}. Best is trial 45 with value: 0.10669462430196822.
2026-05-13 17:20:43,015 - optuna.study._optimize - INFO - Trial 190 pruned. 
2026-05-13 17:21:17,606 - optuna.study.study - INFO - Trial 191 finished with value: 0.0753368472159049 and parameters: {'n_layers': 1, 'embedding_dim': 256, 'lr': 0.0003165772517081976, 'lambda_val': 2.2236140544317017e-05, 'batch_size': 1101, 'optimizer': 'Adam'}. Best is trial 45 with value: 0.10669462430196822.
2026-05-13 17:21:22,080 - optuna.study._optimize - INFO - Trial 192 pruned. 
2026-05-13 17:21:57,645 - optuna.study.study - INFO - Trial 193 finished with value: 0.0812638321194893 and parameters: {'n_layers': 1, 'embedding_dim': 256, 'lr': 0.00030128225570335963, 'lambda_val': 2.8747157541343805e-05, 'batch_size': 899, 'optimizer': 'Adam'}. Best is trial 45 with value: 0.10669462430196822.
2026-05-13 17:22:30,787 - optuna.study.study - INFO - Trial 194 finished with value: 0.08340457934384629 and parameters: {'n_layers': 1, 'embedding_dim': 256, 'lr': 0.0004285736137053557, 'lambda_val': 1.0916282731152855e-05, 'batch_size': 1170, 'optimizer': 'Adam'}. Best is trial 45 with value: 0.10669462430196822.
2026-05-13 17:23:05,359 - optuna.study.study - INFO - Trial 195 finished with value: 0.08785350821863895 and parameters: {'n_layers': 1, 'embedding_dim': 256, 'lr': 0.0004301544643722375, 'lambda_val': 1.183810989474187e-05, 'batch_size': 1040, 'optimizer': 'Adam'}. Best is trial 45 with value: 0.10669462430196822.
2026-05-13 17:23:41,221 - optuna.study.study - INFO - Trial 196 finished with value: 0.07315792328270364 and parameters: {'n_layers': 1, 'embedding_dim': 256, 'lr': 0.00043957042158743843, 'lambda_val': 0.00025303509588450523, 'batch_size': 1034, 'optimizer': 'Adam'}. Best is trial 45 with value: 0.10669462430196822.
2026-05-13 17:24:15,943 - optuna.study.study - INFO - Trial 197 finished with value: 0.07658229477742343 and parameters: {'n_layers': 1, 'embedding_dim': 256, 'lr': 0.0005172781787203297, 'lambda_val': 6.135174224730704e-05, 'batch_size': 945, 'optimizer': 'Adam'}. Best is trial 45 with value: 0.10669462430196822.
2026-05-13 17:24:50,749 - optuna.study.study - INFO - Trial 198 finished with value: 0.07591705889394615 and parameters: {'n_layers': 1, 'embedding_dim': 256, 'lr': 0.0006592983405132257, 'lambda_val': 1.3975100875765937e-05, 'batch_size': 698, 'optimizer': 'Adam'}. Best is trial 45 with value: 0.10669462430196822.
2026-05-13 17:24:54,644 - optuna.study._optimize - INFO - Trial 199 pruned. 
2026-05-13 17:25:16,355 - root - INFO -   **** Training e_100K_1c2dcs_rand4
2026-05-13 17:25:16,366 - root - INFO -   **** Getting 54402/65410 random edges
2026-05-13 17:25:17,264 - optuna.storages._rdb.storage - INFO - A new study created in RDB with name: Study_e_100K_1c2dcs_rand4
2026-05-13 17:26:13,943 - optuna.study.study - INFO - Trial 0 finished with value: 0.016552140253080227 and parameters: {'n_layers': 3, 'embedding_dim': 256, 'lr': 0.04102668790239933, 'lambda_val': 0.028695185007699475, 'batch_size': 3654, 'optimizer': 'Adam'}. Best is trial 0 with value: 0.016552140253080227.
2026-05-13 17:26:50,494 - optuna.study.study - INFO - Trial 1 finished with value: 0.012362993309683058 and parameters: {'n_layers': 2, 'embedding_dim': 96, 'lr': 2.0923088962550342e-05, 'lambda_val': 2.3824357967116547e-06, 'batch_size': 590, 'optimizer': 'RMSprop'}. Best is trial 0 with value: 0.016552140253080227.
2026-05-13 17:27:41,097 - optuna.study.study - INFO - Trial 2 finished with value: 0.03790312746629456 and parameters: {'n_layers': 3, 'embedding_dim': 96, 'lr': 0.04263507392327775, 'lambda_val': 0.0001727865426275741, 'batch_size': 3029, 'optimizer': 'RMSprop'}. Best is trial 2 with value: 0.03790312746629456.
2026-05-13 17:28:30,362 - optuna.study.study - INFO - Trial 3 finished with value: 0.013238012536692044 and parameters: {'n_layers': 3, 'embedding_dim': 96, 'lr': 0.0008799610265350817, 'lambda_val': 4.0814043741621334e-05, 'batch_size': 1425, 'optimizer': 'RMSprop'}. Best is trial 2 with value: 0.03790312746629456.
2026-05-13 17:28:58,210 - optuna.study.study - INFO - Trial 4 finished with value: 0.001999944140643824 and parameters: {'n_layers': 1, 'embedding_dim': 64, 'lr': 7.744226612087848e-05, 'lambda_val': 0.0015974236060379138, 'batch_size': 1426, 'optimizer': 'SGD'}. Best is trial 2 with value: 0.03790312746629456.
2026-05-13 17:29:34,597 - optuna.study.study - INFO - Trial 5 finished with value: 0.06567081627820555 and parameters: {'n_layers': 1, 'embedding_dim': 256, 'lr': 0.0002943983752282499, 'lambda_val': 2.7272297354405574e-06, 'batch_size': 2979, 'optimizer': 'Adam'}. Best is trial 5 with value: 0.06567081627820555.
2026-05-13 17:29:38,556 - optuna.study._optimize - INFO - Trial 6 pruned. 
2026-05-13 17:29:42,350 - optuna.study._optimize - INFO - Trial 7 pruned. 
2026-05-13 17:29:47,311 - optuna.study._optimize - INFO - Trial 8 pruned. 
2026-05-13 17:30:26,193 - optuna.study.study - INFO - Trial 9 finished with value: 0.008717136325748389 and parameters: {'n_layers': 4, 'embedding_dim': 64, 'lr': 0.00023160341466319775, 'lambda_val': 1.6307787872472836e-06, 'batch_size': 2875, 'optimizer': 'Adam'}. Best is trial 5 with value: 0.06567081627820555.
2026-05-13 17:30:57,222 - optuna.study.study - INFO - Trial 10 finished with value: 0.05224036265405993 and parameters: {'n_layers': 1, 'embedding_dim': 128, 'lr': 0.0064675331245494, 'lambda_val': 2.4461033663663466e-05, 'batch_size': 2340, 'optimizer': 'Adam'}. Best is trial 5 with value: 0.06567081627820555.
2026-05-13 17:31:28,759 - optuna.study.study - INFO - Trial 11 finished with value: 0.05080593790771745 and parameters: {'n_layers': 1, 'embedding_dim': 128, 'lr': 0.004448983845090095, 'lambda_val': 2.2845826493134672e-05, 'batch_size': 2306, 'optimizer': 'Adam'}. Best is trial 5 with value: 0.06567081627820555.
2026-05-13 17:32:00,789 - optuna.study.study - INFO - Trial 12 finished with value: 0.059386529484523456 and parameters: {'n_layers': 1, 'embedding_dim': 128, 'lr': 0.006877702533122986, 'lambda_val': 0.00017189315046158221, 'batch_size': 2407, 'optimizer': 'Adam'}. Best is trial 5 with value: 0.06567081627820555.
2026-05-13 17:32:36,427 - optuna.study.study - INFO - Trial 13 finished with value: 0.06508545896989004 and parameters: {'n_layers': 1, 'embedding_dim': 256, 'lr': 0.0005122074917128241, 'lambda_val': 0.0005072124168908281, 'batch_size': 2969, 'optimizer': 'Adam'}. Best is trial 5 with value: 0.06567081627820555.
2026-05-13 17:33:29,885 - optuna.study.study - INFO - Trial 14 finished with value: 0.03564510351158068 and parameters: {'n_layers': 2, 'embedding_dim': 256, 'lr': 0.0003632279559483331, 'lambda_val': 0.0014306215049585392, 'batch_size': 3177, 'optimizer': 'Adam'}. Best is trial 5 with value: 0.06567081627820555.
2026-05-13 17:33:37,077 - optuna.study._optimize - INFO - Trial 15 pruned. 
2026-05-13 17:34:10,852 - optuna.study.study - INFO - Trial 16 finished with value: 0.0730485529789031 and parameters: {'n_layers': 1, 'embedding_dim': 256, 'lr': 0.0011854988960735171, 'lambda_val': 0.0004922684544353064, 'batch_size': 1863, 'optimizer': 'Adam'}. Best is trial 16 with value: 0.0730485529789031.
2026-05-13 17:34:16,074 - optuna.study._optimize - INFO - Trial 17 pruned. 
2026-05-13 17:34:19,796 - optuna.study._optimize - INFO - Trial 18 pruned. 
2026-05-13 17:34:25,099 - optuna.study._optimize - INFO - Trial 19 pruned. 
2026-05-13 17:34:29,913 - optuna.study._optimize - INFO - Trial 20 pruned. 
2026-05-13 17:35:06,546 - optuna.study.study - INFO - Trial 21 finished with value: 0.06236800314215768 and parameters: {'n_layers': 1, 'embedding_dim': 256, 'lr': 0.0003697459820776235, 'lambda_val': 0.0005940743512524959, 'batch_size': 3363, 'optimizer': 'Adam'}. Best is trial 16 with value: 0.0730485529789031.
2026-05-13 17:35:42,769 - optuna.study.study - INFO - Trial 22 finished with value: 0.06520858214457337 and parameters: {'n_layers': 1, 'embedding_dim': 256, 'lr': 0.0011970002612809148, 'lambda_val': 6.190968202414271e-05, 'batch_size': 2679, 'optimizer': 'Adam'}. Best is trial 16 with value: 0.0730485529789031.
2026-05-13 17:36:17,183 - optuna.study.study - INFO - Trial 23 finished with value: 0.06381398720625323 and parameters: {'n_layers': 1, 'embedding_dim': 256, 'lr': 0.0013819008170446445, 'lambda_val': 7.4603022789653325e-06, 'batch_size': 1909, 'optimizer': 'Adam'}. Best is trial 16 with value: 0.0730485529789031.
2026-05-13 17:36:22,526 - optuna.study._optimize - INFO - Trial 24 pruned. 
2026-05-13 17:36:55,774 - optuna.study.study - INFO - Trial 25 finished with value: 0.07958711270107847 and parameters: {'n_layers': 1, 'embedding_dim': 256, 'lr': 0.00018641091818215506, 'lambda_val': 2.915973124200776e-06, 'batch_size': 2021, 'optimizer': 'Adam'}. Best is trial 25 with value: 0.07958711270107847.
2026-05-13 17:37:25,470 - optuna.study.study - INFO - Trial 26 finished with value: 0.0429922052818017 and parameters: {'n_layers': 2, 'embedding_dim': 32, 'lr': 0.00018675814820633198, 'lambda_val': 4.053659046912494e-06, 'batch_size': 2017, 'optimizer': 'Adam'}. Best is trial 25 with value: 0.07958711270107847.
2026-05-13 17:37:30,086 - optuna.study._optimize - INFO - Trial 27 pruned. 
2026-05-13 17:37:35,588 - optuna.study._optimize - INFO - Trial 28 pruned. 
2026-05-13 17:37:41,189 - optuna.study._optimize - INFO - Trial 29 pruned. 
2026-05-13 17:37:45,708 - optuna.study._optimize - INFO - Trial 30 pruned. 
2026-05-13 17:38:20,511 - optuna.study.study - INFO - Trial 31 finished with value: 0.0610844091209731 and parameters: {'n_layers': 1, 'embedding_dim': 256, 'lr': 0.0024015570783772963, 'lambda_val': 5.854361223095721e-05, 'batch_size': 2713, 'optimizer': 'Adam'}. Best is trial 25 with value: 0.07958711270107847.
2026-05-13 17:38:56,719 - optuna.study.study - INFO - Trial 32 finished with value: 0.06425482319452655 and parameters: {'n_layers': 1, 'embedding_dim': 256, 'lr': 0.0008076861941223053, 'lambda_val': 1.0961036574001907e-06, 'batch_size': 2465, 'optimizer': 'Adam'}. Best is trial 25 with value: 0.07958711270107847.
2026-05-13 17:39:01,113 - optuna.study._optimize - INFO - Trial 33 pruned. 
2026-05-13 17:39:29,316 - optuna.study.study - INFO - Trial 34 finished with value: 0.06592271311281592 and parameters: {'n_layers': 1, 'embedding_dim': 96, 'lr': 0.0002646471329663662, 'lambda_val': 0.0002959423695656532, 'batch_size': 1706, 'optimizer': 'RMSprop'}. Best is trial 25 with value: 0.07958711270107847.
2026-05-13 17:40:01,234 - optuna.study.study - INFO - Trial 35 finished with value: 0.025312139682319313 and parameters: {'n_layers': 2, 'embedding_dim': 96, 'lr': 0.00024077138728246684, 'lambda_val': 0.0002632486168114417, 'batch_size': 1789, 'optimizer': 'RMSprop'}. Best is trial 25 with value: 0.07958711270107847.
2026-05-13 17:40:05,619 - optuna.study._optimize - INFO - Trial 36 pruned. 
2026-05-13 17:40:09,960 - optuna.study._optimize - INFO - Trial 37 pruned. 
2026-05-13 17:40:14,599 - optuna.study._optimize - INFO - Trial 38 pruned. 
2026-05-13 17:40:18,443 - optuna.study._optimize - INFO - Trial 39 pruned. 
2026-05-13 17:40:22,917 - optuna.study._optimize - INFO - Trial 40 pruned. 
2026-05-13 17:40:53,200 - optuna.study.study - INFO - Trial 41 finished with value: 0.04987262486645051 and parameters: {'n_layers': 1, 'embedding_dim': 64, 'lr': 0.0011072718161500312, 'lambda_val': 0.0009417412194623104, 'batch_size': 2824, 'optimizer': 'Adam'}. Best is trial 25 with value: 0.07958711270107847.
2026-05-13 17:41:22,570 - optuna.study.study - INFO - Trial 42 finished with value: 0.05299322677955925 and parameters: {'n_layers': 1, 'embedding_dim': 32, 'lr': 0.0003247271081795351, 'lambda_val': 0.00024054483972129717, 'batch_size': 3207, 'optimizer': 'RMSprop'}. Best is trial 25 with value: 0.07958711270107847.
2026-05-13 17:41:26,445 - optuna.study._optimize - INFO - Trial 43 pruned. 
2026-05-13 17:42:05,010 - optuna.study.study - INFO - Trial 44 finished with value: 0.05293742913557857 and parameters: {'n_layers': 1, 'embedding_dim': 96, 'lr': 0.0006670763215075122, 'lambda_val': 9.377146457923026e-05, 'batch_size': 2565, 'optimizer': 'Adam'}. Best is trial 25 with value: 0.07958711270107847.
2026-05-13 17:42:41,982 - optuna.study.study - INFO - Trial 45 finished with value: 0.06611229469663857 and parameters: {'n_layers': 1, 'embedding_dim': 256, 'lr': 0.0015717372958148216, 'lambda_val': 0.00015206333820854304, 'batch_size': 2225, 'optimizer': 'Adam'}. Best is trial 25 with value: 0.07958711270107847.
2026-05-13 17:42:45,766 - optuna.study._optimize - INFO - Trial 46 pruned. 
2026-05-13 17:43:21,038 - optuna.study.study - INFO - Trial 47 finished with value: 0.08894463563139286 and parameters: {'n_layers': 1, 'embedding_dim': 256, 'lr': 0.00016962250239492535, 'lambda_val': 0.00044531473552144257, 'batch_size': 2221, 'optimizer': 'Adam'}. Best is trial 47 with value: 0.08894463563139286.
2026-05-13 17:43:25,432 - optuna.study._optimize - INFO - Trial 48 pruned. 
2026-05-13 17:43:30,281 - optuna.study._optimize - INFO - Trial 49 pruned. 
2026-05-13 17:43:34,943 - optuna.study._optimize - INFO - Trial 50 pruned. 
2026-05-13 17:44:08,699 - optuna.study.study - INFO - Trial 51 finished with value: 0.07025643314650687 and parameters: {'n_layers': 1, 'embedding_dim': 256, 'lr': 0.0014755358751685262, 'lambda_val': 0.0002978061430001786, 'batch_size': 2414, 'optimizer': 'Adam'}. Best is trial 47 with value: 0.08894463563139286.
2026-05-13 17:44:13,315 - optuna.study._optimize - INFO - Trial 52 pruned. 
2026-05-13 17:44:17,821 - optuna.study._optimize - INFO - Trial 53 pruned. 
2026-05-13 17:44:51,450 - optuna.study.study - INFO - Trial 54 finished with value: 0.05964010745560898 and parameters: {'n_layers': 1, 'embedding_dim': 256, 'lr': 0.00044244858974553216, 'lambda_val': 0.0008416694113904677, 'batch_size': 1874, 'optimizer': 'Adam'}. Best is trial 47 with value: 0.08894463563139286.
2026-05-13 17:45:16,295 - optuna.study.study - INFO - Trial 55 finished with value: 0.042081176389977486 and parameters: {'n_layers': 1, 'embedding_dim': 32, 'lr': 0.001594385524907852, 'lambda_val': 0.00042508500050443256, 'batch_size': 2242, 'optimizer': 'Adam'}. Best is trial 47 with value: 0.08894463563139286.
2026-05-13 17:45:21,519 - optuna.study._optimize - INFO - Trial 56 pruned. 
2026-05-13 17:45:51,604 - optuna.study.study - INFO - Trial 57 finished with value: 0.05929576591412397 and parameters: {'n_layers': 1, 'embedding_dim': 96, 'lr': 0.00026624857985748377, 'lambda_val': 0.002306653796644809, 'batch_size': 2491, 'optimizer': 'Adam'}. Best is trial 47 with value: 0.08894463563139286.
2026-05-13 17:45:55,789 - optuna.study._optimize - INFO - Trial 58 pruned. 
2026-05-13 17:46:00,351 - optuna.study._optimize - INFO - Trial 59 pruned. 
2026-05-13 17:46:35,539 - optuna.study.study - INFO - Trial 60 finished with value: 0.07233581751627619 and parameters: {'n_layers': 1, 'embedding_dim': 256, 'lr': 0.00061285895129249, 'lambda_val': 2.8471582337143868e-05, 'batch_size': 2155, 'optimizer': 'Adam'}. Best is trial 47 with value: 0.08894463563139286.
2026-05-13 17:47:10,607 - optuna.study.study - INFO - Trial 61 finished with value: 0.09096866091322076 and parameters: {'n_layers': 1, 'embedding_dim': 256, 'lr': 0.0001445876380028783, 'lambda_val': 0.00041732600564120694, 'batch_size': 2125, 'optimizer': 'Adam'}. Best is trial 61 with value: 0.09096866091322076.
2026-05-13 17:47:46,007 - optuna.study.study - INFO - Trial 62 finished with value: 0.0865077975776654 and parameters: {'n_layers': 1, 'embedding_dim': 256, 'lr': 0.00014109067939432025, 'lambda_val': 3.1129557684779256e-05, 'batch_size': 2128, 'optimizer': 'Adam'}. Best is trial 61 with value: 0.09096866091322076.
2026-05-13 17:47:50,480 - optuna.study._optimize - INFO - Trial 63 pruned. 
2026-05-13 17:48:26,769 - optuna.study.study - INFO - Trial 64 finished with value: 0.09502071183431109 and parameters: {'n_layers': 1, 'embedding_dim': 256, 'lr': 0.00012784811445635513, 'lambda_val': 1.5073764904806638e-05, 'batch_size': 2363, 'optimizer': 'Adam'}. Best is trial 64 with value: 0.09502071183431109.
2026-05-13 17:48:31,097 - optuna.study._optimize - INFO - Trial 65 pruned. 
2026-05-13 17:48:35,615 - optuna.study._optimize - INFO - Trial 66 pruned. 
2026-05-13 17:49:10,345 - optuna.study.study - INFO - Trial 67 finished with value: 0.07273045976764955 and parameters: {'n_layers': 1, 'embedding_dim': 256, 'lr': 0.00020546081507140558, 'lambda_val': 1.3248642799226913e-05, 'batch_size': 2110, 'optimizer': 'Adam'}. Best is trial 64 with value: 0.09502071183431109.
2026-05-13 17:49:45,888 - optuna.study.study - INFO - Trial 68 finished with value: 0.0706816998362662 and parameters: {'n_layers': 1, 'embedding_dim': 256, 'lr': 0.00018301896378187832, 'lambda_val': 1.0666936988788767e-05, 'batch_size': 2556, 'optimizer': 'Adam'}. Best is trial 64 with value: 0.09502071183431109.
2026-05-13 17:49:50,426 - optuna.study._optimize - INFO - Trial 69 pruned. 
2026-05-13 17:49:56,103 - optuna.study._optimize - INFO - Trial 70 pruned. 
2026-05-13 17:50:31,073 - optuna.study.study - INFO - Trial 71 finished with value: 0.08025236704065192 and parameters: {'n_layers': 1, 'embedding_dim': 256, 'lr': 0.00019648401954792754, 'lambda_val': 4.15034129020744e-05, 'batch_size': 2136, 'optimizer': 'Adam'}. Best is trial 64 with value: 0.09502071183431109.
2026-05-13 17:50:35,777 - optuna.study._optimize - INFO - Trial 72 pruned. 
2026-05-13 17:51:07,746 - optuna.study.study - INFO - Trial 73 finished with value: 0.08448088323437435 and parameters: {'n_layers': 1, 'embedding_dim': 256, 'lr': 0.00019670154602390008, 'lambda_val': 1.7713638318999493e-05, 'batch_size': 1881, 'optimizer': 'Adam'}. Best is trial 64 with value: 0.09502071183431109.
2026-05-13 17:51:11,910 - optuna.study._optimize - INFO - Trial 74 pruned. 
2026-05-13 17:51:44,384 - optuna.study.study - INFO - Trial 75 finished with value: 0.0670542538939648 and parameters: {'n_layers': 1, 'embedding_dim': 256, 'lr': 0.00035520027232808165, 'lambda_val': 8.612951341269807e-05, 'batch_size': 1997, 'optimizer': 'Adam'}. Best is trial 64 with value: 0.09502071183431109.
2026-05-13 17:52:16,484 - optuna.study.study - INFO - Trial 76 finished with value: 0.10025150451681919 and parameters: {'n_layers': 1, 'embedding_dim': 256, 'lr': 0.00015109815949065943, 'lambda_val': 3.2549377962672664e-05, 'batch_size': 1591, 'optimizer': 'Adam'}. Best is trial 76 with value: 0.10025150451681919.
2026-05-13 17:52:49,479 - optuna.study.study - INFO - Trial 77 finished with value: 0.10185378846839062 and parameters: {'n_layers': 1, 'embedding_dim': 256, 'lr': 0.000159905832008752, 'lambda_val': 1.1260920551920433e-05, 'batch_size': 1580, 'optimizer': 'Adam'}. Best is trial 77 with value: 0.10185378846839062.
2026-05-13 17:52:53,286 - optuna.study._optimize - INFO - Trial 78 pruned. 
2026-05-13 17:53:00,092 - optuna.study._optimize - INFO - Trial 79 pruned. 
2026-05-13 17:53:04,213 - optuna.study._optimize - INFO - Trial 80 pruned. 
2026-05-13 17:53:38,775 - optuna.study.study - INFO - Trial 81 finished with value: 0.09017717059446642 and parameters: {'n_layers': 1, 'embedding_dim': 256, 'lr': 0.00017899823645369545, 'lambda_val': 3.8106576250689836e-05, 'batch_size': 1832, 'optimizer': 'Adam'}. Best is trial 77 with value: 0.10185378846839062.
2026-05-13 17:54:13,874 - optuna.study.study - INFO - Trial 82 finished with value: 0.09360687559604126 and parameters: {'n_layers': 1, 'embedding_dim': 256, 'lr': 0.00017637707483115253, 'lambda_val': 9.987454421270332e-06, 'batch_size': 1780, 'optimizer': 'Adam'}. Best is trial 77 with value: 0.10185378846839062.
2026-05-13 17:54:48,268 - optuna.study.study - INFO - Trial 83 finished with value: 0.09732386018724799 and parameters: {'n_layers': 1, 'embedding_dim': 256, 'lr': 0.0001535863174958825, 'lambda_val': 1.1215781229304365e-05, 'batch_size': 1799, 'optimizer': 'Adam'}. Best is trial 77 with value: 0.10185378846839062.
2026-05-13 17:54:52,585 - optuna.study._optimize - INFO - Trial 84 pruned. 
2026-05-13 17:54:57,025 - optuna.study._optimize - INFO - Trial 85 pruned. 
2026-05-13 17:55:01,785 - optuna.study._optimize - INFO - Trial 86 pruned. 
2026-05-13 17:55:48,574 - optuna.study.study - INFO - Trial 87 finished with value: 0.08331071505071892 and parameters: {'n_layers': 1, 'embedding_dim': 256, 'lr': 0.0002606981486804951, 'lambda_val': 3.3304538530708876e-05, 'batch_size': 1598, 'optimizer': 'Adam'}. Best is trial 77 with value: 0.10185378846839062.
2026-05-13 17:56:29,447 - optuna.study.study - INFO - Trial 88 finished with value: 0.06422689689737453 and parameters: {'n_layers': 1, 'embedding_dim': 128, 'lr': 0.0003037333631761184, 'lambda_val': 1.4685201056820006e-05, 'batch_size': 1695, 'optimizer': 'Adam'}. Best is trial 77 with value: 0.10185378846839062.
2026-05-13 17:56:34,704 - optuna.study._optimize - INFO - Trial 89 pruned. 
2026-05-13 17:56:41,643 - optuna.study._optimize - INFO - Trial 90 pruned. 
2026-05-13 17:57:13,732 - optuna.study.study - INFO - Trial 91 finished with value: 0.0835103634876281 and parameters: {'n_layers': 1, 'embedding_dim': 256, 'lr': 0.00016622282239536716, 'lambda_val': 5.371316579147588e-06, 'batch_size': 1931, 'optimizer': 'Adam'}. Best is trial 77 with value: 0.10185378846839062.
2026-05-13 17:57:47,543 - optuna.study.study - INFO - Trial 92 finished with value: 0.07966703859062334 and parameters: {'n_layers': 1, 'embedding_dim': 256, 'lr': 0.00022267286194043448, 'lambda_val': 2.078081188745966e-05, 'batch_size': 1852, 'optimizer': 'Adam'}. Best is trial 77 with value: 0.10185378846839062.
2026-05-13 17:57:52,037 - optuna.study._optimize - INFO - Trial 93 pruned. 
2026-05-13 17:57:56,444 - optuna.study._optimize - INFO - Trial 94 pruned. 
2026-05-13 17:58:01,058 - optuna.study._optimize - INFO - Trial 95 pruned. 
2026-05-13 17:58:38,145 - optuna.study.study - INFO - Trial 96 finished with value: 0.07207085483452133 and parameters: {'n_layers': 1, 'embedding_dim': 256, 'lr': 0.00023272360174303198, 'lambda_val': 2.4674923814273222e-05, 'batch_size': 4007, 'optimizer': 'Adam'}. Best is trial 77 with value: 0.10185378846839062.
2026-05-13 17:58:42,042 - optuna.study._optimize - INFO - Trial 97 pruned. 
2026-05-13 17:59:17,046 - optuna.study.study - INFO - Trial 98 finished with value: 0.06902483242099092 and parameters: {'n_layers': 1, 'embedding_dim': 256, 'lr': 0.00043341310821523626, 'lambda_val': 3.5984844715134646e-05, 'batch_size': 1145, 'optimizer': 'Adam'}. Best is trial 77 with value: 0.10185378846839062.
2026-05-13 17:59:20,799 - optuna.study._optimize - INFO - Trial 99 pruned. 
2026-05-13 17:59:55,445 - optuna.study.study - INFO - Trial 100 finished with value: 0.07996258583388459 and parameters: {'n_layers': 1, 'embedding_dim': 256, 'lr': 0.00030867916403303636, 'lambda_val': 5.5545986114824716e-05, 'batch_size': 1581, 'optimizer': 'Adam'}. Best is trial 77 with value: 0.10185378846839062.
2026-05-13 17:59:59,884 - optuna.study._optimize - INFO - Trial 101 pruned. 
2026-05-13 18:00:34,020 - optuna.study.study - INFO - Trial 102 finished with value: 0.09162559686604262 and parameters: {'n_layers': 1, 'embedding_dim': 256, 'lr': 0.00016987765614851549, 'lambda_val': 3.8843988717963264e-06, 'batch_size': 1933, 'optimizer': 'Adam'}. Best is trial 77 with value: 0.10185378846839062.
2026-05-13 18:01:08,817 - optuna.study.study - INFO - Trial 103 finished with value: 0.07465544189372286 and parameters: {'n_layers': 1, 'embedding_dim': 256, 'lr': 0.00021681497661093295, 'lambda_val': 2.907624036763288e-06, 'batch_size': 1736, 'optimizer': 'Adam'}. Best is trial 77 with value: 0.10185378846839062.
2026-05-13 18:01:13,333 - optuna.study._optimize - INFO - Trial 104 pruned. 
2026-05-13 18:01:18,392 - optuna.study._optimize - INFO - Trial 105 pruned. 
2026-05-13 18:01:22,765 - optuna.study._optimize - INFO - Trial 106 pruned. 
2026-05-13 18:01:57,056 - optuna.study.study - INFO - Trial 107 finished with value: 0.06693365331376981 and parameters: {'n_layers': 1, 'embedding_dim': 256, 'lr': 0.0002782155628790398, 'lambda_val': 0.00039639160501968583, 'batch_size': 2269, 'optimizer': 'Adam'}. Best is trial 77 with value: 0.10185378846839062.
2026-05-13 18:02:01,571 - optuna.study._optimize - INFO - Trial 108 pruned. 
2026-05-13 18:02:36,767 - optuna.study.study - INFO - Trial 109 finished with value: 0.0755301866587913 and parameters: {'n_layers': 1, 'embedding_dim': 256, 'lr': 0.00036067066498792334, 'lambda_val': 1.2811632591227536e-05, 'batch_size': 1858, 'optimizer': 'Adam'}. Best is trial 77 with value: 0.10185378846839062.
2026-05-13 18:02:41,669 - optuna.study._optimize - INFO - Trial 110 pruned. 
2026-05-13 18:03:15,751 - optuna.study.study - INFO - Trial 111 finished with value: 0.08371778617536396 and parameters: {'n_layers': 1, 'embedding_dim': 256, 'lr': 0.00016385446144803314, 'lambda_val': 5.0317553273988205e-06, 'batch_size': 1941, 'optimizer': 'Adam'}. Best is trial 77 with value: 0.10185378846839062.
2026-05-13 18:03:19,857 - optuna.study._optimize - INFO - Trial 112 pruned. 
2026-05-13 18:03:51,481 - optuna.study.study - INFO - Trial 113 finished with value: 0.09175799338736071 and parameters: {'n_layers': 1, 'embedding_dim': 256, 'lr': 0.00016373433692517053, 'lambda_val': 0.0005206578578643824, 'batch_size': 1810, 'optimizer': 'Adam'}. Best is trial 77 with value: 0.10185378846839062.
2026-05-13 18:04:23,823 - optuna.study.study - INFO - Trial 114 finished with value: 0.08328573328321899 and parameters: {'n_layers': 1, 'embedding_dim': 256, 'lr': 0.00019829579506749703, 'lambda_val': 0.0007477221686251049, 'batch_size': 1795, 'optimizer': 'Adam'}. Best is trial 77 with value: 0.10185378846839062.
2026-05-13 18:04:57,934 - optuna.study.study - INFO - Trial 115 finished with value: 0.06762534196964894 and parameters: {'n_layers': 1, 'embedding_dim': 256, 'lr': 0.00023882198802421876, 'lambda_val': 0.0005857109850729289, 'batch_size': 2190, 'optimizer': 'Adam'}. Best is trial 77 with value: 0.10185378846839062.
2026-05-13 18:05:02,085 - optuna.study._optimize - INFO - Trial 116 pruned. 
2026-05-13 18:05:06,226 - optuna.study._optimize - INFO - Trial 117 pruned. 
2026-05-13 18:05:10,003 - optuna.study._optimize - INFO - Trial 118 pruned. 
2026-05-13 18:05:14,022 - optuna.study._optimize - INFO - Trial 119 pruned. 
2026-05-13 18:05:17,590 - optuna.study._optimize - INFO - Trial 120 pruned. 
2026-05-13 18:05:51,361 - optuna.study.study - INFO - Trial 121 finished with value: 0.08677140150163055 and parameters: {'n_layers': 1, 'embedding_dim': 256, 'lr': 0.00017145618639780028, 'lambda_val': 5.7328145706945235e-06, 'batch_size': 1911, 'optimizer': 'Adam'}. Best is trial 77 with value: 0.10185378846839062.
2026-05-13 18:06:26,280 - optuna.study.study - INFO - Trial 122 finished with value: 0.0722799228180241 and parameters: {'n_layers': 1, 'embedding_dim': 256, 'lr': 0.0002239532340990895, 'lambda_val': 1.7365951801881448e-05, 'batch_size': 2113, 'optimizer': 'Adam'}. Best is trial 77 with value: 0.10185378846839062.
2026-05-13 18:07:01,159 - optuna.study.study - INFO - Trial 123 finished with value: 0.09053347315062663 and parameters: {'n_layers': 1, 'embedding_dim': 256, 'lr': 0.000181363824799198, 'lambda_val': 3.530566659827539e-06, 'batch_size': 1708, 'optimizer': 'Adam'}. Best is trial 77 with value: 0.10185378846839062.
2026-05-13 18:07:05,665 - optuna.study._optimize - INFO - Trial 124 pruned. 
2026-05-13 18:07:10,061 - optuna.study._optimize - INFO - Trial 125 pruned. 
2026-05-13 18:07:14,433 - optuna.study._optimize - INFO - Trial 126 pruned. 
2026-05-13 18:07:18,923 - optuna.study._optimize - INFO - Trial 127 pruned. 
2026-05-13 18:07:54,064 - optuna.study.study - INFO - Trial 128 finished with value: 0.07235450398588772 and parameters: {'n_layers': 1, 'embedding_dim': 256, 'lr': 0.0005184437754370667, 'lambda_val': 0.001471195417411794, 'batch_size': 2015, 'optimizer': 'Adam'}. Best is trial 77 with value: 0.10185378846839062.
2026-05-13 18:07:58,155 - optuna.study._optimize - INFO - Trial 129 pruned. 
2026-05-13 18:08:36,565 - optuna.study.study - INFO - Trial 130 finished with value: 0.06963502091424918 and parameters: {'n_layers': 1, 'embedding_dim': 256, 'lr': 0.0003614389085530551, 'lambda_val': 1.2456419940360553e-06, 'batch_size': 2223, 'optimizer': 'Adam'}. Best is trial 77 with value: 0.10185378846839062.
2026-05-13 18:09:16,481 - optuna.study.study - INFO - Trial 131 finished with value: 0.07319141055150084 and parameters: {'n_layers': 1, 'embedding_dim': 256, 'lr': 0.00020017502350841508, 'lambda_val': 6.228559651375241e-06, 'batch_size': 1886, 'optimizer': 'Adam'}. Best is trial 77 with value: 0.10185378846839062.
2026-05-13 18:09:53,029 - optuna.study.study - INFO - Trial 132 finished with value: 0.07542692408229465 and parameters: {'n_layers': 1, 'embedding_dim': 256, 'lr': 0.0002665510852455608, 'lambda_val': 8.129816716907951e-06, 'batch_size': 1818, 'optimizer': 'Adam'}. Best is trial 77 with value: 0.10185378846839062.
2026-05-13 18:09:57,809 - optuna.study._optimize - INFO - Trial 133 pruned. 
2026-05-13 18:10:32,337 - optuna.study.study - INFO - Trial 134 finished with value: 0.08085554720654595 and parameters: {'n_layers': 1, 'embedding_dim': 256, 'lr': 0.00017426446430655749, 'lambda_val': 3.672162322034606e-05, 'batch_size': 2144, 'optimizer': 'Adam'}. Best is trial 77 with value: 0.10185378846839062.
2026-05-13 18:11:06,838 - optuna.study.study - INFO - Trial 135 finished with value: 0.0791620385444188 and parameters: {'n_layers': 1, 'embedding_dim': 256, 'lr': 0.000224446167746316, 'lambda_val': 1.1056997835559121e-05, 'batch_size': 1922, 'optimizer': 'Adam'}. Best is trial 77 with value: 0.10185378846839062.
2026-05-13 18:11:10,768 - optuna.study._optimize - INFO - Trial 136 pruned. 
2026-05-13 18:11:15,175 - optuna.study._optimize - INFO - Trial 137 pruned. 
2026-05-13 18:11:48,489 - optuna.study.study - INFO - Trial 138 finished with value: 0.06278086619342776 and parameters: {'n_layers': 1, 'embedding_dim': 256, 'lr': 0.0003141929313508607, 'lambda_val': 6.05014852050213e-06, 'batch_size': 1843, 'optimizer': 'RMSprop'}. Best is trial 77 with value: 0.10185378846839062.
2026-05-13 18:11:55,063 - optuna.study._optimize - INFO - Trial 139 pruned. 
2026-05-13 18:11:59,107 - optuna.study._optimize - INFO - Trial 140 pruned. 
2026-05-13 18:12:03,691 - optuna.study._optimize - INFO - Trial 141 pruned. 
2026-05-13 18:12:08,208 - optuna.study._optimize - INFO - Trial 142 pruned. 
2026-05-13 18:12:43,526 - optuna.study.study - INFO - Trial 143 finished with value: 0.08120875236015093 and parameters: {'n_layers': 1, 'embedding_dim': 256, 'lr': 0.00020958691778730267, 'lambda_val': 1.8783122648489678e-05, 'batch_size': 1656, 'optimizer': 'Adam'}. Best is trial 77 with value: 0.10185378846839062.
2026-05-13 18:13:18,125 - optuna.study.study - INFO - Trial 144 finished with value: 0.07062556085964357 and parameters: {'n_layers': 1, 'embedding_dim': 256, 'lr': 0.00025885957032914704, 'lambda_val': 1.0377058999972845e-05, 'batch_size': 1877, 'optimizer': 'Adam'}. Best is trial 77 with value: 0.10185378846839062.
2026-05-13 18:13:22,796 - optuna.study._optimize - INFO - Trial 145 pruned. 
2026-05-13 18:13:27,246 - optuna.study._optimize - INFO - Trial 146 pruned. 
2026-05-13 18:13:31,763 - optuna.study._optimize - INFO - Trial 147 pruned. 
2026-05-13 18:14:08,553 - optuna.study.study - INFO - Trial 148 finished with value: 0.0945381504599675 and parameters: {'n_layers': 1, 'embedding_dim': 256, 'lr': 0.0001951239285727196, 'lambda_val': 3.3095886271476607e-06, 'batch_size': 1709, 'optimizer': 'Adam'}. Best is trial 77 with value: 0.10185378846839062.
2026-05-13 18:14:18,519 - optuna.study._optimize - INFO - Trial 149 pruned. 
2026-05-13 18:14:24,396 - optuna.study._optimize - INFO - Trial 150 pruned. 
2026-05-13 18:14:59,817 - optuna.study.study - INFO - Trial 151 finished with value: 0.0832682544028635 and parameters: {'n_layers': 1, 'embedding_dim': 256, 'lr': 0.0001943224088144562, 'lambda_val': 4.466653496271385e-06, 'batch_size': 1600, 'optimizer': 'Adam'}. Best is trial 77 with value: 0.10185378846839062.
2026-05-13 18:15:04,277 - optuna.study._optimize - INFO - Trial 152 pruned. 
2026-05-13 18:15:09,325 - optuna.study._optimize - INFO - Trial 153 pruned. 
2026-05-13 18:15:13,809 - optuna.study._optimize - INFO - Trial 154 pruned. 
2026-05-13 18:15:18,249 - optuna.study._optimize - INFO - Trial 155 pruned. 
2026-05-13 18:15:53,651 - optuna.study.study - INFO - Trial 156 finished with value: 0.07187411435461168 and parameters: {'n_layers': 1, 'embedding_dim': 256, 'lr': 0.0002820622516194173, 'lambda_val': 0.0008308953553148693, 'batch_size': 1796, 'optimizer': 'Adam'}. Best is trial 77 with value: 0.10185378846839062.
2026-05-13 18:15:58,222 - optuna.study._optimize - INFO - Trial 157 pruned. 
2026-05-13 18:16:02,772 - optuna.study._optimize - INFO - Trial 158 pruned. 
2026-05-13 18:16:06,615 - optuna.study._optimize - INFO - Trial 159 pruned. 
2026-05-13 18:16:11,143 - optuna.study._optimize - INFO - Trial 160 pruned. 
2026-05-13 18:16:15,901 - optuna.study._optimize - INFO - Trial 161 pruned. 
2026-05-13 18:16:20,562 - optuna.study._optimize - INFO - Trial 162 pruned. 
2026-05-13 18:16:25,219 - optuna.study._optimize - INFO - Trial 163 pruned. 
2026-05-13 18:17:00,939 - optuna.study.study - INFO - Trial 164 finished with value: 0.07110184406241327 and parameters: {'n_layers': 1, 'embedding_dim': 256, 'lr': 0.00026329159852902763, 'lambda_val': 1.881187631088749e-05, 'batch_size': 2118, 'optimizer': 'Adam'}. Best is trial 77 with value: 0.10185378846839062.
2026-05-13 18:17:05,338 - optuna.study._optimize - INFO - Trial 165 pruned. 
2026-05-13 18:17:10,910 - optuna.study._optimize - INFO - Trial 166 pruned. 
2026-05-13 18:17:40,399 - optuna.study.study - INFO - Trial 167 finished with value: 0.08898777516074029 and parameters: {'n_layers': 1, 'embedding_dim': 128, 'lr': 0.00022028865180676404, 'lambda_val': 1.4255036655031276e-05, 'batch_size': 1519, 'optimizer': 'RMSprop'}. Best is trial 77 with value: 0.10185378846839062.
2026-05-13 18:18:09,232 - optuna.study.study - INFO - Trial 168 finished with value: 0.05879195470824472 and parameters: {'n_layers': 1, 'embedding_dim': 128, 'lr': 0.00034048916827257364, 'lambda_val': 2.6145216144405354e-05, 'batch_size': 1525, 'optimizer': 'RMSprop'}. Best is trial 77 with value: 0.10185378846839062.
2026-05-13 18:18:16,623 - optuna.study._optimize - INFO - Trial 169 pruned. 
2026-05-13 18:18:26,290 - optuna.study._optimize - INFO - Trial 170 pruned. 
2026-05-13 18:18:30,455 - optuna.study._optimize - INFO - Trial 171 pruned. 
2026-05-13 18:19:03,225 - optuna.study.study - INFO - Trial 172 finished with value: 0.07412753508582359 and parameters: {'n_layers': 1, 'embedding_dim': 256, 'lr': 0.00024165994587414336, 'lambda_val': 1.0392318383677697e-05, 'batch_size': 1712, 'optimizer': 'RMSprop'}. Best is trial 77 with value: 0.10185378846839062.
2026-05-13 18:19:07,696 - optuna.study._optimize - INFO - Trial 173 pruned. 
2026-05-13 18:19:11,948 - optuna.study._optimize - INFO - Trial 174 pruned. 
2026-05-13 18:19:16,366 - optuna.study._optimize - INFO - Trial 175 pruned. 
2026-05-13 18:19:20,456 - optuna.study._optimize - INFO - Trial 176 pruned. 
2026-05-13 18:19:24,841 - optuna.study._optimize - INFO - Trial 177 pruned. 
2026-05-13 18:19:31,111 - optuna.study._optimize - INFO - Trial 178 pruned. 
2026-05-13 18:20:04,696 - optuna.study.study - INFO - Trial 179 finished with value: 0.08699705645321085 and parameters: {'n_layers': 1, 'embedding_dim': 256, 'lr': 0.00018436961065588825, 'lambda_val': 6.525856458335941e-05, 'batch_size': 1586, 'optimizer': 'Adam'}. Best is trial 77 with value: 0.10185378846839062.
2026-05-13 18:20:08,482 - optuna.study._optimize - INFO - Trial 180 pruned. 
2026-05-13 18:20:42,003 - optuna.study.study - INFO - Trial 181 finished with value: 0.08695974937509279 and parameters: {'n_layers': 1, 'embedding_dim': 256, 'lr': 0.00022918356432908855, 'lambda_val': 2.8524680497139005e-05, 'batch_size': 1697, 'optimizer': 'Adam'}. Best is trial 77 with value: 0.10185378846839062.
2026-05-13 18:21:16,416 - optuna.study.study - INFO - Trial 182 finished with value: 0.07247427871258162 and parameters: {'n_layers': 1, 'embedding_dim': 256, 'lr': 0.00023438961418141284, 'lambda_val': 3.2508798693213455e-05, 'batch_size': 1685, 'optimizer': 'Adam'}. Best is trial 77 with value: 0.10185378846839062.
2026-05-13 18:21:20,745 - optuna.study._optimize - INFO - Trial 183 pruned. 
2026-05-13 18:21:25,186 - optuna.study._optimize - INFO - Trial 184 pruned. 
2026-05-13 18:21:57,473 - optuna.study.study - INFO - Trial 185 finished with value: 0.0863607847401659 and parameters: {'n_layers': 1, 'embedding_dim': 256, 'lr': 0.0002501151165747692, 'lambda_val': 7.339849310636258e-05, 'batch_size': 1729, 'optimizer': 'Adam'}. Best is trial 77 with value: 0.10185378846839062.
2026-05-13 18:22:03,139 - optuna.study._optimize - INFO - Trial 186 pruned. 
2026-05-13 18:22:35,410 - optuna.study.study - INFO - Trial 187 finished with value: 0.07903095176450384 and parameters: {'n_layers': 1, 'embedding_dim': 256, 'lr': 0.00032982299981913163, 'lambda_val': 6.884595067282762e-05, 'batch_size': 1582, 'optimizer': 'Adam'}. Best is trial 77 with value: 0.10185378846839062.
2026-05-13 18:23:08,697 - optuna.study.study - INFO - Trial 188 finished with value: 0.07843179370847729 and parameters: {'n_layers': 1, 'embedding_dim': 256, 'lr': 0.00019861885624669672, 'lambda_val': 7.720134616497392e-05, 'batch_size': 1661, 'optimizer': 'RMSprop'}. Best is trial 77 with value: 0.10185378846839062.
2026-05-13 18:23:12,737 - optuna.study._optimize - INFO - Trial 189 pruned. 
2026-05-13 18:23:17,631 - optuna.study._optimize - INFO - Trial 190 pruned. 
2026-05-13 18:23:21,973 - optuna.study._optimize - INFO - Trial 191 pruned. 
2026-05-13 18:23:26,336 - optuna.study._optimize - INFO - Trial 192 pruned. 
2026-05-13 18:24:00,810 - optuna.study.study - INFO - Trial 193 finished with value: 0.07192188960036143 and parameters: {'n_layers': 1, 'embedding_dim': 256, 'lr': 0.00020849276815617602, 'lambda_val': 0.0005123162793215542, 'batch_size': 1790, 'optimizer': 'Adam'}. Best is trial 77 with value: 0.10185378846839062.
2026-05-13 18:24:05,128 - optuna.study._optimize - INFO - Trial 194 pruned. 
2026-05-13 18:24:09,316 - optuna.study._optimize - INFO - Trial 195 pruned. 
2026-05-13 18:24:43,159 - optuna.study.study - INFO - Trial 196 finished with value: 0.07712752527318283 and parameters: {'n_layers': 1, 'embedding_dim': 256, 'lr': 0.00027008090505406264, 'lambda_val': 3.1536342838856884e-05, 'batch_size': 2337, 'optimizer': 'Adam'}. Best is trial 77 with value: 0.10185378846839062.
2026-05-13 18:24:47,576 - optuna.study._optimize - INFO - Trial 197 pruned. 
2026-05-13 18:24:52,040 - optuna.study._optimize - INFO - Trial 198 pruned. 
2026-05-13 18:24:55,844 - optuna.study._optimize - INFO - Trial 199 pruned. 
2026-05-13 18:25:22,406 - root - INFO -   **** Training e_100K_1c2dcs_rand5
2026-05-13 18:25:22,417 - root - INFO -   **** Getting 54402/65410 random edges
2026-05-13 18:25:23,449 - optuna.storages._rdb.storage - INFO - A new study created in RDB with name: Study_e_100K_1c2dcs_rand5
2026-05-13 18:26:06,476 - optuna.study.study - INFO - Trial 0 finished with value: 0.003467185032192942 and parameters: {'n_layers': 4, 'embedding_dim': 64, 'lr': 2.4180842814800178e-05, 'lambda_val': 9.635877321977553e-06, 'batch_size': 1393, 'optimizer': 'SGD'}. Best is trial 0 with value: 0.003467185032192942.
2026-05-13 18:27:06,408 - optuna.study.study - INFO - Trial 1 finished with value: 0.03916296031655962 and parameters: {'n_layers': 3, 'embedding_dim': 256, 'lr': 0.09517187189672988, 'lambda_val': 0.0004359895860039594, 'batch_size': 3217, 'optimizer': 'Adam'}. Best is trial 1 with value: 0.03916296031655962.
2026-05-13 18:28:06,690 - optuna.study.study - INFO - Trial 2 finished with value: 0.016919626096487343 and parameters: {'n_layers': 4, 'embedding_dim': 256, 'lr': 0.0004621278649620568, 'lambda_val': 0.0024180136920443165, 'batch_size': 3468, 'optimizer': 'RMSprop'}. Best is trial 1 with value: 0.03916296031655962.
2026-05-13 18:28:39,933 - optuna.study.study - INFO - Trial 3 finished with value: 0.03329019013437323 and parameters: {'n_layers': 2, 'embedding_dim': 64, 'lr': 0.0001247531648422175, 'lambda_val': 1.5126538840996618e-06, 'batch_size': 2329, 'optimizer': 'Adam'}. Best is trial 1 with value: 0.03916296031655962.
2026-05-13 18:29:14,731 - optuna.study.study - INFO - Trial 4 finished with value: 0.01602435733966496 and parameters: {'n_layers': 4, 'embedding_dim': 32, 'lr': 0.0016837580798948245, 'lambda_val': 0.005736666111552579, 'batch_size': 544, 'optimizer': 'Adam'}. Best is trial 1 with value: 0.03916296031655962.
2026-05-13 18:29:19,735 - optuna.study._optimize - INFO - Trial 5 pruned. 
2026-05-13 18:29:48,532 - optuna.study.study - INFO - Trial 6 finished with value: 0.03167269506031032 and parameters: {'n_layers': 2, 'embedding_dim': 64, 'lr': 0.00031697718828524875, 'lambda_val': 6.353561235150603e-05, 'batch_size': 1536, 'optimizer': 'Adam'}. Best is trial 1 with value: 0.03916296031655962.
2026-05-13 18:30:07,661 - optuna.study._optimize - INFO - Trial 7 pruned. 
2026-05-13 18:30:46,891 - optuna.study.study - INFO - Trial 8 finished with value: 0.027647648033202295 and parameters: {'n_layers': 4, 'embedding_dim': 64, 'lr': 0.010104055407276182, 'lambda_val': 1.626363532457874e-05, 'batch_size': 2497, 'optimizer': 'RMSprop'}. Best is trial 1 with value: 0.03916296031655962.
2026-05-13 18:30:52,359 - optuna.study._optimize - INFO - Trial 9 pruned. 
2026-05-13 18:30:56,604 - optuna.study._optimize - INFO - Trial 10 pruned. 
2026-05-13 18:31:01,819 - optuna.study._optimize - INFO - Trial 11 pruned. 
2026-05-13 18:31:09,816 - optuna.study._optimize - INFO - Trial 12 pruned. 
2026-05-13 18:31:41,920 - optuna.study.study - INFO - Trial 13 finished with value: 0.06668608850437034 and parameters: {'n_layers': 2, 'embedding_dim': 96, 'lr': 6.587812321740885e-05, 'lambda_val': 0.0006037890547076333, 'batch_size': 2044, 'optimizer': 'Adam'}. Best is trial 13 with value: 0.06668608850437034.
2026-05-13 18:31:46,517 - optuna.study._optimize - INFO - Trial 14 pruned. 
2026-05-13 18:32:17,131 - optuna.study.study - INFO - Trial 15 finished with value: 0.046761580074681605 and parameters: {'n_layers': 2, 'embedding_dim': 96, 'lr': 0.00923987375181417, 'lambda_val': 0.001659939759034277, 'batch_size': 1692, 'optimizer': 'Adam'}. Best is trial 13 with value: 0.06668608850437034.
2026-05-13 18:32:21,672 - optuna.study._optimize - INFO - Trial 16 pruned. 
2026-05-13 18:32:47,707 - optuna.study.study - INFO - Trial 17 finished with value: 0.0736652974018627 and parameters: {'n_layers': 1, 'embedding_dim': 96, 'lr': 0.016713030036334495, 'lambda_val': 0.002077756383262649, 'batch_size': 915, 'optimizer': 'Adam'}. Best is trial 17 with value: 0.0736652974018627.
2026-05-13 18:32:50,752 - optuna.study._optimize - INFO - Trial 18 pruned. 
2026-05-13 18:32:53,791 - optuna.study._optimize - INFO - Trial 19 pruned. 
2026-05-13 18:33:20,314 - optuna.study.study - INFO - Trial 20 finished with value: 0.06982542458084859 and parameters: {'n_layers': 1, 'embedding_dim': 96, 'lr': 0.027239428039516775, 'lambda_val': 0.0016430103289977137, 'batch_size': 554, 'optimizer': 'Adam'}. Best is trial 17 with value: 0.0736652974018627.
2026-05-13 18:33:25,881 - optuna.study._optimize - INFO - Trial 21 pruned. 
2026-05-13 18:33:53,865 - optuna.study.study - INFO - Trial 22 finished with value: 0.05141143702657231 and parameters: {'n_layers': 1, 'embedding_dim': 96, 'lr': 0.02541439982727344, 'lambda_val': 0.00784881563186742, 'batch_size': 894, 'optimizer': 'Adam'}. Best is trial 17 with value: 0.0736652974018627.
2026-05-13 18:34:21,376 - optuna.study.study - INFO - Trial 23 finished with value: 0.047746208741713696 and parameters: {'n_layers': 1, 'embedding_dim': 96, 'lr': 0.004488360751689174, 'lambda_val': 0.0001692840697496794, 'batch_size': 1277, 'optimizer': 'Adam'}. Best is trial 17 with value: 0.0736652974018627.
2026-05-13 18:34:27,542 - optuna.study._optimize - INFO - Trial 24 pruned. 
2026-05-13 18:34:56,799 - optuna.study.study - INFO - Trial 25 finished with value: 0.0774226612652942 and parameters: {'n_layers': 1, 'embedding_dim': 96, 'lr': 0.03245563903606558, 'lambda_val': 0.001044355058011212, 'batch_size': 1956, 'optimizer': 'Adam'}. Best is trial 25 with value: 0.0774226612652942.
2026-05-13 18:35:25,372 - optuna.study.study - INFO - Trial 26 finished with value: 0.059602559770500184 and parameters: {'n_layers': 1, 'embedding_dim': 32, 'lr': 0.03622253236506779, 'lambda_val': 0.00408937501562668, 'batch_size': 1003, 'optimizer': 'Adam'}. Best is trial 25 with value: 0.0774226612652942.
2026-05-13 18:35:29,259 - optuna.study._optimize - INFO - Trial 27 pruned. 
2026-05-13 18:35:33,147 - optuna.study._optimize - INFO - Trial 28 pruned. 
2026-05-13 18:36:01,722 - optuna.study.study - INFO - Trial 29 finished with value: 0.04743324020046716 and parameters: {'n_layers': 1, 'embedding_dim': 96, 'lr': 0.00828047677714356, 'lambda_val': 3.791968111744702e-05, 'batch_size': 1249, 'optimizer': 'RMSprop'}. Best is trial 25 with value: 0.0774226612652942.
2026-05-13 18:36:05,840 - optuna.study._optimize - INFO - Trial 30 pruned. 
2026-05-13 18:36:10,183 - optuna.study._optimize - INFO - Trial 31 pruned. 
2026-05-13 18:36:38,676 - optuna.study.study - INFO - Trial 32 finished with value: 0.07559026458187802 and parameters: {'n_layers': 1, 'embedding_dim': 96, 'lr': 0.018823782234340013, 'lambda_val': 0.0010512397533840384, 'batch_size': 2196, 'optimizer': 'Adam'}. Best is trial 25 with value: 0.0774226612652942.
2026-05-13 18:37:12,127 - optuna.study.study - INFO - Trial 33 finished with value: 0.0779423085315916 and parameters: {'n_layers': 1, 'embedding_dim': 96, 'lr': 0.017550765531922342, 'lambda_val': 0.0011090704052061776, 'batch_size': 1680, 'optimizer': 'Adam'}. Best is trial 33 with value: 0.0779423085315916.
2026-05-13 18:37:41,005 - optuna.study.study - INFO - Trial 34 finished with value: 0.05556589637925716 and parameters: {'n_layers': 1, 'embedding_dim': 64, 'lr': 0.013594954887012642, 'lambda_val': 0.00029133184600457567, 'batch_size': 2283, 'optimizer': 'Adam'}. Best is trial 33 with value: 0.0779423085315916.
2026-05-13 18:38:15,506 - optuna.study.study - INFO - Trial 35 finished with value: 0.07725534304822075 and parameters: {'n_layers': 1, 'embedding_dim': 256, 'lr': 0.006193301297609676, 'lambda_val': 0.0039771011998343715, 'batch_size': 1720, 'optimizer': 'Adam'}. Best is trial 33 with value: 0.0779423085315916.
2026-05-13 18:38:50,328 - optuna.study.study - INFO - Trial 36 finished with value: 0.07501868615364683 and parameters: {'n_layers': 1, 'embedding_dim': 256, 'lr': 0.00220810479660592, 'lambda_val': 0.004167379401520089, 'batch_size': 1677, 'optimizer': 'Adam'}. Best is trial 33 with value: 0.0779423085315916.
2026-05-13 18:39:26,366 - optuna.study.study - INFO - Trial 37 finished with value: 0.06343309466599072 and parameters: {'n_layers': 1, 'embedding_dim': 256, 'lr': 0.006510016122469537, 'lambda_val': 0.0003166872899276651, 'batch_size': 2384, 'optimizer': 'Adam'}. Best is trial 33 with value: 0.0779423085315916.
2026-05-13 18:39:32,954 - optuna.study._optimize - INFO - Trial 38 pruned. 
2026-05-13 18:39:37,417 - optuna.study._optimize - INFO - Trial 39 pruned. 
2026-05-13 18:39:44,858 - optuna.study._optimize - INFO - Trial 40 pruned. 
2026-05-13 18:40:19,908 - optuna.study.study - INFO - Trial 41 finished with value: 0.06665783583377048 and parameters: {'n_layers': 1, 'embedding_dim': 256, 'lr': 0.001132319188934876, 'lambda_val': 0.004647063230291435, 'batch_size': 1617, 'optimizer': 'Adam'}. Best is trial 33 with value: 0.0779423085315916.
2026-05-13 18:40:55,525 - optuna.study.study - INFO - Trial 42 finished with value: 0.08232190069644964 and parameters: {'n_layers': 1, 'embedding_dim': 256, 'lr': 0.002906408845818375, 'lambda_val': 0.0011366789404906312, 'batch_size': 1856, 'optimizer': 'Adam'}. Best is trial 42 with value: 0.08232190069644964.
2026-05-13 18:41:27,109 - optuna.study.study - INFO - Trial 43 finished with value: 0.07247118625231641 and parameters: {'n_layers': 1, 'embedding_dim': 256, 'lr': 0.0026332862562916557, 'lambda_val': 0.0009437743025763236, 'batch_size': 2190, 'optimizer': 'Adam'}. Best is trial 42 with value: 0.08232190069644964.
2026-05-13 18:42:00,022 - optuna.study.study - INFO - Trial 44 finished with value: 0.06309623392815825 and parameters: {'n_layers': 1, 'embedding_dim': 256, 'lr': 0.002920945535655629, 'lambda_val': 0.0004597759426772192, 'batch_size': 1835, 'optimizer': 'Adam'}. Best is trial 42 with value: 0.08232190069644964.
2026-05-13 18:42:25,929 - optuna.study.study - INFO - Trial 45 finished with value: 0.0754754913568505 and parameters: {'n_layers': 1, 'embedding_dim': 64, 'lr': 0.011015804360164872, 'lambda_val': 0.00286846039138399, 'batch_size': 2796, 'optimizer': 'Adam'}. Best is trial 42 with value: 0.08232190069644964.
2026-05-13 18:42:31,054 - optuna.study._optimize - INFO - Trial 46 pruned. 
2026-05-13 18:42:38,653 - optuna.study._optimize - INFO - Trial 47 pruned. 
2026-05-13 18:42:42,763 - optuna.study._optimize - INFO - Trial 48 pruned. 
2026-05-13 18:43:25,440 - optuna.study.study - INFO - Trial 49 finished with value: 0.03305767638216744 and parameters: {'n_layers': 2, 'embedding_dim': 256, 'lr': 0.00037458172665445977, 'lambda_val': 0.0004723844675935742, 'batch_size': 2126, 'optimizer': 'Adam'}. Best is trial 42 with value: 0.08232190069644964.
2026-05-13 18:43:29,966 - optuna.study._optimize - INFO - Trial 50 pruned. 
2026-05-13 18:44:00,387 - optuna.study.study - INFO - Trial 51 finished with value: 0.07061798397693488 and parameters: {'n_layers': 1, 'embedding_dim': 64, 'lr': 0.009545542414085654, 'lambda_val': 0.0028174002785619503, 'batch_size': 2849, 'optimizer': 'Adam'}. Best is trial 42 with value: 0.08232190069644964.
2026-05-13 18:44:28,662 - optuna.study.study - INFO - Trial 52 finished with value: 0.07302967789769955 and parameters: {'n_layers': 1, 'embedding_dim': 64, 'lr': 0.012218348994729957, 'lambda_val': 0.0023311899619459387, 'batch_size': 2907, 'optimizer': 'Adam'}. Best is trial 42 with value: 0.08232190069644964.
2026-05-13 18:44:32,737 - optuna.study._optimize - INFO - Trial 53 pruned. 
2026-05-13 18:45:00,081 - optuna.study.study - INFO - Trial 54 finished with value: 0.05278978816587897 and parameters: {'n_layers': 1, 'embedding_dim': 64, 'lr': 0.0016862324016518884, 'lambda_val': 0.0012458949179882225, 'batch_size': 3203, 'optimizer': 'Adam'}. Best is trial 42 with value: 0.08232190069644964.
2026-05-13 18:45:06,116 - optuna.study._optimize - INFO - Trial 55 pruned. 
2026-05-13 18:45:10,291 - optuna.study._optimize - INFO - Trial 56 pruned. 
2026-05-13 18:45:14,854 - optuna.study._optimize - INFO - Trial 57 pruned. 
2026-05-13 18:45:18,743 - optuna.study._optimize - INFO - Trial 58 pruned. 
2026-05-13 18:45:23,276 - optuna.study._optimize - INFO - Trial 59 pruned. 
2026-05-13 18:45:28,517 - optuna.study._optimize - INFO - Trial 60 pruned. 
2026-05-13 18:45:33,192 - optuna.study._optimize - INFO - Trial 61 pruned. 
2026-05-13 18:45:37,748 - optuna.study._optimize - INFO - Trial 62 pruned. 
2026-05-13 18:46:20,324 - optuna.study.study - INFO - Trial 63 finished with value: 0.06698196562181549 and parameters: {'n_layers': 1, 'embedding_dim': 256, 'lr': 0.001784960835225612, 'lambda_val': 0.00037647034890512447, 'batch_size': 1598, 'optimizer': 'Adam'}. Best is trial 42 with value: 0.08232190069644964.
2026-05-13 18:46:24,901 - optuna.study._optimize - INFO - Trial 64 pruned. 
2026-05-13 18:46:54,201 - optuna.study.study - INFO - Trial 65 finished with value: 0.04747503765481714 and parameters: {'n_layers': 1, 'embedding_dim': 96, 'lr': 0.0011113235315077792, 'lambda_val': 0.001354700609593199, 'batch_size': 1922, 'optimizer': 'Adam'}. Best is trial 42 with value: 0.08232190069644964.
2026-05-13 18:46:57,810 - optuna.study._optimize - INFO - Trial 66 pruned. 
2026-05-13 18:47:32,849 - optuna.study.study - INFO - Trial 67 finished with value: 0.07543383004353675 and parameters: {'n_layers': 1, 'embedding_dim': 256, 'lr': 0.010661783001629415, 'lambda_val': 0.004822555610014371, 'batch_size': 2225, 'optimizer': 'Adam'}. Best is trial 42 with value: 0.08232190069644964.
2026-05-13 18:47:36,515 - optuna.study._optimize - INFO - Trial 68 pruned. 
2026-05-13 18:47:40,764 - optuna.study._optimize - INFO - Trial 69 pruned. 
2026-05-13 18:47:45,356 - optuna.study._optimize - INFO - Trial 70 pruned. 
2026-05-13 18:48:20,317 - optuna.study.study - INFO - Trial 71 finished with value: 0.07596462045604323 and parameters: {'n_layers': 1, 'embedding_dim': 256, 'lr': 0.007246467364535964, 'lambda_val': 0.0029574984616703697, 'batch_size': 2083, 'optimizer': 'Adam'}. Best is trial 42 with value: 0.08232190069644964.
2026-05-13 18:49:01,634 - optuna.study.study - INFO - Trial 72 finished with value: 0.08042060857228764 and parameters: {'n_layers': 1, 'embedding_dim': 256, 'lr': 0.006183683967291584, 'lambda_val': 0.0030820319933040296, 'batch_size': 2068, 'optimizer': 'Adam'}. Best is trial 42 with value: 0.08232190069644964.
2026-05-13 18:49:39,511 - optuna.study.study - INFO - Trial 73 finished with value: 0.08210603992312196 and parameters: {'n_layers': 1, 'embedding_dim': 256, 'lr': 0.006572953646456361, 'lambda_val': 0.001905560274267504, 'batch_size': 2010, 'optimizer': 'Adam'}. Best is trial 42 with value: 0.08232190069644964.
2026-05-13 18:50:14,427 - optuna.study.study - INFO - Trial 74 finished with value: 0.08321332274597126 and parameters: {'n_layers': 1, 'embedding_dim': 256, 'lr': 0.005743305893334965, 'lambda_val': 0.0017197122608816483, 'batch_size': 2050, 'optimizer': 'Adam'}. Best is trial 74 with value: 0.08321332274597126.
2026-05-13 18:50:49,107 - optuna.study.study - INFO - Trial 75 finished with value: 0.0797466315993368 and parameters: {'n_layers': 1, 'embedding_dim': 256, 'lr': 0.006235844552539987, 'lambda_val': 0.0018232687885801253, 'batch_size': 2048, 'optimizer': 'Adam'}. Best is trial 74 with value: 0.08321332274597126.
2026-05-13 18:51:26,971 - optuna.study.study - INFO - Trial 76 finished with value: 0.0813777175199621 and parameters: {'n_layers': 1, 'embedding_dim': 256, 'lr': 0.003715714605969478, 'lambda_val': 0.001888374644399111, 'batch_size': 1865, 'optimizer': 'Adam'}. Best is trial 74 with value: 0.08321332274597126.
2026-05-13 18:52:13,009 - optuna.study.study - INFO - Trial 77 finished with value: 0.08242833303185934 and parameters: {'n_layers': 1, 'embedding_dim': 256, 'lr': 0.0052097630412855, 'lambda_val': 0.0018076652868646717, 'batch_size': 2010, 'optimizer': 'RMSprop'}. Best is trial 74 with value: 0.08321332274597126.
2026-05-13 18:52:20,636 - optuna.study._optimize - INFO - Trial 78 pruned. 
2026-05-13 18:53:05,792 - optuna.study.study - INFO - Trial 79 finished with value: 0.08319899389396031 and parameters: {'n_layers': 1, 'embedding_dim': 256, 'lr': 0.0029920121861316687, 'lambda_val': 0.0018891532093347758, 'batch_size': 1876, 'optimizer': 'RMSprop'}. Best is trial 74 with value: 0.08321332274597126.
2026-05-13 18:53:46,567 - optuna.study.study - INFO - Trial 80 finished with value: 0.08435181021023357 and parameters: {'n_layers': 1, 'embedding_dim': 256, 'lr': 0.004473207374253799, 'lambda_val': 0.0017203621160538146, 'batch_size': 1844, 'optimizer': 'RMSprop'}. Best is trial 80 with value: 0.08435181021023357.
2026-05-13 18:54:29,183 - optuna.study.study - INFO - Trial 81 finished with value: 0.08247998032672958 and parameters: {'n_layers': 1, 'embedding_dim': 256, 'lr': 0.003245895147996872, 'lambda_val': 0.0019014613799433044, 'batch_size': 1899, 'optimizer': 'RMSprop'}. Best is trial 80 with value: 0.08435181021023357.
2026-05-13 18:55:14,277 - optuna.study.study - INFO - Trial 82 finished with value: 0.07421038509248395 and parameters: {'n_layers': 1, 'embedding_dim': 256, 'lr': 0.002947965376715675, 'lambda_val': 0.0007028943907864463, 'batch_size': 1838, 'optimizer': 'RMSprop'}. Best is trial 80 with value: 0.08435181021023357.
2026-05-13 18:55:53,058 - optuna.study.study - INFO - Trial 83 finished with value: 0.08423246579671809 and parameters: {'n_layers': 1, 'embedding_dim': 256, 'lr': 0.0042230705800028355, 'lambda_val': 0.0021375273790420644, 'batch_size': 1806, 'optimizer': 'RMSprop'}. Best is trial 80 with value: 0.08435181021023357.
2026-05-13 18:57:07,673 - optuna.study.study - INFO - Trial 84 finished with value: 0.0683475267788606 and parameters: {'n_layers': 1, 'embedding_dim': 256, 'lr': 0.0013078188998642461, 'lambda_val': 0.0015223053565993616, 'batch_size': 1847, 'optimizer': 'RMSprop'}. Best is trial 80 with value: 0.08435181021023357.
2026-05-13 18:57:52,855 - optuna.study.study - INFO - Trial 85 finished with value: 0.08358945549345438 and parameters: {'n_layers': 1, 'embedding_dim': 256, 'lr': 0.0032377035416521305, 'lambda_val': 0.0019465218163553077, 'batch_size': 1570, 'optimizer': 'RMSprop'}. Best is trial 80 with value: 0.08435181021023357.
2026-05-13 18:58:46,116 - optuna.study.study - INFO - Trial 86 finished with value: 0.0769709896860818 and parameters: {'n_layers': 1, 'embedding_dim': 256, 'lr': 0.0022426118230236504, 'lambda_val': 0.0009136541123421318, 'batch_size': 1369, 'optimizer': 'RMSprop'}. Best is trial 80 with value: 0.08435181021023357.
2026-05-13 18:59:24,742 - optuna.study.study - INFO - Trial 87 finished with value: 0.08486166748328945 and parameters: {'n_layers': 1, 'embedding_dim': 256, 'lr': 0.004501104991419102, 'lambda_val': 0.0023123013461680214, 'batch_size': 1530, 'optimizer': 'RMSprop'}. Best is trial 87 with value: 0.08486166748328945.
2026-05-13 18:59:31,063 - optuna.study._optimize - INFO - Trial 88 pruned. 
2026-05-13 19:00:13,438 - optuna.study.study - INFO - Trial 89 finished with value: 0.06349413369453784 and parameters: {'n_layers': 1, 'embedding_dim': 256, 'lr': 0.0007144330376173733, 'lambda_val': 0.0024916088139270275, 'batch_size': 1517, 'optimizer': 'RMSprop'}. Best is trial 87 with value: 0.08486166748328945.
2026-05-13 19:00:54,973 - optuna.study.study - INFO - Trial 90 finished with value: 0.07746029407213138 and parameters: {'n_layers': 1, 'embedding_dim': 256, 'lr': 0.0045774904188791085, 'lambda_val': 0.0004970191321140764, 'batch_size': 1604, 'optimizer': 'RMSprop'}. Best is trial 87 with value: 0.08486166748328945.
2026-05-13 19:01:35,401 - optuna.study.study - INFO - Trial 91 finished with value: 0.07804073891433057 and parameters: {'n_layers': 1, 'embedding_dim': 256, 'lr': 0.003044389503602101, 'lambda_val': 0.002284968269937125, 'batch_size': 1778, 'optimizer': 'RMSprop'}. Best is trial 87 with value: 0.08486166748328945.
2026-05-13 19:02:13,606 - optuna.study.study - INFO - Trial 92 finished with value: 0.08478196745798283 and parameters: {'n_layers': 1, 'embedding_dim': 256, 'lr': 0.00504217841757418, 'lambda_val': 0.0012173944647206265, 'batch_size': 1954, 'optimizer': 'RMSprop'}. Best is trial 87 with value: 0.08486166748328945.
2026-05-13 19:02:55,398 - optuna.study.study - INFO - Trial 93 finished with value: 0.08260380224821672 and parameters: {'n_layers': 1, 'embedding_dim': 256, 'lr': 0.0046066847638152825, 'lambda_val': 0.0011582197897566234, 'batch_size': 1456, 'optimizer': 'RMSprop'}. Best is trial 87 with value: 0.08486166748328945.
2026-05-13 19:03:29,426 - optuna.study.study - INFO - Trial 94 finished with value: 0.08283325339779811 and parameters: {'n_layers': 1, 'embedding_dim': 256, 'lr': 0.004918466238530048, 'lambda_val': 0.003595112390063195, 'batch_size': 1448, 'optimizer': 'RMSprop'}. Best is trial 87 with value: 0.08486166748328945.
2026-05-13 19:03:33,688 - optuna.study._optimize - INFO - Trial 95 pruned. 
2026-05-13 19:04:06,824 - optuna.study.study - INFO - Trial 96 finished with value: 0.08494733790071028 and parameters: {'n_layers': 1, 'embedding_dim': 256, 'lr': 0.004201991364117342, 'lambda_val': 0.001438942810360582, 'batch_size': 1298, 'optimizer': 'RMSprop'}. Best is trial 96 with value: 0.08494733790071028.
2026-05-13 19:04:10,989 - optuna.study._optimize - INFO - Trial 97 pruned. 
2026-05-13 19:04:44,392 - optuna.study.study - INFO - Trial 98 finished with value: 0.07889912401844247 and parameters: {'n_layers': 1, 'embedding_dim': 256, 'lr': 0.0025602014874666168, 'lambda_val': 0.0014284998743216237, 'batch_size': 1058, 'optimizer': 'RMSprop'}. Best is trial 96 with value: 0.08494733790071028.
2026-05-13 19:04:49,162 - optuna.study._optimize - INFO - Trial 99 pruned. 
2026-05-13 19:04:53,579 - optuna.study._optimize - INFO - Trial 100 pruned. 
2026-05-13 19:05:28,092 - optuna.study.study - INFO - Trial 101 finished with value: 0.08092741462870635 and parameters: {'n_layers': 1, 'embedding_dim': 256, 'lr': 0.003493300673494829, 'lambda_val': 0.0035442209367064206, 'batch_size': 1442, 'optimizer': 'RMSprop'}. Best is trial 96 with value: 0.08494733790071028.
2026-05-13 19:06:01,089 - optuna.study.study - INFO - Trial 102 finished with value: 0.09184189949385436 and parameters: {'n_layers': 1, 'embedding_dim': 256, 'lr': 0.008017727251329057, 'lambda_val': 0.0009450321448432738, 'batch_size': 1597, 'optimizer': 'RMSprop'}. Best is trial 102 with value: 0.09184189949385436.
2026-05-13 19:06:41,618 - optuna.study.study - INFO - Trial 103 finished with value: 0.08182130177446532 and parameters: {'n_layers': 1, 'embedding_dim': 256, 'lr': 0.007990135080755838, 'lambda_val': 0.000834591975217543, 'batch_size': 1543, 'optimizer': 'RMSprop'}. Best is trial 102 with value: 0.09184189949385436.
2026-05-13 19:06:55,488 - optuna.study._optimize - INFO - Trial 104 pruned. 
2026-05-13 19:07:27,053 - optuna.study.study - INFO - Trial 105 finished with value: 0.0835050228501653 and parameters: {'n_layers': 1, 'embedding_dim': 256, 'lr': 0.005553880696089497, 'lambda_val': 0.001096015112013878, 'batch_size': 1664, 'optimizer': 'RMSprop'}. Best is trial 102 with value: 0.09184189949385436.
2026-05-13 19:07:32,979 - optuna.study._optimize - INFO - Trial 106 pruned. 
2026-05-13 19:08:04,175 - optuna.study.study - INFO - Trial 107 finished with value: 0.08392928166602222 and parameters: {'n_layers': 1, 'embedding_dim': 256, 'lr': 0.005411274132399745, 'lambda_val': 0.0024932881517265534, 'batch_size': 1784, 'optimizer': 'RMSprop'}. Best is trial 102 with value: 0.09184189949385436.
2026-05-13 19:08:36,915 - optuna.study.study - INFO - Trial 108 finished with value: 0.08777177806632022 and parameters: {'n_layers': 1, 'embedding_dim': 256, 'lr': 0.005772562765326377, 'lambda_val': 0.001407540637958467, 'batch_size': 1787, 'optimizer': 'RMSprop'}. Best is trial 102 with value: 0.09184189949385436.
2026-05-13 19:08:40,791 - optuna.study._optimize - INFO - Trial 109 pruned. 
2026-05-13 19:09:14,837 - optuna.study.study - INFO - Trial 110 finished with value: 0.08472856654082334 and parameters: {'n_layers': 1, 'embedding_dim': 256, 'lr': 0.00017050194528995415, 'lambda_val': 0.001382722625465967, 'batch_size': 1656, 'optimizer': 'RMSprop'}. Best is trial 102 with value: 0.09184189949385436.
2026-05-13 19:09:48,732 - optuna.study.study - INFO - Trial 111 finished with value: 0.08776099070626674 and parameters: {'n_layers': 1, 'embedding_dim': 256, 'lr': 0.005990157251723808, 'lambda_val': 0.0014696030821409823, 'batch_size': 1682, 'optimizer': 'RMSprop'}. Best is trial 102 with value: 0.09184189949385436.
2026-05-13 19:10:22,288 - optuna.study.study - INFO - Trial 112 finished with value: 0.06039323531533262 and parameters: {'n_layers': 1, 'embedding_dim': 256, 'lr': 0.00018990494886931612, 'lambda_val': 0.0014569572832631747, 'batch_size': 1652, 'optimizer': 'RMSprop'}. Best is trial 102 with value: 0.09184189949385436.
2026-05-13 19:10:54,812 - optuna.study.study - INFO - Trial 113 finished with value: 0.10714132484426218 and parameters: {'n_layers': 1, 'embedding_dim': 256, 'lr': 0.00011732568031027821, 'lambda_val': 0.000986834499706078, 'batch_size': 1541, 'optimizer': 'RMSprop'}. Best is trial 113 with value: 0.10714132484426218.
2026-05-13 19:10:59,286 - optuna.study._optimize - INFO - Trial 114 pruned. 
2026-05-13 19:11:04,254 - optuna.study._optimize - INFO - Trial 115 pruned. 
2026-05-13 19:11:33,826 - optuna.study.study - INFO - Trial 116 finished with value: 0.10848587534131236 and parameters: {'n_layers': 1, 'embedding_dim': 128, 'lr': 0.00014339273872079742, 'lambda_val': 0.0005934174818378209, 'batch_size': 1577, 'optimizer': 'RMSprop'}. Best is trial 116 with value: 0.10848587534131236.
2026-05-13 19:12:03,403 - optuna.study.study - INFO - Trial 117 finished with value: 0.08579590194388936 and parameters: {'n_layers': 1, 'embedding_dim': 128, 'lr': 0.00017083442965345767, 'lambda_val': 0.0006183456649298241, 'batch_size': 1790, 'optimizer': 'RMSprop'}. Best is trial 116 with value: 0.10848587534131236.
2026-05-13 19:12:33,341 - optuna.study.study - INFO - Trial 118 finished with value: 0.08270725468385735 and parameters: {'n_layers': 1, 'embedding_dim': 128, 'lr': 0.00021530321124780933, 'lambda_val': 0.0003923631669097605, 'batch_size': 1318, 'optimizer': 'RMSprop'}. Best is trial 116 with value: 0.10848587534131236.
2026-05-13 19:12:37,219 - optuna.study._optimize - INFO - Trial 119 pruned. 
2026-05-13 19:13:11,265 - optuna.study.study - INFO - Trial 120 finished with value: 0.10748588045648778 and parameters: {'n_layers': 1, 'embedding_dim': 256, 'lr': 0.00015350993449031211, 'lambda_val': 0.0005822047103544624, 'batch_size': 1157, 'optimizer': 'RMSprop'}. Best is trial 116 with value: 0.10848587534131236.
2026-05-13 19:13:52,814 - optuna.study.study - INFO - Trial 121 finished with value: 0.10559991177498734 and parameters: {'n_layers': 1, 'embedding_dim': 128, 'lr': 0.0001568996214830471, 'lambda_val': 0.0006789185557519778, 'batch_size': 1224, 'optimizer': 'RMSprop'}. Best is trial 116 with value: 0.10848587534131236.
2026-05-13 19:14:22,186 - optuna.study.study - INFO - Trial 122 finished with value: 0.12625597394350613 and parameters: {'n_layers': 1, 'embedding_dim': 128, 'lr': 0.00015348346499832142, 'lambda_val': 0.00030480092867860915, 'batch_size': 1155, 'optimizer': 'RMSprop'}. Best is trial 122 with value: 0.12625597394350613.
2026-05-13 19:14:51,147 - optuna.study.study - INFO - Trial 123 finished with value: 0.1265739150514742 and parameters: {'n_layers': 1, 'embedding_dim': 128, 'lr': 0.0001541184389187012, 'lambda_val': 0.00014645218979592235, 'batch_size': 1167, 'optimizer': 'RMSprop'}. Best is trial 123 with value: 0.1265739150514742.
2026-05-13 19:15:20,461 - optuna.study.study - INFO - Trial 124 finished with value: 0.07729000211954376 and parameters: {'n_layers': 1, 'embedding_dim': 128, 'lr': 0.000269402067431158, 'lambda_val': 0.0003051106395799352, 'batch_size': 1188, 'optimizer': 'RMSprop'}. Best is trial 123 with value: 0.1265739150514742.
2026-05-13 19:15:26,900 - optuna.study._optimize - INFO - Trial 125 pruned. 
2026-05-13 19:15:36,205 - optuna.study._optimize - INFO - Trial 126 pruned. 
2026-05-13 19:16:05,079 - optuna.study.study - INFO - Trial 127 finished with value: 0.06713796825971377 and parameters: {'n_layers': 1, 'embedding_dim': 128, 'lr': 0.0004162533257513828, 'lambda_val': 3.064553918074856e-05, 'batch_size': 707, 'optimizer': 'RMSprop'}. Best is trial 123 with value: 0.1265739150514742.
2026-05-13 19:16:35,109 - optuna.study.study - INFO - Trial 128 finished with value: 0.07866246896864974 and parameters: {'n_layers': 1, 'embedding_dim': 128, 'lr': 0.0002644814175659151, 'lambda_val': 0.0005780668619570973, 'batch_size': 946, 'optimizer': 'RMSprop'}. Best is trial 123 with value: 0.1265739150514742.
2026-05-13 19:16:38,740 - optuna.study._optimize - INFO - Trial 129 pruned. 
2026-05-13 19:16:43,101 - optuna.study._optimize - INFO - Trial 130 pruned. 
2026-05-13 19:17:14,274 - optuna.study.study - INFO - Trial 131 finished with value: 0.11504429910594911 and parameters: {'n_layers': 1, 'embedding_dim': 128, 'lr': 0.00015588554164681705, 'lambda_val': 0.0008050033084811347, 'batch_size': 1288, 'optimizer': 'RMSprop'}. Best is trial 123 with value: 0.1265739150514742.
2026-05-13 19:17:17,993 - optuna.study._optimize - INFO - Trial 132 pruned. 
2026-05-13 19:17:46,367 - optuna.study.study - INFO - Trial 133 finished with value: 0.06645811373872434 and parameters: {'n_layers': 1, 'embedding_dim': 128, 'lr': 0.0003208966305555462, 'lambda_val': 0.00019831022914095373, 'batch_size': 1281, 'optimizer': 'RMSprop'}. Best is trial 123 with value: 0.1265739150514742.
2026-05-13 19:17:50,059 - optuna.study._optimize - INFO - Trial 134 pruned. 
2026-05-13 19:17:53,956 - optuna.study._optimize - INFO - Trial 135 pruned. 
2026-05-13 19:18:23,740 - optuna.study.study - INFO - Trial 136 finished with value: 0.0868815035769759 and parameters: {'n_layers': 1, 'embedding_dim': 128, 'lr': 0.0001980782650573769, 'lambda_val': 0.0005738913566442807, 'batch_size': 1291, 'optimizer': 'RMSprop'}. Best is trial 123 with value: 0.1265739150514742.
2026-05-13 19:19:01,277 - optuna.study.study - INFO - Trial 137 finished with value: 0.12433513323939754 and parameters: {'n_layers': 1, 'embedding_dim': 128, 'lr': 0.0001377982063402541, 'lambda_val': 0.0004439426749214433, 'batch_size': 1288, 'optimizer': 'RMSprop'}. Best is trial 123 with value: 0.1265739150514742.
2026-05-13 19:19:31,897 - optuna.study.study - INFO - Trial 138 finished with value: 0.08606907993083611 and parameters: {'n_layers': 1, 'embedding_dim': 128, 'lr': 0.00021186683885104633, 'lambda_val': 5.415790331860193e-05, 'batch_size': 1306, 'optimizer': 'RMSprop'}. Best is trial 123 with value: 0.1265739150514742.
2026-05-13 19:20:02,400 - optuna.study.study - INFO - Trial 139 finished with value: 0.11880961382971669 and parameters: {'n_layers': 1, 'embedding_dim': 128, 'lr': 0.00020306183154854832, 'lambda_val': 2.5205909218456943e-05, 'batch_size': 1005, 'optimizer': 'RMSprop'}. Best is trial 123 with value: 0.1265739150514742.
2026-05-13 19:20:33,481 - optuna.study.study - INFO - Trial 140 finished with value: 0.10973334900427241 and parameters: {'n_layers': 1, 'embedding_dim': 128, 'lr': 0.00021835135642185482, 'lambda_val': 1.1893852567100219e-05, 'batch_size': 839, 'optimizer': 'RMSprop'}. Best is trial 123 with value: 0.1265739150514742.
2026-05-13 19:21:03,162 - optuna.study.study - INFO - Trial 141 finished with value: 0.11345916073334644 and parameters: {'n_layers': 1, 'embedding_dim': 128, 'lr': 0.00021405533957669228, 'lambda_val': 1.1708929165961296e-05, 'batch_size': 825, 'optimizer': 'RMSprop'}. Best is trial 123 with value: 0.1265739150514742.
2026-05-13 19:21:09,048 - optuna.study._optimize - INFO - Trial 142 pruned. 
2026-05-13 19:21:37,974 - optuna.study.study - INFO - Trial 143 finished with value: 0.1022160190094175 and parameters: {'n_layers': 1, 'embedding_dim': 128, 'lr': 0.0002533864684119128, 'lambda_val': 4.142064100830208e-06, 'batch_size': 794, 'optimizer': 'RMSprop'}. Best is trial 123 with value: 0.1265739150514742.
2026-05-13 19:22:06,821 - optuna.study.study - INFO - Trial 144 finished with value: 0.10162052710082739 and parameters: {'n_layers': 1, 'embedding_dim': 128, 'lr': 0.0002485089805531215, 'lambda_val': 3.5790206030609663e-06, 'batch_size': 865, 'optimizer': 'RMSprop'}. Best is trial 123 with value: 0.1265739150514742.
2026-05-13 19:22:34,492 - optuna.study.study - INFO - Trial 145 finished with value: 0.06999276256126169 and parameters: {'n_layers': 1, 'embedding_dim': 128, 'lr': 0.00029363281260924443, 'lambda_val': 2.6821039493858777e-06, 'batch_size': 854, 'optimizer': 'RMSprop'}. Best is trial 123 with value: 0.1265739150514742.
2026-05-13 19:23:05,566 - optuna.study.study - INFO - Trial 146 finished with value: 0.10909481913811064 and parameters: {'n_layers': 1, 'embedding_dim': 128, 'lr': 0.00024074612770292898, 'lambda_val': 4.354254955120362e-06, 'batch_size': 757, 'optimizer': 'RMSprop'}. Best is trial 123 with value: 0.1265739150514742.
2026-05-13 19:23:39,096 - optuna.study.study - INFO - Trial 147 finished with value: 0.10557070277979945 and parameters: {'n_layers': 1, 'embedding_dim': 128, 'lr': 0.00023863900739928923, 'lambda_val': 8.986265126569313e-06, 'batch_size': 773, 'optimizer': 'RMSprop'}. Best is trial 123 with value: 0.1265739150514742.
2026-05-13 19:24:07,946 - optuna.study.study - INFO - Trial 148 finished with value: 0.05928646263879529 and parameters: {'n_layers': 1, 'embedding_dim': 128, 'lr': 0.0005091750225764748, 'lambda_val': 5.020719966491777e-06, 'batch_size': 777, 'optimizer': 'RMSprop'}. Best is trial 123 with value: 0.1265739150514742.
2026-05-13 19:24:37,160 - optuna.study.study - INFO - Trial 149 finished with value: 0.1253529593356891 and parameters: {'n_layers': 1, 'embedding_dim': 128, 'lr': 0.00023128915504493382, 'lambda_val': 1.3657815155926015e-05, 'batch_size': 525, 'optimizer': 'RMSprop'}. Best is trial 123 with value: 0.1265739150514742.
2026-05-13 19:24:41,267 - optuna.study._optimize - INFO - Trial 150 pruned. 
2026-05-13 19:25:06,947 - optuna.study.study - INFO - Trial 151 finished with value: 0.10505846422703477 and parameters: {'n_layers': 1, 'embedding_dim': 128, 'lr': 0.0002509629074970151, 'lambda_val': 6.359324541903054e-06, 'batch_size': 606, 'optimizer': 'RMSprop'}. Best is trial 123 with value: 0.1265739150514742.
2026-05-13 19:25:31,969 - optuna.study.study - INFO - Trial 152 finished with value: 0.12697212399097862 and parameters: {'n_layers': 1, 'embedding_dim': 128, 'lr': 0.00023210210537450674, 'lambda_val': 8.640394681897337e-06, 'batch_size': 562, 'optimizer': 'RMSprop'}. Best is trial 152 with value: 0.12697212399097862.
2026-05-13 19:25:35,703 - optuna.study._optimize - INFO - Trial 153 pruned. 
2026-05-13 19:25:39,192 - optuna.study._optimize - INFO - Trial 154 pruned. 
2026-05-13 19:25:42,735 - optuna.study._optimize - INFO - Trial 155 pruned. 
2026-05-13 19:26:10,744 - optuna.study.study - INFO - Trial 156 finished with value: 0.12383143260041346 and parameters: {'n_layers': 1, 'embedding_dim': 128, 'lr': 0.00022086538710239684, 'lambda_val': 6.655437812979554e-06, 'batch_size': 642, 'optimizer': 'RMSprop'}. Best is trial 152 with value: 0.12697212399097862.
2026-05-13 19:26:26,900 - optuna.study._optimize - INFO - Trial 157 pruned. 
2026-05-13 19:26:58,272 - optuna.study.study - INFO - Trial 158 finished with value: 0.0586472040452041 and parameters: {'n_layers': 1, 'embedding_dim': 128, 'lr': 0.0006244230368545233, 'lambda_val': 1.1215316414568182e-05, 'batch_size': 750, 'optimizer': 'RMSprop'}. Best is trial 152 with value: 0.12697212399097862.
2026-05-13 19:27:28,739 - optuna.study.study - INFO - Trial 159 finished with value: 0.10868437424364595 and parameters: {'n_layers': 1, 'embedding_dim': 128, 'lr': 0.00019353632560332, 'lambda_val': 5.965365097105306e-06, 'batch_size': 1029, 'optimizer': 'RMSprop'}. Best is trial 152 with value: 0.12697212399097862.
2026-05-13 19:27:57,438 - optuna.study.study - INFO - Trial 160 finished with value: 0.11878796378194188 and parameters: {'n_layers': 1, 'embedding_dim': 128, 'lr': 0.0001776638747888823, 'lambda_val': 6.658737754897244e-06, 'batch_size': 1022, 'optimizer': 'RMSprop'}. Best is trial 152 with value: 0.12697212399097862.
2026-05-13 19:28:23,080 - optuna.study.study - INFO - Trial 161 finished with value: 0.12065703372836946 and parameters: {'n_layers': 1, 'embedding_dim': 128, 'lr': 0.00018563924188693214, 'lambda_val': 6.7967313979472555e-06, 'batch_size': 1013, 'optimizer': 'RMSprop'}. Best is trial 152 with value: 0.12697212399097862.
2026-05-13 19:28:50,771 - optuna.study.study - INFO - Trial 162 finished with value: 0.11877238559964756 and parameters: {'n_layers': 1, 'embedding_dim': 128, 'lr': 0.00018490799717693903, 'lambda_val': 7.685178782688732e-06, 'batch_size': 957, 'optimizer': 'RMSprop'}. Best is trial 152 with value: 0.12697212399097862.
2026-05-13 19:29:18,716 - optuna.study.study - INFO - Trial 163 finished with value: 0.10253130282817882 and parameters: {'n_layers': 1, 'embedding_dim': 128, 'lr': 0.00019581472833080492, 'lambda_val': 6.433019313068766e-06, 'batch_size': 998, 'optimizer': 'RMSprop'}. Best is trial 152 with value: 0.12697212399097862.
2026-05-13 19:29:48,007 - optuna.study.study - INFO - Trial 164 finished with value: 0.0620837278587806 and parameters: {'n_layers': 1, 'embedding_dim': 128, 'lr': 0.0003361718635609134, 'lambda_val': 1.2256552278108233e-05, 'batch_size': 1084, 'optimizer': 'RMSprop'}. Best is trial 152 with value: 0.12697212399097862.
2026-05-13 19:30:17,045 - optuna.study.study - INFO - Trial 165 finished with value: 0.10823715276525751 and parameters: {'n_layers': 1, 'embedding_dim': 128, 'lr': 0.0001864654982098118, 'lambda_val': 5.721535197275953e-06, 'batch_size': 913, 'optimizer': 'RMSprop'}. Best is trial 152 with value: 0.12697212399097862.
2026-05-13 19:30:46,738 - optuna.study.study - INFO - Trial 166 finished with value: 0.11740756766039383 and parameters: {'n_layers': 1, 'embedding_dim': 128, 'lr': 0.0001832073714646293, 'lambda_val': 2.1438847365838027e-05, 'batch_size': 913, 'optimizer': 'RMSprop'}. Best is trial 152 with value: 0.12697212399097862.
2026-05-13 19:31:15,186 - optuna.study.study - INFO - Trial 167 finished with value: 0.06570487198273525 and parameters: {'n_layers': 1, 'embedding_dim': 128, 'lr': 0.00045271806887813986, 'lambda_val': 2.4397930366773622e-05, 'batch_size': 966, 'optimizer': 'RMSprop'}. Best is trial 152 with value: 0.12697212399097862.
2026-05-13 19:31:45,722 - optuna.study.study - INFO - Trial 168 finished with value: 0.1251977259119666 and parameters: {'n_layers': 1, 'embedding_dim': 128, 'lr': 0.00021551819579335163, 'lambda_val': 7.681914373658632e-06, 'batch_size': 679, 'optimizer': 'RMSprop'}. Best is trial 152 with value: 0.12697212399097862.
2026-05-13 19:32:12,891 - optuna.study.study - INFO - Trial 169 finished with value: 0.11493103780252034 and parameters: {'n_layers': 1, 'embedding_dim': 128, 'lr': 0.0002202990351411485, 'lambda_val': 7.680230040806304e-06, 'batch_size': 828, 'optimizer': 'RMSprop'}. Best is trial 152 with value: 0.12697212399097862.
2026-05-13 19:32:39,598 - optuna.study.study - INFO - Trial 170 finished with value: 0.12936359834156722 and parameters: {'n_layers': 1, 'embedding_dim': 128, 'lr': 0.00021757424653365506, 'lambda_val': 7.352493556792165e-06, 'batch_size': 666, 'optimizer': 'RMSprop'}. Best is trial 170 with value: 0.12936359834156722.
2026-05-13 19:33:06,746 - optuna.study.study - INFO - Trial 171 finished with value: 0.08766372253954638 and parameters: {'n_layers': 1, 'embedding_dim': 128, 'lr': 0.00030944008560101116, 'lambda_val': 7.659400800781065e-06, 'batch_size': 669, 'optimizer': 'RMSprop'}. Best is trial 170 with value: 0.12936359834156722.
2026-05-13 19:33:33,674 - optuna.study.study - INFO - Trial 172 finished with value: 0.0889974899645666 and parameters: {'n_layers': 1, 'embedding_dim': 128, 'lr': 0.00022802425391800057, 'lambda_val': 4.236214329994683e-06, 'batch_size': 826, 'optimizer': 'RMSprop'}. Best is trial 170 with value: 0.12936359834156722.
2026-05-13 19:34:05,192 - optuna.study.study - INFO - Trial 173 finished with value: 0.06636555719420675 and parameters: {'n_layers': 1, 'embedding_dim': 128, 'lr': 0.0003932219513455399, 'lambda_val': 2.0607880000660972e-05, 'batch_size': 715, 'optimizer': 'RMSprop'}. Best is trial 170 with value: 0.12936359834156722.
2026-05-13 19:34:33,954 - optuna.study.study - INFO - Trial 174 finished with value: 0.07952560259649918 and parameters: {'n_layers': 1, 'embedding_dim': 128, 'lr': 0.0002872844515871145, 'lambda_val': 1.4049721230808189e-05, 'batch_size': 644, 'optimizer': 'RMSprop'}. Best is trial 170 with value: 0.12936359834156722.
2026-05-13 19:35:03,914 - optuna.study.study - INFO - Trial 175 finished with value: 0.12555324147456914 and parameters: {'n_layers': 1, 'embedding_dim': 128, 'lr': 0.0002193422422073327, 'lambda_val': 7.573288976307075e-06, 'batch_size': 532, 'optimizer': 'RMSprop'}. Best is trial 170 with value: 0.12936359834156722.
2026-05-13 19:35:07,982 - optuna.study._optimize - INFO - Trial 176 pruned. 
2026-05-13 19:35:39,415 - optuna.study.study - INFO - Trial 177 finished with value: 0.11720282235105069 and parameters: {'n_layers': 1, 'embedding_dim': 128, 'lr': 0.00018159011223090851, 'lambda_val': 1.1447937053965493e-05, 'batch_size': 911, 'optimizer': 'RMSprop'}. Best is trial 170 with value: 0.12936359834156722.
2026-05-13 19:35:42,990 - optuna.study._optimize - INFO - Trial 178 pruned. 
2026-05-13 19:35:46,962 - optuna.study._optimize - INFO - Trial 179 pruned. 
2026-05-13 19:35:50,737 - optuna.study._optimize - INFO - Trial 180 pruned. 
2026-05-13 19:36:20,504 - optuna.study.study - INFO - Trial 181 finished with value: 0.10969365370385718 and parameters: {'n_layers': 1, 'embedding_dim': 128, 'lr': 0.0002116975685888284, 'lambda_val': 1.1603749644149643e-05, 'batch_size': 822, 'optimizer': 'RMSprop'}. Best is trial 170 with value: 0.12936359834156722.
2026-05-13 19:36:50,409 - optuna.study.study - INFO - Trial 182 finished with value: 0.1140311236337686 and parameters: {'n_layers': 1, 'embedding_dim': 128, 'lr': 0.00017610962673610047, 'lambda_val': 9.460826073967303e-06, 'batch_size': 988, 'optimizer': 'RMSprop'}. Best is trial 170 with value: 0.12936359834156722.
2026-05-13 19:36:55,784 - optuna.study._optimize - INFO - Trial 183 pruned. 
2026-05-13 19:36:59,646 - optuna.study._optimize - INFO - Trial 184 pruned. 
2026-05-13 19:37:28,833 - optuna.study.study - INFO - Trial 185 finished with value: 0.1308058771240408 and parameters: {'n_layers': 1, 'embedding_dim': 128, 'lr': 0.00017545418190767443, 'lambda_val': 5.1759538143469824e-06, 'batch_size': 912, 'optimizer': 'RMSprop'}. Best is trial 185 with value: 0.1308058771240408.
2026-05-13 19:37:32,899 - optuna.study._optimize - INFO - Trial 186 pruned. 
2026-05-13 19:37:36,375 - optuna.study._optimize - INFO - Trial 187 pruned. 
2026-05-13 19:37:40,248 - optuna.study._optimize - INFO - Trial 188 pruned. 
2026-05-13 19:38:09,821 - optuna.study.study - INFO - Trial 189 finished with value: 0.08920762184834978 and parameters: {'n_layers': 1, 'embedding_dim': 128, 'lr': 0.00028681725184856655, 'lambda_val': 8.944190710236888e-06, 'batch_size': 585, 'optimizer': 'RMSprop'}. Best is trial 185 with value: 0.1308058771240408.
2026-05-13 19:38:13,484 - optuna.study._optimize - INFO - Trial 190 pruned. 
2026-05-13 19:38:40,200 - optuna.study.study - INFO - Trial 191 finished with value: 0.09679540788512758 and parameters: {'n_layers': 1, 'embedding_dim': 128, 'lr': 0.00021789962912756525, 'lambda_val': 1.5554413565519247e-05, 'batch_size': 895, 'optimizer': 'RMSprop'}. Best is trial 185 with value: 0.1308058771240408.
2026-05-13 19:38:44,160 - optuna.study._optimize - INFO - Trial 192 pruned. 
2026-05-13 19:39:12,892 - optuna.study.study - INFO - Trial 193 finished with value: 0.07047195573441559 and parameters: {'n_layers': 1, 'embedding_dim': 128, 'lr': 0.00033950399749423365, 'lambda_val': 8.034472156666192e-06, 'batch_size': 799, 'optimizer': 'RMSprop'}. Best is trial 185 with value: 0.1308058771240408.
2026-05-13 19:39:42,456 - optuna.study.study - INFO - Trial 194 finished with value: 0.09183680244816268 and parameters: {'n_layers': 1, 'embedding_dim': 128, 'lr': 0.000225923382022684, 'lambda_val': 3.3945955732985452e-06, 'batch_size': 1127, 'optimizer': 'RMSprop'}. Best is trial 185 with value: 0.1308058771240408.
2026-05-13 19:39:46,598 - optuna.study._optimize - INFO - Trial 195 pruned. 
2026-05-13 19:40:16,838 - optuna.study.study - INFO - Trial 196 finished with value: 0.09724773368775856 and parameters: {'n_layers': 1, 'embedding_dim': 128, 'lr': 0.00026057292767824643, 'lambda_val': 2.9672295121258862e-05, 'batch_size': 736, 'optimizer': 'RMSprop'}. Best is trial 185 with value: 0.1308058771240408.
2026-05-13 19:40:46,196 - optuna.study.study - INFO - Trial 197 finished with value: 0.12183471715255194 and parameters: {'n_layers': 1, 'embedding_dim': 128, 'lr': 0.00020000536527079487, 'lambda_val': 1.712450305017283e-05, 'batch_size': 645, 'optimizer': 'RMSprop'}. Best is trial 185 with value: 0.1308058771240408.
2026-05-13 19:41:15,705 - optuna.study.study - INFO - Trial 198 finished with value: 0.14004818528767723 and parameters: {'n_layers': 1, 'embedding_dim': 128, 'lr': 0.00018033497842104239, 'lambda_val': 5.1621450234575075e-06, 'batch_size': 567, 'optimizer': 'RMSprop'}. Best is trial 198 with value: 0.14004818528767723.
2026-05-13 19:41:19,830 - optuna.study._optimize - INFO - Trial 199 pruned. 
2026-05-13 19:41:42,272 - root - INFO - **** Training e_100K_1c3dcs
2026-05-13 19:41:42,272 - root - INFO -   ** 3-Dominant stats:
2026-05-13 19:41:42,272 - root - INFO -   ** Finding the dominant set:
2026-05-13 19:42:02,340 - root - INFO -   ** Getting the trainable edges:
2026-05-13 19:42:02,344 - helper_functions - INFO -      Number of nodes: 4883
2026-05-13 19:42:02,344 - helper_functions - INFO -      Ratio: 0.5389029908398631
2026-05-13 19:42:02,344 - helper_functions - INFO -      Number of unique users: 343
2026-05-13 19:42:02,344 - helper_functions - INFO -      Number of unique items: 4540
2026-05-13 19:42:02,344 - helper_functions - INFO -      Total dominant set edge: 15830
2026-05-13 19:42:02,344 - helper_functions - INFO -      Trainable edges: 12664.0
2026-05-13 19:42:02,348 - root - INFO -   **** Getting 15830 dominant set edges
2026-05-13 19:42:02,456 - optuna.storages._rdb.storage - INFO - A new study created in RDB with name: Study_e_100K_1c3dcs_strict
2026-05-13 19:42:48,343 - optuna.study.study - INFO - Trial 0 finished with value: 0.008331288677623802 and parameters: {'n_layers': 2, 'embedding_dim': 256, 'lr': 1.3172245026337853e-05, 'lambda_val': 8.215807283606743e-05, 'batch_size': 3130, 'optimizer': 'RMSprop'}. Best is trial 0 with value: 0.008331288677623802.
2026-05-13 19:43:27,655 - optuna.study.study - INFO - Trial 1 finished with value: 0.0025450653202086643 and parameters: {'n_layers': 4, 'embedding_dim': 32, 'lr': 0.0009907398285668996, 'lambda_val': 0.0001612844091772522, 'batch_size': 3323, 'optimizer': 'SGD'}. Best is trial 0 with value: 0.008331288677623802.
2026-05-13 19:43:59,292 - optuna.study.study - INFO - Trial 2 finished with value: 0.0004489391271544418 and parameters: {'n_layers': 4, 'embedding_dim': 96, 'lr': 0.0008903110085101419, 'lambda_val': 9.397874444497802e-06, 'batch_size': 3247, 'optimizer': 'Adam'}. Best is trial 0 with value: 0.008331288677623802.
2026-05-13 19:44:23,766 - optuna.study.study - INFO - Trial 3 finished with value: 0.0013434418518376466 and parameters: {'n_layers': 1, 'embedding_dim': 64, 'lr': 0.0005379766598643088, 'lambda_val': 0.02461197652458126, 'batch_size': 1983, 'optimizer': 'SGD'}. Best is trial 0 with value: 0.008331288677623802.
2026-05-13 19:44:52,175 - optuna.study.study - INFO - Trial 4 finished with value: 0.001255422263627555 and parameters: {'n_layers': 1, 'embedding_dim': 128, 'lr': 6.432724494422365e-05, 'lambda_val': 2.761776429419131e-06, 'batch_size': 1881, 'optimizer': 'SGD'}. Best is trial 0 with value: 0.008331288677623802.
2026-05-13 19:45:40,988 - optuna.study.study - INFO - Trial 5 finished with value: 0.0068551064552843256 and parameters: {'n_layers': 4, 'embedding_dim': 256, 'lr': 0.026919850524908133, 'lambda_val': 3.2715851835540674e-06, 'batch_size': 3914, 'optimizer': 'Adam'}. Best is trial 0 with value: 0.008331288677623802.
2026-05-13 19:46:15,192 - optuna.study.study - INFO - Trial 6 finished with value: 0.00879197828240662 and parameters: {'n_layers': 1, 'embedding_dim': 256, 'lr': 0.0003660830829583697, 'lambda_val': 9.577438489641718e-06, 'batch_size': 3799, 'optimizer': 'Adam'}. Best is trial 6 with value: 0.00879197828240662.
2026-05-13 19:46:52,899 - optuna.study.study - INFO - Trial 7 finished with value: 0.002966597605544057 and parameters: {'n_layers': 4, 'embedding_dim': 128, 'lr': 8.44583163470115e-05, 'lambda_val': 0.00039829656950315695, 'batch_size': 3968, 'optimizer': 'SGD'}. Best is trial 6 with value: 0.00879197828240662.
2026-05-13 19:47:20,132 - optuna.study.study - INFO - Trial 8 finished with value: 0.009660009275546983 and parameters: {'n_layers': 1, 'embedding_dim': 128, 'lr': 0.010652653379879348, 'lambda_val': 1.1428862849766457e-05, 'batch_size': 625, 'optimizer': 'RMSprop'}. Best is trial 8 with value: 0.009660009275546983.
2026-05-13 19:47:58,293 - optuna.study.study - INFO - Trial 9 finished with value: 0.020461809987605474 and parameters: {'n_layers': 3, 'embedding_dim': 256, 'lr': 2.1336188921546406e-05, 'lambda_val': 3.0703912524347167e-06, 'batch_size': 1992, 'optimizer': 'RMSprop'}. Best is trial 9 with value: 0.020461809987605474.
2026-05-13 19:48:01,999 - optuna.study._optimize - INFO - Trial 10 pruned. 
2026-05-13 19:48:36,741 - optuna.study.study - INFO - Trial 11 finished with value: 0.00846076587883842 and parameters: {'n_layers': 2, 'embedding_dim': 128, 'lr': 0.011977340057449383, 'lambda_val': 3.1064414441441905e-05, 'batch_size': 546, 'optimizer': 'RMSprop'}. Best is trial 9 with value: 0.020461809987605474.
2026-05-13 19:49:09,489 - optuna.study.study - INFO - Trial 12 finished with value: 0.006470384359529392 and parameters: {'n_layers': 3, 'embedding_dim': 96, 'lr': 0.00768966749515591, 'lambda_val': 1.0190666882119782e-06, 'batch_size': 1291, 'optimizer': 'RMSprop'}. Best is trial 9 with value: 0.020461809987605474.
2026-05-13 19:49:37,976 - optuna.study.study - INFO - Trial 13 finished with value: 0.001920623922703927 and parameters: {'n_layers': 2, 'embedding_dim': 64, 'lr': 0.09432157185130544, 'lambda_val': 0.0009381839179831791, 'batch_size': 2517, 'optimizer': 'RMSprop'}. Best is trial 9 with value: 0.020461809987605474.
2026-05-13 19:49:59,076 - optuna.study._optimize - INFO - Trial 14 pruned. 
2026-05-13 19:50:27,122 - optuna.study.study - INFO - Trial 15 finished with value: 0.005518286254459516 and parameters: {'n_layers': 2, 'embedding_dim': 128, 'lr': 0.0030620221722439593, 'lambda_val': 1.5407293365213056e-06, 'batch_size': 1363, 'optimizer': 'RMSprop'}. Best is trial 9 with value: 0.020461809987605474.
2026-05-13 19:51:02,218 - optuna.study.study - INFO - Trial 16 finished with value: 0.004261634562922568 and parameters: {'n_layers': 3, 'embedding_dim': 128, 'lr': 0.00011810782303441334, 'lambda_val': 9.722592769465596e-06, 'batch_size': 2619, 'optimizer': 'RMSprop'}. Best is trial 9 with value: 0.020461809987605474.
2026-05-13 19:51:34,168 - optuna.study.study - INFO - Trial 17 finished with value: 0.007465279412079796 and parameters: {'n_layers': 1, 'embedding_dim': 256, 'lr': 0.031856520608906036, 'lambda_val': 3.1838821084556014e-05, 'batch_size': 1836, 'optimizer': 'RMSprop'}. Best is trial 9 with value: 0.020461809987605474.
2026-05-13 19:51:37,819 - optuna.study._optimize - INFO - Trial 18 pruned. 
2026-05-13 19:51:46,966 - optuna.study._optimize - INFO - Trial 19 pruned. 
2026-05-13 19:52:13,258 - optuna.study.study - INFO - Trial 20 finished with value: 0.0033281731264982036 and parameters: {'n_layers': 1, 'embedding_dim': 32, 'lr': 0.000300363205862707, 'lambda_val': 0.07522521245479928, 'batch_size': 2800, 'optimizer': 'RMSprop'}. Best is trial 9 with value: 0.020461809987605474.
2026-05-13 19:52:50,233 - optuna.study.study - INFO - Trial 21 finished with value: 0.008901194655718044 and parameters: {'n_layers': 1, 'embedding_dim': 256, 'lr': 0.00031096234173375465, 'lambda_val': 1.4469756143980324e-05, 'batch_size': 3672, 'optimizer': 'Adam'}. Best is trial 9 with value: 0.020461809987605474.
2026-05-13 19:52:53,871 - optuna.study._optimize - INFO - Trial 22 pruned. 
2026-05-13 19:53:30,559 - optuna.study.study - INFO - Trial 23 finished with value: 0.005769941217133353 and parameters: {'n_layers': 2, 'embedding_dim': 256, 'lr': 0.00013465009296946678, 'lambda_val': 1.736195130068108e-05, 'batch_size': 3504, 'optimizer': 'Adam'}. Best is trial 9 with value: 0.020461809987605474.
2026-05-13 19:53:34,986 - optuna.study._optimize - INFO - Trial 24 pruned. 
2026-05-13 19:54:05,265 - optuna.study.study - INFO - Trial 25 finished with value: 0.006217056663397913 and parameters: {'n_layers': 2, 'embedding_dim': 128, 'lr': 0.00018798940638582468, 'lambda_val': 0.00034310998414503405, 'batch_size': 2334, 'optimizer': 'Adam'}. Best is trial 9 with value: 0.020461809987605474.
2026-05-13 19:54:11,003 - optuna.study._optimize - INFO - Trial 26 pruned. 
2026-05-13 19:54:39,787 - optuna.study.study - INFO - Trial 27 finished with value: 0.012372331190790781 and parameters: {'n_layers': 1, 'embedding_dim': 256, 'lr': 0.00586270709978782, 'lambda_val': 0.0014313660681541, 'batch_size': 1583, 'optimizer': 'RMSprop'}. Best is trial 9 with value: 0.020461809987605474.
2026-05-13 19:54:43,305 - optuna.study._optimize - INFO - Trial 28 pruned. 
2026-05-13 19:55:10,559 - optuna.study.study - INFO - Trial 29 finished with value: 0.009791011727844126 and parameters: {'n_layers': 1, 'embedding_dim': 256, 'lr': 0.017988235288889567, 'lambda_val': 0.0066550745524396925, 'batch_size': 1710, 'optimizer': 'RMSprop'}. Best is trial 9 with value: 0.020461809987605474.
2026-05-13 19:55:16,512 - optuna.study._optimize - INFO - Trial 30 pruned. 
2026-05-13 19:55:44,803 - optuna.study.study - INFO - Trial 31 finished with value: 0.008460130138178824 and parameters: {'n_layers': 1, 'embedding_dim': 256, 'lr': 0.015063515999180831, 'lambda_val': 0.008665544341189435, 'batch_size': 2184, 'optimizer': 'RMSprop'}. Best is trial 9 with value: 0.020461809987605474.
2026-05-13 19:55:48,944 - optuna.study._optimize - INFO - Trial 32 pruned. 
2026-05-13 19:56:18,417 - optuna.study.study - INFO - Trial 33 finished with value: 0.013331454134824814 and parameters: {'n_layers': 1, 'embedding_dim': 256, 'lr': 0.006595024621547881, 'lambda_val': 0.0006102531314109243, 'batch_size': 1747, 'optimizer': 'RMSprop'}. Best is trial 9 with value: 0.020461809987605474.
2026-05-13 19:56:22,256 - optuna.study._optimize - INFO - Trial 34 pruned. 
2026-05-13 19:56:52,375 - optuna.study.study - INFO - Trial 35 finished with value: 0.011103449598836105 and parameters: {'n_layers': 1, 'embedding_dim': 256, 'lr': 0.00124697942454347, 'lambda_val': 0.0006842190878920497, 'batch_size': 2019, 'optimizer': 'RMSprop'}. Best is trial 9 with value: 0.020461809987605474.
2026-05-13 19:57:26,605 - optuna.study.study - INFO - Trial 36 finished with value: 0.00035599602078195414 and parameters: {'n_layers': 4, 'embedding_dim': 32, 'lr': 0.0011930525801273557, 'lambda_val': 0.0006035247523085525, 'batch_size': 2024, 'optimizer': 'RMSprop'}. Best is trial 9 with value: 0.020461809987605474.
2026-05-13 19:57:30,964 - optuna.study._optimize - INFO - Trial 37 pruned. 
2026-05-13 19:57:35,041 - optuna.study._optimize - INFO - Trial 38 pruned. 
2026-05-13 19:57:38,719 - optuna.study._optimize - INFO - Trial 39 pruned. 
2026-05-13 19:57:45,046 - optuna.study._optimize - INFO - Trial 40 pruned. 
2026-05-13 19:58:15,421 - optuna.study.study - INFO - Trial 41 finished with value: 0.008653900695695896 and parameters: {'n_layers': 1, 'embedding_dim': 256, 'lr': 0.022029375076108294, 'lambda_val': 0.005152695056337324, 'batch_size': 1648, 'optimizer': 'RMSprop'}. Best is trial 9 with value: 0.020461809987605474.
2026-05-13 19:58:45,506 - optuna.study.study - INFO - Trial 42 finished with value: 0.011735415980052654 and parameters: {'n_layers': 1, 'embedding_dim': 256, 'lr': 0.0514462299986641, 'lambda_val': 0.0017768328072314276, 'batch_size': 2174, 'optimizer': 'RMSprop'}. Best is trial 9 with value: 0.020461809987605474.
2026-05-13 19:58:49,344 - optuna.study._optimize - INFO - Trial 43 pruned. 
2026-05-13 19:59:21,369 - optuna.study.study - INFO - Trial 44 finished with value: 0.01046558017757782 and parameters: {'n_layers': 1, 'embedding_dim': 256, 'lr': 0.04895566716482822, 'lambda_val': 0.001842579320770429, 'batch_size': 2523, 'optimizer': 'RMSprop'}. Best is trial 9 with value: 0.020461809987605474.
2026-05-13 19:59:51,954 - optuna.study.study - INFO - Trial 45 finished with value: 0.009667693798505997 and parameters: {'n_layers': 1, 'embedding_dim': 256, 'lr': 0.0008049691933764566, 'lambda_val': 0.003256951881269969, 'batch_size': 1921, 'optimizer': 'RMSprop'}. Best is trial 9 with value: 0.020461809987605474.
2026-05-13 20:00:02,663 - optuna.study._optimize - INFO - Trial 46 pruned. 
2026-05-13 20:00:34,890 - optuna.study.study - INFO - Trial 47 finished with value: 0.011728168279358492 and parameters: {'n_layers': 1, 'embedding_dim': 256, 'lr': 0.005615518318675206, 'lambda_val': 0.00024922127241010445, 'batch_size': 2197, 'optimizer': 'RMSprop'}. Best is trial 9 with value: 0.020461809987605474.
2026-05-13 20:00:43,819 - optuna.study._optimize - INFO - Trial 48 pruned. 
2026-05-13 20:01:12,655 - optuna.study.study - INFO - Trial 49 finished with value: 0.011634627030128453 and parameters: {'n_layers': 1, 'embedding_dim': 96, 'lr': 0.013941885660106715, 'lambda_val': 0.0003255940662962136, 'batch_size': 3024, 'optimizer': 'RMSprop'}. Best is trial 9 with value: 0.020461809987605474.
2026-05-13 20:01:17,412 - optuna.study._optimize - INFO - Trial 50 pruned. 
2026-05-13 20:01:45,181 - optuna.study.study - INFO - Trial 51 finished with value: 0.011104257814490145 and parameters: {'n_layers': 1, 'embedding_dim': 96, 'lr': 0.0101916993530622, 'lambda_val': 0.0002630504630129646, 'batch_size': 2948, 'optimizer': 'RMSprop'}. Best is trial 9 with value: 0.020461809987605474.
2026-05-13 20:02:14,278 - optuna.study.study - INFO - Trial 52 finished with value: 0.010586649466272646 and parameters: {'n_layers': 1, 'embedding_dim': 96, 'lr': 0.014902839177078738, 'lambda_val': 0.00010493506159596468, 'batch_size': 3090, 'optimizer': 'RMSprop'}. Best is trial 9 with value: 0.020461809987605474.
2026-05-13 20:02:43,385 - optuna.study.study - INFO - Trial 53 finished with value: 0.013340750813019274 and parameters: {'n_layers': 1, 'embedding_dim': 96, 'lr': 0.0037622144570391637, 'lambda_val': 0.0003596984949727265, 'batch_size': 2705, 'optimizer': 'RMSprop'}. Best is trial 9 with value: 0.020461809987605474.
2026-05-13 20:03:11,958 - optuna.study.study - INFO - Trial 54 finished with value: 0.009808619283292084 and parameters: {'n_layers': 1, 'embedding_dim': 96, 'lr': 0.00320169130666964, 'lambda_val': 0.0029998144316045767, 'batch_size': 2476, 'optimizer': 'RMSprop'}. Best is trial 9 with value: 0.020461809987605474.
2026-05-13 20:03:17,230 - optuna.study._optimize - INFO - Trial 55 pruned. 
2026-05-13 20:03:45,536 - optuna.study.study - INFO - Trial 56 finished with value: 0.011959678534201993 and parameters: {'n_layers': 1, 'embedding_dim': 96, 'lr': 0.0025893658256224395, 'lambda_val': 6.416991987798448e-05, 'batch_size': 2630, 'optimizer': 'RMSprop'}. Best is trial 9 with value: 0.020461809987605474.
2026-05-13 20:03:49,929 - optuna.study._optimize - INFO - Trial 57 pruned. 
2026-05-13 20:04:18,495 - optuna.study.study - INFO - Trial 58 finished with value: 0.03164714554410689 and parameters: {'n_layers': 1, 'embedding_dim': 96, 'lr': 6.391966519684145e-05, 'lambda_val': 4.944038720777318e-06, 'batch_size': 3282, 'optimizer': 'RMSprop'}. Best is trial 58 with value: 0.03164714554410689.
2026-05-13 20:04:22,232 - optuna.study._optimize - INFO - Trial 59 pruned. 
2026-05-13 20:04:26,801 - optuna.study._optimize - INFO - Trial 60 pruned. 
2026-05-13 20:04:31,016 - optuna.study._optimize - INFO - Trial 61 pruned. 
2026-05-13 20:04:34,799 - optuna.study._optimize - INFO - Trial 62 pruned. 
2026-05-13 20:05:00,977 - optuna.study.study - INFO - Trial 63 finished with value: 0.009880997219656636 and parameters: {'n_layers': 1, 'embedding_dim': 96, 'lr': 0.0029677728209373333, 'lambda_val': 2.8667520479592665e-06, 'batch_size': 2608, 'optimizer': 'RMSprop'}. Best is trial 58 with value: 0.03164714554410689.
2026-05-13 20:05:05,272 - optuna.study._optimize - INFO - Trial 64 pruned. 
2026-05-13 20:05:09,923 - optuna.study._optimize - INFO - Trial 65 pruned. 
2026-05-13 20:05:13,917 - optuna.study._optimize - INFO - Trial 66 pruned. 
2026-05-13 20:05:17,679 - optuna.study._optimize - INFO - Trial 67 pruned. 
2026-05-13 20:05:43,879 - optuna.study.study - INFO - Trial 68 finished with value: 0.011747038188561707 and parameters: {'n_layers': 1, 'embedding_dim': 128, 'lr': 0.0017513073940818426, 'lambda_val': 0.00077664239158103, 'batch_size': 1535, 'optimizer': 'RMSprop'}. Best is trial 58 with value: 0.03164714554410689.
2026-05-13 20:06:10,706 - optuna.study.study - INFO - Trial 69 finished with value: 0.009473217354362639 and parameters: {'n_layers': 1, 'embedding_dim': 128, 'lr': 0.0004539509826228096, 'lambda_val': 0.0007520130116381423, 'batch_size': 1358, 'optimizer': 'RMSprop'}. Best is trial 58 with value: 0.03164714554410689.
2026-05-13 20:06:37,910 - optuna.study.study - INFO - Trial 70 finished with value: 0.008998822368215061 and parameters: {'n_layers': 1, 'embedding_dim': 128, 'lr': 0.0015096289041913013, 'lambda_val': 1.567910057658493e-05, 'batch_size': 1616, 'optimizer': 'RMSprop'}. Best is trial 58 with value: 0.03164714554410689.
2026-05-13 20:07:03,990 - optuna.study.study - INFO - Trial 71 finished with value: 0.005385948742394058 and parameters: {'n_layers': 1, 'embedding_dim': 128, 'lr': 0.00021903466574305297, 'lambda_val': 0.001313991527493117, 'batch_size': 1562, 'optimizer': 'RMSprop'}. Best is trial 58 with value: 0.03164714554410689.
2026-05-13 20:07:30,386 - optuna.study.study - INFO - Trial 72 finished with value: 0.012232839797534749 and parameters: {'n_layers': 1, 'embedding_dim': 128, 'lr': 0.007422830966488679, 'lambda_val': 0.0014560805630776039, 'batch_size': 1942, 'optimizer': 'RMSprop'}. Best is trial 58 with value: 0.03164714554410689.
2026-05-13 20:07:57,348 - optuna.study.study - INFO - Trial 73 finished with value: 0.013677985259876804 and parameters: {'n_layers': 1, 'embedding_dim': 128, 'lr': 0.006897637348417759, 'lambda_val': 0.0004730419686555259, 'batch_size': 1911, 'optimizer': 'RMSprop'}. Best is trial 58 with value: 0.03164714554410689.
2026-05-13 20:08:24,207 - optuna.study.study - INFO - Trial 74 finished with value: 0.011166651371579605 and parameters: {'n_layers': 1, 'embedding_dim': 128, 'lr': 0.007446912256258272, 'lambda_val': 0.00017063216354831155, 'batch_size': 1920, 'optimizer': 'RMSprop'}. Best is trial 58 with value: 0.03164714554410689.
2026-05-13 20:08:52,424 - optuna.study.study - INFO - Trial 75 finished with value: 0.010683558056409232 and parameters: {'n_layers': 1, 'embedding_dim': 128, 'lr': 0.003687736938014792, 'lambda_val': 2.0466675959451373e-06, 'batch_size': 3316, 'optimizer': 'RMSprop'}. Best is trial 58 with value: 0.03164714554410689.
2026-05-13 20:08:57,290 - optuna.study._optimize - INFO - Trial 76 pruned. 
2026-05-13 20:09:21,957 - optuna.study.study - INFO - Trial 77 finished with value: 0.010127327906288855 and parameters: {'n_layers': 1, 'embedding_dim': 128, 'lr': 0.011917049602176459, 'lambda_val': 1.011365010455202e-06, 'batch_size': 1721, 'optimizer': 'RMSprop'}. Best is trial 58 with value: 0.03164714554410689.
2026-05-13 20:09:26,037 - optuna.study._optimize - INFO - Trial 78 pruned. 
2026-05-13 20:09:47,904 - optuna.study.study - INFO - Trial 79 finished with value: 0.014379630163778308 and parameters: {'n_layers': 3, 'embedding_dim': 32, 'lr': 0.00010439417219061615, 'lambda_val': 0.0010728138806935404, 'batch_size': 1937, 'optimizer': 'RMSprop'}. Best is trial 58 with value: 0.03164714554410689.
2026-05-13 20:09:51,547 - optuna.study._optimize - INFO - Trial 80 pruned. 
2026-05-13 20:09:55,762 - optuna.study._optimize - INFO - Trial 81 pruned. 
2026-05-13 20:09:59,469 - optuna.study._optimize - INFO - Trial 82 pruned. 
2026-05-13 20:10:32,679 - optuna.study.study - INFO - Trial 83 finished with value: 0.0036479458980987296 and parameters: {'n_layers': 3, 'embedding_dim': 128, 'lr': 0.00015129052680913359, 'lambda_val': 0.001054241284178677, 'batch_size': 2305, 'optimizer': 'RMSprop'}. Best is trial 58 with value: 0.03164714554410689.
2026-05-13 20:10:36,628 - optuna.study._optimize - INFO - Trial 84 pruned. 
2026-05-13 20:11:00,281 - optuna.study.study - INFO - Trial 85 finished with value: 0.011704229675436903 and parameters: {'n_layers': 1, 'embedding_dim': 64, 'lr': 0.005168097088897477, 'lambda_val': 0.0002462791333929947, 'batch_size': 1678, 'optimizer': 'RMSprop'}. Best is trial 58 with value: 0.03164714554410689.
2026-05-13 20:11:26,313 - optuna.study.study - INFO - Trial 86 finished with value: 0.013529526902726673 and parameters: {'n_layers': 1, 'embedding_dim': 96, 'lr': 0.006197760894940055, 'lambda_val': 0.0007934645026365642, 'batch_size': 2074, 'optimizer': 'RMSprop'}. Best is trial 58 with value: 0.03164714554410689.
2026-05-13 20:11:48,048 - optuna.study.study - INFO - Trial 87 finished with value: 0.011196546682520398 and parameters: {'n_layers': 1, 'embedding_dim': 32, 'lr': 0.009028179664314035, 'lambda_val': 0.002617588858902386, 'batch_size': 2061, 'optimizer': 'RMSprop'}. Best is trial 58 with value: 0.03164714554410689.
2026-05-13 20:12:17,852 - optuna.study.study - INFO - Trial 88 finished with value: 0.009537626189589556 and parameters: {'n_layers': 1, 'embedding_dim': 256, 'lr': 0.00010243001188835375, 'lambda_val': 0.0008438141889439573, 'batch_size': 1887, 'optimizer': 'RMSprop'}. Best is trial 58 with value: 0.03164714554410689.
2026-05-13 20:12:21,745 - optuna.study._optimize - INFO - Trial 89 pruned. 
2026-05-13 20:12:59,766 - optuna.study.study - INFO - Trial 90 finished with value: 0.01338809416516387 and parameters: {'n_layers': 1, 'embedding_dim': 256, 'lr': 0.012395141049240076, 'lambda_val': 0.0006327128855333057, 'batch_size': 1984, 'optimizer': 'RMSprop'}. Best is trial 58 with value: 0.03164714554410689.
2026-05-13 20:13:04,223 - optuna.study._optimize - INFO - Trial 91 pruned. 
2026-05-13 20:13:33,458 - optuna.study.study - INFO - Trial 92 finished with value: 0.013161181730483144 and parameters: {'n_layers': 1, 'embedding_dim': 256, 'lr': 0.011878021648005848, 'lambda_val': 0.0003680250472630361, 'batch_size': 1750, 'optimizer': 'RMSprop'}. Best is trial 58 with value: 0.03164714554410689.
2026-05-13 20:14:03,000 - optuna.study.study - INFO - Trial 93 finished with value: 0.01283481193234877 and parameters: {'n_layers': 1, 'embedding_dim': 256, 'lr': 0.015818158696429104, 'lambda_val': 0.00031149582102174767, 'batch_size': 1774, 'optimizer': 'RMSprop'}. Best is trial 58 with value: 0.03164714554410689.
2026-05-13 20:14:06,745 - optuna.study._optimize - INFO - Trial 94 pruned. 
2026-05-13 20:14:38,702 - optuna.study.study - INFO - Trial 95 finished with value: 0.011798659711609842 and parameters: {'n_layers': 1, 'embedding_dim': 256, 'lr': 0.01258800381205485, 'lambda_val': 0.00031249603364514667, 'batch_size': 3886, 'optimizer': 'RMSprop'}. Best is trial 58 with value: 0.03164714554410689.
2026-05-13 20:15:07,525 - optuna.study.study - INFO - Trial 96 finished with value: 0.012354856711696524 and parameters: {'n_layers': 1, 'embedding_dim': 256, 'lr': 0.01534795010957229, 'lambda_val': 0.00020959596298893287, 'batch_size': 2098, 'optimizer': 'RMSprop'}. Best is trial 58 with value: 0.03164714554410689.
2026-05-13 20:15:39,661 - optuna.study.study - INFO - Trial 97 finished with value: 0.010753301104788358 and parameters: {'n_layers': 1, 'embedding_dim': 256, 'lr': 0.010639961817112718, 'lambda_val': 0.00013950973953023797, 'batch_size': 2383, 'optimizer': 'RMSprop'}. Best is trial 58 with value: 0.03164714554410689.
2026-05-13 20:15:43,864 - optuna.study._optimize - INFO - Trial 98 pruned. 
2026-05-13 20:15:48,808 - optuna.study._optimize - INFO - Trial 99 pruned. 
2026-05-13 20:16:18,530 - optuna.study.study - INFO - Trial 100 finished with value: 0.014891065087372587 and parameters: {'n_layers': 1, 'embedding_dim': 256, 'lr': 0.01592396108768962, 'lambda_val': 0.0004501215856076531, 'batch_size': 2282, 'optimizer': 'RMSprop'}. Best is trial 58 with value: 0.03164714554410689.
2026-05-13 20:16:24,633 - optuna.study._optimize - INFO - Trial 101 pruned. 
2026-05-13 20:16:28,459 - optuna.study._optimize - INFO - Trial 102 pruned. 
2026-05-13 20:16:32,019 - optuna.study._optimize - INFO - Trial 103 pruned. 
2026-05-13 20:16:35,920 - optuna.study._optimize - INFO - Trial 104 pruned. 
2026-05-13 20:17:06,196 - optuna.study.study - INFO - Trial 105 finished with value: 0.01818916935041048 and parameters: {'n_layers': 1, 'embedding_dim': 256, 'lr': 7.307593460586542e-05, 'lambda_val': 0.00026987916801227043, 'batch_size': 1878, 'optimizer': 'RMSprop'}. Best is trial 58 with value: 0.03164714554410689.
2026-05-13 20:17:11,496 - optuna.study._optimize - INFO - Trial 106 pruned. 
2026-05-13 20:17:15,280 - optuna.study._optimize - INFO - Trial 107 pruned. 
2026-05-13 20:17:38,801 - optuna.study.study - INFO - Trial 108 finished with value: 0.032269988463037344 and parameters: {'n_layers': 1, 'embedding_dim': 96, 'lr': 7.531303861511496e-05, 'lambda_val': 0.0006470561535758777, 'batch_size': 1970, 'optimizer': 'RMSprop'}. Best is trial 108 with value: 0.032269988463037344.
2026-05-13 20:17:42,273 - optuna.study._optimize - INFO - Trial 109 pruned. 
2026-05-13 20:17:45,305 - optuna.study._optimize - INFO - Trial 110 pruned. 
2026-05-13 20:18:08,968 - optuna.study.study - INFO - Trial 111 finished with value: 0.035437831707625496 and parameters: {'n_layers': 1, 'embedding_dim': 96, 'lr': 8.122646613265148e-05, 'lambda_val': 0.0006899408965596129, 'batch_size': 1994, 'optimizer': 'RMSprop'}. Best is trial 111 with value: 0.035437831707625496.
2026-05-13 20:18:40,209 - optuna.study.study - INFO - Trial 112 finished with value: 0.030083667301336287 and parameters: {'n_layers': 1, 'embedding_dim': 96, 'lr': 7.345701268115837e-05, 'lambda_val': 0.0012068110193827345, 'batch_size': 1986, 'optimizer': 'RMSprop'}. Best is trial 111 with value: 0.035437831707625496.
2026-05-13 20:19:04,749 - optuna.study.study - INFO - Trial 113 finished with value: 0.029758482350214905 and parameters: {'n_layers': 1, 'embedding_dim': 96, 'lr': 7.673984465068286e-05, 'lambda_val': 0.0007214997170073249, 'batch_size': 1987, 'optimizer': 'RMSprop'}. Best is trial 111 with value: 0.035437831707625496.
2026-05-13 20:19:41,045 - optuna.study.study - INFO - Trial 114 finished with value: 0.02617985788098134 and parameters: {'n_layers': 1, 'embedding_dim': 96, 'lr': 7.39958322356815e-05, 'lambda_val': 0.0010596522386764943, 'batch_size': 2006, 'optimizer': 'RMSprop'}. Best is trial 111 with value: 0.035437831707625496.
2026-05-13 20:20:04,617 - optuna.study.study - INFO - Trial 115 finished with value: 0.021854177259066923 and parameters: {'n_layers': 1, 'embedding_dim': 96, 'lr': 7.944147868221027e-05, 'lambda_val': 0.001013170994882964, 'batch_size': 2186, 'optimizer': 'RMSprop'}. Best is trial 111 with value: 0.035437831707625496.
2026-05-13 20:20:33,709 - optuna.study.study - INFO - Trial 116 finished with value: 0.01308268935348832 and parameters: {'n_layers': 1, 'embedding_dim': 96, 'lr': 7.872032099619927e-05, 'lambda_val': 0.0017456400367947935, 'batch_size': 2152, 'optimizer': 'Adam'}. Best is trial 111 with value: 0.035437831707625496.
2026-05-13 20:21:01,091 - optuna.study.study - INFO - Trial 117 finished with value: 0.005805558481678663 and parameters: {'n_layers': 1, 'embedding_dim': 96, 'lr': 0.00012031120535389679, 'lambda_val': 0.0037808355546626966, 'batch_size': 2195, 'optimizer': 'RMSprop'}. Best is trial 111 with value: 0.035437831707625496.
2026-05-13 20:21:25,076 - optuna.study.study - INFO - Trial 118 finished with value: 0.005705467642685588 and parameters: {'n_layers': 1, 'embedding_dim': 96, 'lr': 0.00016274647817299598, 'lambda_val': 0.0011480399305706668, 'batch_size': 2329, 'optimizer': 'RMSprop'}. Best is trial 111 with value: 0.035437831707625496.
2026-05-13 20:21:29,091 - optuna.study._optimize - INFO - Trial 119 pruned. 
2026-05-13 20:21:53,780 - optuna.study.study - INFO - Trial 120 finished with value: 0.004982338590823816 and parameters: {'n_layers': 2, 'embedding_dim': 96, 'lr': 0.0002453387969930281, 'lambda_val': 1.065380843105557e-05, 'batch_size': 2007, 'optimizer': 'RMSprop'}. Best is trial 111 with value: 0.035437831707625496.
2026-05-13 20:21:57,152 - optuna.study._optimize - INFO - Trial 121 pruned. 
2026-05-13 20:22:23,865 - optuna.study.study - INFO - Trial 122 finished with value: 0.010946218419627002 and parameters: {'n_layers': 1, 'embedding_dim': 96, 'lr': 9.976127047058413e-05, 'lambda_val': 0.0016230864145600266, 'batch_size': 1862, 'optimizer': 'RMSprop'}. Best is trial 111 with value: 0.035437831707625496.
2026-05-13 20:22:26,961 - optuna.study._optimize - INFO - Trial 123 pruned. 
2026-05-13 20:22:50,517 - optuna.study.study - INFO - Trial 124 finished with value: 0.006903041534515194 and parameters: {'n_layers': 1, 'embedding_dim': 96, 'lr': 0.00012248132709527073, 'lambda_val': 0.001088006631344584, 'batch_size': 2228, 'optimizer': 'RMSprop'}. Best is trial 111 with value: 0.035437831707625496.
2026-05-13 20:23:16,777 - optuna.study.study - INFO - Trial 125 finished with value: 0.02243419544778799 and parameters: {'n_layers': 1, 'embedding_dim': 96, 'lr': 8.821155637280746e-05, 'lambda_val': 0.0007639602952346295, 'batch_size': 1947, 'optimizer': 'RMSprop'}. Best is trial 111 with value: 0.035437831707625496.
2026-05-13 20:23:20,194 - optuna.study._optimize - INFO - Trial 126 pruned. 
2026-05-13 20:23:44,698 - optuna.study.study - INFO - Trial 127 finished with value: 0.03210667218202094 and parameters: {'n_layers': 1, 'embedding_dim': 96, 'lr': 8.00470620406522e-05, 'lambda_val': 4.096650534608553e-06, 'batch_size': 2000, 'optimizer': 'RMSprop'}. Best is trial 111 with value: 0.035437831707625496.
2026-05-13 20:24:11,539 - optuna.study.study - INFO - Trial 128 finished with value: 0.02704130643160239 and parameters: {'n_layers': 1, 'embedding_dim': 96, 'lr': 8.594321187159663e-05, 'lambda_val': 3.1022197571286547e-06, 'batch_size': 1997, 'optimizer': 'RMSprop'}. Best is trial 111 with value: 0.035437831707625496.
2026-05-13 20:24:15,212 - optuna.study._optimize - INFO - Trial 129 pruned. 
2026-05-13 20:24:43,764 - optuna.study.study - INFO - Trial 130 finished with value: 0.02408855128802851 and parameters: {'n_layers': 1, 'embedding_dim': 96, 'lr': 8.437075857536686e-05, 'lambda_val': 4.632693241835637e-06, 'batch_size': 2355, 'optimizer': 'RMSprop'}. Best is trial 111 with value: 0.035437831707625496.
2026-05-13 20:25:11,456 - optuna.study.study - INFO - Trial 131 finished with value: 0.032828509145045204 and parameters: {'n_layers': 1, 'embedding_dim': 96, 'lr': 8.341222519609103e-05, 'lambda_val': 4.732619472475691e-06, 'batch_size': 2164, 'optimizer': 'RMSprop'}. Best is trial 111 with value: 0.035437831707625496.
2026-05-13 20:25:40,438 - optuna.study.study - INFO - Trial 132 finished with value: 0.026590062099196773 and parameters: {'n_layers': 1, 'embedding_dim': 96, 'lr': 8.334694412171912e-05, 'lambda_val': 4.289809760192461e-06, 'batch_size': 1975, 'optimizer': 'RMSprop'}. Best is trial 111 with value: 0.035437831707625496.
2026-05-13 20:26:11,352 - optuna.study.study - INFO - Trial 133 finished with value: 0.006357457690441111 and parameters: {'n_layers': 1, 'embedding_dim': 96, 'lr': 0.00013976865489715608, 'lambda_val': 4.260666784196846e-06, 'batch_size': 2126, 'optimizer': 'RMSprop'}. Best is trial 111 with value: 0.035437831707625496.
2026-05-13 20:26:36,584 - optuna.study.study - INFO - Trial 134 finished with value: 0.025218980569637547 and parameters: {'n_layers': 1, 'embedding_dim': 96, 'lr': 8.753170350058027e-05, 'lambda_val': 3.65021249614151e-06, 'batch_size': 2006, 'optimizer': 'RMSprop'}. Best is trial 111 with value: 0.035437831707625496.
2026-05-13 20:27:06,255 - optuna.study.study - INFO - Trial 135 finished with value: 0.022894579482811272 and parameters: {'n_layers': 1, 'embedding_dim': 96, 'lr': 8.935214119288171e-05, 'lambda_val': 8.231513113362686e-06, 'batch_size': 2012, 'optimizer': 'RMSprop'}. Best is trial 111 with value: 0.035437831707625496.
2026-05-13 20:27:36,317 - optuna.study.study - INFO - Trial 136 finished with value: 0.00764563126686812 and parameters: {'n_layers': 1, 'embedding_dim': 96, 'lr': 0.00018419771401245478, 'lambda_val': 4.70735828439344e-06, 'batch_size': 2017, 'optimizer': 'RMSprop'}. Best is trial 111 with value: 0.035437831707625496.
2026-05-13 20:28:04,803 - optuna.study.study - INFO - Trial 137 finished with value: 0.03188088673902918 and parameters: {'n_layers': 1, 'embedding_dim': 96, 'lr': 8.533649962040411e-05, 'lambda_val': 6.189679889248561e-06, 'batch_size': 1978, 'optimizer': 'RMSprop'}. Best is trial 111 with value: 0.035437831707625496.
2026-05-13 20:28:08,397 - optuna.study._optimize - INFO - Trial 138 pruned. 
2026-05-13 20:28:36,056 - optuna.study.study - INFO - Trial 139 finished with value: 0.03490856974631619 and parameters: {'n_layers': 1, 'embedding_dim': 96, 'lr': 0.0001095739722861187, 'lambda_val': 8.266860587514113e-06, 'batch_size': 786, 'optimizer': 'RMSprop'}. Best is trial 111 with value: 0.035437831707625496.
2026-05-13 20:29:05,202 - optuna.study.study - INFO - Trial 140 finished with value: 0.008775402086525682 and parameters: {'n_layers': 1, 'embedding_dim': 96, 'lr': 0.00011213024801127392, 'lambda_val': 5.856944260690698e-06, 'batch_size': 3574, 'optimizer': 'Adam'}. Best is trial 111 with value: 0.035437831707625496.
2026-05-13 20:29:09,017 - optuna.study._optimize - INFO - Trial 141 pruned. 
2026-05-13 20:29:12,989 - optuna.study._optimize - INFO - Trial 142 pruned. 
2026-05-13 20:29:40,568 - optuna.study.study - INFO - Trial 143 finished with value: 0.017173262657048424 and parameters: {'n_layers': 1, 'embedding_dim': 96, 'lr': 8.908638570005919e-05, 'lambda_val': 1.5257924216245432e-06, 'batch_size': 2953, 'optimizer': 'RMSprop'}. Best is trial 111 with value: 0.035437831707625496.
2026-05-13 20:29:44,030 - optuna.study._optimize - INFO - Trial 144 pruned. 
2026-05-13 20:30:09,033 - optuna.study.study - INFO - Trial 145 finished with value: 0.008192424669391463 and parameters: {'n_layers': 1, 'embedding_dim': 96, 'lr': 0.00012988414744086576, 'lambda_val': 6.0685667219416166e-06, 'batch_size': 2529, 'optimizer': 'RMSprop'}. Best is trial 111 with value: 0.035437831707625496.
2026-05-13 20:30:34,989 - optuna.study.study - INFO - Trial 146 finished with value: 0.039181203080980234 and parameters: {'n_layers': 1, 'embedding_dim': 96, 'lr': 9.039147787629846e-05, 'lambda_val': 2.9825661293680967e-06, 'batch_size': 1066, 'optimizer': 'RMSprop'}. Best is trial 146 with value: 0.039181203080980234.
2026-05-13 20:30:57,986 - optuna.study.study - INFO - Trial 147 finished with value: 0.013689962662484558 and parameters: {'n_layers': 1, 'embedding_dim': 96, 'lr': 0.00016989784077815523, 'lambda_val': 1.3054146502838856e-05, 'batch_size': 1182, 'optimizer': 'RMSprop'}. Best is trial 146 with value: 0.039181203080980234.
2026-05-13 20:31:20,727 - optuna.study.study - INFO - Trial 148 finished with value: 0.03477677792053174 and parameters: {'n_layers': 1, 'embedding_dim': 96, 'lr': 0.00010623739004674838, 'lambda_val': 2.8953706959423673e-06, 'batch_size': 999, 'optimizer': 'RMSprop'}. Best is trial 146 with value: 0.039181203080980234.
2026-05-13 20:31:45,117 - optuna.study.study - INFO - Trial 149 finished with value: 0.04357399784748842 and parameters: {'n_layers': 1, 'embedding_dim': 96, 'lr': 0.0001094065555688638, 'lambda_val': 3.009761444331011e-06, 'batch_size': 599, 'optimizer': 'RMSprop'}. Best is trial 149 with value: 0.04357399784748842.
2026-05-13 20:32:09,382 - optuna.study.study - INFO - Trial 150 finished with value: 0.009250009827370015 and parameters: {'n_layers': 1, 'embedding_dim': 96, 'lr': 0.00023310574003570277, 'lambda_val': 2.865935997682907e-06, 'batch_size': 1001, 'optimizer': 'RMSprop'}. Best is trial 149 with value: 0.04357399784748842.
2026-05-13 20:32:35,991 - optuna.study.study - INFO - Trial 151 finished with value: 0.03707313034527629 and parameters: {'n_layers': 1, 'embedding_dim': 96, 'lr': 0.00011428266599527325, 'lambda_val': 1.794025488066004e-06, 'batch_size': 658, 'optimizer': 'RMSprop'}. Best is trial 149 with value: 0.04357399784748842.
2026-05-13 20:33:04,102 - optuna.study.study - INFO - Trial 152 finished with value: 0.03512027556848222 and parameters: {'n_layers': 1, 'embedding_dim': 96, 'lr': 0.0001433723863376969, 'lambda_val': 1.926639446918456e-06, 'batch_size': 705, 'optimizer': 'RMSprop'}. Best is trial 149 with value: 0.04357399784748842.
2026-05-13 20:33:29,740 - optuna.study.study - INFO - Trial 153 finished with value: 0.042472628965419285 and parameters: {'n_layers': 1, 'embedding_dim': 96, 'lr': 0.00010963803828743771, 'lambda_val': 1.731299426969381e-06, 'batch_size': 721, 'optimizer': 'RMSprop'}. Best is trial 149 with value: 0.04357399784748842.
2026-05-13 20:33:55,439 - optuna.study.study - INFO - Trial 154 finished with value: 0.04226503209093252 and parameters: {'n_layers': 1, 'embedding_dim': 96, 'lr': 0.00011000402235569, 'lambda_val': 1.7390639123789373e-06, 'batch_size': 728, 'optimizer': 'RMSprop'}. Best is trial 149 with value: 0.04357399784748842.
2026-05-13 20:34:21,534 - optuna.study.study - INFO - Trial 155 finished with value: 0.02908570803297397 and parameters: {'n_layers': 1, 'embedding_dim': 96, 'lr': 0.00014232859414833532, 'lambda_val': 1.2418724467488158e-06, 'batch_size': 730, 'optimizer': 'RMSprop'}. Best is trial 149 with value: 0.04357399784748842.
2026-05-13 20:34:46,860 - optuna.study.study - INFO - Trial 156 finished with value: 0.04491812896364409 and parameters: {'n_layers': 1, 'embedding_dim': 96, 'lr': 0.000108743949959121, 'lambda_val': 1.7179673296141157e-06, 'batch_size': 643, 'optimizer': 'RMSprop'}. Best is trial 156 with value: 0.04491812896364409.
2026-05-13 20:34:50,334 - optuna.study._optimize - INFO - Trial 157 pruned. 
2026-05-13 20:35:17,268 - optuna.study.study - INFO - Trial 158 finished with value: 0.03596581435175276 and parameters: {'n_layers': 1, 'embedding_dim': 64, 'lr': 0.00011305472492147893, 'lambda_val': 1.5009748509429829e-06, 'batch_size': 834, 'optimizer': 'RMSprop'}. Best is trial 156 with value: 0.04491812896364409.
2026-05-13 20:35:50,359 - optuna.study.study - INFO - Trial 159 finished with value: 0.016426938327355717 and parameters: {'n_layers': 1, 'embedding_dim': 64, 'lr': 0.0001999377182368695, 'lambda_val': 1.2427075322430783e-06, 'batch_size': 915, 'optimizer': 'RMSprop'}. Best is trial 156 with value: 0.04491812896364409.
2026-05-13 20:36:17,921 - optuna.study.study - INFO - Trial 160 finished with value: 0.010127206619297793 and parameters: {'n_layers': 1, 'embedding_dim': 64, 'lr': 0.00031222484032217984, 'lambda_val': 1.7589023362124234e-06, 'batch_size': 817, 'optimizer': 'RMSprop'}. Best is trial 156 with value: 0.04491812896364409.
2026-05-13 20:36:45,071 - optuna.study.study - INFO - Trial 161 finished with value: 0.043005132812592384 and parameters: {'n_layers': 1, 'embedding_dim': 64, 'lr': 0.00011146340333628824, 'lambda_val': 2.434356377654255e-06, 'batch_size': 668, 'optimizer': 'RMSprop'}. Best is trial 156 with value: 0.04491812896364409.
2026-05-13 20:37:11,592 - optuna.study.study - INFO - Trial 162 finished with value: 0.038809607402011705 and parameters: {'n_layers': 1, 'embedding_dim': 64, 'lr': 0.00011163485836806267, 'lambda_val': 2.3688160915762523e-06, 'batch_size': 669, 'optimizer': 'RMSprop'}. Best is trial 156 with value: 0.04491812896364409.
2026-05-13 20:37:32,484 - optuna.study.study - INFO - Trial 163 finished with value: 0.04148423045948896 and parameters: {'n_layers': 1, 'embedding_dim': 64, 'lr': 0.00014033272292578787, 'lambda_val': 2.435453247142891e-06, 'batch_size': 647, 'optimizer': 'RMSprop'}. Best is trial 156 with value: 0.04491812896364409.
2026-05-13 20:38:02,152 - optuna.study.study - INFO - Trial 164 finished with value: 0.04036314492874238 and parameters: {'n_layers': 1, 'embedding_dim': 64, 'lr': 0.00014452381184313091, 'lambda_val': 2.385073624919286e-06, 'batch_size': 645, 'optimizer': 'RMSprop'}. Best is trial 156 with value: 0.04491812896364409.
2026-05-13 20:38:28,355 - optuna.study.study - INFO - Trial 165 finished with value: 0.03801418901107111 and parameters: {'n_layers': 1, 'embedding_dim': 64, 'lr': 0.0001575899634242443, 'lambda_val': 1.3596877301947492e-06, 'batch_size': 664, 'optimizer': 'RMSprop'}. Best is trial 156 with value: 0.04491812896364409.
2026-05-13 20:38:52,846 - optuna.study.study - INFO - Trial 166 finished with value: 0.03727522201963112 and parameters: {'n_layers': 1, 'embedding_dim': 64, 'lr': 0.0001669170092180787, 'lambda_val': 2.3758463788962672e-06, 'batch_size': 638, 'optimizer': 'RMSprop'}. Best is trial 156 with value: 0.04491812896364409.
2026-05-13 20:39:15,976 - optuna.study.study - INFO - Trial 167 finished with value: 0.03893674399847101 and parameters: {'n_layers': 1, 'embedding_dim': 64, 'lr': 0.00016290838303990523, 'lambda_val': 2.3804200746112836e-06, 'batch_size': 642, 'optimizer': 'RMSprop'}. Best is trial 156 with value: 0.04491812896364409.
2026-05-13 20:39:38,675 - optuna.study.study - INFO - Trial 168 finished with value: 0.035893111306615974 and parameters: {'n_layers': 1, 'embedding_dim': 64, 'lr': 0.00016509350561832192, 'lambda_val': 1.2150462158883862e-06, 'batch_size': 639, 'optimizer': 'RMSprop'}. Best is trial 156 with value: 0.04491812896364409.
2026-05-13 20:40:05,486 - optuna.study.study - INFO - Trial 169 finished with value: 0.041386263773102144 and parameters: {'n_layers': 1, 'embedding_dim': 64, 'lr': 0.00015580941890910461, 'lambda_val': 1.2786306228842431e-06, 'batch_size': 644, 'optimizer': 'RMSprop'}. Best is trial 156 with value: 0.04491812896364409.
2026-05-13 20:40:31,385 - optuna.study.study - INFO - Trial 170 finished with value: 0.031722579347492806 and parameters: {'n_layers': 1, 'embedding_dim': 64, 'lr': 0.00018657816079444873, 'lambda_val': 1.2334235414019051e-06, 'batch_size': 632, 'optimizer': 'RMSprop'}. Best is trial 156 with value: 0.04491812896364409.
2026-05-13 20:40:57,490 - optuna.study.study - INFO - Trial 171 finished with value: 0.008299060264607267 and parameters: {'n_layers': 1, 'embedding_dim': 64, 'lr': 0.0002644904371035319, 'lambda_val': 2.3468892051930643e-06, 'batch_size': 704, 'optimizer': 'RMSprop'}. Best is trial 156 with value: 0.04491812896364409.
2026-05-13 20:41:27,696 - optuna.study.study - INFO - Trial 172 finished with value: 0.03614834175276255 and parameters: {'n_layers': 1, 'embedding_dim': 64, 'lr': 0.00015862791102964793, 'lambda_val': 1.5960098367360936e-06, 'batch_size': 566, 'optimizer': 'RMSprop'}. Best is trial 156 with value: 0.04491812896364409.
2026-05-13 20:41:55,332 - optuna.study.study - INFO - Trial 173 finished with value: 0.037174106684966304 and parameters: {'n_layers': 1, 'embedding_dim': 64, 'lr': 0.00016116602984646682, 'lambda_val': 1.5555360846980828e-06, 'batch_size': 577, 'optimizer': 'RMSprop'}. Best is trial 156 with value: 0.04491812896364409.
2026-05-13 20:42:17,683 - optuna.study.study - INFO - Trial 174 finished with value: 0.04248511891893783 and parameters: {'n_layers': 1, 'embedding_dim': 64, 'lr': 0.0001627071350561008, 'lambda_val': 1.449537791833086e-06, 'batch_size': 568, 'optimizer': 'RMSprop'}. Best is trial 156 with value: 0.04491812896364409.
2026-05-13 20:42:42,892 - optuna.study.study - INFO - Trial 175 finished with value: 0.011858562353652034 and parameters: {'n_layers': 1, 'embedding_dim': 64, 'lr': 0.0003813921003702006, 'lambda_val': 1.5685018485182031e-06, 'batch_size': 514, 'optimizer': 'RMSprop'}. Best is trial 156 with value: 0.04491812896364409.
2026-05-13 20:43:11,014 - optuna.study.study - INFO - Trial 176 finished with value: 0.014993107997538786 and parameters: {'n_layers': 1, 'embedding_dim': 64, 'lr': 0.00021138656007660693, 'lambda_val': 1.5834326315799752e-06, 'batch_size': 846, 'optimizer': 'RMSprop'}. Best is trial 156 with value: 0.04491812896364409.
2026-05-13 20:43:38,986 - optuna.study.study - INFO - Trial 177 finished with value: 0.039193731757391354 and parameters: {'n_layers': 1, 'embedding_dim': 64, 'lr': 0.0001325144281028988, 'lambda_val': 2.2539765243224133e-06, 'batch_size': 587, 'optimizer': 'Adam'}. Best is trial 156 with value: 0.04491812896364409.
2026-05-13 20:44:07,103 - optuna.study.study - INFO - Trial 178 finished with value: 0.03078062522666576 and parameters: {'n_layers': 1, 'embedding_dim': 64, 'lr': 0.00015915654198657027, 'lambda_val': 2.3291221157197206e-06, 'batch_size': 590, 'optimizer': 'Adam'}. Best is trial 156 with value: 0.04491812896364409.
2026-05-13 20:44:34,213 - optuna.study.study - INFO - Trial 179 finished with value: 0.029278740004837295 and parameters: {'n_layers': 1, 'embedding_dim': 64, 'lr': 0.00013699111745394375, 'lambda_val': 1.1351929082974789e-06, 'batch_size': 581, 'optimizer': 'Adam'}. Best is trial 156 with value: 0.04491812896364409.
2026-05-13 20:45:01,336 - optuna.study.study - INFO - Trial 180 finished with value: 0.029703687267515294 and parameters: {'n_layers': 1, 'embedding_dim': 64, 'lr': 0.00017966125879368018, 'lambda_val': 2.4035466868113132e-06, 'batch_size': 684, 'optimizer': 'Adam'}. Best is trial 156 with value: 0.04491812896364409.
2026-05-13 20:45:28,394 - optuna.study.study - INFO - Trial 181 finished with value: 0.04221384624044826 and parameters: {'n_layers': 1, 'embedding_dim': 64, 'lr': 0.0001358091438664898, 'lambda_val': 1.7693459795597475e-06, 'batch_size': 568, 'optimizer': 'RMSprop'}. Best is trial 156 with value: 0.04491812896364409.
2026-05-13 20:45:49,063 - optuna.study.study - INFO - Trial 182 finished with value: 0.011129350308317333 and parameters: {'n_layers': 1, 'embedding_dim': 64, 'lr': 0.0002836381266506192, 'lambda_val': 1.9018605826481233e-06, 'batch_size': 545, 'optimizer': 'Adam'}. Best is trial 156 with value: 0.04491812896364409.
2026-05-13 20:46:18,118 - optuna.study.study - INFO - Trial 183 finished with value: 0.030837293070260594 and parameters: {'n_layers': 1, 'embedding_dim': 64, 'lr': 0.00012946184838295965, 'lambda_val': 1.007804014165811e-06, 'batch_size': 661, 'optimizer': 'Adam'}. Best is trial 156 with value: 0.04491812896364409.
2026-05-13 20:46:46,348 - optuna.study.study - INFO - Trial 184 finished with value: 0.02813915775447093 and parameters: {'n_layers': 1, 'embedding_dim': 64, 'lr': 0.00023180709191853826, 'lambda_val': 1.7366678696177378e-06, 'batch_size': 515, 'optimizer': 'RMSprop'}. Best is trial 156 with value: 0.04491812896364409.
2026-05-13 20:47:22,668 - optuna.study.study - INFO - Trial 185 finished with value: 0.03279920430749187 and parameters: {'n_layers': 1, 'embedding_dim': 64, 'lr': 0.00015576212973566957, 'lambda_val': 2.7279035779317895e-06, 'batch_size': 752, 'optimizer': 'RMSprop'}. Best is trial 156 with value: 0.04491812896364409.
2026-05-13 20:47:59,341 - optuna.study.study - INFO - Trial 186 finished with value: 0.040851115377998175 and parameters: {'n_layers': 1, 'embedding_dim': 64, 'lr': 0.0001288978146233293, 'lambda_val': 1.4459576969613539e-06, 'batch_size': 618, 'optimizer': 'RMSprop'}. Best is trial 156 with value: 0.04491812896364409.
2026-05-13 20:48:24,312 - optuna.study.study - INFO - Trial 187 finished with value: 0.03814086703472252 and parameters: {'n_layers': 1, 'embedding_dim': 64, 'lr': 0.00013209529449987884, 'lambda_val': 1.9625414559183713e-06, 'batch_size': 630, 'optimizer': 'RMSprop'}. Best is trial 156 with value: 0.04491812896364409.
2026-05-13 20:48:27,280 - optuna.study._optimize - INFO - Trial 188 pruned. 
2026-05-13 20:48:53,694 - optuna.study.study - INFO - Trial 189 finished with value: 0.04146069962921812 and parameters: {'n_layers': 1, 'embedding_dim': 64, 'lr': 0.0001357848654334671, 'lambda_val': 1.3546318962771305e-06, 'batch_size': 614, 'optimizer': 'RMSprop'}. Best is trial 156 with value: 0.04491812896364409.
2026-05-13 20:49:20,892 - optuna.study.study - INFO - Trial 190 finished with value: 0.03309391425380894 and parameters: {'n_layers': 1, 'embedding_dim': 64, 'lr': 0.00013264156809141976, 'lambda_val': 3.0633256362621175e-06, 'batch_size': 878, 'optimizer': 'RMSprop'}. Best is trial 156 with value: 0.04491812896364409.
2026-05-13 20:49:47,411 - optuna.study.study - INFO - Trial 191 finished with value: 0.03816753465775927 and parameters: {'n_layers': 1, 'embedding_dim': 64, 'lr': 0.00013305851155770294, 'lambda_val': 1.2887265571306598e-06, 'batch_size': 602, 'optimizer': 'RMSprop'}. Best is trial 156 with value: 0.04491812896364409.
2026-05-13 20:50:14,902 - optuna.study.study - INFO - Trial 192 finished with value: 0.04151611682963731 and parameters: {'n_layers': 1, 'embedding_dim': 64, 'lr': 0.00012846276071444757, 'lambda_val': 1.3406112829381576e-06, 'batch_size': 707, 'optimizer': 'RMSprop'}. Best is trial 156 with value: 0.04491812896364409.
2026-05-13 20:50:46,570 - optuna.study.study - INFO - Trial 193 finished with value: 0.040664646844288214 and parameters: {'n_layers': 1, 'embedding_dim': 64, 'lr': 0.00012415476471556194, 'lambda_val': 1.0120965478928482e-06, 'batch_size': 727, 'optimizer': 'RMSprop'}. Best is trial 156 with value: 0.04491812896364409.
2026-05-13 20:51:13,287 - optuna.study.study - INFO - Trial 194 finished with value: 0.04065512092634357 and parameters: {'n_layers': 1, 'embedding_dim': 64, 'lr': 0.00012430335486847792, 'lambda_val': 1.082520612585322e-06, 'batch_size': 776, 'optimizer': 'RMSprop'}. Best is trial 156 with value: 0.04491812896364409.
2026-05-13 20:51:39,411 - optuna.study.study - INFO - Trial 195 finished with value: 0.04394569099709747 and parameters: {'n_layers': 1, 'embedding_dim': 64, 'lr': 0.00010255605850969953, 'lambda_val': 1.0733870254325653e-06, 'batch_size': 734, 'optimizer': 'RMSprop'}. Best is trial 156 with value: 0.04491812896364409.
2026-05-13 20:52:04,977 - optuna.study.study - INFO - Trial 196 finished with value: 0.045778532458303656 and parameters: {'n_layers': 1, 'embedding_dim': 64, 'lr': 0.00010049477675932628, 'lambda_val': 1.0209836072806434e-06, 'batch_size': 729, 'optimizer': 'RMSprop'}. Best is trial 196 with value: 0.045778532458303656.
2026-05-13 20:52:09,415 - optuna.study._optimize - INFO - Trial 197 pruned. 
2026-05-13 20:52:13,159 - optuna.study._optimize - INFO - Trial 198 pruned. 
2026-05-13 20:52:39,942 - optuna.study.study - INFO - Trial 199 finished with value: 0.03180420410262282 and parameters: {'n_layers': 1, 'embedding_dim': 64, 'lr': 0.00012581506412264227, 'lambda_val': 1.3457593602654108e-06, 'batch_size': 803, 'optimizer': 'Adam'}. Best is trial 196 with value: 0.045778532458303656.
2026-05-13 20:52:59,370 - root - INFO -   ** Getting the trainable edges:
2026-05-13 20:52:59,375 - helper_functions - INFO -      Number of nodes: 4883
2026-05-13 20:52:59,375 - helper_functions - INFO -      Ratio: 0.5389029908398631
2026-05-13 20:52:59,375 - helper_functions - INFO -      Number of unique users: 343
2026-05-13 20:52:59,375 - helper_functions - INFO -      Number of unique items: 4540
2026-05-13 20:52:59,375 - helper_functions - INFO -      Total dominant set edge: 70473
2026-05-13 20:52:59,375 - helper_functions - INFO -      Trainable edges: 56378.4
2026-05-13 20:52:59,383 - root - INFO -   **** Getting 70473 dominant set edges
2026-05-13 20:52:59,505 - optuna.storages._rdb.storage - INFO - A new study created in RDB with name: Study_e_100K_1c3dcs
2026-05-13 20:53:38,429 - optuna.study.study - INFO - Trial 0 finished with value: 0.015654847011790127 and parameters: {'n_layers': 4, 'embedding_dim': 64, 'lr': 0.0017523975273909687, 'lambda_val': 0.012326111446875152, 'batch_size': 2188, 'optimizer': 'RMSprop'}. Best is trial 0 with value: 0.015654847011790127.
2026-05-13 20:54:23,246 - optuna.study.study - INFO - Trial 1 finished with value: 0.011819657490671787 and parameters: {'n_layers': 4, 'embedding_dim': 96, 'lr': 0.0014035613504632797, 'lambda_val': 2.1713152614595624e-05, 'batch_size': 3790, 'optimizer': 'Adam'}. Best is trial 0 with value: 0.015654847011790127.
2026-05-13 20:55:10,023 - optuna.study.study - INFO - Trial 2 finished with value: 0.0030684355191687804 and parameters: {'n_layers': 4, 'embedding_dim': 128, 'lr': 0.07580634858332172, 'lambda_val': 0.0020266523650757933, 'batch_size': 1109, 'optimizer': 'SGD'}. Best is trial 0 with value: 0.015654847011790127.
2026-05-13 20:55:37,114 - optuna.study.study - INFO - Trial 3 finished with value: 0.0015758987164973157 and parameters: {'n_layers': 1, 'embedding_dim': 128, 'lr': 6.400853701699839e-05, 'lambda_val': 6.24659115723669e-06, 'batch_size': 1334, 'optimizer': 'SGD'}. Best is trial 0 with value: 0.015654847011790127.
2026-05-13 20:56:06,231 - optuna.study.study - INFO - Trial 4 finished with value: 0.002009487433383801 and parameters: {'n_layers': 1, 'embedding_dim': 96, 'lr': 5.2455371186763575e-05, 'lambda_val': 0.00587605766863971, 'batch_size': 2774, 'optimizer': 'SGD'}. Best is trial 0 with value: 0.015654847011790127.
2026-05-13 20:56:11,134 - optuna.study._optimize - INFO - Trial 5 pruned. 
2026-05-13 20:56:15,711 - optuna.study._optimize - INFO - Trial 6 pruned. 
2026-05-13 20:56:53,073 - optuna.study.study - INFO - Trial 7 finished with value: 0.02837624662567157 and parameters: {'n_layers': 2, 'embedding_dim': 128, 'lr': 0.004562128105704662, 'lambda_val': 0.001502483493534161, 'batch_size': 1610, 'optimizer': 'Adam'}. Best is trial 7 with value: 0.02837624662567157.
2026-05-13 20:57:30,351 - optuna.study.study - INFO - Trial 8 finished with value: 0.010650228222300339 and parameters: {'n_layers': 4, 'embedding_dim': 32, 'lr': 0.008052944035143162, 'lambda_val': 2.8552042044203183e-06, 'batch_size': 2877, 'optimizer': 'Adam'}. Best is trial 7 with value: 0.02837624662567157.
2026-05-13 20:57:35,342 - optuna.study._optimize - INFO - Trial 9 pruned. 
2026-05-13 20:58:19,104 - optuna.study.study - INFO - Trial 10 finished with value: 0.03171409078431788 and parameters: {'n_layers': 2, 'embedding_dim': 256, 'lr': 0.00029782691585972996, 'lambda_val': 0.00010460986708115738, 'batch_size': 624, 'optimizer': 'Adam'}. Best is trial 10 with value: 0.03171409078431788.
2026-05-13 20:59:02,877 - optuna.study.study - INFO - Trial 11 finished with value: 0.05104587802642686 and parameters: {'n_layers': 2, 'embedding_dim': 256, 'lr': 0.00015618039370319994, 'lambda_val': 7.50330144197865e-05, 'batch_size': 522, 'optimizer': 'Adam'}. Best is trial 11 with value: 0.05104587802642686.
2026-05-13 20:59:46,159 - optuna.study.study - INFO - Trial 12 finished with value: 0.043864701353241116 and parameters: {'n_layers': 2, 'embedding_dim': 256, 'lr': 0.00025074899509189893, 'lambda_val': 0.00015323784819816922, 'batch_size': 521, 'optimizer': 'Adam'}. Best is trial 11 with value: 0.05104587802642686.
2026-05-13 21:00:39,270 - optuna.study.study - INFO - Trial 13 finished with value: 0.03058359433452154 and parameters: {'n_layers': 3, 'embedding_dim': 256, 'lr': 0.00029124405521970334, 'lambda_val': 6.393360696446042e-05, 'batch_size': 573, 'optimizer': 'Adam'}. Best is trial 11 with value: 0.05104587802642686.
2026-05-13 21:01:32,638 - optuna.study.study - INFO - Trial 14 finished with value: 0.023009172530428154 and parameters: {'n_layers': 3, 'embedding_dim': 256, 'lr': 0.00026112025172260597, 'lambda_val': 0.00027101597563189157, 'batch_size': 1130, 'optimizer': 'Adam'}. Best is trial 11 with value: 0.05104587802642686.
2026-05-13 21:01:37,972 - optuna.study._optimize - INFO - Trial 15 pruned. 
2026-05-13 21:02:13,422 - optuna.study.study - INFO - Trial 16 finished with value: 0.09357222138001613 and parameters: {'n_layers': 1, 'embedding_dim': 256, 'lr': 0.00014068294229963596, 'lambda_val': 0.0004156698276211701, 'batch_size': 741, 'optimizer': 'RMSprop'}. Best is trial 16 with value: 0.09357222138001613.
2026-05-13 21:02:17,749 - optuna.study._optimize - INFO - Trial 17 pruned. 
2026-05-13 21:02:52,290 - optuna.study.study - INFO - Trial 18 finished with value: 0.05719341663057725 and parameters: {'n_layers': 1, 'embedding_dim': 256, 'lr': 0.000553150264499095, 'lambda_val': 1.3259236815496471e-05, 'batch_size': 1716, 'optimizer': 'RMSprop'}. Best is trial 16 with value: 0.09357222138001613.
2026-05-13 21:02:56,930 - optuna.study._optimize - INFO - Trial 19 pruned. 
2026-05-13 21:03:26,127 - optuna.study.study - INFO - Trial 20 finished with value: 0.033261911989435775 and parameters: {'n_layers': 1, 'embedding_dim': 32, 'lr': 0.0007730966120205277, 'lambda_val': 1.2910068775746674e-05, 'batch_size': 2629, 'optimizer': 'RMSprop'}. Best is trial 16 with value: 0.09357222138001613.
2026-05-13 21:04:01,550 - optuna.study.study - INFO - Trial 21 finished with value: 0.059773439973987534 and parameters: {'n_layers': 1, 'embedding_dim': 256, 'lr': 0.0005965903837746956, 'lambda_val': 5.163313743470024e-05, 'batch_size': 919, 'optimizer': 'RMSprop'}. Best is trial 16 with value: 0.09357222138001613.
2026-05-13 21:04:45,039 - optuna.study.study - INFO - Trial 22 finished with value: 0.04226430557863727 and parameters: {'n_layers': 1, 'embedding_dim': 256, 'lr': 0.0006429546138141969, 'lambda_val': 1.3251321656822912e-05, 'batch_size': 1894, 'optimizer': 'RMSprop'}. Best is trial 16 with value: 0.09357222138001613.
2026-05-13 21:05:26,965 - optuna.study.study - INFO - Trial 23 finished with value: 0.04145441826129692 and parameters: {'n_layers': 1, 'embedding_dim': 256, 'lr': 0.004307297919401408, 'lambda_val': 3.5256930247190696e-05, 'batch_size': 880, 'optimizer': 'RMSprop'}. Best is trial 16 with value: 0.09357222138001613.
2026-05-13 21:06:06,318 - optuna.study.study - INFO - Trial 24 finished with value: 0.07155557172355746 and parameters: {'n_layers': 1, 'embedding_dim': 256, 'lr': 0.00042680457830245624, 'lambda_val': 0.0003282013642042596, 'batch_size': 1408, 'optimizer': 'RMSprop'}. Best is trial 16 with value: 0.09357222138001613.
2026-05-13 21:06:11,608 - optuna.study._optimize - INFO - Trial 25 pruned. 
2026-05-13 21:06:21,819 - optuna.study._optimize - INFO - Trial 26 pruned. 
2026-05-13 21:06:58,473 - optuna.study.study - INFO - Trial 27 finished with value: 0.06936818507244659 and parameters: {'n_layers': 1, 'embedding_dim': 256, 'lr': 0.003194014315577968, 'lambda_val': 0.0009113950134155641, 'batch_size': 1354, 'optimizer': 'RMSprop'}. Best is trial 16 with value: 0.09357222138001613.
2026-05-13 21:07:04,172 - optuna.study._optimize - INFO - Trial 28 pruned. 
2026-05-13 21:07:07,805 - optuna.study._optimize - INFO - Trial 29 pruned. 
2026-05-13 21:07:13,561 - optuna.study._optimize - INFO - Trial 30 pruned. 
2026-05-13 21:07:47,385 - optuna.study.study - INFO - Trial 31 finished with value: 0.045157853799410064 and parameters: {'n_layers': 1, 'embedding_dim': 256, 'lr': 0.00100008645063887, 'lambda_val': 0.0002035507112269003, 'batch_size': 815, 'optimizer': 'RMSprop'}. Best is trial 16 with value: 0.09357222138001613.
2026-05-13 21:08:21,725 - optuna.study.study - INFO - Trial 32 finished with value: 0.09772797769087545 and parameters: {'n_layers': 1, 'embedding_dim': 256, 'lr': 0.00014423460046792224, 'lambda_val': 0.0005032368321638477, 'batch_size': 1182, 'optimizer': 'RMSprop'}. Best is trial 32 with value: 0.09772797769087545.
2026-05-13 21:08:50,591 - optuna.study.study - INFO - Trial 33 finished with value: 0.08485009954796445 and parameters: {'n_layers': 1, 'embedding_dim': 96, 'lr': 0.00014927763849499818, 'lambda_val': 0.000553135289943047, 'batch_size': 1181, 'optimizer': 'RMSprop'}. Best is trial 32 with value: 0.09772797769087545.
2026-05-13 21:08:54,366 - optuna.study._optimize - INFO - Trial 34 pruned. 
2026-05-13 21:08:59,736 - optuna.study._optimize - INFO - Trial 35 pruned. 
2026-05-13 21:09:03,469 - optuna.study._optimize - INFO - Trial 36 pruned. 
2026-05-13 21:09:07,361 - optuna.study._optimize - INFO - Trial 37 pruned. 
2026-05-13 21:09:11,617 - optuna.study._optimize - INFO - Trial 38 pruned. 
2026-05-13 21:09:41,120 - optuna.study.study - INFO - Trial 39 finished with value: 0.0805995629596044 and parameters: {'n_layers': 1, 'embedding_dim': 96, 'lr': 0.00019098424520727676, 'lambda_val': 0.0013712280222659536, 'batch_size': 751, 'optimizer': 'RMSprop'}. Best is trial 32 with value: 0.09772797769087545.
2026-05-13 21:09:45,622 - optuna.study._optimize - INFO - Trial 40 pruned. 
2026-05-13 21:10:14,800 - optuna.study.study - INFO - Trial 41 finished with value: 0.06887761825425512 and parameters: {'n_layers': 1, 'embedding_dim': 96, 'lr': 0.0004017399034561628, 'lambda_val': 0.0001358572772840937, 'batch_size': 702, 'optimizer': 'RMSprop'}. Best is trial 32 with value: 0.09772797769087545.
2026-05-13 21:10:43,382 - optuna.study.study - INFO - Trial 42 finished with value: 0.04976800039692409 and parameters: {'n_layers': 1, 'embedding_dim': 96, 'lr': 0.0013315567056502247, 'lambda_val': 0.001535382341341145, 'batch_size': 1088, 'optimizer': 'RMSprop'}. Best is trial 32 with value: 0.09772797769087545.
2026-05-13 21:10:47,677 - optuna.study._optimize - INFO - Trial 43 pruned. 
2026-05-13 21:10:51,562 - optuna.study._optimize - INFO - Trial 44 pruned. 
2026-05-13 21:11:23,679 - optuna.study.study - INFO - Trial 45 finished with value: 0.07958953541573345 and parameters: {'n_layers': 1, 'embedding_dim': 128, 'lr': 0.0004030200645367191, 'lambda_val': 0.0012323353691937647, 'batch_size': 738, 'optimizer': 'RMSprop'}. Best is trial 32 with value: 0.09772797769087545.
2026-05-13 21:11:55,917 - optuna.study.study - INFO - Trial 46 finished with value: 0.07493917912871506 and parameters: {'n_layers': 1, 'embedding_dim': 128, 'lr': 0.00023685772172784934, 'lambda_val': 0.0013562318702511538, 'batch_size': 741, 'optimizer': 'RMSprop'}. Best is trial 32 with value: 0.09772797769087545.
2026-05-13 21:12:00,518 - optuna.study._optimize - INFO - Trial 47 pruned. 
2026-05-13 21:12:05,164 - optuna.study._optimize - INFO - Trial 48 pruned. 
2026-05-13 21:12:10,408 - optuna.study._optimize - INFO - Trial 49 pruned. 
2026-05-13 21:12:14,701 - optuna.study._optimize - INFO - Trial 50 pruned. 
2026-05-13 21:12:45,156 - optuna.study.study - INFO - Trial 51 finished with value: 0.09055396751311628 and parameters: {'n_layers': 1, 'embedding_dim': 128, 'lr': 0.00019874973370599596, 'lambda_val': 0.0010675915263203132, 'batch_size': 773, 'optimizer': 'RMSprop'}. Best is trial 32 with value: 0.09772797769087545.
2026-05-13 21:12:49,284 - optuna.study._optimize - INFO - Trial 52 pruned. 
2026-05-13 21:12:58,452 - optuna.study._optimize - INFO - Trial 53 pruned. 
2026-05-13 21:13:30,838 - optuna.study.study - INFO - Trial 54 finished with value: 0.08988714771161703 and parameters: {'n_layers': 1, 'embedding_dim': 128, 'lr': 0.00019228596649563655, 'lambda_val': 0.0006525887596213131, 'batch_size': 1000, 'optimizer': 'RMSprop'}. Best is trial 32 with value: 0.09772797769087545.
2026-05-13 21:13:59,591 - optuna.study.study - INFO - Trial 55 finished with value: 0.07559141020903924 and parameters: {'n_layers': 1, 'embedding_dim': 32, 'lr': 0.00025610021523008657, 'lambda_val': 0.0006493179885593232, 'batch_size': 980, 'optimizer': 'Adam'}. Best is trial 32 with value: 0.09772797769087545.
2026-05-13 21:14:30,213 - optuna.study.study - INFO - Trial 56 finished with value: 0.09482075250472988 and parameters: {'n_layers': 1, 'embedding_dim': 128, 'lr': 0.00015983099387374542, 'lambda_val': 0.00010868713520943937, 'batch_size': 914, 'optimizer': 'RMSprop'}. Best is trial 32 with value: 0.09772797769087545.
2026-05-13 21:14:35,787 - optuna.study._optimize - INFO - Trial 57 pruned. 
2026-05-13 21:14:39,876 - optuna.study._optimize - INFO - Trial 58 pruned. 
2026-05-13 21:14:43,761 - optuna.study._optimize - INFO - Trial 59 pruned. 
2026-05-13 21:14:47,746 - optuna.study._optimize - INFO - Trial 60 pruned. 
2026-05-13 21:14:52,272 - optuna.study._optimize - INFO - Trial 61 pruned. 
2026-05-13 21:14:56,575 - optuna.study._optimize - INFO - Trial 62 pruned. 
2026-05-13 21:15:25,733 - optuna.study.study - INFO - Trial 63 finished with value: 0.04647656042125826 and parameters: {'n_layers': 1, 'embedding_dim': 64, 'lr': 0.0008199436864707175, 'lambda_val': 0.0006433124817428529, 'batch_size': 1074, 'optimizer': 'RMSprop'}. Best is trial 32 with value: 0.09772797769087545.
2026-05-13 21:15:55,113 - optuna.study.study - INFO - Trial 64 finished with value: 0.06553010524280721 and parameters: {'n_layers': 1, 'embedding_dim': 96, 'lr': 0.00034213949672800046, 'lambda_val': 0.0008808001443972551, 'batch_size': 1293, 'optimizer': 'RMSprop'}. Best is trial 32 with value: 0.09772797769087545.
2026-05-13 21:16:24,921 - optuna.study.study - INFO - Trial 65 finished with value: 0.08677463137816578 and parameters: {'n_layers': 1, 'embedding_dim': 128, 'lr': 0.00022190833385429294, 'lambda_val': 2.1728704647010225e-05, 'batch_size': 793, 'optimizer': 'RMSprop'}. Best is trial 32 with value: 0.09772797769087545.
2026-05-13 21:16:29,013 - optuna.study._optimize - INFO - Trial 66 pruned. 
2026-05-13 21:16:37,416 - optuna.study._optimize - INFO - Trial 67 pruned. 
2026-05-13 21:16:42,652 - optuna.study._optimize - INFO - Trial 68 pruned. 
2026-05-13 21:16:47,887 - optuna.study._optimize - INFO - Trial 69 pruned. 
2026-05-13 21:16:52,294 - optuna.study._optimize - INFO - Trial 70 pruned. 
2026-05-13 21:17:23,078 - optuna.study.study - INFO - Trial 71 finished with value: 0.10625373500133882 and parameters: {'n_layers': 1, 'embedding_dim': 128, 'lr': 0.00018864826217356595, 'lambda_val': 0.00036225402520603236, 'batch_size': 795, 'optimizer': 'RMSprop'}. Best is trial 71 with value: 0.10625373500133882.
2026-05-13 21:17:27,169 - optuna.study._optimize - INFO - Trial 72 pruned. 
2026-05-13 21:17:31,483 - optuna.study._optimize - INFO - Trial 73 pruned. 
2026-05-13 21:18:03,188 - optuna.study.study - INFO - Trial 74 finished with value: 0.08914551814185909 and parameters: {'n_layers': 1, 'embedding_dim': 128, 'lr': 0.0002620125225023293, 'lambda_val': 0.0003800718041498828, 'batch_size': 979, 'optimizer': 'RMSprop'}. Best is trial 71 with value: 0.10625373500133882.
2026-05-13 21:18:41,155 - optuna.study.study - INFO - Trial 75 finished with value: 0.06141969195527778 and parameters: {'n_layers': 1, 'embedding_dim': 128, 'lr': 0.00030225980216839495, 'lambda_val': 0.00032753073404576, 'batch_size': 1015, 'optimizer': 'RMSprop'}. Best is trial 71 with value: 0.10625373500133882.
2026-05-13 21:18:46,611 - optuna.study._optimize - INFO - Trial 76 pruned. 
2026-05-13 21:19:17,536 - optuna.study.study - INFO - Trial 77 finished with value: 0.06782575910195433 and parameters: {'n_layers': 1, 'embedding_dim': 128, 'lr': 0.0007341055533048084, 'lambda_val': 3.162444783074233e-05, 'batch_size': 642, 'optimizer': 'RMSprop'}. Best is trial 71 with value: 0.10625373500133882.
2026-05-13 21:19:22,934 - optuna.study._optimize - INFO - Trial 78 pruned. 
2026-05-13 21:19:27,064 - optuna.study._optimize - INFO - Trial 79 pruned. 
2026-05-13 21:20:01,590 - optuna.study.study - INFO - Trial 80 finished with value: 0.04138243781874308 and parameters: {'n_layers': 1, 'embedding_dim': 256, 'lr': 0.0010109226226458555, 'lambda_val': 6.21699869970221e-05, 'batch_size': 522, 'optimizer': 'RMSprop'}. Best is trial 71 with value: 0.10625373500133882.
2026-05-13 21:20:05,563 - optuna.study._optimize - INFO - Trial 81 pruned. 
2026-05-13 21:20:09,683 - optuna.study._optimize - INFO - Trial 82 pruned. 
2026-05-13 21:20:15,786 - optuna.study._optimize - INFO - Trial 83 pruned. 
2026-05-13 21:20:50,799 - optuna.study.study - INFO - Trial 84 finished with value: 0.08278083040554639 and parameters: {'n_layers': 1, 'embedding_dim': 256, 'lr': 0.0003288259547283069, 'lambda_val': 0.0009636374584242356, 'batch_size': 702, 'optimizer': 'RMSprop'}. Best is trial 71 with value: 0.10625373500133882.
2026-05-13 21:20:55,086 - optuna.study._optimize - INFO - Trial 85 pruned. 
2026-05-13 21:21:00,072 - optuna.study._optimize - INFO - Trial 86 pruned. 
2026-05-13 21:21:04,532 - optuna.study._optimize - INFO - Trial 87 pruned. 
2026-05-13 21:21:35,734 - optuna.study.study - INFO - Trial 88 finished with value: 0.07070688996992941 and parameters: {'n_layers': 1, 'embedding_dim': 32, 'lr': 0.0004072651638848155, 'lambda_val': 0.00010656681914132494, 'batch_size': 1204, 'optimizer': 'RMSprop'}. Best is trial 71 with value: 0.10625373500133882.
2026-05-13 21:21:41,388 - optuna.study._optimize - INFO - Trial 89 pruned. 
2026-05-13 21:21:45,637 - optuna.study._optimize - INFO - Trial 90 pruned. 
2026-05-13 21:22:22,656 - optuna.study.study - INFO - Trial 91 finished with value: 0.08190561248819535 and parameters: {'n_layers': 1, 'embedding_dim': 256, 'lr': 0.0003422885842763605, 'lambda_val': 0.0008161039867647011, 'batch_size': 702, 'optimizer': 'RMSprop'}. Best is trial 71 with value: 0.10625373500133882.
2026-05-13 21:22:27,179 - optuna.study._optimize - INFO - Trial 92 pruned. 
2026-05-13 21:22:31,859 - optuna.study._optimize - INFO - Trial 93 pruned. 
2026-05-13 21:22:36,506 - optuna.study._optimize - INFO - Trial 94 pruned. 
2026-05-13 21:23:11,382 - optuna.study.study - INFO - Trial 95 finished with value: 0.08695298693795922 and parameters: {'n_layers': 1, 'embedding_dim': 256, 'lr': 0.0002220992474623633, 'lambda_val': 0.0007142993274945981, 'batch_size': 840, 'optimizer': 'RMSprop'}. Best is trial 71 with value: 0.10625373500133882.
2026-05-13 21:23:16,981 - optuna.study._optimize - INFO - Trial 96 pruned. 
2026-05-13 21:23:22,216 - optuna.study._optimize - INFO - Trial 97 pruned. 
2026-05-13 21:23:26,507 - optuna.study._optimize - INFO - Trial 98 pruned. 
2026-05-13 21:23:30,405 - optuna.study._optimize - INFO - Trial 99 pruned. 
2026-05-13 21:23:34,523 - optuna.study._optimize - INFO - Trial 100 pruned. 
2026-05-13 21:24:09,786 - optuna.study.study - INFO - Trial 101 finished with value: 0.08579837524560938 and parameters: {'n_layers': 1, 'embedding_dim': 256, 'lr': 0.00032291098711015586, 'lambda_val': 0.0007043295556772894, 'batch_size': 733, 'optimizer': 'RMSprop'}. Best is trial 71 with value: 0.10625373500133882.
2026-05-13 21:24:14,387 - optuna.study._optimize - INFO - Trial 102 pruned. 
2026-05-13 21:24:54,073 - optuna.study.study - INFO - Trial 103 finished with value: 0.08316037982733847 and parameters: {'n_layers': 1, 'embedding_dim': 256, 'lr': 0.00039401437824239106, 'lambda_val': 0.0005029689396773962, 'batch_size': 772, 'optimizer': 'RMSprop'}. Best is trial 71 with value: 0.10625373500133882.
2026-05-13 21:25:28,769 - optuna.study.study - INFO - Trial 104 finished with value: 0.06797921242297657 and parameters: {'n_layers': 1, 'embedding_dim': 256, 'lr': 0.0005960074020738926, 'lambda_val': 0.0003599438183162301, 'batch_size': 562, 'optimizer': 'RMSprop'}. Best is trial 71 with value: 0.10625373500133882.
2026-05-13 21:25:32,997 - optuna.study._optimize - INFO - Trial 105 pruned. 
2026-05-13 21:25:37,503 - optuna.study._optimize - INFO - Trial 106 pruned. 
2026-05-13 21:26:12,014 - optuna.study.study - INFO - Trial 107 finished with value: 0.06329779426065187 and parameters: {'n_layers': 1, 'embedding_dim': 256, 'lr': 0.00028029674357974436, 'lambda_val': 0.0007246556515785031, 'batch_size': 2090, 'optimizer': 'RMSprop'}. Best is trial 71 with value: 0.10625373500133882.
2026-05-13 21:26:16,143 - optuna.study._optimize - INFO - Trial 108 pruned. 
2026-05-13 21:26:20,274 - optuna.study._optimize - INFO - Trial 109 pruned. 
2026-05-13 21:26:24,393 - optuna.study._optimize - INFO - Trial 110 pruned. 
2026-05-13 21:26:59,569 - optuna.study.study - INFO - Trial 111 finished with value: 0.06807577852778592 and parameters: {'n_layers': 1, 'embedding_dim': 256, 'lr': 0.00048280218667642893, 'lambda_val': 0.0005182527648249943, 'batch_size': 806, 'optimizer': 'RMSprop'}. Best is trial 71 with value: 0.10625373500133882.
2026-05-13 21:27:34,155 - optuna.study.study - INFO - Trial 112 finished with value: 0.08409056199305057 and parameters: {'n_layers': 1, 'embedding_dim': 256, 'lr': 0.0003601111057051812, 'lambda_val': 0.00032652044037404947, 'batch_size': 759, 'optimizer': 'RMSprop'}. Best is trial 71 with value: 0.10625373500133882.
2026-05-13 21:27:40,860 - optuna.study._optimize - INFO - Trial 113 pruned. 
2026-05-13 21:28:15,901 - optuna.study.study - INFO - Trial 114 finished with value: 0.08424618717546889 and parameters: {'n_layers': 1, 'embedding_dim': 256, 'lr': 0.0002704573387637527, 'lambda_val': 0.000322576117953612, 'batch_size': 1027, 'optimizer': 'RMSprop'}. Best is trial 71 with value: 0.10625373500133882.
2026-05-13 21:28:51,670 - optuna.study.study - INFO - Trial 115 finished with value: 0.08703016146924629 and parameters: {'n_layers': 1, 'embedding_dim': 256, 'lr': 0.00025715571243032465, 'lambda_val': 0.0001314329311410033, 'batch_size': 1053, 'optimizer': 'RMSprop'}. Best is trial 71 with value: 0.10625373500133882.
2026-05-13 21:28:55,821 - optuna.study._optimize - INFO - Trial 116 pruned. 
2026-05-13 21:28:59,719 - optuna.study._optimize - INFO - Trial 117 pruned. 
2026-05-13 21:29:04,579 - optuna.study._optimize - INFO - Trial 118 pruned. 
2026-05-13 21:29:08,643 - optuna.study._optimize - INFO - Trial 119 pruned. 
2026-05-13 21:29:13,077 - optuna.study._optimize - INFO - Trial 120 pruned. 
2026-05-13 21:29:18,217 - optuna.study._optimize - INFO - Trial 121 pruned. 
2026-05-13 21:29:52,748 - optuna.study.study - INFO - Trial 122 finished with value: 0.08450094163619855 and parameters: {'n_layers': 1, 'embedding_dim': 256, 'lr': 0.0002679272867222003, 'lambda_val': 0.00026281772573655396, 'batch_size': 851, 'optimizer': 'RMSprop'}. Best is trial 71 with value: 0.10625373500133882.
2026-05-13 21:30:33,170 - optuna.study.study - INFO - Trial 123 finished with value: 0.10308683928191578 and parameters: {'n_layers': 1, 'embedding_dim': 256, 'lr': 0.0001941447173328224, 'lambda_val': 0.00024929496107963374, 'batch_size': 886, 'optimizer': 'RMSprop'}. Best is trial 71 with value: 0.10625373500133882.
2026-05-13 21:31:07,691 - optuna.study.study - INFO - Trial 124 finished with value: 0.09375497250943654 and parameters: {'n_layers': 1, 'embedding_dim': 256, 'lr': 0.00020936791970486908, 'lambda_val': 0.00016925414194489098, 'batch_size': 914, 'optimizer': 'RMSprop'}. Best is trial 71 with value: 0.10625373500133882.
2026-05-13 21:31:41,685 - optuna.study.study - INFO - Trial 125 finished with value: 0.09308647763379678 and parameters: {'n_layers': 1, 'embedding_dim': 256, 'lr': 0.00022142263205345375, 'lambda_val': 0.000162339710074207, 'batch_size': 901, 'optimizer': 'RMSprop'}. Best is trial 71 with value: 0.10625373500133882.
2026-05-13 21:32:14,700 - optuna.study.study - INFO - Trial 126 finished with value: 0.11213244182873397 and parameters: {'n_layers': 1, 'embedding_dim': 256, 'lr': 0.00020156036694031176, 'lambda_val': 5.4926167120701937e-05, 'batch_size': 936, 'optimizer': 'RMSprop'}. Best is trial 126 with value: 0.11213244182873397.
2026-05-13 21:32:19,067 - optuna.study._optimize - INFO - Trial 127 pruned. 
2026-05-13 21:32:23,579 - optuna.study._optimize - INFO - Trial 128 pruned. 
2026-05-13 21:32:28,004 - optuna.study._optimize - INFO - Trial 129 pruned. 
2026-05-13 21:32:32,663 - optuna.study._optimize - INFO - Trial 130 pruned. 
2026-05-13 21:33:07,795 - optuna.study.study - INFO - Trial 131 finished with value: 0.10356325108119102 and parameters: {'n_layers': 1, 'embedding_dim': 256, 'lr': 0.00021266914342551874, 'lambda_val': 2.4903692174514793e-05, 'batch_size': 817, 'optimizer': 'RMSprop'}. Best is trial 126 with value: 0.11213244182873397.
2026-05-13 21:33:12,147 - optuna.study._optimize - INFO - Trial 132 pruned. 
2026-05-13 21:33:16,823 - optuna.study._optimize - INFO - Trial 133 pruned. 
2026-05-13 21:33:50,801 - optuna.study.study - INFO - Trial 134 finished with value: 0.059196262724520374 and parameters: {'n_layers': 1, 'embedding_dim': 256, 'lr': 0.00044981223780245634, 'lambda_val': 3.847563077598654e-05, 'batch_size': 853, 'optimizer': 'RMSprop'}. Best is trial 126 with value: 0.11213244182873397.
2026-05-13 21:34:25,835 - optuna.study.study - INFO - Trial 135 finished with value: 0.0916741686380682 and parameters: {'n_layers': 1, 'embedding_dim': 256, 'lr': 0.00023566364357809042, 'lambda_val': 1.0651276622212043e-05, 'batch_size': 995, 'optimizer': 'RMSprop'}. Best is trial 126 with value: 0.11213244182873397.
2026-05-13 21:34:30,694 - optuna.study._optimize - INFO - Trial 136 pruned. 
2026-05-13 21:34:35,074 - optuna.study._optimize - INFO - Trial 137 pruned. 
2026-05-13 21:34:41,222 - optuna.study._optimize - INFO - Trial 138 pruned. 
2026-05-13 21:35:16,291 - optuna.study.study - INFO - Trial 139 finished with value: 0.09566969144639335 and parameters: {'n_layers': 1, 'embedding_dim': 256, 'lr': 0.00024666822321139963, 'lambda_val': 0.00014235567495801603, 'batch_size': 1104, 'optimizer': 'RMSprop'}. Best is trial 126 with value: 0.11213244182873397.
2026-05-13 21:35:20,726 - optuna.study._optimize - INFO - Trial 140 pruned. 
2026-05-13 21:35:25,238 - optuna.study._optimize - INFO - Trial 141 pruned. 
2026-05-13 21:35:59,620 - optuna.study.study - INFO - Trial 142 finished with value: 0.08501960516088365 and parameters: {'n_layers': 1, 'embedding_dim': 256, 'lr': 0.0002617550167068645, 'lambda_val': 2.6474193860935423e-05, 'batch_size': 1074, 'optimizer': 'RMSprop'}. Best is trial 126 with value: 0.11213244182873397.
2026-05-13 21:36:36,664 - optuna.study.study - INFO - Trial 143 finished with value: 0.08591545854409952 and parameters: {'n_layers': 1, 'embedding_dim': 256, 'lr': 0.0003040013992769236, 'lambda_val': 0.00011533363407060566, 'batch_size': 867, 'optimizer': 'RMSprop'}. Best is trial 126 with value: 0.11213244182873397.
2026-05-13 21:37:11,783 - optuna.study.study - INFO - Trial 144 finished with value: 0.10122916309657115 and parameters: {'n_layers': 1, 'embedding_dim': 256, 'lr': 0.0002337575912924063, 'lambda_val': 1.594537330791574e-05, 'batch_size': 715, 'optimizer': 'RMSprop'}. Best is trial 126 with value: 0.11213244182873397.
2026-05-13 21:37:16,080 - optuna.study._optimize - INFO - Trial 145 pruned. 
2026-05-13 21:37:20,344 - optuna.study._optimize - INFO - Trial 146 pruned. 
2026-05-13 21:37:24,269 - optuna.study._optimize - INFO - Trial 147 pruned. 
2026-05-13 21:37:58,626 - optuna.study.study - INFO - Trial 148 finished with value: 0.08118526358803281 and parameters: {'n_layers': 1, 'embedding_dim': 256, 'lr': 0.0003314554115708281, 'lambda_val': 1.01322255602516e-05, 'batch_size': 904, 'optimizer': 'RMSprop'}. Best is trial 126 with value: 0.11213244182873397.
2026-05-13 21:38:03,354 - optuna.study._optimize - INFO - Trial 149 pruned. 
2026-05-13 21:38:07,176 - optuna.study._optimize - INFO - Trial 150 pruned. 
2026-05-13 21:38:42,163 - optuna.study.study - INFO - Trial 151 finished with value: 0.09814597876416704 and parameters: {'n_layers': 1, 'embedding_dim': 256, 'lr': 0.0002443715766523657, 'lambda_val': 6.872085010477639e-06, 'batch_size': 1004, 'optimizer': 'RMSprop'}. Best is trial 126 with value: 0.11213244182873397.
2026-05-13 21:38:46,503 - optuna.study._optimize - INFO - Trial 152 pruned. 
2026-05-13 21:38:50,868 - optuna.study._optimize - INFO - Trial 153 pruned. 
2026-05-13 21:38:55,878 - optuna.study._optimize - INFO - Trial 154 pruned. 
2026-05-13 21:39:29,988 - optuna.study.study - INFO - Trial 155 finished with value: 0.07271367092863802 and parameters: {'n_layers': 1, 'embedding_dim': 256, 'lr': 0.0003982706194755474, 'lambda_val': 0.0002066859122099842, 'batch_size': 913, 'optimizer': 'RMSprop'}. Best is trial 126 with value: 0.11213244182873397.
2026-05-13 21:39:34,378 - optuna.study._optimize - INFO - Trial 156 pruned. 
2026-05-13 21:39:38,688 - optuna.study._optimize - INFO - Trial 157 pruned. 
2026-05-13 21:39:44,252 - optuna.study._optimize - INFO - Trial 158 pruned. 
2026-05-13 21:40:19,306 - optuna.study.study - INFO - Trial 159 finished with value: 0.08463870022679708 and parameters: {'n_layers': 1, 'embedding_dim': 256, 'lr': 0.00028859909422807164, 'lambda_val': 0.00024258568101372983, 'batch_size': 846, 'optimizer': 'RMSprop'}. Best is trial 126 with value: 0.11213244182873397.
2026-05-13 21:40:23,540 - optuna.study._optimize - INFO - Trial 160 pruned. 
2026-05-13 21:41:00,543 - optuna.study.study - INFO - Trial 161 finished with value: 0.0821144748265485 and parameters: {'n_layers': 1, 'embedding_dim': 256, 'lr': 0.0002358840992706331, 'lambda_val': 0.00013442279215890993, 'batch_size': 1091, 'optimizer': 'RMSprop'}. Best is trial 126 with value: 0.11213244182873397.
2026-05-13 21:41:37,211 - optuna.study.study - INFO - Trial 162 finished with value: 0.08340424054122815 and parameters: {'n_layers': 1, 'embedding_dim': 256, 'lr': 0.0003042230159163068, 'lambda_val': 2.4744713007678482e-05, 'batch_size': 947, 'optimizer': 'RMSprop'}. Best is trial 126 with value: 0.11213244182873397.
2026-05-13 21:41:41,643 - optuna.study._optimize - INFO - Trial 163 pruned. 
2026-05-13 21:41:47,951 - optuna.study._optimize - INFO - Trial 164 pruned. 
2026-05-13 21:42:23,292 - optuna.study.study - INFO - Trial 165 finished with value: 0.08176852201034383 and parameters: {'n_layers': 1, 'embedding_dim': 256, 'lr': 0.00038213885719725704, 'lambda_val': 1.1567059888676134e-05, 'batch_size': 888, 'optimizer': 'RMSprop'}. Best is trial 126 with value: 0.11213244182873397.
2026-05-13 21:42:27,732 - optuna.study._optimize - INFO - Trial 166 pruned. 
2026-05-13 21:42:32,067 - optuna.study._optimize - INFO - Trial 167 pruned. 
2026-05-13 21:42:36,360 - optuna.study._optimize - INFO - Trial 168 pruned. 
2026-05-13 21:43:09,958 - optuna.study.study - INFO - Trial 169 finished with value: 0.08627792533229744 and parameters: {'n_layers': 1, 'embedding_dim': 256, 'lr': 0.00027329405346633763, 'lambda_val': 0.00019572201351773615, 'batch_size': 969, 'optimizer': 'RMSprop'}. Best is trial 126 with value: 0.11213244182873397.
2026-05-13 21:43:39,759 - optuna.study.study - INFO - Trial 170 finished with value: 0.07778556093322678 and parameters: {'n_layers': 1, 'embedding_dim': 128, 'lr': 0.00033566063091041863, 'lambda_val': 3.14937457250268e-05, 'batch_size': 1233, 'optimizer': 'RMSprop'}. Best is trial 126 with value: 0.11213244182873397.
2026-05-13 21:43:44,733 - optuna.study._optimize - INFO - Trial 171 pruned. 
2026-05-13 21:43:50,787 - optuna.study._optimize - INFO - Trial 172 pruned. 
2026-05-13 21:43:57,374 - optuna.study._optimize - INFO - Trial 173 pruned. 
2026-05-13 21:44:01,831 - optuna.study._optimize - INFO - Trial 174 pruned. 
2026-05-13 21:44:07,344 - optuna.study._optimize - INFO - Trial 175 pruned. 
2026-05-13 21:44:11,253 - optuna.study._optimize - INFO - Trial 176 pruned. 
2026-05-13 21:44:46,358 - optuna.study.study - INFO - Trial 177 finished with value: 0.06841519220418306 and parameters: {'n_layers': 1, 'embedding_dim': 256, 'lr': 0.0004417799692163996, 'lambda_val': 9.86599374044649e-05, 'batch_size': 1046, 'optimizer': 'RMSprop'}. Best is trial 126 with value: 0.11213244182873397.
2026-05-13 21:44:51,101 - optuna.study._optimize - INFO - Trial 178 pruned. 
2026-05-13 21:44:56,961 - optuna.study._optimize - INFO - Trial 179 pruned. 
2026-05-13 21:45:01,723 - optuna.study._optimize - INFO - Trial 180 pruned. 
2026-05-13 21:45:30,798 - optuna.study.study - INFO - Trial 181 finished with value: 0.09889829995150404 and parameters: {'n_layers': 1, 'embedding_dim': 128, 'lr': 0.00021796784358498687, 'lambda_val': 9.031823441488158e-06, 'batch_size': 774, 'optimizer': 'RMSprop'}. Best is trial 126 with value: 0.11213244182873397.
2026-05-13 21:45:36,785 - optuna.study._optimize - INFO - Trial 182 pruned. 
2026-05-13 21:45:40,645 - optuna.study._optimize - INFO - Trial 183 pruned. 
2026-05-13 21:46:09,476 - optuna.study.study - INFO - Trial 184 finished with value: 0.08221213883303614 and parameters: {'n_layers': 1, 'embedding_dim': 128, 'lr': 0.00033972872622245584, 'lambda_val': 8.199623928322465e-06, 'batch_size': 992, 'optimizer': 'RMSprop'}. Best is trial 126 with value: 0.11213244182873397.
2026-05-13 21:46:13,988 - optuna.study._optimize - INFO - Trial 185 pruned. 
2026-05-13 21:46:18,544 - optuna.study._optimize - INFO - Trial 186 pruned. 
2026-05-13 21:46:22,410 - optuna.study._optimize - INFO - Trial 187 pruned. 
2026-05-13 21:46:31,477 - optuna.study._optimize - INFO - Trial 188 pruned. 
2026-05-13 21:46:36,017 - optuna.study._optimize - INFO - Trial 189 pruned. 
2026-05-13 21:47:13,609 - optuna.study.study - INFO - Trial 190 finished with value: 0.08154515282374634 and parameters: {'n_layers': 1, 'embedding_dim': 256, 'lr': 0.0002718563189029972, 'lambda_val': 0.0013708563219187256, 'batch_size': 926, 'optimizer': 'RMSprop'}. Best is trial 126 with value: 0.11213244182873397.
2026-05-13 21:47:18,010 - optuna.study._optimize - INFO - Trial 191 pruned. 
2026-05-13 21:47:48,697 - optuna.study.study - INFO - Trial 192 finished with value: 0.0925540861637331 and parameters: {'n_layers': 1, 'embedding_dim': 128, 'lr': 0.00023083714920287386, 'lambda_val': 3.445400281434315e-05, 'batch_size': 766, 'optimizer': 'RMSprop'}. Best is trial 126 with value: 0.11213244182873397.
2026-05-13 21:47:52,495 - optuna.study._optimize - INFO - Trial 193 pruned. 
2026-05-13 21:47:59,194 - optuna.study._optimize - INFO - Trial 194 pruned. 
2026-05-13 21:48:32,607 - optuna.study.study - INFO - Trial 195 finished with value: 0.07541922351469171 and parameters: {'n_layers': 1, 'embedding_dim': 128, 'lr': 0.00023424587670599936, 'lambda_val': 3.70658982839588e-05, 'batch_size': 879, 'optimizer': 'RMSprop'}. Best is trial 126 with value: 0.11213244182873397.
2026-05-13 21:48:36,715 - optuna.study._optimize - INFO - Trial 196 pruned. 
2026-05-13 21:48:41,389 - optuna.study._optimize - INFO - Trial 197 pruned. 
2026-05-13 21:48:45,698 - optuna.study._optimize - INFO - Trial 198 pruned. 
2026-05-13 21:49:16,069 - optuna.study.study - INFO - Trial 199 finished with value: 0.07703182393803963 and parameters: {'n_layers': 1, 'embedding_dim': 128, 'lr': 0.0003220741799430142, 'lambda_val': 0.00018573966410989292, 'batch_size': 1177, 'optimizer': 'RMSprop'}. Best is trial 126 with value: 0.11213244182873397.
2026-05-13 21:49:43,564 - root - INFO -   **** Training e_100K_1c3dcs_rand1
2026-05-13 21:49:43,575 - root - INFO -   **** Getting 56335/65410 random edges
2026-05-13 21:49:44,744 - optuna.storages._rdb.storage - INFO - A new study created in RDB with name: Study_e_100K_1c3dcs_rand1
2026-05-13 21:50:28,825 - optuna.study.study - INFO - Trial 0 finished with value: 0.07974326791385299 and parameters: {'n_layers': 2, 'embedding_dim': 256, 'lr': 4.130282050693986e-05, 'lambda_val': 0.000253217567430377, 'batch_size': 2452, 'optimizer': 'Adam'}. Best is trial 0 with value: 0.07974326791385299.
2026-05-13 21:51:01,352 - optuna.study.study - INFO - Trial 1 finished with value: 0.01975760652343103 and parameters: {'n_layers': 3, 'embedding_dim': 32, 'lr': 0.0008186834990373063, 'lambda_val': 0.0005936635448814941, 'batch_size': 845, 'optimizer': 'RMSprop'}. Best is trial 0 with value: 0.07974326791385299.
2026-05-13 21:51:30,744 - optuna.study.study - INFO - Trial 2 finished with value: 0.0030541004879653987 and parameters: {'n_layers': 2, 'embedding_dim': 64, 'lr': 0.003291438228489944, 'lambda_val': 3.0431327816206462e-05, 'batch_size': 704, 'optimizer': 'SGD'}. Best is trial 0 with value: 0.07974326791385299.
2026-05-13 21:52:11,189 - optuna.study.study - INFO - Trial 3 finished with value: 0.014461792919960057 and parameters: {'n_layers': 4, 'embedding_dim': 96, 'lr': 0.002440611272105106, 'lambda_val': 0.01914813148751071, 'batch_size': 1709, 'optimizer': 'RMSprop'}. Best is trial 0 with value: 0.07974326791385299.
2026-05-13 21:52:57,728 - optuna.study.study - INFO - Trial 4 finished with value: 0.01675752376170655 and parameters: {'n_layers': 4, 'embedding_dim': 128, 'lr': 0.0005786477928601423, 'lambda_val': 8.115305972360647e-05, 'batch_size': 3204, 'optimizer': 'Adam'}. Best is trial 0 with value: 0.07974326791385299.
2026-05-13 21:53:32,078 - optuna.study.study - INFO - Trial 5 finished with value: 0.0431734961991138 and parameters: {'n_layers': 1, 'embedding_dim': 256, 'lr': 0.05007670306151177, 'lambda_val': 0.020045020654760468, 'batch_size': 1073, 'optimizer': 'Adam'}. Best is trial 0 with value: 0.07974326791385299.
2026-05-13 21:53:36,439 - optuna.study._optimize - INFO - Trial 6 pruned. 
2026-05-13 21:54:13,590 - optuna.study.study - INFO - Trial 7 finished with value: 0.08318539837860285 and parameters: {'n_layers': 1, 'embedding_dim': 256, 'lr': 0.00014059468650152304, 'lambda_val': 0.0013225415412523056, 'batch_size': 3159, 'optimizer': 'Adam'}. Best is trial 7 with value: 0.08318539837860285.
2026-05-13 21:54:18,645 - optuna.study._optimize - INFO - Trial 8 pruned. 
2026-05-13 21:54:24,845 - optuna.study._optimize - INFO - Trial 9 pruned. 
2026-05-13 21:54:29,123 - optuna.study._optimize - INFO - Trial 10 pruned. 
2026-05-13 21:54:33,962 - optuna.study._optimize - INFO - Trial 11 pruned. 
2026-05-13 21:55:09,866 - optuna.study.study - INFO - Trial 12 finished with value: 0.08315613485606344 and parameters: {'n_layers': 1, 'embedding_dim': 256, 'lr': 0.0001343615510106667, 'lambda_val': 4.6625293588585865e-05, 'batch_size': 2386, 'optimizer': 'Adam'}. Best is trial 7 with value: 0.08318539837860285.
2026-05-13 21:55:39,475 - optuna.study.study - INFO - Trial 13 finished with value: 0.07806311256518955 and parameters: {'n_layers': 1, 'embedding_dim': 128, 'lr': 0.00021118843217776142, 'lambda_val': 1.0959791514409545e-05, 'batch_size': 1780, 'optimizer': 'Adam'}. Best is trial 7 with value: 0.08318539837860285.
2026-05-13 21:56:09,006 - optuna.study.study - INFO - Trial 14 finished with value: 0.04188805853274864 and parameters: {'n_layers': 1, 'embedding_dim': 96, 'lr': 0.006664743820953559, 'lambda_val': 6.108320131032336e-06, 'batch_size': 3218, 'optimizer': 'Adam'}. Best is trial 7 with value: 0.08318539837860285.
2026-05-13 21:56:44,707 - optuna.study.study - INFO - Trial 15 finished with value: 0.0828334408635809 and parameters: {'n_layers': 1, 'embedding_dim': 256, 'lr': 0.00014422480566328926, 'lambda_val': 6.798540537685976e-05, 'batch_size': 2876, 'optimizer': 'Adam'}. Best is trial 7 with value: 0.08318539837860285.
2026-05-13 21:56:51,046 - optuna.study._optimize - INFO - Trial 16 pruned. 
2026-05-13 21:56:56,709 - optuna.study._optimize - INFO - Trial 17 pruned. 
2026-05-13 21:57:25,682 - optuna.study.study - INFO - Trial 18 finished with value: 0.08189760839203092 and parameters: {'n_layers': 1, 'embedding_dim': 128, 'lr': 0.010212042476578727, 'lambda_val': 0.0010240422247933822, 'batch_size': 1218, 'optimizer': 'RMSprop'}. Best is trial 7 with value: 0.08318539837860285.
2026-05-13 21:57:30,192 - optuna.study._optimize - INFO - Trial 19 pruned. 
2026-05-13 21:57:34,565 - optuna.study._optimize - INFO - Trial 20 pruned. 
2026-05-13 21:58:09,620 - optuna.study.study - INFO - Trial 21 finished with value: 0.07836050234339866 and parameters: {'n_layers': 1, 'embedding_dim': 256, 'lr': 0.00015121400799208694, 'lambda_val': 6.336271586413356e-05, 'batch_size': 2855, 'optimizer': 'Adam'}. Best is trial 7 with value: 0.08318539837860285.
2026-05-13 21:58:45,376 - optuna.study.study - INFO - Trial 22 finished with value: 0.05510441403917608 and parameters: {'n_layers': 1, 'embedding_dim': 256, 'lr': 0.0014196431139835875, 'lambda_val': 3.759121486049738e-05, 'batch_size': 3488, 'optimizer': 'Adam'}. Best is trial 7 with value: 0.08318539837860285.
2026-05-13 21:58:49,537 - optuna.study._optimize - INFO - Trial 23 pruned. 
2026-05-13 21:58:53,492 - optuna.study._optimize - INFO - Trial 24 pruned. 
2026-05-13 21:59:27,769 - optuna.study.study - INFO - Trial 25 finished with value: 0.077778675603189 and parameters: {'n_layers': 1, 'embedding_dim': 256, 'lr': 0.00031392813421750814, 'lambda_val': 3.798461059235179e-06, 'batch_size': 2127, 'optimizer': 'Adam'}. Best is trial 7 with value: 0.08318539837860285.
2026-05-13 21:59:33,780 - optuna.study._optimize - INFO - Trial 26 pruned. 
2026-05-13 21:59:38,097 - optuna.study._optimize - INFO - Trial 27 pruned. 
2026-05-13 21:59:43,951 - optuna.study._optimize - INFO - Trial 28 pruned. 
2026-05-13 21:59:49,192 - optuna.study._optimize - INFO - Trial 29 pruned. 
2026-05-13 21:59:53,168 - optuna.study._optimize - INFO - Trial 30 pruned. 
2026-05-13 21:59:58,156 - optuna.study._optimize - INFO - Trial 31 pruned. 
2026-05-13 22:00:03,432 - optuna.study._optimize - INFO - Trial 32 pruned. 
2026-05-13 22:00:08,312 - optuna.study._optimize - INFO - Trial 33 pruned. 
2026-05-13 22:00:37,425 - optuna.study.study - INFO - Trial 34 finished with value: 0.05493384453356074 and parameters: {'n_layers': 1, 'embedding_dim': 128, 'lr': 0.000641538755773508, 'lambda_val': 0.0009867886077337593, 'batch_size': 2058, 'optimizer': 'RMSprop'}. Best is trial 7 with value: 0.08318539837860285.
2026-05-13 22:00:41,551 - optuna.study._optimize - INFO - Trial 35 pruned. 
2026-05-13 22:00:46,710 - optuna.study._optimize - INFO - Trial 36 pruned. 
2026-05-13 22:00:52,616 - optuna.study._optimize - INFO - Trial 37 pruned. 
2026-05-13 22:00:57,097 - optuna.study._optimize - INFO - Trial 38 pruned. 
2026-05-13 22:01:01,795 - optuna.study._optimize - INFO - Trial 39 pruned. 
2026-05-13 22:01:06,235 - optuna.study._optimize - INFO - Trial 40 pruned. 
2026-05-13 22:01:10,885 - optuna.study._optimize - INFO - Trial 41 pruned. 
2026-05-13 22:01:16,387 - optuna.study._optimize - INFO - Trial 42 pruned. 
2026-05-13 22:01:52,284 - optuna.study.study - INFO - Trial 43 finished with value: 0.06470662408687462 and parameters: {'n_layers': 1, 'embedding_dim': 256, 'lr': 0.00026692348454805497, 'lambda_val': 0.002296352481894942, 'batch_size': 2525, 'optimizer': 'Adam'}. Best is trial 7 with value: 0.08318539837860285.
2026-05-13 22:01:57,032 - optuna.study._optimize - INFO - Trial 44 pruned. 
2026-05-13 22:02:01,173 - optuna.study._optimize - INFO - Trial 45 pruned. 
2026-05-13 22:02:05,855 - optuna.study._optimize - INFO - Trial 46 pruned. 
2026-05-13 22:02:10,531 - optuna.study._optimize - INFO - Trial 47 pruned. 
2026-05-13 22:02:14,860 - optuna.study._optimize - INFO - Trial 48 pruned. 
2026-05-13 22:02:20,088 - optuna.study._optimize - INFO - Trial 49 pruned. 
2026-05-13 22:02:25,638 - optuna.study._optimize - INFO - Trial 50 pruned. 
2026-05-13 22:03:05,133 - optuna.study.study - INFO - Trial 51 finished with value: 0.08699595611344435 and parameters: {'n_layers': 1, 'embedding_dim': 256, 'lr': 0.00013717651676823706, 'lambda_val': 6.062545712297515e-05, 'batch_size': 2891, 'optimizer': 'Adam'}. Best is trial 51 with value: 0.08699595611344435.
2026-05-13 22:03:09,747 - optuna.study._optimize - INFO - Trial 52 pruned. 
2026-05-13 22:03:46,473 - optuna.study.study - INFO - Trial 53 finished with value: 0.07889455422492271 and parameters: {'n_layers': 1, 'embedding_dim': 256, 'lr': 0.00024210752853927737, 'lambda_val': 2.7829499448348507e-05, 'batch_size': 3799, 'optimizer': 'Adam'}. Best is trial 51 with value: 0.08699595611344435.
2026-05-13 22:04:22,610 - optuna.study.study - INFO - Trial 54 finished with value: 0.08289206905641607 and parameters: {'n_layers': 1, 'embedding_dim': 256, 'lr': 0.0001769302379007373, 'lambda_val': 8.66924278474626e-06, 'batch_size': 3156, 'optimizer': 'Adam'}. Best is trial 51 with value: 0.08699595611344435.
2026-05-13 22:04:59,323 - optuna.study.study - INFO - Trial 55 finished with value: 0.07717500025674842 and parameters: {'n_layers': 1, 'embedding_dim': 256, 'lr': 0.0001773525534719879, 'lambda_val': 7.776814144379356e-06, 'batch_size': 3267, 'optimizer': 'Adam'}. Best is trial 51 with value: 0.08699595611344435.
2026-05-13 22:05:03,838 - optuna.study._optimize - INFO - Trial 56 pruned. 
2026-05-13 22:05:08,644 - optuna.study._optimize - INFO - Trial 57 pruned. 
2026-05-13 22:05:13,077 - optuna.study._optimize - INFO - Trial 58 pruned. 
2026-05-13 22:05:42,777 - optuna.study.study - INFO - Trial 59 finished with value: 0.08411827497053996 and parameters: {'n_layers': 1, 'embedding_dim': 96, 'lr': 0.00016379834922838955, 'lambda_val': 0.00014597032698913354, 'batch_size': 3107, 'optimizer': 'Adam'}. Best is trial 51 with value: 0.08699595611344435.
2026-05-13 22:05:46,983 - optuna.study._optimize - INFO - Trial 60 pruned. 
2026-05-13 22:05:52,628 - optuna.study._optimize - INFO - Trial 61 pruned. 
2026-05-13 22:05:56,882 - optuna.study._optimize - INFO - Trial 62 pruned. 
2026-05-13 22:06:01,452 - optuna.study._optimize - INFO - Trial 63 pruned. 
2026-05-13 22:06:39,265 - optuna.study.study - INFO - Trial 64 finished with value: 0.06082512911835746 and parameters: {'n_layers': 1, 'embedding_dim': 256, 'lr': 0.0006767679690924834, 'lambda_val': 0.0001087047474756646, 'batch_size': 2741, 'optimizer': 'Adam'}. Best is trial 51 with value: 0.08699595611344435.
2026-05-13 22:06:43,946 - optuna.study._optimize - INFO - Trial 65 pruned. 
2026-05-13 22:06:49,055 - optuna.study._optimize - INFO - Trial 66 pruned. 
2026-05-13 22:07:20,495 - optuna.study.study - INFO - Trial 67 finished with value: 0.06234330255111629 and parameters: {'n_layers': 1, 'embedding_dim': 128, 'lr': 0.000264667895055041, 'lambda_val': 6.511734622916813e-05, 'batch_size': 2950, 'optimizer': 'Adam'}. Best is trial 51 with value: 0.08699595611344435.
2026-05-13 22:07:24,724 - optuna.study._optimize - INFO - Trial 68 pruned. 
2026-05-13 22:07:29,321 - optuna.study._optimize - INFO - Trial 69 pruned. 
2026-05-13 22:07:33,434 - optuna.study._optimize - INFO - Trial 70 pruned. 
2026-05-13 22:07:38,349 - optuna.study._optimize - INFO - Trial 71 pruned. 
2026-05-13 22:07:42,911 - optuna.study._optimize - INFO - Trial 72 pruned. 
2026-05-13 22:08:19,535 - optuna.study.study - INFO - Trial 73 finished with value: 0.06929203237262718 and parameters: {'n_layers': 1, 'embedding_dim': 256, 'lr': 0.00017383304415363095, 'lambda_val': 1.0505898112158462e-06, 'batch_size': 4016, 'optimizer': 'Adam'}. Best is trial 51 with value: 0.08699595611344435.
2026-05-13 22:08:24,460 - optuna.study._optimize - INFO - Trial 74 pruned. 
2026-05-13 22:08:30,894 - optuna.study._optimize - INFO - Trial 75 pruned. 
2026-05-13 22:08:37,454 - optuna.study._optimize - INFO - Trial 76 pruned. 
2026-05-13 22:08:42,778 - optuna.study._optimize - INFO - Trial 77 pruned. 
2026-05-13 22:08:48,912 - optuna.study._optimize - INFO - Trial 78 pruned. 
2026-05-13 22:08:53,409 - optuna.study._optimize - INFO - Trial 79 pruned. 
2026-05-13 22:08:57,928 - optuna.study._optimize - INFO - Trial 80 pruned. 
2026-05-13 22:09:34,382 - optuna.study.study - INFO - Trial 81 finished with value: 0.07534524294884226 and parameters: {'n_layers': 1, 'embedding_dim': 256, 'lr': 0.00020758341144433968, 'lambda_val': 2.6221722399245222e-05, 'batch_size': 3853, 'optimizer': 'Adam'}. Best is trial 51 with value: 0.08699595611344435.
2026-05-13 22:10:11,263 - optuna.study.study - INFO - Trial 82 finished with value: 0.06684335600542467 and parameters: {'n_layers': 1, 'embedding_dim': 256, 'lr': 0.0002443432514961856, 'lambda_val': 5.228395883764423e-05, 'batch_size': 3782, 'optimizer': 'Adam'}. Best is trial 51 with value: 0.08699595611344435.
2026-05-13 22:10:53,761 - optuna.study.study - INFO - Trial 83 finished with value: 0.07856055979132578 and parameters: {'n_layers': 1, 'embedding_dim': 256, 'lr': 0.0001544064645135691, 'lambda_val': 3.495346440277311e-05, 'batch_size': 3578, 'optimizer': 'Adam'}. Best is trial 51 with value: 0.08699595611344435.
2026-05-13 22:11:27,905 - optuna.study.study - INFO - Trial 84 finished with value: 0.0761581879159024 and parameters: {'n_layers': 1, 'embedding_dim': 256, 'lr': 0.0005241125982893956, 'lambda_val': 0.00011163305553514015, 'batch_size': 1126, 'optimizer': 'Adam'}. Best is trial 51 with value: 0.08699595611344435.
2026-05-13 22:11:32,760 - optuna.study._optimize - INFO - Trial 85 pruned. 
2026-05-13 22:11:37,374 - optuna.study._optimize - INFO - Trial 86 pruned. 
2026-05-13 22:12:17,680 - optuna.study.study - INFO - Trial 87 finished with value: 0.07214603822947277 and parameters: {'n_layers': 1, 'embedding_dim': 256, 'lr': 0.0002696463704669997, 'lambda_val': 4.6307883065273685e-05, 'batch_size': 2007, 'optimizer': 'RMSprop'}. Best is trial 51 with value: 0.08699595611344435.
2026-05-13 22:12:21,355 - optuna.study._optimize - INFO - Trial 88 pruned. 
2026-05-13 22:12:57,421 - optuna.study.study - INFO - Trial 89 finished with value: 0.07282380483292203 and parameters: {'n_layers': 1, 'embedding_dim': 256, 'lr': 0.0004082768356863765, 'lambda_val': 1.2351680311012193e-05, 'batch_size': 2627, 'optimizer': 'Adam'}. Best is trial 51 with value: 0.08699595611344435.
2026-05-13 22:13:03,704 - optuna.study._optimize - INFO - Trial 90 pruned. 
2026-05-13 22:13:40,677 - optuna.study.study - INFO - Trial 91 finished with value: 0.0871384560332929 and parameters: {'n_layers': 1, 'embedding_dim': 256, 'lr': 0.0001457207023048778, 'lambda_val': 3.249411566776835e-05, 'batch_size': 4085, 'optimizer': 'Adam'}. Best is trial 91 with value: 0.0871384560332929.
2026-05-13 22:14:18,054 - optuna.study.study - INFO - Trial 92 finished with value: 0.07940402331490394 and parameters: {'n_layers': 1, 'embedding_dim': 256, 'lr': 0.0002371407726868638, 'lambda_val': 6.65275357234245e-05, 'batch_size': 4061, 'optimizer': 'Adam'}. Best is trial 91 with value: 0.0871384560332929.
2026-05-13 22:14:55,635 - optuna.study.study - INFO - Trial 93 finished with value: 0.08272405875096003 and parameters: {'n_layers': 1, 'embedding_dim': 256, 'lr': 0.00014894435257036285, 'lambda_val': 6.693472492851487e-05, 'batch_size': 3995, 'optimizer': 'Adam'}. Best is trial 91 with value: 0.0871384560332929.
2026-05-13 22:15:00,440 - optuna.study._optimize - INFO - Trial 94 pruned. 
2026-05-13 22:15:05,313 - optuna.study._optimize - INFO - Trial 95 pruned. 
2026-05-13 22:15:09,196 - optuna.study._optimize - INFO - Trial 96 pruned. 
2026-05-13 22:15:13,353 - optuna.study._optimize - INFO - Trial 97 pruned. 
2026-05-13 22:15:49,877 - optuna.study.study - INFO - Trial 98 finished with value: 0.07459577605964263 and parameters: {'n_layers': 1, 'embedding_dim': 256, 'lr': 0.0001815287120297767, 'lambda_val': 0.0001355254064751421, 'batch_size': 3184, 'optimizer': 'Adam'}. Best is trial 91 with value: 0.0871384560332929.
2026-05-13 22:15:54,523 - optuna.study._optimize - INFO - Trial 99 pruned. 
2026-05-13 22:16:01,538 - optuna.study._optimize - INFO - Trial 100 pruned. 
2026-05-13 22:16:06,172 - optuna.study._optimize - INFO - Trial 101 pruned. 
2026-05-13 22:16:43,030 - optuna.study.study - INFO - Trial 102 finished with value: 0.08413447718290734 and parameters: {'n_layers': 1, 'embedding_dim': 256, 'lr': 0.00022104093510169978, 'lambda_val': 7.240825619177369e-05, 'batch_size': 4094, 'optimizer': 'Adam'}. Best is trial 91 with value: 0.0871384560332929.
2026-05-13 22:17:19,924 - optuna.study.study - INFO - Trial 103 finished with value: 0.07207785989158534 and parameters: {'n_layers': 1, 'embedding_dim': 256, 'lr': 0.00031532493110785577, 'lambda_val': 0.0001890781119151464, 'batch_size': 3881, 'optimizer': 'Adam'}. Best is trial 91 with value: 0.0871384560332929.
2026-05-13 22:17:56,729 - optuna.study.study - INFO - Trial 104 finished with value: 0.07022433139361044 and parameters: {'n_layers': 1, 'embedding_dim': 256, 'lr': 0.0002112204622748294, 'lambda_val': 4.264762793045323e-05, 'batch_size': 3954, 'optimizer': 'Adam'}. Best is trial 91 with value: 0.0871384560332929.
2026-05-13 22:18:00,669 - optuna.study._optimize - INFO - Trial 105 pruned. 
2026-05-13 22:18:07,563 - optuna.study._optimize - INFO - Trial 106 pruned. 
2026-05-13 22:18:18,548 - optuna.study._optimize - INFO - Trial 107 pruned. 
2026-05-13 22:18:26,985 - optuna.study._optimize - INFO - Trial 108 pruned. 
2026-05-13 22:18:31,535 - optuna.study._optimize - INFO - Trial 109 pruned. 
2026-05-13 22:18:35,779 - optuna.study._optimize - INFO - Trial 110 pruned. 
2026-05-13 22:19:13,061 - optuna.study.study - INFO - Trial 111 finished with value: 0.06605981973304827 and parameters: {'n_layers': 1, 'embedding_dim': 256, 'lr': 0.00023013110782346482, 'lambda_val': 7.70183943694228e-05, 'batch_size': 4074, 'optimizer': 'Adam'}. Best is trial 91 with value: 0.0871384560332929.
2026-05-13 22:19:17,731 - optuna.study._optimize - INFO - Trial 112 pruned. 
2026-05-13 22:19:54,572 - optuna.study.study - INFO - Trial 113 finished with value: 0.06634878455342046 and parameters: {'n_layers': 1, 'embedding_dim': 256, 'lr': 0.0002987314822445268, 'lambda_val': 9.433222672993106e-05, 'batch_size': 3875, 'optimizer': 'Adam'}. Best is trial 91 with value: 0.0871384560332929.
2026-05-13 22:20:00,568 - optuna.study._optimize - INFO - Trial 114 pruned. 
2026-05-13 22:20:35,464 - optuna.study.study - INFO - Trial 115 finished with value: 0.08165711171174644 and parameters: {'n_layers': 1, 'embedding_dim': 256, 'lr': 0.00019137198075388823, 'lambda_val': 2.162186278733619e-05, 'batch_size': 2250, 'optimizer': 'Adam'}. Best is trial 91 with value: 0.0871384560332929.
2026-05-13 22:20:39,393 - optuna.study._optimize - INFO - Trial 116 pruned. 
2026-05-13 22:21:15,703 - optuna.study.study - INFO - Trial 117 finished with value: 0.059837638926112796 and parameters: {'n_layers': 1, 'embedding_dim': 256, 'lr': 0.0004925286623283267, 'lambda_val': 5.432419533517857e-06, 'batch_size': 3159, 'optimizer': 'Adam'}. Best is trial 91 with value: 0.0871384560332929.
2026-05-13 22:21:49,778 - optuna.study.study - INFO - Trial 118 finished with value: 0.05335183327274565 and parameters: {'n_layers': 1, 'embedding_dim': 128, 'lr': 0.0006212499344246518, 'lambda_val': 1.3783198577340042e-05, 'batch_size': 2267, 'optimizer': 'RMSprop'}. Best is trial 91 with value: 0.0871384560332929.
2026-05-13 22:21:55,340 - optuna.study._optimize - INFO - Trial 119 pruned. 
2026-05-13 22:22:27,265 - optuna.study.study - INFO - Trial 120 finished with value: 0.06090861814175367 and parameters: {'n_layers': 1, 'embedding_dim': 96, 'lr': 0.00037622914889856135, 'lambda_val': 4.000335213648346e-05, 'batch_size': 2663, 'optimizer': 'Adam'}. Best is trial 91 with value: 0.0871384560332929.
2026-05-13 22:23:05,398 - optuna.study.study - INFO - Trial 121 finished with value: 0.06796229631932828 and parameters: {'n_layers': 1, 'embedding_dim': 256, 'lr': 0.0002558293226716801, 'lambda_val': 3.336442132659986e-05, 'batch_size': 2940, 'optimizer': 'Adam'}. Best is trial 91 with value: 0.0871384560332929.
2026-05-13 22:23:10,013 - optuna.study._optimize - INFO - Trial 122 pruned. 
2026-05-13 22:23:46,955 - optuna.study.study - INFO - Trial 123 finished with value: 0.07591329050288255 and parameters: {'n_layers': 1, 'embedding_dim': 256, 'lr': 0.00015860030491831405, 'lambda_val': 8.061386313414734e-06, 'batch_size': 3721, 'optimizer': 'Adam'}. Best is trial 91 with value: 0.0871384560332929.
2026-05-13 22:24:25,655 - optuna.study.study - INFO - Trial 124 finished with value: 0.08317643528340317 and parameters: {'n_layers': 1, 'embedding_dim': 256, 'lr': 0.00021852291976504832, 'lambda_val': 4.6985760790588254e-05, 'batch_size': 3014, 'optimizer': 'Adam'}. Best is trial 91 with value: 0.0871384560332929.
2026-05-13 22:24:30,302 - optuna.study._optimize - INFO - Trial 125 pruned. 
2026-05-13 22:24:34,708 - optuna.study._optimize - INFO - Trial 126 pruned. 
2026-05-13 22:25:10,748 - optuna.study.study - INFO - Trial 127 finished with value: 0.07849930836423875 and parameters: {'n_layers': 1, 'embedding_dim': 256, 'lr': 0.0001913303605280411, 'lambda_val': 0.0003814851821371181, 'batch_size': 3085, 'optimizer': 'Adam'}. Best is trial 91 with value: 0.0871384560332929.
2026-05-13 22:25:15,142 - optuna.study._optimize - INFO - Trial 128 pruned. 
2026-05-13 22:25:19,888 - optuna.study._optimize - INFO - Trial 129 pruned. 
2026-05-13 22:25:51,878 - optuna.study.study - INFO - Trial 130 finished with value: 0.0602185199444276 and parameters: {'n_layers': 1, 'embedding_dim': 256, 'lr': 0.00035242729560533594, 'lambda_val': 1.6112192738712805e-05, 'batch_size': 2778, 'optimizer': 'RMSprop'}. Best is trial 91 with value: 0.0871384560332929.
2026-05-13 22:26:25,432 - optuna.study.study - INFO - Trial 131 finished with value: 0.07325242248639083 and parameters: {'n_layers': 1, 'embedding_dim': 256, 'lr': 0.00025002707113249865, 'lambda_val': 7.120909685038253e-05, 'batch_size': 2906, 'optimizer': 'Adam'}. Best is trial 91 with value: 0.0871384560332929.
2026-05-13 22:27:04,724 - optuna.study.study - INFO - Trial 132 finished with value: 0.08405725338966777 and parameters: {'n_layers': 1, 'embedding_dim': 256, 'lr': 0.0002185944965845953, 'lambda_val': 5.784449135131605e-05, 'batch_size': 4034, 'optimizer': 'Adam'}. Best is trial 91 with value: 0.0871384560332929.
2026-05-13 22:27:09,239 - optuna.study._optimize - INFO - Trial 133 pruned. 
2026-05-13 22:27:46,088 - optuna.study.study - INFO - Trial 134 finished with value: 0.07266144040399532 and parameters: {'n_layers': 1, 'embedding_dim': 256, 'lr': 0.00030196106140373025, 'lambda_val': 8.692177254687827e-05, 'batch_size': 3629, 'optimizer': 'Adam'}. Best is trial 91 with value: 0.0871384560332929.
2026-05-13 22:27:53,047 - optuna.study._optimize - INFO - Trial 135 pruned. 
2026-05-13 22:27:57,426 - optuna.study._optimize - INFO - Trial 136 pruned. 
2026-05-13 22:28:02,037 - optuna.study._optimize - INFO - Trial 137 pruned. 
2026-05-13 22:28:38,835 - optuna.study.study - INFO - Trial 138 finished with value: 0.06760866341803316 and parameters: {'n_layers': 1, 'embedding_dim': 256, 'lr': 0.00042429742152455633, 'lambda_val': 2.8709058421232003e-05, 'batch_size': 3835, 'optimizer': 'Adam'}. Best is trial 91 with value: 0.0871384560332929.
2026-05-13 22:28:42,654 - optuna.study._optimize - INFO - Trial 139 pruned. 
2026-05-13 22:28:47,333 - optuna.study._optimize - INFO - Trial 140 pruned. 
2026-05-13 22:29:25,297 - optuna.study.study - INFO - Trial 141 finished with value: 0.07233600835040346 and parameters: {'n_layers': 1, 'embedding_dim': 256, 'lr': 0.00023487715545214482, 'lambda_val': 6.374104953449597e-05, 'batch_size': 4095, 'optimizer': 'Adam'}. Best is trial 91 with value: 0.0871384560332929.
2026-05-13 22:30:06,515 - optuna.study.study - INFO - Trial 142 finished with value: 0.07367647132799472 and parameters: {'n_layers': 1, 'embedding_dim': 256, 'lr': 0.0002867610724743955, 'lambda_val': 5.498579458904682e-05, 'batch_size': 4023, 'optimizer': 'Adam'}. Best is trial 91 with value: 0.0871384560332929.
2026-05-13 22:30:11,023 - optuna.study._optimize - INFO - Trial 143 pruned. 
2026-05-13 22:30:17,154 - optuna.study._optimize - INFO - Trial 144 pruned. 
2026-05-13 22:30:21,958 - optuna.study._optimize - INFO - Trial 145 pruned. 
2026-05-13 22:30:25,166 - optuna.study._optimize - INFO - Trial 146 pruned. 
2026-05-13 22:31:00,471 - optuna.study.study - INFO - Trial 147 finished with value: 0.08950108653640966 and parameters: {'n_layers': 1, 'embedding_dim': 256, 'lr': 0.0001702590530711125, 'lambda_val': 2.595291412746048e-05, 'batch_size': 3124, 'optimizer': 'Adam'}. Best is trial 147 with value: 0.08950108653640966.
2026-05-13 22:31:04,530 - optuna.study._optimize - INFO - Trial 148 pruned. 
2026-05-13 22:31:08,894 - optuna.study._optimize - INFO - Trial 149 pruned. 
2026-05-13 22:31:14,163 - optuna.study._optimize - INFO - Trial 150 pruned. 
2026-05-13 22:31:18,669 - optuna.study._optimize - INFO - Trial 151 pruned. 
2026-05-13 22:31:55,683 - optuna.study.study - INFO - Trial 152 finished with value: 0.07715984111473641 and parameters: {'n_layers': 1, 'embedding_dim': 256, 'lr': 0.00022666898410004336, 'lambda_val': 5.8378082400458516e-05, 'batch_size': 3884, 'optimizer': 'Adam'}. Best is trial 147 with value: 0.08950108653640966.
2026-05-13 22:32:00,449 - optuna.study._optimize - INFO - Trial 153 pruned. 
2026-05-13 22:32:05,068 - optuna.study._optimize - INFO - Trial 154 pruned. 
2026-05-13 22:32:12,975 - optuna.study._optimize - INFO - Trial 155 pruned. 
2026-05-13 22:32:17,642 - optuna.study._optimize - INFO - Trial 156 pruned. 
2026-05-13 22:32:22,170 - optuna.study._optimize - INFO - Trial 157 pruned. 
2026-05-13 22:32:26,675 - optuna.study._optimize - INFO - Trial 158 pruned. 
2026-05-13 22:32:31,429 - optuna.study._optimize - INFO - Trial 159 pruned. 
2026-05-13 22:32:36,163 - optuna.study._optimize - INFO - Trial 160 pruned. 
2026-05-13 22:33:13,668 - optuna.study.study - INFO - Trial 161 finished with value: 0.07066382380114156 and parameters: {'n_layers': 1, 'embedding_dim': 256, 'lr': 0.00026192616246118735, 'lambda_val': 2.4733045151758853e-05, 'batch_size': 3995, 'optimizer': 'Adam'}. Best is trial 147 with value: 0.08950108653640966.
2026-05-13 22:33:18,172 - optuna.study._optimize - INFO - Trial 162 pruned. 
2026-05-13 22:33:23,043 - optuna.study._optimize - INFO - Trial 163 pruned. 
2026-05-13 22:33:27,681 - optuna.study._optimize - INFO - Trial 164 pruned. 
2026-05-13 22:33:31,616 - optuna.study._optimize - INFO - Trial 165 pruned. 
2026-05-13 22:34:07,965 - optuna.study.study - INFO - Trial 166 finished with value: 0.08275719994166614 and parameters: {'n_layers': 1, 'embedding_dim': 256, 'lr': 0.0002300666582466029, 'lambda_val': 3.236997246245874e-06, 'batch_size': 3068, 'optimizer': 'Adam'}. Best is trial 147 with value: 0.08950108653640966.
2026-05-13 22:34:12,578 - optuna.study._optimize - INFO - Trial 167 pruned. 
2026-05-13 22:34:43,148 - optuna.study.study - INFO - Trial 168 finished with value: 0.06292862383953937 and parameters: {'n_layers': 1, 'embedding_dim': 96, 'lr': 0.00023908457600375172, 'lambda_val': 8.806493674284137e-05, 'batch_size': 3257, 'optimizer': 'Adam'}. Best is trial 147 with value: 0.08950108653640966.
2026-05-13 22:34:47,748 - optuna.study._optimize - INFO - Trial 169 pruned. 
2026-05-13 22:34:51,302 - optuna.study._optimize - INFO - Trial 170 pruned. 
2026-05-13 22:34:55,933 - optuna.study._optimize - INFO - Trial 171 pruned. 
2026-05-13 22:35:32,563 - optuna.study.study - INFO - Trial 172 finished with value: 0.08562408143295638 and parameters: {'n_layers': 1, 'embedding_dim': 256, 'lr': 0.00022739896726967605, 'lambda_val': 1.7876238853428826e-05, 'batch_size': 2983, 'optimizer': 'Adam'}. Best is trial 147 with value: 0.08950108653640966.
2026-05-13 22:36:08,995 - optuna.study.study - INFO - Trial 173 finished with value: 0.07914976423642675 and parameters: {'n_layers': 1, 'embedding_dim': 256, 'lr': 0.0002004324107186449, 'lambda_val': 5.212135881448933e-06, 'batch_size': 2939, 'optimizer': 'Adam'}. Best is trial 147 with value: 0.08950108653640966.
2026-05-13 22:36:53,724 - optuna.study.study - INFO - Trial 174 finished with value: 0.07502041146345542 and parameters: {'n_layers': 1, 'embedding_dim': 256, 'lr': 0.0002681124574220666, 'lambda_val': 1.3890301898039709e-05, 'batch_size': 3001, 'optimizer': 'Adam'}. Best is trial 147 with value: 0.08950108653640966.
2026-05-13 22:36:59,102 - optuna.study._optimize - INFO - Trial 175 pruned. 
2026-05-13 22:37:04,121 - optuna.study._optimize - INFO - Trial 176 pruned. 
2026-05-13 22:37:11,385 - optuna.study._optimize - INFO - Trial 177 pruned. 
2026-05-13 22:37:15,310 - optuna.study._optimize - INFO - Trial 178 pruned. 
2026-05-13 22:37:19,709 - optuna.study._optimize - INFO - Trial 179 pruned. 
2026-05-13 22:37:24,244 - optuna.study._optimize - INFO - Trial 180 pruned. 
2026-05-13 22:37:28,825 - optuna.study._optimize - INFO - Trial 181 pruned. 
2026-05-13 22:37:33,340 - optuna.study._optimize - INFO - Trial 182 pruned. 
2026-05-13 22:37:38,397 - optuna.study._optimize - INFO - Trial 183 pruned. 
2026-05-13 22:38:13,902 - optuna.study.study - INFO - Trial 184 finished with value: 0.06385297679052876 and parameters: {'n_layers': 1, 'embedding_dim': 256, 'lr': 0.0002807415537087288, 'lambda_val': 4.110640388394599e-06, 'batch_size': 2930, 'optimizer': 'Adam'}. Best is trial 147 with value: 0.08950108653640966.
2026-05-13 22:38:45,704 - optuna.study.study - INFO - Trial 185 finished with value: 0.0954928382261776 and parameters: {'n_layers': 1, 'embedding_dim': 256, 'lr': 0.00021557602194599213, 'lambda_val': 2.9969431817228717e-05, 'batch_size': 1534, 'optimizer': 'Adam'}. Best is trial 185 with value: 0.0954928382261776.
2026-05-13 22:38:49,210 - optuna.study._optimize - INFO - Trial 186 pruned. 
2026-05-13 22:38:53,492 - optuna.study._optimize - INFO - Trial 187 pruned. 
2026-05-13 22:39:25,391 - optuna.study.study - INFO - Trial 188 finished with value: 0.08656589015188693 and parameters: {'n_layers': 1, 'embedding_dim': 256, 'lr': 0.00023474954704510255, 'lambda_val': 4.744557992300682e-05, 'batch_size': 1806, 'optimizer': 'Adam'}. Best is trial 185 with value: 0.0954928382261776.
2026-05-13 22:39:53,205 - optuna.study.study - INFO - Trial 189 finished with value: 0.06858430891209094 and parameters: {'n_layers': 1, 'embedding_dim': 96, 'lr': 0.0003369968565941758, 'lambda_val': 2.0905512330701823e-05, 'batch_size': 1697, 'optimizer': 'Adam'}. Best is trial 185 with value: 0.0954928382261776.
2026-05-13 22:39:57,290 - optuna.study._optimize - INFO - Trial 190 pruned. 
2026-05-13 22:40:01,415 - optuna.study._optimize - INFO - Trial 191 pruned. 
2026-05-13 22:40:05,506 - optuna.study._optimize - INFO - Trial 192 pruned. 
2026-05-13 22:40:09,719 - optuna.study._optimize - INFO - Trial 193 pruned. 
2026-05-13 22:40:13,867 - optuna.study._optimize - INFO - Trial 194 pruned. 
2026-05-13 22:40:18,769 - optuna.study._optimize - INFO - Trial 195 pruned. 
2026-05-13 22:40:51,844 - optuna.study.study - INFO - Trial 196 finished with value: 0.0671314831654343 and parameters: {'n_layers': 1, 'embedding_dim': 256, 'lr': 0.00047727634979023503, 'lambda_val': 3.087825897722524e-05, 'batch_size': 1574, 'optimizer': 'Adam'}. Best is trial 185 with value: 0.0954928382261776.
2026-05-13 22:40:58,227 - optuna.study._optimize - INFO - Trial 197 pruned. 
2026-05-13 22:41:02,631 - optuna.study._optimize - INFO - Trial 198 pruned. 
2026-05-13 22:41:07,107 - optuna.study._optimize - INFO - Trial 199 pruned. 
2026-05-13 22:41:34,742 - root - INFO -   **** Training e_100K_1c3dcs_rand2
2026-05-13 22:41:34,755 - root - INFO -   **** Getting 56335/65410 random edges
2026-05-13 22:41:35,388 - optuna.storages._rdb.storage - INFO - A new study created in RDB with name: Study_e_100K_1c3dcs_rand2
2026-05-13 22:42:22,868 - optuna.study.study - INFO - Trial 0 finished with value: 0.001911914412970932 and parameters: {'n_layers': 3, 'embedding_dim': 96, 'lr': 5.7932607937451066e-05, 'lambda_val': 4.164692711334905e-06, 'batch_size': 3981, 'optimizer': 'SGD'}. Best is trial 0 with value: 0.001911914412970932.
2026-05-13 22:42:59,418 - optuna.study.study - INFO - Trial 1 finished with value: 0.0035167150106335363 and parameters: {'n_layers': 2, 'embedding_dim': 64, 'lr': 0.04331449102841531, 'lambda_val': 0.006823541214557839, 'batch_size': 2075, 'optimizer': 'SGD'}. Best is trial 1 with value: 0.0035167150106335363.
2026-05-13 22:43:40,715 - optuna.study.study - INFO - Trial 2 finished with value: 0.03475261921912233 and parameters: {'n_layers': 3, 'embedding_dim': 96, 'lr': 0.010315462081631779, 'lambda_val': 1.6839715823827075e-05, 'batch_size': 1178, 'optimizer': 'RMSprop'}. Best is trial 2 with value: 0.03475261921912233.
2026-05-13 22:44:15,557 - optuna.study.study - INFO - Trial 3 finished with value: 0.01784666063096436 and parameters: {'n_layers': 2, 'embedding_dim': 128, 'lr': 0.021236172022903104, 'lambda_val': 0.04729314594901513, 'batch_size': 3088, 'optimizer': 'RMSprop'}. Best is trial 2 with value: 0.03475261921912233.
2026-05-13 22:44:48,181 - optuna.study.study - INFO - Trial 4 finished with value: 0.000912940073562234 and parameters: {'n_layers': 3, 'embedding_dim': 32, 'lr': 5.610573405251036e-05, 'lambda_val': 4.646117482334014e-05, 'batch_size': 2619, 'optimizer': 'SGD'}. Best is trial 2 with value: 0.03475261921912233.
2026-05-13 22:44:51,800 - optuna.study._optimize - INFO - Trial 5 pruned. 
2026-05-13 22:44:56,702 - optuna.study._optimize - INFO - Trial 6 pruned. 
2026-05-13 22:45:00,914 - optuna.study._optimize - INFO - Trial 7 pruned. 
2026-05-13 22:45:38,721 - optuna.study.study - INFO - Trial 8 finished with value: 0.005240996750955872 and parameters: {'n_layers': 3, 'embedding_dim': 96, 'lr': 0.06187815092511684, 'lambda_val': 0.06941828491904822, 'batch_size': 2982, 'optimizer': 'RMSprop'}. Best is trial 2 with value: 0.03475261921912233.
2026-05-13 22:46:20,456 - optuna.study.study - INFO - Trial 9 finished with value: 0.005797343146899559 and parameters: {'n_layers': 2, 'embedding_dim': 256, 'lr': 0.009861454713359778, 'lambda_val': 0.09478344798981157, 'batch_size': 568, 'optimizer': 'RMSprop'}. Best is trial 2 with value: 0.03475261921912233.
2026-05-13 22:47:01,250 - optuna.study.study - INFO - Trial 10 finished with value: 0.014919905294164043 and parameters: {'n_layers': 4, 'embedding_dim': 96, 'lr': 0.0007318295213103571, 'lambda_val': 6.823067920158476e-05, 'batch_size': 1181, 'optimizer': 'Adam'}. Best is trial 2 with value: 0.03475261921912233.
2026-05-13 22:47:45,243 - optuna.study.study - INFO - Trial 11 finished with value: 0.018739770569400283 and parameters: {'n_layers': 4, 'embedding_dim': 128, 'lr': 0.0015855377802200161, 'lambda_val': 0.0005285636722926462, 'batch_size': 1362, 'optimizer': 'RMSprop'}. Best is trial 2 with value: 0.03475261921912233.
2026-05-13 22:48:29,561 - optuna.study.study - INFO - Trial 12 finished with value: 0.016879124696599048 and parameters: {'n_layers': 4, 'embedding_dim': 128, 'lr': 0.0013607649838813473, 'lambda_val': 0.0003451462042670349, 'batch_size': 1514, 'optimizer': 'RMSprop'}. Best is trial 2 with value: 0.03475261921912233.
2026-05-13 22:49:28,017 - optuna.study.study - INFO - Trial 13 finished with value: 0.02349177407415255 and parameters: {'n_layers': 4, 'embedding_dim': 256, 'lr': 0.0013907793120569848, 'lambda_val': 0.00043034181725961994, 'batch_size': 1429, 'optimizer': 'Adam'}. Best is trial 2 with value: 0.03475261921912233.
2026-05-13 22:50:27,519 - optuna.study.study - INFO - Trial 14 finished with value: 0.026150655418444132 and parameters: {'n_layers': 4, 'embedding_dim': 256, 'lr': 0.00037237969024654573, 'lambda_val': 1.769104902834414e-05, 'batch_size': 522, 'optimizer': 'Adam'}. Best is trial 2 with value: 0.03475261921912233.
2026-05-13 22:51:26,273 - optuna.study.study - INFO - Trial 15 finished with value: 0.03213506489194288 and parameters: {'n_layers': 4, 'embedding_dim': 256, 'lr': 0.00021236763156425088, 'lambda_val': 1.2867114669757063e-05, 'batch_size': 597, 'optimizer': 'Adam'}. Best is trial 2 with value: 0.03475261921912233.
2026-05-13 22:52:03,585 - optuna.study.study - INFO - Trial 16 finished with value: 0.028945166490199122 and parameters: {'n_layers': 3, 'embedding_dim': 96, 'lr': 0.00021753254377443386, 'lambda_val': 7.805987152749438e-06, 'batch_size': 799, 'optimizer': 'Adam'}. Best is trial 2 with value: 0.03475261921912233.
2026-05-13 22:53:02,779 - optuna.study.study - INFO - Trial 17 finished with value: 0.017610436056140214 and parameters: {'n_layers': 4, 'embedding_dim': 256, 'lr': 0.00011820075316647282, 'lambda_val': 1.0718922331292415e-06, 'batch_size': 1924, 'optimizer': 'Adam'}. Best is trial 2 with value: 0.03475261921912233.
2026-05-13 22:53:54,259 - optuna.study.study - INFO - Trial 18 finished with value: 0.030618649195530517 and parameters: {'n_layers': 3, 'embedding_dim': 256, 'lr': 0.0033201106706469592, 'lambda_val': 8.99307022922104e-05, 'batch_size': 983, 'optimizer': 'Adam'}. Best is trial 2 with value: 0.03475261921912233.
2026-05-13 22:53:58,485 - optuna.study._optimize - INFO - Trial 19 pruned. 
2026-05-13 22:54:38,936 - optuna.study.study - INFO - Trial 20 finished with value: 0.022609717957948347 and parameters: {'n_layers': 4, 'embedding_dim': 64, 'lr': 0.02485948305943493, 'lambda_val': 1.8488796100438098e-05, 'batch_size': 958, 'optimizer': 'Adam'}. Best is trial 2 with value: 0.03475261921912233.
2026-05-13 22:55:33,324 - optuna.study.study - INFO - Trial 21 finished with value: 0.0264544312292842 and parameters: {'n_layers': 3, 'embedding_dim': 256, 'lr': 0.0030025000520641993, 'lambda_val': 6.939255328851292e-05, 'batch_size': 1012, 'optimizer': 'Adam'}. Best is trial 2 with value: 0.03475261921912233.
2026-05-13 22:56:24,759 - optuna.study.study - INFO - Trial 22 finished with value: 0.027741893656277113 and parameters: {'n_layers': 3, 'embedding_dim': 256, 'lr': 0.0036014661116475027, 'lambda_val': 0.0001373290182747093, 'batch_size': 865, 'optimizer': 'Adam'}. Best is trial 2 with value: 0.03475261921912233.
2026-05-13 22:57:17,357 - optuna.study.study - INFO - Trial 23 finished with value: 0.02491586523251756 and parameters: {'n_layers': 3, 'embedding_dim': 256, 'lr': 0.0004634169235495684, 'lambda_val': 0.0019321461503522023, 'batch_size': 1194, 'optimizer': 'Adam'}. Best is trial 2 with value: 0.03475261921912233.
2026-05-13 22:57:59,151 - optuna.study.study - INFO - Trial 24 finished with value: 0.031925670374035216 and parameters: {'n_layers': 2, 'embedding_dim': 256, 'lr': 0.014574435789654998, 'lambda_val': 2.003791632619078e-05, 'batch_size': 721, 'optimizer': 'Adam'}. Best is trial 2 with value: 0.03475261921912233.
2026-05-13 22:58:03,532 - optuna.study._optimize - INFO - Trial 25 pruned. 
2026-05-13 22:58:31,799 - optuna.study.study - INFO - Trial 26 finished with value: 0.05901727744012671 and parameters: {'n_layers': 1, 'embedding_dim': 96, 'lr': 0.011751436036941905, 'lambda_val': 7.4634581576143466e-06, 'batch_size': 527, 'optimizer': 'RMSprop'}. Best is trial 26 with value: 0.05901727744012671.
2026-05-13 22:58:36,336 - optuna.study._optimize - INFO - Trial 27 pruned. 
2026-05-13 22:59:03,802 - optuna.study.study - INFO - Trial 28 finished with value: 0.02868405266165944 and parameters: {'n_layers': 1, 'embedding_dim': 96, 'lr': 0.03178803547507739, 'lambda_val': 7.582027938590036e-06, 'batch_size': 1698, 'optimizer': 'RMSprop'}. Best is trial 26 with value: 0.05901727744012671.
2026-05-13 22:59:07,531 - optuna.study._optimize - INFO - Trial 29 pruned. 
2026-05-13 22:59:49,723 - optuna.study.study - INFO - Trial 30 finished with value: 0.031129903225205084 and parameters: {'n_layers': 4, 'embedding_dim': 96, 'lr': 0.012135526441207009, 'lambda_val': 7.998660777724338e-06, 'batch_size': 1632, 'optimizer': 'RMSprop'}. Best is trial 26 with value: 0.05901727744012671.
2026-05-13 23:00:32,128 - optuna.study.study - INFO - Trial 31 finished with value: 0.033231683548705246 and parameters: {'n_layers': 2, 'embedding_dim': 256, 'lr': 0.012458593094768771, 'lambda_val': 3.11046807399429e-05, 'batch_size': 756, 'optimizer': 'Adam'}. Best is trial 26 with value: 0.05901727744012671.
2026-05-13 23:00:36,288 - optuna.study._optimize - INFO - Trial 32 pruned. 
2026-05-13 23:00:40,360 - optuna.study._optimize - INFO - Trial 33 pruned. 
2026-05-13 23:01:14,291 - optuna.study.study - INFO - Trial 34 finished with value: 0.025839637239752022 and parameters: {'n_layers': 1, 'embedding_dim': 256, 'lr': 0.02011991093422094, 'lambda_val': 8.88662139073879e-06, 'batch_size': 1930, 'optimizer': 'RMSprop'}. Best is trial 26 with value: 0.05901727744012671.
2026-05-13 23:01:18,116 - optuna.study._optimize - INFO - Trial 35 pruned. 
2026-05-13 23:01:51,972 - optuna.study.study - INFO - Trial 36 finished with value: 0.027675701239664945 and parameters: {'n_layers': 2, 'embedding_dim': 96, 'lr': 0.000640043644848694, 'lambda_val': 2.7324312424200868e-06, 'batch_size': 2343, 'optimizer': 'Adam'}. Best is trial 26 with value: 0.05901727744012671.
2026-05-13 23:02:29,367 - optuna.study.study - INFO - Trial 37 finished with value: 0.02201402853145962 and parameters: {'n_layers': 3, 'embedding_dim': 64, 'lr': 0.00025744182955218786, 'lambda_val': 3.928687488019023e-05, 'batch_size': 3723, 'optimizer': 'RMSprop'}. Best is trial 26 with value: 0.05901727744012671.
2026-05-13 23:02:33,494 - optuna.study._optimize - INFO - Trial 38 pruned. 
2026-05-13 23:03:06,034 - optuna.study.study - INFO - Trial 39 finished with value: 0.041717989004402704 and parameters: {'n_layers': 2, 'embedding_dim': 96, 'lr': 0.006524096563895797, 'lambda_val': 1.0898931219465711e-05, 'batch_size': 1127, 'optimizer': 'RMSprop'}. Best is trial 26 with value: 0.05901727744012671.
2026-05-13 23:03:10,599 - optuna.study._optimize - INFO - Trial 40 pruned. 
2026-05-13 23:03:42,848 - optuna.study.study - INFO - Trial 41 finished with value: 0.02479710451201424 and parameters: {'n_layers': 2, 'embedding_dim': 96, 'lr': 0.02031745824190968, 'lambda_val': 1.1232154017611165e-05, 'batch_size': 1122, 'optimizer': 'RMSprop'}. Best is trial 26 with value: 0.05901727744012671.
2026-05-13 23:04:14,659 - optuna.study.study - INFO - Trial 42 finished with value: 0.034653741330236264 and parameters: {'n_layers': 2, 'embedding_dim': 96, 'lr': 0.013059114871340174, 'lambda_val': 5.179342715082311e-06, 'batch_size': 658, 'optimizer': 'RMSprop'}. Best is trial 26 with value: 0.05901727744012671.
2026-05-13 23:04:46,280 - optuna.study.study - INFO - Trial 43 finished with value: 0.03518897200087109 and parameters: {'n_layers': 2, 'embedding_dim': 96, 'lr': 0.00548241043622825, 'lambda_val': 5.187861901487637e-06, 'batch_size': 1353, 'optimizer': 'RMSprop'}. Best is trial 26 with value: 0.05901727744012671.
2026-05-13 23:05:18,292 - optuna.study.study - INFO - Trial 44 finished with value: 0.03485655195256255 and parameters: {'n_layers': 2, 'embedding_dim': 96, 'lr': 0.0054001374525385944, 'lambda_val': 4.7822905991627195e-06, 'batch_size': 1359, 'optimizer': 'RMSprop'}. Best is trial 26 with value: 0.05901727744012671.
2026-05-13 23:05:49,362 - optuna.study.study - INFO - Trial 45 finished with value: 0.03190163985922587 and parameters: {'n_layers': 2, 'embedding_dim': 96, 'lr': 0.004817318980979362, 'lambda_val': 1.951410520840617e-06, 'batch_size': 1371, 'optimizer': 'RMSprop'}. Best is trial 26 with value: 0.05901727744012671.
2026-05-13 23:05:53,945 - optuna.study._optimize - INFO - Trial 46 pruned. 
2026-05-13 23:06:23,019 - optuna.study.study - INFO - Trial 47 finished with value: 0.047979527721292665 and parameters: {'n_layers': 1, 'embedding_dim': 96, 'lr': 0.0018933711004445993, 'lambda_val': 2.046822501494179e-06, 'batch_size': 2175, 'optimizer': 'RMSprop'}. Best is trial 26 with value: 0.05901727744012671.
2026-05-13 23:06:51,129 - optuna.study.study - INFO - Trial 48 finished with value: 0.03646449068546599 and parameters: {'n_layers': 1, 'embedding_dim': 96, 'lr': 0.0018495069481414723, 'lambda_val': 1.3656047713328451e-06, 'batch_size': 2149, 'optimizer': 'RMSprop'}. Best is trial 26 with value: 0.05901727744012671.
2026-05-13 23:07:21,479 - optuna.study.study - INFO - Trial 49 finished with value: 0.046372939476460345 and parameters: {'n_layers': 1, 'embedding_dim': 96, 'lr': 0.0008808739876395828, 'lambda_val': 1.4300097650781566e-06, 'batch_size': 2085, 'optimizer': 'RMSprop'}. Best is trial 26 with value: 0.05901727744012671.
2026-05-13 23:07:49,670 - optuna.study.study - INFO - Trial 50 finished with value: 0.042026307522059464 and parameters: {'n_layers': 1, 'embedding_dim': 96, 'lr': 0.0009701583038060185, 'lambda_val': 1.3858981949168824e-06, 'batch_size': 2083, 'optimizer': 'RMSprop'}. Best is trial 26 with value: 0.05901727744012671.
2026-05-13 23:08:17,814 - optuna.study.study - INFO - Trial 51 finished with value: 0.045185862416665556 and parameters: {'n_layers': 1, 'embedding_dim': 96, 'lr': 0.0009877613410646908, 'lambda_val': 1.253867508943716e-06, 'batch_size': 2138, 'optimizer': 'RMSprop'}. Best is trial 26 with value: 0.05901727744012671.
2026-05-13 23:08:46,956 - optuna.study.study - INFO - Trial 52 finished with value: 0.04910860727868341 and parameters: {'n_layers': 1, 'embedding_dim': 96, 'lr': 0.0011593643153388858, 'lambda_val': 1.4281567794335025e-06, 'batch_size': 2559, 'optimizer': 'RMSprop'}. Best is trial 26 with value: 0.05901727744012671.
2026-05-13 23:09:17,222 - optuna.study.study - INFO - Trial 53 finished with value: 0.040890096741209296 and parameters: {'n_layers': 1, 'embedding_dim': 96, 'lr': 0.0010206885849831408, 'lambda_val': 1.559908071777194e-06, 'batch_size': 2646, 'optimizer': 'RMSprop'}. Best is trial 26 with value: 0.05901727744012671.
2026-05-13 23:09:49,731 - optuna.study.study - INFO - Trial 54 finished with value: 0.049249163855010415 and parameters: {'n_layers': 1, 'embedding_dim': 96, 'lr': 0.0010517005841740954, 'lambda_val': 1.0316189215303177e-06, 'batch_size': 2569, 'optimizer': 'RMSprop'}. Best is trial 26 with value: 0.05901727744012671.
2026-05-13 23:10:19,717 - optuna.study.study - INFO - Trial 55 finished with value: 0.046266565933927355 and parameters: {'n_layers': 1, 'embedding_dim': 96, 'lr': 0.000558844237233297, 'lambda_val': 1.0545508470269847e-06, 'batch_size': 2820, 'optimizer': 'RMSprop'}. Best is trial 26 with value: 0.05901727744012671.
2026-05-13 23:10:50,082 - optuna.study.study - INFO - Trial 56 finished with value: 0.05529856586108138 and parameters: {'n_layers': 1, 'embedding_dim': 128, 'lr': 0.0004930404680333673, 'lambda_val': 3.026839019179026e-06, 'batch_size': 2843, 'optimizer': 'RMSprop'}. Best is trial 26 with value: 0.05901727744012671.
2026-05-13 23:11:20,928 - optuna.study.study - INFO - Trial 57 finished with value: 0.04903853988583944 and parameters: {'n_layers': 1, 'embedding_dim': 128, 'lr': 0.00040301569869668406, 'lambda_val': 2.992744490827163e-06, 'batch_size': 3289, 'optimizer': 'RMSprop'}. Best is trial 26 with value: 0.05901727744012671.
2026-05-13 23:11:52,563 - optuna.study.study - INFO - Trial 58 finished with value: 0.048184692524065396 and parameters: {'n_layers': 1, 'embedding_dim': 128, 'lr': 0.0003273400769004071, 'lambda_val': 3.1146233677509946e-06, 'batch_size': 3332, 'optimizer': 'RMSprop'}. Best is trial 26 with value: 0.05901727744012671.
2026-05-13 23:12:23,096 - optuna.study.study - INFO - Trial 59 finished with value: 0.0491588184899525 and parameters: {'n_layers': 1, 'embedding_dim': 128, 'lr': 0.00030216988075719875, 'lambda_val': 3.0411350149770865e-06, 'batch_size': 3440, 'optimizer': 'RMSprop'}. Best is trial 26 with value: 0.05901727744012671.
2026-05-13 23:12:27,829 - optuna.study._optimize - INFO - Trial 60 pruned. 
2026-05-13 23:12:58,760 - optuna.study.study - INFO - Trial 61 finished with value: 0.0566309183318517 and parameters: {'n_layers': 1, 'embedding_dim': 128, 'lr': 0.0003319373163035522, 'lambda_val': 2.623157115946608e-06, 'batch_size': 3334, 'optimizer': 'RMSprop'}. Best is trial 26 with value: 0.05901727744012671.
2026-05-13 23:13:31,653 - optuna.study.study - INFO - Trial 62 finished with value: 0.040367982951692055 and parameters: {'n_layers': 1, 'embedding_dim': 128, 'lr': 0.00040205156449121, 'lambda_val': 1.943331023101491e-06, 'batch_size': 3320, 'optimizer': 'RMSprop'}. Best is trial 26 with value: 0.05901727744012671.
2026-05-13 23:14:03,381 - optuna.study.study - INFO - Trial 63 finished with value: 0.112899931989243 and parameters: {'n_layers': 1, 'embedding_dim': 128, 'lr': 8.442890270734349e-05, 'lambda_val': 2.523658051619008e-06, 'batch_size': 3582, 'optimizer': 'RMSprop'}. Best is trial 63 with value: 0.112899931989243.
2026-05-13 23:14:36,580 - optuna.study.study - INFO - Trial 64 finished with value: 0.12286954628740858 and parameters: {'n_layers': 1, 'embedding_dim': 128, 'lr': 8.233980017307523e-05, 'lambda_val': 1.0380331747508984e-06, 'batch_size': 3825, 'optimizer': 'RMSprop'}. Best is trial 64 with value: 0.12286954628740858.
2026-05-13 23:14:40,826 - optuna.study._optimize - INFO - Trial 65 pruned. 
2026-05-13 23:15:12,197 - optuna.study.study - INFO - Trial 66 finished with value: 0.11172454256679192 and parameters: {'n_layers': 1, 'embedding_dim': 128, 'lr': 8.389927889681182e-05, 'lambda_val': 6.77123875938085e-06, 'batch_size': 3518, 'optimizer': 'RMSprop'}. Best is trial 64 with value: 0.12286954628740858.
2026-05-13 23:15:45,259 - optuna.study.study - INFO - Trial 67 finished with value: 0.11630875078692368 and parameters: {'n_layers': 1, 'embedding_dim': 128, 'lr': 8.211154153095329e-05, 'lambda_val': 5.96995721914359e-06, 'batch_size': 3586, 'optimizer': 'RMSprop'}. Best is trial 64 with value: 0.12286954628740858.
2026-05-13 23:15:48,909 - optuna.study._optimize - INFO - Trial 68 pruned. 
2026-05-13 23:15:52,600 - optuna.study._optimize - INFO - Trial 69 pruned. 
2026-05-13 23:16:24,106 - optuna.study.study - INFO - Trial 70 finished with value: 0.06625174625478195 and parameters: {'n_layers': 1, 'embedding_dim': 128, 'lr': 0.00017531506974135847, 'lambda_val': 2.3336183291637186e-05, 'batch_size': 3849, 'optimizer': 'RMSprop'}. Best is trial 64 with value: 0.12286954628740858.
2026-05-13 23:16:55,392 - optuna.study.study - INFO - Trial 71 finished with value: 0.09405057496575842 and parameters: {'n_layers': 1, 'embedding_dim': 128, 'lr': 0.00010174322634208965, 'lambda_val': 3.938016814846901e-06, 'batch_size': 3812, 'optimizer': 'RMSprop'}. Best is trial 64 with value: 0.12286954628740858.
2026-05-13 23:17:27,009 - optuna.study.study - INFO - Trial 72 finished with value: 0.060497137604056776 and parameters: {'n_layers': 1, 'embedding_dim': 128, 'lr': 0.0001659461768550309, 'lambda_val': 7.138054119423544e-06, 'batch_size': 3845, 'optimizer': 'RMSprop'}. Best is trial 64 with value: 0.12286954628740858.
2026-05-13 23:18:02,686 - optuna.study.study - INFO - Trial 73 finished with value: 0.10066055821043916 and parameters: {'n_layers': 1, 'embedding_dim': 128, 'lr': 9.410827902388042e-05, 'lambda_val': 2.5633676434781794e-05, 'batch_size': 3875, 'optimizer': 'RMSprop'}. Best is trial 64 with value: 0.12286954628740858.
2026-05-13 23:18:41,299 - optuna.study.study - INFO - Trial 74 finished with value: 0.10015815707658679 and parameters: {'n_layers': 1, 'embedding_dim': 128, 'lr': 9.715520684934599e-05, 'lambda_val': 5.550171762870643e-05, 'batch_size': 4091, 'optimizer': 'RMSprop'}. Best is trial 64 with value: 0.12286954628740858.
2026-05-13 23:19:12,525 - optuna.study.study - INFO - Trial 75 finished with value: 0.09422463414619037 and parameters: {'n_layers': 1, 'embedding_dim': 128, 'lr': 9.771658030373274e-05, 'lambda_val': 6.185222875558036e-05, 'batch_size': 4087, 'optimizer': 'RMSprop'}. Best is trial 64 with value: 0.12286954628740858.
2026-05-13 23:19:16,650 - optuna.study._optimize - INFO - Trial 76 pruned. 
2026-05-13 23:19:48,146 - optuna.study.study - INFO - Trial 77 finished with value: 0.07931473807458195 and parameters: {'n_layers': 1, 'embedding_dim': 128, 'lr': 0.00010199043298685041, 'lambda_val': 4.9183589004665665e-05, 'batch_size': 4092, 'optimizer': 'RMSprop'}. Best is trial 64 with value: 0.12286954628740858.
2026-05-13 23:19:52,944 - optuna.study._optimize - INFO - Trial 78 pruned. 
2026-05-13 23:19:57,352 - optuna.study._optimize - INFO - Trial 79 pruned. 
2026-05-13 23:20:29,177 - optuna.study.study - INFO - Trial 80 finished with value: 0.10029323562592349 and parameters: {'n_layers': 1, 'embedding_dim': 128, 'lr': 0.00010724162754768409, 'lambda_val': 0.00021878570706026522, 'batch_size': 3554, 'optimizer': 'RMSprop'}. Best is trial 64 with value: 0.12286954628740858.
2026-05-13 23:21:00,317 - optuna.study.study - INFO - Trial 81 finished with value: 0.11949807626796899 and parameters: {'n_layers': 1, 'embedding_dim': 128, 'lr': 9.535680003668416e-05, 'lambda_val': 0.000730033603130508, 'batch_size': 3577, 'optimizer': 'RMSprop'}. Best is trial 64 with value: 0.12286954628740858.
2026-05-13 23:21:04,307 - optuna.study._optimize - INFO - Trial 82 pruned. 
2026-05-13 23:21:08,771 - optuna.study._optimize - INFO - Trial 83 pruned. 
2026-05-13 23:21:12,788 - optuna.study._optimize - INFO - Trial 84 pruned. 
2026-05-13 23:21:44,237 - optuna.study.study - INFO - Trial 85 finished with value: 0.07956959835086655 and parameters: {'n_layers': 1, 'embedding_dim': 128, 'lr': 0.00012688721496210075, 'lambda_val': 0.0005255885750830687, 'batch_size': 3542, 'optimizer': 'RMSprop'}. Best is trial 64 with value: 0.12286954628740858.
2026-05-13 23:21:48,873 - optuna.study._optimize - INFO - Trial 86 pruned. 
2026-05-13 23:21:53,210 - optuna.study._optimize - INFO - Trial 87 pruned. 
2026-05-13 23:21:57,303 - optuna.study._optimize - INFO - Trial 88 pruned. 
2026-05-13 23:22:01,364 - optuna.study._optimize - INFO - Trial 89 pruned. 
2026-05-13 23:22:32,438 - optuna.study.study - INFO - Trial 90 finished with value: 0.09337120216828394 and parameters: {'n_layers': 1, 'embedding_dim': 128, 'lr': 0.00010920372563383352, 'lambda_val': 8.831957832781015e-05, 'batch_size': 3759, 'optimizer': 'RMSprop'}. Best is trial 64 with value: 0.12286954628740858.
2026-05-13 23:22:36,812 - optuna.study._optimize - INFO - Trial 91 pruned. 
2026-05-13 23:23:13,138 - optuna.study.study - INFO - Trial 92 finished with value: 0.07111415411625052 and parameters: {'n_layers': 1, 'embedding_dim': 128, 'lr': 0.00014460474546906896, 'lambda_val': 0.00012773269497017676, 'batch_size': 3790, 'optimizer': 'RMSprop'}. Best is trial 64 with value: 0.12286954628740858.
2026-05-13 23:23:47,376 - optuna.study.study - INFO - Trial 93 finished with value: 0.10520054601673647 and parameters: {'n_layers': 1, 'embedding_dim': 128, 'lr': 9.84600001876496e-05, 'lambda_val': 2.786902386579407e-05, 'batch_size': 3612, 'optimizer': 'RMSprop'}. Best is trial 64 with value: 0.12286954628740858.
2026-05-13 23:24:18,379 - optuna.study.study - INFO - Trial 94 finished with value: 0.06434249642042174 and parameters: {'n_layers': 1, 'embedding_dim': 128, 'lr': 0.0001902769600775241, 'lambda_val': 4.229606208910532e-05, 'batch_size': 3616, 'optimizer': 'RMSprop'}. Best is trial 64 with value: 0.12286954628740858.
2026-05-13 23:24:22,870 - optuna.study._optimize - INFO - Trial 95 pruned. 
2026-05-13 23:24:27,085 - optuna.study._optimize - INFO - Trial 96 pruned. 
2026-05-13 23:24:31,068 - optuna.study._optimize - INFO - Trial 97 pruned. 
2026-05-13 23:25:02,416 - optuna.study.study - INFO - Trial 98 finished with value: 0.10276670231424824 and parameters: {'n_layers': 1, 'embedding_dim': 128, 'lr': 9.46228900931728e-05, 'lambda_val': 9.558381936484458e-05, 'batch_size': 4007, 'optimizer': 'RMSprop'}. Best is trial 64 with value: 0.12286954628740858.
2026-05-13 23:25:33,578 - optuna.study.study - INFO - Trial 99 finished with value: 0.08378426333181925 and parameters: {'n_layers': 1, 'embedding_dim': 128, 'lr': 0.0001266779530331961, 'lambda_val': 0.00010038270319202231, 'batch_size': 3704, 'optimizer': 'RMSprop'}. Best is trial 64 with value: 0.12286954628740858.
2026-05-13 23:25:37,740 - optuna.study._optimize - INFO - Trial 100 pruned. 
2026-05-13 23:26:09,006 - optuna.study.study - INFO - Trial 101 finished with value: 0.10640395345169526 and parameters: {'n_layers': 1, 'embedding_dim': 128, 'lr': 9.406392934128092e-05, 'lambda_val': 0.00015396810716224394, 'batch_size': 4095, 'optimizer': 'RMSprop'}. Best is trial 64 with value: 0.12286954628740858.
2026-05-13 23:26:13,097 - optuna.study._optimize - INFO - Trial 102 pruned. 
2026-05-13 23:26:17,834 - optuna.study._optimize - INFO - Trial 103 pruned. 
2026-05-13 23:26:50,069 - optuna.study.study - INFO - Trial 104 finished with value: 0.05544416050194531 and parameters: {'n_layers': 1, 'embedding_dim': 128, 'lr': 0.0002384777315556448, 'lambda_val': 0.0004994972895791218, 'batch_size': 4006, 'optimizer': 'RMSprop'}. Best is trial 64 with value: 0.12286954628740858.
2026-05-13 23:27:21,805 - optuna.study.study - INFO - Trial 105 finished with value: 0.08351371707234381 and parameters: {'n_layers': 1, 'embedding_dim': 128, 'lr': 0.00011671657477035962, 'lambda_val': 0.0006922389013850893, 'batch_size': 3772, 'optimizer': 'RMSprop'}. Best is trial 64 with value: 0.12286954628740858.
2026-05-13 23:27:54,111 - optuna.study.study - INFO - Trial 106 finished with value: 0.08764760488378372 and parameters: {'n_layers': 1, 'embedding_dim': 128, 'lr': 0.0001473092148507756, 'lambda_val': 9.630935316784525e-06, 'batch_size': 3414, 'optimizer': 'Adam'}. Best is trial 64 with value: 0.12286954628740858.
2026-05-13 23:27:58,114 - optuna.study._optimize - INFO - Trial 107 pruned. 
2026-05-13 23:28:02,042 - optuna.study._optimize - INFO - Trial 108 pruned. 
2026-05-13 23:28:06,302 - optuna.study._optimize - INFO - Trial 109 pruned. 
2026-05-13 23:28:39,237 - optuna.study.study - INFO - Trial 110 finished with value: 0.049591535684084226 and parameters: {'n_layers': 1, 'embedding_dim': 128, 'lr': 0.0002771135948900529, 'lambda_val': 0.0003495961625349108, 'batch_size': 3846, 'optimizer': 'RMSprop'}. Best is trial 64 with value: 0.12286954628740858.
2026-05-13 23:29:10,615 - optuna.study.study - INFO - Trial 111 finished with value: 0.09583628352149401 and parameters: {'n_layers': 1, 'embedding_dim': 128, 'lr': 0.00010508926647779881, 'lambda_val': 7.093768073637606e-05, 'batch_size': 4053, 'optimizer': 'RMSprop'}. Best is trial 64 with value: 0.12286954628740858.
2026-05-13 23:29:41,753 - optuna.study.study - INFO - Trial 112 finished with value: 0.054429927372544824 and parameters: {'n_layers': 1, 'embedding_dim': 128, 'lr': 0.00019299608369041172, 'lambda_val': 7.661042865707964e-05, 'batch_size': 3994, 'optimizer': 'RMSprop'}. Best is trial 64 with value: 0.12286954628740858.
2026-05-13 23:29:46,089 - optuna.study._optimize - INFO - Trial 113 pruned. 
2026-05-13 23:30:16,179 - optuna.study.study - INFO - Trial 114 finished with value: 0.0819575300792123 and parameters: {'n_layers': 1, 'embedding_dim': 128, 'lr': 0.0001180776059334505, 'lambda_val': 0.00014623190653412612, 'batch_size': 3899, 'optimizer': 'RMSprop'}. Best is trial 64 with value: 0.12286954628740858.
2026-05-13 23:30:20,885 - optuna.study._optimize - INFO - Trial 115 pruned. 
2026-05-13 23:30:25,353 - optuna.study._optimize - INFO - Trial 116 pruned. 
2026-05-13 23:30:29,712 - optuna.study._optimize - INFO - Trial 117 pruned. 
2026-05-13 23:31:00,457 - optuna.study.study - INFO - Trial 118 finished with value: 0.06101009820836107 and parameters: {'n_layers': 1, 'embedding_dim': 128, 'lr': 0.00017060052761570476, 'lambda_val': 1.6948072333869453e-06, 'batch_size': 3957, 'optimizer': 'RMSprop'}. Best is trial 64 with value: 0.12286954628740858.
2026-05-13 23:31:37,817 - optuna.study.study - INFO - Trial 119 finished with value: 0.07776013154122023 and parameters: {'n_layers': 1, 'embedding_dim': 128, 'lr': 0.00013743996680199352, 'lambda_val': 1.403120644070576e-05, 'batch_size': 3777, 'optimizer': 'RMSprop'}. Best is trial 64 with value: 0.12286954628740858.
2026-05-13 23:31:42,467 - optuna.study._optimize - INFO - Trial 120 pruned. 
2026-05-13 23:32:13,225 - optuna.study.study - INFO - Trial 121 finished with value: 0.1097742831771874 and parameters: {'n_layers': 1, 'embedding_dim': 128, 'lr': 0.00010096255188549137, 'lambda_val': 5.8454419946371066e-05, 'batch_size': 4019, 'optimizer': 'RMSprop'}. Best is trial 64 with value: 0.12286954628740858.
2026-05-13 23:32:17,449 - optuna.study._optimize - INFO - Trial 122 pruned. 
2026-05-13 23:32:49,246 - optuna.study.study - INFO - Trial 123 finished with value: 0.08416678151591016 and parameters: {'n_layers': 1, 'embedding_dim': 128, 'lr': 0.00011464617229888915, 'lambda_val': 7.111372455045346e-05, 'batch_size': 3904, 'optimizer': 'RMSprop'}. Best is trial 64 with value: 0.12286954628740858.
2026-05-13 23:32:53,349 - optuna.study._optimize - INFO - Trial 124 pruned. 
2026-05-13 23:32:57,377 - optuna.study._optimize - INFO - Trial 125 pruned. 
2026-05-13 23:33:01,637 - optuna.study._optimize - INFO - Trial 126 pruned. 
2026-05-13 23:33:31,898 - optuna.study.study - INFO - Trial 127 finished with value: 0.060125742395274934 and parameters: {'n_layers': 1, 'embedding_dim': 128, 'lr': 0.00019697656910540282, 'lambda_val': 2.9581311586291538e-05, 'batch_size': 4039, 'optimizer': 'RMSprop'}. Best is trial 64 with value: 0.12286954628740858.
2026-05-13 23:34:02,535 - optuna.study.study - INFO - Trial 128 finished with value: 0.07327001402866398 and parameters: {'n_layers': 1, 'embedding_dim': 128, 'lr': 0.000145373954304856, 'lambda_val': 4.0254470245022845e-06, 'batch_size': 3484, 'optimizer': 'RMSprop'}. Best is trial 64 with value: 0.12286954628740858.
2026-05-13 23:34:06,416 - optuna.study._optimize - INFO - Trial 129 pruned. 
2026-05-13 23:34:10,755 - optuna.study._optimize - INFO - Trial 130 pruned. 
2026-05-13 23:34:41,724 - optuna.study.study - INFO - Trial 131 finished with value: 0.08811742263241033 and parameters: {'n_layers': 1, 'embedding_dim': 128, 'lr': 0.00012059760510135571, 'lambda_val': 8.659049206024122e-05, 'batch_size': 4093, 'optimizer': 'RMSprop'}. Best is trial 64 with value: 0.12286954628740858.
2026-05-13 23:34:45,783 - optuna.study._optimize - INFO - Trial 132 pruned. 
2026-05-13 23:34:49,993 - optuna.study._optimize - INFO - Trial 133 pruned. 
2026-05-13 23:34:53,993 - optuna.study._optimize - INFO - Trial 134 pruned. 
2026-05-13 23:35:25,006 - optuna.study.study - INFO - Trial 135 finished with value: 0.06793439615804311 and parameters: {'n_layers': 1, 'embedding_dim': 128, 'lr': 0.0001665566346732003, 'lambda_val': 2.205278179994005e-05, 'batch_size': 3946, 'optimizer': 'RMSprop'}. Best is trial 64 with value: 0.12286954628740858.
2026-05-13 23:35:56,616 - optuna.study.study - INFO - Trial 136 finished with value: 0.10249033706492691 and parameters: {'n_layers': 1, 'embedding_dim': 128, 'lr': 0.0001048717169474285, 'lambda_val': 6.988382645296948e-05, 'batch_size': 3792, 'optimizer': 'RMSprop'}. Best is trial 64 with value: 0.12286954628740858.
2026-05-13 23:36:27,591 - optuna.study.study - INFO - Trial 137 finished with value: 0.07781970690375717 and parameters: {'n_layers': 1, 'embedding_dim': 128, 'lr': 0.00013168849295568585, 'lambda_val': 0.00014249065590948216, 'batch_size': 3773, 'optimizer': 'RMSprop'}. Best is trial 64 with value: 0.12286954628740858.
2026-05-13 23:36:31,936 - optuna.study._optimize - INFO - Trial 138 pruned. 
2026-05-13 23:36:36,201 - optuna.study._optimize - INFO - Trial 139 pruned. 
2026-05-13 23:36:40,890 - optuna.study._optimize - INFO - Trial 140 pruned. 
2026-05-13 23:36:44,895 - optuna.study._optimize - INFO - Trial 141 pruned. 
2026-05-13 23:37:16,413 - optuna.study.study - INFO - Trial 142 finished with value: 0.08376665562626943 and parameters: {'n_layers': 1, 'embedding_dim': 128, 'lr': 0.000107444096563482, 'lambda_val': 5.666996993147064e-05, 'batch_size': 3947, 'optimizer': 'RMSprop'}. Best is trial 64 with value: 0.12286954628740858.
2026-05-13 23:37:47,683 - optuna.study.study - INFO - Trial 143 finished with value: 0.07581544915639889 and parameters: {'n_layers': 1, 'embedding_dim': 128, 'lr': 0.00014593987794826472, 'lambda_val': 1.929709980572419e-05, 'batch_size': 3884, 'optimizer': 'RMSprop'}. Best is trial 64 with value: 0.12286954628740858.
2026-05-13 23:37:58,881 - optuna.study._optimize - INFO - Trial 144 pruned. 
2026-05-13 23:38:33,200 - optuna.study.study - INFO - Trial 145 finished with value: 0.0448278670489434 and parameters: {'n_layers': 1, 'embedding_dim': 128, 'lr': 0.00021704391803062696, 'lambda_val': 2.8514126817746414e-05, 'batch_size': 3720, 'optimizer': 'RMSprop'}. Best is trial 64 with value: 0.12286954628740858.
2026-05-13 23:38:37,717 - optuna.study._optimize - INFO - Trial 146 pruned. 
2026-05-13 23:38:42,107 - optuna.study._optimize - INFO - Trial 147 pruned. 
2026-05-13 23:39:12,916 - optuna.study.study - INFO - Trial 148 finished with value: 0.09828955231988462 and parameters: {'n_layers': 1, 'embedding_dim': 128, 'lr': 0.00011753874036554956, 'lambda_val': 3.7589414933873e-05, 'batch_size': 3633, 'optimizer': 'RMSprop'}. Best is trial 64 with value: 0.12286954628740858.
2026-05-13 23:39:46,813 - optuna.study.study - INFO - Trial 149 finished with value: 0.0835864113415289 and parameters: {'n_layers': 1, 'embedding_dim': 128, 'lr': 0.00013327314464218074, 'lambda_val': 3.3556100126455496e-05, 'batch_size': 3393, 'optimizer': 'Adam'}. Best is trial 64 with value: 0.12286954628740858.
2026-05-13 23:40:15,988 - optuna.study.study - INFO - Trial 150 finished with value: 0.07562756071861197 and parameters: {'n_layers': 1, 'embedding_dim': 64, 'lr': 0.0001649118653485116, 'lambda_val': 2.3647583479339152e-06, 'batch_size': 3493, 'optimizer': 'RMSprop'}. Best is trial 64 with value: 0.12286954628740858.
2026-05-13 23:40:46,509 - optuna.study.study - INFO - Trial 151 finished with value: 0.09169819782422808 and parameters: {'n_layers': 1, 'embedding_dim': 128, 'lr': 0.00011363340579541705, 'lambda_val': 4.7066757951320833e-05, 'batch_size': 3591, 'optimizer': 'RMSprop'}. Best is trial 64 with value: 0.12286954628740858.
2026-05-13 23:40:50,983 - optuna.study._optimize - INFO - Trial 152 pruned. 
2026-05-13 23:40:55,075 - optuna.study._optimize - INFO - Trial 153 pruned. 
2026-05-13 23:40:59,222 - optuna.study._optimize - INFO - Trial 154 pruned. 
2026-05-13 23:41:06,062 - optuna.study._optimize - INFO - Trial 155 pruned. 
2026-05-13 23:41:10,004 - optuna.study._optimize - INFO - Trial 156 pruned. 
2026-05-13 23:41:14,308 - optuna.study._optimize - INFO - Trial 157 pruned. 
2026-05-13 23:41:18,446 - optuna.study._optimize - INFO - Trial 158 pruned. 
2026-05-13 23:41:22,391 - optuna.study._optimize - INFO - Trial 159 pruned. 
2026-05-13 23:41:54,189 - optuna.study.study - INFO - Trial 160 finished with value: 0.06553413446712156 and parameters: {'n_layers': 1, 'embedding_dim': 128, 'lr': 0.00014756551435201275, 'lambda_val': 2.671697094503909e-05, 'batch_size': 4096, 'optimizer': 'RMSprop'}. Best is trial 64 with value: 0.12286954628740858.
2026-05-13 23:41:58,356 - optuna.study._optimize - INFO - Trial 161 pruned. 
2026-05-13 23:42:02,363 - optuna.study._optimize - INFO - Trial 162 pruned. 
2026-05-13 23:42:35,121 - optuna.study.study - INFO - Trial 163 finished with value: 0.0919617925646243 and parameters: {'n_layers': 1, 'embedding_dim': 128, 'lr': 0.00010850881748338182, 'lambda_val': 3.154545901747734e-06, 'batch_size': 3958, 'optimizer': 'RMSprop'}. Best is trial 64 with value: 0.12286954628740858.
2026-05-13 23:43:06,752 - optuna.study.study - INFO - Trial 164 finished with value: 0.06298945296802058 and parameters: {'n_layers': 1, 'embedding_dim': 128, 'lr': 0.0001856607515271093, 'lambda_val': 4.045554830831624e-06, 'batch_size': 3837, 'optimizer': 'RMSprop'}. Best is trial 64 with value: 0.12286954628740858.
2026-05-13 23:43:37,597 - optuna.study.study - INFO - Trial 165 finished with value: 0.08387326851612556 and parameters: {'n_layers': 1, 'embedding_dim': 128, 'lr': 0.00013081475334696322, 'lambda_val': 8.429141505725069e-05, 'batch_size': 4020, 'optimizer': 'RMSprop'}. Best is trial 64 with value: 0.12286954628740858.
2026-05-13 23:43:41,711 - optuna.study._optimize - INFO - Trial 166 pruned. 
2026-05-13 23:43:46,247 - optuna.study._optimize - INFO - Trial 167 pruned. 
2026-05-13 23:44:17,652 - optuna.study.study - INFO - Trial 168 finished with value: 0.0937443579776525 and parameters: {'n_layers': 1, 'embedding_dim': 128, 'lr': 0.00011537895836025291, 'lambda_val': 8.399963454764196e-06, 'batch_size': 3738, 'optimizer': 'RMSprop'}. Best is trial 64 with value: 0.12286954628740858.
2026-05-13 23:44:25,834 - optuna.study._optimize - INFO - Trial 169 pruned. 
2026-05-13 23:45:01,246 - optuna.study.study - INFO - Trial 170 finished with value: 0.09645961609311068 and parameters: {'n_layers': 1, 'embedding_dim': 256, 'lr': 9.532302820888463e-05, 'lambda_val': 4.457219840045912e-06, 'batch_size': 3430, 'optimizer': 'RMSprop'}. Best is trial 64 with value: 0.12286954628740858.
2026-05-13 23:45:36,987 - optuna.study.study - INFO - Trial 171 finished with value: 0.10297009921095021 and parameters: {'n_layers': 1, 'embedding_dim': 256, 'lr': 9.80944642585129e-05, 'lambda_val': 6.734431852124972e-06, 'batch_size': 3389, 'optimizer': 'RMSprop'}. Best is trial 64 with value: 0.12286954628740858.
2026-05-13 23:45:41,203 - optuna.study._optimize - INFO - Trial 172 pruned. 
2026-05-13 23:46:16,524 - optuna.study.study - INFO - Trial 173 finished with value: 0.09297673701184803 and parameters: {'n_layers': 1, 'embedding_dim': 256, 'lr': 9.867203883945998e-05, 'lambda_val': 4.877276498074765e-06, 'batch_size': 3368, 'optimizer': 'RMSprop'}. Best is trial 64 with value: 0.12286954628740858.
2026-05-13 23:46:51,877 - optuna.study.study - INFO - Trial 174 finished with value: 0.0685774037995696 and parameters: {'n_layers': 1, 'embedding_dim': 256, 'lr': 0.0001460992794285458, 'lambda_val': 0.00031168665061467865, 'batch_size': 3291, 'optimizer': 'RMSprop'}. Best is trial 64 with value: 0.12286954628740858.
2026-05-13 23:46:56,367 - optuna.study._optimize - INFO - Trial 175 pruned. 
2026-05-13 23:47:31,857 - optuna.study.study - INFO - Trial 176 finished with value: 0.08061379300598605 and parameters: {'n_layers': 1, 'embedding_dim': 256, 'lr': 0.00012349196541077827, 'lambda_val': 1.1577515484913263e-06, 'batch_size': 3466, 'optimizer': 'RMSprop'}. Best is trial 64 with value: 0.12286954628740858.
2026-05-13 23:47:36,607 - optuna.study._optimize - INFO - Trial 177 pruned. 
2026-05-13 23:47:42,760 - optuna.study._optimize - INFO - Trial 178 pruned. 
2026-05-13 23:48:18,194 - optuna.study.study - INFO - Trial 179 finished with value: 0.0733928741653419 and parameters: {'n_layers': 1, 'embedding_dim': 256, 'lr': 0.00016785852494193744, 'lambda_val': 4.579476680994434e-05, 'batch_size': 4035, 'optimizer': 'RMSprop'}. Best is trial 64 with value: 0.12286954628740858.
2026-05-13 23:48:22,564 - optuna.study._optimize - INFO - Trial 180 pruned. 
2026-05-13 23:48:26,784 - optuna.study._optimize - INFO - Trial 181 pruned. 
2026-05-13 23:48:57,852 - optuna.study.study - INFO - Trial 182 finished with value: 0.08691011600979327 and parameters: {'n_layers': 1, 'embedding_dim': 128, 'lr': 0.00011949337799020438, 'lambda_val': 4.373002487972706e-06, 'batch_size': 3659, 'optimizer': 'RMSprop'}. Best is trial 64 with value: 0.12286954628740858.
2026-05-13 23:49:02,205 - optuna.study._optimize - INFO - Trial 183 pruned. 
2026-05-13 23:49:06,395 - optuna.study._optimize - INFO - Trial 184 pruned. 
2026-05-13 23:49:38,554 - optuna.study.study - INFO - Trial 185 finished with value: 0.08769530836093532 and parameters: {'n_layers': 1, 'embedding_dim': 128, 'lr': 0.0001389716614815788, 'lambda_val': 8.434048406281412e-06, 'batch_size': 3821, 'optimizer': 'RMSprop'}. Best is trial 64 with value: 0.12286954628740858.
2026-05-13 23:49:42,927 - optuna.study._optimize - INFO - Trial 186 pruned. 
2026-05-13 23:50:20,794 - optuna.study.study - INFO - Trial 187 finished with value: 0.1143105165685253 and parameters: {'n_layers': 1, 'embedding_dim': 256, 'lr': 8.532110920248369e-05, 'lambda_val': 2.679806154240018e-06, 'batch_size': 3890, 'optimizer': 'RMSprop'}. Best is trial 64 with value: 0.12286954628740858.
2026-05-13 23:50:25,332 - optuna.study._optimize - INFO - Trial 188 pruned. 
2026-05-13 23:50:29,674 - optuna.study._optimize - INFO - Trial 189 pruned. 
2026-05-13 23:50:34,689 - optuna.study._optimize - INFO - Trial 190 pruned. 
2026-05-13 23:50:39,595 - optuna.study._optimize - INFO - Trial 191 pruned. 
2026-05-13 23:50:43,926 - optuna.study._optimize - INFO - Trial 192 pruned. 
2026-05-13 23:50:48,041 - optuna.study._optimize - INFO - Trial 193 pruned. 
2026-05-13 23:51:24,295 - optuna.study.study - INFO - Trial 194 finished with value: 0.07880261981991818 and parameters: {'n_layers': 1, 'embedding_dim': 256, 'lr': 0.00013457895602305854, 'lambda_val': 0.0011221746062021769, 'batch_size': 3950, 'optimizer': 'RMSprop'}. Best is trial 64 with value: 0.12286954628740858.
2026-05-13 23:51:55,867 - optuna.study.study - INFO - Trial 195 finished with value: 0.10297138521558172 and parameters: {'n_layers': 1, 'embedding_dim': 128, 'lr': 0.00010550151835447026, 'lambda_val': 5.8132763319192764e-05, 'batch_size': 3712, 'optimizer': 'RMSprop'}. Best is trial 64 with value: 0.12286954628740858.
2026-05-13 23:52:00,215 - optuna.study._optimize - INFO - Trial 196 pruned. 
2026-05-13 23:52:04,715 - optuna.study._optimize - INFO - Trial 197 pruned. 
2026-05-13 23:52:38,114 - optuna.study.study - INFO - Trial 198 finished with value: 0.10063001190851738 and parameters: {'n_layers': 1, 'embedding_dim': 128, 'lr': 0.00010318195767972956, 'lambda_val': 9.257816900943402e-05, 'batch_size': 3640, 'optimizer': 'RMSprop'}. Best is trial 64 with value: 0.12286954628740858.
2026-05-13 23:52:42,211 - optuna.study._optimize - INFO - Trial 199 pruned. 
2026-05-13 23:53:05,597 - root - INFO -   **** Training e_100K_1c3dcs_rand3
2026-05-13 23:53:05,608 - root - INFO -   **** Getting 56335/65410 random edges
2026-05-13 23:53:05,708 - optuna.storages._rdb.storage - INFO - A new study created in RDB with name: Study_e_100K_1c3dcs_rand3
2026-05-13 23:53:51,501 - optuna.study.study - INFO - Trial 0 finished with value: 0.08315360249196248 and parameters: {'n_layers': 1, 'embedding_dim': 256, 'lr': 3.212911330456818e-05, 'lambda_val': 0.013454590558194214, 'batch_size': 2940, 'optimizer': 'RMSprop'}. Best is trial 0 with value: 0.08315360249196248.
2026-05-13 23:54:59,752 - optuna.study.study - INFO - Trial 1 finished with value: 0.027418162622250046 and parameters: {'n_layers': 2, 'embedding_dim': 256, 'lr': 0.01746472885702237, 'lambda_val': 1.5303834071773482e-06, 'batch_size': 1495, 'optimizer': 'RMSprop'}. Best is trial 0 with value: 0.08315360249196248.
2026-05-13 23:55:45,729 - optuna.study.study - INFO - Trial 2 finished with value: 0.07145246855335625 and parameters: {'n_layers': 1, 'embedding_dim': 64, 'lr': 0.004692635896322616, 'lambda_val': 0.004284528997520789, 'batch_size': 3533, 'optimizer': 'Adam'}. Best is trial 0 with value: 0.08315360249196248.
2026-05-13 23:56:26,105 - optuna.study.study - INFO - Trial 3 finished with value: 0.08220048508097348 and parameters: {'n_layers': 1, 'embedding_dim': 128, 'lr': 0.004851985304245645, 'lambda_val': 0.002720302431921993, 'batch_size': 2744, 'optimizer': 'RMSprop'}. Best is trial 0 with value: 0.08315360249196248.
2026-05-13 23:57:19,853 - optuna.study.study - INFO - Trial 4 finished with value: 0.02936261801219969 and parameters: {'n_layers': 3, 'embedding_dim': 256, 'lr': 0.0016430008165603232, 'lambda_val': 6.39741444856357e-06, 'batch_size': 590, 'optimizer': 'RMSprop'}. Best is trial 0 with value: 0.08315360249196248.
2026-05-13 23:57:41,981 - optuna.study._optimize - INFO - Trial 5 pruned. 
2026-05-13 23:57:50,180 - optuna.study._optimize - INFO - Trial 6 pruned. 
2026-05-13 23:57:55,151 - optuna.study._optimize - INFO - Trial 7 pruned. 
2026-05-13 23:58:01,210 - optuna.study._optimize - INFO - Trial 8 pruned. 
2026-05-13 23:58:09,664 - optuna.study._optimize - INFO - Trial 9 pruned. 
2026-05-13 23:58:15,262 - optuna.study._optimize - INFO - Trial 10 pruned. 
2026-05-13 23:58:21,893 - optuna.study._optimize - INFO - Trial 11 pruned. 
2026-05-13 23:58:57,209 - optuna.study.study - INFO - Trial 12 finished with value: 0.04974313358990723 and parameters: {'n_layers': 1, 'embedding_dim': 128, 'lr': 0.0002276979037847198, 'lambda_val': 0.008765555841339022, 'batch_size': 1752, 'optimizer': 'RMSprop'}. Best is trial 0 with value: 0.08315360249196248.
2026-05-13 23:59:31,989 - optuna.study.study - INFO - Trial 13 finished with value: 0.05206000821502387 and parameters: {'n_layers': 1, 'embedding_dim': 96, 'lr': 0.0014743503933078164, 'lambda_val': 0.00019735255443275332, 'batch_size': 3371, 'optimizer': 'RMSprop'}. Best is trial 0 with value: 0.08315360249196248.
2026-05-13 23:59:36,318 - optuna.study._optimize - INFO - Trial 14 pruned. 
2026-05-13 23:59:40,282 - optuna.study._optimize - INFO - Trial 15 pruned. 
2026-05-13 23:59:46,407 - optuna.study._optimize - INFO - Trial 16 pruned. 
2026-05-13 23:59:51,203 - optuna.study._optimize - INFO - Trial 17 pruned. 
2026-05-13 23:59:55,345 - optuna.study._optimize - INFO - Trial 18 pruned. 
2026-05-14 00:00:00,023 - optuna.study._optimize - INFO - Trial 19 pruned. 
2026-05-14 00:00:29,699 - optuna.study.study - INFO - Trial 20 finished with value: 0.041933349824310975 and parameters: {'n_layers': 1, 'embedding_dim': 32, 'lr': 0.0007219980686676804, 'lambda_val': 0.00040340519872598653, 'batch_size': 1934, 'optimizer': 'RMSprop'}. Best is trial 0 with value: 0.08315360249196248.
2026-05-14 00:00:34,388 - optuna.study._optimize - INFO - Trial 21 pruned. 
2026-05-14 00:00:38,198 - optuna.study._optimize - INFO - Trial 22 pruned. 
2026-05-14 00:01:08,031 - optuna.study.study - INFO - Trial 23 finished with value: 0.08216930380864605 and parameters: {'n_layers': 1, 'embedding_dim': 64, 'lr': 0.010128448104834108, 'lambda_val': 0.0025735223075152103, 'batch_size': 3333, 'optimizer': 'Adam'}. Best is trial 0 with value: 0.08315360249196248.
2026-05-14 00:01:12,724 - optuna.study._optimize - INFO - Trial 24 pruned. 
2026-05-14 00:01:17,036 - optuna.study._optimize - INFO - Trial 25 pruned. 
2026-05-14 00:01:20,792 - optuna.study._optimize - INFO - Trial 26 pruned. 
2026-05-14 00:02:03,442 - optuna.study.study - INFO - Trial 27 finished with value: 0.03748003455114649 and parameters: {'n_layers': 1, 'embedding_dim': 64, 'lr': 0.0021465084843705078, 'lambda_val': 6.559058330671281e-05, 'batch_size': 4068, 'optimizer': 'RMSprop'}. Best is trial 0 with value: 0.08315360249196248.
2026-05-14 00:02:08,345 - optuna.study._optimize - INFO - Trial 28 pruned. 
2026-05-14 00:02:13,438 - optuna.study._optimize - INFO - Trial 29 pruned. 
2026-05-14 00:02:18,951 - optuna.study._optimize - INFO - Trial 30 pruned. 
2026-05-14 00:02:48,809 - optuna.study.study - INFO - Trial 31 finished with value: 0.07865849535544797 and parameters: {'n_layers': 1, 'embedding_dim': 64, 'lr': 0.0068129522233193966, 'lambda_val': 0.003980309460355666, 'batch_size': 3515, 'optimizer': 'Adam'}. Best is trial 0 with value: 0.08315360249196248.
2026-05-14 00:02:52,013 - optuna.study._optimize - INFO - Trial 32 pruned. 
2026-05-14 00:03:19,689 - optuna.study.study - INFO - Trial 33 finished with value: 0.07045253464884488 and parameters: {'n_layers': 1, 'embedding_dim': 64, 'lr': 0.0022871914252624134, 'lambda_val': 0.00213684617592257, 'batch_size': 3348, 'optimizer': 'Adam'}. Best is trial 0 with value: 0.08315360249196248.
2026-05-14 00:03:23,046 - optuna.study._optimize - INFO - Trial 34 pruned. 
2026-05-14 00:03:57,102 - optuna.study.study - INFO - Trial 35 finished with value: 0.06831986651371245 and parameters: {'n_layers': 1, 'embedding_dim': 256, 'lr': 0.0010711431372380077, 'lambda_val': 0.00625311732372454, 'batch_size': 3170, 'optimizer': 'Adam'}. Best is trial 0 with value: 0.08315360249196248.
2026-05-14 00:04:01,036 - optuna.study._optimize - INFO - Trial 36 pruned. 
2026-05-14 00:04:05,016 - optuna.study._optimize - INFO - Trial 37 pruned. 
2026-05-14 00:04:09,250 - optuna.study._optimize - INFO - Trial 38 pruned. 
2026-05-14 00:04:13,539 - optuna.study._optimize - INFO - Trial 39 pruned. 
2026-05-14 00:04:17,508 - optuna.study._optimize - INFO - Trial 40 pruned. 
2026-05-14 00:04:23,055 - optuna.study._optimize - INFO - Trial 41 pruned. 
2026-05-14 00:04:57,857 - optuna.study.study - INFO - Trial 42 finished with value: 0.06675695771875062 and parameters: {'n_layers': 1, 'embedding_dim': 64, 'lr': 0.0032303156252919316, 'lambda_val': 0.0034399751030324034, 'batch_size': 3175, 'optimizer': 'Adam'}. Best is trial 0 with value: 0.08315360249196248.
2026-05-14 00:05:29,097 - optuna.study.study - INFO - Trial 43 finished with value: 0.05009297938325088 and parameters: {'n_layers': 1, 'embedding_dim': 64, 'lr': 0.001051617818253857, 'lambda_val': 0.0009311629864847839, 'batch_size': 2778, 'optimizer': 'Adam'}. Best is trial 0 with value: 0.08315360249196248.
2026-05-14 00:05:58,500 - optuna.study.study - INFO - Trial 44 finished with value: 0.04405500686867335 and parameters: {'n_layers': 1, 'embedding_dim': 64, 'lr': 0.0015987333715859011, 'lambda_val': 9.622482303180077e-05, 'batch_size': 2430, 'optimizer': 'RMSprop'}. Best is trial 0 with value: 0.08315360249196248.
2026-05-14 00:06:03,195 - optuna.study._optimize - INFO - Trial 45 pruned. 
2026-05-14 00:06:47,739 - optuna.study.study - INFO - Trial 46 finished with value: 0.029625969509018985 and parameters: {'n_layers': 2, 'embedding_dim': 256, 'lr': 0.0003270695204069839, 'lambda_val': 2.0864330587960163e-05, 'batch_size': 3462, 'optimizer': 'RMSprop'}. Best is trial 0 with value: 0.08315360249196248.
2026-05-14 00:06:52,571 - optuna.study._optimize - INFO - Trial 47 pruned. 
2026-05-14 00:06:56,900 - optuna.study._optimize - INFO - Trial 48 pruned. 
2026-05-14 00:07:01,757 - optuna.study._optimize - INFO - Trial 49 pruned. 
2026-05-14 00:07:33,646 - optuna.study.study - INFO - Trial 50 finished with value: 0.07986578517601771 and parameters: {'n_layers': 1, 'embedding_dim': 128, 'lr': 0.02157523783014909, 'lambda_val': 0.002632957502063496, 'batch_size': 2080, 'optimizer': 'RMSprop'}. Best is trial 0 with value: 0.08315360249196248.
2026-05-14 00:07:37,713 - optuna.study._optimize - INFO - Trial 51 pruned. 
2026-05-14 00:07:41,832 - optuna.study._optimize - INFO - Trial 52 pruned. 
2026-05-14 00:08:13,445 - optuna.study.study - INFO - Trial 53 finished with value: 0.07292947039041119 and parameters: {'n_layers': 1, 'embedding_dim': 128, 'lr': 0.005964839353016679, 'lambda_val': 0.0007224121485702449, 'batch_size': 2818, 'optimizer': 'RMSprop'}. Best is trial 0 with value: 0.08315360249196248.
2026-05-14 00:08:45,133 - optuna.study.study - INFO - Trial 54 finished with value: 0.07847309461921796 and parameters: {'n_layers': 1, 'embedding_dim': 128, 'lr': 0.011905321301193405, 'lambda_val': 0.0007729884737171124, 'batch_size': 2585, 'optimizer': 'RMSprop'}. Best is trial 0 with value: 0.08315360249196248.
2026-05-14 00:09:17,458 - optuna.study.study - INFO - Trial 55 finished with value: 0.08183365506857622 and parameters: {'n_layers': 1, 'embedding_dim': 128, 'lr': 0.012501485571869735, 'lambda_val': 0.0013236104857147599, 'batch_size': 2555, 'optimizer': 'RMSprop'}. Best is trial 0 with value: 0.08315360249196248.
2026-05-14 00:09:49,327 - optuna.study.study - INFO - Trial 56 finished with value: 0.0770467571458073 and parameters: {'n_layers': 1, 'embedding_dim': 128, 'lr': 0.01831185820478422, 'lambda_val': 0.002204224614837422, 'batch_size': 2460, 'optimizer': 'RMSprop'}. Best is trial 0 with value: 0.08315360249196248.
2026-05-14 00:09:53,579 - optuna.study._optimize - INFO - Trial 57 pruned. 
2026-05-14 00:09:58,021 - optuna.study._optimize - INFO - Trial 58 pruned. 
2026-05-14 00:10:02,075 - optuna.study._optimize - INFO - Trial 59 pruned. 
2026-05-14 00:10:07,323 - optuna.study._optimize - INFO - Trial 60 pruned. 
2026-05-14 00:10:39,784 - optuna.study.study - INFO - Trial 61 finished with value: 0.08530549393724854 and parameters: {'n_layers': 1, 'embedding_dim': 128, 'lr': 0.012028596517437047, 'lambda_val': 0.0009167918784518556, 'batch_size': 2583, 'optimizer': 'RMSprop'}. Best is trial 61 with value: 0.08530549393724854.
2026-05-14 00:10:47,112 - optuna.study._optimize - INFO - Trial 62 pruned. 
2026-05-14 00:10:51,471 - optuna.study._optimize - INFO - Trial 63 pruned. 
2026-05-14 00:11:23,212 - optuna.study.study - INFO - Trial 64 finished with value: 0.08511367274185322 and parameters: {'n_layers': 1, 'embedding_dim': 128, 'lr': 0.009423063521756474, 'lambda_val': 0.0011830361307225046, 'batch_size': 3010, 'optimizer': 'RMSprop'}. Best is trial 61 with value: 0.08530549393724854.
2026-05-14 00:11:54,499 - optuna.study.study - INFO - Trial 65 finished with value: 0.0836536544941781 and parameters: {'n_layers': 1, 'embedding_dim': 128, 'lr': 0.010723569053514974, 'lambda_val': 0.001339720195928876, 'batch_size': 3043, 'optimizer': 'RMSprop'}. Best is trial 61 with value: 0.08530549393724854.
2026-05-14 00:12:26,686 - optuna.study.study - INFO - Trial 66 finished with value: 0.07895434429459722 and parameters: {'n_layers': 1, 'embedding_dim': 128, 'lr': 0.008681582454979964, 'lambda_val': 0.001102760055900883, 'batch_size': 3001, 'optimizer': 'RMSprop'}. Best is trial 61 with value: 0.08530549393724854.
2026-05-14 00:12:31,181 - optuna.study._optimize - INFO - Trial 67 pruned. 
2026-05-14 00:12:35,409 - optuna.study._optimize - INFO - Trial 68 pruned. 
2026-05-14 00:12:41,211 - optuna.study._optimize - INFO - Trial 69 pruned. 
2026-05-14 00:12:46,640 - optuna.study._optimize - INFO - Trial 70 pruned. 
2026-05-14 00:13:18,027 - optuna.study.study - INFO - Trial 71 finished with value: 0.08351106411303373 and parameters: {'n_layers': 1, 'embedding_dim': 128, 'lr': 0.018272079059301664, 'lambda_val': 0.001388696272598607, 'batch_size': 2312, 'optimizer': 'RMSprop'}. Best is trial 61 with value: 0.08530549393724854.
2026-05-14 00:13:25,815 - optuna.study._optimize - INFO - Trial 72 pruned. 
2026-05-14 00:13:57,795 - optuna.study.study - INFO - Trial 73 finished with value: 0.07887800014205468 and parameters: {'n_layers': 1, 'embedding_dim': 128, 'lr': 0.004919540400903359, 'lambda_val': 0.001454556105139259, 'batch_size': 2616, 'optimizer': 'RMSprop'}. Best is trial 61 with value: 0.08530549393724854.
2026-05-14 00:14:01,647 - optuna.study._optimize - INFO - Trial 74 pruned. 
2026-05-14 00:14:05,679 - optuna.study._optimize - INFO - Trial 75 pruned. 
2026-05-14 00:14:25,549 - optuna.study._optimize - INFO - Trial 76 pruned. 
2026-05-14 00:14:56,422 - optuna.study.study - INFO - Trial 77 finished with value: 0.08194520353759256 and parameters: {'n_layers': 1, 'embedding_dim': 128, 'lr': 0.017361918028913282, 'lambda_val': 0.0012297744993494907, 'batch_size': 3018, 'optimizer': 'RMSprop'}. Best is trial 61 with value: 0.08530549393724854.
2026-05-14 00:15:02,005 - optuna.study._optimize - INFO - Trial 78 pruned. 
2026-05-14 00:15:06,651 - optuna.study._optimize - INFO - Trial 79 pruned. 
2026-05-14 00:15:10,597 - optuna.study._optimize - INFO - Trial 80 pruned. 
2026-05-14 00:15:42,497 - optuna.study.study - INFO - Trial 81 finished with value: 0.08610615789518983 and parameters: {'n_layers': 1, 'embedding_dim': 128, 'lr': 0.0136358928162396, 'lambda_val': 0.001184781691500105, 'batch_size': 2997, 'optimizer': 'RMSprop'}. Best is trial 81 with value: 0.08610615789518983.
2026-05-14 00:16:13,795 - optuna.study.study - INFO - Trial 82 finished with value: 0.08053926243601758 and parameters: {'n_layers': 1, 'embedding_dim': 128, 'lr': 0.008517785288169634, 'lambda_val': 0.0010806667874047387, 'batch_size': 3001, 'optimizer': 'RMSprop'}. Best is trial 81 with value: 0.08610615789518983.
2026-05-14 00:16:18,421 - optuna.study._optimize - INFO - Trial 83 pruned. 
2026-05-14 00:16:22,774 - optuna.study._optimize - INFO - Trial 84 pruned. 
2026-05-14 00:16:54,547 - optuna.study._optimize - INFO - Trial 85 pruned. 
2026-05-14 00:16:59,048 - optuna.study._optimize - INFO - Trial 86 pruned. 
2026-05-14 00:17:03,034 - optuna.study._optimize - INFO - Trial 87 pruned. 
2026-05-14 00:17:10,640 - optuna.study._optimize - INFO - Trial 88 pruned. 
2026-05-14 00:17:16,182 - optuna.study._optimize - INFO - Trial 89 pruned. 
2026-05-14 00:17:48,475 - optuna.study.study - INFO - Trial 90 finished with value: 0.04367709723020527 and parameters: {'n_layers': 1, 'embedding_dim': 128, 'lr': 0.00014319198912795083, 'lambda_val': 0.012969046867733033, 'batch_size': 3424, 'optimizer': 'RMSprop'}. Best is trial 81 with value: 0.08610615789518983.
2026-05-14 00:18:34,610 - optuna.study.study - INFO - Trial 91 finished with value: 0.08280333358486315 and parameters: {'n_layers': 1, 'embedding_dim': 128, 'lr': 0.012812533937414416, 'lambda_val': 0.0015429662506674915, 'batch_size': 2503, 'optimizer': 'RMSprop'}. Best is trial 81 with value: 0.08610615789518983.
2026-05-14 00:18:38,617 - optuna.study._optimize - INFO - Trial 92 pruned. 
2026-05-14 00:19:10,381 - optuna.study.study - INFO - Trial 93 finished with value: 0.07990418147229231 and parameters: {'n_layers': 1, 'embedding_dim': 128, 'lr': 0.007591195344290927, 'lambda_val': 0.00131385567366655, 'batch_size': 2388, 'optimizer': 'RMSprop'}. Best is trial 81 with value: 0.08610615789518983.
2026-05-14 00:19:41,584 - optuna.study.study - INFO - Trial 94 finished with value: 0.08547885071007422 and parameters: {'n_layers': 1, 'embedding_dim': 128, 'lr': 0.01276915072678223, 'lambda_val': 0.001745550626583056, 'batch_size': 2845, 'optimizer': 'RMSprop'}. Best is trial 81 with value: 0.08610615789518983.
2026-05-14 00:20:13,290 - optuna.study.study - INFO - Trial 95 finished with value: 0.08389547014498695 and parameters: {'n_layers': 1, 'embedding_dim': 128, 'lr': 0.011552929443790673, 'lambda_val': 0.0023549772076829983, 'batch_size': 2642, 'optimizer': 'RMSprop'}. Best is trial 81 with value: 0.08610615789518983.
2026-05-14 00:20:43,666 - optuna.study.study - INFO - Trial 96 finished with value: 0.08623746598490506 and parameters: {'n_layers': 1, 'embedding_dim': 128, 'lr': 0.013795468364493623, 'lambda_val': 0.0020378222768771444, 'batch_size': 2247, 'optimizer': 'RMSprop'}. Best is trial 96 with value: 0.08623746598490506.
2026-05-14 00:20:47,717 - optuna.study._optimize - INFO - Trial 97 pruned. 
2026-05-14 00:21:18,963 - optuna.study.study - INFO - Trial 98 finished with value: 0.08810286072786497 and parameters: {'n_layers': 1, 'embedding_dim': 128, 'lr': 0.012507759419405053, 'lambda_val': 0.0017363877544925225, 'batch_size': 2840, 'optimizer': 'RMSprop'}. Best is trial 98 with value: 0.08810286072786497.
2026-05-14 00:21:23,412 - optuna.study._optimize - INFO - Trial 99 pruned. 
2026-05-14 00:21:27,829 - optuna.study._optimize - INFO - Trial 100 pruned. 
2026-05-14 00:21:58,273 - optuna.study.study - INFO - Trial 101 finished with value: 0.09153790586425585 and parameters: {'n_layers': 1, 'embedding_dim': 128, 'lr': 0.013477713846080638, 'lambda_val': 0.0016512381883818513, 'batch_size': 2249, 'optimizer': 'RMSprop'}. Best is trial 101 with value: 0.09153790586425585.
2026-05-14 00:22:28,392 - optuna.study.study - INFO - Trial 102 finished with value: 0.0849674697396746 and parameters: {'n_layers': 1, 'embedding_dim': 128, 'lr': 0.006055516664262634, 'lambda_val': 0.0025601315221149418, 'batch_size': 2229, 'optimizer': 'RMSprop'}. Best is trial 101 with value: 0.09153790586425585.
2026-05-14 00:22:58,550 - optuna.study.study - INFO - Trial 103 finished with value: 0.08220148966895391 and parameters: {'n_layers': 1, 'embedding_dim': 128, 'lr': 0.013913330153017055, 'lambda_val': 0.002455661429082943, 'batch_size': 2109, 'optimizer': 'RMSprop'}. Best is trial 101 with value: 0.09153790586425585.
2026-05-14 00:23:28,715 - optuna.study.study - INFO - Trial 104 finished with value: 0.08243615682843333 and parameters: {'n_layers': 1, 'embedding_dim': 128, 'lr': 0.006816332198089615, 'lambda_val': 0.0016874380257466686, 'batch_size': 1938, 'optimizer': 'RMSprop'}. Best is trial 101 with value: 0.09153790586425585.
2026-05-14 00:23:32,929 - optuna.study._optimize - INFO - Trial 105 pruned. 
2026-05-14 00:23:37,214 - optuna.study._optimize - INFO - Trial 106 pruned. 
2026-05-14 00:23:44,737 - optuna.study._optimize - INFO - Trial 107 pruned. 
2026-05-14 00:24:16,390 - optuna.study.study - INFO - Trial 108 finished with value: 0.08447353920321238 and parameters: {'n_layers': 1, 'embedding_dim': 128, 'lr': 0.008640300533718606, 'lambda_val': 0.00321874863349029, 'batch_size': 2732, 'optimizer': 'RMSprop'}. Best is trial 101 with value: 0.09153790586425585.
2026-05-14 00:24:20,594 - optuna.study._optimize - INFO - Trial 109 pruned. 
2026-05-14 00:24:24,932 - optuna.study._optimize - INFO - Trial 110 pruned. 
2026-05-14 00:24:55,938 - optuna.study.study - INFO - Trial 111 finished with value: 0.08105462634323164 and parameters: {'n_layers': 1, 'embedding_dim': 128, 'lr': 0.010219257509781162, 'lambda_val': 0.0017961159587459327, 'batch_size': 2629, 'optimizer': 'RMSprop'}. Best is trial 101 with value: 0.09153790586425585.
2026-05-14 00:24:59,978 - optuna.study._optimize - INFO - Trial 112 pruned. 
2026-05-14 00:25:05,454 - optuna.study._optimize - INFO - Trial 113 pruned. 
2026-05-14 00:25:09,647 - optuna.study._optimize - INFO - Trial 114 pruned. 
2026-05-14 00:25:13,962 - optuna.study._optimize - INFO - Trial 115 pruned. 
2026-05-14 00:25:18,132 - optuna.study._optimize - INFO - Trial 116 pruned. 
2026-05-14 00:25:24,082 - optuna.study._optimize - INFO - Trial 117 pruned. 
2026-05-14 00:25:28,487 - optuna.study._optimize - INFO - Trial 118 pruned. 
2026-05-14 00:25:32,722 - optuna.study._optimize - INFO - Trial 119 pruned. 
2026-05-14 00:25:36,942 - optuna.study._optimize - INFO - Trial 120 pruned. 
2026-05-14 00:25:41,470 - optuna.study._optimize - INFO - Trial 121 pruned. 
2026-05-14 00:26:15,530 - optuna.study.study - INFO - Trial 122 finished with value: 0.05369379462509159 and parameters: {'n_layers': 1, 'embedding_dim': 128, 'lr': 0.00038309455949329946, 'lambda_val': 0.0021638356114648876, 'batch_size': 2691, 'optimizer': 'RMSprop'}. Best is trial 101 with value: 0.09153790586425585.
2026-05-14 00:26:21,404 - optuna.study._optimize - INFO - Trial 123 pruned. 
2026-05-14 00:26:26,122 - optuna.study._optimize - INFO - Trial 124 pruned. 
2026-05-14 00:26:57,902 - optuna.study.study - INFO - Trial 125 finished with value: 0.07961380848745225 and parameters: {'n_layers': 1, 'embedding_dim': 128, 'lr': 0.007857848815564714, 'lambda_val': 0.002928871591040432, 'batch_size': 3021, 'optimizer': 'RMSprop'}. Best is trial 101 with value: 0.09153790586425585.
2026-05-14 00:27:01,765 - optuna.study._optimize - INFO - Trial 126 pruned. 
2026-05-14 00:27:16,891 - optuna.study._optimize - INFO - Trial 127 pruned. 
2026-05-14 00:27:21,115 - optuna.study._optimize - INFO - Trial 128 pruned. 
2026-05-14 00:27:25,587 - optuna.study._optimize - INFO - Trial 129 pruned. 
2026-05-14 00:27:29,640 - optuna.study._optimize - INFO - Trial 130 pruned. 
2026-05-14 00:28:00,292 - optuna.study.study - INFO - Trial 131 finished with value: 0.08222090771926567 and parameters: {'n_layers': 1, 'embedding_dim': 128, 'lr': 0.013259732643691591, 'lambda_val': 0.001300641037668746, 'batch_size': 2515, 'optimizer': 'RMSprop'}. Best is trial 101 with value: 0.09153790586425585.
2026-05-14 00:28:04,829 - optuna.study._optimize - INFO - Trial 132 pruned. 
2026-05-14 00:28:08,970 - optuna.study._optimize - INFO - Trial 133 pruned. 
2026-05-14 00:28:13,111 - optuna.study._optimize - INFO - Trial 134 pruned. 
2026-05-14 00:28:17,607 - optuna.study._optimize - INFO - Trial 135 pruned. 
2026-05-14 00:28:21,635 - optuna.study._optimize - INFO - Trial 136 pruned. 
2026-05-14 00:28:26,138 - optuna.study._optimize - INFO - Trial 137 pruned. 
2026-05-14 00:28:30,334 - optuna.study._optimize - INFO - Trial 138 pruned. 
2026-05-14 00:28:34,396 - optuna.study._optimize - INFO - Trial 139 pruned. 
2026-05-14 00:28:38,746 - optuna.study._optimize - INFO - Trial 140 pruned. 
2026-05-14 00:28:56,144 - optuna.study._optimize - INFO - Trial 141 pruned. 
2026-05-14 00:29:27,771 - optuna.study.study - INFO - Trial 142 finished with value: 0.08876611004053099 and parameters: {'n_layers': 1, 'embedding_dim': 128, 'lr': 0.006829419723818855, 'lambda_val': 0.001791585423437903, 'batch_size': 2952, 'optimizer': 'RMSprop'}. Best is trial 101 with value: 0.09153790586425585.
2026-05-14 00:29:58,521 - optuna.study.study - INFO - Trial 143 finished with value: 0.08113749536589974 and parameters: {'n_layers': 1, 'embedding_dim': 128, 'lr': 0.010499737336877686, 'lambda_val': 0.0024969161386875728, 'batch_size': 2956, 'optimizer': 'RMSprop'}. Best is trial 101 with value: 0.09153790586425585.
2026-05-14 00:30:02,650 - optuna.study._optimize - INFO - Trial 144 pruned. 
2026-05-14 00:30:06,426 - optuna.study._optimize - INFO - Trial 145 pruned. 
2026-05-14 00:30:10,258 - optuna.study._optimize - INFO - Trial 146 pruned. 
2026-05-14 00:30:37,854 - optuna.study.study - INFO - Trial 147 finished with value: 0.08908076941484706 and parameters: {'n_layers': 1, 'embedding_dim': 128, 'lr': 0.013077895490724979, 'lambda_val': 0.0021352252329046475, 'batch_size': 2540, 'optimizer': 'RMSprop'}. Best is trial 101 with value: 0.09153790586425585.
2026-05-14 00:30:41,869 - optuna.study._optimize - INFO - Trial 148 pruned. 
2026-05-14 00:30:45,538 - optuna.study._optimize - INFO - Trial 149 pruned. 
2026-05-14 00:30:50,445 - optuna.study._optimize - INFO - Trial 150 pruned. 
2026-05-14 00:30:54,461 - optuna.study._optimize - INFO - Trial 151 pruned. 
2026-05-14 00:30:57,956 - optuna.study._optimize - INFO - Trial 152 pruned. 
2026-05-14 00:31:01,601 - optuna.study._optimize - INFO - Trial 153 pruned. 
2026-05-14 00:31:05,854 - optuna.study._optimize - INFO - Trial 154 pruned. 
2026-05-14 00:31:11,998 - optuna.study._optimize - INFO - Trial 155 pruned. 
2026-05-14 00:31:42,800 - optuna.study.study - INFO - Trial 156 finished with value: 0.08347178477190184 and parameters: {'n_layers': 1, 'embedding_dim': 128, 'lr': 0.006672166945966375, 'lambda_val': 0.0019209099030506316, 'batch_size': 2586, 'optimizer': 'RMSprop'}. Best is trial 101 with value: 0.09153790586425585.
2026-05-14 00:32:13,895 - optuna.study.study - INFO - Trial 157 finished with value: 0.081005399904763 and parameters: {'n_layers': 1, 'embedding_dim': 128, 'lr': 0.006571981807047158, 'lambda_val': 0.002133959063787512, 'batch_size': 2589, 'optimizer': 'RMSprop'}. Best is trial 101 with value: 0.09153790586425585.
2026-05-14 00:32:18,276 - optuna.study._optimize - INFO - Trial 158 pruned. 
2026-05-14 00:32:22,711 - optuna.study._optimize - INFO - Trial 159 pruned. 
2026-05-14 00:32:33,906 - optuna.study._optimize - INFO - Trial 160 pruned. 
2026-05-14 00:33:05,422 - optuna.study.study - INFO - Trial 161 finished with value: 0.0853701576378506 and parameters: {'n_layers': 1, 'embedding_dim': 128, 'lr': 0.01080813483999, 'lambda_val': 0.001545351354202422, 'batch_size': 2532, 'optimizer': 'RMSprop'}. Best is trial 101 with value: 0.09153790586425585.
2026-05-14 00:33:37,386 - optuna.study.study - INFO - Trial 162 finished with value: 0.08616274289546319 and parameters: {'n_layers': 1, 'embedding_dim': 128, 'lr': 0.010238843220544261, 'lambda_val': 0.0016483667564080205, 'batch_size': 2361, 'optimizer': 'RMSprop'}. Best is trial 101 with value: 0.09153790586425585.
2026-05-14 00:33:41,715 - optuna.study._optimize - INFO - Trial 163 pruned. 
2026-05-14 00:34:13,179 - optuna.study.study - INFO - Trial 164 finished with value: 0.08436596644480981 and parameters: {'n_layers': 1, 'embedding_dim': 128, 'lr': 0.01113024594374923, 'lambda_val': 0.0014226514775313552, 'batch_size': 2367, 'optimizer': 'RMSprop'}. Best is trial 101 with value: 0.09153790586425585.
2026-05-14 00:34:44,325 - optuna.study.study - INFO - Trial 165 finished with value: 0.08406034074055299 and parameters: {'n_layers': 1, 'embedding_dim': 128, 'lr': 0.010867676683369376, 'lambda_val': 0.0014696944661237697, 'batch_size': 2395, 'optimizer': 'RMSprop'}. Best is trial 101 with value: 0.09153790586425585.
2026-05-14 00:34:48,345 - optuna.study._optimize - INFO - Trial 166 pruned. 
2026-05-14 00:34:54,515 - optuna.study._optimize - INFO - Trial 167 pruned. 
2026-05-14 00:34:58,602 - optuna.study._optimize - INFO - Trial 168 pruned. 
2026-05-14 00:35:06,502 - optuna.study._optimize - INFO - Trial 169 pruned. 
2026-05-14 00:35:10,739 - optuna.study._optimize - INFO - Trial 170 pruned. 
2026-05-14 00:35:14,728 - optuna.study._optimize - INFO - Trial 171 pruned. 
2026-05-14 00:35:22,011 - optuna.study._optimize - INFO - Trial 172 pruned. 
2026-05-14 00:35:26,109 - optuna.study._optimize - INFO - Trial 173 pruned. 
2026-05-14 00:35:30,616 - optuna.study._optimize - INFO - Trial 174 pruned. 
2026-05-14 00:35:34,619 - optuna.study._optimize - INFO - Trial 175 pruned. 
2026-05-14 00:35:38,644 - optuna.study._optimize - INFO - Trial 176 pruned. 
2026-05-14 00:36:10,148 - optuna.study.study - INFO - Trial 177 finished with value: 0.08689845699734394 and parameters: {'n_layers': 1, 'embedding_dim': 128, 'lr': 0.007466612550730424, 'lambda_val': 0.0017234268048641932, 'batch_size': 2651, 'optimizer': 'RMSprop'}. Best is trial 101 with value: 0.09153790586425585.
2026-05-14 00:36:14,614 - optuna.study._optimize - INFO - Trial 178 pruned. 
2026-05-14 00:36:18,855 - optuna.study._optimize - INFO - Trial 179 pruned. 
2026-05-14 00:36:23,097 - optuna.study._optimize - INFO - Trial 180 pruned. 
2026-05-14 00:36:54,550 - optuna.study.study - INFO - Trial 181 finished with value: 0.08330015323880206 and parameters: {'n_layers': 1, 'embedding_dim': 128, 'lr': 0.01139059827174891, 'lambda_val': 0.0012519867103148103, 'batch_size': 2386, 'optimizer': 'RMSprop'}. Best is trial 101 with value: 0.09153790586425585.
2026-05-14 00:36:58,514 - optuna.study._optimize - INFO - Trial 182 pruned. 
2026-05-14 00:37:03,208 - optuna.study._optimize - INFO - Trial 183 pruned. 
2026-05-14 00:37:08,495 - optuna.study._optimize - INFO - Trial 184 pruned. 
2026-05-14 00:37:13,052 - optuna.study._optimize - INFO - Trial 185 pruned. 
2026-05-14 00:37:17,437 - optuna.study._optimize - INFO - Trial 186 pruned. 
2026-05-14 00:37:22,024 - optuna.study._optimize - INFO - Trial 187 pruned. 
2026-05-14 00:37:25,631 - optuna.study._optimize - INFO - Trial 188 pruned. 
2026-05-14 00:37:29,566 - optuna.study._optimize - INFO - Trial 189 pruned. 
2026-05-14 00:37:34,899 - optuna.study._optimize - INFO - Trial 190 pruned. 
2026-05-14 00:37:39,428 - optuna.study._optimize - INFO - Trial 191 pruned. 
2026-05-14 00:37:43,814 - optuna.study._optimize - INFO - Trial 192 pruned. 
2026-05-14 00:37:48,211 - optuna.study._optimize - INFO - Trial 193 pruned. 
2026-05-14 00:37:52,220 - optuna.study._optimize - INFO - Trial 194 pruned. 
2026-05-14 00:37:56,375 - optuna.study._optimize - INFO - Trial 195 pruned. 
2026-05-14 00:38:00,629 - optuna.study._optimize - INFO - Trial 196 pruned. 
2026-05-14 00:38:04,910 - optuna.study._optimize - INFO - Trial 197 pruned. 
2026-05-14 00:38:09,112 - optuna.study._optimize - INFO - Trial 198 pruned. 
2026-05-14 00:38:13,602 - optuna.study._optimize - INFO - Trial 199 pruned. 
2026-05-14 00:38:36,316 - root - INFO -   **** Training e_100K_1c3dcs_rand4
2026-05-14 00:38:36,327 - root - INFO -   **** Getting 56335/65410 random edges
2026-05-14 00:38:36,634 - optuna.storages._rdb.storage - INFO - A new study created in RDB with name: Study_e_100K_1c3dcs_rand4
2026-05-14 00:39:09,394 - optuna.study.study - INFO - Trial 0 finished with value: 0.047777991829789375 and parameters: {'n_layers': 1, 'embedding_dim': 32, 'lr': 0.026830293791969047, 'lambda_val': 0.0001893797470024978, 'batch_size': 3836, 'optimizer': 'RMSprop'}. Best is trial 0 with value: 0.047777991829789375.
2026-05-14 00:40:00,480 - optuna.study.study - INFO - Trial 1 finished with value: 0.0026875578488248144 and parameters: {'n_layers': 3, 'embedding_dim': 256, 'lr': 0.06087857593475237, 'lambda_val': 0.0020275211805990314, 'batch_size': 2855, 'optimizer': 'SGD'}. Best is trial 0 with value: 0.047777991829789375.
2026-05-14 00:40:34,897 - optuna.study.study - INFO - Trial 2 finished with value: 0.017671718000145196 and parameters: {'n_layers': 3, 'embedding_dim': 32, 'lr': 3.360369458719152e-05, 'lambda_val': 0.0018006730400987336, 'batch_size': 3900, 'optimizer': 'Adam'}. Best is trial 0 with value: 0.047777991829789375.
2026-05-14 00:41:08,491 - optuna.study.study - INFO - Trial 3 finished with value: 0.0015698121327487225 and parameters: {'n_layers': 4, 'embedding_dim': 32, 'lr': 0.008118506224804593, 'lambda_val': 0.00333283285685293, 'batch_size': 558, 'optimizer': 'SGD'}. Best is trial 0 with value: 0.047777991829789375.
2026-05-14 00:41:40,291 - optuna.study.study - INFO - Trial 4 finished with value: 0.0017403348610540268 and parameters: {'n_layers': 3, 'embedding_dim': 32, 'lr': 0.0009307450320570264, 'lambda_val': 2.02370286120961e-06, 'batch_size': 948, 'optimizer': 'SGD'}. Best is trial 0 with value: 0.047777991829789375.
2026-05-14 00:42:09,261 - optuna.study.study - INFO - Trial 5 finished with value: 0.05495128549807488 and parameters: {'n_layers': 1, 'embedding_dim': 64, 'lr': 0.000729287674097184, 'lambda_val': 0.0004221363448137569, 'batch_size': 945, 'optimizer': 'Adam'}. Best is trial 5 with value: 0.05495128549807488.
2026-05-14 00:42:38,596 - optuna.study.study - INFO - Trial 6 finished with value: 0.05689499573987879 and parameters: {'n_layers': 1, 'embedding_dim': 96, 'lr': 0.001851608869383669, 'lambda_val': 0.008388240124968417, 'batch_size': 1407, 'optimizer': 'RMSprop'}. Best is trial 6 with value: 0.05689499573987879.
2026-05-14 00:43:15,385 - optuna.study.study - INFO - Trial 7 finished with value: 0.03406833499222964 and parameters: {'n_layers': 3, 'embedding_dim': 96, 'lr': 0.010015000622461218, 'lambda_val': 0.00017159427650341997, 'batch_size': 730, 'optimizer': 'Adam'}. Best is trial 6 with value: 0.05689499573987879.
2026-05-14 00:43:19,085 - optuna.study._optimize - INFO - Trial 8 pruned. 
2026-05-14 00:43:23,674 - optuna.study._optimize - INFO - Trial 9 pruned. 
2026-05-14 00:43:28,159 - optuna.study._optimize - INFO - Trial 10 pruned. 
2026-05-14 00:43:59,676 - optuna.study.study - INFO - Trial 11 finished with value: 0.030774422793333898 and parameters: {'n_layers': 2, 'embedding_dim': 64, 'lr': 0.0009788133281865518, 'lambda_val': 1.1122294554363242e-05, 'batch_size': 1204, 'optimizer': 'RMSprop'}. Best is trial 6 with value: 0.05689499573987879.
2026-05-14 00:44:30,166 - optuna.study.study - INFO - Trial 12 finished with value: 0.020628612025911295 and parameters: {'n_layers': 1, 'embedding_dim': 64, 'lr': 0.00025309088137785, 'lambda_val': 0.05098444851466336, 'batch_size': 2717, 'optimizer': 'Adam'}. Best is trial 6 with value: 0.05689499573987879.
2026-05-14 00:45:03,891 - optuna.study.study - INFO - Trial 13 finished with value: 0.02028944395961547 and parameters: {'n_layers': 2, 'embedding_dim': 96, 'lr': 0.00020223615914997492, 'lambda_val': 0.006754165496864792, 'batch_size': 1426, 'optimizer': 'RMSprop'}. Best is trial 6 with value: 0.05689499573987879.
2026-05-14 00:45:32,306 - optuna.study.study - INFO - Trial 14 finished with value: 0.05497755392035678 and parameters: {'n_layers': 1, 'embedding_dim': 64, 'lr': 0.0029859149233206765, 'lambda_val': 0.0006638276332565864, 'batch_size': 1952, 'optimizer': 'Adam'}. Best is trial 6 with value: 0.05689499573987879.
2026-05-14 00:46:14,672 - optuna.study.study - INFO - Trial 15 finished with value: 0.0466492817865153 and parameters: {'n_layers': 2, 'embedding_dim': 256, 'lr': 0.003512511107012351, 'lambda_val': 0.0008971576898131982, 'batch_size': 2087, 'optimizer': 'RMSprop'}. Best is trial 6 with value: 0.05689499573987879.
2026-05-14 00:46:21,042 - optuna.study._optimize - INFO - Trial 16 pruned. 
2026-05-14 00:46:50,914 - optuna.study.study - INFO - Trial 17 finished with value: 0.05543584456056615 and parameters: {'n_layers': 1, 'embedding_dim': 64, 'lr': 0.002916110744952434, 'lambda_val': 0.016195113410519886, 'batch_size': 3225, 'optimizer': 'Adam'}. Best is trial 6 with value: 0.05689499573987879.
2026-05-14 00:46:55,867 - optuna.study._optimize - INFO - Trial 18 pruned. 
2026-05-14 00:47:25,012 - optuna.study.study - INFO - Trial 19 finished with value: 0.06748736679883145 and parameters: {'n_layers': 1, 'embedding_dim': 64, 'lr': 0.029443347026779962, 'lambda_val': 0.006500313900913897, 'batch_size': 3024, 'optimizer': 'RMSprop'}. Best is trial 19 with value: 0.06748736679883145.
2026-05-14 00:47:29,471 - optuna.study._optimize - INFO - Trial 20 pruned. 
2026-05-14 00:47:59,485 - optuna.study.study - INFO - Trial 21 finished with value: 0.06080274564206286 and parameters: {'n_layers': 1, 'embedding_dim': 64, 'lr': 0.02622676622531557, 'lambda_val': 0.012933125355630747, 'batch_size': 3309, 'optimizer': 'RMSprop'}. Best is trial 19 with value: 0.06748736679883145.
2026-05-14 00:48:29,351 - optuna.study.study - INFO - Trial 22 finished with value: 0.06873641912839276 and parameters: {'n_layers': 1, 'embedding_dim': 64, 'lr': 0.02429173466397131, 'lambda_val': 0.010216959698248922, 'batch_size': 3501, 'optimizer': 'RMSprop'}. Best is trial 22 with value: 0.06873641912839276.
2026-05-14 00:48:33,557 - optuna.study._optimize - INFO - Trial 23 pruned. 
2026-05-14 00:49:03,171 - optuna.study.study - INFO - Trial 24 finished with value: 0.08427013782691392 and parameters: {'n_layers': 1, 'embedding_dim': 64, 'lr': 0.03108865940020132, 'lambda_val': 0.001512397132850312, 'batch_size': 3571, 'optimizer': 'RMSprop'}. Best is trial 24 with value: 0.08427013782691392.
2026-05-14 00:49:07,290 - optuna.study._optimize - INFO - Trial 25 pruned. 
2026-05-14 00:49:24,552 - optuna.study._optimize - INFO - Trial 26 pruned. 
2026-05-14 00:49:29,514 - optuna.study._optimize - INFO - Trial 27 pruned. 
2026-05-14 00:49:53,425 - optuna.study.study - INFO - Trial 28 finished with value: 0.07860142908093391 and parameters: {'n_layers': 1, 'embedding_dim': 64, 'lr': 0.00672427406688343, 'lambda_val': 0.004423065744042438, 'batch_size': 2966, 'optimizer': 'RMSprop'}. Best is trial 24 with value: 0.08427013782691392.
2026-05-14 00:50:29,108 - optuna.study.study - INFO - Trial 29 finished with value: 0.07491073777485167 and parameters: {'n_layers': 1, 'embedding_dim': 256, 'lr': 0.006283280089310789, 'lambda_val': 0.0002494608706435715, 'batch_size': 3644, 'optimizer': 'RMSprop'}. Best is trial 24 with value: 0.08427013782691392.
2026-05-14 00:51:05,566 - optuna.study.study - INFO - Trial 30 finished with value: 0.06190585128821665 and parameters: {'n_layers': 1, 'embedding_dim': 256, 'lr': 0.005261602419816414, 'lambda_val': 0.00018816147375103423, 'batch_size': 3688, 'optimizer': 'RMSprop'}. Best is trial 24 with value: 0.08427013782691392.
2026-05-14 00:51:41,338 - optuna.study.study - INFO - Trial 31 finished with value: 0.0731981313878839 and parameters: {'n_layers': 1, 'embedding_dim': 256, 'lr': 0.01502924105873144, 'lambda_val': 0.0002969206685241198, 'batch_size': 3592, 'optimizer': 'RMSprop'}. Best is trial 24 with value: 0.08427013782691392.
2026-05-14 00:51:58,346 - optuna.study._optimize - INFO - Trial 32 pruned. 
2026-05-14 00:52:02,932 - optuna.study._optimize - INFO - Trial 33 pruned. 
2026-05-14 00:52:39,054 - optuna.study.study - INFO - Trial 34 finished with value: 0.055874943001578324 and parameters: {'n_layers': 1, 'embedding_dim': 256, 'lr': 0.005949915232574806, 'lambda_val': 3.588426905365244e-05, 'batch_size': 3817, 'optimizer': 'RMSprop'}. Best is trial 24 with value: 0.08427013782691392.
2026-05-14 00:52:59,605 - optuna.study._optimize - INFO - Trial 35 pruned. 
2026-05-14 00:53:06,421 - optuna.study._optimize - INFO - Trial 36 pruned. 
2026-05-14 00:53:12,319 - optuna.study._optimize - INFO - Trial 37 pruned. 
2026-05-14 00:53:47,734 - optuna.study.study - INFO - Trial 38 finished with value: 0.04542397636230803 and parameters: {'n_layers': 1, 'embedding_dim': 256, 'lr': 0.006079174311044831, 'lambda_val': 1.0704966160448047e-05, 'batch_size': 3901, 'optimizer': 'RMSprop'}. Best is trial 24 with value: 0.08427013782691392.
2026-05-14 00:53:52,029 - optuna.study._optimize - INFO - Trial 39 pruned. 
2026-05-14 00:54:27,879 - optuna.study.study - INFO - Trial 40 finished with value: 0.09022137527197538 and parameters: {'n_layers': 1, 'embedding_dim': 256, 'lr': 0.018447967661176314, 'lambda_val': 0.003066788665509417, 'batch_size': 3472, 'optimizer': 'RMSprop'}. Best is trial 40 with value: 0.09022137527197538.
2026-05-14 00:55:03,577 - optuna.study.study - INFO - Trial 41 finished with value: 0.08326902806485784 and parameters: {'n_layers': 1, 'embedding_dim': 256, 'lr': 0.01623606645229969, 'lambda_val': 0.0038873841136098986, 'batch_size': 3523, 'optimizer': 'RMSprop'}. Best is trial 40 with value: 0.09022137527197538.
2026-05-14 00:55:39,276 - optuna.study.study - INFO - Trial 42 finished with value: 0.07902831755615387 and parameters: {'n_layers': 1, 'embedding_dim': 256, 'lr': 0.008935344904492874, 'lambda_val': 0.0031362065080941157, 'batch_size': 3449, 'optimizer': 'RMSprop'}. Best is trial 40 with value: 0.09022137527197538.
2026-05-14 00:56:14,867 - optuna.study.study - INFO - Trial 43 finished with value: 0.08014709633802418 and parameters: {'n_layers': 1, 'embedding_dim': 256, 'lr': 0.019083665469191286, 'lambda_val': 0.0030198903932580072, 'batch_size': 3388, 'optimizer': 'RMSprop'}. Best is trial 40 with value: 0.09022137527197538.
2026-05-14 00:56:19,947 - optuna.study._optimize - INFO - Trial 44 pruned. 
2026-05-14 00:56:24,221 - optuna.study._optimize - INFO - Trial 45 pruned. 
2026-05-14 00:56:28,728 - optuna.study._optimize - INFO - Trial 46 pruned. 
2026-05-14 00:56:32,826 - optuna.study._optimize - INFO - Trial 47 pruned. 
2026-05-14 00:56:37,343 - optuna.study._optimize - INFO - Trial 48 pruned. 
2026-05-14 00:56:41,849 - optuna.study._optimize - INFO - Trial 49 pruned. 
2026-05-14 00:56:46,631 - optuna.study._optimize - INFO - Trial 50 pruned. 
2026-05-14 00:57:21,900 - optuna.study.study - INFO - Trial 51 finished with value: 0.08448179875661535 and parameters: {'n_layers': 1, 'embedding_dim': 256, 'lr': 0.004185851813837683, 'lambda_val': 0.00346489644738951, 'batch_size': 3120, 'optimizer': 'RMSprop'}. Best is trial 40 with value: 0.09022137527197538.
2026-05-14 00:58:02,219 - optuna.study.study - INFO - Trial 52 finished with value: 0.08553372817588144 and parameters: {'n_layers': 1, 'embedding_dim': 256, 'lr': 0.00481035776308046, 'lambda_val': 0.0025317445828741472, 'batch_size': 3326, 'optimizer': 'RMSprop'}. Best is trial 40 with value: 0.09022137527197538.
2026-05-14 00:58:47,963 - optuna.study.study - INFO - Trial 53 finished with value: 0.08004491463882295 and parameters: {'n_layers': 1, 'embedding_dim': 256, 'lr': 0.004982598951253222, 'lambda_val': 0.0007182857056521099, 'batch_size': 3220, 'optimizer': 'RMSprop'}. Best is trial 40 with value: 0.09022137527197538.
2026-05-14 00:59:35,267 - optuna.study.study - INFO - Trial 54 finished with value: 0.08990869686225536 and parameters: {'n_layers': 1, 'embedding_dim': 256, 'lr': 0.004119355011431097, 'lambda_val': 0.0019768410530501238, 'batch_size': 2857, 'optimizer': 'RMSprop'}. Best is trial 40 with value: 0.09022137527197538.
2026-05-14 01:00:20,371 - optuna.study.study - INFO - Trial 55 finished with value: 0.08062548572890266 and parameters: {'n_layers': 1, 'embedding_dim': 256, 'lr': 0.003821978970958326, 'lambda_val': 0.0005299261937713257, 'batch_size': 2890, 'optimizer': 'RMSprop'}. Best is trial 40 with value: 0.09022137527197538.
2026-05-14 01:00:53,727 - optuna.study.study - INFO - Trial 56 finished with value: 0.053292864874932414 and parameters: {'n_layers': 1, 'embedding_dim': 32, 'lr': 0.0020406686502819267, 'lambda_val': 0.004923140805501523, 'batch_size': 2549, 'optimizer': 'Adam'}. Best is trial 40 with value: 0.09022137527197538.
2026-05-14 01:01:00,792 - optuna.study._optimize - INFO - Trial 57 pruned. 
2026-05-14 01:01:39,776 - optuna.study.study - INFO - Trial 58 finished with value: 0.06881811648005576 and parameters: {'n_layers': 1, 'embedding_dim': 128, 'lr': 0.001518497144955008, 'lambda_val': 0.0009962933653419263, 'batch_size': 3105, 'optimizer': 'RMSprop'}. Best is trial 40 with value: 0.09022137527197538.
2026-05-14 01:01:44,587 - optuna.study._optimize - INFO - Trial 59 pruned. 
2026-05-14 01:01:51,939 - optuna.study._optimize - INFO - Trial 60 pruned. 
2026-05-14 01:02:33,505 - optuna.study.study - INFO - Trial 61 finished with value: 0.07776822561418498 and parameters: {'n_layers': 1, 'embedding_dim': 256, 'lr': 0.002870476598527599, 'lambda_val': 0.0004906071425137893, 'batch_size': 2927, 'optimizer': 'RMSprop'}. Best is trial 40 with value: 0.09022137527197538.
2026-05-14 01:03:22,034 - optuna.study.study - INFO - Trial 62 finished with value: 0.07120622408526775 and parameters: {'n_layers': 1, 'embedding_dim': 256, 'lr': 0.003877480889316318, 'lambda_val': 0.0006710606366158348, 'batch_size': 2825, 'optimizer': 'RMSprop'}. Best is trial 40 with value: 0.09022137527197538.
2026-05-14 01:04:12,190 - optuna.study.study - INFO - Trial 63 finished with value: 0.07315601158226735 and parameters: {'n_layers': 1, 'embedding_dim': 256, 'lr': 0.0011332690033415943, 'lambda_val': 0.0018046887294099136, 'batch_size': 2595, 'optimizer': 'RMSprop'}. Best is trial 40 with value: 0.09022137527197538.
2026-05-14 01:04:57,591 - optuna.study.study - INFO - Trial 64 finished with value: 0.07268238902661033 and parameters: {'n_layers': 1, 'embedding_dim': 256, 'lr': 0.0022496208226529374, 'lambda_val': 0.0049026934225231975, 'batch_size': 3105, 'optimizer': 'RMSprop'}. Best is trial 40 with value: 0.09022137527197538.
2026-05-14 01:05:03,851 - optuna.study._optimize - INFO - Trial 65 pruned. 
2026-05-14 01:05:48,948 - optuna.study.study - INFO - Trial 66 finished with value: 0.06937949705897645 and parameters: {'n_layers': 1, 'embedding_dim': 256, 'lr': 0.000751494810182651, 'lambda_val': 0.0013054993241456215, 'batch_size': 3286, 'optimizer': 'Adam'}. Best is trial 40 with value: 0.09022137527197538.
2026-05-14 01:06:27,627 - optuna.study.study - INFO - Trial 67 finished with value: 0.06720914130896524 and parameters: {'n_layers': 1, 'embedding_dim': 96, 'lr': 0.003852836086346775, 'lambda_val': 0.0070156054165852995, 'batch_size': 1925, 'optimizer': 'RMSprop'}. Best is trial 40 with value: 0.09022137527197538.
2026-05-14 01:06:33,423 - optuna.study._optimize - INFO - Trial 68 pruned. 
2026-05-14 01:06:39,277 - optuna.study._optimize - INFO - Trial 69 pruned. 
2026-05-14 01:06:45,891 - optuna.study._optimize - INFO - Trial 70 pruned. 
2026-05-14 01:07:31,611 - optuna.study.study - INFO - Trial 71 finished with value: 0.08230486024716333 and parameters: {'n_layers': 1, 'embedding_dim': 256, 'lr': 0.017705161155990856, 'lambda_val': 0.0031595383528644637, 'batch_size': 3342, 'optimizer': 'RMSprop'}. Best is trial 40 with value: 0.09022137527197538.
2026-05-14 01:07:37,701 - optuna.study._optimize - INFO - Trial 72 pruned. 
2026-05-14 01:08:26,172 - optuna.study.study - INFO - Trial 73 finished with value: 0.08872740703495714 and parameters: {'n_layers': 1, 'embedding_dim': 256, 'lr': 0.014636277997080182, 'lambda_val': 0.0009258169363786678, 'batch_size': 3331, 'optimizer': 'RMSprop'}. Best is trial 40 with value: 0.09022137527197538.
2026-05-14 01:08:34,172 - optuna.study._optimize - INFO - Trial 74 pruned. 
2026-05-14 01:08:40,100 - optuna.study._optimize - INFO - Trial 75 pruned. 
2026-05-14 01:08:46,281 - optuna.study._optimize - INFO - Trial 76 pruned. 
2026-05-14 01:08:52,440 - optuna.study._optimize - INFO - Trial 77 pruned. 
2026-05-14 01:09:36,727 - optuna.study.study - INFO - Trial 78 finished with value: 0.08574687919480678 and parameters: {'n_layers': 1, 'embedding_dim': 128, 'lr': 0.023404043471540775, 'lambda_val': 0.0016436488981420032, 'batch_size': 3245, 'optimizer': 'RMSprop'}. Best is trial 40 with value: 0.09022137527197538.
2026-05-14 01:09:40,926 - optuna.study._optimize - INFO - Trial 79 pruned. 
2026-05-14 01:09:44,993 - optuna.study._optimize - INFO - Trial 80 pruned. 
2026-05-14 01:09:48,742 - optuna.study._optimize - INFO - Trial 81 pruned. 
2026-05-14 01:09:53,913 - optuna.study._optimize - INFO - Trial 82 pruned. 
2026-05-14 01:10:41,756 - optuna.study.study - INFO - Trial 83 finished with value: 0.08795234195430048 and parameters: {'n_layers': 1, 'embedding_dim': 256, 'lr': 0.021413036690441763, 'lambda_val': 0.0014974197967348747, 'batch_size': 3503, 'optimizer': 'RMSprop'}. Best is trial 40 with value: 0.09022137527197538.
2026-05-14 01:10:46,274 - optuna.study._optimize - INFO - Trial 84 pruned. 
2026-05-14 01:11:26,416 - optuna.study.study - INFO - Trial 85 finished with value: 0.07294134348508499 and parameters: {'n_layers': 1, 'embedding_dim': 64, 'lr': 0.01366498420099132, 'lambda_val': 0.0008268172474432704, 'batch_size': 3616, 'optimizer': 'RMSprop'}. Best is trial 40 with value: 0.09022137527197538.
2026-05-14 01:11:32,626 - optuna.study._optimize - INFO - Trial 86 pruned. 
2026-05-14 01:11:46,305 - optuna.study._optimize - INFO - Trial 87 pruned. 
2026-05-14 01:11:51,987 - optuna.study._optimize - INFO - Trial 88 pruned. 
2026-05-14 01:12:00,048 - optuna.study._optimize - INFO - Trial 89 pruned. 
2026-05-14 01:12:07,620 - optuna.study._optimize - INFO - Trial 90 pruned. 
2026-05-14 01:12:12,242 - optuna.study._optimize - INFO - Trial 91 pruned. 
2026-05-14 01:13:07,157 - optuna.study.study - INFO - Trial 92 finished with value: 0.08227545257422585 and parameters: {'n_layers': 1, 'embedding_dim': 256, 'lr': 0.015740404976073152, 'lambda_val': 0.0030390188205871665, 'batch_size': 3378, 'optimizer': 'RMSprop'}. Best is trial 40 with value: 0.09022137527197538.
2026-05-14 01:13:12,650 - optuna.study._optimize - INFO - Trial 93 pruned. 
2026-05-14 01:14:03,226 - optuna.study.study - INFO - Trial 94 finished with value: 0.07883736251812355 and parameters: {'n_layers': 1, 'embedding_dim': 256, 'lr': 0.01110146951551162, 'lambda_val': 0.00328541322492079, 'batch_size': 3624, 'optimizer': 'RMSprop'}. Best is trial 40 with value: 0.09022137527197538.
2026-05-14 01:14:45,816 - optuna.study.study - INFO - Trial 95 finished with value: 0.08855500528208377 and parameters: {'n_layers': 1, 'embedding_dim': 256, 'lr': 0.01818595250236239, 'lambda_val': 0.0016858692072546219, 'batch_size': 3520, 'optimizer': 'RMSprop'}. Best is trial 40 with value: 0.09022137527197538.
2026-05-14 01:15:25,875 - optuna.study.study - INFO - Trial 96 finished with value: 0.07740297295667277 and parameters: {'n_layers': 1, 'embedding_dim': 64, 'lr': 0.004943109150655954, 'lambda_val': 0.0018737254899170368, 'batch_size': 3537, 'optimizer': 'RMSprop'}. Best is trial 40 with value: 0.09022137527197538.
2026-05-14 01:15:31,749 - optuna.study._optimize - INFO - Trial 97 pruned. 
2026-05-14 01:15:37,657 - optuna.study._optimize - INFO - Trial 98 pruned. 
2026-05-14 01:16:31,744 - optuna.study._optimize - INFO - Trial 99 pruned. 
2026-05-14 01:16:39,435 - optuna.study._optimize - INFO - Trial 100 pruned. 
2026-05-14 01:17:35,298 - optuna.study.study - INFO - Trial 101 finished with value: 0.08881055062659171 and parameters: {'n_layers': 1, 'embedding_dim': 256, 'lr': 0.01578312341479652, 'lambda_val': 0.0024849304751962988, 'batch_size': 3331, 'optimizer': 'RMSprop'}. Best is trial 40 with value: 0.09022137527197538.
2026-05-14 01:18:30,383 - optuna.study.study - INFO - Trial 102 finished with value: 0.08597836170701273 and parameters: {'n_layers': 1, 'embedding_dim': 256, 'lr': 0.012817229732543465, 'lambda_val': 0.0019881209361498793, 'batch_size': 3439, 'optimizer': 'RMSprop'}. Best is trial 40 with value: 0.09022137527197538.
2026-05-14 01:18:37,211 - optuna.study._optimize - INFO - Trial 103 pruned. 
2026-05-14 01:19:33,195 - optuna.study.study - INFO - Trial 104 finished with value: 0.0816017016349699 and parameters: {'n_layers': 1, 'embedding_dim': 256, 'lr': 0.009211182830450698, 'lambda_val': 0.0022543305114400666, 'batch_size': 3261, 'optimizer': 'RMSprop'}. Best is trial 40 with value: 0.09022137527197538.
2026-05-14 01:20:24,012 - optuna.study.study - INFO - Trial 105 finished with value: 0.08458006304523714 and parameters: {'n_layers': 1, 'embedding_dim': 256, 'lr': 0.0033090950266891996, 'lambda_val': 0.0009572584868422728, 'batch_size': 3356, 'optimizer': 'RMSprop'}. Best is trial 40 with value: 0.09022137527197538.
2026-05-14 01:21:17,774 - optuna.study.study - INFO - Trial 106 finished with value: 0.08306457983960565 and parameters: {'n_layers': 1, 'embedding_dim': 256, 'lr': 0.004298199011844495, 'lambda_val': 0.0010198585134094489, 'batch_size': 3348, 'optimizer': 'RMSprop'}. Best is trial 40 with value: 0.09022137527197538.
2026-05-14 01:22:06,607 - optuna.study.study - INFO - Trial 107 finished with value: 0.08367674919815332 and parameters: {'n_layers': 1, 'embedding_dim': 256, 'lr': 0.007083572137501142, 'lambda_val': 0.0018412840259814328, 'batch_size': 3022, 'optimizer': 'RMSprop'}. Best is trial 40 with value: 0.09022137527197538.
2026-05-14 01:22:56,070 - optuna.study.study - INFO - Trial 108 finished with value: 0.08756702851093985 and parameters: {'n_layers': 1, 'embedding_dim': 256, 'lr': 0.0025994749412580217, 'lambda_val': 0.0013070954603238791, 'batch_size': 3237, 'optimizer': 'RMSprop'}. Best is trial 40 with value: 0.09022137527197538.
2026-05-14 01:23:16,417 - optuna.study._optimize - INFO - Trial 109 pruned. 
2026-05-14 01:23:22,702 - optuna.study._optimize - INFO - Trial 110 pruned. 
2026-05-14 01:24:05,507 - optuna.study.study - INFO - Trial 111 finished with value: 0.07604480915285684 and parameters: {'n_layers': 1, 'embedding_dim': 256, 'lr': 0.0013234207998781015, 'lambda_val': 0.0008064459507103671, 'batch_size': 3147, 'optimizer': 'RMSprop'}. Best is trial 40 with value: 0.09022137527197538.
2026-05-14 01:24:53,376 - optuna.study.study - INFO - Trial 112 finished with value: 0.08136694250447772 and parameters: {'n_layers': 1, 'embedding_dim': 256, 'lr': 0.0016770812875967882, 'lambda_val': 0.002584371376838655, 'batch_size': 3323, 'optimizer': 'RMSprop'}. Best is trial 40 with value: 0.09022137527197538.
2026-05-14 01:25:36,306 - optuna.study.study - INFO - Trial 113 finished with value: 0.08388304183262474 and parameters: {'n_layers': 1, 'embedding_dim': 256, 'lr': 0.0024173112060551223, 'lambda_val': 0.0013047901378303978, 'batch_size': 3653, 'optimizer': 'RMSprop'}. Best is trial 40 with value: 0.09022137527197538.
2026-05-14 01:26:26,857 - optuna.study.study - INFO - Trial 114 finished with value: 0.08164978170361555 and parameters: {'n_layers': 1, 'embedding_dim': 256, 'lr': 0.0034942648676125868, 'lambda_val': 0.004826602616125824, 'batch_size': 3392, 'optimizer': 'RMSprop'}. Best is trial 40 with value: 0.09022137527197538.
2026-05-14 01:27:08,116 - optuna.study.study - INFO - Trial 115 finished with value: 0.09024865963054053 and parameters: {'n_layers': 1, 'embedding_dim': 256, 'lr': 0.0059553080155939405, 'lambda_val': 0.0015659102545562528, 'batch_size': 3088, 'optimizer': 'RMSprop'}. Best is trial 115 with value: 0.09024865963054053.
2026-05-14 01:27:28,847 - optuna.study._optimize - INFO - Trial 116 pruned. 
2026-05-14 01:28:21,113 - optuna.study.study - INFO - Trial 117 finished with value: 0.08771179823885751 and parameters: {'n_layers': 1, 'embedding_dim': 256, 'lr': 0.01376554590733917, 'lambda_val': 0.0009131806217655388, 'batch_size': 3250, 'optimizer': 'RMSprop'}. Best is trial 115 with value: 0.09024865963054053.
2026-05-14 01:29:01,909 - optuna.study.study - INFO - Trial 118 finished with value: 0.08935453437173929 and parameters: {'n_layers': 1, 'embedding_dim': 256, 'lr': 0.013484927444970849, 'lambda_val': 0.0017014998841655012, 'batch_size': 3271, 'optimizer': 'RMSprop'}. Best is trial 115 with value: 0.09024865963054053.
2026-05-14 01:29:50,616 - optuna.study.study - INFO - Trial 119 finished with value: 0.08046601816565195 and parameters: {'n_layers': 1, 'embedding_dim': 96, 'lr': 0.013876676165651197, 'lambda_val': 0.0015783360177565632, 'batch_size': 3223, 'optimizer': 'RMSprop'}. Best is trial 115 with value: 0.09024865963054053.
2026-05-14 01:30:01,197 - optuna.study._optimize - INFO - Trial 120 pruned. 
2026-05-14 01:30:46,889 - optuna.study.study - INFO - Trial 121 finished with value: 0.08739611940657645 and parameters: {'n_layers': 1, 'embedding_dim': 256, 'lr': 0.008325071303092194, 'lambda_val': 0.0020111866452286954, 'batch_size': 3288, 'optimizer': 'RMSprop'}. Best is trial 115 with value: 0.09024865963054053.
2026-05-14 01:31:30,065 - optuna.study.study - INFO - Trial 122 finished with value: 0.08499935568592498 and parameters: {'n_layers': 1, 'embedding_dim': 256, 'lr': 0.00847447237936454, 'lambda_val': 0.0021035826414292995, 'batch_size': 3272, 'optimizer': 'RMSprop'}. Best is trial 115 with value: 0.09024865963054053.
2026-05-14 01:31:40,422 - optuna.study._optimize - INFO - Trial 123 pruned. 
2026-05-14 01:32:28,675 - optuna.study.study - INFO - Trial 124 finished with value: 0.08649133798078486 and parameters: {'n_layers': 1, 'embedding_dim': 256, 'lr': 0.01099850793042439, 'lambda_val': 0.000752458957471382, 'batch_size': 3151, 'optimizer': 'RMSprop'}. Best is trial 115 with value: 0.09024865963054053.
2026-05-14 01:32:36,268 - optuna.study._optimize - INFO - Trial 125 pruned. 
2026-05-14 01:33:20,138 - optuna.study.study - INFO - Trial 126 finished with value: 0.09196675011445243 and parameters: {'n_layers': 1, 'embedding_dim': 256, 'lr': 0.011186896983499202, 'lambda_val': 0.0010448485803088642, 'batch_size': 2969, 'optimizer': 'RMSprop'}. Best is trial 126 with value: 0.09196675011445243.
2026-05-14 01:34:08,373 - optuna.study.study - INFO - Trial 127 finished with value: 0.08375084223833477 and parameters: {'n_layers': 1, 'embedding_dim': 256, 'lr': 0.010181859706067945, 'lambda_val': 0.0008102909288525772, 'batch_size': 2876, 'optimizer': 'Adam'}. Best is trial 126 with value: 0.09196675011445243.
2026-05-14 01:34:15,366 - optuna.study._optimize - INFO - Trial 128 pruned. 
2026-05-14 01:34:58,014 - optuna.study.study - INFO - Trial 129 finished with value: 0.07957574996171642 and parameters: {'n_layers': 1, 'embedding_dim': 256, 'lr': 0.008380345643269343, 'lambda_val': 0.0003771935686760356, 'batch_size': 3102, 'optimizer': 'RMSprop'}. Best is trial 126 with value: 0.09196675011445243.
2026-05-14 01:35:43,745 - optuna.study.study - INFO - Trial 130 finished with value: 0.08021117627684432 and parameters: {'n_layers': 1, 'embedding_dim': 256, 'lr': 0.011572890949996348, 'lambda_val': 0.0013351596929654056, 'batch_size': 3162, 'optimizer': 'RMSprop'}. Best is trial 126 with value: 0.09196675011445243.
2026-05-14 01:35:55,099 - optuna.study._optimize - INFO - Trial 131 pruned. 
2026-05-14 01:36:33,679 - optuna.study.study - INFO - Trial 132 finished with value: 0.08597244528288422 and parameters: {'n_layers': 1, 'embedding_dim': 256, 'lr': 0.010386426274674225, 'lambda_val': 0.0026227223489843146, 'batch_size': 2936, 'optimizer': 'RMSprop'}. Best is trial 126 with value: 0.09196675011445243.
2026-05-14 01:36:40,179 - optuna.study._optimize - INFO - Trial 133 pruned. 
2026-05-14 01:37:16,035 - optuna.study.study - INFO - Trial 134 finished with value: 0.08255082369882118 and parameters: {'n_layers': 1, 'embedding_dim': 256, 'lr': 0.012223940086227018, 'lambda_val': 0.0010860115746131542, 'batch_size': 3457, 'optimizer': 'RMSprop'}. Best is trial 126 with value: 0.09196675011445243.
2026-05-14 01:38:02,719 - optuna.study.study - INFO - Trial 135 finished with value: 0.08817603846079469 and parameters: {'n_layers': 1, 'embedding_dim': 256, 'lr': 0.008906130185771839, 'lambda_val': 0.0020781755805729424, 'batch_size': 3398, 'optimizer': 'RMSprop'}. Best is trial 126 with value: 0.09196675011445243.
2026-05-14 01:38:40,615 - optuna.study.study - INFO - Trial 136 finished with value: 0.09047467532218874 and parameters: {'n_layers': 1, 'embedding_dim': 256, 'lr': 0.007119008679997667, 'lambda_val': 0.0007883205567509891, 'batch_size': 3203, 'optimizer': 'RMSprop'}. Best is trial 126 with value: 0.09196675011445243.
2026-05-14 01:38:45,733 - optuna.study._optimize - INFO - Trial 137 pruned. 
2026-05-14 01:39:20,006 - optuna.study.study - INFO - Trial 138 finished with value: 0.08547230625369616 and parameters: {'n_layers': 1, 'embedding_dim': 256, 'lr': 0.0082418388359497, 'lambda_val': 0.0035786589062476574, 'batch_size': 3367, 'optimizer': 'RMSprop'}. Best is trial 126 with value: 0.09196675011445243.
2026-05-14 01:39:24,989 - optuna.study._optimize - INFO - Trial 139 pruned. 
2026-05-14 01:40:03,161 - optuna.study.study - INFO - Trial 140 finished with value: 0.08817271267801217 and parameters: {'n_layers': 1, 'embedding_dim': 256, 'lr': 0.00622523271981903, 'lambda_val': 0.0014298520978226572, 'batch_size': 3194, 'optimizer': 'RMSprop'}. Best is trial 126 with value: 0.09196675011445243.
2026-05-14 01:40:44,846 - optuna.study.study - INFO - Trial 141 finished with value: 0.08811824898828682 and parameters: {'n_layers': 1, 'embedding_dim': 256, 'lr': 0.005819491123972221, 'lambda_val': 0.0013490001255718788, 'batch_size': 3205, 'optimizer': 'RMSprop'}. Best is trial 126 with value: 0.09196675011445243.
2026-05-14 01:41:34,700 - optuna.study.study - INFO - Trial 142 finished with value: 0.09003787774925075 and parameters: {'n_layers': 1, 'embedding_dim': 256, 'lr': 0.005367836234803341, 'lambda_val': 0.00139159436197252, 'batch_size': 3189, 'optimizer': 'RMSprop'}. Best is trial 126 with value: 0.09196675011445243.
2026-05-14 01:42:20,501 - optuna.study.study - INFO - Trial 143 finished with value: 0.08912471366891157 and parameters: {'n_layers': 1, 'embedding_dim': 256, 'lr': 0.005171275777678047, 'lambda_val': 0.0009022873352786738, 'batch_size': 3080, 'optimizer': 'RMSprop'}. Best is trial 126 with value: 0.09196675011445243.
2026-05-14 01:43:10,664 - optuna.study.study - INFO - Trial 144 finished with value: 0.08481837856333935 and parameters: {'n_layers': 1, 'embedding_dim': 256, 'lr': 0.005260836198823321, 'lambda_val': 0.0015340398845601461, 'batch_size': 3077, 'optimizer': 'RMSprop'}. Best is trial 126 with value: 0.09196675011445243.
2026-05-14 01:44:03,204 - optuna.study.study - INFO - Trial 145 finished with value: 0.08238600074516224 and parameters: {'n_layers': 1, 'embedding_dim': 256, 'lr': 0.005905711927651101, 'lambda_val': 0.0027914343711921085, 'batch_size': 2981, 'optimizer': 'RMSprop'}. Best is trial 126 with value: 0.09196675011445243.
2026-05-14 01:44:49,224 - optuna.study.study - INFO - Trial 146 finished with value: 0.08574099241668803 and parameters: {'n_layers': 1, 'embedding_dim': 256, 'lr': 0.004754767289082858, 'lambda_val': 0.0016734924438563971, 'batch_size': 2831, 'optimizer': 'RMSprop'}. Best is trial 126 with value: 0.09196675011445243.
2026-05-14 01:45:40,862 - optuna.study.study - INFO - Trial 147 finished with value: 0.08470604154519328 and parameters: {'n_layers': 1, 'embedding_dim': 256, 'lr': 0.0073855284842940455, 'lambda_val': 0.000900261532443711, 'batch_size': 3194, 'optimizer': 'RMSprop'}. Best is trial 126 with value: 0.09196675011445243.
2026-05-14 01:46:18,643 - optuna.study.study - INFO - Trial 148 finished with value: 0.07955463874938391 and parameters: {'n_layers': 1, 'embedding_dim': 256, 'lr': 0.0063724790044880865, 'lambda_val': 0.0006171940207570599, 'batch_size': 3109, 'optimizer': 'RMSprop'}. Best is trial 126 with value: 0.09196675011445243.
2026-05-14 01:46:43,784 - optuna.study._optimize - INFO - Trial 149 pruned. 
2026-05-14 01:46:48,970 - optuna.study._optimize - INFO - Trial 150 pruned. 
2026-05-14 01:46:54,887 - optuna.study._optimize - INFO - Trial 151 pruned. 
2026-05-14 01:47:02,011 - optuna.study._optimize - INFO - Trial 152 pruned. 
2026-05-14 01:47:08,677 - optuna.study._optimize - INFO - Trial 153 pruned. 
2026-05-14 01:47:54,101 - optuna.study.study - INFO - Trial 154 finished with value: 0.08258975809530848 and parameters: {'n_layers': 1, 'embedding_dim': 256, 'lr': 0.009337439388765594, 'lambda_val': 0.0022101616878126506, 'batch_size': 3318, 'optimizer': 'RMSprop'}. Best is trial 126 with value: 0.09196675011445243.
2026-05-14 01:48:43,563 - optuna.study.study - INFO - Trial 155 finished with value: 0.08022167973714531 and parameters: {'n_layers': 1, 'embedding_dim': 256, 'lr': 0.0051958280871269346, 'lambda_val': 0.0030675875860463574, 'batch_size': 3047, 'optimizer': 'RMSprop'}. Best is trial 126 with value: 0.09196675011445243.
2026-05-14 01:48:49,430 - optuna.study._optimize - INFO - Trial 156 pruned. 
2026-05-14 01:49:36,872 - optuna.study.study - INFO - Trial 157 finished with value: 0.08671522230814434 and parameters: {'n_layers': 1, 'embedding_dim': 256, 'lr': 0.006942592803324179, 'lambda_val': 0.001397141446420176, 'batch_size': 3187, 'optimizer': 'RMSprop'}. Best is trial 126 with value: 0.09196675011445243.
2026-05-14 01:50:24,478 - optuna.study.study - INFO - Trial 158 finished with value: 0.0865432141268702 and parameters: {'n_layers': 1, 'embedding_dim': 256, 'lr': 0.009044019303169512, 'lambda_val': 0.00113505211650707, 'batch_size': 3314, 'optimizer': 'RMSprop'}. Best is trial 126 with value: 0.09196675011445243.
2026-05-14 01:50:32,300 - optuna.study._optimize - INFO - Trial 159 pruned. 
2026-05-14 01:50:40,238 - optuna.study._optimize - INFO - Trial 160 pruned. 
2026-05-14 01:51:26,776 - optuna.study.study - INFO - Trial 161 finished with value: 0.08473289751879924 and parameters: {'n_layers': 1, 'embedding_dim': 256, 'lr': 0.003921255115033934, 'lambda_val': 0.0012152007885281862, 'batch_size': 3214, 'optimizer': 'RMSprop'}. Best is trial 126 with value: 0.09196675011445243.
2026-05-14 01:52:08,582 - optuna.study.study - INFO - Trial 162 finished with value: 0.08146587399592349 and parameters: {'n_layers': 1, 'embedding_dim': 256, 'lr': 0.0033638104676929036, 'lambda_val': 0.002033578123514905, 'batch_size': 3248, 'optimizer': 'RMSprop'}. Best is trial 126 with value: 0.09196675011445243.
2026-05-14 01:52:53,496 - optuna.study.study - INFO - Trial 163 finished with value: 0.08817675650422 and parameters: {'n_layers': 1, 'embedding_dim': 256, 'lr': 0.004671751402860536, 'lambda_val': 0.0014270376168394698, 'batch_size': 3100, 'optimizer': 'RMSprop'}. Best is trial 126 with value: 0.09196675011445243.
2026-05-14 01:53:38,409 - optuna.study.study - INFO - Trial 164 finished with value: 0.07952203807423544 and parameters: {'n_layers': 1, 'embedding_dim': 256, 'lr': 0.00465996472299998, 'lambda_val': 0.0026076391030431844, 'batch_size': 3118, 'optimizer': 'RMSprop'}. Best is trial 126 with value: 0.09196675011445243.
2026-05-14 01:53:48,901 - optuna.study._optimize - INFO - Trial 165 pruned. 
2026-05-14 01:53:54,295 - optuna.study._optimize - INFO - Trial 166 pruned. 
2026-05-14 01:53:58,754 - optuna.study._optimize - INFO - Trial 167 pruned. 
2026-05-14 01:54:08,754 - optuna.study._optimize - INFO - Trial 168 pruned. 
2026-05-14 01:54:55,035 - optuna.study.study - INFO - Trial 169 finished with value: 0.08592201322072672 and parameters: {'n_layers': 1, 'embedding_dim': 256, 'lr': 0.005772422239544369, 'lambda_val': 0.0023007322574492848, 'batch_size': 3483, 'optimizer': 'RMSprop'}. Best is trial 126 with value: 0.09196675011445243.
2026-05-14 01:55:36,545 - optuna.study.study - INFO - Trial 170 finished with value: 0.08794729610824732 and parameters: {'n_layers': 1, 'embedding_dim': 256, 'lr': 0.01020062384380454, 'lambda_val': 0.0008593957600417862, 'batch_size': 3034, 'optimizer': 'RMSprop'}. Best is trial 126 with value: 0.09196675011445243.
2026-05-14 01:56:17,258 - optuna.study.study - INFO - Trial 171 finished with value: 0.09153583212352084 and parameters: {'n_layers': 1, 'embedding_dim': 256, 'lr': 0.01000740168767997, 'lambda_val': 0.0007623126337088621, 'batch_size': 2997, 'optimizer': 'RMSprop'}. Best is trial 126 with value: 0.09196675011445243.
2026-05-14 01:56:22,711 - optuna.study._optimize - INFO - Trial 172 pruned. 
2026-05-14 01:56:28,231 - optuna.study._optimize - INFO - Trial 173 pruned. 
2026-05-14 01:56:33,619 - optuna.study._optimize - INFO - Trial 174 pruned. 
2026-05-14 01:57:10,605 - optuna.study.study - INFO - Trial 175 finished with value: 0.08133126778350938 and parameters: {'n_layers': 1, 'embedding_dim': 256, 'lr': 0.004830833484741617, 'lambda_val': 0.0017060474416492944, 'batch_size': 2943, 'optimizer': 'RMSprop'}. Best is trial 126 with value: 0.09196675011445243.
2026-05-14 01:57:50,787 - optuna.study.study - INFO - Trial 176 finished with value: 0.07903050803342573 and parameters: {'n_layers': 1, 'embedding_dim': 256, 'lr': 0.006906839861029541, 'lambda_val': 0.0005686126275412721, 'batch_size': 3169, 'optimizer': 'RMSprop'}. Best is trial 126 with value: 0.09196675011445243.
2026-05-14 01:58:28,206 - optuna.study.study - INFO - Trial 177 finished with value: 0.08614308259429285 and parameters: {'n_layers': 1, 'embedding_dim': 256, 'lr': 0.009311013105026291, 'lambda_val': 0.0011049240265433372, 'batch_size': 2793, 'optimizer': 'RMSprop'}. Best is trial 126 with value: 0.09196675011445243.
2026-05-14 01:58:32,520 - optuna.study._optimize - INFO - Trial 178 pruned. 
2026-05-14 01:59:15,338 - optuna.study.study - INFO - Trial 179 finished with value: 0.08516033814778703 and parameters: {'n_layers': 1, 'embedding_dim': 256, 'lr': 0.00555314527246784, 'lambda_val': 0.00321507914229257, 'batch_size': 3109, 'optimizer': 'RMSprop'}. Best is trial 126 with value: 0.09196675011445243.
2026-05-14 01:59:20,498 - optuna.study._optimize - INFO - Trial 180 pruned. 
2026-05-14 01:59:26,766 - optuna.study._optimize - INFO - Trial 181 pruned. 
2026-05-14 01:59:38,024 - optuna.study._optimize - INFO - Trial 182 pruned. 
2026-05-14 01:59:50,423 - optuna.study._optimize - INFO - Trial 183 pruned. 
2026-05-14 01:59:55,751 - optuna.study._optimize - INFO - Trial 184 pruned. 
2026-05-14 02:00:39,075 - optuna.study.study - INFO - Trial 185 finished with value: 0.08850533083836011 and parameters: {'n_layers': 1, 'embedding_dim': 256, 'lr': 0.007512637318156479, 'lambda_val': 0.000673658973586291, 'batch_size': 3160, 'optimizer': 'RMSprop'}. Best is trial 126 with value: 0.09196675011445243.
2026-05-14 02:01:24,618 - optuna.study.study - INFO - Trial 186 finished with value: 0.08679425303091452 and parameters: {'n_layers': 1, 'embedding_dim': 256, 'lr': 0.007928655460461835, 'lambda_val': 0.0006371697522519481, 'batch_size': 2965, 'optimizer': 'Adam'}. Best is trial 126 with value: 0.09196675011445243.
2026-05-14 02:01:41,121 - optuna.study._optimize - INFO - Trial 187 pruned. 
2026-05-14 02:02:19,859 - optuna.study.study - INFO - Trial 188 finished with value: 0.08452054625614129 and parameters: {'n_layers': 1, 'embedding_dim': 256, 'lr': 0.006895164730086819, 'lambda_val': 0.0005065355956079378, 'batch_size': 1807, 'optimizer': 'RMSprop'}. Best is trial 126 with value: 0.09196675011445243.
2026-05-14 02:02:24,828 - optuna.study._optimize - INFO - Trial 189 pruned. 
2026-05-14 02:02:42,399 - optuna.study._optimize - INFO - Trial 190 pruned. 
2026-05-14 02:02:47,532 - optuna.study._optimize - INFO - Trial 191 pruned. 
2026-05-14 02:03:27,841 - optuna.study.study - INFO - Trial 192 finished with value: 0.09142147933744238 and parameters: {'n_layers': 1, 'embedding_dim': 256, 'lr': 0.00849112865567261, 'lambda_val': 0.000988223498322353, 'batch_size': 3165, 'optimizer': 'RMSprop'}. Best is trial 126 with value: 0.09196675011445243.
2026-05-14 02:04:14,690 - optuna.study.study - INFO - Trial 193 finished with value: 0.08994698441332098 and parameters: {'n_layers': 1, 'embedding_dim': 256, 'lr': 0.005500140351940978, 'lambda_val': 0.0011377161148673307, 'batch_size': 3178, 'optimizer': 'RMSprop'}. Best is trial 126 with value: 0.09196675011445243.
2026-05-14 02:04:59,175 - optuna.study.study - INFO - Trial 194 finished with value: 0.08966239552112058 and parameters: {'n_layers': 1, 'embedding_dim': 256, 'lr': 0.006091779500920799, 'lambda_val': 0.0015931104639907278, 'batch_size': 3362, 'optimizer': 'RMSprop'}. Best is trial 126 with value: 0.09196675011445243.
2026-05-14 02:05:41,725 - optuna.study.study - INFO - Trial 195 finished with value: 0.08959835017531027 and parameters: {'n_layers': 1, 'embedding_dim': 256, 'lr': 0.005945888150487768, 'lambda_val': 0.001122903433865857, 'batch_size': 3177, 'optimizer': 'RMSprop'}. Best is trial 126 with value: 0.09196675011445243.
2026-05-14 02:06:24,852 - optuna.study.study - INFO - Trial 196 finished with value: 0.08296549982643037 and parameters: {'n_layers': 1, 'embedding_dim': 256, 'lr': 0.005135790228546892, 'lambda_val': 0.0011279401374399139, 'batch_size': 3157, 'optimizer': 'RMSprop'}. Best is trial 126 with value: 0.09196675011445243.
2026-05-14 02:06:28,620 - optuna.study._optimize - INFO - Trial 197 pruned. 
2026-05-14 02:06:32,761 - optuna.study._optimize - INFO - Trial 198 pruned. 
2026-05-14 02:06:38,516 - optuna.study._optimize - INFO - Trial 199 pruned. 
2026-05-14 02:07:04,157 - root - INFO -   **** Training e_100K_1c3dcs_rand5
2026-05-14 02:07:04,170 - root - INFO -   **** Getting 56335/65410 random edges
2026-05-14 02:07:04,406 - optuna.storages._rdb.storage - INFO - A new study created in RDB with name: Study_e_100K_1c3dcs_rand5
2026-05-14 02:07:52,277 - optuna.study.study - INFO - Trial 0 finished with value: 0.028333212191091896 and parameters: {'n_layers': 2, 'embedding_dim': 96, 'lr': 2.0445639711074875e-05, 'lambda_val': 0.0002177927599935442, 'batch_size': 1877, 'optimizer': 'RMSprop'}. Best is trial 0 with value: 0.028333212191091896.
2026-05-14 02:08:36,518 - optuna.study.study - INFO - Trial 1 finished with value: 0.0034395839404838774 and parameters: {'n_layers': 2, 'embedding_dim': 128, 'lr': 0.00010996658527351011, 'lambda_val': 9.458651414673684e-06, 'batch_size': 1589, 'optimizer': 'SGD'}. Best is trial 0 with value: 0.028333212191091896.
2026-05-14 02:09:11,219 - optuna.study.study - INFO - Trial 2 finished with value: 0.0020192082301060273 and parameters: {'n_layers': 3, 'embedding_dim': 32, 'lr': 1.0212827059433307e-05, 'lambda_val': 0.00032850554941255916, 'batch_size': 3280, 'optimizer': 'SGD'}. Best is trial 0 with value: 0.028333212191091896.
2026-05-14 02:09:43,996 - optuna.study.study - INFO - Trial 3 finished with value: 0.024649478147135886 and parameters: {'n_layers': 3, 'embedding_dim': 32, 'lr': 0.09080737030406416, 'lambda_val': 8.576932276271823e-05, 'batch_size': 1069, 'optimizer': 'RMSprop'}. Best is trial 0 with value: 0.028333212191091896.
2026-05-14 02:10:25,324 - optuna.study.study - INFO - Trial 4 finished with value: 0.021135910284149788 and parameters: {'n_layers': 1, 'embedding_dim': 96, 'lr': 2.0875042667354922e-05, 'lambda_val': 0.0007784105550770943, 'batch_size': 2826, 'optimizer': 'RMSprop'}. Best is trial 0 with value: 0.028333212191091896.
2026-05-14 02:11:12,136 - optuna.study._optimize - INFO - Trial 5 pruned. 
2026-05-14 02:11:17,716 - optuna.study._optimize - INFO - Trial 6 pruned. 
2026-05-14 02:11:50,498 - optuna.study.study - INFO - Trial 7 finished with value: 0.05395132849388722 and parameters: {'n_layers': 1, 'embedding_dim': 128, 'lr': 0.0008264383237652699, 'lambda_val': 0.0005697463363122442, 'batch_size': 1868, 'optimizer': 'Adam'}. Best is trial 7 with value: 0.05395132849388722.
2026-05-14 02:12:37,538 - optuna.study.study - INFO - Trial 8 finished with value: 0.024934215152295103 and parameters: {'n_layers': 3, 'embedding_dim': 128, 'lr': 0.00022968935725220304, 'lambda_val': 9.467634537251958e-05, 'batch_size': 3075, 'optimizer': 'RMSprop'}. Best is trial 7 with value: 0.05395132849388722.
2026-05-14 02:13:15,439 - optuna.study.study - INFO - Trial 9 finished with value: 0.026966394405328924 and parameters: {'n_layers': 2, 'embedding_dim': 32, 'lr': 0.00593596387223472, 'lambda_val': 0.00035579561114723173, 'batch_size': 3204, 'optimizer': 'Adam'}. Best is trial 7 with value: 0.05395132849388722.
2026-05-14 02:13:50,209 - optuna.study.study - INFO - Trial 10 finished with value: 0.04986272509941643 and parameters: {'n_layers': 1, 'embedding_dim': 128, 'lr': 0.012929171877834109, 'lambda_val': 0.01182082050281213, 'batch_size': 831, 'optimizer': 'Adam'}. Best is trial 7 with value: 0.05395132849388722.
2026-05-14 02:14:26,571 - optuna.study.study - INFO - Trial 11 finished with value: 0.043461444323207435 and parameters: {'n_layers': 1, 'embedding_dim': 128, 'lr': 0.01330850540389129, 'lambda_val': 0.013068496274867857, 'batch_size': 719, 'optimizer': 'Adam'}. Best is trial 7 with value: 0.05395132849388722.
2026-05-14 02:15:05,843 - optuna.study.study - INFO - Trial 12 finished with value: 0.06197728861256636 and parameters: {'n_layers': 1, 'embedding_dim': 128, 'lr': 0.0014326675969603684, 'lambda_val': 0.0037022672899459995, 'batch_size': 2311, 'optimizer': 'Adam'}. Best is trial 12 with value: 0.06197728861256636.
2026-05-14 02:15:41,441 - optuna.study.study - INFO - Trial 13 finished with value: 0.0525248974373265 and parameters: {'n_layers': 1, 'embedding_dim': 128, 'lr': 0.0008719499904808618, 'lambda_val': 0.0031536552976235755, 'batch_size': 2443, 'optimizer': 'Adam'}. Best is trial 12 with value: 0.06197728861256636.
2026-05-14 02:15:55,440 - optuna.study._optimize - INFO - Trial 14 pruned. 
2026-05-14 02:16:44,043 - optuna.study.study - INFO - Trial 15 finished with value: 0.039846638734236314 and parameters: {'n_layers': 2, 'embedding_dim': 256, 'lr': 0.0022750310256702535, 'lambda_val': 0.001887106875251454, 'batch_size': 1306, 'optimizer': 'Adam'}. Best is trial 12 with value: 0.06197728861256636.
2026-05-14 02:17:37,364 - optuna.study._optimize - INFO - Trial 16 pruned. 
2026-05-14 02:18:07,769 - optuna.study.study - INFO - Trial 17 finished with value: 0.045085782311056956 and parameters: {'n_layers': 1, 'embedding_dim': 128, 'lr': 0.0038802620123290867, 'lambda_val': 1.4610368318316778e-05, 'batch_size': 1704, 'optimizer': 'Adam'}. Best is trial 12 with value: 0.06197728861256636.
2026-05-14 02:18:12,974 - optuna.study._optimize - INFO - Trial 18 pruned. 
2026-05-14 02:18:18,725 - optuna.study._optimize - INFO - Trial 19 pruned. 
2026-05-14 02:18:23,877 - optuna.study._optimize - INFO - Trial 20 pruned. 
2026-05-14 02:18:55,062 - optuna.study.study - INFO - Trial 21 finished with value: 0.052168845326843925 and parameters: {'n_layers': 1, 'embedding_dim': 128, 'lr': 0.0006958410680841509, 'lambda_val': 0.004932467420597631, 'batch_size': 2345, 'optimizer': 'Adam'}. Best is trial 12 with value: 0.06197728861256636.
2026-05-14 02:19:38,290 - optuna.study.study - INFO - Trial 22 finished with value: 0.07042866503150598 and parameters: {'n_layers': 1, 'embedding_dim': 128, 'lr': 0.0018658363859404622, 'lambda_val': 0.00345042367908885, 'batch_size': 1465, 'optimizer': 'Adam'}. Best is trial 22 with value: 0.07042866503150598.
2026-05-14 02:20:07,405 - optuna.study.study - INFO - Trial 23 finished with value: 0.04139506860843344 and parameters: {'n_layers': 1, 'embedding_dim': 128, 'lr': 0.005991155074894206, 'lambda_val': 0.025756759006112386, 'batch_size': 1337, 'optimizer': 'Adam'}. Best is trial 22 with value: 0.07042866503150598.
2026-05-14 02:20:36,267 - optuna.study.study - INFO - Trial 24 finished with value: 0.05827513308082801 and parameters: {'n_layers': 1, 'embedding_dim': 128, 'lr': 0.0018061579257322613, 'lambda_val': 0.006936456477250983, 'batch_size': 1566, 'optimizer': 'Adam'}. Best is trial 22 with value: 0.07042866503150598.
2026-05-14 02:20:40,426 - optuna.study._optimize - INFO - Trial 25 pruned. 
2026-05-14 02:21:08,708 - optuna.study.study - INFO - Trial 26 finished with value: 0.0736009269002137 and parameters: {'n_layers': 1, 'embedding_dim': 128, 'lr': 0.010972298682811753, 'lambda_val': 0.0014538415633243342, 'batch_size': 983, 'optimizer': 'Adam'}. Best is trial 26 with value: 0.0736009269002137.
2026-05-14 02:21:12,732 - optuna.study._optimize - INFO - Trial 27 pruned. 
2026-05-14 02:21:16,184 - optuna.study._optimize - INFO - Trial 28 pruned. 
2026-05-14 02:21:20,088 - optuna.study._optimize - INFO - Trial 29 pruned. 
2026-05-14 02:21:47,071 - optuna.study.study - INFO - Trial 30 finished with value: 0.056031582251529384 and parameters: {'n_layers': 1, 'embedding_dim': 32, 'lr': 0.004115958220015789, 'lambda_val': 0.0019636733347234113, 'batch_size': 1949, 'optimizer': 'RMSprop'}. Best is trial 26 with value: 0.0736009269002137.
2026-05-14 02:22:17,294 - optuna.study.study - INFO - Trial 31 finished with value: 0.05790018426379713 and parameters: {'n_layers': 1, 'embedding_dim': 128, 'lr': 0.0013989116774096655, 'lambda_val': 0.007854406387023971, 'batch_size': 1311, 'optimizer': 'Adam'}. Best is trial 26 with value: 0.0736009269002137.
2026-05-14 02:22:47,040 - optuna.study.study - INFO - Trial 32 finished with value: 0.07195950594704041 and parameters: {'n_layers': 1, 'embedding_dim': 128, 'lr': 0.003126030306332076, 'lambda_val': 0.003695001029073584, 'batch_size': 1717, 'optimizer': 'Adam'}. Best is trial 26 with value: 0.0736009269002137.
2026-05-14 02:23:20,097 - optuna.study.study - INFO - Trial 33 finished with value: 0.06290916151144922 and parameters: {'n_layers': 1, 'embedding_dim': 128, 'lr': 0.009655168349952968, 'lambda_val': 0.0006162580508022022, 'batch_size': 1770, 'optimizer': 'Adam'}. Best is trial 26 with value: 0.0736009269002137.
2026-05-14 02:23:24,764 - optuna.study._optimize - INFO - Trial 34 pruned. 
2026-05-14 02:23:29,017 - optuna.study._optimize - INFO - Trial 35 pruned. 
2026-05-14 02:23:33,243 - optuna.study._optimize - INFO - Trial 36 pruned. 
2026-05-14 02:24:00,172 - optuna.study.study - INFO - Trial 37 finished with value: 0.0400931165040641 and parameters: {'n_layers': 1, 'embedding_dim': 32, 'lr': 0.0034671902352753515, 'lambda_val': 0.000795569456813987, 'batch_size': 1771, 'optimizer': 'Adam'}. Best is trial 26 with value: 0.0736009269002137.
2026-05-14 02:24:04,370 - optuna.study._optimize - INFO - Trial 38 pruned. 
2026-05-14 02:24:33,471 - optuna.study.study - INFO - Trial 39 finished with value: 0.07429806462915031 and parameters: {'n_layers': 1, 'embedding_dim': 128, 'lr': 0.008670478670341437, 'lambda_val': 0.0014959061451158735, 'batch_size': 1429, 'optimizer': 'Adam'}. Best is trial 39 with value: 0.07429806462915031.
2026-05-14 02:24:38,747 - optuna.study._optimize - INFO - Trial 40 pruned. 
2026-05-14 02:25:07,689 - optuna.study.study - INFO - Trial 41 finished with value: 0.0767997164996952 and parameters: {'n_layers': 1, 'embedding_dim': 128, 'lr': 0.008846567265108914, 'lambda_val': 0.0023526299184731796, 'batch_size': 1167, 'optimizer': 'Adam'}. Best is trial 41 with value: 0.0767997164996952.
2026-05-14 02:25:36,660 - optuna.study.study - INFO - Trial 42 finished with value: 0.07147598815067932 and parameters: {'n_layers': 1, 'embedding_dim': 128, 'lr': 0.006449395103882611, 'lambda_val': 0.002242259068342845, 'batch_size': 1170, 'optimizer': 'Adam'}. Best is trial 41 with value: 0.0767997164996952.
2026-05-14 02:25:41,186 - optuna.study._optimize - INFO - Trial 43 pruned. 
2026-05-14 02:25:45,445 - optuna.study._optimize - INFO - Trial 44 pruned. 
2026-05-14 02:25:49,919 - optuna.study._optimize - INFO - Trial 45 pruned. 
2026-05-14 02:25:53,924 - optuna.study._optimize - INFO - Trial 46 pruned. 
2026-05-14 02:25:57,794 - optuna.study._optimize - INFO - Trial 47 pruned. 
2026-05-14 02:26:02,643 - optuna.study._optimize - INFO - Trial 48 pruned. 
2026-05-14 02:26:07,002 - optuna.study._optimize - INFO - Trial 49 pruned. 
2026-05-14 02:26:44,981 - optuna.study.study - INFO - Trial 50 finished with value: 0.07760722494181171 and parameters: {'n_layers': 1, 'embedding_dim': 256, 'lr': 0.0027606770952605824, 'lambda_val': 0.003962607220119074, 'batch_size': 733, 'optimizer': 'Adam'}. Best is trial 50 with value: 0.07760722494181171.
2026-05-14 02:27:18,674 - optuna.study.study - INFO - Trial 51 finished with value: 0.06605803973829998 and parameters: {'n_layers': 1, 'embedding_dim': 256, 'lr': 0.0026644370758035526, 'lambda_val': 0.004526669438438408, 'batch_size': 707, 'optimizer': 'Adam'}. Best is trial 50 with value: 0.07760722494181171.
2026-05-14 02:27:22,955 - optuna.study._optimize - INFO - Trial 52 pruned. 
2026-05-14 02:27:57,201 - optuna.study.study - INFO - Trial 53 finished with value: 0.07721412999750893 and parameters: {'n_layers': 1, 'embedding_dim': 256, 'lr': 0.005229077197579412, 'lambda_val': 0.002242282588882979, 'batch_size': 927, 'optimizer': 'Adam'}. Best is trial 50 with value: 0.07760722494181171.
2026-05-14 02:28:01,631 - optuna.study._optimize - INFO - Trial 54 pruned. 
2026-05-14 02:28:35,595 - optuna.study.study - INFO - Trial 55 finished with value: 0.0701700334309928 and parameters: {'n_layers': 1, 'embedding_dim': 256, 'lr': 0.004418549789043233, 'lambda_val': 0.0012999356216865934, 'batch_size': 960, 'optimizer': 'Adam'}. Best is trial 50 with value: 0.07760722494181171.
2026-05-14 02:28:39,719 - optuna.study._optimize - INFO - Trial 56 pruned. 
2026-05-14 02:29:13,532 - optuna.study.study - INFO - Trial 57 finished with value: 0.053732561981046534 and parameters: {'n_layers': 1, 'embedding_dim': 256, 'lr': 0.0013538409269863389, 'lambda_val': 1.067418645054275e-06, 'batch_size': 1392, 'optimizer': 'Adam'}. Best is trial 50 with value: 0.07760722494181171.
2026-05-14 02:29:49,009 - optuna.study.study - INFO - Trial 58 finished with value: 0.07250051582078318 and parameters: {'n_layers': 1, 'embedding_dim': 256, 'lr': 0.002678399650099848, 'lambda_val': 0.004926345130826152, 'batch_size': 1610, 'optimizer': 'Adam'}. Best is trial 50 with value: 0.07760722494181171.
2026-05-14 02:30:31,278 - optuna.study.study - INFO - Trial 59 finished with value: 0.03084562675206132 and parameters: {'n_layers': 2, 'embedding_dim': 256, 'lr': 0.0004776825171208709, 'lambda_val': 0.005572420727120074, 'batch_size': 1259, 'optimizer': 'Adam'}. Best is trial 50 with value: 0.07760722494181171.
2026-05-14 02:31:14,018 - optuna.study.study - INFO - Trial 60 finished with value: 0.06805075700723912 and parameters: {'n_layers': 1, 'embedding_dim': 256, 'lr': 0.00949711997236565, 'lambda_val': 0.00032111211998309, 'batch_size': 1625, 'optimizer': 'Adam'}. Best is trial 50 with value: 0.07760722494181171.
2026-05-14 02:31:50,554 - optuna.study.study - INFO - Trial 61 finished with value: 0.07446193279371345 and parameters: {'n_layers': 1, 'embedding_dim': 256, 'lr': 0.003157029196498222, 'lambda_val': 0.0033096046596820155, 'batch_size': 1592, 'optimizer': 'Adam'}. Best is trial 50 with value: 0.07760722494181171.
2026-05-14 02:32:24,208 - optuna.study.study - INFO - Trial 62 finished with value: 0.07183045719929827 and parameters: {'n_layers': 1, 'embedding_dim': 256, 'lr': 0.0046145566969250885, 'lambda_val': 0.0014889104567661216, 'batch_size': 1009, 'optimizer': 'Adam'}. Best is trial 50 with value: 0.07760722494181171.
2026-05-14 02:32:58,709 - optuna.study.study - INFO - Trial 63 finished with value: 0.07735254563440999 and parameters: {'n_layers': 1, 'embedding_dim': 256, 'lr': 0.0021573313021046475, 'lambda_val': 0.0027606713926923636, 'batch_size': 1606, 'optimizer': 'Adam'}. Best is trial 50 with value: 0.07760722494181171.
2026-05-14 02:33:03,132 - optuna.study._optimize - INFO - Trial 64 pruned. 
2026-05-14 02:33:07,712 - optuna.study._optimize - INFO - Trial 65 pruned. 
2026-05-14 02:33:41,718 - optuna.study.study - INFO - Trial 66 finished with value: 0.06189789430423159 and parameters: {'n_layers': 1, 'embedding_dim': 256, 'lr': 0.0017311762279592407, 'lambda_val': 0.007181193005580356, 'batch_size': 1413, 'optimizer': 'Adam'}. Best is trial 50 with value: 0.07760722494181171.
2026-05-14 02:34:09,978 - optuna.study.study - INFO - Trial 67 finished with value: 0.05405615944436751 and parameters: {'n_layers': 1, 'embedding_dim': 96, 'lr': 0.0053801257292996, 'lambda_val': 0.000604637470368852, 'batch_size': 1225, 'optimizer': 'Adam'}. Best is trial 50 with value: 0.07760722494181171.
2026-05-14 02:34:43,209 - optuna.study.study - INFO - Trial 68 finished with value: 0.05922583423142335 and parameters: {'n_layers': 1, 'embedding_dim': 256, 'lr': 0.0006340522020977907, 'lambda_val': 0.001078590492863658, 'batch_size': 747, 'optimizer': 'RMSprop'}. Best is trial 50 with value: 0.07760722494181171.
2026-05-14 02:34:47,604 - optuna.study._optimize - INFO - Trial 69 pruned. 
2026-05-14 02:34:52,002 - optuna.study._optimize - INFO - Trial 70 pruned. 
2026-05-14 02:35:26,200 - optuna.study.study - INFO - Trial 71 finished with value: 0.07357847872513305 and parameters: {'n_layers': 1, 'embedding_dim': 256, 'lr': 0.0026461023679976363, 'lambda_val': 0.0029350241007417227, 'batch_size': 1470, 'optimizer': 'Adam'}. Best is trial 50 with value: 0.07760722494181171.
2026-05-14 02:36:59,257 - optuna.study.study - INFO - Trial 72 finished with value: 0.0752357474273508 and parameters: {'n_layers': 1, 'embedding_dim': 256, 'lr': 0.002513843783832701, 'lambda_val': 0.003040889601962235, 'batch_size': 1544, 'optimizer': 'Adam'}. Best is trial 50 with value: 0.07760722494181171.
2026-05-14 02:37:47,513 - optuna.study.study - INFO - Trial 73 finished with value: 0.057156265798613326 and parameters: {'n_layers': 1, 'embedding_dim': 256, 'lr': 0.0014495929223087229, 'lambda_val': 0.009080348201646772, 'batch_size': 1548, 'optimizer': 'Adam'}. Best is trial 50 with value: 0.07760722494181171.
2026-05-14 02:38:21,183 - optuna.study.study - INFO - Trial 74 finished with value: 0.07990173648620325 and parameters: {'n_layers': 1, 'embedding_dim': 256, 'lr': 0.00782444088092365, 'lambda_val': 0.0038188368869317667, 'batch_size': 1377, 'optimizer': 'Adam'}. Best is trial 74 with value: 0.07990173648620325.
2026-05-14 02:38:59,447 - optuna.study.study - INFO - Trial 75 finished with value: 0.06683025864935947 and parameters: {'n_layers': 1, 'embedding_dim': 256, 'lr': 0.0011178299333884812, 'lambda_val': 0.003254169720232432, 'batch_size': 1341, 'optimizer': 'Adam'}. Best is trial 74 with value: 0.07990173648620325.
2026-05-14 02:39:05,423 - optuna.study._optimize - INFO - Trial 76 pruned. 
2026-05-14 02:39:09,425 - optuna.study._optimize - INFO - Trial 77 pruned. 
2026-05-14 02:39:14,038 - optuna.study._optimize - INFO - Trial 78 pruned. 
2026-05-14 02:39:56,260 - optuna.study.study - INFO - Trial 79 finished with value: 0.08059849778498555 and parameters: {'n_layers': 1, 'embedding_dim': 256, 'lr': 0.00210944069619418, 'lambda_val': 0.002104416177307709, 'batch_size': 2662, 'optimizer': 'Adam'}. Best is trial 79 with value: 0.08059849778498555.
2026-05-14 02:40:03,380 - optuna.study._optimize - INFO - Trial 80 pruned. 
2026-05-14 02:40:39,163 - optuna.study.study - INFO - Trial 81 finished with value: 0.07289105974953718 and parameters: {'n_layers': 1, 'embedding_dim': 256, 'lr': 0.0030797078999141134, 'lambda_val': 0.0042711523633366935, 'batch_size': 2971, 'optimizer': 'Adam'}. Best is trial 79 with value: 0.08059849778498555.
2026-05-14 02:41:12,600 - optuna.study.study - INFO - Trial 82 finished with value: 0.0718416109971021 and parameters: {'n_layers': 1, 'embedding_dim': 256, 'lr': 0.004918614072570443, 'lambda_val': 0.0007521200448320066, 'batch_size': 2532, 'optimizer': 'Adam'}. Best is trial 79 with value: 0.08059849778498555.
2026-05-14 02:41:45,964 - optuna.study.study - INFO - Trial 83 finished with value: 0.07499322544230642 and parameters: {'n_layers': 1, 'embedding_dim': 256, 'lr': 0.007194732593929218, 'lambda_val': 0.002078103771821388, 'batch_size': 1193, 'optimizer': 'Adam'}. Best is trial 79 with value: 0.08059849778498555.
2026-05-14 02:42:20,613 - optuna.study.study - INFO - Trial 84 finished with value: 0.071788729325079 and parameters: {'n_layers': 1, 'embedding_dim': 256, 'lr': 0.0038860243134888153, 'lambda_val': 0.003588626492173875, 'batch_size': 2258, 'optimizer': 'Adam'}. Best is trial 79 with value: 0.08059849778498555.
2026-05-14 02:42:57,638 - optuna.study.study - INFO - Trial 85 finished with value: 0.06684062732762967 and parameters: {'n_layers': 1, 'embedding_dim': 256, 'lr': 0.0011903789353921055, 'lambda_val': 0.0020140721379566136, 'batch_size': 1069, 'optimizer': 'Adam'}. Best is trial 79 with value: 0.08059849778498555.
2026-05-14 02:43:31,319 - optuna.study.study - INFO - Trial 86 finished with value: 0.07131672951206808 and parameters: {'n_layers': 1, 'embedding_dim': 256, 'lr': 0.0022959655234414916, 'lambda_val': 0.001056609265793058, 'batch_size': 1189, 'optimizer': 'RMSprop'}. Best is trial 79 with value: 0.08059849778498555.
2026-05-14 02:43:35,735 - optuna.study._optimize - INFO - Trial 87 pruned. 
2026-05-14 02:43:39,667 - optuna.study._optimize - INFO - Trial 88 pruned. 
2026-05-14 02:44:14,797 - optuna.study.study - INFO - Trial 89 finished with value: 0.07647974910984075 and parameters: {'n_layers': 1, 'embedding_dim': 256, 'lr': 0.011027261960056713, 'lambda_val': 0.0017766157107318155, 'batch_size': 2684, 'optimizer': 'Adam'}. Best is trial 79 with value: 0.08059849778498555.
2026-05-14 02:44:19,951 - optuna.study._optimize - INFO - Trial 90 pruned. 
2026-05-14 02:44:24,766 - optuna.study._optimize - INFO - Trial 91 pruned. 
2026-05-14 02:44:59,169 - optuna.study.study - INFO - Trial 92 finished with value: 0.07780290648542482 and parameters: {'n_layers': 1, 'embedding_dim': 256, 'lr': 0.006957670383804707, 'lambda_val': 0.0008979888113682453, 'batch_size': 2435, 'optimizer': 'Adam'}. Best is trial 79 with value: 0.08059849778498555.
2026-05-14 02:45:34,460 - optuna.study.study - INFO - Trial 93 finished with value: 0.07283505215162259 and parameters: {'n_layers': 1, 'embedding_dim': 256, 'lr': 0.011442178057936434, 'lambda_val': 0.0009274299587243252, 'batch_size': 2528, 'optimizer': 'Adam'}. Best is trial 79 with value: 0.08059849778498555.
2026-05-14 02:45:39,547 - optuna.study._optimize - INFO - Trial 94 pruned. 
2026-05-14 02:46:14,899 - optuna.study.study - INFO - Trial 95 finished with value: 0.07777927250765544 and parameters: {'n_layers': 1, 'embedding_dim': 256, 'lr': 0.007445550482163, 'lambda_val': 0.0012329594244764122, 'batch_size': 2767, 'optimizer': 'Adam'}. Best is trial 79 with value: 0.08059849778498555.
2026-05-14 02:46:38,438 - optuna.study._optimize - INFO - Trial 96 pruned. 
2026-05-14 02:46:43,138 - optuna.study._optimize - INFO - Trial 97 pruned. 
2026-05-14 02:46:47,155 - optuna.study._optimize - INFO - Trial 98 pruned. 
2026-05-14 02:47:15,794 - optuna.study._optimize - INFO - Trial 99 pruned. 
2026-05-14 02:47:49,083 - optuna.study.study - INFO - Trial 100 finished with value: 0.08031737083604 and parameters: {'n_layers': 1, 'embedding_dim': 256, 'lr': 0.009698046372093145, 'lambda_val': 0.0016965523165998451, 'batch_size': 3093, 'optimizer': 'RMSprop'}. Best is trial 79 with value: 0.08059849778498555.
2026-05-14 02:48:22,999 - optuna.study.study - INFO - Trial 101 finished with value: 0.07512225533272976 and parameters: {'n_layers': 1, 'embedding_dim': 256, 'lr': 0.00859184835719986, 'lambda_val': 0.0018064268465683767, 'batch_size': 3147, 'optimizer': 'RMSprop'}. Best is trial 79 with value: 0.08059849778498555.
2026-05-14 02:48:58,322 - optuna.study.study - INFO - Trial 102 finished with value: 0.08329158840380183 and parameters: {'n_layers': 1, 'embedding_dim': 256, 'lr': 0.009878650800960174, 'lambda_val': 0.001291853313120976, 'batch_size': 2829, 'optimizer': 'RMSprop'}. Best is trial 102 with value: 0.08329158840380183.
2026-05-14 02:49:33,420 - optuna.study.study - INFO - Trial 103 finished with value: 0.07884316116240916 and parameters: {'n_layers': 1, 'embedding_dim': 256, 'lr': 0.01063826021050421, 'lambda_val': 0.0015452526801944919, 'batch_size': 2931, 'optimizer': 'RMSprop'}. Best is trial 102 with value: 0.08329158840380183.
2026-05-14 02:49:48,688 - optuna.study._optimize - INFO - Trial 104 pruned. 
2026-05-14 02:49:53,163 - optuna.study._optimize - INFO - Trial 105 pruned. 
2026-05-14 02:50:23,630 - optuna.study.study - INFO - Trial 106 finished with value: 0.07508364647940298 and parameters: {'n_layers': 1, 'embedding_dim': 96, 'lr': 0.016929745846213186, 'lambda_val': 0.0013875013653460088, 'batch_size': 2899, 'optimizer': 'RMSprop'}. Best is trial 102 with value: 0.08329158840380183.
2026-05-14 02:50:28,232 - optuna.study._optimize - INFO - Trial 107 pruned. 
2026-05-14 02:51:02,422 - optuna.study.study - INFO - Trial 108 finished with value: 0.08177917260028232 and parameters: {'n_layers': 1, 'embedding_dim': 256, 'lr': 0.005486805721198493, 'lambda_val': 0.002426113514752859, 'batch_size': 3371, 'optimizer': 'RMSprop'}. Best is trial 102 with value: 0.08329158840380183.
2026-05-14 02:51:37,516 - optuna.study.study - INFO - Trial 109 finished with value: 0.07440948093219173 and parameters: {'n_layers': 1, 'embedding_dim': 256, 'lr': 0.005449752443650666, 'lambda_val': 0.0003811879154860999, 'batch_size': 3110, 'optimizer': 'RMSprop'}. Best is trial 102 with value: 0.08329158840380183.
2026-05-14 02:52:12,669 - optuna.study.study - INFO - Trial 110 finished with value: 0.07280350944276182 and parameters: {'n_layers': 1, 'embedding_dim': 256, 'lr': 0.003658784262696338, 'lambda_val': 0.0006814135410733331, 'batch_size': 3350, 'optimizer': 'RMSprop'}. Best is trial 102 with value: 0.08329158840380183.
2026-05-14 02:52:50,747 - optuna.study.study - INFO - Trial 111 finished with value: 0.07867965995080606 and parameters: {'n_layers': 1, 'embedding_dim': 256, 'lr': 0.00689740910583568, 'lambda_val': 0.0024543335054979863, 'batch_size': 3454, 'optimizer': 'RMSprop'}. Best is trial 102 with value: 0.08329158840380183.
2026-05-14 02:53:24,999 - optuna.study.study - INFO - Trial 112 finished with value: 0.08410177668587294 and parameters: {'n_layers': 1, 'embedding_dim': 256, 'lr': 0.00713811485836667, 'lambda_val': 0.0013208067257468414, 'batch_size': 3615, 'optimizer': 'RMSprop'}. Best is trial 112 with value: 0.08410177668587294.
2026-05-14 02:53:59,073 - optuna.study.study - INFO - Trial 113 finished with value: 0.0738581596734249 and parameters: {'n_layers': 1, 'embedding_dim': 256, 'lr': 0.00701783838420924, 'lambda_val': 0.0011055122451990398, 'batch_size': 3537, 'optimizer': 'RMSprop'}. Best is trial 112 with value: 0.08410177668587294.
2026-05-14 02:54:33,263 - optuna.study.study - INFO - Trial 114 finished with value: 0.08081333259850128 and parameters: {'n_layers': 1, 'embedding_dim': 256, 'lr': 0.010603915672809803, 'lambda_val': 0.001419575414354167, 'batch_size': 3631, 'optimizer': 'RMSprop'}. Best is trial 112 with value: 0.08410177668587294.
2026-05-14 02:55:08,532 - optuna.study.study - INFO - Trial 115 finished with value: 0.08170113524637984 and parameters: {'n_layers': 1, 'embedding_dim': 256, 'lr': 0.010218763743858607, 'lambda_val': 0.0015322311946902958, 'batch_size': 3671, 'optimizer': 'RMSprop'}. Best is trial 112 with value: 0.08410177668587294.
2026-05-14 02:55:42,483 - optuna.study.study - INFO - Trial 116 finished with value: 0.07947626394065398 and parameters: {'n_layers': 1, 'embedding_dim': 256, 'lr': 0.010494932454311486, 'lambda_val': 0.0013278640279246012, 'batch_size': 3745, 'optimizer': 'RMSprop'}. Best is trial 112 with value: 0.08410177668587294.
2026-05-14 02:56:17,655 - optuna.study.study - INFO - Trial 117 finished with value: 0.07955406700328228 and parameters: {'n_layers': 1, 'embedding_dim': 256, 'lr': 0.011191742683741852, 'lambda_val': 0.0015143801744805332, 'batch_size': 3521, 'optimizer': 'RMSprop'}. Best is trial 112 with value: 0.08410177668587294.
2026-05-14 02:56:53,874 - optuna.study.study - INFO - Trial 118 finished with value: 0.07667077219606641 and parameters: {'n_layers': 1, 'embedding_dim': 256, 'lr': 0.013326108411150204, 'lambda_val': 0.0015776087598593713, 'batch_size': 3797, 'optimizer': 'RMSprop'}. Best is trial 112 with value: 0.08410177668587294.
2026-05-14 02:57:29,206 - optuna.study.study - INFO - Trial 119 finished with value: 0.07907000720131047 and parameters: {'n_layers': 1, 'embedding_dim': 256, 'lr': 0.010021243376222011, 'lambda_val': 0.0013129525225817277, 'batch_size': 3577, 'optimizer': 'RMSprop'}. Best is trial 112 with value: 0.08410177668587294.
2026-05-14 02:57:35,303 - optuna.study._optimize - INFO - Trial 120 pruned. 
2026-05-14 02:58:12,897 - optuna.study.study - INFO - Trial 121 finished with value: 0.07737582449544435 and parameters: {'n_layers': 1, 'embedding_dim': 256, 'lr': 0.011063346399903933, 'lambda_val': 0.00061155578949797, 'batch_size': 3451, 'optimizer': 'RMSprop'}. Best is trial 112 with value: 0.08410177668587294.
2026-05-14 02:58:48,171 - optuna.study.study - INFO - Trial 122 finished with value: 0.07131198391979719 and parameters: {'n_layers': 1, 'embedding_dim': 256, 'lr': 0.01798706250800538, 'lambda_val': 0.002320680552664782, 'batch_size': 3684, 'optimizer': 'RMSprop'}. Best is trial 112 with value: 0.08410177668587294.
2026-05-14 02:59:26,270 - optuna.study.study - INFO - Trial 123 finished with value: 0.07907983897962495 and parameters: {'n_layers': 1, 'embedding_dim': 256, 'lr': 0.012304953896564474, 'lambda_val': 0.0017782007893374018, 'batch_size': 3991, 'optimizer': 'RMSprop'}. Best is trial 112 with value: 0.08410177668587294.
2026-05-14 02:59:31,413 - optuna.study._optimize - INFO - Trial 124 pruned. 
2026-05-14 03:00:06,957 - optuna.study.study - INFO - Trial 125 finished with value: 0.07636334946416709 and parameters: {'n_layers': 1, 'embedding_dim': 256, 'lr': 0.009272492733628922, 'lambda_val': 0.0008565690308088541, 'batch_size': 3975, 'optimizer': 'RMSprop'}. Best is trial 112 with value: 0.08410177668587294.
2026-05-14 03:00:46,655 - optuna.study.study - INFO - Trial 126 finished with value: 0.07980969488430678 and parameters: {'n_layers': 1, 'embedding_dim': 256, 'lr': 0.011491165252275394, 'lambda_val': 0.0013342329675889591, 'batch_size': 3703, 'optimizer': 'RMSprop'}. Best is trial 112 with value: 0.08410177668587294.
2026-05-14 03:00:50,873 - optuna.study._optimize - INFO - Trial 127 pruned. 
2026-05-14 03:00:55,272 - optuna.study._optimize - INFO - Trial 128 pruned. 
2026-05-14 03:01:31,080 - optuna.study.study - INFO - Trial 129 finished with value: 0.07759064167464473 and parameters: {'n_layers': 1, 'embedding_dim': 256, 'lr': 0.012981844025187301, 'lambda_val': 0.0005012887282435484, 'batch_size': 3924, 'optimizer': 'RMSprop'}. Best is trial 112 with value: 0.08410177668587294.
2026-05-14 03:01:37,174 - optuna.study._optimize - INFO - Trial 130 pruned. 
2026-05-14 03:02:12,951 - optuna.study.study - INFO - Trial 131 finished with value: 0.08018835934227525 and parameters: {'n_layers': 1, 'embedding_dim': 256, 'lr': 0.010759283951584252, 'lambda_val': 0.0019087383659148619, 'batch_size': 3465, 'optimizer': 'RMSprop'}. Best is trial 112 with value: 0.08410177668587294.
2026-05-14 03:02:48,315 - optuna.study.study - INFO - Trial 132 finished with value: 0.0748719413367429 and parameters: {'n_layers': 1, 'embedding_dim': 256, 'lr': 0.011852201009258887, 'lambda_val': 0.0020245261617397436, 'batch_size': 3427, 'optimizer': 'RMSprop'}. Best is trial 112 with value: 0.08410177668587294.
2026-05-14 03:03:23,814 - optuna.study.study - INFO - Trial 133 finished with value: 0.07570640515260194 and parameters: {'n_layers': 1, 'embedding_dim': 256, 'lr': 0.008598497503042368, 'lambda_val': 0.0011621650321286545, 'batch_size': 3676, 'optimizer': 'RMSprop'}. Best is trial 112 with value: 0.08410177668587294.
2026-05-14 03:03:27,949 - optuna.study._optimize - INFO - Trial 134 pruned. 
2026-05-14 03:03:32,094 - optuna.study._optimize - INFO - Trial 135 pruned. 
2026-05-14 03:04:06,300 - optuna.study.study - INFO - Trial 136 finished with value: 0.07299089103051444 and parameters: {'n_layers': 1, 'embedding_dim': 256, 'lr': 0.011040697927106293, 'lambda_val': 0.002851044286616186, 'batch_size': 3771, 'optimizer': 'RMSprop'}. Best is trial 112 with value: 0.08410177668587294.
2026-05-14 03:04:41,435 - optuna.study.study - INFO - Trial 137 finished with value: 0.07616158634933995 and parameters: {'n_layers': 1, 'embedding_dim': 256, 'lr': 0.009284664541473971, 'lambda_val': 0.0007292675744543089, 'batch_size': 3393, 'optimizer': 'RMSprop'}. Best is trial 112 with value: 0.08410177668587294.
2026-05-14 03:05:12,145 - optuna.study.study - INFO - Trial 138 finished with value: 0.07466879966569406 and parameters: {'n_layers': 1, 'embedding_dim': 96, 'lr': 0.015202362232015588, 'lambda_val': 0.0035121694484441693, 'batch_size': 3622, 'optimizer': 'RMSprop'}. Best is trial 112 with value: 0.08410177668587294.
2026-05-14 03:05:20,565 - optuna.study._optimize - INFO - Trial 139 pruned. 
2026-05-14 03:05:55,990 - optuna.study.study - INFO - Trial 140 finished with value: 0.06123448282883006 and parameters: {'n_layers': 1, 'embedding_dim': 256, 'lr': 0.00021903887764519357, 'lambda_val': 0.002208799874011876, 'batch_size': 3475, 'optimizer': 'RMSprop'}. Best is trial 112 with value: 0.08410177668587294.
2026-05-14 03:06:32,324 - optuna.study.study - INFO - Trial 141 finished with value: 0.07989967770770491 and parameters: {'n_layers': 1, 'embedding_dim': 256, 'lr': 0.010300109963515212, 'lambda_val': 0.001658228776866525, 'batch_size': 3724, 'optimizer': 'RMSprop'}. Best is trial 112 with value: 0.08410177668587294.
2026-05-14 03:07:11,312 - optuna.study.study - INFO - Trial 142 finished with value: 0.08306903202834832 and parameters: {'n_layers': 1, 'embedding_dim': 256, 'lr': 0.008209595816040012, 'lambda_val': 0.0010830147570176103, 'batch_size': 3723, 'optimizer': 'RMSprop'}. Best is trial 112 with value: 0.08410177668587294.
2026-05-14 03:07:52,016 - optuna.study.study - INFO - Trial 143 finished with value: 0.07888270127125913 and parameters: {'n_layers': 1, 'embedding_dim': 256, 'lr': 0.008072689356514845, 'lambda_val': 0.0017376555611572368, 'batch_size': 3843, 'optimizer': 'RMSprop'}. Best is trial 112 with value: 0.08410177668587294.
2026-05-14 03:08:26,977 - optuna.study.study - INFO - Trial 144 finished with value: 0.08222376754833606 and parameters: {'n_layers': 1, 'embedding_dim': 256, 'lr': 0.013863316493548009, 'lambda_val': 0.002735127643631872, 'batch_size': 3716, 'optimizer': 'RMSprop'}. Best is trial 112 with value: 0.08410177668587294.
2026-05-14 03:08:42,162 - optuna.study._optimize - INFO - Trial 145 pruned. 
2026-05-14 03:09:19,919 - optuna.study.study - INFO - Trial 146 finished with value: 0.0794643221290315 and parameters: {'n_layers': 1, 'embedding_dim': 256, 'lr': 0.00578213396746845, 'lambda_val': 0.0028502778521382714, 'batch_size': 3682, 'optimizer': 'RMSprop'}. Best is trial 112 with value: 0.08410177668587294.
2026-05-14 03:09:59,815 - optuna.study.study - INFO - Trial 147 finished with value: 0.072427911868906 and parameters: {'n_layers': 1, 'embedding_dim': 256, 'lr': 0.004836302345117585, 'lambda_val': 0.004903084438554506, 'batch_size': 3499, 'optimizer': 'RMSprop'}. Best is trial 112 with value: 0.08410177668587294.
2026-05-14 03:10:07,519 - optuna.study._optimize - INFO - Trial 148 pruned. 
2026-05-14 03:10:11,617 - optuna.study._optimize - INFO - Trial 149 pruned. 
2026-05-14 03:10:48,006 - optuna.study.study - INFO - Trial 150 finished with value: 0.07610614081349862 and parameters: {'n_layers': 1, 'embedding_dim': 256, 'lr': 0.006858790317702683, 'lambda_val': 0.0008917282871985539, 'batch_size': 3609, 'optimizer': 'RMSprop'}. Best is trial 112 with value: 0.08410177668587294.
2026-05-14 03:11:28,051 - optuna.study.study - INFO - Trial 151 finished with value: 0.07940714871775045 and parameters: {'n_layers': 1, 'embedding_dim': 256, 'lr': 0.010286982223677143, 'lambda_val': 0.002977469980774689, 'batch_size': 3674, 'optimizer': 'RMSprop'}. Best is trial 112 with value: 0.08410177668587294.
2026-05-14 03:12:07,553 - optuna.study.study - INFO - Trial 152 finished with value: 0.07988044223211534 and parameters: {'n_layers': 1, 'embedding_dim': 256, 'lr': 0.005813092448514754, 'lambda_val': 0.0026721079949650786, 'batch_size': 3729, 'optimizer': 'RMSprop'}. Best is trial 112 with value: 0.08410177668587294.
2026-05-14 03:12:48,035 - optuna.study.study - INFO - Trial 153 finished with value: 0.0821731725283425 and parameters: {'n_layers': 1, 'embedding_dim': 256, 'lr': 0.006302546085834639, 'lambda_val': 0.00212912864766126, 'batch_size': 3374, 'optimizer': 'RMSprop'}. Best is trial 112 with value: 0.08410177668587294.
2026-05-14 03:13:29,269 - optuna.study.study - INFO - Trial 154 finished with value: 0.08193946150298885 and parameters: {'n_layers': 1, 'embedding_dim': 256, 'lr': 0.006261665742847665, 'lambda_val': 0.002031263684706013, 'batch_size': 3245, 'optimizer': 'RMSprop'}. Best is trial 112 with value: 0.08410177668587294.
2026-05-14 03:14:12,312 - optuna.study.study - INFO - Trial 155 finished with value: 0.07960960821544494 and parameters: {'n_layers': 1, 'embedding_dim': 256, 'lr': 0.004203941483452383, 'lambda_val': 0.0021916901105494438, 'batch_size': 3245, 'optimizer': 'RMSprop'}. Best is trial 112 with value: 0.08410177668587294.
2026-05-14 03:15:04,019 - optuna.study.study - INFO - Trial 156 finished with value: 0.07812865449644615 and parameters: {'n_layers': 1, 'embedding_dim': 256, 'lr': 0.006185610762551026, 'lambda_val': 0.004337618073618619, 'batch_size': 3342, 'optimizer': 'RMSprop'}. Best is trial 112 with value: 0.08410177668587294.
2026-05-14 03:15:13,622 - optuna.study._optimize - INFO - Trial 157 pruned. 
2026-05-14 03:15:19,713 - optuna.study._optimize - INFO - Trial 158 pruned. 
2026-05-14 03:16:11,664 - optuna.study.study - INFO - Trial 159 finished with value: 0.07950141584905959 and parameters: {'n_layers': 1, 'embedding_dim': 256, 'lr': 0.006189720197537483, 'lambda_val': 0.003930232946233201, 'batch_size': 3343, 'optimizer': 'RMSprop'}. Best is trial 112 with value: 0.08410177668587294.
2026-05-14 03:16:16,706 - optuna.study._optimize - INFO - Trial 160 pruned. 
2026-05-14 03:17:03,322 - optuna.study.study - INFO - Trial 161 finished with value: 0.07750553101191424 and parameters: {'n_layers': 1, 'embedding_dim': 256, 'lr': 0.004018415085971397, 'lambda_val': 0.002098830711940676, 'batch_size': 3238, 'optimizer': 'RMSprop'}. Best is trial 112 with value: 0.08410177668587294.
2026-05-14 03:17:40,661 - optuna.study.study - INFO - Trial 162 finished with value: 0.07815149861499393 and parameters: {'n_layers': 1, 'embedding_dim': 256, 'lr': 0.004444552018886692, 'lambda_val': 0.0024407819861811866, 'batch_size': 3305, 'optimizer': 'RMSprop'}. Best is trial 112 with value: 0.08410177668587294.
2026-05-14 03:18:19,574 - optuna.study.study - INFO - Trial 163 finished with value: 0.08210634420015844 and parameters: {'n_layers': 1, 'embedding_dim': 256, 'lr': 0.006403136665219324, 'lambda_val': 0.001759072652934049, 'batch_size': 3537, 'optimizer': 'RMSprop'}. Best is trial 112 with value: 0.08410177668587294.
2026-05-14 03:19:04,032 - optuna.study.study - INFO - Trial 164 finished with value: 0.07801815236369025 and parameters: {'n_layers': 1, 'embedding_dim': 256, 'lr': 0.007048057720261774, 'lambda_val': 0.0016419121533713082, 'batch_size': 3564, 'optimizer': 'RMSprop'}. Best is trial 112 with value: 0.08410177668587294.
2026-05-14 03:19:45,839 - optuna.study.study - INFO - Trial 165 finished with value: 0.08312842608384488 and parameters: {'n_layers': 1, 'embedding_dim': 256, 'lr': 0.0053418442507565, 'lambda_val': 0.0031844935425108423, 'batch_size': 3412, 'optimizer': 'RMSprop'}. Best is trial 112 with value: 0.08410177668587294.
2026-05-14 03:20:26,311 - optuna.study.study - INFO - Trial 166 finished with value: 0.0797957766897249 and parameters: {'n_layers': 1, 'embedding_dim': 256, 'lr': 0.005409561536407039, 'lambda_val': 0.0029773846425765246, 'batch_size': 3414, 'optimizer': 'RMSprop'}. Best is trial 112 with value: 0.08410177668587294.
2026-05-14 03:20:34,725 - optuna.study._optimize - INFO - Trial 167 pruned. 
2026-05-14 03:20:39,474 - optuna.study._optimize - INFO - Trial 168 pruned. 
2026-05-14 03:21:20,775 - optuna.study.study - INFO - Trial 169 finished with value: 0.0796557858876508 and parameters: {'n_layers': 1, 'embedding_dim': 256, 'lr': 0.00752304195174342, 'lambda_val': 0.0017495193549171963, 'batch_size': 3588, 'optimizer': 'RMSprop'}. Best is trial 112 with value: 0.08410177668587294.
2026-05-14 03:22:02,762 - optuna.study.study - INFO - Trial 170 finished with value: 0.08101459713674218 and parameters: {'n_layers': 1, 'embedding_dim': 256, 'lr': 0.004826418968117669, 'lambda_val': 0.001978879903347351, 'batch_size': 3808, 'optimizer': 'RMSprop'}. Best is trial 112 with value: 0.08410177668587294.
2026-05-14 03:22:46,044 - optuna.study.study - INFO - Trial 171 finished with value: 0.07753758149865542 and parameters: {'n_layers': 1, 'embedding_dim': 256, 'lr': 0.005594005350225868, 'lambda_val': 0.00260984910477515, 'batch_size': 3822, 'optimizer': 'RMSprop'}. Best is trial 112 with value: 0.08410177668587294.
2026-05-14 03:23:27,857 - optuna.study.study - INFO - Trial 172 finished with value: 0.08217473263571759 and parameters: {'n_layers': 1, 'embedding_dim': 256, 'lr': 0.004659465266561322, 'lambda_val': 0.0010736199923262546, 'batch_size': 3757, 'optimizer': 'RMSprop'}. Best is trial 112 with value: 0.08410177668587294.
2026-05-14 03:24:09,404 - optuna.study.study - INFO - Trial 173 finished with value: 0.07750318847650169 and parameters: {'n_layers': 1, 'embedding_dim': 256, 'lr': 0.004510844618657985, 'lambda_val': 0.0009254750672637544, 'batch_size': 3368, 'optimizer': 'RMSprop'}. Best is trial 112 with value: 0.08410177668587294.
2026-05-14 03:24:48,443 - optuna.study.study - INFO - Trial 174 finished with value: 0.08162239196587659 and parameters: {'n_layers': 1, 'embedding_dim': 256, 'lr': 0.008128097667553477, 'lambda_val': 0.0010666717164326885, 'batch_size': 3868, 'optimizer': 'RMSprop'}. Best is trial 112 with value: 0.08410177668587294.
2026-05-14 03:25:27,933 - optuna.study.study - INFO - Trial 175 finished with value: 0.0837257810668962 and parameters: {'n_layers': 1, 'embedding_dim': 256, 'lr': 0.0036711109097226106, 'lambda_val': 0.0010821553399579724, 'batch_size': 3845, 'optimizer': 'RMSprop'}. Best is trial 112 with value: 0.08410177668587294.
2026-05-14 03:26:10,409 - optuna.study.study - INFO - Trial 176 finished with value: 0.07693678945474257 and parameters: {'n_layers': 1, 'embedding_dim': 256, 'lr': 0.0029770029982551117, 'lambda_val': 0.001073806827200536, 'batch_size': 3890, 'optimizer': 'RMSprop'}. Best is trial 112 with value: 0.08410177668587294.
2026-05-14 03:26:54,386 - optuna.study.study - INFO - Trial 177 finished with value: 0.07693365890514854 and parameters: {'n_layers': 1, 'embedding_dim': 256, 'lr': 0.004015970744603616, 'lambda_val': 0.000751702351068431, 'batch_size': 3947, 'optimizer': 'RMSprop'}. Best is trial 112 with value: 0.08410177668587294.
2026-05-14 03:27:37,602 - optuna.study.study - INFO - Trial 178 finished with value: 0.07768203607391345 and parameters: {'n_layers': 1, 'embedding_dim': 256, 'lr': 0.0037960184778313218, 'lambda_val': 0.0013084575906415884, 'batch_size': 3821, 'optimizer': 'RMSprop'}. Best is trial 112 with value: 0.08410177668587294.
2026-05-14 03:28:20,329 - optuna.study.study - INFO - Trial 179 finished with value: 0.08051096692651749 and parameters: {'n_layers': 1, 'embedding_dim': 256, 'lr': 0.004991005665643984, 'lambda_val': 0.0010967440183783448, 'batch_size': 3634, 'optimizer': 'RMSprop'}. Best is trial 112 with value: 0.08410177668587294.
2026-05-14 03:28:28,726 - optuna.study._optimize - INFO - Trial 180 pruned. 
2026-05-14 03:29:13,107 - optuna.study.study - INFO - Trial 181 finished with value: 0.07932869592451354 and parameters: {'n_layers': 1, 'embedding_dim': 256, 'lr': 0.006746132775681689, 'lambda_val': 0.0010999505549051268, 'batch_size': 3536, 'optimizer': 'RMSprop'}. Best is trial 112 with value: 0.08410177668587294.
2026-05-14 03:29:53,764 - optuna.study.study - INFO - Trial 182 finished with value: 0.08164747821209505 and parameters: {'n_layers': 1, 'embedding_dim': 256, 'lr': 0.003264323546121534, 'lambda_val': 0.0015422864830672539, 'batch_size': 3805, 'optimizer': 'RMSprop'}. Best is trial 112 with value: 0.08410177668587294.
2026-05-14 03:30:36,721 - optuna.study.study - INFO - Trial 183 finished with value: 0.08255587671065959 and parameters: {'n_layers': 1, 'embedding_dim': 256, 'lr': 0.00380961925793679, 'lambda_val': 0.001077635661491095, 'batch_size': 3778, 'optimizer': 'RMSprop'}. Best is trial 112 with value: 0.08410177668587294.
2026-05-14 03:31:19,736 - optuna.study.study - INFO - Trial 184 finished with value: 0.08162108219781922 and parameters: {'n_layers': 1, 'embedding_dim': 256, 'lr': 0.002858841108749342, 'lambda_val': 0.0007404173170423483, 'batch_size': 3773, 'optimizer': 'RMSprop'}. Best is trial 112 with value: 0.08410177668587294.
2026-05-14 03:31:52,429 - optuna.study._optimize - INFO - Trial 185 pruned. 
2026-05-14 03:31:56,369 - optuna.study._optimize - INFO - Trial 186 pruned. 
2026-05-14 03:32:20,029 - optuna.study._optimize - INFO - Trial 187 pruned. 
2026-05-14 03:32:30,531 - optuna.study._optimize - INFO - Trial 188 pruned. 
2026-05-14 03:32:43,237 - optuna.study._optimize - INFO - Trial 189 pruned. 
2026-05-14 03:33:08,749 - optuna.study._optimize - INFO - Trial 190 pruned. 
2026-05-14 03:33:53,980 - optuna.study.study - INFO - Trial 191 finished with value: 0.07682476337376423 and parameters: {'n_layers': 1, 'embedding_dim': 256, 'lr': 0.0036340388126678944, 'lambda_val': 0.0010426798559734233, 'batch_size': 3748, 'optimizer': 'RMSprop'}. Best is trial 112 with value: 0.08410177668587294.
2026-05-14 03:34:33,462 - optuna.study.study - INFO - Trial 192 finished with value: 0.07937269803600515 and parameters: {'n_layers': 1, 'embedding_dim': 256, 'lr': 0.004634059456007925, 'lambda_val': 0.001397215268042933, 'batch_size': 3631, 'optimizer': 'RMSprop'}. Best is trial 112 with value: 0.08410177668587294.
2026-05-14 03:35:15,155 - optuna.study.study - INFO - Trial 193 finished with value: 0.0784932476123195 and parameters: {'n_layers': 1, 'embedding_dim': 256, 'lr': 0.004670778147156739, 'lambda_val': 0.0009366263956259245, 'batch_size': 3992, 'optimizer': 'RMSprop'}. Best is trial 112 with value: 0.08410177668587294.
2026-05-14 03:36:01,562 - optuna.study.study - INFO - Trial 194 finished with value: 0.07968702009012721 and parameters: {'n_layers': 1, 'embedding_dim': 256, 'lr': 0.003279390376809986, 'lambda_val': 0.0007025622696269001, 'batch_size': 3836, 'optimizer': 'RMSprop'}. Best is trial 112 with value: 0.08410177668587294.
2026-05-14 03:36:45,742 - optuna.study.study - INFO - Trial 195 finished with value: 0.0844343831133359 and parameters: {'n_layers': 1, 'embedding_dim': 256, 'lr': 0.0052584475023918975, 'lambda_val': 0.0011864752006448718, 'batch_size': 3590, 'optimizer': 'RMSprop'}. Best is trial 195 with value: 0.0844343831133359.
2026-05-14 03:37:34,423 - optuna.study.study - INFO - Trial 196 finished with value: 0.07530576464027637 and parameters: {'n_layers': 1, 'embedding_dim': 256, 'lr': 0.0027557430795894233, 'lambda_val': 0.0015444465224767304, 'batch_size': 3562, 'optimizer': 'RMSprop'}. Best is trial 195 with value: 0.0844343831133359.
2026-05-14 03:38:19,258 - optuna.study.study - INFO - Trial 197 finished with value: 0.07704402153537732 and parameters: {'n_layers': 1, 'embedding_dim': 256, 'lr': 0.0040668992281716375, 'lambda_val': 0.0019443955535788742, 'batch_size': 3731, 'optimizer': 'RMSprop'}. Best is trial 195 with value: 0.0844343831133359.
2026-05-14 03:39:07,186 - optuna.study.study - INFO - Trial 198 finished with value: 0.08287138642042119 and parameters: {'n_layers': 1, 'embedding_dim': 256, 'lr': 0.005662364048110163, 'lambda_val': 0.0012757391499032779, 'batch_size': 3688, 'optimizer': 'RMSprop'}. Best is trial 195 with value: 0.0844343831133359.
2026-05-14 03:39:59,539 - optuna.study.study - INFO - Trial 199 finished with value: 0.08366677264550262 and parameters: {'n_layers': 1, 'embedding_dim': 256, 'lr': 0.00618417941314737, 'lambda_val': 0.0012168751619843405, 'batch_size': 3691, 'optimizer': 'RMSprop'}. Best is trial 195 with value: 0.0844343831133359.
