2026-05-10 19:49:14,988 - root - INFO - **** Training e_100K_full
2026-05-10 19:49:15,012 - helper_functions - INFO - Users: 610, Items: 9742
2026-05-10 19:49:15,142 - helper_functions - INFO - Edge index: torch.Size([2, 81763])
2026-05-10 19:49:15,142 - root - INFO - **** Generating the graph:
2026-05-10 19:49:15,208 - helper_functions - INFO - Number of unique users: 609
2026-05-10 19:49:15,209 - helper_functions - INFO - Number of unique items: 8452
2026-05-10 19:49:15,209 - helper_functions - INFO - Number of nodes: 9061
2026-05-10 19:49:15,210 - helper_functions - INFO - Number of edges: 81763
2026-05-10 19:49:18,116 - optuna.storages._rdb.storage - INFO - A new study created in RDB with name: Study_e_100K_full
2026-05-10 19:49:59,863 - optuna.study.study - INFO - Trial 0 finished with value: 0.03223402573366452 and parameters: {'n_layers': 3, 'embedding_dim': 128, 'lr': 0.07279942799776445, 'lambda_val': 4.719896165228555e-05, 'batch_size': 2450, 'optimizer': 'Adam'}. Best is trial 0 with value: 0.03223402573366452.
2026-05-10 19:50:33,203 - optuna.study.study - INFO - Trial 1 finished with value: 0.06902790942244427 and parameters: {'n_layers': 3, 'embedding_dim': 64, 'lr': 4.5879161400747536e-05, 'lambda_val': 0.0009721943806751426, 'batch_size': 2019, 'optimizer': 'Adam'}. Best is trial 1 with value: 0.06902790942244427.
2026-05-10 19:51:04,774 - optuna.study.study - INFO - Trial 2 finished with value: 0.0022484686676040957 and parameters: {'n_layers': 3, 'embedding_dim': 32, 'lr': 3.279583777927141e-05, 'lambda_val': 0.005356588129672923, 'batch_size': 2990, 'optimizer': 'SGD'}. Best is trial 1 with value: 0.06902790942244427.
2026-05-10 19:51:39,524 - optuna.study.study - INFO - Trial 3 finished with value: 0.04995718169155589 and parameters: {'n_layers': 2, 'embedding_dim': 128, 'lr': 0.013396372402986703, 'lambda_val': 0.001547385268830898, 'batch_size': 2146, 'optimizer': 'Adam'}. Best is trial 1 with value: 0.06902790942244427.
2026-05-10 19:52:11,578 - optuna.study.study - INFO - Trial 4 finished with value: 0.03358302804105362 and parameters: {'n_layers': 3, 'embedding_dim': 32, 'lr': 3.111368966720046e-05, 'lambda_val': 0.0016986372400977078, 'batch_size': 1134, 'optimizer': 'Adam'}. Best is trial 1 with value: 0.06902790942244427.
2026-05-10 19:52:17,251 - optuna.study._optimize - INFO - Trial 5 pruned. 
2026-05-10 19:52:21,821 - optuna.study._optimize - INFO - Trial 6 pruned. 
2026-05-10 19:53:22,338 - optuna.study.study - INFO - Trial 7 finished with value: 0.02260089864049967 and parameters: {'n_layers': 4, 'embedding_dim': 256, 'lr': 0.0002562822383999906, 'lambda_val': 0.0028735672662029534, 'batch_size': 1478, 'optimizer': 'RMSprop'}. Best is trial 1 with value: 0.06902790942244427.
2026-05-10 19:54:25,341 - optuna.study.study - INFO - Trial 8 finished with value: 0.03406860180093279 and parameters: {'n_layers': 4, 'embedding_dim': 256, 'lr': 0.009162114255175251, 'lambda_val': 1.0265147017220007e-05, 'batch_size': 3273, 'optimizer': 'RMSprop'}. Best is trial 1 with value: 0.06902790942244427.
2026-05-10 19:54:42,649 - optuna.study._optimize - INFO - Trial 9 pruned. 
2026-05-10 19:54:57,248 - optuna.study._optimize - INFO - Trial 10 pruned. 
2026-05-10 19:55:08,581 - optuna.study._optimize - INFO - Trial 11 pruned. 
2026-05-10 19:55:42,969 - optuna.study.study - INFO - Trial 12 finished with value: 0.02088504487715425 and parameters: {'n_layers': 2, 'embedding_dim': 128, 'lr': 0.00023075294210282804, 'lambda_val': 0.015817515377712334, 'batch_size': 614, 'optimizer': 'Adam'}. Best is trial 1 with value: 0.06902790942244427.
2026-05-10 19:55:47,094 - optuna.study._optimize - INFO - Trial 13 pruned. 
2026-05-10 19:55:51,101 - optuna.study._optimize - INFO - Trial 14 pruned. 
2026-05-10 19:56:26,340 - optuna.study.study - INFO - Trial 15 finished with value: 0.03330055354838485 and parameters: {'n_layers': 2, 'embedding_dim': 128, 'lr': 0.0007520214703823312, 'lambda_val': 1.95295956782082e-06, 'batch_size': 1072, 'optimizer': 'Adam'}. Best is trial 1 with value: 0.06902790942244427.
2026-05-10 19:56:56,192 - optuna.study.study - INFO - Trial 16 finished with value: 0.11251554167857614 and parameters: {'n_layers': 1, 'embedding_dim': 64, 'lr': 9.937829400654046e-05, 'lambda_val': 0.0006168371520328871, 'batch_size': 2391, 'optimizer': 'Adam'}. Best is trial 16 with value: 0.11251554167857614.
2026-05-10 19:57:00,463 - optuna.study._optimize - INFO - Trial 17 pruned. 
2026-05-10 19:57:04,658 - optuna.study._optimize - INFO - Trial 18 pruned. 
2026-05-10 19:57:09,546 - optuna.study._optimize - INFO - Trial 19 pruned. 
2026-05-10 19:57:39,209 - optuna.study.study - INFO - Trial 20 finished with value: 0.045945846057427575 and parameters: {'n_layers': 1, 'embedding_dim': 64, 'lr': 0.0004959728733854119, 'lambda_val': 0.008558883845053985, 'batch_size': 2431, 'optimizer': 'Adam'}. Best is trial 16 with value: 0.11251554167857614.
2026-05-10 19:58:14,277 - optuna.study.study - INFO - Trial 21 finished with value: 0.03901030787241739 and parameters: {'n_layers': 2, 'embedding_dim': 128, 'lr': 0.0021885483119304535, 'lambda_val': 0.0007074911537692771, 'batch_size': 2195, 'optimizer': 'Adam'}. Best is trial 16 with value: 0.11251554167857614.
2026-05-10 19:58:18,288 - optuna.study._optimize - INFO - Trial 22 pruned. 
2026-05-10 19:58:24,471 - optuna.study._optimize - INFO - Trial 23 pruned. 
2026-05-10 19:58:53,933 - optuna.study.study - INFO - Trial 24 finished with value: 0.07480541058332181 and parameters: {'n_layers': 1, 'embedding_dim': 96, 'lr': 0.005217648151662513, 'lambda_val': 0.006294541527858647, 'batch_size': 2771, 'optimizer': 'Adam'}. Best is trial 16 with value: 0.11251554167857614.
2026-05-10 19:59:23,628 - optuna.study.study - INFO - Trial 25 finished with value: 0.035267419162996465 and parameters: {'n_layers': 1, 'embedding_dim': 96, 'lr': 0.0004364949857890274, 'lambda_val': 0.029230500855798747, 'batch_size': 3594, 'optimizer': 'Adam'}. Best is trial 16 with value: 0.11251554167857614.
2026-05-10 19:59:53,481 - optuna.study.study - INFO - Trial 26 finished with value: 0.0802157192018818 and parameters: {'n_layers': 1, 'embedding_dim': 96, 'lr': 0.0044582228646504185, 'lambda_val': 0.004986353483094189, 'batch_size': 2775, 'optimizer': 'Adam'}. Best is trial 16 with value: 0.11251554167857614.
2026-05-10 20:00:23,468 - optuna.study.study - INFO - Trial 27 finished with value: 0.07628651721382453 and parameters: {'n_layers': 1, 'embedding_dim': 96, 'lr': 0.0038681953060507863, 'lambda_val': 0.005698257762794858, 'batch_size': 2876, 'optimizer': 'Adam'}. Best is trial 16 with value: 0.11251554167857614.
2026-05-10 20:00:27,483 - optuna.study._optimize - INFO - Trial 28 pruned. 
2026-05-10 20:00:32,089 - optuna.study._optimize - INFO - Trial 29 pruned. 
2026-05-10 20:01:01,006 - optuna.study.study - INFO - Trial 30 finished with value: 0.07468944302873949 and parameters: {'n_layers': 1, 'embedding_dim': 96, 'lr': 0.0015465515640637432, 'lambda_val': 0.0036567077047791993, 'batch_size': 2875, 'optimizer': 'Adam'}. Best is trial 16 with value: 0.11251554167857614.
2026-05-10 20:01:31,915 - optuna.study.study - INFO - Trial 31 finished with value: 0.07204228542272224 and parameters: {'n_layers': 1, 'embedding_dim': 96, 'lr': 0.005652173713426459, 'lambda_val': 0.007177854392157322, 'batch_size': 2762, 'optimizer': 'Adam'}. Best is trial 16 with value: 0.11251554167857614.
2026-05-10 20:02:01,146 - optuna.study.study - INFO - Trial 32 finished with value: 0.05358009163403556 and parameters: {'n_layers': 1, 'embedding_dim': 96, 'lr': 0.005627314858202203, 'lambda_val': 0.017069373459392304, 'batch_size': 3166, 'optimizer': 'Adam'}. Best is trial 16 with value: 0.11251554167857614.
2026-05-10 20:02:29,832 - optuna.study.study - INFO - Trial 33 finished with value: 0.07445712149913691 and parameters: {'n_layers': 1, 'embedding_dim': 96, 'lr': 0.002800821414806846, 'lambda_val': 0.0048844090263960695, 'batch_size': 2606, 'optimizer': 'Adam'}. Best is trial 16 with value: 0.11251554167857614.
2026-05-10 20:02:59,449 - optuna.study.study - INFO - Trial 34 finished with value: 0.0869322625416611 and parameters: {'n_layers': 1, 'embedding_dim': 96, 'lr': 0.026080913216570457, 'lambda_val': 0.002062061208352457, 'batch_size': 2857, 'optimizer': 'Adam'}. Best is trial 16 with value: 0.11251554167857614.
2026-05-10 20:03:03,873 - optuna.study._optimize - INFO - Trial 35 pruned. 
2026-05-10 20:03:08,000 - optuna.study._optimize - INFO - Trial 36 pruned. 
2026-05-10 20:03:12,025 - optuna.study._optimize - INFO - Trial 37 pruned. 
2026-05-10 20:03:40,997 - optuna.study.study - INFO - Trial 38 finished with value: 0.032677677487813195 and parameters: {'n_layers': 2, 'embedding_dim': 96, 'lr': 0.0009533231005341646, 'lambda_val': 0.002753957234317774, 'batch_size': 2525, 'optimizer': 'Adam'}. Best is trial 16 with value: 0.11251554167857614.
2026-05-10 20:03:45,575 - optuna.study._optimize - INFO - Trial 39 pruned. 
2026-05-10 20:03:48,435 - optuna.study._optimize - INFO - Trial 40 pruned. 
2026-05-10 20:04:14,601 - optuna.study.study - INFO - Trial 41 finished with value: 0.06628674455214287 and parameters: {'n_layers': 1, 'embedding_dim': 96, 'lr': 0.0014904691064968605, 'lambda_val': 0.003988676272301593, 'batch_size': 2849, 'optimizer': 'Adam'}. Best is trial 16 with value: 0.11251554167857614.
2026-05-10 20:04:42,022 - optuna.study.study - INFO - Trial 42 finished with value: 0.08216940550924526 and parameters: {'n_layers': 1, 'embedding_dim': 96, 'lr': 0.00609540543506721, 'lambda_val': 0.0010450461932593877, 'batch_size': 2747, 'optimizer': 'Adam'}. Best is trial 16 with value: 0.11251554167857614.
2026-05-10 20:05:07,860 - optuna.study.study - INFO - Trial 43 finished with value: 0.08293367004163829 and parameters: {'n_layers': 1, 'embedding_dim': 96, 'lr': 0.010542941732276158, 'lambda_val': 0.001193739284005729, 'batch_size': 3007, 'optimizer': 'Adam'}. Best is trial 16 with value: 0.11251554167857614.
2026-05-10 20:05:35,425 - optuna.study.study - INFO - Trial 44 finished with value: 0.08861904977150126 and parameters: {'n_layers': 1, 'embedding_dim': 96, 'lr': 0.00931215596259122, 'lambda_val': 0.0011213231398229057, 'batch_size': 3093, 'optimizer': 'RMSprop'}. Best is trial 16 with value: 0.11251554167857614.
2026-05-10 20:05:39,615 - optuna.study._optimize - INFO - Trial 45 pruned. 
2026-05-10 20:05:44,707 - optuna.study._optimize - INFO - Trial 46 pruned. 
2026-05-10 20:06:14,302 - optuna.study.study - INFO - Trial 47 finished with value: 0.07931910955381961 and parameters: {'n_layers': 1, 'embedding_dim': 64, 'lr': 0.01179254367706843, 'lambda_val': 0.001025645454237239, 'batch_size': 3749, 'optimizer': 'RMSprop'}. Best is trial 16 with value: 0.11251554167857614.
2026-05-10 20:06:18,891 - optuna.study._optimize - INFO - Trial 48 pruned. 
2026-05-10 20:06:22,870 - optuna.study._optimize - INFO - Trial 49 pruned. 
2026-05-10 20:06:52,913 - optuna.study.study - INFO - Trial 50 finished with value: 0.1095344142553535 and parameters: {'n_layers': 1, 'embedding_dim': 128, 'lr': 0.0001200968464319865, 'lambda_val': 5.358313098958406e-05, 'batch_size': 2618, 'optimizer': 'RMSprop'}. Best is trial 16 with value: 0.11251554167857614.
2026-05-10 20:07:23,490 - optuna.study.study - INFO - Trial 51 finished with value: 0.13024395514313283 and parameters: {'n_layers': 1, 'embedding_dim': 128, 'lr': 0.00010676426690590239, 'lambda_val': 3.350825674522868e-05, 'batch_size': 2469, 'optimizer': 'RMSprop'}. Best is trial 51 with value: 0.13024395514313283.
2026-05-10 20:07:53,994 - optuna.study.study - INFO - Trial 52 finished with value: 0.09511368652131766 and parameters: {'n_layers': 1, 'embedding_dim': 128, 'lr': 0.00015975535111382105, 'lambda_val': 1.1719756331950862e-05, 'batch_size': 2566, 'optimizer': 'RMSprop'}. Best is trial 51 with value: 0.13024395514313283.
2026-05-10 20:08:25,105 - optuna.study.study - INFO - Trial 53 finished with value: 0.07851198289440496 and parameters: {'n_layers': 1, 'embedding_dim': 128, 'lr': 0.00018167091858955695, 'lambda_val': 2.733620152919847e-05, 'batch_size': 2515, 'optimizer': 'RMSprop'}. Best is trial 51 with value: 0.13024395514313283.
2026-05-10 20:08:28,976 - optuna.study._optimize - INFO - Trial 54 pruned. 
2026-05-10 20:08:32,718 - optuna.study._optimize - INFO - Trial 55 pruned. 
2026-05-10 20:09:07,668 - optuna.study.study - INFO - Trial 56 finished with value: 0.03738947007940308 and parameters: {'n_layers': 2, 'embedding_dim': 128, 'lr': 0.00012284114144434183, 'lambda_val': 2.0887204627767068e-05, 'batch_size': 1883, 'optimizer': 'RMSprop'}. Best is trial 51 with value: 0.13024395514313283.
2026-05-10 20:09:13,375 - optuna.study._optimize - INFO - Trial 57 pruned. 
2026-05-10 20:09:17,081 - optuna.study._optimize - INFO - Trial 58 pruned. 
2026-05-10 20:09:22,556 - optuna.study._optimize - INFO - Trial 59 pruned. 
2026-05-10 20:09:51,401 - optuna.study.study - INFO - Trial 60 finished with value: 0.06300921662122919 and parameters: {'n_layers': 1, 'embedding_dim': 128, 'lr': 0.0003061037207974086, 'lambda_val': 1.6347933258608246e-05, 'batch_size': 2157, 'optimizer': 'RMSprop'}. Best is trial 51 with value: 0.13024395514313283.
2026-05-10 20:09:56,173 - optuna.study._optimize - INFO - Trial 61 pruned. 
2026-05-10 20:10:25,234 - optuna.study.study - INFO - Trial 62 finished with value: 0.07636168074196074 and parameters: {'n_layers': 1, 'embedding_dim': 64, 'lr': 0.0001750881435569168, 'lambda_val': 0.00020920759027941846, 'batch_size': 2952, 'optimizer': 'RMSprop'}. Best is trial 51 with value: 0.13024395514313283.
2026-05-10 20:10:55,434 - optuna.study.study - INFO - Trial 63 finished with value: 0.05289994642137742 and parameters: {'n_layers': 1, 'embedding_dim': 128, 'lr': 0.0005896606246459187, 'lambda_val': 6.917563724354077e-06, 'batch_size': 2524, 'optimizer': 'RMSprop'}. Best is trial 51 with value: 0.13024395514313283.
2026-05-10 20:10:59,547 - optuna.study._optimize - INFO - Trial 64 pruned. 
2026-05-10 20:11:03,623 - optuna.study._optimize - INFO - Trial 65 pruned. 
2026-05-10 20:11:07,927 - optuna.study._optimize - INFO - Trial 66 pruned. 
2026-05-10 20:11:12,086 - optuna.study._optimize - INFO - Trial 67 pruned. 
2026-05-10 20:11:43,643 - optuna.study.study - INFO - Trial 68 finished with value: 0.08985754155951749 and parameters: {'n_layers': 1, 'embedding_dim': 128, 'lr': 0.016606408445234765, 'lambda_val': 0.001414584883898531, 'batch_size': 3288, 'optimizer': 'RMSprop'}. Best is trial 51 with value: 0.13024395514313283.
2026-05-10 20:11:48,233 - optuna.study._optimize - INFO - Trial 69 pruned. 
2026-05-10 20:11:52,977 - optuna.study._optimize - INFO - Trial 70 pruned. 
2026-05-10 20:12:24,158 - optuna.study.study - INFO - Trial 71 finished with value: 0.06294691931524544 and parameters: {'n_layers': 1, 'embedding_dim': 128, 'lr': 0.00021518701283589138, 'lambda_val': 0.0004223542857522264, 'batch_size': 2894, 'optimizer': 'RMSprop'}. Best is trial 51 with value: 0.13024395514313283.
2026-05-10 20:12:54,602 - optuna.study.study - INFO - Trial 72 finished with value: 0.0942263020847976 and parameters: {'n_layers': 1, 'embedding_dim': 128, 'lr': 0.022748963815931722, 'lambda_val': 0.0013929183382642874, 'batch_size': 3185, 'optimizer': 'RMSprop'}. Best is trial 51 with value: 0.13024395514313283.
2026-05-10 20:12:58,484 - optuna.study._optimize - INFO - Trial 73 pruned. 
2026-05-10 20:13:30,044 - optuna.study.study - INFO - Trial 74 finished with value: 0.08923591173628473 and parameters: {'n_layers': 1, 'embedding_dim': 128, 'lr': 0.02298726203243557, 'lambda_val': 0.0015106298365246094, 'batch_size': 2812, 'optimizer': 'RMSprop'}. Best is trial 51 with value: 0.13024395514313283.
2026-05-10 20:14:01,724 - optuna.study.study - INFO - Trial 75 finished with value: 0.0880517061282668 and parameters: {'n_layers': 1, 'embedding_dim': 128, 'lr': 0.022509955654378865, 'lambda_val': 0.0007827285816807036, 'batch_size': 3405, 'optimizer': 'RMSprop'}. Best is trial 51 with value: 0.13024395514313283.
2026-05-10 20:14:33,381 - optuna.study.study - INFO - Trial 76 finished with value: 0.059659107478457325 and parameters: {'n_layers': 1, 'embedding_dim': 128, 'lr': 0.00014739793149045303, 'lambda_val': 0.0015343842287426166, 'batch_size': 3762, 'optimizer': 'RMSprop'}. Best is trial 51 with value: 0.13024395514313283.
2026-05-10 20:14:37,412 - optuna.study._optimize - INFO - Trial 77 pruned. 
2026-05-10 20:15:08,320 - optuna.study.study - INFO - Trial 78 finished with value: 0.08797892545707445 and parameters: {'n_layers': 1, 'embedding_dim': 128, 'lr': 0.007718495811820887, 'lambda_val': 0.002901172849741156, 'batch_size': 3130, 'optimizer': 'RMSprop'}. Best is trial 51 with value: 0.13024395514313283.
2026-05-10 20:15:15,156 - optuna.study._optimize - INFO - Trial 79 pruned. 
2026-05-10 20:15:32,465 - optuna.study._optimize - INFO - Trial 80 pruned. 
2026-05-10 20:16:03,241 - optuna.study.study - INFO - Trial 81 finished with value: 0.09363608742808519 and parameters: {'n_layers': 1, 'embedding_dim': 128, 'lr': 0.021696195129096554, 'lambda_val': 0.0008289975540863027, 'batch_size': 3418, 'optimizer': 'RMSprop'}. Best is trial 51 with value: 0.13024395514313283.
2026-05-10 20:16:07,013 - optuna.study._optimize - INFO - Trial 82 pruned. 
2026-05-10 20:16:35,867 - optuna.study.study - INFO - Trial 83 finished with value: 0.09205217608472561 and parameters: {'n_layers': 1, 'embedding_dim': 128, 'lr': 0.022294486334992977, 'lambda_val': 0.0009205169442338668, 'batch_size': 2265, 'optimizer': 'RMSprop'}. Best is trial 51 with value: 0.13024395514313283.
2026-05-10 20:16:39,726 - optuna.study._optimize - INFO - Trial 84 pruned. 
2026-05-10 20:16:43,537 - optuna.study._optimize - INFO - Trial 85 pruned. 
2026-05-10 20:16:47,509 - optuna.study._optimize - INFO - Trial 86 pruned. 
2026-05-10 20:16:52,376 - optuna.study._optimize - INFO - Trial 87 pruned. 
2026-05-10 20:16:56,629 - optuna.study._optimize - INFO - Trial 88 pruned. 
2026-05-10 20:17:01,054 - optuna.study._optimize - INFO - Trial 89 pruned. 
2026-05-10 20:17:29,189 - optuna.study.study - INFO - Trial 90 finished with value: 0.04757932905341917 and parameters: {'n_layers': 1, 'embedding_dim': 64, 'lr': 0.000396867276630537, 'lambda_val': 0.0002734037826740568, 'batch_size': 2492, 'optimizer': 'RMSprop'}. Best is trial 51 with value: 0.13024395514313283.
2026-05-10 20:17:59,668 - optuna.study.study - INFO - Trial 91 finished with value: 0.09651652377494765 and parameters: {'n_layers': 1, 'embedding_dim': 128, 'lr': 0.012035101217800825, 'lambda_val': 0.000985016439556479, 'batch_size': 3620, 'optimizer': 'RMSprop'}. Best is trial 51 with value: 0.13024395514313283.
2026-05-10 20:18:30,508 - optuna.study.study - INFO - Trial 92 finished with value: 0.09031455328125411 and parameters: {'n_layers': 1, 'embedding_dim': 128, 'lr': 0.011662456928325324, 'lambda_val': 0.0019002032932574136, 'batch_size': 3562, 'optimizer': 'RMSprop'}. Best is trial 51 with value: 0.13024395514313283.
2026-05-10 20:19:00,894 - optuna.study.study - INFO - Trial 93 finished with value: 0.0928499354225007 and parameters: {'n_layers': 1, 'embedding_dim': 128, 'lr': 0.011821665267474316, 'lambda_val': 0.0008615741558882633, 'batch_size': 3565, 'optimizer': 'RMSprop'}. Best is trial 51 with value: 0.13024395514313283.
2026-05-10 20:19:31,493 - optuna.study.study - INFO - Trial 94 finished with value: 0.08114268108642446 and parameters: {'n_layers': 1, 'embedding_dim': 128, 'lr': 0.006776812118385538, 'lambda_val': 0.0005184437767972038, 'batch_size': 3649, 'optimizer': 'RMSprop'}. Best is trial 51 with value: 0.13024395514313283.
2026-05-10 20:19:35,921 - optuna.study._optimize - INFO - Trial 95 pruned. 
2026-05-10 20:20:07,655 - optuna.study.study - INFO - Trial 96 finished with value: 0.08440016526573953 and parameters: {'n_layers': 1, 'embedding_dim': 128, 'lr': 0.0032559816061908347, 'lambda_val': 0.0007877370653611754, 'batch_size': 3944, 'optimizer': 'RMSprop'}. Best is trial 51 with value: 0.13024395514313283.
2026-05-10 20:20:11,719 - optuna.study._optimize - INFO - Trial 97 pruned. 
2026-05-10 20:20:48,014 - optuna.study.study - INFO - Trial 98 finished with value: 0.10757660934898555 and parameters: {'n_layers': 1, 'embedding_dim': 256, 'lr': 8.999866920078023e-05, 'lambda_val': 0.000161465944910997, 'batch_size': 3590, 'optimizer': 'RMSprop'}. Best is trial 51 with value: 0.13024395514313283.
2026-05-10 20:20:52,393 - optuna.study._optimize - INFO - Trial 99 pruned. 
2026-05-10 20:20:56,579 - optuna.study._optimize - INFO - Trial 100 pruned. 
2026-05-10 20:21:32,480 - optuna.study.study - INFO - Trial 101 finished with value: 0.09464322737113592 and parameters: {'n_layers': 1, 'embedding_dim': 256, 'lr': 0.00011108316392917086, 'lambda_val': 1.9242872402326256e-05, 'batch_size': 3857, 'optimizer': 'RMSprop'}. Best is trial 51 with value: 0.13024395514313283.
2026-05-10 20:22:08,229 - optuna.study.study - INFO - Trial 102 finished with value: 0.09783250385278307 and parameters: {'n_layers': 1, 'embedding_dim': 256, 'lr': 0.00010794450682645763, 'lambda_val': 2.3189379371306577e-05, 'batch_size': 3870, 'optimizer': 'RMSprop'}. Best is trial 51 with value: 0.13024395514313283.
2026-05-10 20:22:12,631 - optuna.study._optimize - INFO - Trial 103 pruned. 
2026-05-10 20:22:48,651 - optuna.study.study - INFO - Trial 104 finished with value: 0.07241879659112724 and parameters: {'n_layers': 1, 'embedding_dim': 256, 'lr': 0.00012191073913119304, 'lambda_val': 1.6536789355588254e-05, 'batch_size': 3919, 'optimizer': 'RMSprop'}. Best is trial 51 with value: 0.13024395514313283.
2026-05-10 20:23:24,876 - optuna.study.study - INFO - Trial 105 finished with value: 0.0733399537992203 and parameters: {'n_layers': 1, 'embedding_dim': 256, 'lr': 0.0001703472135053177, 'lambda_val': 6.792114945157293e-05, 'batch_size': 3636, 'optimizer': 'RMSprop'}. Best is trial 51 with value: 0.13024395514313283.
2026-05-10 20:23:29,200 - optuna.study._optimize - INFO - Trial 106 pruned. 
2026-05-10 20:24:05,230 - optuna.study.study - INFO - Trial 107 finished with value: 0.07373761700084226 and parameters: {'n_layers': 1, 'embedding_dim': 256, 'lr': 0.00021934516852230418, 'lambda_val': 8.208592604435555e-06, 'batch_size': 3849, 'optimizer': 'RMSprop'}. Best is trial 51 with value: 0.13024395514313283.
2026-05-10 20:24:09,798 - optuna.study._optimize - INFO - Trial 108 pruned. 
2026-05-10 20:24:45,438 - optuna.study.study - INFO - Trial 109 finished with value: 0.08200685249906953 and parameters: {'n_layers': 1, 'embedding_dim': 256, 'lr': 0.00026225001504204097, 'lambda_val': 1.4213596985108123e-05, 'batch_size': 3688, 'optimizer': 'RMSprop'}. Best is trial 51 with value: 0.13024395514313283.
2026-05-10 20:24:50,061 - optuna.study._optimize - INFO - Trial 110 pruned. 
2026-05-10 20:24:54,550 - optuna.study._optimize - INFO - Trial 111 pruned. 
2026-05-10 20:24:59,169 - optuna.study._optimize - INFO - Trial 112 pruned. 
2026-05-10 20:25:03,836 - optuna.study._optimize - INFO - Trial 113 pruned. 
2026-05-10 20:25:07,720 - optuna.study._optimize - INFO - Trial 114 pruned. 
2026-05-10 20:25:11,601 - optuna.study._optimize - INFO - Trial 115 pruned. 
2026-05-10 20:25:15,418 - optuna.study._optimize - INFO - Trial 116 pruned. 
2026-05-10 20:25:49,293 - optuna.study.study - INFO - Trial 117 finished with value: 0.06396646695859513 and parameters: {'n_layers': 1, 'embedding_dim': 256, 'lr': 0.0011362599507973418, 'lambda_val': 1.1510797504254236e-05, 'batch_size': 2182, 'optimizer': 'RMSprop'}. Best is trial 51 with value: 0.13024395514313283.
2026-05-10 20:26:21,214 - optuna.study.study - INFO - Trial 118 finished with value: 0.07314976833730233 and parameters: {'n_layers': 1, 'embedding_dim': 128, 'lr': 0.00017502221928741211, 'lambda_val': 2.0558669262010423e-05, 'batch_size': 3990, 'optimizer': 'RMSprop'}. Best is trial 51 with value: 0.13024395514313283.
2026-05-10 20:26:25,925 - optuna.study._optimize - INFO - Trial 119 pruned. 
2026-05-10 20:26:30,088 - optuna.study._optimize - INFO - Trial 120 pruned. 
2026-05-10 20:27:00,765 - optuna.study.study - INFO - Trial 121 finished with value: 0.09293935819273068 and parameters: {'n_layers': 1, 'embedding_dim': 128, 'lr': 0.00976557314413124, 'lambda_val': 0.0017712261171256868, 'batch_size': 3553, 'optimizer': 'RMSprop'}. Best is trial 51 with value: 0.13024395514313283.
2026-05-10 20:27:31,288 - optuna.study.study - INFO - Trial 122 finished with value: 0.09265831203471965 and parameters: {'n_layers': 1, 'embedding_dim': 128, 'lr': 0.019434318296652785, 'lambda_val': 0.0011307343869043204, 'batch_size': 3338, 'optimizer': 'RMSprop'}. Best is trial 51 with value: 0.13024395514313283.
2026-05-10 20:27:36,847 - optuna.study._optimize - INFO - Trial 123 pruned. 
2026-05-10 20:27:40,609 - optuna.study._optimize - INFO - Trial 124 pruned. 
2026-05-10 20:28:12,039 - optuna.study.study - INFO - Trial 125 finished with value: 0.09056842796332089 and parameters: {'n_layers': 1, 'embedding_dim': 128, 'lr': 0.00962700903847254, 'lambda_val': 0.0023482839287235937, 'batch_size': 3709, 'optimizer': 'RMSprop'}. Best is trial 51 with value: 0.13024395514313283.
2026-05-10 20:28:15,612 - optuna.study._optimize - INFO - Trial 126 pruned. 
2026-05-10 20:28:45,804 - optuna.study.study - INFO - Trial 127 finished with value: 0.0823215060868229 and parameters: {'n_layers': 1, 'embedding_dim': 128, 'lr': 0.00011983931418458453, 'lambda_val': 0.001118795384525077, 'batch_size': 3623, 'optimizer': 'RMSprop'}. Best is trial 51 with value: 0.13024395514313283.
2026-05-10 20:29:21,899 - optuna.study.study - INFO - Trial 128 finished with value: 0.0812451610378847 and parameters: {'n_layers': 1, 'embedding_dim': 256, 'lr': 0.00014638737109978382, 'lambda_val': 0.0006397684705005238, 'batch_size': 3411, 'optimizer': 'RMSprop'}. Best is trial 51 with value: 0.13024395514313283.
2026-05-10 20:29:27,019 - optuna.study._optimize - INFO - Trial 129 pruned. 
2026-05-10 20:29:30,847 - optuna.study._optimize - INFO - Trial 130 pruned. 
2026-05-10 20:29:34,631 - optuna.study._optimize - INFO - Trial 131 pruned. 
2026-05-10 20:29:38,515 - optuna.study._optimize - INFO - Trial 132 pruned. 
2026-05-10 20:29:43,279 - optuna.study._optimize - INFO - Trial 133 pruned. 
2026-05-10 20:29:47,246 - optuna.study._optimize - INFO - Trial 134 pruned. 
2026-05-10 20:29:58,753 - optuna.study._optimize - INFO - Trial 135 pruned. 
2026-05-10 20:30:02,769 - optuna.study._optimize - INFO - Trial 136 pruned. 
2026-05-10 20:30:06,653 - optuna.study._optimize - INFO - Trial 137 pruned. 
2026-05-10 20:30:10,515 - optuna.study._optimize - INFO - Trial 138 pruned. 
2026-05-10 20:30:45,821 - optuna.study.study - INFO - Trial 139 finished with value: 0.07656329057567314 and parameters: {'n_layers': 1, 'embedding_dim': 256, 'lr': 0.00010807542806193094, 'lambda_val': 0.0006921308821687152, 'batch_size': 3637, 'optimizer': 'RMSprop'}. Best is trial 51 with value: 0.13024395514313283.
2026-05-10 20:30:49,725 - optuna.study._optimize - INFO - Trial 140 pruned. 
2026-05-10 20:31:21,236 - optuna.study.study - INFO - Trial 141 finished with value: 0.09004656461009132 and parameters: {'n_layers': 1, 'embedding_dim': 128, 'lr': 0.01056915351632239, 'lambda_val': 0.002279360697589887, 'batch_size': 3679, 'optimizer': 'RMSprop'}. Best is trial 51 with value: 0.13024395514313283.
2026-05-10 20:31:51,816 - optuna.study.study - INFO - Trial 142 finished with value: 0.09053508622896618 and parameters: {'n_layers': 1, 'embedding_dim': 128, 'lr': 0.00976509026911487, 'lambda_val': 0.002524807556084663, 'batch_size': 3743, 'optimizer': 'RMSprop'}. Best is trial 51 with value: 0.13024395514313283.
2026-05-10 20:32:22,545 - optuna.study.study - INFO - Trial 143 finished with value: 0.09378636468540738 and parameters: {'n_layers': 1, 'embedding_dim': 128, 'lr': 0.008569876456703575, 'lambda_val': 0.001334578319712535, 'batch_size': 3706, 'optimizer': 'RMSprop'}. Best is trial 51 with value: 0.13024395514313283.
2026-05-10 20:32:52,714 - optuna.study.study - INFO - Trial 144 finished with value: 0.09377738980390642 and parameters: {'n_layers': 1, 'embedding_dim': 128, 'lr': 0.006492696430763853, 'lambda_val': 0.0016358546153349461, 'batch_size': 3801, 'optimizer': 'RMSprop'}. Best is trial 51 with value: 0.13024395514313283.
2026-05-10 20:32:56,838 - optuna.study._optimize - INFO - Trial 145 pruned. 
2026-05-10 20:33:27,909 - optuna.study.study - INFO - Trial 146 finished with value: 0.08784931971846156 and parameters: {'n_layers': 1, 'embedding_dim': 128, 'lr': 0.008247322487618423, 'lambda_val': 0.0018006323757501158, 'batch_size': 3536, 'optimizer': 'RMSprop'}. Best is trial 51 with value: 0.13024395514313283.
2026-05-10 20:34:04,503 - optuna.study.study - INFO - Trial 147 finished with value: 0.08686679895733698 and parameters: {'n_layers': 1, 'embedding_dim': 256, 'lr': 0.003945473473215787, 'lambda_val': 0.001121003883804608, 'batch_size': 3884, 'optimizer': 'Adam'}. Best is trial 51 with value: 0.13024395514313283.
2026-05-10 20:34:08,672 - optuna.study._optimize - INFO - Trial 148 pruned. 
2026-05-10 20:34:39,765 - optuna.study.study - INFO - Trial 149 finished with value: 0.051801107097906224 and parameters: {'n_layers': 1, 'embedding_dim': 128, 'lr': 0.00020028328944923714, 'lambda_val': 0.0033844894738723334, 'batch_size': 3619, 'optimizer': 'RMSprop'}. Best is trial 51 with value: 0.13024395514313283.
2026-05-10 20:34:43,999 - optuna.study._optimize - INFO - Trial 150 pruned. 
2026-05-10 20:34:48,424 - optuna.study._optimize - INFO - Trial 151 pruned. 
2026-05-10 20:35:17,520 - optuna.study.study - INFO - Trial 152 finished with value: 0.05718813269642211 and parameters: {'n_layers': 1, 'embedding_dim': 128, 'lr': 0.0007023086656985633, 'lambda_val': 0.0005299764215885661, 'batch_size': 1775, 'optimizer': 'RMSprop'}. Best is trial 51 with value: 0.13024395514313283.
2026-05-10 20:35:49,160 - optuna.study.study - INFO - Trial 153 finished with value: 0.06888451343138753 and parameters: {'n_layers': 1, 'embedding_dim': 128, 'lr': 0.00014878908357124964, 'lambda_val': 0.000773351620235939, 'batch_size': 3712, 'optimizer': 'RMSprop'}. Best is trial 51 with value: 0.13024395514313283.
2026-05-10 20:35:53,323 - optuna.study._optimize - INFO - Trial 154 pruned. 
2026-05-10 20:35:58,998 - optuna.study._optimize - INFO - Trial 155 pruned. 
2026-05-10 20:36:02,664 - optuna.study._optimize - INFO - Trial 156 pruned. 
2026-05-10 20:36:06,751 - optuna.study._optimize - INFO - Trial 157 pruned. 
2026-05-10 20:36:11,103 - optuna.study._optimize - INFO - Trial 158 pruned. 
2026-05-10 20:36:14,869 - optuna.study._optimize - INFO - Trial 159 pruned. 
2026-05-10 20:36:19,280 - optuna.study._optimize - INFO - Trial 160 pruned. 
2026-05-10 20:36:50,494 - optuna.study.study - INFO - Trial 161 finished with value: 0.09017042886809663 and parameters: {'n_layers': 1, 'embedding_dim': 128, 'lr': 0.009020219798987247, 'lambda_val': 0.0023761449732477885, 'batch_size': 3716, 'optimizer': 'RMSprop'}. Best is trial 51 with value: 0.13024395514313283.
2026-05-10 20:36:54,446 - optuna.study._optimize - INFO - Trial 162 pruned. 
2026-05-10 20:36:58,722 - optuna.study._optimize - INFO - Trial 163 pruned. 
2026-05-10 20:37:03,158 - optuna.study._optimize - INFO - Trial 164 pruned. 
2026-05-10 20:37:07,777 - optuna.study._optimize - INFO - Trial 165 pruned. 
2026-05-10 20:37:12,704 - optuna.study._optimize - INFO - Trial 166 pruned. 
2026-05-10 20:37:16,117 - optuna.study._optimize - INFO - Trial 167 pruned. 
2026-05-10 20:37:20,802 - optuna.study._optimize - INFO - Trial 168 pruned. 
2026-05-10 20:37:50,538 - optuna.study.study - INFO - Trial 169 finished with value: 0.05152546855115491 and parameters: {'n_layers': 1, 'embedding_dim': 64, 'lr': 0.000260251636565241, 'lambda_val': 0.0008342239413743532, 'batch_size': 2560, 'optimizer': 'RMSprop'}. Best is trial 51 with value: 0.13024395514313283.
2026-05-10 20:37:55,303 - optuna.study._optimize - INFO - Trial 170 pruned. 
2026-05-10 20:38:25,994 - optuna.study.study - INFO - Trial 171 finished with value: 0.09487039272661917 and parameters: {'n_layers': 1, 'embedding_dim': 128, 'lr': 0.009466408994610738, 'lambda_val': 0.003071366387269306, 'batch_size': 3705, 'optimizer': 'RMSprop'}. Best is trial 51 with value: 0.13024395514313283.
2026-05-10 20:38:30,035 - optuna.study._optimize - INFO - Trial 172 pruned. 
2026-05-10 20:38:34,049 - optuna.study._optimize - INFO - Trial 173 pruned. 
2026-05-10 20:39:05,226 - optuna.study.study - INFO - Trial 174 finished with value: 0.0642137874426421 and parameters: {'n_layers': 1, 'embedding_dim': 128, 'lr': 0.0001409304208009097, 'lambda_val': 0.0022279095727386045, 'batch_size': 3622, 'optimizer': 'RMSprop'}. Best is trial 51 with value: 0.13024395514313283.
2026-05-10 20:39:10,576 - optuna.study._optimize - INFO - Trial 175 pruned. 
2026-05-10 20:39:14,386 - optuna.study._optimize - INFO - Trial 176 pruned. 
2026-05-10 20:39:18,646 - optuna.study._optimize - INFO - Trial 177 pruned. 
2026-05-10 20:39:24,360 - optuna.study._optimize - INFO - Trial 178 pruned. 
2026-05-10 20:39:29,136 - optuna.study._optimize - INFO - Trial 179 pruned. 
2026-05-10 20:39:34,465 - optuna.study._optimize - INFO - Trial 180 pruned. 
2026-05-10 20:39:38,662 - optuna.study._optimize - INFO - Trial 181 pruned. 
2026-05-10 20:39:44,070 - optuna.study._optimize - INFO - Trial 182 pruned. 
2026-05-10 20:40:14,776 - optuna.study.study - INFO - Trial 183 finished with value: 0.08734439983023064 and parameters: {'n_layers': 1, 'embedding_dim': 128, 'lr': 0.009671273372068028, 'lambda_val': 0.0017963829401388257, 'batch_size': 3652, 'optimizer': 'RMSprop'}. Best is trial 51 with value: 0.13024395514313283.
2026-05-10 20:40:18,850 - optuna.study._optimize - INFO - Trial 184 pruned. 
2026-05-10 20:40:22,639 - optuna.study._optimize - INFO - Trial 185 pruned. 
2026-05-10 20:40:26,902 - optuna.study._optimize - INFO - Trial 186 pruned. 
2026-05-10 20:40:31,508 - optuna.study._optimize - INFO - Trial 187 pruned. 
2026-05-10 20:40:35,462 - optuna.study._optimize - INFO - Trial 188 pruned. 
2026-05-10 20:40:39,825 - optuna.study._optimize - INFO - Trial 189 pruned. 
2026-05-10 20:40:43,680 - optuna.study._optimize - INFO - Trial 190 pruned. 
2026-05-10 20:41:15,069 - optuna.study.study - INFO - Trial 191 finished with value: 0.09205500165765551 and parameters: {'n_layers': 1, 'embedding_dim': 128, 'lr': 0.01227827268130022, 'lambda_val': 0.0017666910838313897, 'batch_size': 3595, 'optimizer': 'RMSprop'}. Best is trial 51 with value: 0.13024395514313283.
2026-05-10 20:41:20,027 - optuna.study._optimize - INFO - Trial 192 pruned. 
2026-05-10 20:41:50,752 - optuna.study.study - INFO - Trial 193 finished with value: 0.08893393117793329 and parameters: {'n_layers': 1, 'embedding_dim': 128, 'lr': 0.015246187313641583, 'lambda_val': 0.0013905228552306542, 'batch_size': 3759, 'optimizer': 'RMSprop'}. Best is trial 51 with value: 0.13024395514313283.
2026-05-10 20:41:54,859 - optuna.study._optimize - INFO - Trial 194 pruned. 
2026-05-10 20:42:25,487 - optuna.study.study - INFO - Trial 195 finished with value: 0.09580266682506598 and parameters: {'n_layers': 1, 'embedding_dim': 128, 'lr': 0.012388483875303022, 'lambda_val': 0.0017723316275821005, 'batch_size': 3424, 'optimizer': 'RMSprop'}. Best is trial 51 with value: 0.13024395514313283.
2026-05-10 20:42:29,366 - optuna.study._optimize - INFO - Trial 196 pruned. 
2026-05-10 20:42:33,221 - optuna.study._optimize - INFO - Trial 197 pruned. 
2026-05-10 20:42:37,411 - optuna.study._optimize - INFO - Trial 198 pruned. 
2026-05-10 20:42:41,551 - optuna.study._optimize - INFO - Trial 199 pruned. 
2026-05-10 20:43:03,237 - root - INFO - **** Training e_100K_1c1dcs
2026-05-10 20:43:03,237 - root - INFO -   ** 1-Dominant stats:
2026-05-10 20:43:03,237 - root - INFO -   ** Finding the dominant set:
2026-05-10 20:43:18,822 - root - INFO -   ** Getting the trainable edges:
2026-05-10 20:43:18,826 - helper_functions - INFO -      Number of nodes: 547
2026-05-10 20:43:18,827 - helper_functions - INFO -      Ratio: 0.06036861273590111
2026-05-10 20:43:18,827 - helper_functions - INFO -      Number of unique users: 320
2026-05-10 20:43:18,827 - helper_functions - INFO -      Number of unique items: 227
2026-05-10 20:43:18,827 - helper_functions - INFO -      Total dominant set edge: 66391
2026-05-10 20:43:18,827 - helper_functions - INFO -      Trainable edges: 53112.8
2026-05-10 20:43:18,834 - root - INFO -   **** Getting 66391 dominant set edges
2026-05-10 20:43:19,956 - optuna.storages._rdb.storage - INFO - A new study created in RDB with name: Study_e_100K_1c1dcs
2026-05-10 20:43:45,034 - optuna.study.study - INFO - Trial 0 finished with value: 0.06209446019819848 and parameters: {'n_layers': 1, 'embedding_dim': 64, 'lr': 0.011900029982085952, 'lambda_val': 0.0012618455191802957, 'batch_size': 1006, 'optimizer': 'RMSprop'}. Best is trial 0 with value: 0.06209446019819848.
2026-05-10 20:44:40,892 - optuna.study.study - INFO - Trial 1 finished with value: 0.006872856450225325 and parameters: {'n_layers': 4, 'embedding_dim': 32, 'lr': 1.2643468968831034e-05, 'lambda_val': 0.0049514679559862634, 'batch_size': 2470, 'optimizer': 'Adam'}. Best is trial 0 with value: 0.06209446019819848.
2026-05-10 20:45:08,152 - optuna.study.study - INFO - Trial 2 finished with value: 0.05838878457734272 and parameters: {'n_layers': 1, 'embedding_dim': 32, 'lr': 0.00012205999809946114, 'lambda_val': 0.00028336086918584745, 'batch_size': 3577, 'optimizer': 'RMSprop'}. Best is trial 0 with value: 0.06209446019819848.
2026-05-10 20:45:45,712 - optuna.study.study - INFO - Trial 3 finished with value: 0.0020227849421708844 and parameters: {'n_layers': 4, 'embedding_dim': 64, 'lr': 0.004728972966097268, 'lambda_val': 0.014344342549743712, 'batch_size': 919, 'optimizer': 'SGD'}. Best is trial 0 with value: 0.06209446019819848.
2026-05-10 20:46:32,775 - optuna.study.study - INFO - Trial 4 finished with value: 0.015929651612742252 and parameters: {'n_layers': 4, 'embedding_dim': 128, 'lr': 0.00033720023474889633, 'lambda_val': 2.046193190839918e-06, 'batch_size': 2680, 'optimizer': 'RMSprop'}. Best is trial 0 with value: 0.06209446019819848.
2026-05-10 20:46:37,628 - optuna.study._optimize - INFO - Trial 5 pruned. 
2026-05-10 20:47:16,917 - optuna.study.study - INFO - Trial 6 finished with value: 0.024044287120222524 and parameters: {'n_layers': 2, 'embedding_dim': 128, 'lr': 0.002097698916657254, 'lambda_val': 7.116981569478489e-05, 'batch_size': 2256, 'optimizer': 'RMSprop'}. Best is trial 0 with value: 0.06209446019819848.
2026-05-10 20:48:28,468 - optuna.study.study - INFO - Trial 7 finished with value: 0.026570749916884764 and parameters: {'n_layers': 4, 'embedding_dim': 256, 'lr': 0.02667927829101619, 'lambda_val': 1.1825681089196892e-06, 'batch_size': 1852, 'optimizer': 'Adam'}. Best is trial 0 with value: 0.06209446019819848.
2026-05-10 20:48:33,566 - optuna.study._optimize - INFO - Trial 8 pruned. 
2026-05-10 20:48:37,796 - optuna.study._optimize - INFO - Trial 9 pruned. 
2026-05-10 20:48:41,286 - optuna.study._optimize - INFO - Trial 10 pruned. 
2026-05-10 20:49:09,395 - optuna.study.study - INFO - Trial 11 finished with value: 0.04793609809499547 and parameters: {'n_layers': 1, 'embedding_dim': 32, 'lr': 0.00018054698108330345, 'lambda_val': 0.0007419005868606407, 'batch_size': 3843, 'optimizer': 'RMSprop'}. Best is trial 0 with value: 0.06209446019819848.
2026-05-10 20:49:39,531 - optuna.study.study - INFO - Trial 12 finished with value: 0.04458950731141896 and parameters: {'n_layers': 1, 'embedding_dim': 32, 'lr': 0.00013758030765441883, 'lambda_val': 5.078769295686496e-05, 'batch_size': 4033, 'optimizer': 'RMSprop'}. Best is trial 0 with value: 0.06209446019819848.
2026-05-10 20:49:44,778 - optuna.study._optimize - INFO - Trial 13 pruned. 
2026-05-10 20:49:49,237 - optuna.study._optimize - INFO - Trial 14 pruned. 
2026-05-10 20:50:22,822 - optuna.study.study - INFO - Trial 15 finished with value: 0.051681381242446756 and parameters: {'n_layers': 3, 'embedding_dim': 64, 'lr': 9.97123162827033e-05, 'lambda_val': 0.0017974936670748906, 'batch_size': 1339, 'optimizer': 'RMSprop'}. Best is trial 0 with value: 0.06209446019819848.
2026-05-10 20:50:26,375 - optuna.study._optimize - INFO - Trial 16 pruned. 
2026-05-10 20:50:29,634 - optuna.study._optimize - INFO - Trial 17 pruned. 
2026-05-10 20:50:33,184 - optuna.study._optimize - INFO - Trial 18 pruned. 
2026-05-10 20:50:39,544 - optuna.study._optimize - INFO - Trial 19 pruned. 
2026-05-10 20:51:20,346 - optuna.study.study - INFO - Trial 20 finished with value: 0.029417265337691536 and parameters: {'n_layers': 2, 'embedding_dim': 256, 'lr': 0.0004348922336996783, 'lambda_val': 0.001447068089424727, 'batch_size': 584, 'optimizer': 'RMSprop'}. Best is trial 0 with value: 0.06209446019819848.
2026-05-10 20:51:24,619 - optuna.study._optimize - INFO - Trial 21 pruned. 
2026-05-10 20:51:28,776 - optuna.study._optimize - INFO - Trial 22 pruned. 
2026-05-10 20:52:02,142 - optuna.study.study - INFO - Trial 23 finished with value: 0.01289228002297908 and parameters: {'n_layers': 3, 'embedding_dim': 64, 'lr': 0.00017775645577162758, 'lambda_val': 0.011706691487563831, 'batch_size': 1596, 'optimizer': 'RMSprop'}. Best is trial 0 with value: 0.06209446019819848.
2026-05-10 20:52:29,505 - optuna.study.study - INFO - Trial 24 finished with value: 0.061473437633040834 and parameters: {'n_layers': 2, 'embedding_dim': 64, 'lr': 0.00011737930218709977, 'lambda_val': 0.0010875352402410661, 'batch_size': 890, 'optimizer': 'RMSprop'}. Best is trial 0 with value: 0.06209446019819848.
2026-05-10 20:52:55,581 - optuna.study.study - INFO - Trial 25 finished with value: 0.03379602620173937 and parameters: {'n_layers': 1, 'embedding_dim': 32, 'lr': 0.0018696800066198664, 'lambda_val': 0.00010886253052808976, 'batch_size': 876, 'optimizer': 'RMSprop'}. Best is trial 0 with value: 0.06209446019819848.
2026-05-10 20:52:59,451 - optuna.study._optimize - INFO - Trial 26 pruned. 
2026-05-10 20:53:26,384 - optuna.study.study - INFO - Trial 27 finished with value: 0.0552197843218103 and parameters: {'n_layers': 1, 'embedding_dim': 64, 'lr': 0.00043057487192738216, 'lambda_val': 0.0043247282287356675, 'batch_size': 895, 'optimizer': 'RMSprop'}. Best is trial 0 with value: 0.06209446019819848.
2026-05-10 20:53:30,005 - optuna.study._optimize - INFO - Trial 28 pruned. 
2026-05-10 20:53:34,472 - optuna.study._optimize - INFO - Trial 29 pruned. 
2026-05-10 20:54:08,745 - optuna.study.study - INFO - Trial 30 finished with value: 0.018139543154564987 and parameters: {'n_layers': 2, 'embedding_dim': 96, 'lr': 0.001239987702344024, 'lambda_val': 1.3304771262459214e-05, 'batch_size': 2944, 'optimizer': 'Adam'}. Best is trial 0 with value: 0.06209446019819848.
2026-05-10 20:54:33,554 - optuna.study.study - INFO - Trial 31 finished with value: 0.04777670344219618 and parameters: {'n_layers': 1, 'embedding_dim': 64, 'lr': 0.0004329859761192307, 'lambda_val': 0.004303052387582795, 'batch_size': 835, 'optimizer': 'RMSprop'}. Best is trial 0 with value: 0.06209446019819848.
2026-05-10 20:54:37,253 - optuna.study._optimize - INFO - Trial 32 pruned. 
2026-05-10 20:54:40,405 - optuna.study._optimize - INFO - Trial 33 pruned. 
2026-05-10 20:55:05,642 - optuna.study.study - INFO - Trial 34 finished with value: 0.0702442301705083 and parameters: {'n_layers': 1, 'embedding_dim': 64, 'lr': 0.00022700256056441966, 'lambda_val': 0.00031262219155730206, 'batch_size': 1245, 'optimizer': 'RMSprop'}. Best is trial 34 with value: 0.0702442301705083.
2026-05-10 20:55:34,645 - optuna.study.study - INFO - Trial 35 finished with value: 0.08384512108517146 and parameters: {'n_layers': 1, 'embedding_dim': 128, 'lr': 0.00025081507274525973, 'lambda_val': 0.00017076404842046402, 'batch_size': 1275, 'optimizer': 'RMSprop'}. Best is trial 35 with value: 0.08384512108517146.
2026-05-10 20:56:06,705 - optuna.study.study - INFO - Trial 36 finished with value: 0.07386075414437525 and parameters: {'n_layers': 1, 'embedding_dim': 128, 'lr': 0.00022184169065625318, 'lambda_val': 0.0003942626289761648, 'batch_size': 1303, 'optimizer': 'RMSprop'}. Best is trial 35 with value: 0.08384512108517146.
2026-05-10 20:56:14,296 - optuna.study._optimize - INFO - Trial 37 pruned. 
2026-05-10 20:56:18,151 - optuna.study._optimize - INFO - Trial 38 pruned. 
2026-05-10 20:56:47,646 - optuna.study.study - INFO - Trial 39 finished with value: 0.03771023188997728 and parameters: {'n_layers': 1, 'embedding_dim': 128, 'lr': 0.002194865498602339, 'lambda_val': 0.00010840998933854898, 'batch_size': 2013, 'optimizer': 'RMSprop'}. Best is trial 35 with value: 0.08384512108517146.
2026-05-10 20:57:17,128 - optuna.study.study - INFO - Trial 40 finished with value: 0.07084802459736918 and parameters: {'n_layers': 1, 'embedding_dim': 128, 'lr': 0.00025634064532418106, 'lambda_val': 3.9208995194875444e-05, 'batch_size': 1306, 'optimizer': 'RMSprop'}. Best is trial 35 with value: 0.08384512108517146.
2026-05-10 20:57:46,676 - optuna.study.study - INFO - Trial 41 finished with value: 0.07724954029959637 and parameters: {'n_layers': 1, 'embedding_dim': 128, 'lr': 0.00021827727049955883, 'lambda_val': 2.4519333498137777e-05, 'batch_size': 1348, 'optimizer': 'RMSprop'}. Best is trial 35 with value: 0.08384512108517146.
2026-05-10 20:58:15,094 - optuna.study.study - INFO - Trial 42 finished with value: 0.06997872653575218 and parameters: {'n_layers': 1, 'embedding_dim': 128, 'lr': 0.00026144506643852055, 'lambda_val': 5.593835994019637e-06, 'batch_size': 1299, 'optimizer': 'RMSprop'}. Best is trial 35 with value: 0.08384512108517146.
2026-05-10 20:58:44,254 - optuna.study.study - INFO - Trial 43 finished with value: 0.06157845257607275 and parameters: {'n_layers': 1, 'embedding_dim': 128, 'lr': 0.0002262982778658254, 'lambda_val': 2.9296209800810428e-05, 'batch_size': 1496, 'optimizer': 'RMSprop'}. Best is trial 35 with value: 0.08384512108517146.
2026-05-10 20:59:10,890 - optuna.study.study - INFO - Trial 44 finished with value: 0.05333894218302764 and parameters: {'n_layers': 1, 'embedding_dim': 128, 'lr': 0.0006447425829452109, 'lambda_val': 2.5452105185745587e-05, 'batch_size': 1272, 'optimizer': 'RMSprop'}. Best is trial 35 with value: 0.08384512108517146.
2026-05-10 20:59:39,856 - optuna.study.study - INFO - Trial 45 finished with value: 0.0723995937564344 and parameters: {'n_layers': 1, 'embedding_dim': 128, 'lr': 0.00017330627845269327, 'lambda_val': 4.302541358460129e-06, 'batch_size': 2183, 'optimizer': 'RMSprop'}. Best is trial 35 with value: 0.08384512108517146.
2026-05-10 20:59:44,694 - optuna.study._optimize - INFO - Trial 46 pruned. 
2026-05-10 20:59:48,055 - optuna.study._optimize - INFO - Trial 47 pruned. 
2026-05-10 20:59:53,616 - optuna.study._optimize - INFO - Trial 48 pruned. 
2026-05-10 20:59:58,078 - optuna.study._optimize - INFO - Trial 49 pruned. 
2026-05-10 21:00:01,633 - optuna.study._optimize - INFO - Trial 50 pruned. 
2026-05-10 21:00:31,327 - optuna.study.study - INFO - Trial 51 finished with value: 0.07987390093425602 and parameters: {'n_layers': 1, 'embedding_dim': 128, 'lr': 0.0003652974036026698, 'lambda_val': 2.3876175763699164e-05, 'batch_size': 1040, 'optimizer': 'RMSprop'}. Best is trial 35 with value: 0.08384512108517146.
2026-05-10 21:01:00,908 - optuna.study.study - INFO - Trial 52 finished with value: 0.07218904452823525 and parameters: {'n_layers': 1, 'embedding_dim': 128, 'lr': 0.0003346529061645518, 'lambda_val': 1.965432572591618e-05, 'batch_size': 1021, 'optimizer': 'RMSprop'}. Best is trial 35 with value: 0.08384512108517146.
2026-05-10 21:01:29,743 - optuna.study.study - INFO - Trial 53 finished with value: 0.051653197181982226 and parameters: {'n_layers': 1, 'embedding_dim': 128, 'lr': 0.001070690641729235, 'lambda_val': 1.796567974758752e-05, 'batch_size': 1010, 'optimizer': 'RMSprop'}. Best is trial 35 with value: 0.08384512108517146.
2026-05-10 21:01:58,479 - optuna.study.study - INFO - Trial 54 finished with value: 0.06489227455031157 and parameters: {'n_layers': 1, 'embedding_dim': 128, 'lr': 0.00044154873974534527, 'lambda_val': 5.433429393369439e-06, 'batch_size': 661, 'optimizer': 'RMSprop'}. Best is trial 35 with value: 0.08384512108517146.
2026-05-10 21:02:02,193 - optuna.study._optimize - INFO - Trial 55 pruned. 
2026-05-10 21:02:37,278 - optuna.study.study - INFO - Trial 56 finished with value: 0.07049497858552643 and parameters: {'n_layers': 1, 'embedding_dim': 256, 'lr': 0.000374702999802003, 'lambda_val': 6.670219597796323e-05, 'batch_size': 1027, 'optimizer': 'RMSprop'}. Best is trial 35 with value: 0.08384512108517146.
2026-05-10 21:02:42,556 - optuna.study._optimize - INFO - Trial 57 pruned. 
2026-05-10 21:03:17,482 - optuna.study.study - INFO - Trial 58 finished with value: 0.06082876954149311 and parameters: {'n_layers': 2, 'embedding_dim': 128, 'lr': 0.00016801059915367704, 'lambda_val': 2.038097017281056e-05, 'batch_size': 524, 'optimizer': 'Adam'}. Best is trial 35 with value: 0.08384512108517146.
2026-05-10 21:03:46,093 - optuna.study.study - INFO - Trial 59 finished with value: 0.05139861050845968 and parameters: {'n_layers': 1, 'embedding_dim': 96, 'lr': 0.0005184154686822372, 'lambda_val': 0.00010488778873972313, 'batch_size': 1417, 'optimizer': 'RMSprop'}. Best is trial 35 with value: 0.08384512108517146.
2026-05-10 21:04:17,637 - optuna.study.study - INFO - Trial 60 finished with value: 0.03740229452282973 and parameters: {'n_layers': 1, 'embedding_dim': 128, 'lr': 0.0013152149181149073, 'lambda_val': 2.0277577926072304e-06, 'batch_size': 2434, 'optimizer': 'RMSprop'}. Best is trial 35 with value: 0.08384512108517146.
2026-05-10 21:04:46,594 - optuna.study.study - INFO - Trial 61 finished with value: 0.07186761382731977 and parameters: {'n_layers': 1, 'embedding_dim': 128, 'lr': 0.0002885522028178694, 'lambda_val': 4.1685439510506526e-05, 'batch_size': 1700, 'optimizer': 'RMSprop'}. Best is trial 35 with value: 0.08384512108517146.
2026-05-10 21:05:17,129 - optuna.study.study - INFO - Trial 62 finished with value: 0.062394584882611286 and parameters: {'n_layers': 1, 'embedding_dim': 128, 'lr': 0.0003184063517017954, 'lambda_val': 3.837513048885337e-05, 'batch_size': 1922, 'optimizer': 'RMSprop'}. Best is trial 35 with value: 0.08384512108517146.
2026-05-10 21:05:46,386 - optuna.study.study - INFO - Trial 63 finished with value: 0.06566273543652476 and parameters: {'n_layers': 1, 'embedding_dim': 128, 'lr': 0.00017024323274074564, 'lambda_val': 8.533870799525337e-06, 'batch_size': 1675, 'optimizer': 'RMSprop'}. Best is trial 35 with value: 0.08384512108517146.
2026-05-10 21:06:15,260 - optuna.study.study - INFO - Trial 64 finished with value: 0.06512009894678987 and parameters: {'n_layers': 1, 'embedding_dim': 128, 'lr': 0.00022678058611987333, 'lambda_val': 0.00019044202722364703, 'batch_size': 1549, 'optimizer': 'RMSprop'}. Best is trial 35 with value: 0.08384512108517146.
2026-05-10 21:06:20,305 - optuna.study._optimize - INFO - Trial 65 pruned. 
2026-05-10 21:06:24,853 - optuna.study._optimize - INFO - Trial 66 pruned. 
2026-05-10 21:06:28,987 - optuna.study._optimize - INFO - Trial 67 pruned. 
2026-05-10 21:06:58,264 - optuna.study.study - INFO - Trial 68 finished with value: 0.06491387098398997 and parameters: {'n_layers': 1, 'embedding_dim': 128, 'lr': 0.0005504141665137416, 'lambda_val': 0.0006222605840646534, 'batch_size': 1774, 'optimizer': 'RMSprop'}. Best is trial 35 with value: 0.08384512108517146.
2026-05-10 21:07:02,439 - optuna.study._optimize - INFO - Trial 69 pruned. 
2026-05-10 21:07:06,315 - optuna.study._optimize - INFO - Trial 70 pruned. 
2026-05-10 21:07:35,551 - optuna.study.study - INFO - Trial 71 finished with value: 0.07623273889889162 and parameters: {'n_layers': 1, 'embedding_dim': 128, 'lr': 0.00023420854638198357, 'lambda_val': 4.204669282608987e-05, 'batch_size': 1450, 'optimizer': 'RMSprop'}. Best is trial 35 with value: 0.08384512108517146.
2026-05-10 21:08:04,332 - optuna.study.study - INFO - Trial 72 finished with value: 0.07716911635266856 and parameters: {'n_layers': 1, 'embedding_dim': 128, 'lr': 0.0002012427892199513, 'lambda_val': 8.313020171481285e-05, 'batch_size': 1435, 'optimizer': 'RMSprop'}. Best is trial 35 with value: 0.08384512108517146.
2026-05-10 21:08:36,424 - optuna.study.study - INFO - Trial 73 finished with value: 0.06666658716470858 and parameters: {'n_layers': 1, 'embedding_dim': 128, 'lr': 0.00020112657533966554, 'lambda_val': 5.860347894841421e-05, 'batch_size': 1465, 'optimizer': 'RMSprop'}. Best is trial 35 with value: 0.08384512108517146.
2026-05-10 21:08:40,464 - optuna.study._optimize - INFO - Trial 74 pruned. 
2026-05-10 21:09:10,583 - optuna.study.study - INFO - Trial 75 finished with value: 0.0636602428570846 and parameters: {'n_layers': 1, 'embedding_dim': 128, 'lr': 0.00036420421452409524, 'lambda_val': 0.00012877409501826708, 'batch_size': 1191, 'optimizer': 'RMSprop'}. Best is trial 35 with value: 0.08384512108517146.
2026-05-10 21:09:16,201 - optuna.study._optimize - INFO - Trial 76 pruned. 
2026-05-10 21:09:46,297 - optuna.study.study - INFO - Trial 77 finished with value: 0.06947145093309236 and parameters: {'n_layers': 1, 'embedding_dim': 128, 'lr': 0.00020488565112068024, 'lambda_val': 2.582082913205629e-05, 'batch_size': 1408, 'optimizer': 'RMSprop'}. Best is trial 35 with value: 0.08384512108517146.
2026-05-10 21:09:50,574 - optuna.study._optimize - INFO - Trial 78 pruned. 
2026-05-10 21:09:55,454 - optuna.study._optimize - INFO - Trial 79 pruned. 
2026-05-10 21:10:01,174 - optuna.study._optimize - INFO - Trial 80 pruned. 
2026-05-10 21:10:32,385 - optuna.study.study - INFO - Trial 81 finished with value: 0.07811705569131411 and parameters: {'n_layers': 1, 'embedding_dim': 128, 'lr': 0.0002749312853911329, 'lambda_val': 4.2414691469323874e-05, 'batch_size': 1366, 'optimizer': 'RMSprop'}. Best is trial 35 with value: 0.08384512108517146.
2026-05-10 21:10:40,259 - optuna.study._optimize - INFO - Trial 82 pruned. 
2026-05-10 21:10:44,880 - optuna.study._optimize - INFO - Trial 83 pruned. 
2026-05-10 21:10:49,027 - optuna.study._optimize - INFO - Trial 84 pruned. 
2026-05-10 21:10:56,218 - optuna.study._optimize - INFO - Trial 85 pruned. 
2026-05-10 21:10:59,966 - optuna.study._optimize - INFO - Trial 86 pruned. 
2026-05-10 21:11:28,168 - optuna.study.study - INFO - Trial 87 finished with value: 0.06681048235324816 and parameters: {'n_layers': 1, 'embedding_dim': 96, 'lr': 0.0003772411348725225, 'lambda_val': 4.6291695814072865e-05, 'batch_size': 1099, 'optimizer': 'RMSprop'}. Best is trial 35 with value: 0.08384512108517146.
2026-05-10 21:11:32,070 - optuna.study._optimize - INFO - Trial 88 pruned. 
2026-05-10 21:11:36,974 - optuna.study._optimize - INFO - Trial 89 pruned. 
2026-05-10 21:11:41,182 - optuna.study._optimize - INFO - Trial 90 pruned. 
2026-05-10 21:12:11,185 - optuna.study.study - INFO - Trial 91 finished with value: 0.08434103883584258 and parameters: {'n_layers': 1, 'embedding_dim': 128, 'lr': 0.0002607423224662598, 'lambda_val': 3.331961292556016e-05, 'batch_size': 1463, 'optimizer': 'RMSprop'}. Best is trial 91 with value: 0.08434103883584258.
2026-05-10 21:12:40,684 - optuna.study.study - INFO - Trial 92 finished with value: 0.08413045840197153 and parameters: {'n_layers': 1, 'embedding_dim': 128, 'lr': 0.00025432411006555584, 'lambda_val': 1.554583774881692e-05, 'batch_size': 1476, 'optimizer': 'RMSprop'}. Best is trial 91 with value: 0.08434103883584258.
2026-05-10 21:13:09,512 - optuna.study.study - INFO - Trial 93 finished with value: 0.08576958513275892 and parameters: {'n_layers': 1, 'embedding_dim': 128, 'lr': 0.00017872097719125873, 'lambda_val': 3.412193516594044e-05, 'batch_size': 1499, 'optimizer': 'RMSprop'}. Best is trial 93 with value: 0.08576958513275892.
2026-05-10 21:13:37,786 - optuna.study.study - INFO - Trial 94 finished with value: 0.07460711642777848 and parameters: {'n_layers': 1, 'embedding_dim': 128, 'lr': 0.0002466650694725684, 'lambda_val': 3.268494969051888e-05, 'batch_size': 1524, 'optimizer': 'RMSprop'}. Best is trial 93 with value: 0.08576958513275892.
2026-05-10 21:14:07,174 - optuna.study.study - INFO - Trial 95 finished with value: 0.06651706828240911 and parameters: {'n_layers': 1, 'embedding_dim': 128, 'lr': 0.00024829477469542156, 'lambda_val': 3.5185540140587825e-05, 'batch_size': 1482, 'optimizer': 'RMSprop'}. Best is trial 93 with value: 0.08576958513275892.
2026-05-10 21:14:10,932 - optuna.study._optimize - INFO - Trial 96 pruned. 
2026-05-10 21:14:14,599 - optuna.study._optimize - INFO - Trial 97 pruned. 
2026-05-10 21:14:18,625 - optuna.study._optimize - INFO - Trial 98 pruned. 
2026-05-10 21:14:22,723 - optuna.study._optimize - INFO - Trial 99 pruned. 
2026-05-10 21:14:26,611 - optuna.study._optimize - INFO - Trial 100 pruned. 
2026-05-10 21:14:55,488 - optuna.study.study - INFO - Trial 101 finished with value: 0.08391616216490547 and parameters: {'n_layers': 1, 'embedding_dim': 128, 'lr': 0.00020049803278337364, 'lambda_val': 1.804480037689895e-05, 'batch_size': 1331, 'optimizer': 'RMSprop'}. Best is trial 93 with value: 0.08576958513275892.
2026-05-10 21:14:59,385 - optuna.study._optimize - INFO - Trial 102 pruned. 
2026-05-10 21:15:03,284 - optuna.study._optimize - INFO - Trial 103 pruned. 
2026-05-10 21:15:32,205 - optuna.study.study - INFO - Trial 104 finished with value: 0.06549649648309025 and parameters: {'n_layers': 1, 'embedding_dim': 128, 'lr': 0.00031843028859057947, 'lambda_val': 3.493110713708492e-05, 'batch_size': 1617, 'optimizer': 'RMSprop'}. Best is trial 93 with value: 0.08576958513275892.
2026-05-10 21:16:00,964 - optuna.study.study - INFO - Trial 105 finished with value: 0.062222580469573935 and parameters: {'n_layers': 1, 'embedding_dim': 128, 'lr': 0.0004927186403808158, 'lambda_val': 7.273522183598751e-06, 'batch_size': 1359, 'optimizer': 'RMSprop'}. Best is trial 93 with value: 0.08576958513275892.
2026-05-10 21:16:05,406 - optuna.study._optimize - INFO - Trial 106 pruned. 
2026-05-10 21:16:09,239 - optuna.study._optimize - INFO - Trial 107 pruned. 
2026-05-10 21:16:36,881 - optuna.study.study - INFO - Trial 108 finished with value: 0.07170662450388454 and parameters: {'n_layers': 1, 'embedding_dim': 96, 'lr': 0.0003701273792106666, 'lambda_val': 1.8504162197491177e-05, 'batch_size': 1067, 'optimizer': 'RMSprop'}. Best is trial 93 with value: 0.08576958513275892.
2026-05-10 21:16:40,524 - optuna.study._optimize - INFO - Trial 109 pruned. 
2026-05-10 21:17:09,889 - optuna.study.study - INFO - Trial 110 finished with value: 0.05779305998581201 and parameters: {'n_layers': 1, 'embedding_dim': 128, 'lr': 0.0007939508727193631, 'lambda_val': 2.7902299215986015e-05, 'batch_size': 1285, 'optimizer': 'RMSprop'}. Best is trial 93 with value: 0.08576958513275892.
2026-05-10 21:17:14,427 - optuna.study._optimize - INFO - Trial 111 pruned. 
2026-05-10 21:17:42,762 - optuna.study.study - INFO - Trial 112 finished with value: 0.07538078914431004 and parameters: {'n_layers': 1, 'embedding_dim': 128, 'lr': 0.0003032968691519079, 'lambda_val': 0.00010776253665876897, 'batch_size': 1312, 'optimizer': 'RMSprop'}. Best is trial 93 with value: 0.08576958513275892.
2026-05-10 21:17:46,815 - optuna.study._optimize - INFO - Trial 113 pruned. 
2026-05-10 21:18:15,319 - optuna.study.study - INFO - Trial 114 finished with value: 0.06384128539907817 and parameters: {'n_layers': 1, 'embedding_dim': 128, 'lr': 0.0002887007861276922, 'lambda_val': 0.0001324523637653514, 'batch_size': 1348, 'optimizer': 'RMSprop'}. Best is trial 93 with value: 0.08576958513275892.
2026-05-10 21:18:44,729 - optuna.study.study - INFO - Trial 115 finished with value: 0.054807770019322855 and parameters: {'n_layers': 1, 'embedding_dim': 128, 'lr': 0.0005903607898620512, 'lambda_val': 5.644338229860066e-05, 'batch_size': 1236, 'optimizer': 'RMSprop'}. Best is trial 93 with value: 0.08576958513275892.
2026-05-10 21:19:14,102 - optuna.study.study - INFO - Trial 116 finished with value: 0.09662026787757332 and parameters: {'n_layers': 1, 'embedding_dim': 128, 'lr': 0.00023719105328137702, 'lambda_val': 7.362302205236857e-05, 'batch_size': 1480, 'optimizer': 'RMSprop'}. Best is trial 116 with value: 0.09662026787757332.
2026-05-10 21:19:19,023 - optuna.study._optimize - INFO - Trial 117 pruned. 
2026-05-10 21:19:22,667 - optuna.study._optimize - INFO - Trial 118 pruned. 
2026-05-10 21:19:26,953 - optuna.study._optimize - INFO - Trial 119 pruned. 
2026-05-10 21:19:56,255 - optuna.study.study - INFO - Trial 120 finished with value: 0.07541488730500405 and parameters: {'n_layers': 1, 'embedding_dim': 128, 'lr': 0.00020886088399684185, 'lambda_val': 4.182420743033314e-05, 'batch_size': 817, 'optimizer': 'RMSprop'}. Best is trial 116 with value: 0.09662026787757332.
2026-05-10 21:20:00,268 - optuna.study._optimize - INFO - Trial 121 pruned. 
2026-05-10 21:20:29,786 - optuna.study.study - INFO - Trial 122 finished with value: 0.09755622333039767 and parameters: {'n_layers': 1, 'embedding_dim': 128, 'lr': 0.00020409673968076352, 'lambda_val': 2.3446964765857398e-05, 'batch_size': 794, 'optimizer': 'RMSprop'}. Best is trial 122 with value: 0.09755622333039767.
2026-05-10 21:20:33,694 - optuna.study._optimize - INFO - Trial 123 pruned. 
2026-05-10 21:20:37,405 - optuna.study._optimize - INFO - Trial 124 pruned. 
2026-05-10 21:20:41,280 - optuna.study._optimize - INFO - Trial 125 pruned. 
2026-05-10 21:20:47,820 - optuna.study._optimize - INFO - Trial 126 pruned. 
2026-05-10 21:21:17,240 - optuna.study.study - INFO - Trial 127 finished with value: 0.09010658777027682 and parameters: {'n_layers': 1, 'embedding_dim': 128, 'lr': 0.0002522150807436015, 'lambda_val': 4.939379999410376e-05, 'batch_size': 604, 'optimizer': 'RMSprop'}. Best is trial 122 with value: 0.09755622333039767.
2026-05-10 21:21:44,266 - optuna.study.study - INFO - Trial 128 finished with value: 0.07884672383287737 and parameters: {'n_layers': 1, 'embedding_dim': 64, 'lr': 0.00026433697522434334, 'lambda_val': 5.412551769611232e-05, 'batch_size': 983, 'optimizer': 'RMSprop'}. Best is trial 122 with value: 0.09755622333039767.
2026-05-10 21:22:17,306 - optuna.study.study - INFO - Trial 129 finished with value: 0.07314254450989359 and parameters: {'n_layers': 1, 'embedding_dim': 64, 'lr': 0.00026798104914471177, 'lambda_val': 6.232859790484081e-05, 'batch_size': 999, 'optimizer': 'RMSprop'}. Best is trial 122 with value: 0.09755622333039767.
2026-05-10 21:22:44,817 - optuna.study.study - INFO - Trial 130 finished with value: 0.07459308645499993 and parameters: {'n_layers': 1, 'embedding_dim': 64, 'lr': 0.0003811557263868966, 'lambda_val': 9.972375697802902e-06, 'batch_size': 628, 'optimizer': 'RMSprop'}. Best is trial 122 with value: 0.09755622333039767.
2026-05-10 21:22:49,145 - optuna.study._optimize - INFO - Trial 131 pruned. 
2026-05-10 21:22:52,988 - optuna.study._optimize - INFO - Trial 132 pruned. 
2026-05-10 21:23:21,841 - optuna.study.study - INFO - Trial 133 finished with value: 0.09210699108832808 and parameters: {'n_layers': 1, 'embedding_dim': 128, 'lr': 0.00022179833600537768, 'lambda_val': 8.585683375221588e-05, 'batch_size': 765, 'optimizer': 'RMSprop'}. Best is trial 122 with value: 0.09755622333039767.
2026-05-10 21:23:50,979 - optuna.study.study - INFO - Trial 134 finished with value: 0.0840816735284625 and parameters: {'n_layers': 1, 'embedding_dim': 128, 'lr': 0.00033781744318520514, 'lambda_val': 8.304156409058477e-05, 'batch_size': 764, 'optimizer': 'RMSprop'}. Best is trial 122 with value: 0.09755622333039767.
2026-05-10 21:24:18,557 - optuna.study.study - INFO - Trial 135 finished with value: 0.0663520118530322 and parameters: {'n_layers': 1, 'embedding_dim': 64, 'lr': 0.0004648965150208585, 'lambda_val': 7.031409350771185e-05, 'batch_size': 740, 'optimizer': 'RMSprop'}. Best is trial 122 with value: 0.09755622333039767.
2026-05-10 21:24:22,591 - optuna.study._optimize - INFO - Trial 136 pruned. 
2026-05-10 21:24:26,603 - optuna.study._optimize - INFO - Trial 137 pruned. 
2026-05-10 21:24:55,843 - optuna.study.study - INFO - Trial 138 finished with value: 0.07654626193601781 and parameters: {'n_layers': 1, 'embedding_dim': 128, 'lr': 0.00029162997583473166, 'lambda_val': 5.438707382288245e-05, 'batch_size': 850, 'optimizer': 'RMSprop'}. Best is trial 122 with value: 0.09755622333039767.
2026-05-10 21:25:24,540 - optuna.study.study - INFO - Trial 139 finished with value: 0.06946262809917665 and parameters: {'n_layers': 1, 'embedding_dim': 128, 'lr': 0.00038048262675688583, 'lambda_val': 2.7834215112322477e-05, 'batch_size': 514, 'optimizer': 'RMSprop'}. Best is trial 122 with value: 0.09755622333039767.
2026-05-10 21:25:54,215 - optuna.study.study - INFO - Trial 140 finished with value: 0.09263844065442027 and parameters: {'n_layers': 1, 'embedding_dim': 128, 'lr': 0.00023309811893761068, 'lambda_val': 1.5734307179845222e-05, 'batch_size': 765, 'optimizer': 'RMSprop'}. Best is trial 122 with value: 0.09755622333039767.
2026-05-10 21:26:23,792 - optuna.study.study - INFO - Trial 141 finished with value: 0.07748678979036445 and parameters: {'n_layers': 1, 'embedding_dim': 128, 'lr': 0.00023008475098445906, 'lambda_val': 1.533046364055729e-05, 'batch_size': 728, 'optimizer': 'RMSprop'}. Best is trial 122 with value: 0.09755622333039767.
2026-05-10 21:26:27,647 - optuna.study._optimize - INFO - Trial 142 pruned. 
2026-05-10 21:26:57,523 - optuna.study.study - INFO - Trial 143 finished with value: 0.08955173469899574 and parameters: {'n_layers': 1, 'embedding_dim': 128, 'lr': 0.0002484905172138813, 'lambda_val': 1.505402514452543e-05, 'batch_size': 598, 'optimizer': 'RMSprop'}. Best is trial 122 with value: 0.09755622333039767.
2026-05-10 21:27:26,245 - optuna.study.study - INFO - Trial 144 finished with value: 0.07212078401853818 and parameters: {'n_layers': 1, 'embedding_dim': 128, 'lr': 0.0004984012604660783, 'lambda_val': 1.3461552192704976e-05, 'batch_size': 598, 'optimizer': 'RMSprop'}. Best is trial 122 with value: 0.09755622333039767.
2026-05-10 21:27:55,726 - optuna.study.study - INFO - Trial 145 finished with value: 0.08148067812154493 and parameters: {'n_layers': 1, 'embedding_dim': 128, 'lr': 0.0002818038796551601, 'lambda_val': 2.0792055927203935e-05, 'batch_size': 797, 'optimizer': 'RMSprop'}. Best is trial 122 with value: 0.09755622333039767.
2026-05-10 21:28:00,509 - optuna.study._optimize - INFO - Trial 146 pruned. 
2026-05-10 21:28:04,420 - optuna.study._optimize - INFO - Trial 147 pruned. 
2026-05-10 21:28:33,180 - optuna.study.study - INFO - Trial 148 finished with value: 0.09060891129551299 and parameters: {'n_layers': 1, 'embedding_dim': 128, 'lr': 0.0002358625145526133, 'lambda_val': 7.547728121734526e-06, 'batch_size': 657, 'optimizer': 'RMSprop'}. Best is trial 122 with value: 0.09755622333039767.
2026-05-10 21:28:38,549 - optuna.study._optimize - INFO - Trial 149 pruned. 
2026-05-10 21:28:42,361 - optuna.study._optimize - INFO - Trial 150 pruned. 
2026-05-10 21:28:46,193 - optuna.study._optimize - INFO - Trial 151 pruned. 
2026-05-10 21:29:15,315 - optuna.study.study - INFO - Trial 152 finished with value: 0.09806993337181102 and parameters: {'n_layers': 1, 'embedding_dim': 128, 'lr': 0.00024490472384777333, 'lambda_val': 1.242432707411273e-05, 'batch_size': 959, 'optimizer': 'RMSprop'}. Best is trial 152 with value: 0.09806993337181102.
2026-05-10 21:29:19,293 - optuna.study._optimize - INFO - Trial 153 pruned. 
2026-05-10 21:29:48,101 - optuna.study.study - INFO - Trial 154 finished with value: 0.07248016218414499 and parameters: {'n_layers': 1, 'embedding_dim': 128, 'lr': 0.0004166554858794985, 'lambda_val': 4.861501959454442e-06, 'batch_size': 789, 'optimizer': 'RMSprop'}. Best is trial 152 with value: 0.09806993337181102.
2026-05-10 21:30:16,924 - optuna.study.study - INFO - Trial 155 finished with value: 0.07534846465318983 and parameters: {'n_layers': 1, 'embedding_dim': 128, 'lr': 0.00023059365571005187, 'lambda_val': 1.2361709544284592e-05, 'batch_size': 926, 'optimizer': 'RMSprop'}. Best is trial 152 with value: 0.09806993337181102.
2026-05-10 21:30:21,213 - optuna.study._optimize - INFO - Trial 156 pruned. 
2026-05-10 21:30:49,655 - optuna.study.study - INFO - Trial 157 finished with value: 0.08497448880003174 and parameters: {'n_layers': 1, 'embedding_dim': 128, 'lr': 0.0003401003573880389, 'lambda_val': 1.3447217266383224e-05, 'batch_size': 690, 'optimizer': 'RMSprop'}. Best is trial 152 with value: 0.09806993337181102.
2026-05-10 21:30:53,785 - optuna.study._optimize - INFO - Trial 158 pruned. 
2026-05-10 21:30:57,198 - optuna.study._optimize - INFO - Trial 159 pruned. 
2026-05-10 21:31:27,943 - optuna.study.study - INFO - Trial 160 finished with value: 0.07793755212981604 and parameters: {'n_layers': 1, 'embedding_dim': 128, 'lr': 0.00031729088206544506, 'lambda_val': 5.861150751672529e-06, 'batch_size': 621, 'optimizer': 'RMSprop'}. Best is trial 152 with value: 0.09806993337181102.
2026-05-10 21:31:58,170 - optuna.study.study - INFO - Trial 161 finished with value: 0.07231550155658659 and parameters: {'n_layers': 1, 'embedding_dim': 128, 'lr': 0.0003640385408090005, 'lambda_val': 1.9040591394362325e-05, 'batch_size': 838, 'optimizer': 'RMSprop'}. Best is trial 152 with value: 0.09806993337181102.
2026-05-10 21:32:29,424 - optuna.study.study - INFO - Trial 162 finished with value: 0.09301555427058245 and parameters: {'n_layers': 1, 'embedding_dim': 128, 'lr': 0.0002631113086832867, 'lambda_val': 2.900403150260897e-05, 'batch_size': 588, 'optimizer': 'RMSprop'}. Best is trial 152 with value: 0.09806993337181102.
2026-05-10 21:33:10,797 - optuna.study.study - INFO - Trial 163 finished with value: 0.055352395679344135 and parameters: {'n_layers': 1, 'embedding_dim': 128, 'lr': 0.00025328346492128835, 'lambda_val': 0.007163182563332581, 'batch_size': 685, 'optimizer': 'RMSprop'}. Best is trial 152 with value: 0.09806993337181102.
2026-05-10 21:33:15,026 - optuna.study._optimize - INFO - Trial 164 pruned. 
2026-05-10 21:33:19,209 - optuna.study._optimize - INFO - Trial 165 pruned. 
2026-05-10 21:33:22,881 - optuna.study._optimize - INFO - Trial 166 pruned. 
2026-05-10 21:33:30,041 - optuna.study._optimize - INFO - Trial 167 pruned. 
2026-05-10 21:34:03,279 - optuna.study.study - INFO - Trial 168 finished with value: 0.06309482358577012 and parameters: {'n_layers': 1, 'embedding_dim': 128, 'lr': 0.0004554308845262104, 'lambda_val': 1.6987294078213118e-05, 'batch_size': 874, 'optimizer': 'RMSprop'}. Best is trial 152 with value: 0.09806993337181102.
2026-05-10 21:34:58,719 - optuna.study.study - INFO - Trial 169 finished with value: 0.09556574075505271 and parameters: {'n_layers': 1, 'embedding_dim': 128, 'lr': 0.0002479532761220892, 'lambda_val': 2.621394632680147e-05, 'batch_size': 515, 'optimizer': 'RMSprop'}. Best is trial 152 with value: 0.09806993337181102.
2026-05-10 21:35:07,995 - optuna.study._optimize - INFO - Trial 170 pruned. 
2026-05-10 21:35:11,815 - optuna.study._optimize - INFO - Trial 171 pruned. 
2026-05-10 21:35:16,538 - optuna.study._optimize - INFO - Trial 172 pruned. 
2026-05-10 21:35:21,303 - optuna.study._optimize - INFO - Trial 173 pruned. 
2026-05-10 21:35:25,013 - optuna.study._optimize - INFO - Trial 174 pruned. 
2026-05-10 21:35:55,780 - optuna.study.study - INFO - Trial 175 finished with value: 0.08503037250021311 and parameters: {'n_layers': 1, 'embedding_dim': 128, 'lr': 0.00028512987259411883, 'lambda_val': 2.033786494026691e-05, 'batch_size': 723, 'optimizer': 'RMSprop'}. Best is trial 152 with value: 0.09806993337181102.
2026-05-10 21:36:00,112 - optuna.study._optimize - INFO - Trial 176 pruned. 
2026-05-10 21:36:30,349 - optuna.study.study - INFO - Trial 177 finished with value: 0.07754254835894743 and parameters: {'n_layers': 1, 'embedding_dim': 128, 'lr': 0.0003939531081396773, 'lambda_val': 8.342497691635468e-05, 'batch_size': 581, 'optimizer': 'RMSprop'}. Best is trial 152 with value: 0.09806993337181102.
2026-05-10 21:36:34,065 - optuna.study._optimize - INFO - Trial 178 pruned. 
2026-05-10 21:37:05,317 - optuna.study.study - INFO - Trial 179 finished with value: 0.07399087981885538 and parameters: {'n_layers': 1, 'embedding_dim': 128, 'lr': 0.0003419414593997461, 'lambda_val': 3.832496000811868e-05, 'batch_size': 842, 'optimizer': 'RMSprop'}. Best is trial 152 with value: 0.09806993337181102.
2026-05-10 21:37:35,094 - optuna.study.study - INFO - Trial 180 finished with value: 0.07771767160793029 and parameters: {'n_layers': 1, 'embedding_dim': 128, 'lr': 0.0005775055477564462, 'lambda_val': 0.00012557261478843287, 'batch_size': 527, 'optimizer': 'RMSprop'}. Best is trial 152 with value: 0.09806993337181102.
2026-05-10 21:38:04,361 - optuna.study.study - INFO - Trial 181 finished with value: 0.08645990424871018 and parameters: {'n_layers': 1, 'embedding_dim': 128, 'lr': 0.0002699268573839568, 'lambda_val': 1.9104309736520817e-05, 'batch_size': 772, 'optimizer': 'RMSprop'}. Best is trial 152 with value: 0.09806993337181102.
2026-05-10 21:38:08,321 - optuna.study._optimize - INFO - Trial 182 pruned. 
2026-05-10 21:38:13,133 - optuna.study._optimize - INFO - Trial 183 pruned. 
2026-05-10 21:38:17,048 - optuna.study._optimize - INFO - Trial 184 pruned. 
2026-05-10 21:38:45,839 - optuna.study.study - INFO - Trial 185 finished with value: 0.09342018081073214 and parameters: {'n_layers': 1, 'embedding_dim': 128, 'lr': 0.00024805140473361625, 'lambda_val': 1.0718530566015574e-05, 'batch_size': 696, 'optimizer': 'RMSprop'}. Best is trial 152 with value: 0.09806993337181102.
2026-05-10 21:39:14,513 - optuna.study.study - INFO - Trial 186 finished with value: 0.08342270159869332 and parameters: {'n_layers': 1, 'embedding_dim': 128, 'lr': 0.00024058906904223497, 'lambda_val': 6.402137797770923e-06, 'batch_size': 775, 'optimizer': 'RMSprop'}. Best is trial 152 with value: 0.09806993337181102.
2026-05-10 21:39:18,447 - optuna.study._optimize - INFO - Trial 187 pruned. 
2026-05-10 21:39:48,260 - optuna.study.study - INFO - Trial 188 finished with value: 0.08533391055050628 and parameters: {'n_layers': 1, 'embedding_dim': 128, 'lr': 0.00027206669080045347, 'lambda_val': 1.509015520004749e-05, 'batch_size': 859, 'optimizer': 'RMSprop'}. Best is trial 152 with value: 0.09806993337181102.
2026-05-10 21:39:53,002 - optuna.study._optimize - INFO - Trial 189 pruned. 
2026-05-10 21:39:56,682 - optuna.study._optimize - INFO - Trial 190 pruned. 
2026-05-10 21:40:01,701 - optuna.study._optimize - INFO - Trial 191 pruned. 
2026-05-10 21:40:29,905 - optuna.study.study - INFO - Trial 192 finished with value: 0.08635022245995712 and parameters: {'n_layers': 1, 'embedding_dim': 128, 'lr': 0.00025432523315667806, 'lambda_val': 1.6752639446397167e-05, 'batch_size': 623, 'optimizer': 'RMSprop'}. Best is trial 152 with value: 0.09806993337181102.
2026-05-10 21:40:58,439 - optuna.study.study - INFO - Trial 193 finished with value: 0.092641133875941 and parameters: {'n_layers': 1, 'embedding_dim': 128, 'lr': 0.0002593994629198331, 'lambda_val': 1.0064587722381025e-05, 'batch_size': 622, 'optimizer': 'RMSprop'}. Best is trial 152 with value: 0.09806993337181102.
2026-05-10 21:41:02,394 - optuna.study._optimize - INFO - Trial 194 pruned. 
2026-05-10 21:41:07,388 - optuna.study._optimize - INFO - Trial 195 pruned. 
2026-05-10 21:41:11,862 - optuna.study._optimize - INFO - Trial 196 pruned. 
2026-05-10 21:41:41,112 - optuna.study.study - INFO - Trial 197 finished with value: 0.11016358673472489 and parameters: {'n_layers': 1, 'embedding_dim': 128, 'lr': 0.00023242230831577263, 'lambda_val': 1.447176289706694e-05, 'batch_size': 639, 'optimizer': 'RMSprop'}. Best is trial 197 with value: 0.11016358673472489.
2026-05-10 21:41:44,983 - optuna.study._optimize - INFO - Trial 198 pruned. 
2026-05-10 21:41:49,101 - optuna.study._optimize - INFO - Trial 199 pruned. 
2026-05-10 21:42:11,665 - root - INFO -   **** Training e_100K_1c1dcs_rand1
2026-05-10 21:42:11,675 - root - INFO -   **** Getting 53072/65410 random edges
2026-05-10 21:42:12,388 - optuna.storages._rdb.storage - INFO - A new study created in RDB with name: Study_e_100K_1c1dcs_rand1
2026-05-10 21:42:47,389 - optuna.study.study - INFO - Trial 0 finished with value: 0.01683506208902641 and parameters: {'n_layers': 3, 'embedding_dim': 96, 'lr': 0.0438509189588182, 'lambda_val': 4.227835573322746e-06, 'batch_size': 1937, 'optimizer': 'Adam'}. Best is trial 0 with value: 0.01683506208902641.
2026-05-10 21:43:19,548 - optuna.study.study - INFO - Trial 1 finished with value: 0.025794649083914052 and parameters: {'n_layers': 2, 'embedding_dim': 64, 'lr': 0.0016386342853379901, 'lambda_val': 1.8377244797882609e-06, 'batch_size': 3282, 'optimizer': 'Adam'}. Best is trial 1 with value: 0.025794649083914052.
2026-05-10 21:44:04,395 - optuna.study.study - INFO - Trial 2 finished with value: 0.001766432068550427 and parameters: {'n_layers': 4, 'embedding_dim': 128, 'lr': 0.019444117614449415, 'lambda_val': 0.08454082824398637, 'batch_size': 2526, 'optimizer': 'Adam'}. Best is trial 1 with value: 0.025794649083914052.
2026-05-10 21:44:32,670 - optuna.study.study - INFO - Trial 3 finished with value: 0.0022112540686966132 and parameters: {'n_layers': 2, 'embedding_dim': 64, 'lr': 0.007479462078763754, 'lambda_val': 0.011929234850526877, 'batch_size': 2167, 'optimizer': 'SGD'}. Best is trial 1 with value: 0.025794649083914052.
2026-05-10 21:45:01,857 - optuna.study.study - INFO - Trial 4 finished with value: 0.04328375266150077 and parameters: {'n_layers': 1, 'embedding_dim': 128, 'lr': 0.0014413276779634762, 'lambda_val': 8.32894232926135e-05, 'batch_size': 2260, 'optimizer': 'RMSprop'}. Best is trial 4 with value: 0.04328375266150077.
2026-05-10 21:46:07,789 - optuna.study.study - INFO - Trial 5 finished with value: 0.014614623850758734 and parameters: {'n_layers': 4, 'embedding_dim': 256, 'lr': 0.00030730845219844964, 'lambda_val': 2.3709977482716787e-06, 'batch_size': 3858, 'optimizer': 'RMSprop'}. Best is trial 4 with value: 0.04328375266150077.
2026-05-10 21:46:12,869 - optuna.study._optimize - INFO - Trial 6 pruned. 
2026-05-10 21:46:16,778 - optuna.study._optimize - INFO - Trial 7 pruned. 
2026-05-10 21:46:21,208 - optuna.study._optimize - INFO - Trial 8 pruned. 
2026-05-10 21:46:48,086 - optuna.study.study - INFO - Trial 9 finished with value: 0.043285911662571876 and parameters: {'n_layers': 1, 'embedding_dim': 32, 'lr': 0.009211958438878303, 'lambda_val': 0.0003679197725100027, 'batch_size': 1844, 'optimizer': 'RMSprop'}. Best is trial 9 with value: 0.043285911662571876.
2026-05-10 21:47:14,775 - optuna.study.study - INFO - Trial 10 finished with value: 0.11877962521025955 and parameters: {'n_layers': 1, 'embedding_dim': 32, 'lr': 0.00013467055761828147, 'lambda_val': 0.00020635794913070017, 'batch_size': 1541, 'optimizer': 'RMSprop'}. Best is trial 10 with value: 0.11877962521025955.
2026-05-10 21:47:18,210 - optuna.study._optimize - INFO - Trial 11 pruned. 
2026-05-10 21:47:21,877 - optuna.study._optimize - INFO - Trial 12 pruned. 
2026-05-10 21:47:27,278 - optuna.study._optimize - INFO - Trial 13 pruned. 
2026-05-10 21:47:53,541 - optuna.study.study - INFO - Trial 14 finished with value: 0.05035131514233836 and parameters: {'n_layers': 1, 'embedding_dim': 32, 'lr': 0.006809329089260379, 'lambda_val': 0.0010380925381505651, 'batch_size': 1346, 'optimizer': 'RMSprop'}. Best is trial 10 with value: 0.11877962521025955.
2026-05-10 21:48:20,112 - optuna.study.study - INFO - Trial 15 finished with value: 0.09069225386808356 and parameters: {'n_layers': 1, 'embedding_dim': 32, 'lr': 0.00020343215992651238, 'lambda_val': 0.0013760510132485376, 'batch_size': 1195, 'optimizer': 'RMSprop'}. Best is trial 10 with value: 0.11877962521025955.
2026-05-10 21:48:24,268 - optuna.study._optimize - INFO - Trial 16 pruned. 
2026-05-10 21:48:52,430 - optuna.study.study - INFO - Trial 17 finished with value: 0.02387599191310852 and parameters: {'n_layers': 2, 'embedding_dim': 32, 'lr': 0.000431805459054659, 'lambda_val': 0.0019103899113147077, 'batch_size': 1244, 'optimizer': 'RMSprop'}. Best is trial 10 with value: 0.11877962521025955.
2026-05-10 21:48:56,753 - optuna.study._optimize - INFO - Trial 18 pruned. 
2026-05-10 21:49:00,563 - optuna.study._optimize - INFO - Trial 19 pruned. 
2026-05-10 21:49:04,594 - optuna.study._optimize - INFO - Trial 20 pruned. 
2026-05-10 21:49:32,295 - optuna.study.study - INFO - Trial 21 finished with value: 0.038422690696174794 and parameters: {'n_layers': 1, 'embedding_dim': 32, 'lr': 0.0042120244472673, 'lambda_val': 0.00069224265587367, 'batch_size': 1315, 'optimizer': 'RMSprop'}. Best is trial 10 with value: 0.11877962521025955.
2026-05-10 21:50:00,633 - optuna.study.study - INFO - Trial 22 finished with value: 0.040241261055594724 and parameters: {'n_layers': 1, 'embedding_dim': 32, 'lr': 0.0006103003479648456, 'lambda_val': 0.0020911288096904673, 'batch_size': 1943, 'optimizer': 'RMSprop'}. Best is trial 10 with value: 0.11877962521025955.
2026-05-10 21:50:05,288 - optuna.study._optimize - INFO - Trial 23 pruned. 
2026-05-10 21:50:09,692 - optuna.study._optimize - INFO - Trial 24 pruned. 
2026-05-10 21:50:14,062 - optuna.study._optimize - INFO - Trial 25 pruned. 
2026-05-10 21:50:46,005 - optuna.study.study - INFO - Trial 26 finished with value: 0.020878476131890922 and parameters: {'n_layers': 2, 'embedding_dim': 32, 'lr': 0.0010273634147790782, 'lambda_val': 0.00028796478207828336, 'batch_size': 1259, 'optimizer': 'RMSprop'}. Best is trial 10 with value: 0.11877962521025955.
2026-05-10 21:51:12,144 - optuna.study.study - INFO - Trial 27 finished with value: 0.024432522537938595 and parameters: {'n_layers': 1, 'embedding_dim': 32, 'lr': 0.00024671289227652275, 'lambda_val': 0.032989401508249167, 'batch_size': 1750, 'optimizer': 'RMSprop'}. Best is trial 10 with value: 0.11877962521025955.
2026-05-10 21:51:16,129 - optuna.study._optimize - INFO - Trial 28 pruned. 
2026-05-10 21:51:20,215 - optuna.study._optimize - INFO - Trial 29 pruned. 
2026-05-10 21:51:24,732 - optuna.study._optimize - INFO - Trial 30 pruned. 
2026-05-10 21:51:51,176 - optuna.study.study - INFO - Trial 31 finished with value: 0.04597502454393779 and parameters: {'n_layers': 1, 'embedding_dim': 32, 'lr': 0.01133391331844492, 'lambda_val': 0.0003887807754126641, 'batch_size': 1763, 'optimizer': 'RMSprop'}. Best is trial 10 with value: 0.11877962521025955.
2026-05-10 21:52:17,441 - optuna.study.study - INFO - Trial 32 finished with value: 0.052964784891661815 and parameters: {'n_layers': 1, 'embedding_dim': 32, 'lr': 0.010898187998405383, 'lambda_val': 0.0013248584774312642, 'batch_size': 1443, 'optimizer': 'RMSprop'}. Best is trial 10 with value: 0.11877962521025955.
2026-05-10 21:52:43,886 - optuna.study.study - INFO - Trial 33 finished with value: 0.0614509695604625 and parameters: {'n_layers': 1, 'embedding_dim': 64, 'lr': 0.0022873107822237873, 'lambda_val': 0.0013048030483873534, 'batch_size': 1339, 'optimizer': 'RMSprop'}. Best is trial 10 with value: 0.11877962521025955.
2026-05-10 21:52:48,498 - optuna.study._optimize - INFO - Trial 34 pruned. 
2026-05-10 21:53:15,165 - optuna.study.study - INFO - Trial 35 finished with value: 0.0643744545139022 and parameters: {'n_layers': 1, 'embedding_dim': 64, 'lr': 0.002152485081498953, 'lambda_val': 0.004316980067432304, 'batch_size': 2119, 'optimizer': 'Adam'}. Best is trial 10 with value: 0.11877962521025955.
2026-05-10 21:53:41,791 - optuna.study.study - INFO - Trial 36 finished with value: 0.04610977119154229 and parameters: {'n_layers': 1, 'embedding_dim': 64, 'lr': 0.0008503099779138406, 'lambda_val': 0.005151208407938145, 'batch_size': 2110, 'optimizer': 'Adam'}. Best is trial 10 with value: 0.11877962521025955.
2026-05-10 21:53:45,775 - optuna.study._optimize - INFO - Trial 37 pruned. 
2026-05-10 21:54:14,322 - optuna.study.study - INFO - Trial 38 finished with value: 0.06737531282666641 and parameters: {'n_layers': 1, 'embedding_dim': 64, 'lr': 0.002553468696932316, 'lambda_val': 0.003431849995808269, 'batch_size': 2343, 'optimizer': 'Adam'}. Best is trial 10 with value: 0.11877962521025955.
2026-05-10 21:54:18,685 - optuna.study._optimize - INFO - Trial 39 pruned. 
2026-05-10 21:54:53,445 - optuna.study.study - INFO - Trial 40 finished with value: 0.032766291021869745 and parameters: {'n_layers': 2, 'embedding_dim': 128, 'lr': 0.0011572542297142066, 'lambda_val': 0.0033098301835921737, 'batch_size': 3130, 'optimizer': 'Adam'}. Best is trial 10 with value: 0.11877962521025955.
2026-05-10 21:55:21,456 - optuna.study.study - INFO - Trial 41 finished with value: 0.056879024601085196 and parameters: {'n_layers': 1, 'embedding_dim': 64, 'lr': 0.002559537213329727, 'lambda_val': 0.009107583383293035, 'batch_size': 2396, 'optimizer': 'Adam'}. Best is trial 10 with value: 0.11877962521025955.
2026-05-10 21:55:47,763 - optuna.study.study - INFO - Trial 42 finished with value: 0.05773998270573092 and parameters: {'n_layers': 1, 'embedding_dim': 64, 'lr': 0.0021830238938662138, 'lambda_val': 0.0070243034917934, 'batch_size': 2279, 'optimizer': 'Adam'}. Best is trial 10 with value: 0.11877962521025955.
2026-05-10 21:56:15,671 - optuna.study.study - INFO - Trial 43 finished with value: 0.05163061430077344 and parameters: {'n_layers': 1, 'embedding_dim': 64, 'lr': 0.0007264064115096364, 'lambda_val': 0.00044918792051380747, 'batch_size': 1977, 'optimizer': 'Adam'}. Best is trial 10 with value: 0.11877962521025955.
2026-05-10 21:56:43,709 - optuna.study.study - INFO - Trial 44 finished with value: 0.057714279537746944 and parameters: {'n_layers': 1, 'embedding_dim': 64, 'lr': 0.0016453161970415684, 'lambda_val': 0.0032704417062756072, 'batch_size': 2659, 'optimizer': 'Adam'}. Best is trial 10 with value: 0.11877962521025955.
2026-05-10 21:56:48,042 - optuna.study._optimize - INFO - Trial 45 pruned. 
2026-05-10 21:57:14,192 - optuna.study.study - INFO - Trial 46 finished with value: 0.04534351558414352 and parameters: {'n_layers': 1, 'embedding_dim': 64, 'lr': 0.0014371573979377337, 'lambda_val': 0.00027229287683230445, 'batch_size': 1087, 'optimizer': 'Adam'}. Best is trial 10 with value: 0.11877962521025955.
2026-05-10 21:57:47,989 - optuna.study.study - INFO - Trial 47 finished with value: 0.06916441455819279 and parameters: {'n_layers': 1, 'embedding_dim': 256, 'lr': 0.00038106703412832784, 'lambda_val': 8.223996341338025e-05, 'batch_size': 2223, 'optimizer': 'Adam'}. Best is trial 10 with value: 0.11877962521025955.
2026-05-10 21:58:29,419 - optuna.study.study - INFO - Trial 48 finished with value: 0.036324736042295636 and parameters: {'n_layers': 2, 'embedding_dim': 256, 'lr': 0.00035290402361644845, 'lambda_val': 7.344934307605825e-05, 'batch_size': 2216, 'optimizer': 'Adam'}. Best is trial 10 with value: 0.11877962521025955.
2026-05-10 21:59:04,656 - optuna.study.study - INFO - Trial 49 finished with value: 0.09513578948286645 and parameters: {'n_layers': 1, 'embedding_dim': 256, 'lr': 0.00010148761329822426, 'lambda_val': 6.113039602628951e-06, 'batch_size': 3553, 'optimizer': 'Adam'}. Best is trial 10 with value: 0.11877962521025955.
2026-05-10 21:59:39,468 - optuna.study.study - INFO - Trial 50 finished with value: 0.11089088111194627 and parameters: {'n_layers': 1, 'embedding_dim': 256, 'lr': 8.630267503339122e-05, 'lambda_val': 2.477750623445891e-06, 'batch_size': 3482, 'optimizer': 'Adam'}. Best is trial 10 with value: 0.11877962521025955.
2026-05-10 22:00:15,461 - optuna.study.study - INFO - Trial 51 finished with value: 0.10663704275472502 and parameters: {'n_layers': 1, 'embedding_dim': 256, 'lr': 9.45216878902208e-05, 'lambda_val': 1.2863820911052098e-06, 'batch_size': 3517, 'optimizer': 'Adam'}. Best is trial 10 with value: 0.11877962521025955.
2026-05-10 22:00:51,905 - optuna.study.study - INFO - Trial 52 finished with value: 0.10476234520396725 and parameters: {'n_layers': 1, 'embedding_dim': 256, 'lr': 8.731564900796097e-05, 'lambda_val': 1.0389066931336272e-06, 'batch_size': 3635, 'optimizer': 'Adam'}. Best is trial 10 with value: 0.11877962521025955.
2026-05-10 22:00:56,255 - optuna.study._optimize - INFO - Trial 53 pruned. 
2026-05-10 22:01:00,561 - optuna.study._optimize - INFO - Trial 54 pruned. 
2026-05-10 22:01:04,978 - optuna.study._optimize - INFO - Trial 55 pruned. 
2026-05-10 22:01:09,118 - optuna.study._optimize - INFO - Trial 56 pruned. 
2026-05-10 22:01:44,141 - optuna.study.study - INFO - Trial 57 finished with value: 0.07351766882789516 and parameters: {'n_layers': 1, 'embedding_dim': 256, 'lr': 0.00018888257820556809, 'lambda_val': 6.863588249962292e-06, 'batch_size': 3441, 'optimizer': 'Adam'}. Best is trial 10 with value: 0.11877962521025955.
2026-05-10 22:01:49,243 - optuna.study._optimize - INFO - Trial 58 pruned. 
2026-05-10 22:02:24,818 - optuna.study.study - INFO - Trial 59 finished with value: 0.09077593098182522 and parameters: {'n_layers': 1, 'embedding_dim': 256, 'lr': 0.00010366288309467357, 'lambda_val': 1.5505471593279204e-06, 'batch_size': 3571, 'optimizer': 'Adam'}. Best is trial 10 with value: 0.11877962521025955.
2026-05-10 22:02:32,318 - optuna.study._optimize - INFO - Trial 60 pruned. 
2026-05-10 22:02:36,823 - optuna.study._optimize - INFO - Trial 61 pruned. 
2026-05-10 22:03:12,041 - optuna.study.study - INFO - Trial 62 finished with value: 0.06673688029321526 and parameters: {'n_layers': 1, 'embedding_dim': 256, 'lr': 0.00019685901976897722, 'lambda_val': 1.5898878640272485e-06, 'batch_size': 3472, 'optimizer': 'Adam'}. Best is trial 10 with value: 0.11877962521025955.
2026-05-10 22:03:47,102 - optuna.study.study - INFO - Trial 63 finished with value: 0.09308856995215829 and parameters: {'n_layers': 1, 'embedding_dim': 256, 'lr': 0.00012413572425922233, 'lambda_val': 1.5030212778368143e-05, 'batch_size': 3293, 'optimizer': 'Adam'}. Best is trial 10 with value: 0.11877962521025955.
2026-05-10 22:03:51,351 - optuna.study._optimize - INFO - Trial 64 pruned. 
2026-05-10 22:04:26,993 - optuna.study.study - INFO - Trial 65 finished with value: 0.08320419233290048 and parameters: {'n_layers': 1, 'embedding_dim': 256, 'lr': 0.00012417193724344075, 'lambda_val': 2.572885054682101e-06, 'batch_size': 2941, 'optimizer': 'Adam'}. Best is trial 10 with value: 0.11877962521025955.
2026-05-10 22:05:01,959 - optuna.study.study - INFO - Trial 66 finished with value: 0.11016825585973972 and parameters: {'n_layers': 1, 'embedding_dim': 256, 'lr': 8.734439163445427e-05, 'lambda_val': 5.304563287335515e-06, 'batch_size': 3678, 'optimizer': 'Adam'}. Best is trial 10 with value: 0.11877962521025955.
2026-05-10 22:05:06,275 - optuna.study._optimize - INFO - Trial 67 pruned. 
2026-05-10 22:05:10,601 - optuna.study._optimize - INFO - Trial 68 pruned. 
2026-05-10 22:05:47,023 - optuna.study.study - INFO - Trial 69 finished with value: 0.08381080047339524 and parameters: {'n_layers': 1, 'embedding_dim': 256, 'lr': 0.0001529384070656171, 'lambda_val': 3.322605543999199e-06, 'batch_size': 3243, 'optimizer': 'Adam'}. Best is trial 10 with value: 0.11877962521025955.
2026-05-10 22:06:22,856 - optuna.study.study - INFO - Trial 70 finished with value: 0.07865278107150848 and parameters: {'n_layers': 1, 'embedding_dim': 256, 'lr': 0.0002649808903689204, 'lambda_val': 4.988858547611169e-05, 'batch_size': 3682, 'optimizer': 'Adam'}. Best is trial 10 with value: 0.11877962521025955.
2026-05-10 22:06:58,042 - optuna.study.study - INFO - Trial 71 finished with value: 0.09759829863021809 and parameters: {'n_layers': 1, 'embedding_dim': 256, 'lr': 9.604755479317316e-05, 'lambda_val': 2.529237579917673e-06, 'batch_size': 3581, 'optimizer': 'Adam'}. Best is trial 10 with value: 0.11877962521025955.
2026-05-10 22:07:03,656 - optuna.study._optimize - INFO - Trial 72 pruned. 
2026-05-10 22:07:07,974 - optuna.study._optimize - INFO - Trial 73 pruned. 
2026-05-10 22:07:45,551 - optuna.study.study - INFO - Trial 74 finished with value: 0.07574313502389768 and parameters: {'n_layers': 1, 'embedding_dim': 256, 'lr': 0.00013215556493191119, 'lambda_val': 1.9584354516237676e-05, 'batch_size': 3615, 'optimizer': 'Adam'}. Best is trial 10 with value: 0.11877962521025955.
2026-05-10 22:07:49,880 - optuna.study._optimize - INFO - Trial 75 pruned. 
2026-05-10 22:07:54,198 - optuna.study._optimize - INFO - Trial 76 pruned. 
2026-05-10 22:07:58,338 - optuna.study._optimize - INFO - Trial 77 pruned. 
2026-05-10 22:08:36,400 - optuna.study.study - INFO - Trial 78 finished with value: 0.06851877273952811 and parameters: {'n_layers': 1, 'embedding_dim': 256, 'lr': 0.0005615477905861939, 'lambda_val': 2.2137005569409477e-06, 'batch_size': 3944, 'optimizer': 'Adam'}. Best is trial 10 with value: 0.11877962521025955.
2026-05-10 22:08:40,494 - optuna.study._optimize - INFO - Trial 79 pruned. 
2026-05-10 22:08:44,756 - optuna.study._optimize - INFO - Trial 80 pruned. 
2026-05-10 22:09:20,354 - optuna.study.study - INFO - Trial 81 finished with value: 0.09771490177171517 and parameters: {'n_layers': 1, 'embedding_dim': 256, 'lr': 0.00010350431634417769, 'lambda_val': 1.4132349601162077e-06, 'batch_size': 3649, 'optimizer': 'Adam'}. Best is trial 10 with value: 0.11877962521025955.
2026-05-10 22:09:55,610 - optuna.study.study - INFO - Trial 82 finished with value: 0.08899939452824045 and parameters: {'n_layers': 1, 'embedding_dim': 256, 'lr': 0.00011585036525370422, 'lambda_val': 1.929186068230353e-06, 'batch_size': 3702, 'optimizer': 'Adam'}. Best is trial 10 with value: 0.11877962521025955.
2026-05-10 22:10:30,890 - optuna.study.study - INFO - Trial 83 finished with value: 0.07418437343067572 and parameters: {'n_layers': 1, 'embedding_dim': 256, 'lr': 0.0001608812538986169, 'lambda_val': 1.2999202593569974e-06, 'batch_size': 3646, 'optimizer': 'Adam'}. Best is trial 10 with value: 0.11877962521025955.
2026-05-10 22:11:08,521 - optuna.study.study - INFO - Trial 84 finished with value: 0.06734033186279698 and parameters: {'n_layers': 1, 'embedding_dim': 256, 'lr': 0.0003127537673396049, 'lambda_val': 3.2001964138374e-06, 'batch_size': 3531, 'optimizer': 'Adam'}. Best is trial 10 with value: 0.11877962521025955.
2026-05-10 22:11:12,827 - optuna.study._optimize - INFO - Trial 85 pruned. 
2026-05-10 22:11:45,589 - optuna.study.study - INFO - Trial 86 finished with value: 0.10645149719769587 and parameters: {'n_layers': 1, 'embedding_dim': 256, 'lr': 9.663657435546003e-05, 'lambda_val': 2.50007533191572e-06, 'batch_size': 3796, 'optimizer': 'Adam'}. Best is trial 10 with value: 0.11877962521025955.
2026-05-10 22:11:49,647 - optuna.study._optimize - INFO - Trial 87 pruned. 
2026-05-10 22:12:24,785 - optuna.study.study - INFO - Trial 88 finished with value: 0.1040927693683255 and parameters: {'n_layers': 1, 'embedding_dim': 256, 'lr': 8.897038872999177e-05, 'lambda_val': 1.0181999901819524e-06, 'batch_size': 3947, 'optimizer': 'Adam'}. Best is trial 10 with value: 0.11877962521025955.
2026-05-10 22:12:28,747 - optuna.study._optimize - INFO - Trial 89 pruned. 
2026-05-10 22:12:32,764 - optuna.study._optimize - INFO - Trial 90 pruned. 
2026-05-10 22:13:08,264 - optuna.study.study - INFO - Trial 91 finished with value: 0.08579765681318952 and parameters: {'n_layers': 1, 'embedding_dim': 256, 'lr': 0.00010506060523392691, 'lambda_val': 1.0314676328096613e-06, 'batch_size': 3826, 'optimizer': 'Adam'}. Best is trial 10 with value: 0.11877962521025955.
2026-05-10 22:13:12,690 - optuna.study._optimize - INFO - Trial 92 pruned. 
2026-05-10 22:13:47,890 - optuna.study.study - INFO - Trial 93 finished with value: 0.07740647507743378 and parameters: {'n_layers': 1, 'embedding_dim': 256, 'lr': 0.00016952048519286168, 'lambda_val': 2.926686385075195e-06, 'batch_size': 3499, 'optimizer': 'Adam'}. Best is trial 10 with value: 0.11877962521025955.
2026-05-10 22:14:23,082 - optuna.study.study - INFO - Trial 94 finished with value: 0.06672542035200604 and parameters: {'n_layers': 1, 'embedding_dim': 256, 'lr': 0.00023882464465706506, 'lambda_val': 4.662826107321215e-06, 'batch_size': 3660, 'optimizer': 'Adam'}. Best is trial 10 with value: 0.11877962521025955.
2026-05-10 22:14:27,519 - optuna.study._optimize - INFO - Trial 95 pruned. 
2026-05-10 22:14:32,212 - optuna.study._optimize - INFO - Trial 96 pruned. 
2026-05-10 22:14:36,682 - optuna.study._optimize - INFO - Trial 97 pruned. 
2026-05-10 22:14:41,130 - optuna.study._optimize - INFO - Trial 98 pruned. 
2026-05-10 22:14:46,794 - optuna.study._optimize - INFO - Trial 99 pruned. 
2026-05-10 22:14:52,736 - optuna.study._optimize - INFO - Trial 100 pruned. 
2026-05-10 22:15:27,001 - optuna.study.study - INFO - Trial 101 finished with value: 0.08320364014434653 and parameters: {'n_layers': 1, 'embedding_dim': 256, 'lr': 0.00014191585913336856, 'lambda_val': 1.3355427945629557e-05, 'batch_size': 3047, 'optimizer': 'Adam'}. Best is trial 10 with value: 0.11877962521025955.
2026-05-10 22:15:31,791 - optuna.study._optimize - INFO - Trial 102 pruned. 
2026-05-10 22:16:12,329 - optuna.study.study - INFO - Trial 103 finished with value: 0.08923107880123463 and parameters: {'n_layers': 1, 'embedding_dim': 256, 'lr': 0.00011934576732205938, 'lambda_val': 3.5668742830819908e-06, 'batch_size': 3472, 'optimizer': 'Adam'}. Best is trial 10 with value: 0.11877962521025955.
2026-05-10 22:16:48,090 - optuna.study.study - INFO - Trial 104 finished with value: 0.06899838619801672 and parameters: {'n_layers': 1, 'embedding_dim': 256, 'lr': 0.00016700670238648356, 'lambda_val': 1.4159015408462413e-06, 'batch_size': 3540, 'optimizer': 'Adam'}. Best is trial 10 with value: 0.11877962521025955.
2026-05-10 22:16:52,430 - optuna.study._optimize - INFO - Trial 105 pruned. 
2026-05-10 22:17:29,060 - optuna.study.study - INFO - Trial 106 finished with value: 0.067182540473658 and parameters: {'n_layers': 1, 'embedding_dim': 256, 'lr': 0.00024745168697389377, 'lambda_val': 2.065068135406903e-06, 'batch_size': 3673, 'optimizer': 'Adam'}. Best is trial 10 with value: 0.11877962521025955.
2026-05-10 22:17:33,923 - optuna.study._optimize - INFO - Trial 107 pruned. 
2026-05-10 22:17:38,550 - optuna.study._optimize - INFO - Trial 108 pruned. 
2026-05-10 22:18:15,468 - optuna.study.study - INFO - Trial 109 finished with value: 0.06763908955057313 and parameters: {'n_layers': 1, 'embedding_dim': 256, 'lr': 0.00021643458275887002, 'lambda_val': 8.021943474773977e-06, 'batch_size': 3587, 'optimizer': 'Adam'}. Best is trial 10 with value: 0.11877962521025955.
2026-05-10 22:18:19,705 - optuna.study._optimize - INFO - Trial 110 pruned. 
2026-05-10 22:18:54,834 - optuna.study.study - INFO - Trial 111 finished with value: 0.08807279708559525 and parameters: {'n_layers': 1, 'embedding_dim': 256, 'lr': 0.00011656194443911112, 'lambda_val': 1.6304552373476516e-06, 'batch_size': 3559, 'optimizer': 'Adam'}. Best is trial 10 with value: 0.11877962521025955.
2026-05-10 22:18:59,232 - optuna.study._optimize - INFO - Trial 112 pruned. 
2026-05-10 22:19:03,527 - optuna.study._optimize - INFO - Trial 113 pruned. 
2026-05-10 22:19:41,661 - optuna.study.study - INFO - Trial 114 finished with value: 0.08699288221790195 and parameters: {'n_layers': 1, 'embedding_dim': 256, 'lr': 0.0001444356467548423, 'lambda_val': 2.4738004770809864e-06, 'batch_size': 3308, 'optimizer': 'Adam'}. Best is trial 10 with value: 0.11877962521025955.
2026-05-10 22:19:45,722 - optuna.study._optimize - INFO - Trial 115 pruned. 
2026-05-10 22:20:14,856 - optuna.study.study - INFO - Trial 116 finished with value: 0.05854535389779672 and parameters: {'n_layers': 1, 'embedding_dim': 96, 'lr': 0.0002986849444709528, 'lambda_val': 3.79682815510604e-06, 'batch_size': 3653, 'optimizer': 'Adam'}. Best is trial 10 with value: 0.11877962521025955.
2026-05-10 22:20:43,151 - optuna.study.study - INFO - Trial 117 finished with value: 0.09108702144676566 and parameters: {'n_layers': 1, 'embedding_dim': 128, 'lr': 0.00019250814287890143, 'lambda_val': 0.00012385772116416092, 'batch_size': 1683, 'optimizer': 'Adam'}. Best is trial 10 with value: 0.11877962521025955.
2026-05-10 22:20:46,673 - optuna.study._optimize - INFO - Trial 118 pruned. 
2026-05-10 22:20:50,488 - optuna.study._optimize - INFO - Trial 119 pruned. 
2026-05-10 22:20:54,225 - optuna.study._optimize - INFO - Trial 120 pruned. 
2026-05-10 22:20:58,161 - optuna.study._optimize - INFO - Trial 121 pruned. 
2026-05-10 22:21:29,773 - optuna.study.study - INFO - Trial 122 finished with value: 0.10838268656188758 and parameters: {'n_layers': 1, 'embedding_dim': 256, 'lr': 0.0001558520854691077, 'lambda_val': 5.164336324886805e-06, 'batch_size': 1457, 'optimizer': 'Adam'}. Best is trial 10 with value: 0.11877962521025955.
2026-05-10 22:22:02,682 - optuna.study.study - INFO - Trial 123 finished with value: 0.09941769345503194 and parameters: {'n_layers': 1, 'embedding_dim': 256, 'lr': 0.00016555649254413628, 'lambda_val': 0.0004938015558154765, 'batch_size': 1630, 'optimizer': 'Adam'}. Best is trial 10 with value: 0.11877962521025955.
2026-05-10 22:22:35,769 - optuna.study.study - INFO - Trial 124 finished with value: 0.11135146337943011 and parameters: {'n_layers': 1, 'embedding_dim': 256, 'lr': 0.0001550259406662833, 'lambda_val': 0.000560566856882668, 'batch_size': 1376, 'optimizer': 'Adam'}. Best is trial 10 with value: 0.11877962521025955.
2026-05-10 22:23:06,266 - optuna.study.study - INFO - Trial 125 finished with value: 0.06409600963492273 and parameters: {'n_layers': 1, 'embedding_dim': 256, 'lr': 0.0004009014823584915, 'lambda_val': 0.00126381639897339, 'batch_size': 1448, 'optimizer': 'Adam'}. Best is trial 10 with value: 0.11877962521025955.
2026-05-10 22:23:38,714 - optuna.study.study - INFO - Trial 126 finished with value: 0.10827877527920725 and parameters: {'n_layers': 1, 'embedding_dim': 256, 'lr': 0.00015653237411105404, 'lambda_val': 0.0008475213614333753, 'batch_size': 1401, 'optimizer': 'Adam'}. Best is trial 10 with value: 0.11877962521025955.
2026-05-10 22:24:11,375 - optuna.study.study - INFO - Trial 127 finished with value: 0.09492287695480785 and parameters: {'n_layers': 1, 'embedding_dim': 256, 'lr': 0.00016206022083614202, 'lambda_val': 0.0005950031397957119, 'batch_size': 1193, 'optimizer': 'RMSprop'}. Best is trial 10 with value: 0.11877962521025955.
2026-05-10 22:24:43,633 - optuna.study.study - INFO - Trial 128 finished with value: 0.10551882235285882 and parameters: {'n_layers': 1, 'embedding_dim': 256, 'lr': 0.00014227963145702373, 'lambda_val': 0.0004167650241474313, 'batch_size': 1376, 'optimizer': 'Adam'}. Best is trial 10 with value: 0.11877962521025955.
2026-05-10 22:25:10,334 - optuna.study.study - INFO - Trial 129 finished with value: 0.0688429295440411 and parameters: {'n_layers': 1, 'embedding_dim': 32, 'lr': 0.0003227151475527264, 'lambda_val': 0.0004849865701678236, 'batch_size': 1334, 'optimizer': 'Adam'}. Best is trial 10 with value: 0.11877962521025955.
2026-05-10 22:25:43,410 - optuna.study.study - INFO - Trial 130 finished with value: 0.09664057655471618 and parameters: {'n_layers': 1, 'embedding_dim': 256, 'lr': 0.00014912093434143084, 'lambda_val': 0.0008173540113239673, 'batch_size': 1385, 'optimizer': 'Adam'}. Best is trial 10 with value: 0.11877962521025955.
2026-05-10 22:26:16,994 - optuna.study.study - INFO - Trial 131 finished with value: 0.0741915393913627 and parameters: {'n_layers': 1, 'embedding_dim': 256, 'lr': 0.00048650415907118, 'lambda_val': 0.00028201847827359074, 'batch_size': 1271, 'optimizer': 'Adam'}. Best is trial 10 with value: 0.11877962521025955.
2026-05-10 22:26:21,187 - optuna.study._optimize - INFO - Trial 132 pruned. 
2026-05-10 22:26:54,065 - optuna.study.study - INFO - Trial 133 finished with value: 0.09780694210838008 and parameters: {'n_layers': 1, 'embedding_dim': 256, 'lr': 0.00013356283196588517, 'lambda_val': 0.0009535341354208268, 'batch_size': 1656, 'optimizer': 'Adam'}. Best is trial 10 with value: 0.11877962521025955.
2026-05-10 22:27:26,999 - optuna.study.study - INFO - Trial 134 finished with value: 0.08218481205619396 and parameters: {'n_layers': 1, 'embedding_dim': 256, 'lr': 0.00026986843980018166, 'lambda_val': 0.0009643891937934806, 'batch_size': 1012, 'optimizer': 'Adam'}. Best is trial 10 with value: 0.11877962521025955.
2026-05-10 22:28:00,895 - optuna.study.study - INFO - Trial 135 finished with value: 0.0760303121444088 and parameters: {'n_layers': 1, 'embedding_dim': 256, 'lr': 0.00017721508911734338, 'lambda_val': 0.0005059602393239781, 'batch_size': 1608, 'optimizer': 'Adam'}. Best is trial 10 with value: 0.11877962521025955.
2026-05-10 22:28:33,223 - optuna.study.study - INFO - Trial 136 finished with value: 0.07513011381072168 and parameters: {'n_layers': 1, 'embedding_dim': 256, 'lr': 0.00022184697499902682, 'lambda_val': 0.0006436468109231623, 'batch_size': 1489, 'optimizer': 'Adam'}. Best is trial 10 with value: 0.11877962521025955.
2026-05-10 22:29:03,645 - optuna.study.study - INFO - Trial 137 finished with value: 0.10785515718560129 and parameters: {'n_layers': 1, 'embedding_dim': 256, 'lr': 0.00012727337844600268, 'lambda_val': 0.0003769475492150807, 'batch_size': 1758, 'optimizer': 'Adam'}. Best is trial 10 with value: 0.11877962521025955.
2026-05-10 22:29:35,938 - optuna.study.study - INFO - Trial 138 finished with value: 0.09857024698123928 and parameters: {'n_layers': 1, 'embedding_dim': 256, 'lr': 0.00014541056482689715, 'lambda_val': 0.0009908929276109017, 'batch_size': 1748, 'optimizer': 'Adam'}. Best is trial 10 with value: 0.11877962521025955.
2026-05-10 22:30:08,874 - optuna.study.study - INFO - Trial 139 finished with value: 0.08502185448761049 and parameters: {'n_layers': 1, 'embedding_dim': 256, 'lr': 0.00014752870811589224, 'lambda_val': 0.0003873139381124706, 'batch_size': 1759, 'optimizer': 'RMSprop'}. Best is trial 10 with value: 0.11877962521025955.
2026-05-10 22:30:12,668 - optuna.study._optimize - INFO - Trial 140 pruned. 
2026-05-10 22:30:16,885 - optuna.study._optimize - INFO - Trial 141 pruned. 
2026-05-10 22:30:50,509 - optuna.study.study - INFO - Trial 142 finished with value: 0.06822104157245934 and parameters: {'n_layers': 1, 'embedding_dim': 256, 'lr': 0.00020608557892499207, 'lambda_val': 0.0020596966056685324, 'batch_size': 1698, 'optimizer': 'Adam'}. Best is trial 10 with value: 0.11877962521025955.
2026-05-10 22:30:54,739 - optuna.study._optimize - INFO - Trial 143 pruned. 
2026-05-10 22:31:28,520 - optuna.study.study - INFO - Trial 144 finished with value: 0.08786958008307973 and parameters: {'n_layers': 1, 'embedding_dim': 256, 'lr': 0.00016352024086664258, 'lambda_val': 0.0008107131571031299, 'batch_size': 1585, 'optimizer': 'Adam'}. Best is trial 10 with value: 0.11877962521025955.
2026-05-10 22:31:32,702 - optuna.study._optimize - INFO - Trial 145 pruned. 
2026-05-10 22:31:36,853 - optuna.study._optimize - INFO - Trial 146 pruned. 
2026-05-10 22:31:40,874 - optuna.study._optimize - INFO - Trial 147 pruned. 
2026-05-10 22:31:45,132 - optuna.study._optimize - INFO - Trial 148 pruned. 
2026-05-10 22:32:13,477 - optuna.study.study - INFO - Trial 149 finished with value: 0.07996096458305657 and parameters: {'n_layers': 1, 'embedding_dim': 96, 'lr': 0.00022647285720331153, 'lambda_val': 0.0005227748918277097, 'batch_size': 1374, 'optimizer': 'Adam'}. Best is trial 10 with value: 0.11877962521025955.
2026-05-10 22:32:17,840 - optuna.study._optimize - INFO - Trial 150 pruned. 
2026-05-10 22:32:22,377 - optuna.study._optimize - INFO - Trial 151 pruned. 
2026-05-10 22:32:26,693 - optuna.study._optimize - INFO - Trial 152 pruned. 
2026-05-10 22:32:59,428 - optuna.study.study - INFO - Trial 153 finished with value: 0.09730086530114661 and parameters: {'n_layers': 1, 'embedding_dim': 256, 'lr': 0.00018392550043051654, 'lambda_val': 0.00037716887424852074, 'batch_size': 1330, 'optimizer': 'Adam'}. Best is trial 10 with value: 0.11877962521025955.
2026-05-10 22:33:04,541 - optuna.study._optimize - INFO - Trial 154 pruned. 
2026-05-10 22:33:08,647 - optuna.study._optimize - INFO - Trial 155 pruned. 
2026-05-10 22:33:12,903 - optuna.study._optimize - INFO - Trial 156 pruned. 
2026-05-10 22:33:17,169 - optuna.study._optimize - INFO - Trial 157 pruned. 
2026-05-10 22:33:21,005 - optuna.study._optimize - INFO - Trial 158 pruned. 
2026-05-10 22:33:25,782 - optuna.study._optimize - INFO - Trial 159 pruned. 
2026-05-10 22:33:58,786 - optuna.study.study - INFO - Trial 160 finished with value: 0.09637206421708089 and parameters: {'n_layers': 1, 'embedding_dim': 256, 'lr': 0.00018184414100875148, 'lambda_val': 0.00042994099282378317, 'batch_size': 1111, 'optimizer': 'Adam'}. Best is trial 10 with value: 0.11877962521025955.
2026-05-10 22:34:02,981 - optuna.study._optimize - INFO - Trial 161 pruned. 
2026-05-10 22:34:07,800 - optuna.study._optimize - INFO - Trial 162 pruned. 
2026-05-10 22:34:12,045 - optuna.study._optimize - INFO - Trial 163 pruned. 
2026-05-10 22:34:16,446 - optuna.study._optimize - INFO - Trial 164 pruned. 
2026-05-10 22:34:22,624 - optuna.study._optimize - INFO - Trial 165 pruned. 
2026-05-10 22:34:26,961 - optuna.study._optimize - INFO - Trial 166 pruned. 
2026-05-10 22:35:02,665 - optuna.study.study - INFO - Trial 167 finished with value: 0.07047543666893781 and parameters: {'n_layers': 1, 'embedding_dim': 256, 'lr': 0.00015981319765255401, 'lambda_val': 1.3220826590134743e-06, 'batch_size': 3811, 'optimizer': 'Adam'}. Best is trial 10 with value: 0.11877962521025955.
2026-05-10 22:35:36,500 - optuna.study.study - INFO - Trial 168 finished with value: 0.0730336054392024 and parameters: {'n_layers': 1, 'embedding_dim': 256, 'lr': 0.00026391417333181154, 'lambda_val': 0.00034193876675734524, 'batch_size': 1411, 'optimizer': 'Adam'}. Best is trial 10 with value: 0.11877962521025955.
2026-05-10 22:36:10,857 - optuna.study.study - INFO - Trial 169 finished with value: 0.08580008995726454 and parameters: {'n_layers': 1, 'embedding_dim': 256, 'lr': 0.00012886775744034667, 'lambda_val': 0.0005279388365204573, 'batch_size': 3646, 'optimizer': 'RMSprop'}. Best is trial 10 with value: 0.11877962521025955.
2026-05-10 22:36:15,020 - optuna.study._optimize - INFO - Trial 170 pruned. 
2026-05-10 22:36:48,779 - optuna.study.study - INFO - Trial 171 finished with value: 0.09822404434431875 and parameters: {'n_layers': 1, 'embedding_dim': 256, 'lr': 0.00016188323061449452, 'lambda_val': 0.00037377099317371915, 'batch_size': 1337, 'optimizer': 'Adam'}. Best is trial 10 with value: 0.11877962521025955.
2026-05-10 22:37:21,003 - optuna.study.study - INFO - Trial 172 finished with value: 0.09170729776668057 and parameters: {'n_layers': 1, 'embedding_dim': 256, 'lr': 0.0002087485732887998, 'lambda_val': 0.00025188302439328123, 'batch_size': 1222, 'optimizer': 'Adam'}. Best is trial 10 with value: 0.11877962521025955.
2026-05-10 22:37:54,704 - optuna.study.study - INFO - Trial 173 finished with value: 0.10864537623624933 and parameters: {'n_layers': 1, 'embedding_dim': 256, 'lr': 0.00014199477833777357, 'lambda_val': 0.00033182765913592974, 'batch_size': 1636, 'optimizer': 'Adam'}. Best is trial 10 with value: 0.11877962521025955.
2026-05-10 22:38:28,144 - optuna.study.study - INFO - Trial 174 finished with value: 0.1090377827122452 and parameters: {'n_layers': 1, 'embedding_dim': 256, 'lr': 0.00016495782255212662, 'lambda_val': 0.00032656084073631297, 'batch_size': 1300, 'optimizer': 'Adam'}. Best is trial 10 with value: 0.11877962521025955.
2026-05-10 22:38:59,351 - optuna.study.study - INFO - Trial 175 finished with value: 0.09227887305588552 and parameters: {'n_layers': 1, 'embedding_dim': 256, 'lr': 0.00016709781969570715, 'lambda_val': 0.00031781938577701477, 'batch_size': 1632, 'optimizer': 'Adam'}. Best is trial 10 with value: 0.11877962521025955.
2026-05-10 22:39:03,165 - optuna.study._optimize - INFO - Trial 176 pruned. 
2026-05-10 22:39:07,082 - optuna.study._optimize - INFO - Trial 177 pruned. 
2026-05-10 22:39:40,125 - optuna.study.study - INFO - Trial 178 finished with value: 0.09637325295644651 and parameters: {'n_layers': 1, 'embedding_dim': 256, 'lr': 0.00016332183311920087, 'lambda_val': 0.00045887916626756014, 'batch_size': 1454, 'optimizer': 'Adam'}. Best is trial 10 with value: 0.11877962521025955.
2026-05-10 22:40:07,431 - optuna.study.study - INFO - Trial 179 finished with value: 0.06571344876291293 and parameters: {'n_layers': 1, 'embedding_dim': 96, 'lr': 0.0003172078093049123, 'lambda_val': 0.0006582888778992399, 'batch_size': 1365, 'optimizer': 'Adam'}. Best is trial 10 with value: 0.11877962521025955.
2026-05-10 22:40:11,113 - optuna.study._optimize - INFO - Trial 180 pruned. 
2026-05-10 22:40:15,185 - optuna.study._optimize - INFO - Trial 181 pruned. 
2026-05-10 22:40:48,875 - optuna.study.study - INFO - Trial 182 finished with value: 0.08717953103290242 and parameters: {'n_layers': 1, 'embedding_dim': 256, 'lr': 0.0001952253689104045, 'lambda_val': 0.0005857375630278247, 'batch_size': 1674, 'optimizer': 'Adam'}. Best is trial 10 with value: 0.11877962521025955.
2026-05-10 22:40:52,933 - optuna.study._optimize - INFO - Trial 183 pruned. 
2026-05-10 22:40:57,600 - optuna.study._optimize - INFO - Trial 184 pruned. 
2026-05-10 22:41:01,843 - optuna.study._optimize - INFO - Trial 185 pruned. 
2026-05-10 22:41:34,621 - optuna.study.study - INFO - Trial 186 finished with value: 0.08503870413708121 and parameters: {'n_layers': 1, 'embedding_dim': 256, 'lr': 0.0001685383583613407, 'lambda_val': 0.0002656169185727407, 'batch_size': 1791, 'optimizer': 'Adam'}. Best is trial 10 with value: 0.11877962521025955.
2026-05-10 22:41:39,056 - optuna.study._optimize - INFO - Trial 187 pruned. 
2026-05-10 22:42:16,008 - optuna.study.study - INFO - Trial 188 finished with value: 0.06891616200321367 and parameters: {'n_layers': 1, 'embedding_dim': 256, 'lr': 0.00025956244164404075, 'lambda_val': 0.000733280268249609, 'batch_size': 1924, 'optimizer': 'Adam'}. Best is trial 10 with value: 0.11877962521025955.
2026-05-10 22:42:49,407 - optuna.study.study - INFO - Trial 189 finished with value: 0.09303563735775382 and parameters: {'n_layers': 1, 'embedding_dim': 256, 'lr': 0.00014602305003716442, 'lambda_val': 1.0436526462877568e-06, 'batch_size': 2038, 'optimizer': 'RMSprop'}. Best is trial 10 with value: 0.11877962521025955.
2026-05-10 22:42:53,772 - optuna.study._optimize - INFO - Trial 190 pruned. 
2026-05-10 22:42:57,853 - optuna.study._optimize - INFO - Trial 191 pruned. 
2026-05-10 22:43:03,008 - optuna.study._optimize - INFO - Trial 192 pruned. 
2026-05-10 22:43:07,368 - optuna.study._optimize - INFO - Trial 193 pruned. 
2026-05-10 22:43:41,124 - optuna.study.study - INFO - Trial 194 finished with value: 0.08074882100389692 and parameters: {'n_layers': 1, 'embedding_dim': 256, 'lr': 0.0001880763456634871, 'lambda_val': 1.3846165295275556e-06, 'batch_size': 1723, 'optimizer': 'Adam'}. Best is trial 10 with value: 0.11877962521025955.
2026-05-10 22:43:45,790 - optuna.study._optimize - INFO - Trial 195 pruned. 
2026-05-10 22:43:50,091 - optuna.study._optimize - INFO - Trial 196 pruned. 
2026-05-10 22:43:54,560 - optuna.study._optimize - INFO - Trial 197 pruned. 
2026-05-10 22:43:58,948 - optuna.study._optimize - INFO - Trial 198 pruned. 
2026-05-10 22:44:32,413 - optuna.study.study - INFO - Trial 199 finished with value: 0.09236867923229307 and parameters: {'n_layers': 1, 'embedding_dim': 256, 'lr': 0.00016046561828119717, 'lambda_val': 0.001079737632867732, 'batch_size': 1520, 'optimizer': 'Adam'}. Best is trial 10 with value: 0.11877962521025955.
2026-05-10 22:44:52,695 - root - INFO -   **** Training e_100K_1c1dcs_rand2
2026-05-10 22:44:52,705 - root - INFO -   **** Getting 53072/65410 random edges
2026-05-10 22:44:53,288 - optuna.storages._rdb.storage - INFO - A new study created in RDB with name: Study_e_100K_1c1dcs_rand2
2026-05-10 22:45:33,984 - optuna.study.study - INFO - Trial 0 finished with value: 0.00212083959954488 and parameters: {'n_layers': 4, 'embedding_dim': 96, 'lr': 0.03958779745327916, 'lambda_val': 3.9785760969402345e-06, 'batch_size': 2131, 'optimizer': 'SGD'}. Best is trial 0 with value: 0.00212083959954488.
2026-05-10 22:46:05,586 - optuna.study.study - INFO - Trial 1 finished with value: 0.0019353001358571212 and parameters: {'n_layers': 2, 'embedding_dim': 96, 'lr': 0.05200343812483532, 'lambda_val': 0.002977446364658836, 'batch_size': 3193, 'optimizer': 'SGD'}. Best is trial 0 with value: 0.00212083959954488.
2026-05-10 22:47:04,340 - optuna.study.study - INFO - Trial 2 finished with value: 0.011609207414413838 and parameters: {'n_layers': 4, 'embedding_dim': 256, 'lr': 0.004887310369156917, 'lambda_val': 0.027009990959937596, 'batch_size': 3743, 'optimizer': 'Adam'}. Best is trial 2 with value: 0.011609207414413838.
2026-05-10 22:47:38,585 - optuna.study.study - INFO - Trial 3 finished with value: 0.020269123101645074 and parameters: {'n_layers': 3, 'embedding_dim': 64, 'lr': 0.043878866890310876, 'lambda_val': 0.013475201118991644, 'batch_size': 2858, 'optimizer': 'Adam'}. Best is trial 3 with value: 0.020269123101645074.
2026-05-10 22:48:09,665 - optuna.study.study - INFO - Trial 4 finished with value: 0.022309449341322007 and parameters: {'n_layers': 3, 'embedding_dim': 32, 'lr': 0.00012751021982013183, 'lambda_val': 0.0003674363708622131, 'batch_size': 3548, 'optimizer': 'Adam'}. Best is trial 4 with value: 0.022309449341322007.
2026-05-10 22:48:14,931 - optuna.study._optimize - INFO - Trial 5 pruned. 
2026-05-10 22:48:41,611 - optuna.study.study - INFO - Trial 6 finished with value: 0.025292518000524546 and parameters: {'n_layers': 3, 'embedding_dim': 32, 'lr': 0.036269860009544075, 'lambda_val': 0.0029481401406982366, 'batch_size': 3395, 'optimizer': 'RMSprop'}. Best is trial 6 with value: 0.025292518000524546.
2026-05-10 22:49:13,257 - optuna.study.study - INFO - Trial 7 finished with value: 0.022128656657751544 and parameters: {'n_layers': 4, 'embedding_dim': 32, 'lr': 0.00011187975479876229, 'lambda_val': 2.3032658273165526e-06, 'batch_size': 3434, 'optimizer': 'Adam'}. Best is trial 6 with value: 0.025292518000524546.
2026-05-10 22:50:01,634 - optuna.study.study - INFO - Trial 8 finished with value: 0.03850305670528745 and parameters: {'n_layers': 3, 'embedding_dim': 256, 'lr': 0.03970585080282314, 'lambda_val': 7.42954604909128e-05, 'batch_size': 1479, 'optimizer': 'RMSprop'}. Best is trial 8 with value: 0.03850305670528745.
2026-05-10 22:50:05,664 - optuna.study._optimize - INFO - Trial 9 pruned. 
2026-05-10 22:50:09,598 - optuna.study._optimize - INFO - Trial 10 pruned. 
2026-05-10 22:50:50,856 - optuna.study.study - INFO - Trial 11 finished with value: 0.04843456838425991 and parameters: {'n_layers': 2, 'embedding_dim': 256, 'lr': 0.010181726203963433, 'lambda_val': 0.00015088368589002968, 'batch_size': 1674, 'optimizer': 'RMSprop'}. Best is trial 11 with value: 0.04843456838425991.
2026-05-10 22:51:24,220 - optuna.study.study - INFO - Trial 12 finished with value: 0.05734958520940901 and parameters: {'n_layers': 1, 'embedding_dim': 256, 'lr': 0.008372446369480589, 'lambda_val': 6.602323099830713e-05, 'batch_size': 1465, 'optimizer': 'RMSprop'}. Best is trial 12 with value: 0.05734958520940901.
2026-05-10 22:52:08,276 - optuna.study.study - INFO - Trial 13 finished with value: 0.0752234576900455 and parameters: {'n_layers': 1, 'embedding_dim': 256, 'lr': 0.007936803046070208, 'lambda_val': 0.00022738446950514772, 'batch_size': 1261, 'optimizer': 'RMSprop'}. Best is trial 13 with value: 0.0752234576900455.
2026-05-10 22:52:40,217 - optuna.study.study - INFO - Trial 14 finished with value: 0.06487034594118268 and parameters: {'n_layers': 1, 'embedding_dim': 256, 'lr': 0.0005848877217654754, 'lambda_val': 1.8968533146830824e-05, 'batch_size': 1037, 'optimizer': 'RMSprop'}. Best is trial 13 with value: 0.0752234576900455.
2026-05-10 22:53:06,382 - optuna.study.study - INFO - Trial 15 finished with value: 0.05818238788075231 and parameters: {'n_layers': 1, 'embedding_dim': 128, 'lr': 0.00045510171588415075, 'lambda_val': 1.482052725339875e-05, 'batch_size': 981, 'optimizer': 'RMSprop'}. Best is trial 13 with value: 0.0752234576900455.
2026-05-10 22:53:40,871 - optuna.study.study - INFO - Trial 16 finished with value: 0.03941399841392283 and parameters: {'n_layers': 1, 'embedding_dim': 64, 'lr': 0.0005062228347975384, 'lambda_val': 0.0006247208243059327, 'batch_size': 2163, 'optimizer': 'RMSprop'}. Best is trial 13 with value: 0.0752234576900455.
2026-05-10 22:53:45,664 - optuna.study._optimize - INFO - Trial 17 pruned. 
2026-05-10 22:54:19,875 - optuna.study.study - INFO - Trial 18 finished with value: 0.06404016000875866 and parameters: {'n_layers': 1, 'embedding_dim': 256, 'lr': 0.000548416906465171, 'lambda_val': 0.0007877116208550723, 'batch_size': 2610, 'optimizer': 'RMSprop'}. Best is trial 13 with value: 0.0752234576900455.
2026-05-10 22:54:52,737 - optuna.study.study - INFO - Trial 19 finished with value: 0.1315657637592616 and parameters: {'n_layers': 1, 'embedding_dim': 256, 'lr': 0.00015331285162506104, 'lambda_val': 8.633810969112886e-06, 'batch_size': 981, 'optimizer': 'RMSprop'}. Best is trial 19 with value: 0.1315657637592616.
2026-05-10 22:55:25,564 - optuna.study.study - INFO - Trial 20 finished with value: 0.05696457975980121 and parameters: {'n_layers': 2, 'embedding_dim': 128, 'lr': 0.00013797008202385815, 'lambda_val': 6.1573759490378586e-06, 'batch_size': 1133, 'optimizer': 'RMSprop'}. Best is trial 19 with value: 0.1315657637592616.
2026-05-10 22:55:58,167 - optuna.study.study - INFO - Trial 21 finished with value: 0.0767139530640994 and parameters: {'n_layers': 1, 'embedding_dim': 256, 'lr': 0.00024111403274840027, 'lambda_val': 2.4012612726952197e-05, 'batch_size': 1839, 'optimizer': 'RMSprop'}. Best is trial 19 with value: 0.1315657637592616.
2026-05-10 22:56:02,363 - optuna.study._optimize - INFO - Trial 22 pruned. 
2026-05-10 22:56:35,303 - optuna.study.study - INFO - Trial 23 finished with value: 0.05966483717114472 and parameters: {'n_layers': 1, 'embedding_dim': 256, 'lr': 0.003312631042596821, 'lambda_val': 5.535085282627836e-05, 'batch_size': 1839, 'optimizer': 'RMSprop'}. Best is trial 19 with value: 0.1315657637592616.
2026-05-10 22:56:40,181 - optuna.study._optimize - INFO - Trial 24 pruned. 
2026-05-10 22:56:44,086 - optuna.study._optimize - INFO - Trial 25 pruned. 
2026-05-10 22:57:11,468 - optuna.study.study - INFO - Trial 26 finished with value: 0.04825924560775 and parameters: {'n_layers': 1, 'embedding_dim': 96, 'lr': 0.0011130731980433656, 'lambda_val': 1.1785105687374458e-06, 'batch_size': 806, 'optimizer': 'RMSprop'}. Best is trial 19 with value: 0.1315657637592616.
2026-05-10 22:57:16,936 - optuna.study._optimize - INFO - Trial 27 pruned. 
2026-05-10 22:57:50,649 - optuna.study.study - INFO - Trial 28 finished with value: 0.07548864042448071 and parameters: {'n_layers': 1, 'embedding_dim': 256, 'lr': 0.00027181561748527576, 'lambda_val': 0.00015188849556034415, 'batch_size': 1859, 'optimizer': 'Adam'}. Best is trial 19 with value: 0.1315657637592616.
2026-05-10 22:58:21,910 - optuna.study.study - INFO - Trial 29 finished with value: 0.03137668206874194 and parameters: {'n_layers': 2, 'embedding_dim': 96, 'lr': 0.00022940746392297064, 'lambda_val': 3.8448874199708976e-06, 'batch_size': 1888, 'optimizer': 'Adam'}. Best is trial 19 with value: 0.1315657637592616.
2026-05-10 22:58:26,179 - optuna.study._optimize - INFO - Trial 30 pruned. 
2026-05-10 22:58:58,969 - optuna.study.study - INFO - Trial 31 finished with value: 0.08133761390554298 and parameters: {'n_layers': 1, 'embedding_dim': 256, 'lr': 0.0002359124875622575, 'lambda_val': 0.00015535880354778915, 'batch_size': 1272, 'optimizer': 'Adam'}. Best is trial 19 with value: 0.1315657637592616.
2026-05-10 22:59:03,719 - optuna.study._optimize - INFO - Trial 32 pruned. 
2026-05-10 22:59:31,501 - optuna.study.study - INFO - Trial 33 finished with value: 0.07292255741700092 and parameters: {'n_layers': 1, 'embedding_dim': 96, 'lr': 0.00020520934617600763, 'lambda_val': 0.0003951764009714729, 'batch_size': 2096, 'optimizer': 'Adam'}. Best is trial 19 with value: 0.1315657637592616.
2026-05-10 23:00:04,855 - optuna.study.study - INFO - Trial 34 finished with value: 0.06451218962883716 and parameters: {'n_layers': 1, 'embedding_dim': 256, 'lr': 0.00027969353626004095, 'lambda_val': 0.0012555685964537925, 'batch_size': 1386, 'optimizer': 'Adam'}. Best is trial 19 with value: 0.1315657637592616.
2026-05-10 23:00:08,514 - optuna.study._optimize - INFO - Trial 35 pruned. 
2026-05-10 23:00:51,663 - optuna.study.study - INFO - Trial 36 finished with value: 0.03953089818956593 and parameters: {'n_layers': 2, 'embedding_dim': 256, 'lr': 0.0007905975420129844, 'lambda_val': 3.490051192427994e-06, 'batch_size': 2751, 'optimizer': 'Adam'}. Best is trial 19 with value: 0.1315657637592616.
2026-05-10 23:00:56,761 - optuna.study._optimize - INFO - Trial 37 pruned. 
2026-05-10 23:01:00,235 - optuna.study._optimize - INFO - Trial 38 pruned. 
2026-05-10 23:01:27,313 - optuna.study.study - INFO - Trial 39 finished with value: 0.038551915938070364 and parameters: {'n_layers': 1, 'embedding_dim': 32, 'lr': 0.0014316321799742032, 'lambda_val': 0.0002604641069124455, 'batch_size': 2228, 'optimizer': 'Adam'}. Best is trial 19 with value: 0.1315657637592616.
2026-05-10 23:01:32,213 - optuna.study._optimize - INFO - Trial 40 pruned. 
2026-05-10 23:01:36,361 - optuna.study._optimize - INFO - Trial 41 pruned. 
2026-05-10 23:01:40,643 - optuna.study._optimize - INFO - Trial 42 pruned. 
2026-05-10 23:01:47,136 - optuna.study._optimize - INFO - Trial 43 pruned. 
2026-05-10 23:02:21,539 - optuna.study.study - INFO - Trial 44 finished with value: 0.08806482986535372 and parameters: {'n_layers': 1, 'embedding_dim': 256, 'lr': 0.00016567767455441353, 'lambda_val': 0.0001078411350014154, 'batch_size': 1686, 'optimizer': 'RMSprop'}. Best is trial 19 with value: 0.1315657637592616.
2026-05-10 23:02:26,637 - optuna.study._optimize - INFO - Trial 45 pruned. 
2026-05-10 23:02:58,477 - optuna.study.study - INFO - Trial 46 finished with value: 0.07450080068214447 and parameters: {'n_layers': 1, 'embedding_dim': 256, 'lr': 0.0003592289510032857, 'lambda_val': 1.9198503694922182e-05, 'batch_size': 1431, 'optimizer': 'RMSprop'}. Best is trial 19 with value: 0.1315657637592616.
2026-05-10 23:03:03,056 - optuna.study._optimize - INFO - Trial 47 pruned. 
2026-05-10 23:03:06,845 - optuna.study._optimize - INFO - Trial 48 pruned. 
2026-05-10 23:03:12,576 - optuna.study._optimize - INFO - Trial 49 pruned. 
2026-05-10 23:03:16,200 - optuna.study._optimize - INFO - Trial 50 pruned. 
2026-05-10 23:03:48,654 - optuna.study.study - INFO - Trial 51 finished with value: 0.06454832357327074 and parameters: {'n_layers': 1, 'embedding_dim': 256, 'lr': 0.00031857603775619205, 'lambda_val': 0.0008905889032064225, 'batch_size': 1429, 'optimizer': 'RMSprop'}. Best is trial 19 with value: 0.1315657637592616.
2026-05-10 23:04:21,754 - optuna.study.study - INFO - Trial 52 finished with value: 0.05730953926614489 and parameters: {'n_layers': 1, 'embedding_dim': 256, 'lr': 0.0021161687140632997, 'lambda_val': 5.1839968496646416e-05, 'batch_size': 1034, 'optimizer': 'RMSprop'}. Best is trial 19 with value: 0.1315657637592616.
2026-05-10 23:04:25,812 - optuna.study._optimize - INFO - Trial 53 pruned. 
2026-05-10 23:04:53,061 - optuna.study.study - INFO - Trial 54 finished with value: 0.05328515581498039 and parameters: {'n_layers': 1, 'embedding_dim': 128, 'lr': 0.0006108091565593519, 'lambda_val': 0.00038102365533318, 'batch_size': 1562, 'optimizer': 'RMSprop'}. Best is trial 19 with value: 0.1315657637592616.
2026-05-10 23:04:57,479 - optuna.study._optimize - INFO - Trial 55 pruned. 
2026-05-10 23:05:29,546 - optuna.study.study - INFO - Trial 56 finished with value: 0.07645373731677352 and parameters: {'n_layers': 1, 'embedding_dim': 256, 'lr': 0.0004212942367610318, 'lambda_val': 1.579687712612081e-05, 'batch_size': 924, 'optimizer': 'RMSprop'}. Best is trial 19 with value: 0.1315657637592616.
2026-05-10 23:05:55,694 - optuna.study.study - INFO - Trial 57 finished with value: 0.07947929511002391 and parameters: {'n_layers': 1, 'embedding_dim': 32, 'lr': 0.0003733193602864141, 'lambda_val': 1.4093034274021604e-05, 'batch_size': 901, 'optimizer': 'RMSprop'}. Best is trial 19 with value: 0.1315657637592616.
2026-05-10 23:06:23,594 - optuna.study.study - INFO - Trial 58 finished with value: 0.022892822174953916 and parameters: {'n_layers': 2, 'embedding_dim': 32, 'lr': 0.0004378555332689759, 'lambda_val': 1.5261806034883202e-05, 'batch_size': 517, 'optimizer': 'RMSprop'}. Best is trial 19 with value: 0.1315657637592616.
2026-05-10 23:06:49,938 - optuna.study.study - INFO - Trial 59 finished with value: 0.04603976980396908 and parameters: {'n_layers': 1, 'embedding_dim': 32, 'lr': 0.0007263291624499551, 'lambda_val': 6.399795645777023e-06, 'batch_size': 868, 'optimizer': 'RMSprop'}. Best is trial 19 with value: 0.1315657637592616.
2026-05-10 23:07:15,755 - optuna.study.study - INFO - Trial 60 finished with value: 0.047955887898565974 and parameters: {'n_layers': 1, 'embedding_dim': 32, 'lr': 0.0011189294006047961, 'lambda_val': 2.435278223083266e-06, 'batch_size': 661, 'optimizer': 'RMSprop'}. Best is trial 19 with value: 0.1315657637592616.
2026-05-10 23:07:19,233 - optuna.study._optimize - INFO - Trial 61 pruned. 
2026-05-10 23:07:51,781 - optuna.study.study - INFO - Trial 62 finished with value: 0.0714291675779008 and parameters: {'n_layers': 1, 'embedding_dim': 256, 'lr': 0.0004190545990064893, 'lambda_val': 4.599484281048309e-05, 'batch_size': 942, 'optimizer': 'RMSprop'}. Best is trial 19 with value: 0.1315657637592616.
2026-05-10 23:07:55,751 - optuna.study._optimize - INFO - Trial 63 pruned. 
2026-05-10 23:08:30,061 - optuna.study.study - INFO - Trial 64 finished with value: 0.08241158204521455 and parameters: {'n_layers': 1, 'embedding_dim': 256, 'lr': 0.00018328451467784104, 'lambda_val': 1.2753602702481323e-05, 'batch_size': 2339, 'optimizer': 'RMSprop'}. Best is trial 19 with value: 0.1315657637592616.
2026-05-10 23:09:04,446 - optuna.study.study - INFO - Trial 65 finished with value: 0.06937144014899167 and parameters: {'n_layers': 1, 'embedding_dim': 256, 'lr': 0.0001812873094956558, 'lambda_val': 4.6767376603166364e-06, 'batch_size': 2441, 'optimizer': 'RMSprop'}. Best is trial 19 with value: 0.1315657637592616.
2026-05-10 23:09:08,278 - optuna.study._optimize - INFO - Trial 66 pruned. 
2026-05-10 23:09:12,266 - optuna.study._optimize - INFO - Trial 67 pruned. 
2026-05-10 23:09:42,481 - optuna.study.study - INFO - Trial 68 finished with value: 0.06354491093605609 and parameters: {'n_layers': 1, 'embedding_dim': 128, 'lr': 0.0002600467582162616, 'lambda_val': 2.3951810197485966e-05, 'batch_size': 2636, 'optimizer': 'RMSprop'}. Best is trial 19 with value: 0.1315657637592616.
2026-05-10 23:09:49,161 - optuna.study._optimize - INFO - Trial 69 pruned. 
2026-05-10 23:09:52,746 - optuna.study._optimize - INFO - Trial 70 pruned. 
2026-05-10 23:10:26,242 - optuna.study.study - INFO - Trial 71 finished with value: 0.0725484569404207 and parameters: {'n_layers': 1, 'embedding_dim': 256, 'lr': 0.00029350206764563525, 'lambda_val': 5.113339241159154e-06, 'batch_size': 1968, 'optimizer': 'Adam'}. Best is trial 19 with value: 0.1315657637592616.
2026-05-10 23:10:30,167 - optuna.study._optimize - INFO - Trial 72 pruned. 
2026-05-10 23:11:03,269 - optuna.study.study - INFO - Trial 73 finished with value: 0.06599064029013242 and parameters: {'n_layers': 1, 'embedding_dim': 256, 'lr': 0.0004002659781353215, 'lambda_val': 0.00010359444974473895, 'batch_size': 1852, 'optimizer': 'RMSprop'}. Best is trial 19 with value: 0.1315657637592616.
2026-05-10 23:11:07,476 - optuna.study._optimize - INFO - Trial 74 pruned. 
2026-05-10 23:11:44,572 - optuna.study.study - INFO - Trial 75 finished with value: 0.0731156295803486 and parameters: {'n_layers': 1, 'embedding_dim': 256, 'lr': 0.00023989817576539218, 'lambda_val': 0.0001651642073031839, 'batch_size': 1336, 'optimizer': 'RMSprop'}. Best is trial 19 with value: 0.1315657637592616.
2026-05-10 23:12:25,955 - optuna.study.study - INFO - Trial 76 finished with value: 0.06484606680999634 and parameters: {'n_layers': 1, 'embedding_dim': 256, 'lr': 0.000515462162235746, 'lambda_val': 2.122124864570398e-05, 'batch_size': 1504, 'optimizer': 'RMSprop'}. Best is trial 19 with value: 0.1315657637592616.
2026-05-10 23:13:00,739 - optuna.study.study - INFO - Trial 77 finished with value: 0.06557012226295915 and parameters: {'n_layers': 1, 'embedding_dim': 256, 'lr': 0.00031023961109961364, 'lambda_val': 3.144089487999457e-06, 'batch_size': 2054, 'optimizer': 'Adam'}. Best is trial 19 with value: 0.1315657637592616.
2026-05-10 23:13:04,820 - optuna.study._optimize - INFO - Trial 78 pruned. 
2026-05-10 23:13:08,200 - optuna.study._optimize - INFO - Trial 79 pruned. 
2026-05-10 23:13:13,269 - optuna.study._optimize - INFO - Trial 80 pruned. 
2026-05-10 23:13:17,451 - optuna.study._optimize - INFO - Trial 81 pruned. 
2026-05-10 23:13:51,305 - optuna.study.study - INFO - Trial 82 finished with value: 0.07912818602836011 and parameters: {'n_layers': 1, 'embedding_dim': 256, 'lr': 0.0002343053084250035, 'lambda_val': 0.0001231516457841511, 'batch_size': 1151, 'optimizer': 'RMSprop'}. Best is trial 19 with value: 0.1315657637592616.
2026-05-10 23:14:24,787 - optuna.study.study - INFO - Trial 83 finished with value: 0.1174337595541705 and parameters: {'n_layers': 1, 'embedding_dim': 256, 'lr': 0.00019711934786187756, 'lambda_val': 0.00012308922571297826, 'batch_size': 597, 'optimizer': 'RMSprop'}. Best is trial 19 with value: 0.1315657637592616.
2026-05-10 23:14:58,123 - optuna.study.study - INFO - Trial 84 finished with value: 0.09487184018339397 and parameters: {'n_layers': 1, 'embedding_dim': 256, 'lr': 0.00019503065792305854, 'lambda_val': 0.00011719790525791978, 'batch_size': 963, 'optimizer': 'RMSprop'}. Best is trial 19 with value: 0.1315657637592616.
2026-05-10 23:15:02,570 - optuna.study._optimize - INFO - Trial 85 pruned. 
2026-05-10 23:15:06,121 - optuna.study._optimize - INFO - Trial 86 pruned. 
2026-05-10 23:15:09,917 - optuna.study._optimize - INFO - Trial 87 pruned. 
2026-05-10 23:15:13,977 - optuna.study._optimize - INFO - Trial 88 pruned. 
2026-05-10 23:15:42,397 - optuna.study.study - INFO - Trial 89 finished with value: 0.122246945807872 and parameters: {'n_layers': 1, 'embedding_dim': 128, 'lr': 0.00023711989685842004, 'lambda_val': 8.003947632530938e-05, 'batch_size': 597, 'optimizer': 'RMSprop'}. Best is trial 19 with value: 0.1315657637592616.
2026-05-10 23:15:46,021 - optuna.study._optimize - INFO - Trial 90 pruned. 
2026-05-10 23:15:49,805 - optuna.study._optimize - INFO - Trial 91 pruned. 
2026-05-10 23:16:17,678 - optuna.study.study - INFO - Trial 92 finished with value: 0.09521055352421226 and parameters: {'n_layers': 1, 'embedding_dim': 128, 'lr': 0.00025152380188076125, 'lambda_val': 8.105769911193395e-05, 'batch_size': 870, 'optimizer': 'RMSprop'}. Best is trial 19 with value: 0.1315657637592616.
2026-05-10 23:16:22,645 - optuna.study._optimize - INFO - Trial 93 pruned. 
2026-05-10 23:16:50,429 - optuna.study.study - INFO - Trial 94 finished with value: 0.05481829751899833 and parameters: {'n_layers': 1, 'embedding_dim': 128, 'lr': 0.0003474964743093503, 'lambda_val': 0.0002161798329372227, 'batch_size': 885, 'optimizer': 'RMSprop'}. Best is trial 19 with value: 0.1315657637592616.
2026-05-10 23:17:00,169 - optuna.study._optimize - INFO - Trial 95 pruned. 
2026-05-10 23:17:03,853 - optuna.study._optimize - INFO - Trial 96 pruned. 
2026-05-10 23:17:07,440 - optuna.study._optimize - INFO - Trial 97 pruned. 
2026-05-10 23:17:11,781 - optuna.study._optimize - INFO - Trial 98 pruned. 
2026-05-10 23:17:37,750 - optuna.study.study - INFO - Trial 99 finished with value: 0.05005788078402448 and parameters: {'n_layers': 1, 'embedding_dim': 32, 'lr': 0.000471654148603273, 'lambda_val': 0.0005609912897217368, 'batch_size': 1094, 'optimizer': 'RMSprop'}. Best is trial 19 with value: 0.1315657637592616.
2026-05-10 23:18:08,724 - optuna.study.study - INFO - Trial 100 finished with value: 0.08220820620161307 and parameters: {'n_layers': 1, 'embedding_dim': 128, 'lr': 0.0003317256486386875, 'lambda_val': 7.730084664030936e-05, 'batch_size': 630, 'optimizer': 'RMSprop'}. Best is trial 19 with value: 0.1315657637592616.
2026-05-10 23:18:36,964 - optuna.study.study - INFO - Trial 101 finished with value: 0.0716246275274095 and parameters: {'n_layers': 1, 'embedding_dim': 128, 'lr': 0.00034991039688064124, 'lambda_val': 7.599362119680899e-05, 'batch_size': 643, 'optimizer': 'RMSprop'}. Best is trial 19 with value: 0.1315657637592616.
2026-05-10 23:18:40,529 - optuna.study._optimize - INFO - Trial 102 pruned. 
2026-05-10 23:19:08,847 - optuna.study.study - INFO - Trial 103 finished with value: 0.07629177072743336 and parameters: {'n_layers': 1, 'embedding_dim': 128, 'lr': 0.00028398390490654745, 'lambda_val': 0.0003307694752913795, 'batch_size': 865, 'optimizer': 'RMSprop'}. Best is trial 19 with value: 0.1315657637592616.
2026-05-10 23:19:14,305 - optuna.study._optimize - INFO - Trial 104 pruned. 
2026-05-10 23:19:21,206 - optuna.study._optimize - INFO - Trial 105 pruned. 
2026-05-10 23:19:25,570 - optuna.study._optimize - INFO - Trial 106 pruned. 
2026-05-10 23:19:29,040 - optuna.study._optimize - INFO - Trial 107 pruned. 
2026-05-10 23:20:02,633 - optuna.study.study - INFO - Trial 108 finished with value: 0.0741261362226772 and parameters: {'n_layers': 1, 'embedding_dim': 256, 'lr': 0.0003886316586850811, 'lambda_val': 0.00026560859191461267, 'batch_size': 872, 'optimizer': 'RMSprop'}. Best is trial 19 with value: 0.1315657637592616.
2026-05-10 23:20:07,558 - optuna.study._optimize - INFO - Trial 109 pruned. 
2026-05-10 23:20:11,391 - optuna.study._optimize - INFO - Trial 110 pruned. 
2026-05-10 23:20:44,110 - optuna.study.study - INFO - Trial 111 finished with value: 0.0824527731748119 and parameters: {'n_layers': 1, 'embedding_dim': 256, 'lr': 0.00024043779518878768, 'lambda_val': 3.648368599923854e-05, 'batch_size': 1235, 'optimizer': 'RMSprop'}. Best is trial 19 with value: 0.1315657637592616.
2026-05-10 23:21:16,905 - optuna.study.study - INFO - Trial 112 finished with value: 0.06996845203464346 and parameters: {'n_layers': 1, 'embedding_dim': 256, 'lr': 0.0003218258444181335, 'lambda_val': 7.377978460166e-05, 'batch_size': 1081, 'optimizer': 'RMSprop'}. Best is trial 19 with value: 0.1315657637592616.
2026-05-10 23:21:49,673 - optuna.study.study - INFO - Trial 113 finished with value: 0.07557721983405398 and parameters: {'n_layers': 1, 'embedding_dim': 256, 'lr': 0.00026008169770658316, 'lambda_val': 3.883959766409841e-05, 'batch_size': 1370, 'optimizer': 'RMSprop'}. Best is trial 19 with value: 0.1315657637592616.
2026-05-10 23:22:22,457 - optuna.study.study - INFO - Trial 114 finished with value: 0.09476762284317254 and parameters: {'n_layers': 1, 'embedding_dim': 256, 'lr': 0.00018655013362747254, 'lambda_val': 9.292988161166462e-05, 'batch_size': 1218, 'optimizer': 'RMSprop'}. Best is trial 19 with value: 0.1315657637592616.
2026-05-10 23:22:26,973 - optuna.study._optimize - INFO - Trial 115 pruned. 
2026-05-10 23:22:31,037 - optuna.study._optimize - INFO - Trial 116 pruned. 
2026-05-10 23:22:34,559 - optuna.study._optimize - INFO - Trial 117 pruned. 
2026-05-10 23:22:38,669 - optuna.study._optimize - INFO - Trial 118 pruned. 
2026-05-10 23:22:42,833 - optuna.study._optimize - INFO - Trial 119 pruned. 
2026-05-10 23:22:46,334 - optuna.study._optimize - INFO - Trial 120 pruned. 
2026-05-10 23:23:19,071 - optuna.study.study - INFO - Trial 121 finished with value: 0.08255521849734157 and parameters: {'n_layers': 1, 'embedding_dim': 256, 'lr': 0.0002466154428192141, 'lambda_val': 0.00012054974246311908, 'batch_size': 1150, 'optimizer': 'RMSprop'}. Best is trial 19 with value: 0.1315657637592616.
2026-05-10 23:23:52,452 - optuna.study.study - INFO - Trial 122 finished with value: 0.08067722610777021 and parameters: {'n_layers': 1, 'embedding_dim': 256, 'lr': 0.00020288432290607275, 'lambda_val': 0.00020067597189403792, 'batch_size': 1414, 'optimizer': 'RMSprop'}. Best is trial 19 with value: 0.1315657637592616.
2026-05-10 23:23:56,593 - optuna.study._optimize - INFO - Trial 123 pruned. 
2026-05-10 23:24:00,658 - optuna.study._optimize - INFO - Trial 124 pruned. 
2026-05-10 23:24:33,762 - optuna.study.study - INFO - Trial 125 finished with value: 0.07665925852289064 and parameters: {'n_layers': 1, 'embedding_dim': 256, 'lr': 0.0002473337988653622, 'lambda_val': 0.00023960236113440875, 'batch_size': 1279, 'optimizer': 'RMSprop'}. Best is trial 19 with value: 0.1315657637592616.
2026-05-10 23:24:40,544 - optuna.study._optimize - INFO - Trial 126 pruned. 
2026-05-10 23:24:44,797 - optuna.study._optimize - INFO - Trial 127 pruned. 
2026-05-10 23:25:17,331 - optuna.study.study - INFO - Trial 128 finished with value: 0.0903545262392875 and parameters: {'n_layers': 1, 'embedding_dim': 256, 'lr': 0.00019164146231762826, 'lambda_val': 8.73804309319044e-05, 'batch_size': 1447, 'optimizer': 'RMSprop'}. Best is trial 19 with value: 0.1315657637592616.
2026-05-10 23:25:21,450 - optuna.study._optimize - INFO - Trial 129 pruned. 
2026-05-10 23:25:53,745 - optuna.study.study - INFO - Trial 130 finished with value: 0.0751111700458697 and parameters: {'n_layers': 1, 'embedding_dim': 256, 'lr': 0.0002885528544916467, 'lambda_val': 6.67402691997296e-05, 'batch_size': 1063, 'optimizer': 'RMSprop'}. Best is trial 19 with value: 0.1315657637592616.
2026-05-10 23:26:26,498 - optuna.study.study - INFO - Trial 131 finished with value: 0.08771532786639631 and parameters: {'n_layers': 1, 'embedding_dim': 256, 'lr': 0.00019259030503259147, 'lambda_val': 0.000175802276250453, 'batch_size': 1422, 'optimizer': 'RMSprop'}. Best is trial 19 with value: 0.1315657637592616.
2026-05-10 23:26:30,506 - optuna.study._optimize - INFO - Trial 132 pruned. 
2026-05-10 23:27:02,039 - optuna.study.study - INFO - Trial 133 finished with value: 0.0801841903038508 and parameters: {'n_layers': 1, 'embedding_dim': 256, 'lr': 0.0002335545445399694, 'lambda_val': 0.0001585563426596927, 'batch_size': 1139, 'optimizer': 'RMSprop'}. Best is trial 19 with value: 0.1315657637592616.
2026-05-10 23:27:06,102 - optuna.study._optimize - INFO - Trial 134 pruned. 
2026-05-10 23:27:10,338 - optuna.study._optimize - INFO - Trial 135 pruned. 
2026-05-10 23:27:15,031 - optuna.study._optimize - INFO - Trial 136 pruned. 
2026-05-10 23:27:20,875 - optuna.study._optimize - INFO - Trial 137 pruned. 
2026-05-10 23:27:24,541 - optuna.study._optimize - INFO - Trial 138 pruned. 
2026-05-10 23:27:58,264 - optuna.study.study - INFO - Trial 139 finished with value: 0.08596978353037397 and parameters: {'n_layers': 1, 'embedding_dim': 256, 'lr': 0.00021362534658530966, 'lambda_val': 0.00017275027589054438, 'batch_size': 1634, 'optimizer': 'Adam'}. Best is trial 19 with value: 0.1315657637592616.
2026-05-10 23:28:01,861 - optuna.study._optimize - INFO - Trial 140 pruned. 
2026-05-10 23:28:35,596 - optuna.study.study - INFO - Trial 141 finished with value: 0.08662440570833506 and parameters: {'n_layers': 1, 'embedding_dim': 256, 'lr': 0.00025534215835488404, 'lambda_val': 0.00014971980891702953, 'batch_size': 1625, 'optimizer': 'Adam'}. Best is trial 19 with value: 0.1315657637592616.
2026-05-10 23:29:09,914 - optuna.study.study - INFO - Trial 142 finished with value: 0.07773385289208602 and parameters: {'n_layers': 1, 'embedding_dim': 256, 'lr': 0.0002546399585977649, 'lambda_val': 0.00014888856267665363, 'batch_size': 1644, 'optimizer': 'Adam'}. Best is trial 19 with value: 0.1315657637592616.
2026-05-10 23:29:14,043 - optuna.study._optimize - INFO - Trial 143 pruned. 
2026-05-10 23:29:47,458 - optuna.study.study - INFO - Trial 144 finished with value: 0.07075118239553202 and parameters: {'n_layers': 1, 'embedding_dim': 256, 'lr': 0.0003315802098852264, 'lambda_val': 0.00012641486584095732, 'batch_size': 1781, 'optimizer': 'Adam'}. Best is trial 19 with value: 0.1315657637592616.
2026-05-10 23:30:20,573 - optuna.study.study - INFO - Trial 145 finished with value: 0.0732588275763918 and parameters: {'n_layers': 1, 'embedding_dim': 256, 'lr': 0.00047341678474016423, 'lambda_val': 0.00017774841613764234, 'batch_size': 1453, 'optimizer': 'Adam'}. Best is trial 19 with value: 0.1315657637592616.
2026-05-10 23:30:24,912 - optuna.study._optimize - INFO - Trial 146 pruned. 
2026-05-10 23:30:28,689 - optuna.study._optimize - INFO - Trial 147 pruned. 
2026-05-10 23:30:33,084 - optuna.study._optimize - INFO - Trial 148 pruned. 
2026-05-10 23:30:38,177 - optuna.study._optimize - INFO - Trial 149 pruned. 
2026-05-10 23:30:42,120 - optuna.study._optimize - INFO - Trial 150 pruned. 
2026-05-10 23:30:46,229 - optuna.study._optimize - INFO - Trial 151 pruned. 
2026-05-10 23:30:50,758 - optuna.study._optimize - INFO - Trial 152 pruned. 
2026-05-10 23:30:54,978 - optuna.study._optimize - INFO - Trial 153 pruned. 
2026-05-10 23:31:28,463 - optuna.study.study - INFO - Trial 154 finished with value: 0.08535683203614496 and parameters: {'n_layers': 1, 'embedding_dim': 256, 'lr': 0.0002637754454493578, 'lambda_val': 8.258848626267246e-05, 'batch_size': 1444, 'optimizer': 'Adam'}. Best is trial 19 with value: 0.1315657637592616.
2026-05-10 23:32:01,334 - optuna.study.study - INFO - Trial 155 finished with value: 0.08373057512391156 and parameters: {'n_layers': 1, 'embedding_dim': 256, 'lr': 0.00024886049155057536, 'lambda_val': 8.165702663571506e-05, 'batch_size': 1446, 'optimizer': 'Adam'}. Best is trial 19 with value: 0.1315657637592616.
2026-05-10 23:32:05,540 - optuna.study._optimize - INFO - Trial 156 pruned. 
2026-05-10 23:32:38,901 - optuna.study.study - INFO - Trial 157 finished with value: 0.08545928011758686 and parameters: {'n_layers': 1, 'embedding_dim': 256, 'lr': 0.00024686108542514024, 'lambda_val': 5.6727061405293245e-05, 'batch_size': 1601, 'optimizer': 'Adam'}. Best is trial 19 with value: 0.1315657637592616.
2026-05-10 23:33:12,741 - optuna.study.study - INFO - Trial 158 finished with value: 0.08124811391408109 and parameters: {'n_layers': 1, 'embedding_dim': 256, 'lr': 0.00026988231756445676, 'lambda_val': 5.8798570277450623e-05, 'batch_size': 1567, 'optimizer': 'Adam'}. Best is trial 19 with value: 0.1315657637592616.
2026-05-10 23:33:46,748 - optuna.study.study - INFO - Trial 159 finished with value: 0.07504362058368348 and parameters: {'n_layers': 1, 'embedding_dim': 256, 'lr': 0.0004062654952724575, 'lambda_val': 6.756399446966949e-05, 'batch_size': 1644, 'optimizer': 'Adam'}. Best is trial 19 with value: 0.1315657637592616.
2026-05-10 23:34:19,697 - optuna.study.study - INFO - Trial 160 finished with value: 0.08484177352958762 and parameters: {'n_layers': 1, 'embedding_dim': 256, 'lr': 0.00022597869461296824, 'lambda_val': 1.6221414409746898e-06, 'batch_size': 1737, 'optimizer': 'Adam'}. Best is trial 19 with value: 0.1315657637592616.
2026-05-10 23:34:24,213 - optuna.study._optimize - INFO - Trial 161 pruned. 
2026-05-10 23:34:28,469 - optuna.study._optimize - INFO - Trial 162 pruned. 
2026-05-10 23:35:01,781 - optuna.study.study - INFO - Trial 163 finished with value: 0.08161985129559662 and parameters: {'n_layers': 1, 'embedding_dim': 256, 'lr': 0.0002656285240200084, 'lambda_val': 2.883165014067767e-06, 'batch_size': 1466, 'optimizer': 'Adam'}. Best is trial 19 with value: 0.1315657637592616.
2026-05-10 23:35:06,482 - optuna.study._optimize - INFO - Trial 164 pruned. 
2026-05-10 23:35:10,649 - optuna.study._optimize - INFO - Trial 165 pruned. 
2026-05-10 23:35:14,846 - optuna.study._optimize - INFO - Trial 166 pruned. 
2026-05-10 23:35:19,081 - optuna.study._optimize - INFO - Trial 167 pruned. 
2026-05-10 23:35:23,333 - optuna.study._optimize - INFO - Trial 168 pruned. 
2026-05-10 23:35:57,057 - optuna.study.study - INFO - Trial 169 finished with value: 0.07042556081552737 and parameters: {'n_layers': 1, 'embedding_dim': 256, 'lr': 0.0006427764969438391, 'lambda_val': 0.00011016831390605284, 'batch_size': 1597, 'optimizer': 'Adam'}. Best is trial 19 with value: 0.1315657637592616.
2026-05-10 23:36:30,147 - optuna.study.study - INFO - Trial 170 finished with value: 0.07494547978967689 and parameters: {'n_layers': 1, 'embedding_dim': 256, 'lr': 0.00037835129240030365, 'lambda_val': 7.780391258843584e-05, 'batch_size': 1292, 'optimizer': 'Adam'}. Best is trial 19 with value: 0.1315657637592616.
2026-05-10 23:36:34,639 - optuna.study._optimize - INFO - Trial 171 pruned. 
2026-05-10 23:36:39,065 - optuna.study._optimize - INFO - Trial 172 pruned. 
2026-05-10 23:37:12,114 - optuna.study.study - INFO - Trial 173 finished with value: 0.07891692022685373 and parameters: {'n_layers': 1, 'embedding_dim': 256, 'lr': 0.0002782856679673487, 'lambda_val': 2.5751350062524935e-05, 'batch_size': 1204, 'optimizer': 'RMSprop'}. Best is trial 19 with value: 0.1315657637592616.
2026-05-10 23:37:16,220 - optuna.study._optimize - INFO - Trial 174 pruned. 
2026-05-10 23:37:20,450 - optuna.study._optimize - INFO - Trial 175 pruned. 
2026-05-10 23:37:53,254 - optuna.study.study - INFO - Trial 176 finished with value: 0.07244401146311318 and parameters: {'n_layers': 1, 'embedding_dim': 256, 'lr': 0.00025026683717602487, 'lambda_val': 0.00013432611121503307, 'batch_size': 1531, 'optimizer': 'RMSprop'}. Best is trial 19 with value: 0.1315657637592616.
2026-05-10 23:37:56,785 - optuna.study._optimize - INFO - Trial 177 pruned. 
2026-05-10 23:38:00,904 - optuna.study._optimize - INFO - Trial 178 pruned. 
2026-05-10 23:38:05,079 - optuna.study._optimize - INFO - Trial 179 pruned. 
2026-05-10 23:38:32,571 - optuna.study.study - INFO - Trial 180 finished with value: 0.06435451454004354 and parameters: {'n_layers': 1, 'embedding_dim': 96, 'lr': 0.0004607747517194674, 'lambda_val': 0.00016191747588414438, 'batch_size': 916, 'optimizer': 'RMSprop'}. Best is trial 19 with value: 0.1315657637592616.
2026-05-10 23:39:00,836 - optuna.study.study - INFO - Trial 181 finished with value: 0.08716615854445593 and parameters: {'n_layers': 1, 'embedding_dim': 128, 'lr': 0.00034971158552322366, 'lambda_val': 7.732791467566556e-05, 'batch_size': 578, 'optimizer': 'RMSprop'}. Best is trial 19 with value: 0.1315657637592616.
2026-05-10 23:39:05,397 - optuna.study._optimize - INFO - Trial 182 pruned. 
2026-05-10 23:39:09,119 - optuna.study._optimize - INFO - Trial 183 pruned. 
2026-05-10 23:39:12,767 - optuna.study._optimize - INFO - Trial 184 pruned. 
2026-05-10 23:39:45,560 - optuna.study.study - INFO - Trial 185 finished with value: 0.07638554948773252 and parameters: {'n_layers': 1, 'embedding_dim': 256, 'lr': 0.00023675326538981684, 'lambda_val': 8.180939303104157e-05, 'batch_size': 1310, 'optimizer': 'RMSprop'}. Best is trial 19 with value: 0.1315657637592616.
2026-05-10 23:39:49,556 - optuna.study._optimize - INFO - Trial 186 pruned. 
2026-05-10 23:40:21,889 - optuna.study.study - INFO - Trial 187 finished with value: 0.0748393588793543 and parameters: {'n_layers': 1, 'embedding_dim': 256, 'lr': 0.0003236051090988239, 'lambda_val': 7.176426422667677e-05, 'batch_size': 1161, 'optimizer': 'RMSprop'}. Best is trial 19 with value: 0.1315657637592616.
2026-05-10 23:40:25,786 - optuna.study._optimize - INFO - Trial 188 pruned. 
2026-05-10 23:40:29,551 - optuna.study._optimize - INFO - Trial 189 pruned. 
2026-05-10 23:41:02,812 - optuna.study.study - INFO - Trial 190 finished with value: 0.07402642068040131 and parameters: {'n_layers': 1, 'embedding_dim': 256, 'lr': 0.000355089315723696, 'lambda_val': 9.595356121984709e-05, 'batch_size': 1611, 'optimizer': 'Adam'}. Best is trial 19 with value: 0.1315657637592616.
2026-05-10 23:41:38,035 - optuna.study.study - INFO - Trial 191 finished with value: 0.09455511315993609 and parameters: {'n_layers': 1, 'embedding_dim': 128, 'lr': 0.0002962144958380174, 'lambda_val': 7.783081638067747e-05, 'batch_size': 617, 'optimizer': 'RMSprop'}. Best is trial 19 with value: 0.1315657637592616.
2026-05-10 23:41:43,667 - optuna.study._optimize - INFO - Trial 192 pruned. 
2026-05-10 23:41:52,413 - optuna.study._optimize - INFO - Trial 193 pruned. 
2026-05-10 23:41:56,245 - optuna.study._optimize - INFO - Trial 194 pruned. 
2026-05-10 23:42:00,133 - optuna.study._optimize - INFO - Trial 195 pruned. 
2026-05-10 23:42:04,809 - optuna.study._optimize - INFO - Trial 196 pruned. 
2026-05-10 23:42:11,433 - optuna.study._optimize - INFO - Trial 197 pruned. 
2026-05-10 23:42:20,383 - optuna.study._optimize - INFO - Trial 198 pruned. 
2026-05-10 23:42:24,188 - optuna.study._optimize - INFO - Trial 199 pruned. 
2026-05-10 23:42:50,574 - root - INFO -   **** Training e_100K_1c1dcs_rand3
2026-05-10 23:42:50,587 - root - INFO -   **** Getting 53072/65410 random edges
2026-05-10 23:42:50,679 - optuna.storages._rdb.storage - INFO - A new study created in RDB with name: Study_e_100K_1c1dcs_rand3
2026-05-10 23:43:14,306 - optuna.study.study - INFO - Trial 0 finished with value: 0.04623174818464649 and parameters: {'n_layers': 1, 'embedding_dim': 32, 'lr': 4.60324477929993e-05, 'lambda_val': 3.2319490539678166e-05, 'batch_size': 2117, 'optimizer': 'Adam'}. Best is trial 0 with value: 0.04623174818464649.
2026-05-10 23:43:45,370 - optuna.study.study - INFO - Trial 1 finished with value: 0.003346150181571355 and parameters: {'n_layers': 3, 'embedding_dim': 64, 'lr': 0.008778933145135495, 'lambda_val': 0.00022318766014919262, 'batch_size': 1995, 'optimizer': 'SGD'}. Best is trial 0 with value: 0.04623174818464649.
2026-05-10 23:44:21,314 - optuna.study.study - INFO - Trial 2 finished with value: 0.014902781534167242 and parameters: {'n_layers': 3, 'embedding_dim': 64, 'lr': 0.00023469439738624595, 'lambda_val': 0.000119685667675202, 'batch_size': 3089, 'optimizer': 'Adam'}. Best is trial 0 with value: 0.04623174818464649.
2026-05-10 23:44:46,741 - optuna.study.study - INFO - Trial 3 finished with value: 0.0029994945217263385 and parameters: {'n_layers': 2, 'embedding_dim': 32, 'lr': 0.027242942434971454, 'lambda_val': 0.037025926321340615, 'batch_size': 1942, 'optimizer': 'SGD'}. Best is trial 0 with value: 0.04623174818464649.
2026-05-10 23:45:37,512 - optuna.study.study - INFO - Trial 4 finished with value: 0.02324618531661223 and parameters: {'n_layers': 3, 'embedding_dim': 256, 'lr': 1.9155957676665534e-05, 'lambda_val': 1.2909422342765214e-06, 'batch_size': 3919, 'optimizer': 'RMSprop'}. Best is trial 0 with value: 0.04623174818464649.
2026-05-10 23:45:47,582 - optuna.study._optimize - INFO - Trial 5 pruned. 
2026-05-10 23:46:17,610 - optuna.study.study - INFO - Trial 6 finished with value: 0.05589170321468977 and parameters: {'n_layers': 1, 'embedding_dim': 128, 'lr': 0.010749479816063756, 'lambda_val': 8.493642230741311e-05, 'batch_size': 1038, 'optimizer': 'RMSprop'}. Best is trial 6 with value: 0.05589170321468977.
2026-05-10 23:46:47,998 - optuna.study.study - INFO - Trial 7 finished with value: 0.08532008709719469 and parameters: {'n_layers': 2, 'embedding_dim': 32, 'lr': 8.73702875971976e-05, 'lambda_val': 3.216374775162717e-05, 'batch_size': 1065, 'optimizer': 'RMSprop'}. Best is trial 7 with value: 0.08532008709719469.
2026-05-10 23:46:55,245 - optuna.study._optimize - INFO - Trial 8 pruned. 
2026-05-10 23:47:02,720 - optuna.study._optimize - INFO - Trial 9 pruned. 
2026-05-10 23:47:37,114 - optuna.study.study - INFO - Trial 10 finished with value: 0.030490913941725286 and parameters: {'n_layers': 2, 'embedding_dim': 96, 'lr': 0.0015484156310277904, 'lambda_val': 0.00278422740241671, 'batch_size': 600, 'optimizer': 'RMSprop'}. Best is trial 7 with value: 0.08532008709719469.
2026-05-10 23:48:06,994 - optuna.study.study - INFO - Trial 11 finished with value: 0.04721677242691101 and parameters: {'n_layers': 1, 'embedding_dim': 128, 'lr': 0.0038822238921962402, 'lambda_val': 2.802147567758486e-06, 'batch_size': 877, 'optimizer': 'RMSprop'}. Best is trial 7 with value: 0.08532008709719469.
2026-05-10 23:48:11,412 - optuna.study._optimize - INFO - Trial 12 pruned. 
2026-05-10 23:48:46,355 - optuna.study.study - INFO - Trial 13 finished with value: 0.025638430039288115 and parameters: {'n_layers': 2, 'embedding_dim': 96, 'lr': 0.0003029184526395198, 'lambda_val': 9.736154809511222e-06, 'batch_size': 1288, 'optimizer': 'RMSprop'}. Best is trial 7 with value: 0.08532008709719469.
2026-05-10 23:49:19,781 - optuna.study.study - INFO - Trial 14 finished with value: 0.07550829649574768 and parameters: {'n_layers': 1, 'embedding_dim': 128, 'lr': 0.010173250762360928, 'lambda_val': 0.0022122232101455834, 'batch_size': 1430, 'optimizer': 'RMSprop'}. Best is trial 7 with value: 0.08532008709719469.
2026-05-10 23:49:51,492 - optuna.study.study - INFO - Trial 15 finished with value: 0.06829911409746367 and parameters: {'n_layers': 2, 'embedding_dim': 32, 'lr': 0.00015006272900009346, 'lambda_val': 0.0014634297357793023, 'batch_size': 1580, 'optimizer': 'RMSprop'}. Best is trial 7 with value: 0.08532008709719469.
2026-05-10 23:50:20,613 - optuna.study.study - INFO - Trial 16 finished with value: 0.038124143712108566 and parameters: {'n_layers': 1, 'embedding_dim': 32, 'lr': 0.0014739589067710457, 'lambda_val': 0.0007634899036201387, 'batch_size': 2624, 'optimizer': 'Adam'}. Best is trial 7 with value: 0.08532008709719469.
2026-05-10 23:50:26,439 - optuna.study._optimize - INFO - Trial 17 pruned. 
2026-05-10 23:50:55,460 - optuna.study.study - INFO - Trial 18 finished with value: 0.059709989015790395 and parameters: {'n_layers': 1, 'embedding_dim': 64, 'lr': 0.004975415319333763, 'lambda_val': 0.0005475802681505832, 'batch_size': 521, 'optimizer': 'RMSprop'}. Best is trial 7 with value: 0.08532008709719469.
2026-05-10 23:51:32,496 - optuna.study.study - INFO - Trial 19 finished with value: 0.02701920391015367 and parameters: {'n_layers': 2, 'embedding_dim': 96, 'lr': 0.0007853704285151481, 'lambda_val': 5.909808674530018e-06, 'batch_size': 1542, 'optimizer': 'RMSprop'}. Best is trial 7 with value: 0.08532008709719469.
2026-05-10 23:51:37,763 - optuna.study._optimize - INFO - Trial 20 pruned. 
2026-05-10 23:52:06,309 - optuna.study.study - INFO - Trial 21 finished with value: 0.02989626273188784 and parameters: {'n_layers': 2, 'embedding_dim': 32, 'lr': 0.00020976549300901197, 'lambda_val': 0.0013377444039289782, 'batch_size': 1608, 'optimizer': 'RMSprop'}. Best is trial 7 with value: 0.08532008709719469.
2026-05-10 23:52:33,274 - optuna.study.study - INFO - Trial 22 finished with value: 0.06213522942141729 and parameters: {'n_layers': 2, 'embedding_dim': 32, 'lr': 0.0001469752796725802, 'lambda_val': 0.001298248437827349, 'batch_size': 1027, 'optimizer': 'RMSprop'}. Best is trial 7 with value: 0.08532008709719469.
2026-05-10 23:52:36,671 - optuna.study._optimize - INFO - Trial 23 pruned. 
2026-05-10 23:53:06,081 - optuna.study.study - INFO - Trial 24 finished with value: 0.01890610754873492 and parameters: {'n_layers': 3, 'embedding_dim': 32, 'lr': 0.0003911620413830575, 'lambda_val': 0.00032679434046685413, 'batch_size': 1800, 'optimizer': 'RMSprop'}. Best is trial 7 with value: 0.08532008709719469.
2026-05-10 23:53:10,956 - optuna.study._optimize - INFO - Trial 25 pruned. 
2026-05-10 23:53:14,401 - optuna.study._optimize - INFO - Trial 26 pruned. 
2026-05-10 23:53:18,376 - optuna.study._optimize - INFO - Trial 27 pruned. 
2026-05-10 23:53:24,545 - optuna.study._optimize - INFO - Trial 28 pruned. 
2026-05-10 23:53:28,869 - optuna.study._optimize - INFO - Trial 29 pruned. 
2026-05-10 23:53:59,124 - optuna.study.study - INFO - Trial 30 finished with value: 0.05738373740633881 and parameters: {'n_layers': 1, 'embedding_dim': 64, 'lr': 0.0004416119974731366, 'lambda_val': 1.1180088639392507e-05, 'batch_size': 1784, 'optimizer': 'Adam'}. Best is trial 7 with value: 0.08532008709719469.
2026-05-10 23:54:03,091 - optuna.study._optimize - INFO - Trial 31 pruned. 
2026-05-10 23:54:06,757 - optuna.study._optimize - INFO - Trial 32 pruned. 
2026-05-10 23:54:10,885 - optuna.study._optimize - INFO - Trial 33 pruned. 
2026-05-10 23:54:14,852 - optuna.study._optimize - INFO - Trial 34 pruned. 
2026-05-10 23:54:18,939 - optuna.study._optimize - INFO - Trial 35 pruned. 
2026-05-10 23:54:25,032 - optuna.study._optimize - INFO - Trial 36 pruned. 
2026-05-10 23:54:31,025 - optuna.study._optimize - INFO - Trial 37 pruned. 
2026-05-10 23:54:35,893 - optuna.study._optimize - INFO - Trial 38 pruned. 
2026-05-10 23:54:41,165 - optuna.study._optimize - INFO - Trial 39 pruned. 
2026-05-10 23:54:45,424 - optuna.study._optimize - INFO - Trial 40 pruned. 
2026-05-10 23:55:18,020 - optuna.study.study - INFO - Trial 41 finished with value: 0.0569913401360593 and parameters: {'n_layers': 1, 'embedding_dim': 64, 'lr': 0.005338493010479501, 'lambda_val': 0.0007328410063662503, 'batch_size': 531, 'optimizer': 'RMSprop'}. Best is trial 7 with value: 0.08532008709719469.
2026-05-10 23:55:51,235 - optuna.study.study - INFO - Trial 42 finished with value: 0.06117024858107745 and parameters: {'n_layers': 1, 'embedding_dim': 64, 'lr': 0.006694791259129273, 'lambda_val': 0.0005452816083710335, 'batch_size': 524, 'optimizer': 'RMSprop'}. Best is trial 7 with value: 0.08532008709719469.
2026-05-10 23:55:54,852 - optuna.study._optimize - INFO - Trial 43 pruned. 
2026-05-10 23:55:59,079 - optuna.study._optimize - INFO - Trial 44 pruned. 
2026-05-10 23:56:03,624 - optuna.study._optimize - INFO - Trial 45 pruned. 
2026-05-10 23:56:39,108 - optuna.study.study - INFO - Trial 46 finished with value: 0.04956282430611419 and parameters: {'n_layers': 1, 'embedding_dim': 64, 'lr': 0.0013095225954920329, 'lambda_val': 0.002108252515750202, 'batch_size': 1319, 'optimizer': 'RMSprop'}. Best is trial 7 with value: 0.08532008709719469.
2026-05-10 23:56:45,976 - optuna.study._optimize - INFO - Trial 47 pruned. 
2026-05-10 23:56:49,630 - optuna.study._optimize - INFO - Trial 48 pruned. 
2026-05-10 23:56:54,172 - optuna.study._optimize - INFO - Trial 49 pruned. 
2026-05-10 23:56:58,453 - optuna.study._optimize - INFO - Trial 50 pruned. 
2026-05-10 23:57:02,316 - optuna.study._optimize - INFO - Trial 51 pruned. 
2026-05-10 23:57:29,003 - optuna.study.study - INFO - Trial 52 finished with value: 0.06549518676703897 and parameters: {'n_layers': 1, 'embedding_dim': 64, 'lr': 0.013202795240674947, 'lambda_val': 0.0010181368383566285, 'batch_size': 530, 'optimizer': 'RMSprop'}. Best is trial 7 with value: 0.08532008709719469.
2026-05-10 23:57:55,401 - optuna.study.study - INFO - Trial 53 finished with value: 0.06528554512848887 and parameters: {'n_layers': 1, 'embedding_dim': 64, 'lr': 0.010809598533663561, 'lambda_val': 0.0009189922155432646, 'batch_size': 796, 'optimizer': 'RMSprop'}. Best is trial 7 with value: 0.08532008709719469.
2026-05-10 23:58:22,046 - optuna.study.study - INFO - Trial 54 finished with value: 0.07003297598409834 and parameters: {'n_layers': 1, 'embedding_dim': 64, 'lr': 0.014430286819714587, 'lambda_val': 0.0010258661207771453, 'batch_size': 1194, 'optimizer': 'RMSprop'}. Best is trial 7 with value: 0.08532008709719469.
2026-05-10 23:58:25,804 - optuna.study._optimize - INFO - Trial 55 pruned. 
2026-05-10 23:58:30,064 - optuna.study._optimize - INFO - Trial 56 pruned. 
2026-05-10 23:58:34,040 - optuna.study._optimize - INFO - Trial 57 pruned. 
2026-05-10 23:58:37,875 - optuna.study._optimize - INFO - Trial 58 pruned. 
2026-05-10 23:58:41,276 - optuna.study._optimize - INFO - Trial 59 pruned. 
2026-05-10 23:59:16,057 - optuna.study.study - INFO - Trial 60 finished with value: 0.07961988357998227 and parameters: {'n_layers': 1, 'embedding_dim': 256, 'lr': 0.004353214759418835, 'lambda_val': 0.0008636598959516374, 'batch_size': 4072, 'optimizer': 'RMSprop'}. Best is trial 7 with value: 0.08532008709719469.
2026-05-10 23:59:51,193 - optuna.study.study - INFO - Trial 61 finished with value: 0.08426799949962546 and parameters: {'n_layers': 1, 'embedding_dim': 256, 'lr': 0.004403498417228889, 'lambda_val': 0.000844535928607615, 'batch_size': 3472, 'optimizer': 'RMSprop'}. Best is trial 7 with value: 0.08532008709719469.
2026-05-11 00:00:27,551 - optuna.study.study - INFO - Trial 62 finished with value: 0.0798099803551569 and parameters: {'n_layers': 1, 'embedding_dim': 256, 'lr': 0.004261298044333765, 'lambda_val': 0.0034702272831511143, 'batch_size': 3502, 'optimizer': 'RMSprop'}. Best is trial 7 with value: 0.08532008709719469.
2026-05-11 00:01:02,715 - optuna.study.study - INFO - Trial 63 finished with value: 0.07386582234253007 and parameters: {'n_layers': 1, 'embedding_dim': 256, 'lr': 0.004334412227354876, 'lambda_val': 0.004439896584412565, 'batch_size': 3999, 'optimizer': 'RMSprop'}. Best is trial 7 with value: 0.08532008709719469.
2026-05-11 00:01:37,900 - optuna.study.study - INFO - Trial 64 finished with value: 0.07531903372088489 and parameters: {'n_layers': 1, 'embedding_dim': 256, 'lr': 0.0037254329567037478, 'lambda_val': 0.004407341158026357, 'batch_size': 4067, 'optimizer': 'RMSprop'}. Best is trial 7 with value: 0.08532008709719469.
2026-05-11 00:02:12,023 - optuna.study.study - INFO - Trial 65 finished with value: 0.07543108453094857 and parameters: {'n_layers': 1, 'embedding_dim': 256, 'lr': 0.003907446278836345, 'lambda_val': 0.0034921708684793194, 'batch_size': 4064, 'optimizer': 'RMSprop'}. Best is trial 7 with value: 0.08532008709719469.
2026-05-11 00:02:17,034 - optuna.study._optimize - INFO - Trial 66 pruned. 
2026-05-11 00:02:51,624 - optuna.study.study - INFO - Trial 67 finished with value: 0.07111324430694675 and parameters: {'n_layers': 1, 'embedding_dim': 256, 'lr': 0.003537950866577135, 'lambda_val': 0.006547489283022966, 'batch_size': 3403, 'optimizer': 'RMSprop'}. Best is trial 7 with value: 0.08532008709719469.
2026-05-11 00:03:27,050 - optuna.study.study - INFO - Trial 68 finished with value: 0.07657002884004938 and parameters: {'n_layers': 1, 'embedding_dim': 256, 'lr': 0.0018756033881798249, 'lambda_val': 0.003111544216275417, 'batch_size': 4084, 'optimizer': 'RMSprop'}. Best is trial 7 with value: 0.08532008709719469.
2026-05-11 00:04:02,913 - optuna.study.study - INFO - Trial 69 finished with value: 0.07476450462120762 and parameters: {'n_layers': 1, 'embedding_dim': 256, 'lr': 0.001062485817039175, 'lambda_val': 0.0030056247139475935, 'batch_size': 3810, 'optimizer': 'Adam'}. Best is trial 7 with value: 0.08532008709719469.
2026-05-11 00:04:07,100 - optuna.study._optimize - INFO - Trial 70 pruned. 
2026-05-11 00:04:42,572 - optuna.study.study - INFO - Trial 71 finished with value: 0.07361497332381443 and parameters: {'n_layers': 1, 'embedding_dim': 256, 'lr': 0.0036021515515516443, 'lambda_val': 0.0034790357068498878, 'batch_size': 4093, 'optimizer': 'RMSprop'}. Best is trial 7 with value: 0.08532008709719469.
2026-05-11 00:05:16,776 - optuna.study.study - INFO - Trial 72 finished with value: 0.068712103088732 and parameters: {'n_layers': 1, 'embedding_dim': 256, 'lr': 0.0019145886458776867, 'lambda_val': 0.004652365072982359, 'batch_size': 3029, 'optimizer': 'RMSprop'}. Best is trial 7 with value: 0.08532008709719469.
2026-05-11 00:05:52,421 - optuna.study.study - INFO - Trial 73 finished with value: 0.08004090584355865 and parameters: {'n_layers': 1, 'embedding_dim': 256, 'lr': 0.006138173585618862, 'lambda_val': 0.0027237774248851498, 'batch_size': 3896, 'optimizer': 'RMSprop'}. Best is trial 7 with value: 0.08532008709719469.
2026-05-11 00:05:59,149 - optuna.study._optimize - INFO - Trial 74 pruned. 
2026-05-11 00:06:34,063 - optuna.study.study - INFO - Trial 75 finished with value: 0.08219868402491992 and parameters: {'n_layers': 1, 'embedding_dim': 256, 'lr': 0.0057168892413379715, 'lambda_val': 0.0024768344879179433, 'batch_size': 3645, 'optimizer': 'RMSprop'}. Best is trial 7 with value: 0.08532008709719469.
2026-05-11 00:07:09,102 - optuna.study.study - INFO - Trial 76 finished with value: 0.08058581037198158 and parameters: {'n_layers': 1, 'embedding_dim': 256, 'lr': 0.006054748573224343, 'lambda_val': 0.0018060087968237752, 'batch_size': 3636, 'optimizer': 'RMSprop'}. Best is trial 7 with value: 0.08532008709719469.
2026-05-11 00:07:44,798 - optuna.study.study - INFO - Trial 77 finished with value: 0.08319703284134167 and parameters: {'n_layers': 1, 'embedding_dim': 256, 'lr': 0.005489023345149689, 'lambda_val': 0.002484245238175069, 'batch_size': 3588, 'optimizer': 'RMSprop'}. Best is trial 7 with value: 0.08532008709719469.
2026-05-11 00:08:19,236 - optuna.study.study - INFO - Trial 78 finished with value: 0.0766345467012258 and parameters: {'n_layers': 1, 'embedding_dim': 256, 'lr': 0.0061372897132455076, 'lambda_val': 0.0007112803119175015, 'batch_size': 3563, 'optimizer': 'RMSprop'}. Best is trial 7 with value: 0.08532008709719469.
2026-05-11 00:08:54,684 - optuna.study.study - INFO - Trial 79 finished with value: 0.07940306521685594 and parameters: {'n_layers': 1, 'embedding_dim': 256, 'lr': 0.007833048856183609, 'lambda_val': 0.001717771418270327, 'batch_size': 3161, 'optimizer': 'RMSprop'}. Best is trial 7 with value: 0.08532008709719469.
2026-05-11 00:09:10,949 - optuna.study._optimize - INFO - Trial 80 pruned. 
2026-05-11 00:09:50,904 - optuna.study.study - INFO - Trial 81 finished with value: 0.07375868171275314 and parameters: {'n_layers': 1, 'embedding_dim': 256, 'lr': 0.00845809173438545, 'lambda_val': 0.001846964696776152, 'batch_size': 3250, 'optimizer': 'RMSprop'}. Best is trial 7 with value: 0.08532008709719469.
2026-05-11 00:10:25,550 - optuna.study.study - INFO - Trial 82 finished with value: 0.08104097947514072 and parameters: {'n_layers': 1, 'embedding_dim': 256, 'lr': 0.0063416060135790394, 'lambda_val': 0.0013749774141322887, 'batch_size': 3714, 'optimizer': 'RMSprop'}. Best is trial 7 with value: 0.08532008709719469.
2026-05-11 00:11:00,618 - optuna.study.study - INFO - Trial 83 finished with value: 0.08034689495406717 and parameters: {'n_layers': 1, 'embedding_dim': 256, 'lr': 0.005184858662543255, 'lambda_val': 0.0024678114960760404, 'batch_size': 3695, 'optimizer': 'RMSprop'}. Best is trial 7 with value: 0.08532008709719469.
2026-05-11 00:11:34,924 - optuna.study.study - INFO - Trial 84 finished with value: 0.08003580458355283 and parameters: {'n_layers': 1, 'embedding_dim': 256, 'lr': 0.006164300162589341, 'lambda_val': 0.0012781276321742387, 'batch_size': 3699, 'optimizer': 'RMSprop'}. Best is trial 7 with value: 0.08532008709719469.
2026-05-11 00:12:09,800 - optuna.study.study - INFO - Trial 85 finished with value: 0.0777844403627967 and parameters: {'n_layers': 1, 'embedding_dim': 256, 'lr': 0.005803613254209986, 'lambda_val': 0.002394097813583064, 'batch_size': 3716, 'optimizer': 'RMSprop'}. Best is trial 7 with value: 0.08532008709719469.
2026-05-11 00:12:44,589 - optuna.study.study - INFO - Trial 86 finished with value: 0.0813055038575037 and parameters: {'n_layers': 1, 'embedding_dim': 256, 'lr': 0.009147394998342304, 'lambda_val': 0.001243057782327002, 'batch_size': 3932, 'optimizer': 'RMSprop'}. Best is trial 7 with value: 0.08532008709719469.
2026-05-11 00:12:49,055 - optuna.study._optimize - INFO - Trial 87 pruned. 
2026-05-11 00:13:24,125 - optuna.study.study - INFO - Trial 88 finished with value: 0.0737678782911361 and parameters: {'n_layers': 1, 'embedding_dim': 256, 'lr': 0.0022492955241041022, 'lambda_val': 0.001300333219774152, 'batch_size': 3919, 'optimizer': 'RMSprop'}. Best is trial 7 with value: 0.08532008709719469.
2026-05-11 00:13:28,229 - optuna.study._optimize - INFO - Trial 89 pruned. 
2026-05-11 00:13:33,087 - optuna.study._optimize - INFO - Trial 90 pruned. 
2026-05-11 00:14:07,632 - optuna.study.study - INFO - Trial 91 finished with value: 0.08153545482964232 and parameters: {'n_layers': 1, 'embedding_dim': 256, 'lr': 0.006595398671968239, 'lambda_val': 0.0012390043897703312, 'batch_size': 3571, 'optimizer': 'RMSprop'}. Best is trial 7 with value: 0.08532008709719469.
2026-05-11 00:14:41,896 - optuna.study.study - INFO - Trial 92 finished with value: 0.080750763184942 and parameters: {'n_layers': 1, 'embedding_dim': 256, 'lr': 0.005086312158991533, 'lambda_val': 0.0025864028746007722, 'batch_size': 3324, 'optimizer': 'RMSprop'}. Best is trial 7 with value: 0.08532008709719469.
2026-05-11 00:14:47,984 - optuna.study._optimize - INFO - Trial 93 pruned. 
2026-05-11 00:15:22,910 - optuna.study.study - INFO - Trial 94 finished with value: 0.07334112118790778 and parameters: {'n_layers': 1, 'embedding_dim': 256, 'lr': 0.003290621314839254, 'lambda_val': 0.0019100514576973003, 'batch_size': 3590, 'optimizer': 'RMSprop'}. Best is trial 7 with value: 0.08532008709719469.
2026-05-11 00:15:30,449 - optuna.study._optimize - INFO - Trial 95 pruned. 
2026-05-11 00:15:34,636 - optuna.study._optimize - INFO - Trial 96 pruned. 
2026-05-11 00:15:38,945 - optuna.study._optimize - INFO - Trial 97 pruned. 
2026-05-11 00:15:49,380 - optuna.study._optimize - INFO - Trial 98 pruned. 
2026-05-11 00:15:57,823 - optuna.study._optimize - INFO - Trial 99 pruned. 
2026-05-11 00:16:02,596 - optuna.study._optimize - INFO - Trial 100 pruned. 
2026-05-11 00:16:37,548 - optuna.study.study - INFO - Trial 101 finished with value: 0.081659344138462 and parameters: {'n_layers': 1, 'embedding_dim': 256, 'lr': 0.00668330206396997, 'lambda_val': 0.0024018952486161626, 'batch_size': 3960, 'optimizer': 'RMSprop'}. Best is trial 7 with value: 0.08532008709719469.
2026-05-11 00:17:14,078 - optuna.study.study - INFO - Trial 102 finished with value: 0.0797674964092495 and parameters: {'n_layers': 1, 'embedding_dim': 256, 'lr': 0.011658094950507179, 'lambda_val': 0.001519024123922128, 'batch_size': 3949, 'optimizer': 'RMSprop'}. Best is trial 7 with value: 0.08532008709719469.
2026-05-11 00:17:49,408 - optuna.study.study - INFO - Trial 103 finished with value: 0.08032981372931125 and parameters: {'n_layers': 1, 'embedding_dim': 256, 'lr': 0.00715240031654659, 'lambda_val': 0.002426696377268163, 'batch_size': 3214, 'optimizer': 'RMSprop'}. Best is trial 7 with value: 0.08532008709719469.
2026-05-11 00:17:53,271 - optuna.study._optimize - INFO - Trial 104 pruned. 
2026-05-11 00:18:28,270 - optuna.study.study - INFO - Trial 105 finished with value: 0.07996129728030064 and parameters: {'n_layers': 1, 'embedding_dim': 256, 'lr': 0.0051218899054900225, 'lambda_val': 0.0016738838608497204, 'batch_size': 3415, 'optimizer': 'RMSprop'}. Best is trial 7 with value: 0.08532008709719469.
2026-05-11 00:18:32,554 - optuna.study._optimize - INFO - Trial 106 pruned. 
2026-05-11 00:18:46,468 - optuna.study._optimize - INFO - Trial 107 pruned. 
2026-05-11 00:18:50,737 - optuna.study._optimize - INFO - Trial 108 pruned. 
2026-05-11 00:18:55,283 - optuna.study._optimize - INFO - Trial 109 pruned. 
2026-05-11 00:19:00,531 - optuna.study._optimize - INFO - Trial 110 pruned. 
2026-05-11 00:19:35,184 - optuna.study.study - INFO - Trial 111 finished with value: 0.07408350325252565 and parameters: {'n_layers': 1, 'embedding_dim': 256, 'lr': 0.009673803613857078, 'lambda_val': 0.0024432705397435393, 'batch_size': 3278, 'optimizer': 'RMSprop'}. Best is trial 7 with value: 0.08532008709719469.
2026-05-11 00:19:48,820 - optuna.study._optimize - INFO - Trial 112 pruned. 
2026-05-11 00:20:23,268 - optuna.study.study - INFO - Trial 113 finished with value: 0.07616920199121756 and parameters: {'n_layers': 1, 'embedding_dim': 256, 'lr': 0.004225950084847694, 'lambda_val': 0.0017647371422766865, 'batch_size': 3435, 'optimizer': 'RMSprop'}. Best is trial 7 with value: 0.08532008709719469.
2026-05-11 00:20:27,687 - optuna.study._optimize - INFO - Trial 114 pruned. 
2026-05-11 00:20:32,333 - optuna.study._optimize - INFO - Trial 115 pruned. 
2026-05-11 00:20:37,468 - optuna.study._optimize - INFO - Trial 116 pruned. 
2026-05-11 00:20:42,066 - optuna.study._optimize - INFO - Trial 117 pruned. 
2026-05-11 00:21:17,427 - optuna.study.study - INFO - Trial 118 finished with value: 0.07475046637226125 and parameters: {'n_layers': 1, 'embedding_dim': 256, 'lr': 0.004896393920233619, 'lambda_val': 0.0010624290561331157, 'batch_size': 3350, 'optimizer': 'RMSprop'}. Best is trial 7 with value: 0.08532008709719469.
2026-05-11 00:21:21,633 - optuna.study._optimize - INFO - Trial 119 pruned. 
2026-05-11 00:21:25,896 - optuna.study._optimize - INFO - Trial 120 pruned. 
2026-05-11 00:22:00,213 - optuna.study.study - INFO - Trial 121 finished with value: 0.07512215289968131 and parameters: {'n_layers': 1, 'embedding_dim': 256, 'lr': 0.006179160069874576, 'lambda_val': 0.002661864859853177, 'batch_size': 3884, 'optimizer': 'RMSprop'}. Best is trial 7 with value: 0.08532008709719469.
2026-05-11 00:22:06,918 - optuna.study._optimize - INFO - Trial 122 pruned. 
2026-05-11 00:22:41,590 - optuna.study.study - INFO - Trial 123 finished with value: 0.08002006802424742 and parameters: {'n_layers': 1, 'embedding_dim': 256, 'lr': 0.004113211547160725, 'lambda_val': 0.0015607238299694417, 'batch_size': 3737, 'optimizer': 'RMSprop'}. Best is trial 7 with value: 0.08532008709719469.
2026-05-11 00:23:16,415 - optuna.study.study - INFO - Trial 124 finished with value: 0.08012046021205682 and parameters: {'n_layers': 1, 'embedding_dim': 256, 'lr': 0.008172514395927784, 'lambda_val': 0.0021465031711149214, 'batch_size': 2735, 'optimizer': 'RMSprop'}. Best is trial 7 with value: 0.08532008709719469.
2026-05-11 00:23:50,603 - optuna.study.study - INFO - Trial 125 finished with value: 0.07884234469251127 and parameters: {'n_layers': 1, 'embedding_dim': 256, 'lr': 0.00856012085087914, 'lambda_val': 0.0020485947232393676, 'batch_size': 3207, 'optimizer': 'RMSprop'}. Best is trial 7 with value: 0.08532008709719469.
2026-05-11 00:23:54,665 - optuna.study._optimize - INFO - Trial 126 pruned. 
2026-05-11 00:24:29,115 - optuna.study.study - INFO - Trial 127 finished with value: 0.08238459895205481 and parameters: {'n_layers': 1, 'embedding_dim': 256, 'lr': 0.007401154812795337, 'lambda_val': 0.0008989039796805462, 'batch_size': 3620, 'optimizer': 'RMSprop'}. Best is trial 7 with value: 0.08532008709719469.
2026-05-11 00:24:39,935 - optuna.study._optimize - INFO - Trial 128 pruned. 
2026-05-11 00:24:45,957 - optuna.study._optimize - INFO - Trial 129 pruned. 
2026-05-11 00:24:49,690 - optuna.study._optimize - INFO - Trial 130 pruned. 
2026-05-11 00:25:24,644 - optuna.study.study - INFO - Trial 131 finished with value: 0.07734288106579097 and parameters: {'n_layers': 1, 'embedding_dim': 256, 'lr': 0.007762034477522311, 'lambda_val': 0.0020481773340694704, 'batch_size': 3590, 'optimizer': 'RMSprop'}. Best is trial 7 with value: 0.08532008709719469.
2026-05-11 00:25:29,108 - optuna.study._optimize - INFO - Trial 132 pruned. 
2026-05-11 00:26:03,969 - optuna.study.study - INFO - Trial 133 finished with value: 0.07957494014763423 and parameters: {'n_layers': 1, 'embedding_dim': 256, 'lr': 0.010207353733636605, 'lambda_val': 0.0009961434995690603, 'batch_size': 2786, 'optimizer': 'RMSprop'}. Best is trial 7 with value: 0.08532008709719469.
2026-05-11 00:26:16,442 - optuna.study._optimize - INFO - Trial 134 pruned. 
2026-05-11 00:26:51,759 - optuna.study.study - INFO - Trial 135 finished with value: 0.07757460484547048 and parameters: {'n_layers': 1, 'embedding_dim': 256, 'lr': 0.00414717769269385, 'lambda_val': 0.0016234398533584472, 'batch_size': 3058, 'optimizer': 'RMSprop'}. Best is trial 7 with value: 0.08532008709719469.
2026-05-11 00:27:25,977 - optuna.study.study - INFO - Trial 136 finished with value: 0.07499305533120876 and parameters: {'n_layers': 1, 'embedding_dim': 256, 'lr': 0.006112670041698116, 'lambda_val': 0.0028145932870839397, 'batch_size': 3454, 'optimizer': 'RMSprop'}. Best is trial 7 with value: 0.08532008709719469.
2026-05-11 00:27:30,985 - optuna.study._optimize - INFO - Trial 137 pruned. 
2026-05-11 00:27:35,248 - optuna.study._optimize - INFO - Trial 138 pruned. 
2026-05-11 00:27:39,401 - optuna.study._optimize - INFO - Trial 139 pruned. 
2026-05-11 00:28:14,357 - optuna.study.study - INFO - Trial 140 finished with value: 0.08162174780045142 and parameters: {'n_layers': 1, 'embedding_dim': 256, 'lr': 0.00712644260364055, 'lambda_val': 0.0011238461813802638, 'batch_size': 3125, 'optimizer': 'RMSprop'}. Best is trial 7 with value: 0.08532008709719469.
2026-05-11 00:28:48,946 - optuna.study.study - INFO - Trial 141 finished with value: 0.08265294830334816 and parameters: {'n_layers': 1, 'embedding_dim': 256, 'lr': 0.007106645762659058, 'lambda_val': 0.0011189456086344216, 'batch_size': 2967, 'optimizer': 'RMSprop'}. Best is trial 7 with value: 0.08532008709719469.
2026-05-11 00:29:23,666 - optuna.study.study - INFO - Trial 142 finished with value: 0.08112873785827229 and parameters: {'n_layers': 1, 'embedding_dim': 256, 'lr': 0.006900591214005661, 'lambda_val': 0.0010889579656850586, 'batch_size': 3303, 'optimizer': 'RMSprop'}. Best is trial 7 with value: 0.08532008709719469.
2026-05-11 00:29:58,136 - optuna.study.study - INFO - Trial 143 finished with value: 0.07251890511534331 and parameters: {'n_layers': 1, 'embedding_dim': 256, 'lr': 0.005424433316833134, 'lambda_val': 0.0008360882297175833, 'batch_size': 3146, 'optimizer': 'RMSprop'}. Best is trial 7 with value: 0.08532008709719469.
2026-05-11 00:30:33,005 - optuna.study.study - INFO - Trial 144 finished with value: 0.05438030605036851 and parameters: {'n_layers': 1, 'embedding_dim': 256, 'lr': 0.0003611289651828108, 'lambda_val': 0.0010598931111565158, 'batch_size': 3351, 'optimizer': 'RMSprop'}. Best is trial 7 with value: 0.08532008709719469.
2026-05-11 00:30:37,266 - optuna.study._optimize - INFO - Trial 145 pruned. 
2026-05-11 00:31:11,781 - optuna.study.study - INFO - Trial 146 finished with value: 0.07866505991915963 and parameters: {'n_layers': 1, 'embedding_dim': 256, 'lr': 0.0041770481031723015, 'lambda_val': 0.0017125889728039495, 'batch_size': 3551, 'optimizer': 'RMSprop'}. Best is trial 7 with value: 0.08532008709719469.
2026-05-11 00:31:15,821 - optuna.study._optimize - INFO - Trial 147 pruned. 
2026-05-11 00:31:20,141 - optuna.study._optimize - INFO - Trial 148 pruned. 
2026-05-11 00:31:42,134 - optuna.study._optimize - INFO - Trial 149 pruned. 
2026-05-11 00:31:47,560 - optuna.study._optimize - INFO - Trial 150 pruned. 
2026-05-11 00:31:52,581 - optuna.study._optimize - INFO - Trial 151 pruned. 
2026-05-11 00:32:26,721 - optuna.study.study - INFO - Trial 152 finished with value: 0.08086540814699304 and parameters: {'n_layers': 1, 'embedding_dim': 256, 'lr': 0.008052755520775518, 'lambda_val': 0.0018390344647397918, 'batch_size': 3233, 'optimizer': 'RMSprop'}. Best is trial 7 with value: 0.08532008709719469.
2026-05-11 00:32:33,101 - optuna.study._optimize - INFO - Trial 153 pruned. 
2026-05-11 00:32:37,451 - optuna.study._optimize - INFO - Trial 154 pruned. 
2026-05-11 00:33:12,172 - optuna.study.study - INFO - Trial 155 finished with value: 0.08609100438881132 and parameters: {'n_layers': 1, 'embedding_dim': 256, 'lr': 0.004551449658911473, 'lambda_val': 0.0014466025098959778, 'batch_size': 3596, 'optimizer': 'RMSprop'}. Best is trial 155 with value: 0.08609100438881132.
2026-05-11 00:33:16,115 - optuna.study._optimize - INFO - Trial 156 pruned. 
2026-05-11 00:33:20,435 - optuna.study._optimize - INFO - Trial 157 pruned. 
2026-05-11 00:33:24,762 - optuna.study._optimize - INFO - Trial 158 pruned. 
2026-05-11 00:33:30,017 - optuna.study._optimize - INFO - Trial 159 pruned. 
2026-05-11 00:33:33,835 - optuna.study._optimize - INFO - Trial 160 pruned. 
2026-05-11 00:34:08,840 - optuna.study.study - INFO - Trial 161 finished with value: 0.07825492590324698 and parameters: {'n_layers': 1, 'embedding_dim': 256, 'lr': 0.0056467668061243505, 'lambda_val': 0.0018633388657177288, 'batch_size': 3600, 'optimizer': 'RMSprop'}. Best is trial 155 with value: 0.08609100438881132.
2026-05-11 00:34:43,357 - optuna.study.study - INFO - Trial 162 finished with value: 0.08240273053286123 and parameters: {'n_layers': 1, 'embedding_dim': 256, 'lr': 0.0037401661165057153, 'lambda_val': 0.0023992874436194562, 'batch_size': 3888, 'optimizer': 'RMSprop'}. Best is trial 155 with value: 0.08609100438881132.
2026-05-11 00:35:17,851 - optuna.study.study - INFO - Trial 163 finished with value: 0.08065613795904522 and parameters: {'n_layers': 1, 'embedding_dim': 256, 'lr': 0.003771407224286869, 'lambda_val': 0.0012809938867589404, 'batch_size': 3922, 'optimizer': 'RMSprop'}. Best is trial 155 with value: 0.08609100438881132.
2026-05-11 00:35:22,307 - optuna.study._optimize - INFO - Trial 164 pruned. 
2026-05-11 00:35:26,732 - optuna.study._optimize - INFO - Trial 165 pruned. 
2026-05-11 00:36:01,843 - optuna.study.study - INFO - Trial 166 finished with value: 0.06241864275038301 and parameters: {'n_layers': 1, 'embedding_dim': 256, 'lr': 0.00011028573490595268, 'lambda_val': 0.003644995247888326, 'batch_size': 4006, 'optimizer': 'RMSprop'}. Best is trial 155 with value: 0.08609100438881132.
2026-05-11 00:36:36,248 - optuna.study.study - INFO - Trial 167 finished with value: 0.08227381069364041 and parameters: {'n_layers': 1, 'embedding_dim': 256, 'lr': 0.006891751057752692, 'lambda_val': 0.0014548939677286293, 'batch_size': 3828, 'optimizer': 'RMSprop'}. Best is trial 155 with value: 0.08609100438881132.
2026-05-11 00:36:40,952 - optuna.study._optimize - INFO - Trial 168 pruned. 
2026-05-11 00:37:17,729 - optuna.study.study - INFO - Trial 169 finished with value: 0.053444191495286716 and parameters: {'n_layers': 1, 'embedding_dim': 256, 'lr': 0.0006391870941048871, 'lambda_val': 7.268785682387887e-06, 'batch_size': 3771, 'optimizer': 'RMSprop'}. Best is trial 155 with value: 0.08609100438881132.
2026-05-11 00:37:52,740 - optuna.study.study - INFO - Trial 170 finished with value: 0.07260723834277286 and parameters: {'n_layers': 1, 'embedding_dim': 256, 'lr': 0.00675634358698512, 'lambda_val': 0.002350645427934503, 'batch_size': 3828, 'optimizer': 'RMSprop'}. Best is trial 155 with value: 0.08609100438881132.
2026-05-11 00:38:27,963 - optuna.study.study - INFO - Trial 171 finished with value: 0.08508768828982201 and parameters: {'n_layers': 1, 'embedding_dim': 256, 'lr': 0.0037135184388099756, 'lambda_val': 0.0014480962928296469, 'batch_size': 3937, 'optimizer': 'RMSprop'}. Best is trial 155 with value: 0.08609100438881132.
2026-05-11 00:39:14,364 - optuna.study.study - INFO - Trial 172 finished with value: 0.0806248275288652 and parameters: {'n_layers': 1, 'embedding_dim': 256, 'lr': 0.004945759145668067, 'lambda_val': 0.00152793758320209, 'batch_size': 3082, 'optimizer': 'RMSprop'}. Best is trial 155 with value: 0.08609100438881132.
2026-05-11 00:39:49,874 - optuna.study.study - INFO - Trial 173 finished with value: 0.07816407176106253 and parameters: {'n_layers': 1, 'embedding_dim': 256, 'lr': 0.006239275777717785, 'lambda_val': 0.0009719013151297848, 'batch_size': 3857, 'optimizer': 'RMSprop'}. Best is trial 155 with value: 0.08609100438881132.
2026-05-11 00:40:24,568 - optuna.study.study - INFO - Trial 174 finished with value: 0.07464804587514887 and parameters: {'n_layers': 1, 'embedding_dim': 256, 'lr': 0.009535033926594744, 'lambda_val': 0.002043059690596624, 'batch_size': 3990, 'optimizer': 'RMSprop'}. Best is trial 155 with value: 0.08609100438881132.
2026-05-11 00:40:28,499 - optuna.study._optimize - INFO - Trial 175 pruned. 
2026-05-11 00:40:36,203 - optuna.study._optimize - INFO - Trial 176 pruned. 
2026-05-11 00:41:10,599 - optuna.study.study - INFO - Trial 177 finished with value: 0.08153404925786874 and parameters: {'n_layers': 1, 'embedding_dim': 256, 'lr': 0.0033605638430451506, 'lambda_val': 0.001063434463800591, 'batch_size': 3482, 'optimizer': 'RMSprop'}. Best is trial 155 with value: 0.08609100438881132.
2026-05-11 00:41:43,166 - optuna.study.study - INFO - Trial 178 finished with value: 0.06381899656460902 and parameters: {'n_layers': 1, 'embedding_dim': 256, 'lr': 0.0008779217565517353, 'lambda_val': 0.0011077295664828756, 'batch_size': 1787, 'optimizer': 'RMSprop'}. Best is trial 155 with value: 0.08609100438881132.
2026-05-11 00:41:51,044 - optuna.study._optimize - INFO - Trial 179 pruned. 
2026-05-11 00:41:55,682 - optuna.study._optimize - INFO - Trial 180 pruned. 
2026-05-11 00:42:01,593 - optuna.study._optimize - INFO - Trial 181 pruned. 
2026-05-11 00:42:36,010 - optuna.study.study - INFO - Trial 182 finished with value: 0.08144369788793503 and parameters: {'n_layers': 1, 'embedding_dim': 256, 'lr': 0.00682493402944184, 'lambda_val': 0.002487656794561232, 'batch_size': 3253, 'optimizer': 'RMSprop'}. Best is trial 155 with value: 0.08609100438881132.
2026-05-11 00:42:40,466 - optuna.study._optimize - INFO - Trial 183 pruned. 
2026-05-11 00:42:45,234 - optuna.study._optimize - INFO - Trial 184 pruned. 
2026-05-11 00:43:20,161 - optuna.study.study - INFO - Trial 185 finished with value: 0.08296151795855307 and parameters: {'n_layers': 1, 'embedding_dim': 256, 'lr': 0.007535792425084818, 'lambda_val': 0.0017339227227906864, 'batch_size': 3729, 'optimizer': 'RMSprop'}. Best is trial 155 with value: 0.08609100438881132.
2026-05-11 00:43:24,484 - optuna.study._optimize - INFO - Trial 186 pruned. 
2026-05-11 00:44:00,027 - optuna.study.study - INFO - Trial 187 finished with value: 0.08011729310048121 and parameters: {'n_layers': 1, 'embedding_dim': 256, 'lr': 0.004560316905655311, 'lambda_val': 0.0014415972211468603, 'batch_size': 3937, 'optimizer': 'RMSprop'}. Best is trial 155 with value: 0.08609100438881132.
2026-05-11 00:44:04,534 - optuna.study._optimize - INFO - Trial 188 pruned. 
2026-05-11 00:44:08,741 - optuna.study._optimize - INFO - Trial 189 pruned. 
2026-05-11 00:44:12,886 - optuna.study._optimize - INFO - Trial 190 pruned. 
2026-05-11 00:44:49,584 - optuna.study.study - INFO - Trial 191 finished with value: 0.08114992531778527 and parameters: {'n_layers': 1, 'embedding_dim': 256, 'lr': 0.008002622259377295, 'lambda_val': 0.0020245200074312953, 'batch_size': 3571, 'optimizer': 'RMSprop'}. Best is trial 155 with value: 0.08609100438881132.
2026-05-11 00:45:24,958 - optuna.study.study - INFO - Trial 192 finished with value: 0.07878491489173067 and parameters: {'n_layers': 1, 'embedding_dim': 256, 'lr': 0.007003903916367967, 'lambda_val': 0.0018434986707322493, 'batch_size': 3566, 'optimizer': 'RMSprop'}. Best is trial 155 with value: 0.08609100438881132.
2026-05-11 00:45:29,252 - optuna.study._optimize - INFO - Trial 193 pruned. 
2026-05-11 00:46:04,158 - optuna.study.study - INFO - Trial 194 finished with value: 0.07403688885244195 and parameters: {'n_layers': 1, 'embedding_dim': 256, 'lr': 0.008630964121613401, 'lambda_val': 0.0021306743082534726, 'batch_size': 3622, 'optimizer': 'RMSprop'}. Best is trial 155 with value: 0.08609100438881132.
2026-05-11 00:46:12,655 - optuna.study._optimize - INFO - Trial 195 pruned. 
2026-05-11 00:46:16,903 - optuna.study._optimize - INFO - Trial 196 pruned. 
2026-05-11 00:46:53,645 - optuna.study.study - INFO - Trial 197 finished with value: 0.08637947729556342 and parameters: {'n_layers': 1, 'embedding_dim': 256, 'lr': 0.004460112224870947, 'lambda_val': 0.0015859181116673366, 'batch_size': 3826, 'optimizer': 'RMSprop'}. Best is trial 197 with value: 0.08637947729556342.
2026-05-11 00:47:02,321 - optuna.study._optimize - INFO - Trial 198 pruned. 
2026-05-11 00:47:07,892 - optuna.study._optimize - INFO - Trial 199 pruned. 
2026-05-11 00:47:36,716 - root - INFO -   **** Training e_100K_1c1dcs_rand4
2026-05-11 00:47:36,728 - root - INFO -   **** Getting 53072/65410 random edges
2026-05-11 00:47:37,276 - optuna.storages._rdb.storage - INFO - A new study created in RDB with name: Study_e_100K_1c1dcs_rand4
2026-05-11 00:48:20,638 - optuna.study.study - INFO - Trial 0 finished with value: 0.05312690595343221 and parameters: {'n_layers': 1, 'embedding_dim': 128, 'lr': 0.006578993818151495, 'lambda_val': 2.05237571535531e-05, 'batch_size': 1505, 'optimizer': 'Adam'}. Best is trial 0 with value: 0.05312690595343221.
2026-05-11 00:48:53,363 - optuna.study.study - INFO - Trial 1 finished with value: 0.02888752112747683 and parameters: {'n_layers': 3, 'embedding_dim': 64, 'lr': 0.012101800940460114, 'lambda_val': 2.2236331104250105e-05, 'batch_size': 2015, 'optimizer': 'Adam'}. Best is trial 0 with value: 0.05312690595343221.
2026-05-11 00:49:23,352 - optuna.study.study - INFO - Trial 2 finished with value: 0.016795545795576256 and parameters: {'n_layers': 2, 'embedding_dim': 32, 'lr': 0.03333776956320251, 'lambda_val': 4.110935089229013e-05, 'batch_size': 2171, 'optimizer': 'Adam'}. Best is trial 0 with value: 0.05312690595343221.
2026-05-11 00:50:08,776 - optuna.study.study - INFO - Trial 3 finished with value: 0.019062230944428785 and parameters: {'n_layers': 4, 'embedding_dim': 128, 'lr': 0.00035536454653228573, 'lambda_val': 0.0008308714559029735, 'batch_size': 1247, 'optimizer': 'RMSprop'}. Best is trial 0 with value: 0.05312690595343221.
2026-05-11 00:50:40,992 - optuna.study.study - INFO - Trial 4 finished with value: 0.11847522329459384 and parameters: {'n_layers': 1, 'embedding_dim': 96, 'lr': 8.279940314736458e-05, 'lambda_val': 3.6042654611747395e-05, 'batch_size': 2324, 'optimizer': 'Adam'}. Best is trial 4 with value: 0.11847522329459384.
2026-05-11 00:51:21,658 - optuna.study.study - INFO - Trial 5 finished with value: 0.040989976986709975 and parameters: {'n_layers': 2, 'embedding_dim': 256, 'lr': 0.04044649417902151, 'lambda_val': 0.000984026804043116, 'batch_size': 2063, 'optimizer': 'Adam'}. Best is trial 4 with value: 0.11847522329459384.
2026-05-11 00:51:26,754 - optuna.study._optimize - INFO - Trial 6 pruned. 
2026-05-11 00:51:34,000 - optuna.study._optimize - INFO - Trial 7 pruned. 
2026-05-11 00:51:37,853 - optuna.study._optimize - INFO - Trial 8 pruned. 
2026-05-11 00:51:42,768 - optuna.study._optimize - INFO - Trial 9 pruned. 
2026-05-11 00:51:48,082 - optuna.study._optimize - INFO - Trial 10 pruned. 
2026-05-11 00:52:18,559 - optuna.study.study - INFO - Trial 11 finished with value: 0.04811779526764856 and parameters: {'n_layers': 1, 'embedding_dim': 128, 'lr': 0.003755650957562383, 'lambda_val': 2.266254733792331e-06, 'batch_size': 1281, 'optimizer': 'Adam'}. Best is trial 4 with value: 0.11847522329459384.
2026-05-11 00:52:53,659 - optuna.study.study - INFO - Trial 12 finished with value: 0.06452345513068583 and parameters: {'n_layers': 1, 'embedding_dim': 256, 'lr': 0.0011435676247206433, 'lambda_val': 1.5787174276683833e-05, 'batch_size': 1384, 'optimizer': 'Adam'}. Best is trial 4 with value: 0.11847522329459384.
2026-05-11 00:53:31,428 - optuna.study.study - INFO - Trial 13 finished with value: 0.06172258569035741 and parameters: {'n_layers': 1, 'embedding_dim': 256, 'lr': 0.0011200639200709959, 'lambda_val': 0.00017409944137399049, 'batch_size': 2807, 'optimizer': 'Adam'}. Best is trial 4 with value: 0.11847522329459384.
2026-05-11 00:53:36,396 - optuna.study._optimize - INFO - Trial 14 pruned. 
2026-05-11 00:54:05,068 - optuna.study.study - INFO - Trial 15 finished with value: 0.03872358865577778 and parameters: {'n_layers': 1, 'embedding_dim': 64, 'lr': 0.0018526496190148546, 'lambda_val': 1.0317718056305088e-06, 'batch_size': 1622, 'optimizer': 'Adam'}. Best is trial 4 with value: 0.11847522329459384.
2026-05-11 00:54:44,792 - optuna.study.study - INFO - Trial 16 finished with value: 0.05965589602937776 and parameters: {'n_layers': 1, 'embedding_dim': 256, 'lr': 0.0005347331167767033, 'lambda_val': 7.92567781569072e-06, 'batch_size': 2639, 'optimizer': 'Adam'}. Best is trial 4 with value: 0.11847522329459384.
2026-05-11 00:54:49,581 - optuna.study._optimize - INFO - Trial 17 pruned. 
2026-05-11 00:54:54,447 - optuna.study._optimize - INFO - Trial 18 pruned. 
2026-05-11 00:54:58,297 - optuna.study._optimize - INFO - Trial 19 pruned. 
2026-05-11 00:55:35,214 - optuna.study.study - INFO - Trial 20 finished with value: 0.026046204527565318 and parameters: {'n_layers': 2, 'embedding_dim': 64, 'lr': 0.0005956644441677832, 'lambda_val': 0.0031268838929837195, 'batch_size': 2636, 'optimizer': 'Adam'}. Best is trial 4 with value: 0.11847522329459384.
2026-05-11 00:56:11,780 - optuna.study.study - INFO - Trial 21 finished with value: 0.06676633840003429 and parameters: {'n_layers': 1, 'embedding_dim': 256, 'lr': 0.0012905868126439279, 'lambda_val': 0.00017908524163776627, 'batch_size': 2629, 'optimizer': 'Adam'}. Best is trial 4 with value: 0.11847522329459384.
2026-05-11 00:56:49,688 - optuna.study.study - INFO - Trial 22 finished with value: 0.05578553852836018 and parameters: {'n_layers': 1, 'embedding_dim': 256, 'lr': 0.001490123366074895, 'lambda_val': 4.9245196479988665e-05, 'batch_size': 2381, 'optimizer': 'Adam'}. Best is trial 4 with value: 0.11847522329459384.
2026-05-11 00:57:24,350 - optuna.study.study - INFO - Trial 23 finished with value: 0.06627290742787177 and parameters: {'n_layers': 1, 'embedding_dim': 256, 'lr': 0.002850436644877681, 'lambda_val': 0.00028859385003986713, 'batch_size': 3383, 'optimizer': 'Adam'}. Best is trial 4 with value: 0.11847522329459384.
2026-05-11 00:58:03,506 - optuna.study.study - INFO - Trial 24 finished with value: 0.06763006621667231 and parameters: {'n_layers': 1, 'embedding_dim': 256, 'lr': 0.0034752228383814277, 'lambda_val': 0.00041426821070289884, 'batch_size': 3288, 'optimizer': 'Adam'}. Best is trial 4 with value: 0.11847522329459384.
2026-05-11 00:58:07,567 - optuna.study._optimize - INFO - Trial 25 pruned. 
2026-05-11 00:58:36,985 - optuna.study.study - INFO - Trial 26 finished with value: 0.04702328809139681 and parameters: {'n_layers': 1, 'embedding_dim': 96, 'lr': 0.00027351865895931983, 'lambda_val': 0.002163031076289882, 'batch_size': 2969, 'optimizer': 'Adam'}. Best is trial 4 with value: 0.11847522329459384.
2026-05-11 00:58:42,354 - optuna.study._optimize - INFO - Trial 27 pruned. 
2026-05-11 00:58:46,941 - optuna.study._optimize - INFO - Trial 28 pruned. 
2026-05-11 00:59:15,957 - optuna.study.study - INFO - Trial 29 finished with value: 0.08328672658924144 and parameters: {'n_layers': 1, 'embedding_dim': 96, 'lr': 0.00014847333488510195, 'lambda_val': 6.130400520956328e-05, 'batch_size': 2779, 'optimizer': 'RMSprop'}. Best is trial 4 with value: 0.11847522329459384.
2026-05-11 00:59:21,681 - optuna.study._optimize - INFO - Trial 30 pruned. 
2026-05-11 00:59:54,801 - optuna.study.study - INFO - Trial 31 finished with value: 0.0516123303469 and parameters: {'n_layers': 1, 'embedding_dim': 96, 'lr': 0.0006187906422269397, 'lambda_val': 0.00011984637083732872, 'batch_size': 2794, 'optimizer': 'RMSprop'}. Best is trial 4 with value: 0.11847522329459384.
2026-05-11 00:59:58,896 - optuna.study._optimize - INFO - Trial 32 pruned. 
2026-05-11 01:00:03,731 - optuna.study._optimize - INFO - Trial 33 pruned. 
2026-05-11 01:00:07,828 - optuna.study._optimize - INFO - Trial 34 pruned. 
2026-05-11 01:00:45,141 - optuna.study.study - INFO - Trial 35 finished with value: 0.028010043152882757 and parameters: {'n_layers': 2, 'embedding_dim': 128, 'lr': 0.000315036284064852, 'lambda_val': 0.00018665316512571367, 'batch_size': 1838, 'optimizer': 'RMSprop'}. Best is trial 4 with value: 0.11847522329459384.
2026-05-11 01:00:49,121 - optuna.study._optimize - INFO - Trial 36 pruned. 
2026-05-11 01:01:25,874 - optuna.study.study - INFO - Trial 37 finished with value: 0.05978210231164339 and parameters: {'n_layers': 1, 'embedding_dim': 256, 'lr': 0.004238471484007609, 'lambda_val': 7.051886732692532e-05, 'batch_size': 3894, 'optimizer': 'Adam'}. Best is trial 4 with value: 0.11847522329459384.
2026-05-11 01:01:29,937 - optuna.study._optimize - INFO - Trial 38 pruned. 
2026-05-11 01:01:59,904 - optuna.study.study - INFO - Trial 39 finished with value: 0.08321237115474837 and parameters: {'n_layers': 1, 'embedding_dim': 96, 'lr': 0.00020545056052909052, 'lambda_val': 0.0006601202796467288, 'batch_size': 1988, 'optimizer': 'Adam'}. Best is trial 4 with value: 0.11847522329459384.
2026-05-11 01:02:05,061 - optuna.study._optimize - INFO - Trial 40 pruned. 
2026-05-11 01:02:33,941 - optuna.study.study - INFO - Trial 41 finished with value: 0.041840763989609224 and parameters: {'n_layers': 1, 'embedding_dim': 96, 'lr': 0.00039803586734967394, 'lambda_val': 0.009345894973233463, 'batch_size': 1907, 'optimizer': 'Adam'}. Best is trial 4 with value: 0.11847522329459384.
2026-05-11 01:02:38,212 - optuna.study._optimize - INFO - Trial 42 pruned. 
2026-05-11 01:02:42,198 - optuna.study._optimize - INFO - Trial 43 pruned. 
2026-05-11 01:03:11,704 - optuna.study.study - INFO - Trial 44 finished with value: 0.06297219074330508 and parameters: {'n_layers': 1, 'embedding_dim': 96, 'lr': 0.00025512149540040253, 'lambda_val': 0.00021392441132309472, 'batch_size': 2272, 'optimizer': 'Adam'}. Best is trial 4 with value: 0.11847522329459384.
2026-05-11 01:03:16,991 - optuna.study._optimize - INFO - Trial 45 pruned. 
2026-05-11 01:03:21,075 - optuna.study._optimize - INFO - Trial 46 pruned. 
2026-05-11 01:03:27,560 - optuna.study._optimize - INFO - Trial 47 pruned. 
2026-05-11 01:03:56,751 - optuna.study.study - INFO - Trial 48 finished with value: 0.09227573452240591 and parameters: {'n_layers': 1, 'embedding_dim': 96, 'lr': 0.00015426728094005687, 'lambda_val': 0.0015033286639018631, 'batch_size': 1969, 'optimizer': 'Adam'}. Best is trial 4 with value: 0.11847522329459384.
2026-05-11 01:04:01,518 - optuna.study._optimize - INFO - Trial 49 pruned. 
2026-05-11 01:04:04,998 - optuna.study._optimize - INFO - Trial 50 pruned. 
2026-05-11 01:04:08,695 - optuna.study._optimize - INFO - Trial 51 pruned. 
2026-05-11 01:04:38,939 - optuna.study.study - INFO - Trial 52 finished with value: 0.049721602274103605 and parameters: {'n_layers': 1, 'embedding_dim': 96, 'lr': 0.00043255044705174114, 'lambda_val': 0.0014974692741997263, 'batch_size': 1511, 'optimizer': 'Adam'}. Best is trial 4 with value: 0.11847522329459384.
2026-05-11 01:04:43,143 - optuna.study._optimize - INFO - Trial 53 pruned. 
2026-05-11 01:05:12,519 - optuna.study.study - INFO - Trial 54 finished with value: 0.062045373604590934 and parameters: {'n_layers': 1, 'embedding_dim': 128, 'lr': 0.00017723377755689157, 'lambda_val': 0.0055669497401888285, 'batch_size': 1729, 'optimizer': 'Adam'}. Best is trial 4 with value: 0.11847522329459384.
2026-05-11 01:05:16,530 - optuna.study._optimize - INFO - Trial 55 pruned. 
2026-05-11 01:05:53,453 - optuna.study.study - INFO - Trial 56 finished with value: 0.05780283429801006 and parameters: {'n_layers': 1, 'embedding_dim': 256, 'lr': 0.00023333973042424715, 'lambda_val': 0.0026709360553262723, 'batch_size': 2932, 'optimizer': 'Adam'}. Best is trial 4 with value: 0.11847522329459384.
2026-05-11 01:05:57,657 - optuna.study._optimize - INFO - Trial 57 pruned. 
2026-05-11 01:06:01,220 - optuna.study._optimize - INFO - Trial 58 pruned. 
2026-05-11 01:06:07,634 - optuna.study._optimize - INFO - Trial 59 pruned. 
2026-05-11 01:06:11,774 - optuna.study._optimize - INFO - Trial 60 pruned. 
2026-05-11 01:06:49,823 - optuna.study.study - INFO - Trial 61 finished with value: 0.06660877000521429 and parameters: {'n_layers': 1, 'embedding_dim': 256, 'lr': 0.002591326494012099, 'lambda_val': 0.0002963531832183211, 'batch_size': 3332, 'optimizer': 'Adam'}. Best is trial 4 with value: 0.11847522329459384.
2026-05-11 01:07:25,763 - optuna.study.study - INFO - Trial 62 finished with value: 0.05533513398847921 and parameters: {'n_layers': 1, 'embedding_dim': 256, 'lr': 0.0007662529384008258, 'lambda_val': 0.00012667577318855745, 'batch_size': 3663, 'optimizer': 'Adam'}. Best is trial 4 with value: 0.11847522329459384.
2026-05-11 01:08:02,206 - optuna.study.study - INFO - Trial 63 finished with value: 0.05356913964600282 and parameters: {'n_layers': 1, 'embedding_dim': 256, 'lr': 0.0014731286828591945, 'lambda_val': 1.3229631593619628e-05, 'batch_size': 3488, 'optimizer': 'Adam'}. Best is trial 4 with value: 0.11847522329459384.
2026-05-11 01:08:39,828 - optuna.study.study - INFO - Trial 64 finished with value: 0.06709364936628669 and parameters: {'n_layers': 1, 'embedding_dim': 256, 'lr': 0.002774443974218471, 'lambda_val': 0.00027886250336592555, 'batch_size': 3281, 'optimizer': 'Adam'}. Best is trial 4 with value: 0.11847522329459384.
2026-05-11 01:08:45,024 - optuna.study._optimize - INFO - Trial 65 pruned. 
2026-05-11 01:09:15,469 - optuna.study.study - INFO - Trial 66 finished with value: 0.046306203939960884 and parameters: {'n_layers': 1, 'embedding_dim': 96, 'lr': 0.0004752682916712343, 'lambda_val': 0.0011035933681968228, 'batch_size': 3859, 'optimizer': 'RMSprop'}. Best is trial 4 with value: 0.11847522329459384.
2026-05-11 01:09:22,952 - optuna.study._optimize - INFO - Trial 67 pruned. 
2026-05-11 01:09:26,980 - optuna.study._optimize - INFO - Trial 68 pruned. 
2026-05-11 01:10:01,032 - optuna.study.study - INFO - Trial 69 finished with value: 0.08813203053109206 and parameters: {'n_layers': 1, 'embedding_dim': 128, 'lr': 0.0001387061428137213, 'lambda_val': 0.00040004414702769086, 'batch_size': 2366, 'optimizer': 'Adam'}. Best is trial 4 with value: 0.11847522329459384.
2026-05-11 01:10:05,225 - optuna.study._optimize - INFO - Trial 70 pruned. 
2026-05-11 01:10:37,338 - optuna.study.study - INFO - Trial 71 finished with value: 0.07383002216492912 and parameters: {'n_layers': 1, 'embedding_dim': 128, 'lr': 0.00020445599660469185, 'lambda_val': 0.0003869321780841679, 'batch_size': 2367, 'optimizer': 'Adam'}. Best is trial 4 with value: 0.11847522329459384.
2026-05-11 01:10:42,647 - optuna.study._optimize - INFO - Trial 72 pruned. 
2026-05-11 01:11:12,941 - optuna.study.study - INFO - Trial 73 finished with value: 0.06734556265697095 and parameters: {'n_layers': 1, 'embedding_dim': 128, 'lr': 0.0003224868338959289, 'lambda_val': 0.0007494856871505315, 'batch_size': 2126, 'optimizer': 'Adam'}. Best is trial 4 with value: 0.11847522329459384.
2026-05-11 01:11:43,352 - optuna.study.study - INFO - Trial 74 finished with value: 0.07580750121045257 and parameters: {'n_layers': 1, 'embedding_dim': 128, 'lr': 0.0002125962715497843, 'lambda_val': 0.0007522384962675084, 'batch_size': 1830, 'optimizer': 'Adam'}. Best is trial 4 with value: 0.11847522329459384.
2026-05-11 01:12:13,606 - optuna.study.study - INFO - Trial 75 finished with value: 0.06457158197482961 and parameters: {'n_layers': 1, 'embedding_dim': 128, 'lr': 0.000212179132631692, 'lambda_val': 0.0016900368958723472, 'batch_size': 1864, 'optimizer': 'Adam'}. Best is trial 4 with value: 0.11847522329459384.
2026-05-11 01:12:18,064 - optuna.study._optimize - INFO - Trial 76 pruned. 
2026-05-11 01:12:22,214 - optuna.study._optimize - INFO - Trial 77 pruned. 
2026-05-11 01:12:53,302 - optuna.study.study - INFO - Trial 78 finished with value: 0.05552077725320633 and parameters: {'n_layers': 1, 'embedding_dim': 128, 'lr': 0.0002869955691959917, 'lambda_val': 0.0024248269630903767, 'batch_size': 1772, 'optimizer': 'RMSprop'}. Best is trial 4 with value: 0.11847522329459384.
2026-05-11 01:13:25,501 - optuna.study.study - INFO - Trial 79 finished with value: 0.07031472735054861 and parameters: {'n_layers': 1, 'embedding_dim': 128, 'lr': 0.00016093447258647064, 'lambda_val': 0.000428610816560213, 'batch_size': 4093, 'optimizer': 'Adam'}. Best is trial 4 with value: 0.11847522329459384.
2026-05-11 01:13:29,163 - optuna.study._optimize - INFO - Trial 80 pruned. 
2026-05-11 01:13:33,219 - optuna.study._optimize - INFO - Trial 81 pruned. 
2026-05-11 01:13:40,890 - optuna.study._optimize - INFO - Trial 82 pruned. 
2026-05-11 01:13:44,824 - optuna.study._optimize - INFO - Trial 83 pruned. 
2026-05-11 01:13:48,664 - optuna.study._optimize - INFO - Trial 84 pruned. 
2026-05-11 01:14:18,737 - optuna.study.study - INFO - Trial 85 finished with value: 0.06225075258420936 and parameters: {'n_layers': 1, 'embedding_dim': 128, 'lr': 0.00038775005671671056, 'lambda_val': 0.0009251658520282067, 'batch_size': 1603, 'optimizer': 'Adam'}. Best is trial 4 with value: 0.11847522329459384.
2026-05-11 01:14:22,398 - optuna.study._optimize - INFO - Trial 86 pruned. 
2026-05-11 01:14:25,946 - optuna.study._optimize - INFO - Trial 87 pruned. 
2026-05-11 01:14:29,624 - optuna.study._optimize - INFO - Trial 88 pruned. 
2026-05-11 01:14:55,916 - optuna.study.study - INFO - Trial 89 finished with value: 0.0700373477161812 and parameters: {'n_layers': 1, 'embedding_dim': 96, 'lr': 0.00025788227228369637, 'lambda_val': 1.7701175188445777e-05, 'batch_size': 2303, 'optimizer': 'Adam'}. Best is trial 4 with value: 0.11847522329459384.
2026-05-11 01:14:59,755 - optuna.study._optimize - INFO - Trial 90 pruned. 
2026-05-11 01:15:32,754 - optuna.study.study - INFO - Trial 91 finished with value: 0.06426660800675542 and parameters: {'n_layers': 1, 'embedding_dim': 96, 'lr': 0.00029144082414792695, 'lambda_val': 1.838113716006442e-05, 'batch_size': 2330, 'optimizer': 'Adam'}. Best is trial 4 with value: 0.11847522329459384.
2026-05-11 01:16:04,396 - optuna.study.study - INFO - Trial 92 finished with value: 0.053019520158981405 and parameters: {'n_layers': 1, 'embedding_dim': 96, 'lr': 0.0005631238505928557, 'lambda_val': 2.2968930463401912e-05, 'batch_size': 2442, 'optimizer': 'Adam'}. Best is trial 4 with value: 0.11847522329459384.
2026-05-11 01:16:38,041 - optuna.study.study - INFO - Trial 93 finished with value: 0.07371996816586354 and parameters: {'n_layers': 1, 'embedding_dim': 96, 'lr': 0.00021173923871628474, 'lambda_val': 0.000347859974706745, 'batch_size': 2554, 'optimizer': 'Adam'}. Best is trial 4 with value: 0.11847522329459384.
2026-05-11 01:17:10,333 - optuna.study.study - INFO - Trial 94 finished with value: 0.07018258009718688 and parameters: {'n_layers': 1, 'embedding_dim': 96, 'lr': 0.00024221571749180278, 'lambda_val': 4.9207152890558746e-05, 'batch_size': 2565, 'optimizer': 'Adam'}. Best is trial 4 with value: 0.11847522329459384.
2026-05-11 01:17:42,391 - optuna.study.study - INFO - Trial 95 finished with value: 0.05302568298228508 and parameters: {'n_layers': 1, 'embedding_dim': 96, 'lr': 0.0003536449320035374, 'lambda_val': 6.294578139805004e-05, 'batch_size': 2577, 'optimizer': 'Adam'}. Best is trial 4 with value: 0.11847522329459384.
2026-05-11 01:18:15,673 - optuna.study.study - INFO - Trial 96 finished with value: 0.06873134397991888 and parameters: {'n_layers': 1, 'embedding_dim': 96, 'lr': 0.00020374645763880184, 'lambda_val': 4.842106544771641e-05, 'batch_size': 2694, 'optimizer': 'Adam'}. Best is trial 4 with value: 0.11847522329459384.
2026-05-11 01:18:19,371 - optuna.study._optimize - INFO - Trial 97 pruned. 
2026-05-11 01:18:23,245 - optuna.study._optimize - INFO - Trial 98 pruned. 
2026-05-11 01:18:29,405 - optuna.study._optimize - INFO - Trial 99 pruned. 
2026-05-11 01:18:33,090 - optuna.study._optimize - INFO - Trial 100 pruned. 
2026-05-11 01:19:03,198 - optuna.study.study - INFO - Trial 101 finished with value: 0.07056928452103955 and parameters: {'n_layers': 1, 'embedding_dim': 96, 'lr': 0.00024505596368614433, 'lambda_val': 2.880469741707899e-05, 'batch_size': 2262, 'optimizer': 'Adam'}. Best is trial 4 with value: 0.11847522329459384.
2026-05-11 01:19:31,192 - optuna.study.study - INFO - Trial 102 finished with value: 0.07894487623917354 and parameters: {'n_layers': 1, 'embedding_dim': 96, 'lr': 0.000223088619587936, 'lambda_val': 3.844261964018023e-05, 'batch_size': 2038, 'optimizer': 'Adam'}. Best is trial 4 with value: 0.11847522329459384.
2026-05-11 01:19:37,917 - optuna.study._optimize - INFO - Trial 103 pruned. 
2026-05-11 01:19:41,426 - optuna.study._optimize - INFO - Trial 104 pruned. 
2026-05-11 01:20:11,251 - optuna.study.study - INFO - Trial 105 finished with value: 0.053703988015993916 and parameters: {'n_layers': 1, 'embedding_dim': 96, 'lr': 0.00048284385883948623, 'lambda_val': 3.416013941422363e-05, 'batch_size': 1854, 'optimizer': 'Adam'}. Best is trial 4 with value: 0.11847522329459384.
2026-05-11 01:20:15,910 - optuna.study._optimize - INFO - Trial 106 pruned. 
2026-05-11 01:20:19,950 - optuna.study._optimize - INFO - Trial 107 pruned. 
2026-05-11 01:20:50,225 - optuna.study.study - INFO - Trial 108 finished with value: 0.06390653114464319 and parameters: {'n_layers': 1, 'embedding_dim': 32, 'lr': 0.00032531263720879833, 'lambda_val': 0.000145638074169776, 'batch_size': 1928, 'optimizer': 'Adam'}. Best is trial 4 with value: 0.11847522329459384.
2026-05-11 01:21:19,708 - optuna.study.study - INFO - Trial 109 finished with value: 0.07074465470155772 and parameters: {'n_layers': 1, 'embedding_dim': 96, 'lr': 0.00023484474701229488, 'lambda_val': 7.597047266685828e-05, 'batch_size': 2126, 'optimizer': 'Adam'}. Best is trial 4 with value: 0.11847522329459384.
2026-05-11 01:21:27,079 - optuna.study._optimize - INFO - Trial 110 pruned. 
2026-05-11 01:21:31,124 - optuna.study._optimize - INFO - Trial 111 pruned. 
2026-05-11 01:21:34,987 - optuna.study._optimize - INFO - Trial 112 pruned. 
2026-05-11 01:22:03,055 - optuna.study.study - INFO - Trial 113 finished with value: 0.05894088397928794 and parameters: {'n_layers': 1, 'embedding_dim': 96, 'lr': 0.00037680740409299425, 'lambda_val': 4.0762853699981096e-05, 'batch_size': 2225, 'optimizer': 'Adam'}. Best is trial 4 with value: 0.11847522329459384.
2026-05-11 01:22:07,015 - optuna.study._optimize - INFO - Trial 114 pruned. 
2026-05-11 01:22:10,885 - optuna.study._optimize - INFO - Trial 115 pruned. 
2026-05-11 01:22:41,524 - optuna.study.study - INFO - Trial 116 finished with value: 0.061571552126423346 and parameters: {'n_layers': 1, 'embedding_dim': 64, 'lr': 0.0002798715365807013, 'lambda_val': 0.00011231566544602424, 'batch_size': 2108, 'optimizer': 'Adam'}. Best is trial 4 with value: 0.11847522329459384.
2026-05-11 01:23:13,031 - optuna.study.study - INFO - Trial 117 finished with value: 0.07300646721617614 and parameters: {'n_layers': 1, 'embedding_dim': 128, 'lr': 0.00021002776228364736, 'lambda_val': 0.0003381616334700757, 'batch_size': 2285, 'optimizer': 'Adam'}. Best is trial 4 with value: 0.11847522329459384.
2026-05-11 01:23:18,998 - optuna.study._optimize - INFO - Trial 118 pruned. 
2026-05-11 01:23:51,861 - optuna.study.study - INFO - Trial 119 finished with value: 0.049067269333059306 and parameters: {'n_layers': 1, 'embedding_dim': 128, 'lr': 0.0006849220380031107, 'lambda_val': 0.0006533226329435161, 'batch_size': 2648, 'optimizer': 'Adam'}. Best is trial 4 with value: 0.11847522329459384.
2026-05-11 01:24:26,636 - optuna.study.study - INFO - Trial 120 finished with value: 0.05279720154185594 and parameters: {'n_layers': 1, 'embedding_dim': 96, 'lr': 0.000441503625239687, 'lambda_val': 0.0008806184301198708, 'batch_size': 2297, 'optimizer': 'Adam'}. Best is trial 4 with value: 0.11847522329459384.
2026-05-11 01:24:58,545 - optuna.study.study - INFO - Trial 121 finished with value: 0.07446875642967281 and parameters: {'n_layers': 1, 'embedding_dim': 128, 'lr': 0.00018620449861410406, 'lambda_val': 0.00048669954780793367, 'batch_size': 2197, 'optimizer': 'Adam'}. Best is trial 4 with value: 0.11847522329459384.
2026-05-11 01:25:28,629 - optuna.study.study - INFO - Trial 122 finished with value: 0.0761060310876425 and parameters: {'n_layers': 1, 'embedding_dim': 128, 'lr': 0.00019769510403056304, 'lambda_val': 0.000512402027841705, 'batch_size': 2192, 'optimizer': 'Adam'}. Best is trial 4 with value: 0.11847522329459384.
2026-05-11 01:26:00,952 - optuna.study.study - INFO - Trial 123 finished with value: 0.08519909923729448 and parameters: {'n_layers': 1, 'embedding_dim': 128, 'lr': 0.00019191626689594652, 'lambda_val': 0.0002712987735131335, 'batch_size': 1996, 'optimizer': 'Adam'}. Best is trial 4 with value: 0.11847522329459384.
2026-05-11 01:26:31,630 - optuna.study.study - INFO - Trial 124 finished with value: 0.09014884211728415 and parameters: {'n_layers': 1, 'embedding_dim': 128, 'lr': 0.00019323813415776975, 'lambda_val': 0.00047983110192430884, 'batch_size': 1960, 'optimizer': 'Adam'}. Best is trial 4 with value: 0.11847522329459384.
2026-05-11 01:26:35,435 - optuna.study._optimize - INFO - Trial 125 pruned. 
2026-05-11 01:26:39,174 - optuna.study._optimize - INFO - Trial 126 pruned. 
2026-05-11 01:26:43,035 - optuna.study._optimize - INFO - Trial 127 pruned. 
2026-05-11 01:26:46,841 - optuna.study._optimize - INFO - Trial 128 pruned. 
2026-05-11 01:26:50,585 - optuna.study._optimize - INFO - Trial 129 pruned. 
2026-05-11 01:27:24,790 - optuna.study.study - INFO - Trial 130 finished with value: 0.05434167515940849 and parameters: {'n_layers': 1, 'embedding_dim': 128, 'lr': 0.00032660360928261206, 'lambda_val': 0.001010454724027292, 'batch_size': 2052, 'optimizer': 'Adam'}. Best is trial 4 with value: 0.11847522329459384.
2026-05-11 01:27:57,405 - optuna.study.study - INFO - Trial 131 finished with value: 0.07786677185260611 and parameters: {'n_layers': 1, 'embedding_dim': 128, 'lr': 0.00019959873695306736, 'lambda_val': 0.0003089876894004847, 'batch_size': 2179, 'optimizer': 'Adam'}. Best is trial 4 with value: 0.11847522329459384.
2026-05-11 01:28:32,293 - optuna.study.study - INFO - Trial 132 finished with value: 0.0670592035149117 and parameters: {'n_layers': 1, 'embedding_dim': 128, 'lr': 0.00027593018532204777, 'lambda_val': 0.00018954489504675632, 'batch_size': 2483, 'optimizer': 'Adam'}. Best is trial 4 with value: 0.11847522329459384.
2026-05-11 01:28:36,262 - optuna.study._optimize - INFO - Trial 133 pruned. 
2026-05-11 01:28:42,253 - optuna.study._optimize - INFO - Trial 134 pruned. 
2026-05-11 01:28:45,993 - optuna.study._optimize - INFO - Trial 135 pruned. 
2026-05-11 01:28:50,583 - optuna.study._optimize - INFO - Trial 136 pruned. 
2026-05-11 01:29:19,992 - optuna.study.study - INFO - Trial 137 finished with value: 0.06285016426048053 and parameters: {'n_layers': 1, 'embedding_dim': 128, 'lr': 0.00028320058310737396, 'lambda_val': 0.0004584728900686424, 'batch_size': 2180, 'optimizer': 'Adam'}. Best is trial 4 with value: 0.11847522329459384.
2026-05-11 01:29:49,656 - optuna.study.study - INFO - Trial 138 finished with value: 0.045412983359112376 and parameters: {'n_layers': 1, 'embedding_dim': 128, 'lr': 0.0003842632597927272, 'lambda_val': 0.0019293282955039643, 'batch_size': 1729, 'optimizer': 'RMSprop'}. Best is trial 4 with value: 0.11847522329459384.
2026-05-11 01:29:53,397 - optuna.study._optimize - INFO - Trial 139 pruned. 
2026-05-11 01:29:58,518 - optuna.study._optimize - INFO - Trial 140 pruned. 
2026-05-11 01:30:29,414 - optuna.study.study - INFO - Trial 141 finished with value: 0.06722184174121261 and parameters: {'n_layers': 1, 'embedding_dim': 128, 'lr': 0.00023300127606127428, 'lambda_val': 0.00034442410807777646, 'batch_size': 2300, 'optimizer': 'Adam'}. Best is trial 4 with value: 0.11847522329459384.
2026-05-11 01:30:33,308 - optuna.study._optimize - INFO - Trial 142 pruned. 
2026-05-11 01:31:03,360 - optuna.study.study - INFO - Trial 143 finished with value: 0.06675877528443298 and parameters: {'n_layers': 1, 'embedding_dim': 128, 'lr': 0.00021963588994508123, 'lambda_val': 0.0009018891176685516, 'batch_size': 2243, 'optimizer': 'Adam'}. Best is trial 4 with value: 0.11847522329459384.
2026-05-11 01:31:07,601 - optuna.study._optimize - INFO - Trial 144 pruned. 
2026-05-11 01:31:11,490 - optuna.study._optimize - INFO - Trial 145 pruned. 
2026-05-11 01:31:15,741 - optuna.study._optimize - INFO - Trial 146 pruned. 
2026-05-11 01:31:47,131 - optuna.study.study - INFO - Trial 147 finished with value: 0.051283767044004405 and parameters: {'n_layers': 1, 'embedding_dim': 128, 'lr': 0.0003422793479566462, 'lambda_val': 0.0006756842320641166, 'batch_size': 2342, 'optimizer': 'Adam'}. Best is trial 4 with value: 0.11847522329459384.
2026-05-11 01:32:18,509 - optuna.study.study - INFO - Trial 148 finished with value: 0.08957513804395552 and parameters: {'n_layers': 1, 'embedding_dim': 128, 'lr': 0.0001989814820522534, 'lambda_val': 0.0002592045443103802, 'batch_size': 1938, 'optimizer': 'Adam'}. Best is trial 4 with value: 0.11847522329459384.
2026-05-11 01:32:23,103 - optuna.study._optimize - INFO - Trial 149 pruned. 
2026-05-11 01:32:27,635 - optuna.study._optimize - INFO - Trial 150 pruned. 
2026-05-11 01:32:58,770 - optuna.study.study - INFO - Trial 151 finished with value: 0.07928121334956155 and parameters: {'n_layers': 1, 'embedding_dim': 128, 'lr': 0.00019781718544419812, 'lambda_val': 0.0002592922943988361, 'batch_size': 2037, 'optimizer': 'Adam'}. Best is trial 4 with value: 0.11847522329459384.
2026-05-11 01:33:02,567 - optuna.study._optimize - INFO - Trial 152 pruned. 
2026-05-11 01:33:32,968 - optuna.study.study - INFO - Trial 153 finished with value: 0.06662254681081264 and parameters: {'n_layers': 1, 'embedding_dim': 128, 'lr': 0.0002545981989607772, 'lambda_val': 0.00013620987097091001, 'batch_size': 2033, 'optimizer': 'Adam'}. Best is trial 4 with value: 0.11847522329459384.
2026-05-11 01:33:36,948 - optuna.study._optimize - INFO - Trial 154 pruned. 
2026-05-11 01:33:41,074 - optuna.study._optimize - INFO - Trial 155 pruned. 
2026-05-11 01:33:44,681 - optuna.study._optimize - INFO - Trial 156 pruned. 
2026-05-11 01:33:48,288 - optuna.study._optimize - INFO - Trial 157 pruned. 
2026-05-11 01:33:53,908 - optuna.study._optimize - INFO - Trial 158 pruned. 
2026-05-11 01:34:24,352 - optuna.study.study - INFO - Trial 159 finished with value: 0.06719240517676936 and parameters: {'n_layers': 1, 'embedding_dim': 128, 'lr': 0.0002684429975185007, 'lambda_val': 0.0003424683348988686, 'batch_size': 1825, 'optimizer': 'Adam'}. Best is trial 4 with value: 0.11847522329459384.
2026-05-11 01:34:28,211 - optuna.study._optimize - INFO - Trial 160 pruned. 
2026-05-11 01:34:32,005 - optuna.study._optimize - INFO - Trial 161 pruned. 
2026-05-11 01:35:00,869 - optuna.study.study - INFO - Trial 162 finished with value: 0.0684109581063277 and parameters: {'n_layers': 1, 'embedding_dim': 128, 'lr': 0.00020772313943091076, 'lambda_val': 0.00022469601159436675, 'batch_size': 2280, 'optimizer': 'Adam'}. Best is trial 4 with value: 0.11847522329459384.
2026-05-11 01:35:29,532 - optuna.study.study - INFO - Trial 163 finished with value: 0.060765456094851705 and parameters: {'n_layers': 1, 'embedding_dim': 128, 'lr': 0.0003345788713800916, 'lambda_val': 0.0005402596988779065, 'batch_size': 1995, 'optimizer': 'Adam'}. Best is trial 4 with value: 0.11847522329459384.
2026-05-11 01:35:33,819 - optuna.study._optimize - INFO - Trial 164 pruned. 
2026-05-11 01:36:04,826 - optuna.study.study - INFO - Trial 165 finished with value: 0.07046294977011139 and parameters: {'n_layers': 1, 'embedding_dim': 128, 'lr': 0.00025421233176296104, 'lambda_val': 0.00047262226613485815, 'batch_size': 2104, 'optimizer': 'Adam'}. Best is trial 4 with value: 0.11847522329459384.
2026-05-11 01:36:08,585 - optuna.study._optimize - INFO - Trial 166 pruned. 
2026-05-11 01:36:41,047 - optuna.study.study - INFO - Trial 167 finished with value: 0.056397819310760156 and parameters: {'n_layers': 1, 'embedding_dim': 128, 'lr': 0.00045450423542950255, 'lambda_val': 0.00018366998794576105, 'batch_size': 2889, 'optimizer': 'Adam'}. Best is trial 4 with value: 0.11847522329459384.
2026-05-11 01:36:44,679 - optuna.study._optimize - INFO - Trial 168 pruned. 
2026-05-11 01:36:48,479 - optuna.study._optimize - INFO - Trial 169 pruned. 
2026-05-11 01:36:54,463 - optuna.study._optimize - INFO - Trial 170 pruned. 
2026-05-11 01:36:58,269 - optuna.study._optimize - INFO - Trial 171 pruned. 
2026-05-11 01:37:01,986 - optuna.study._optimize - INFO - Trial 172 pruned. 
2026-05-11 01:37:32,482 - optuna.study.study - INFO - Trial 173 finished with value: 0.07438794249407356 and parameters: {'n_layers': 1, 'embedding_dim': 96, 'lr': 0.0002463517338269152, 'lambda_val': 3.970864431902182e-05, 'batch_size': 1683, 'optimizer': 'Adam'}. Best is trial 4 with value: 0.11847522329459384.
2026-05-11 01:37:36,698 - optuna.study._optimize - INFO - Trial 174 pruned. 
2026-05-11 01:38:05,284 - optuna.study.study - INFO - Trial 175 finished with value: 0.06931570020975938 and parameters: {'n_layers': 1, 'embedding_dim': 96, 'lr': 0.0003109526863872219, 'lambda_val': 3.090122030009844e-05, 'batch_size': 1778, 'optimizer': 'Adam'}. Best is trial 4 with value: 0.11847522329459384.
2026-05-11 01:38:09,071 - optuna.study._optimize - INFO - Trial 176 pruned. 
2026-05-11 01:38:13,162 - optuna.study._optimize - INFO - Trial 177 pruned. 
2026-05-11 01:38:17,349 - optuna.study._optimize - INFO - Trial 178 pruned. 
2026-05-11 01:38:48,029 - optuna.study.study - INFO - Trial 179 finished with value: 0.05669832141750107 and parameters: {'n_layers': 1, 'embedding_dim': 96, 'lr': 0.0003686119585881747, 'lambda_val': 0.0008168959244938713, 'batch_size': 1691, 'optimizer': 'Adam'}. Best is trial 4 with value: 0.11847522329459384.
2026-05-11 01:39:25,711 - optuna.study.study - INFO - Trial 180 finished with value: 0.08411715211368706 and parameters: {'n_layers': 1, 'embedding_dim': 128, 'lr': 0.00019334413352641724, 'lambda_val': 2.0600821874101052e-05, 'batch_size': 1851, 'optimizer': 'Adam'}. Best is trial 4 with value: 0.11847522329459384.
2026-05-11 01:39:29,582 - optuna.study._optimize - INFO - Trial 181 pruned. 
2026-05-11 01:40:01,462 - optuna.study.study - INFO - Trial 182 finished with value: 0.072818382259152 and parameters: {'n_layers': 1, 'embedding_dim': 128, 'lr': 0.0002450388544594573, 'lambda_val': 1.0878442997853327e-05, 'batch_size': 1874, 'optimizer': 'Adam'}. Best is trial 4 with value: 0.11847522329459384.
2026-05-11 01:40:06,139 - optuna.study._optimize - INFO - Trial 183 pruned. 
2026-05-11 01:40:12,857 - optuna.study._optimize - INFO - Trial 184 pruned. 
2026-05-11 01:40:42,287 - optuna.study.study - INFO - Trial 185 finished with value: 0.05918638743245434 and parameters: {'n_layers': 1, 'embedding_dim': 128, 'lr': 0.0002973617680673872, 'lambda_val': 0.0003011951096271513, 'batch_size': 1939, 'optimizer': 'Adam'}. Best is trial 4 with value: 0.11847522329459384.
2026-05-11 01:40:45,965 - optuna.study._optimize - INFO - Trial 186 pruned. 
2026-05-11 01:40:50,180 - optuna.study._optimize - INFO - Trial 187 pruned. 
2026-05-11 01:40:54,030 - optuna.study._optimize - INFO - Trial 188 pruned. 
2026-05-11 01:40:57,736 - optuna.study._optimize - INFO - Trial 189 pruned. 
2026-05-11 01:41:33,258 - optuna.study.study - INFO - Trial 190 finished with value: 0.07772040328362122 and parameters: {'n_layers': 1, 'embedding_dim': 128, 'lr': 0.0002417742023318277, 'lambda_val': 0.0009366339969327397, 'batch_size': 1833, 'optimizer': 'Adam'}. Best is trial 4 with value: 0.11847522329459384.
2026-05-11 01:41:37,617 - optuna.study._optimize - INFO - Trial 191 pruned. 
2026-05-11 01:41:41,223 - optuna.study._optimize - INFO - Trial 192 pruned. 
2026-05-11 01:42:11,797 - optuna.study.study - INFO - Trial 193 finished with value: 0.06681705665462329 and parameters: {'n_layers': 1, 'embedding_dim': 128, 'lr': 0.00025996143581624134, 'lambda_val': 0.00137375401003206, 'batch_size': 1866, 'optimizer': 'Adam'}. Best is trial 4 with value: 0.11847522329459384.
2026-05-11 01:42:15,724 - optuna.study._optimize - INFO - Trial 194 pruned. 
2026-05-11 01:42:46,093 - optuna.study.study - INFO - Trial 195 finished with value: 0.058647612038955084 and parameters: {'n_layers': 1, 'embedding_dim': 128, 'lr': 0.00030897700156546504, 'lambda_val': 6.32190635766071e-06, 'batch_size': 1962, 'optimizer': 'Adam'}. Best is trial 4 with value: 0.11847522329459384.
2026-05-11 01:42:51,009 - optuna.study._optimize - INFO - Trial 196 pruned. 
2026-05-11 01:43:24,192 - optuna.study.study - INFO - Trial 197 finished with value: 0.06352454803897377 and parameters: {'n_layers': 1, 'embedding_dim': 128, 'lr': 0.00022507291498216676, 'lambda_val': 0.0005873726456120847, 'batch_size': 2541, 'optimizer': 'Adam'}. Best is trial 4 with value: 0.11847522329459384.
2026-05-11 01:43:28,105 - optuna.study._optimize - INFO - Trial 198 pruned. 
2026-05-11 01:43:32,153 - optuna.study._optimize - INFO - Trial 199 pruned. 
2026-05-11 01:43:54,654 - root - INFO -   **** Training e_100K_1c1dcs_rand5
2026-05-11 01:43:54,664 - root - INFO -   **** Getting 53072/65410 random edges
2026-05-11 01:43:55,673 - optuna.storages._rdb.storage - INFO - A new study created in RDB with name: Study_e_100K_1c1dcs_rand5
2026-05-11 01:44:50,239 - optuna.study.study - INFO - Trial 0 finished with value: 0.017934711611207372 and parameters: {'n_layers': 3, 'embedding_dim': 256, 'lr': 0.010286986241520302, 'lambda_val': 0.02240418004077037, 'batch_size': 1711, 'optimizer': 'RMSprop'}. Best is trial 0 with value: 0.017934711611207372.
2026-05-11 01:45:27,468 - optuna.study.study - INFO - Trial 1 finished with value: 0.02383597733692253 and parameters: {'n_layers': 1, 'embedding_dim': 128, 'lr': 0.0019595465799812015, 'lambda_val': 0.06598904913645591, 'batch_size': 1606, 'optimizer': 'Adam'}. Best is trial 1 with value: 0.02383597733692253.
2026-05-11 01:46:04,730 - optuna.study.study - INFO - Trial 2 finished with value: 0.010917005144294585 and parameters: {'n_layers': 3, 'embedding_dim': 128, 'lr': 1.4170960827120874e-05, 'lambda_val': 2.8298769877892823e-05, 'batch_size': 1445, 'optimizer': 'RMSprop'}. Best is trial 1 with value: 0.02383597733692253.
2026-05-11 01:46:40,705 - optuna.study.study - INFO - Trial 3 finished with value: 0.023722256930617823 and parameters: {'n_layers': 2, 'embedding_dim': 128, 'lr': 0.03494837327877632, 'lambda_val': 8.149513555501831e-06, 'batch_size': 4032, 'optimizer': 'Adam'}. Best is trial 1 with value: 0.02383597733692253.
2026-05-11 01:47:23,112 - optuna.study.study - INFO - Trial 4 finished with value: 0.03196864528442201 and parameters: {'n_layers': 4, 'embedding_dim': 128, 'lr': 0.012501298965548253, 'lambda_val': 1.8437861316721098e-05, 'batch_size': 960, 'optimizer': 'RMSprop'}. Best is trial 4 with value: 0.03196864528442201.
2026-05-11 01:48:01,030 - optuna.study.study - INFO - Trial 5 finished with value: 0.028235921115347264 and parameters: {'n_layers': 3, 'embedding_dim': 64, 'lr': 0.006050605397252317, 'lambda_val': 0.00010484378246530041, 'batch_size': 3476, 'optimizer': 'RMSprop'}. Best is trial 4 with value: 0.03196864528442201.
2026-05-11 01:48:47,405 - optuna.study.study - INFO - Trial 6 finished with value: 0.029071400328188633 and parameters: {'n_layers': 2, 'embedding_dim': 256, 'lr': 0.0004899745609613647, 'lambda_val': 2.6724916514260865e-06, 'batch_size': 2506, 'optimizer': 'RMSprop'}. Best is trial 4 with value: 0.03196864528442201.
2026-05-11 01:48:51,729 - optuna.study._optimize - INFO - Trial 7 pruned. 
2026-05-11 01:48:57,179 - optuna.study._optimize - INFO - Trial 8 pruned. 
2026-05-11 01:49:01,162 - optuna.study._optimize - INFO - Trial 9 pruned. 
2026-05-11 01:49:36,362 - optuna.study.study - INFO - Trial 10 finished with value: 0.00695261144022304 and parameters: {'n_layers': 4, 'embedding_dim': 32, 'lr': 0.0004064752430543247, 'lambda_val': 0.0010002764490646687, 'batch_size': 830, 'optimizer': 'RMSprop'}. Best is trial 4 with value: 0.03196864528442201.
2026-05-11 01:50:12,105 - optuna.study.study - INFO - Trial 11 finished with value: 0.060995696270697425 and parameters: {'n_layers': 1, 'embedding_dim': 256, 'lr': 0.00031740062165967574, 'lambda_val': 1.0712562499065824e-06, 'batch_size': 2929, 'optimizer': 'RMSprop'}. Best is trial 11 with value: 0.060995696270697425.
2026-05-11 01:50:47,676 - optuna.study.study - INFO - Trial 12 finished with value: 0.08371460276005245 and parameters: {'n_layers': 1, 'embedding_dim': 256, 'lr': 0.00013786140079833528, 'lambda_val': 1.1939288287764693e-06, 'batch_size': 2995, 'optimizer': 'RMSprop'}. Best is trial 12 with value: 0.08371460276005245.
2026-05-11 01:51:23,190 - optuna.study.study - INFO - Trial 13 finished with value: 0.10545433157054192 and parameters: {'n_layers': 1, 'embedding_dim': 256, 'lr': 0.00011645731500778369, 'lambda_val': 1.3170713086946424e-06, 'batch_size': 2790, 'optimizer': 'RMSprop'}. Best is trial 13 with value: 0.10545433157054192.
2026-05-11 01:51:27,158 - optuna.study._optimize - INFO - Trial 14 pruned. 
2026-05-11 01:52:03,535 - optuna.study.study - INFO - Trial 15 finished with value: 0.10720122396305293 and parameters: {'n_layers': 1, 'embedding_dim': 256, 'lr': 9.399981996281441e-05, 'lambda_val': 5.835681716048209e-06, 'batch_size': 3398, 'optimizer': 'RMSprop'}. Best is trial 15 with value: 0.10720122396305293.
2026-05-11 01:52:08,073 - optuna.study._optimize - INFO - Trial 16 pruned. 
2026-05-11 01:52:39,132 - optuna.study.study - INFO - Trial 17 finished with value: 0.035457973147249994 and parameters: {'n_layers': 1, 'embedding_dim': 32, 'lr': 0.00160414989865012, 'lambda_val': 0.0006964273744743557, 'batch_size': 3394, 'optimizer': 'RMSprop'}. Best is trial 15 with value: 0.10720122396305293.
2026-05-11 01:53:17,060 - optuna.study.study - INFO - Trial 18 finished with value: 0.10254980159425851 and parameters: {'n_layers': 1, 'embedding_dim': 256, 'lr': 0.00012161598692903662, 'lambda_val': 5.868972817865114e-05, 'batch_size': 2394, 'optimizer': 'Adam'}. Best is trial 15 with value: 0.10720122396305293.
2026-05-11 01:53:22,263 - optuna.study._optimize - INFO - Trial 19 pruned. 
2026-05-11 01:53:57,269 - optuna.study.study - INFO - Trial 20 finished with value: 0.06209918602314474 and parameters: {'n_layers': 1, 'embedding_dim': 256, 'lr': 0.00020193474482211668, 'lambda_val': 0.0002647062349431223, 'batch_size': 2628, 'optimizer': 'RMSprop'}. Best is trial 15 with value: 0.10720122396305293.
2026-05-11 01:54:02,001 - optuna.study._optimize - INFO - Trial 21 pruned. 
2026-05-11 01:54:38,952 - optuna.study.study - INFO - Trial 22 finished with value: 0.05752680696944 and parameters: {'n_layers': 1, 'embedding_dim': 256, 'lr': 0.0008921990589896649, 'lambda_val': 4.316348781161856e-06, 'batch_size': 2399, 'optimizer': 'Adam'}. Best is trial 15 with value: 0.10720122396305293.
2026-05-11 01:54:44,073 - optuna.study._optimize - INFO - Trial 23 pruned. 
2026-05-11 01:54:48,455 - optuna.study._optimize - INFO - Trial 24 pruned. 
2026-05-11 01:55:18,680 - optuna.study.study - INFO - Trial 25 finished with value: 0.07072567089105769 and parameters: {'n_layers': 1, 'embedding_dim': 64, 'lr': 0.00022719463527973694, 'lambda_val': 2.653849610000664e-06, 'batch_size': 2727, 'optimizer': 'Adam'}. Best is trial 15 with value: 0.10720122396305293.
2026-05-11 01:55:49,558 - optuna.study.study - INFO - Trial 26 finished with value: 0.025844673945190376 and parameters: {'n_layers': 2, 'embedding_dim': 32, 'lr': 0.000685187234777487, 'lambda_val': 4.195494260875642e-05, 'batch_size': 3003, 'optimizer': 'RMSprop'}. Best is trial 15 with value: 0.10720122396305293.
2026-05-11 01:55:53,553 - optuna.study._optimize - INFO - Trial 27 pruned. 
2026-05-11 01:55:58,421 - optuna.study._optimize - INFO - Trial 28 pruned. 
2026-05-11 01:56:03,974 - optuna.study._optimize - INFO - Trial 29 pruned. 
2026-05-11 01:56:38,721 - optuna.study.study - INFO - Trial 30 finished with value: 0.08066446943172695 and parameters: {'n_layers': 1, 'embedding_dim': 256, 'lr': 0.00014726695714543066, 'lambda_val': 2.613167333656725e-06, 'batch_size': 3144, 'optimizer': 'RMSprop'}. Best is trial 15 with value: 0.10720122396305293.
2026-05-11 01:57:19,376 - optuna.study.study - INFO - Trial 31 finished with value: 0.07189635815723279 and parameters: {'n_layers': 1, 'embedding_dim': 256, 'lr': 0.0001335960241101388, 'lambda_val': 1.256481744474294e-06, 'batch_size': 2994, 'optimizer': 'RMSprop'}. Best is trial 15 with value: 0.10720122396305293.
2026-05-11 01:57:55,357 - optuna.study.study - INFO - Trial 32 finished with value: 0.06994689307777957 and parameters: {'n_layers': 1, 'embedding_dim': 256, 'lr': 0.000206342431144214, 'lambda_val': 2.0909349573138357e-06, 'batch_size': 2553, 'optimizer': 'RMSprop'}. Best is trial 15 with value: 0.10720122396305293.
2026-05-11 01:58:00,129 - optuna.study._optimize - INFO - Trial 33 pruned. 
2026-05-11 01:58:34,154 - optuna.study.study - INFO - Trial 34 finished with value: 0.05037241412700299 and parameters: {'n_layers': 1, 'embedding_dim': 256, 'lr': 0.001478244065963766, 'lambda_val': 1.1401727539939428e-05, 'batch_size': 3136, 'optimizer': 'RMSprop'}. Best is trial 15 with value: 0.10720122396305293.
2026-05-11 01:58:41,738 - optuna.study._optimize - INFO - Trial 35 pruned. 
2026-05-11 01:58:46,107 - optuna.study._optimize - INFO - Trial 36 pruned. 
2026-05-11 01:58:50,300 - optuna.study._optimize - INFO - Trial 37 pruned. 
2026-05-11 01:58:53,799 - optuna.study._optimize - INFO - Trial 38 pruned. 
2026-05-11 01:58:57,877 - optuna.study._optimize - INFO - Trial 39 pruned. 
2026-05-11 01:59:01,974 - optuna.study._optimize - INFO - Trial 40 pruned. 
2026-05-11 01:59:37,468 - optuna.study.study - INFO - Trial 41 finished with value: 0.0747174532311198 and parameters: {'n_layers': 1, 'embedding_dim': 256, 'lr': 0.00016470394050452215, 'lambda_val': 3.6081641259922222e-06, 'batch_size': 3124, 'optimizer': 'RMSprop'}. Best is trial 15 with value: 0.10720122396305293.
2026-05-11 01:59:42,761 - optuna.study._optimize - INFO - Trial 42 pruned. 
2026-05-11 02:00:17,732 - optuna.study.study - INFO - Trial 43 finished with value: 0.07504267998200687 and parameters: {'n_layers': 1, 'embedding_dim': 256, 'lr': 0.00013240663859988473, 'lambda_val': 1.1015384706032822e-06, 'batch_size': 2849, 'optimizer': 'RMSprop'}. Best is trial 15 with value: 0.10720122396305293.
2026-05-11 02:00:54,519 - optuna.study.study - INFO - Trial 44 finished with value: 0.06285268009540801 and parameters: {'n_layers': 1, 'embedding_dim': 256, 'lr': 0.00025028159014417846, 'lambda_val': 2.6546383035229693e-05, 'batch_size': 3305, 'optimizer': 'RMSprop'}. Best is trial 15 with value: 0.10720122396305293.
2026-05-11 02:01:00,225 - optuna.study._optimize - INFO - Trial 45 pruned. 
2026-05-11 02:01:04,021 - optuna.study._optimize - INFO - Trial 46 pruned. 
2026-05-11 02:01:09,560 - optuna.study._optimize - INFO - Trial 47 pruned. 
2026-05-11 02:01:40,473 - optuna.study.study - INFO - Trial 48 finished with value: 0.0485172747470758 and parameters: {'n_layers': 1, 'embedding_dim': 128, 'lr': 0.00030456409480319406, 'lambda_val': 8.726568386444015e-06, 'batch_size': 4093, 'optimizer': 'RMSprop'}. Best is trial 15 with value: 0.10720122396305293.
2026-05-11 02:01:44,541 - optuna.study._optimize - INFO - Trial 49 pruned. 
2026-05-11 02:01:51,705 - optuna.study._optimize - INFO - Trial 50 pruned. 
2026-05-11 02:02:33,974 - optuna.study.study - INFO - Trial 51 finished with value: 0.07231918611879351 and parameters: {'n_layers': 1, 'embedding_dim': 256, 'lr': 0.0001393827464110545, 'lambda_val': 1.1438134765242077e-06, 'batch_size': 2820, 'optimizer': 'RMSprop'}. Best is trial 15 with value: 0.10720122396305293.
2026-05-11 02:03:09,620 - optuna.study.study - INFO - Trial 52 finished with value: 0.08000016176616036 and parameters: {'n_layers': 1, 'embedding_dim': 256, 'lr': 0.00013885256082606304, 'lambda_val': 1.0869378452019145e-06, 'batch_size': 3210, 'optimizer': 'RMSprop'}. Best is trial 15 with value: 0.10720122396305293.
2026-05-11 02:03:13,767 - optuna.study._optimize - INFO - Trial 53 pruned. 
2026-05-11 02:03:18,473 - optuna.study._optimize - INFO - Trial 54 pruned. 
2026-05-11 02:03:58,193 - optuna.study.study - INFO - Trial 55 finished with value: 0.05730493023851293 and parameters: {'n_layers': 1, 'embedding_dim': 256, 'lr': 0.00041110650439185863, 'lambda_val': 3.1635794379178364e-06, 'batch_size': 3347, 'optimizer': 'RMSprop'}. Best is trial 15 with value: 0.10720122396305293.
2026-05-11 02:04:02,640 - optuna.study._optimize - INFO - Trial 56 pruned. 
2026-05-11 02:04:06,943 - optuna.study._optimize - INFO - Trial 57 pruned. 
2026-05-11 02:04:11,300 - optuna.study._optimize - INFO - Trial 58 pruned. 
2026-05-11 02:04:14,808 - optuna.study._optimize - INFO - Trial 59 pruned. 
2026-05-11 02:04:21,286 - optuna.study._optimize - INFO - Trial 60 pruned. 
2026-05-11 02:04:59,498 - optuna.study.study - INFO - Trial 61 finished with value: 0.07499715968334117 and parameters: {'n_layers': 1, 'embedding_dim': 256, 'lr': 0.00016123170597335775, 'lambda_val': 1.4891608812793919e-06, 'batch_size': 2864, 'optimizer': 'RMSprop'}. Best is trial 15 with value: 0.10720122396305293.
2026-05-11 02:05:04,111 - optuna.study._optimize - INFO - Trial 62 pruned. 
2026-05-11 02:05:43,505 - optuna.study.study - INFO - Trial 63 finished with value: 0.06185210035850028 and parameters: {'n_layers': 1, 'embedding_dim': 256, 'lr': 0.0005799751101178426, 'lambda_val': 2.4666364701465974e-06, 'batch_size': 2668, 'optimizer': 'RMSprop'}. Best is trial 15 with value: 0.10720122396305293.
2026-05-11 02:05:54,507 - optuna.study._optimize - INFO - Trial 64 pruned. 
2026-05-11 02:06:30,228 - optuna.study.study - INFO - Trial 65 finished with value: 0.09993332057614306 and parameters: {'n_layers': 1, 'embedding_dim': 256, 'lr': 0.0001190505164877863, 'lambda_val': 1.7947454717098572e-05, 'batch_size': 3489, 'optimizer': 'Adam'}. Best is trial 15 with value: 0.10720122396305293.
2026-05-11 02:07:05,360 - optuna.study.study - INFO - Trial 66 finished with value: 0.07367754352400932 and parameters: {'n_layers': 1, 'embedding_dim': 256, 'lr': 0.00019959897509429887, 'lambda_val': 1.8397645923399772e-05, 'batch_size': 3502, 'optimizer': 'Adam'}. Best is trial 15 with value: 0.10720122396305293.
2026-05-11 02:07:09,793 - optuna.study._optimize - INFO - Trial 67 pruned. 
2026-05-11 02:07:13,531 - optuna.study._optimize - INFO - Trial 68 pruned. 
2026-05-11 02:07:17,905 - optuna.study._optimize - INFO - Trial 69 pruned. 
2026-05-11 02:07:23,031 - optuna.study._optimize - INFO - Trial 70 pruned. 
2026-05-11 02:07:57,690 - optuna.study.study - INFO - Trial 71 finished with value: 0.06780949567315296 and parameters: {'n_layers': 1, 'embedding_dim': 256, 'lr': 0.00014970844187078594, 'lambda_val': 2.7292637255214037e-06, 'batch_size': 3144, 'optimizer': 'RMSprop'}. Best is trial 15 with value: 0.10720122396305293.
2026-05-11 02:08:02,217 - optuna.study._optimize - INFO - Trial 72 pruned. 
2026-05-11 02:08:37,719 - optuna.study.study - INFO - Trial 73 finished with value: 0.08675777696496612 and parameters: {'n_layers': 1, 'embedding_dim': 256, 'lr': 0.000255934103301682, 'lambda_val': 4.07462086743689e-06, 'batch_size': 3454, 'optimizer': 'Adam'}. Best is trial 15 with value: 0.10720122396305293.
2026-05-11 02:09:13,370 - optuna.study.study - INFO - Trial 74 finished with value: 0.06566458365927703 and parameters: {'n_layers': 1, 'embedding_dim': 256, 'lr': 0.00027072671468309926, 'lambda_val': 9.722675483309669e-06, 'batch_size': 3521, 'optimizer': 'Adam'}. Best is trial 15 with value: 0.10720122396305293.
2026-05-11 02:09:17,686 - optuna.study._optimize - INFO - Trial 75 pruned. 
2026-05-11 02:09:22,062 - optuna.study._optimize - INFO - Trial 76 pruned. 
2026-05-11 02:09:57,552 - optuna.study.study - INFO - Trial 77 finished with value: 0.05980194469477986 and parameters: {'n_layers': 1, 'embedding_dim': 256, 'lr': 0.0004705526146588226, 'lambda_val': 3.881627698500185e-06, 'batch_size': 3248, 'optimizer': 'Adam'}. Best is trial 15 with value: 0.10720122396305293.
2026-05-11 02:10:26,681 - optuna.study.study - INFO - Trial 78 finished with value: 0.04597649985219085 and parameters: {'n_layers': 1, 'embedding_dim': 64, 'lr': 0.0008986736914230862, 'lambda_val': 6.205171143579857e-06, 'batch_size': 2036, 'optimizer': 'Adam'}. Best is trial 15 with value: 0.10720122396305293.
2026-05-11 02:10:31,068 - optuna.study._optimize - INFO - Trial 79 pruned. 
2026-05-11 02:10:35,355 - optuna.study._optimize - INFO - Trial 80 pruned. 
2026-05-11 02:11:09,930 - optuna.study.study - INFO - Trial 81 finished with value: 0.07955932685538011 and parameters: {'n_layers': 1, 'embedding_dim': 256, 'lr': 0.0001496795774972255, 'lambda_val': 1.3826581044905502e-06, 'batch_size': 2756, 'optimizer': 'RMSprop'}. Best is trial 15 with value: 0.10720122396305293.
2026-05-11 02:11:44,049 - optuna.study.study - INFO - Trial 82 finished with value: 0.07826781180777938 and parameters: {'n_layers': 1, 'embedding_dim': 256, 'lr': 0.00016032650151529427, 'lambda_val': 1.6109733568859863e-06, 'batch_size': 2723, 'optimizer': 'RMSprop'}. Best is trial 15 with value: 0.10720122396305293.
2026-05-11 02:12:19,183 - optuna.study.study - INFO - Trial 83 finished with value: 0.05140850812348054 and parameters: {'n_layers': 1, 'embedding_dim': 256, 'lr': 0.00034771884109667663, 'lambda_val': 2.2006379636045544e-06, 'batch_size': 3152, 'optimizer': 'RMSprop'}. Best is trial 15 with value: 0.10720122396305293.
2026-05-11 02:12:24,081 - optuna.study._optimize - INFO - Trial 84 pruned. 
2026-05-11 02:12:29,587 - optuna.study._optimize - INFO - Trial 85 pruned. 
2026-05-11 02:12:33,453 - optuna.study._optimize - INFO - Trial 86 pruned. 
2026-05-11 02:12:39,421 - optuna.study._optimize - INFO - Trial 87 pruned. 
2026-05-11 02:12:43,968 - optuna.study._optimize - INFO - Trial 88 pruned. 
2026-05-11 02:13:13,546 - optuna.study.study - INFO - Trial 89 finished with value: 0.03141866702343827 and parameters: {'n_layers': 1, 'embedding_dim': 32, 'lr': 0.0024330118001891993, 'lambda_val': 4.793738983481536e-06, 'batch_size': 2498, 'optimizer': 'Adam'}. Best is trial 15 with value: 0.10720122396305293.
2026-05-11 02:13:17,863 - optuna.study._optimize - INFO - Trial 90 pruned. 
2026-05-11 02:13:52,209 - optuna.study.study - INFO - Trial 91 finished with value: 0.07262737531316449 and parameters: {'n_layers': 1, 'embedding_dim': 256, 'lr': 0.00016177361366117484, 'lambda_val': 1.8279679247414965e-06, 'batch_size': 2716, 'optimizer': 'RMSprop'}. Best is trial 15 with value: 0.10720122396305293.
2026-05-11 02:14:28,727 - optuna.study.study - INFO - Trial 92 finished with value: 0.07836930106713164 and parameters: {'n_layers': 1, 'embedding_dim': 256, 'lr': 0.00014347037154888495, 'lambda_val': 1.7221651167063589e-06, 'batch_size': 2926, 'optimizer': 'RMSprop'}. Best is trial 15 with value: 0.10720122396305293.
2026-05-11 02:14:33,059 - optuna.study._optimize - INFO - Trial 93 pruned. 
2026-05-11 02:15:09,644 - optuna.study.study - INFO - Trial 94 finished with value: 0.06270800918976024 and parameters: {'n_layers': 1, 'embedding_dim': 256, 'lr': 0.00028571260386185487, 'lambda_val': 2.4451315157666933e-06, 'batch_size': 3278, 'optimizer': 'RMSprop'}. Best is trial 15 with value: 0.10720122396305293.
2026-05-11 02:15:13,829 - optuna.study._optimize - INFO - Trial 95 pruned. 
2026-05-11 02:15:17,961 - optuna.study._optimize - INFO - Trial 96 pruned. 
2026-05-11 02:15:53,719 - optuna.study.study - INFO - Trial 97 finished with value: 0.06324656303334682 and parameters: {'n_layers': 1, 'embedding_dim': 256, 'lr': 0.00018606583218338626, 'lambda_val': 3.353397622135681e-06, 'batch_size': 2806, 'optimizer': 'RMSprop'}. Best is trial 15 with value: 0.10720122396305293.
2026-05-11 02:15:57,560 - optuna.study._optimize - INFO - Trial 98 pruned. 
2026-05-11 02:16:01,868 - optuna.study._optimize - INFO - Trial 99 pruned. 
2026-05-11 02:16:06,982 - optuna.study._optimize - INFO - Trial 100 pruned. 
2026-05-11 02:16:13,646 - optuna.study._optimize - INFO - Trial 101 pruned. 
2026-05-11 02:16:17,732 - optuna.study._optimize - INFO - Trial 102 pruned. 
2026-05-11 02:16:52,493 - optuna.study.study - INFO - Trial 103 finished with value: 0.08160743302285686 and parameters: {'n_layers': 1, 'embedding_dim': 256, 'lr': 0.00015115199020077118, 'lambda_val': 1.0564004771404792e-06, 'batch_size': 2434, 'optimizer': 'RMSprop'}. Best is trial 15 with value: 0.10720122396305293.
2026-05-11 02:16:56,698 - optuna.study._optimize - INFO - Trial 104 pruned. 
2026-05-11 02:17:34,347 - optuna.study.study - INFO - Trial 105 finished with value: 0.06731003580639003 and parameters: {'n_layers': 1, 'embedding_dim': 256, 'lr': 0.00022445642837371936, 'lambda_val': 2.7108358504260552e-06, 'batch_size': 3314, 'optimizer': 'RMSprop'}. Best is trial 15 with value: 0.10720122396305293.
2026-05-11 02:17:38,599 - optuna.study._optimize - INFO - Trial 106 pruned. 
2026-05-11 02:17:43,712 - optuna.study._optimize - INFO - Trial 107 pruned. 
2026-05-11 02:18:18,577 - optuna.study.study - INFO - Trial 108 finished with value: 0.06514995726109278 and parameters: {'n_layers': 1, 'embedding_dim': 96, 'lr': 0.00029271783004364694, 'lambda_val': 1.3982545874145527e-06, 'batch_size': 3005, 'optimizer': 'Adam'}. Best is trial 15 with value: 0.10720122396305293.
2026-05-11 02:18:22,030 - optuna.study._optimize - INFO - Trial 109 pruned. 
2026-05-11 02:18:25,799 - optuna.study._optimize - INFO - Trial 110 pruned. 
2026-05-11 02:19:00,593 - optuna.study.study - INFO - Trial 111 finished with value: 0.06396765857264607 and parameters: {'n_layers': 1, 'embedding_dim': 256, 'lr': 0.0001815330216394666, 'lambda_val': 1.7242495075169758e-06, 'batch_size': 2841, 'optimizer': 'RMSprop'}. Best is trial 15 with value: 0.10720122396305293.
2026-05-11 02:19:37,002 - optuna.study.study - INFO - Trial 112 finished with value: 0.062232794100683796 and parameters: {'n_layers': 1, 'embedding_dim': 256, 'lr': 0.0004020649482950497, 'lambda_val': 1.0077371836312911e-06, 'batch_size': 2701, 'optimizer': 'RMSprop'}. Best is trial 15 with value: 0.10720122396305293.
2026-05-11 02:19:41,596 - optuna.study._optimize - INFO - Trial 113 pruned. 
2026-05-11 02:20:16,055 - optuna.study.study - INFO - Trial 114 finished with value: 0.07438672368588274 and parameters: {'n_layers': 1, 'embedding_dim': 256, 'lr': 0.00016211232491491586, 'lambda_val': 1.547999162903287e-05, 'batch_size': 3453, 'optimizer': 'RMSprop'}. Best is trial 15 with value: 0.10720122396305293.
2026-05-11 02:20:51,824 - optuna.study.study - INFO - Trial 115 finished with value: 0.06333732058561174 and parameters: {'n_layers': 1, 'embedding_dim': 256, 'lr': 0.0001877240912268097, 'lambda_val': 2.399790886837123e-06, 'batch_size': 3532, 'optimizer': 'Adam'}. Best is trial 15 with value: 0.10720122396305293.
2026-05-11 02:20:55,931 - optuna.study._optimize - INFO - Trial 116 pruned. 
2026-05-11 02:21:00,129 - optuna.study._optimize - INFO - Trial 117 pruned. 
2026-05-11 02:21:05,172 - optuna.study._optimize - INFO - Trial 118 pruned. 
2026-05-11 02:21:09,609 - optuna.study._optimize - INFO - Trial 119 pruned. 
2026-05-11 02:21:13,972 - optuna.study._optimize - INFO - Trial 120 pruned. 
2026-05-11 02:21:18,377 - optuna.study._optimize - INFO - Trial 121 pruned. 
2026-05-11 02:21:53,040 - optuna.study.study - INFO - Trial 122 finished with value: 0.06240065357252715 and parameters: {'n_layers': 1, 'embedding_dim': 256, 'lr': 0.0001749890579669107, 'lambda_val': 1.0130851808044673e-06, 'batch_size': 2798, 'optimizer': 'RMSprop'}. Best is trial 15 with value: 0.10720122396305293.
2026-05-11 02:21:57,720 - optuna.study._optimize - INFO - Trial 123 pruned. 
2026-05-11 02:22:02,127 - optuna.study._optimize - INFO - Trial 124 pruned. 
2026-05-11 02:22:06,525 - optuna.study._optimize - INFO - Trial 125 pruned. 
2026-05-11 02:22:53,773 - optuna.study.study - INFO - Trial 126 finished with value: 0.06951692738174792 and parameters: {'n_layers': 1, 'embedding_dim': 256, 'lr': 0.00033673461542133454, 'lambda_val': 1.2929176963920477e-06, 'batch_size': 3343, 'optimizer': 'Adam'}. Best is trial 15 with value: 0.10720122396305293.
2026-05-11 02:23:02,836 - optuna.study._optimize - INFO - Trial 127 pruned. 
2026-05-11 02:23:07,568 - optuna.study._optimize - INFO - Trial 128 pruned. 
2026-05-11 02:23:11,632 - optuna.study._optimize - INFO - Trial 129 pruned. 
2026-05-11 02:23:48,002 - optuna.study.study - INFO - Trial 130 finished with value: 0.06348065618101272 and parameters: {'n_layers': 1, 'embedding_dim': 96, 'lr': 0.0002509193615768995, 'lambda_val': 1.9567840841541468e-06, 'batch_size': 3164, 'optimizer': 'Adam'}. Best is trial 15 with value: 0.10720122396305293.
2026-05-11 02:24:26,529 - optuna.study.study - INFO - Trial 131 finished with value: 0.07336773892845765 and parameters: {'n_layers': 1, 'embedding_dim': 256, 'lr': 0.00016349803667067866, 'lambda_val': 1.2439093534711394e-06, 'batch_size': 2844, 'optimizer': 'RMSprop'}. Best is trial 15 with value: 0.10720122396305293.
2026-05-11 02:24:31,465 - optuna.study._optimize - INFO - Trial 132 pruned. 
2026-05-11 02:25:08,853 - optuna.study.study - INFO - Trial 133 finished with value: 0.07185789647563125 and parameters: {'n_layers': 1, 'embedding_dim': 256, 'lr': 0.00020356998006351913, 'lambda_val': 1.0173915535756575e-06, 'batch_size': 2898, 'optimizer': 'RMSprop'}. Best is trial 15 with value: 0.10720122396305293.
2026-05-11 02:25:47,641 - optuna.study.study - INFO - Trial 134 finished with value: 0.07292105045295125 and parameters: {'n_layers': 1, 'embedding_dim': 256, 'lr': 0.00016196320419417288, 'lambda_val': 3.2697183783526738e-06, 'batch_size': 2666, 'optimizer': 'RMSprop'}. Best is trial 15 with value: 0.10720122396305293.
2026-05-11 02:25:52,238 - optuna.study._optimize - INFO - Trial 135 pruned. 
2026-05-11 02:25:58,615 - optuna.study._optimize - INFO - Trial 136 pruned. 
2026-05-11 02:26:02,790 - optuna.study._optimize - INFO - Trial 137 pruned. 
2026-05-11 02:26:07,760 - optuna.study._optimize - INFO - Trial 138 pruned. 
2026-05-11 02:26:11,668 - optuna.study._optimize - INFO - Trial 139 pruned. 
2026-05-11 02:26:48,419 - optuna.study.study - INFO - Trial 140 finished with value: 0.07992581608864634 and parameters: {'n_layers': 1, 'embedding_dim': 256, 'lr': 0.00018702004498027087, 'lambda_val': 1.957589948636969e-06, 'batch_size': 2322, 'optimizer': 'RMSprop'}. Best is trial 15 with value: 0.10720122396305293.
2026-05-11 02:26:52,668 - optuna.study._optimize - INFO - Trial 141 pruned. 
2026-05-11 02:27:35,230 - optuna.study.study - INFO - Trial 142 finished with value: 0.07091643102158339 and parameters: {'n_layers': 1, 'embedding_dim': 256, 'lr': 0.00019898541624338632, 'lambda_val': 1.2395952035936782e-06, 'batch_size': 2202, 'optimizer': 'RMSprop'}. Best is trial 15 with value: 0.10720122396305293.
2026-05-11 02:27:39,468 - optuna.study._optimize - INFO - Trial 143 pruned. 
2026-05-11 02:27:44,093 - optuna.study._optimize - INFO - Trial 144 pruned. 
2026-05-11 02:28:19,099 - optuna.study.study - INFO - Trial 145 finished with value: 0.06898276209874503 and parameters: {'n_layers': 1, 'embedding_dim': 256, 'lr': 0.00018715037147242977, 'lambda_val': 1.491693477123007e-06, 'batch_size': 2969, 'optimizer': 'RMSprop'}. Best is trial 15 with value: 0.10720122396305293.
2026-05-11 02:28:57,118 - optuna.study.study - INFO - Trial 146 finished with value: 0.06996689162174334 and parameters: {'n_layers': 1, 'embedding_dim': 256, 'lr': 0.0002648080785378728, 'lambda_val': 3.7795542566367315e-06, 'batch_size': 3480, 'optimizer': 'RMSprop'}. Best is trial 15 with value: 0.10720122396305293.
2026-05-11 02:29:01,457 - optuna.study._optimize - INFO - Trial 147 pruned. 
2026-05-11 02:29:05,554 - optuna.study._optimize - INFO - Trial 148 pruned. 
2026-05-11 02:29:09,342 - optuna.study._optimize - INFO - Trial 149 pruned. 
2026-05-11 02:29:14,974 - optuna.study._optimize - INFO - Trial 150 pruned. 
2026-05-11 02:29:52,052 - optuna.study.study - INFO - Trial 151 finished with value: 0.06759896624203983 and parameters: {'n_layers': 1, 'embedding_dim': 256, 'lr': 0.0002039674306771899, 'lambda_val': 5.806654321957128e-06, 'batch_size': 3287, 'optimizer': 'RMSprop'}. Best is trial 15 with value: 0.10720122396305293.
2026-05-11 02:29:56,490 - optuna.study._optimize - INFO - Trial 152 pruned. 
2026-05-11 02:30:30,903 - optuna.study.study - INFO - Trial 153 finished with value: 0.07827486109162886 and parameters: {'n_layers': 1, 'embedding_dim': 256, 'lr': 0.0001632084894011694, 'lambda_val': 2.536366264576634e-06, 'batch_size': 3059, 'optimizer': 'RMSprop'}. Best is trial 15 with value: 0.10720122396305293.
2026-05-11 02:31:05,984 - optuna.study.study - INFO - Trial 154 finished with value: 0.06147715645912164 and parameters: {'n_layers': 1, 'embedding_dim': 256, 'lr': 0.00024388862961038203, 'lambda_val': 2.4191806523085603e-06, 'batch_size': 3036, 'optimizer': 'RMSprop'}. Best is trial 15 with value: 0.10720122396305293.
2026-05-11 02:31:10,614 - optuna.study._optimize - INFO - Trial 155 pruned. 
2026-05-11 02:31:48,596 - optuna.study.study - INFO - Trial 156 finished with value: 0.07207994404336494 and parameters: {'n_layers': 1, 'embedding_dim': 256, 'lr': 0.00017510059868844048, 'lambda_val': 6.640660960612518e-05, 'batch_size': 2685, 'optimizer': 'Adam'}. Best is trial 15 with value: 0.10720122396305293.
2026-05-11 02:31:53,393 - optuna.study._optimize - INFO - Trial 157 pruned. 
2026-05-11 02:31:58,043 - optuna.study._optimize - INFO - Trial 158 pruned. 
2026-05-11 02:32:32,161 - optuna.study.study - INFO - Trial 159 finished with value: 0.06831873068339653 and parameters: {'n_layers': 1, 'embedding_dim': 256, 'lr': 0.0003315588499000954, 'lambda_val': 1.2825244165419394e-06, 'batch_size': 3197, 'optimizer': 'RMSprop'}. Best is trial 15 with value: 0.10720122396305293.
2026-05-11 02:32:36,621 - optuna.study._optimize - INFO - Trial 160 pruned. 
2026-05-11 02:32:41,371 - optuna.study._optimize - INFO - Trial 161 pruned. 
2026-05-11 02:33:18,047 - optuna.study.study - INFO - Trial 162 finished with value: 0.060916194418359285 and parameters: {'n_layers': 1, 'embedding_dim': 256, 'lr': 0.00021757829080849158, 'lambda_val': 3.0079248910278515e-06, 'batch_size': 2899, 'optimizer': 'RMSprop'}. Best is trial 15 with value: 0.10720122396305293.
2026-05-11 02:33:22,632 - optuna.study._optimize - INFO - Trial 163 pruned. 
2026-05-11 02:33:57,516 - optuna.study.study - INFO - Trial 164 finished with value: 0.0778922368424133 and parameters: {'n_layers': 1, 'embedding_dim': 256, 'lr': 0.00017044252404671683, 'lambda_val': 2.3144940771682055e-06, 'batch_size': 3004, 'optimizer': 'RMSprop'}. Best is trial 15 with value: 0.10720122396305293.
2026-05-11 02:34:01,820 - optuna.study._optimize - INFO - Trial 165 pruned. 
2026-05-11 02:34:37,934 - optuna.study.study - INFO - Trial 166 finished with value: 0.07711162492538161 and parameters: {'n_layers': 1, 'embedding_dim': 256, 'lr': 0.00018249427650108158, 'lambda_val': 2.3646534097451343e-06, 'batch_size': 2741, 'optimizer': 'RMSprop'}. Best is trial 15 with value: 0.10720122396305293.
2026-05-11 02:34:42,469 - optuna.study._optimize - INFO - Trial 167 pruned. 
2026-05-11 02:35:12,187 - optuna.study.study - INFO - Trial 168 finished with value: 0.0641362433569568 and parameters: {'n_layers': 1, 'embedding_dim': 128, 'lr': 0.00024504768733964557, 'lambda_val': 2.476980047143799e-06, 'batch_size': 2417, 'optimizer': 'RMSprop'}. Best is trial 15 with value: 0.10720122396305293.
2026-05-11 02:35:17,005 - optuna.study._optimize - INFO - Trial 169 pruned. 
2026-05-11 02:35:21,379 - optuna.study._optimize - INFO - Trial 170 pruned. 
2026-05-11 02:35:56,245 - optuna.study.study - INFO - Trial 171 finished with value: 0.07057596556882365 and parameters: {'n_layers': 1, 'embedding_dim': 256, 'lr': 0.00017467554014372012, 'lambda_val': 1.4388027138724722e-06, 'batch_size': 2929, 'optimizer': 'RMSprop'}. Best is trial 15 with value: 0.10720122396305293.
2026-05-11 02:36:01,663 - optuna.study._optimize - INFO - Trial 172 pruned. 
2026-05-11 02:36:36,277 - optuna.study.study - INFO - Trial 173 finished with value: 0.07278969968005954 and parameters: {'n_layers': 1, 'embedding_dim': 256, 'lr': 0.00016368137571202285, 'lambda_val': 2.4471717911573913e-06, 'batch_size': 2973, 'optimizer': 'RMSprop'}. Best is trial 15 with value: 0.10720122396305293.
2026-05-11 02:36:41,069 - optuna.study._optimize - INFO - Trial 174 pruned. 
2026-05-11 02:37:16,590 - optuna.study.study - INFO - Trial 175 finished with value: 0.06980720537981866 and parameters: {'n_layers': 1, 'embedding_dim': 256, 'lr': 0.00021950751807124072, 'lambda_val': 1.4847192995008194e-06, 'batch_size': 3275, 'optimizer': 'Adam'}. Best is trial 15 with value: 0.10720122396305293.
2026-05-11 02:37:51,306 - optuna.study.study - INFO - Trial 176 finished with value: 0.06850879502612463 and parameters: {'n_layers': 1, 'embedding_dim': 256, 'lr': 0.00028256038882727296, 'lambda_val': 1.9523887265155133e-06, 'batch_size': 2357, 'optimizer': 'RMSprop'}. Best is trial 15 with value: 0.10720122396305293.
2026-05-11 02:37:57,389 - optuna.study._optimize - INFO - Trial 177 pruned. 
2026-05-11 02:38:37,000 - optuna.study.study - INFO - Trial 178 finished with value: 0.0667096001510464 and parameters: {'n_layers': 1, 'embedding_dim': 256, 'lr': 0.0001757585503830287, 'lambda_val': 2.765650030761411e-06, 'batch_size': 2821, 'optimizer': 'RMSprop'}. Best is trial 15 with value: 0.10720122396305293.
2026-05-11 02:38:41,196 - optuna.study._optimize - INFO - Trial 179 pruned. 
2026-05-11 02:38:45,580 - optuna.study._optimize - INFO - Trial 180 pruned. 
2026-05-11 02:39:21,091 - optuna.study.study - INFO - Trial 181 finished with value: 0.06642366430888665 and parameters: {'n_layers': 1, 'embedding_dim': 256, 'lr': 0.00019405085122479855, 'lambda_val': 3.4423901427116943e-06, 'batch_size': 3219, 'optimizer': 'RMSprop'}. Best is trial 15 with value: 0.10720122396305293.
2026-05-11 02:39:56,813 - optuna.study.study - INFO - Trial 182 finished with value: 0.08118826705460012 and parameters: {'n_layers': 1, 'embedding_dim': 256, 'lr': 0.00015891456295370274, 'lambda_val': 2.2999192102260064e-06, 'batch_size': 3074, 'optimizer': 'RMSprop'}. Best is trial 15 with value: 0.10720122396305293.
2026-05-11 02:40:01,152 - optuna.study._optimize - INFO - Trial 183 pruned. 
2026-05-11 02:40:05,471 - optuna.study._optimize - INFO - Trial 184 pruned. 
2026-05-11 02:40:09,789 - optuna.study._optimize - INFO - Trial 185 pruned. 
2026-05-11 02:40:14,648 - optuna.study._optimize - INFO - Trial 186 pruned. 
2026-05-11 02:40:18,830 - optuna.study._optimize - INFO - Trial 187 pruned. 
2026-05-11 02:40:23,620 - optuna.study._optimize - INFO - Trial 188 pruned. 
2026-05-11 02:40:28,377 - optuna.study._optimize - INFO - Trial 189 pruned. 
2026-05-11 02:41:03,826 - optuna.study.study - INFO - Trial 190 finished with value: 0.08133549988112647 and parameters: {'n_layers': 1, 'embedding_dim': 256, 'lr': 0.00015739643460134137, 'lambda_val': 1.4230654102321832e-06, 'batch_size': 3060, 'optimizer': 'Adam'}. Best is trial 15 with value: 0.10720122396305293.
2026-05-11 02:41:08,397 - optuna.study._optimize - INFO - Trial 191 pruned. 
2026-05-11 02:41:12,749 - optuna.study._optimize - INFO - Trial 192 pruned. 
2026-05-11 02:41:17,332 - optuna.study._optimize - INFO - Trial 193 pruned. 
2026-05-11 02:41:51,999 - optuna.study.study - INFO - Trial 194 finished with value: 0.06602394671643816 and parameters: {'n_layers': 1, 'embedding_dim': 256, 'lr': 0.00021654710309031502, 'lambda_val': 1.9328332448837347e-06, 'batch_size': 2787, 'optimizer': 'Adam'}. Best is trial 15 with value: 0.10720122396305293.
2026-05-11 02:41:56,169 - optuna.study._optimize - INFO - Trial 195 pruned. 
2026-05-11 02:42:00,231 - optuna.study._optimize - INFO - Trial 196 pruned. 
2026-05-11 02:42:04,384 - optuna.study._optimize - INFO - Trial 197 pruned. 
2026-05-11 02:42:07,972 - optuna.study._optimize - INFO - Trial 198 pruned. 
2026-05-11 02:42:12,059 - optuna.study._optimize - INFO - Trial 199 pruned. 
2026-05-11 02:42:39,372 - root - INFO - **** Training e_100K_1c2dcs
2026-05-11 02:42:39,372 - root - INFO -   ** 2-Dominant stats:
2026-05-11 02:42:39,373 - root - INFO -   ** Finding the dominant set:
2026-05-11 02:42:58,024 - root - INFO -   ** Getting the trainable edges:
2026-05-11 02:42:58,030 - helper_functions - INFO -      Number of nodes: 3657
2026-05-11 02:42:58,030 - helper_functions - INFO -      Ratio: 0.4035978368833462
2026-05-11 02:42:58,030 - helper_functions - INFO -      Number of unique users: 325
2026-05-11 02:42:58,030 - helper_functions - INFO -      Number of unique items: 3332
2026-05-11 02:42:58,030 - helper_functions - INFO -      Total dominant set edge: 67989
2026-05-11 02:42:58,030 - helper_functions - INFO -      Trainable edges: 54391.200000000004
2026-05-11 02:42:58,038 - root - INFO -   **** Getting 67989 dominant set edges
2026-05-11 02:42:58,171 - optuna.storages._rdb.storage - INFO - A new study created in RDB with name: Study_e_100K_1c2dcs
2026-05-11 02:43:36,157 - optuna.study.study - INFO - Trial 0 finished with value: 0.0015701899167405676 and parameters: {'n_layers': 1, 'embedding_dim': 128, 'lr': 0.06096872201159093, 'lambda_val': 0.0017765836374046412, 'batch_size': 3316, 'optimizer': 'SGD'}. Best is trial 0 with value: 0.0015701899167405676.
2026-05-11 02:44:30,317 - optuna.study.study - INFO - Trial 1 finished with value: 0.0019195503118539059 and parameters: {'n_layers': 2, 'embedding_dim': 128, 'lr': 5.042893460817231e-05, 'lambda_val': 0.0031501730854208237, 'batch_size': 737, 'optimizer': 'SGD'}. Best is trial 1 with value: 0.0019195503118539059.
2026-05-11 02:45:18,837 - optuna.study.study - INFO - Trial 2 finished with value: 0.04221240684506947 and parameters: {'n_layers': 1, 'embedding_dim': 96, 'lr': 3.546318938204764e-05, 'lambda_val': 8.056676190354778e-06, 'batch_size': 2772, 'optimizer': 'Adam'}. Best is trial 2 with value: 0.04221240684506947.
2026-05-11 02:45:53,952 - optuna.study.study - INFO - Trial 3 finished with value: 0.01852835865131438 and parameters: {'n_layers': 3, 'embedding_dim': 96, 'lr': 0.05767240181376282, 'lambda_val': 1.8148482280293798e-06, 'batch_size': 1296, 'optimizer': 'Adam'}. Best is trial 2 with value: 0.04221240684506947.
2026-05-11 02:46:23,654 - optuna.study.study - INFO - Trial 4 finished with value: 0.061976057564992075 and parameters: {'n_layers': 1, 'embedding_dim': 96, 'lr': 0.0004227588605772921, 'lambda_val': 8.561085602263265e-05, 'batch_size': 2425, 'optimizer': 'Adam'}. Best is trial 4 with value: 0.061976057564992075.
2026-05-11 02:46:33,655 - optuna.study._optimize - INFO - Trial 5 pruned. 
2026-05-11 02:47:02,646 - optuna.study.study - INFO - Trial 6 finished with value: 0.02573967429275568 and parameters: {'n_layers': 2, 'embedding_dim': 32, 'lr': 0.002293712146581822, 'lambda_val': 0.0006594250816228989, 'batch_size': 1056, 'optimizer': 'RMSprop'}. Best is trial 4 with value: 0.061976057564992075.
2026-05-11 02:47:08,737 - optuna.study._optimize - INFO - Trial 7 pruned. 
2026-05-11 02:47:13,719 - optuna.study._optimize - INFO - Trial 8 pruned. 
2026-05-11 02:47:41,910 - optuna.study.study - INFO - Trial 9 finished with value: 0.028794743028891772 and parameters: {'n_layers': 2, 'embedding_dim': 64, 'lr': 0.0007248573974510859, 'lambda_val': 0.010856794464326924, 'batch_size': 1461, 'optimizer': 'Adam'}. Best is trial 4 with value: 0.061976057564992075.
2026-05-11 02:48:05,160 - optuna.study.study - INFO - Trial 10 finished with value: 0.06511055418980558 and parameters: {'n_layers': 1, 'embedding_dim': 64, 'lr': 0.00032854345604459086, 'lambda_val': 3.833103693070164e-05, 'batch_size': 2125, 'optimizer': 'Adam'}. Best is trial 10 with value: 0.06511055418980558.
2026-05-11 02:48:28,533 - optuna.study.study - INFO - Trial 11 finished with value: 0.06477613516073287 and parameters: {'n_layers': 1, 'embedding_dim': 64, 'lr': 0.0002921668842197878, 'lambda_val': 3.3363930789149334e-05, 'batch_size': 2119, 'optimizer': 'Adam'}. Best is trial 10 with value: 0.06511055418980558.
2026-05-11 02:48:51,921 - optuna.study.study - INFO - Trial 12 finished with value: 0.08080125069764771 and parameters: {'n_layers': 1, 'embedding_dim': 64, 'lr': 0.0001400980555492515, 'lambda_val': 3.5303062952688686e-05, 'batch_size': 1821, 'optimizer': 'Adam'}. Best is trial 12 with value: 0.08080125069764771.
2026-05-11 02:49:15,994 - optuna.study.study - INFO - Trial 13 finished with value: 0.07022410207103015 and parameters: {'n_layers': 1, 'embedding_dim': 64, 'lr': 0.00011742900432934826, 'lambda_val': 4.116167924880829e-05, 'batch_size': 1808, 'optimizer': 'Adam'}. Best is trial 12 with value: 0.08080125069764771.
2026-05-11 02:49:42,972 - optuna.study._optimize - INFO - Trial 14 pruned. 
2026-05-11 02:50:08,141 - optuna.study.study - INFO - Trial 15 finished with value: 0.07871717482213719 and parameters: {'n_layers': 1, 'embedding_dim': 64, 'lr': 0.00010794979445600658, 'lambda_val': 0.00011924732344791913, 'batch_size': 2811, 'optimizer': 'RMSprop'}. Best is trial 12 with value: 0.08080125069764771.
2026-05-11 02:50:14,129 - optuna.study._optimize - INFO - Trial 16 pruned. 
2026-05-11 02:50:18,095 - optuna.study._optimize - INFO - Trial 17 pruned. 
2026-05-11 02:50:43,519 - optuna.study.study - INFO - Trial 18 finished with value: 0.05167497652423241 and parameters: {'n_layers': 1, 'embedding_dim': 64, 'lr': 0.00013881661020469823, 'lambda_val': 8.404216976920315e-06, 'batch_size': 4070, 'optimizer': 'RMSprop'}. Best is trial 12 with value: 0.08080125069764771.
2026-05-11 02:50:47,240 - optuna.study._optimize - INFO - Trial 19 pruned. 
2026-05-11 02:50:50,664 - optuna.study._optimize - INFO - Trial 20 pruned. 
2026-05-11 02:51:18,089 - optuna.study.study - INFO - Trial 21 finished with value: 0.09010673199911809 and parameters: {'n_layers': 1, 'embedding_dim': 64, 'lr': 0.0001669084836560024, 'lambda_val': 3.7028355734482356e-05, 'batch_size': 1775, 'optimizer': 'Adam'}. Best is trial 21 with value: 0.09010673199911809.
2026-05-11 02:51:44,882 - optuna.study.study - INFO - Trial 22 finished with value: 0.06882279617440275 and parameters: {'n_layers': 1, 'embedding_dim': 64, 'lr': 0.00020291625187079053, 'lambda_val': 1.77073561549929e-05, 'batch_size': 1793, 'optimizer': 'Adam'}. Best is trial 21 with value: 0.09010673199911809.
2026-05-11 02:51:48,901 - optuna.study._optimize - INFO - Trial 23 pruned. 
2026-05-11 02:51:52,691 - optuna.study._optimize - INFO - Trial 24 pruned. 
2026-05-11 02:51:56,976 - optuna.study._optimize - INFO - Trial 25 pruned. 
2026-05-11 02:52:03,905 - optuna.study._optimize - INFO - Trial 26 pruned. 
2026-05-11 02:52:30,525 - optuna.study.study - INFO - Trial 27 finished with value: 0.043135657296232324 and parameters: {'n_layers': 1, 'embedding_dim': 64, 'lr': 0.0017631495726811613, 'lambda_val': 0.000569068921862693, 'batch_size': 1062, 'optimizer': 'Adam'}. Best is trial 21 with value: 0.09010673199911809.
2026-05-11 02:52:35,148 - optuna.study._optimize - INFO - Trial 28 pruned. 
2026-05-11 02:52:39,604 - optuna.study._optimize - INFO - Trial 29 pruned. 
2026-05-11 02:52:43,299 - optuna.study._optimize - INFO - Trial 30 pruned. 
2026-05-11 02:52:47,232 - optuna.study._optimize - INFO - Trial 31 pruned. 
2026-05-11 02:52:50,601 - optuna.study._optimize - INFO - Trial 32 pruned. 
2026-05-11 02:52:54,323 - optuna.study._optimize - INFO - Trial 33 pruned. 
2026-05-11 02:52:57,802 - optuna.study._optimize - INFO - Trial 34 pruned. 
2026-05-11 02:53:01,789 - optuna.study._optimize - INFO - Trial 35 pruned. 
2026-05-11 02:53:05,740 - optuna.study._optimize - INFO - Trial 36 pruned. 
2026-05-11 02:53:33,921 - optuna.study.study - INFO - Trial 37 finished with value: 0.0625312237705745 and parameters: {'n_layers': 1, 'embedding_dim': 64, 'lr': 0.00038282373608356386, 'lambda_val': 1.590297792908964e-05, 'batch_size': 2639, 'optimizer': 'Adam'}. Best is trial 21 with value: 0.09010673199911809.
2026-05-11 02:53:38,935 - optuna.study._optimize - INFO - Trial 38 pruned. 
2026-05-11 02:54:06,737 - optuna.study.study - INFO - Trial 39 finished with value: 0.03628329569062179 and parameters: {'n_layers': 1, 'embedding_dim': 96, 'lr': 0.0010271037075503802, 'lambda_val': 6.0232637218536734e-05, 'batch_size': 2254, 'optimizer': 'Adam'}. Best is trial 21 with value: 0.09010673199911809.
2026-05-11 02:54:11,568 - optuna.study._optimize - INFO - Trial 40 pruned. 
2026-05-11 02:54:39,249 - optuna.study.study - INFO - Trial 41 finished with value: 0.0693131766044435 and parameters: {'n_layers': 1, 'embedding_dim': 64, 'lr': 0.00019034616358279576, 'lambda_val': 1.7725128597178283e-05, 'batch_size': 1834, 'optimizer': 'Adam'}. Best is trial 21 with value: 0.09010673199911809.
2026-05-11 02:55:06,187 - optuna.study.study - INFO - Trial 42 finished with value: 0.08189063926822053 and parameters: {'n_layers': 1, 'embedding_dim': 64, 'lr': 0.00015020204070839938, 'lambda_val': 9.390612609125352e-06, 'batch_size': 1777, 'optimizer': 'Adam'}. Best is trial 21 with value: 0.09010673199911809.
2026-05-11 02:55:34,973 - optuna.study.study - INFO - Trial 43 finished with value: 0.05357358593339298 and parameters: {'n_layers': 1, 'embedding_dim': 64, 'lr': 0.000502633542588711, 'lambda_val': 6.421819396412169e-06, 'batch_size': 2023, 'optimizer': 'Adam'}. Best is trial 21 with value: 0.09010673199911809.
2026-05-11 02:55:40,437 - optuna.study._optimize - INFO - Trial 44 pruned. 
2026-05-11 02:55:45,247 - optuna.study._optimize - INFO - Trial 45 pruned. 
2026-05-11 02:55:48,726 - optuna.study._optimize - INFO - Trial 46 pruned. 
2026-05-11 02:55:52,758 - optuna.study._optimize - INFO - Trial 47 pruned. 
2026-05-11 02:55:56,138 - optuna.study._optimize - INFO - Trial 48 pruned. 
2026-05-11 02:56:01,778 - optuna.study._optimize - INFO - Trial 49 pruned. 
2026-05-11 02:56:05,934 - optuna.study._optimize - INFO - Trial 50 pruned. 
2026-05-11 02:56:09,358 - optuna.study._optimize - INFO - Trial 51 pruned. 
2026-05-11 02:56:36,054 - optuna.study.study - INFO - Trial 52 finished with value: 0.07156401105424229 and parameters: {'n_layers': 1, 'embedding_dim': 64, 'lr': 0.0003937690372927255, 'lambda_val': 1.2012956865614182e-05, 'batch_size': 1450, 'optimizer': 'Adam'}. Best is trial 21 with value: 0.09010673199911809.
2026-05-11 02:57:02,854 - optuna.study.study - INFO - Trial 53 finished with value: 0.03743526991328264 and parameters: {'n_layers': 1, 'embedding_dim': 64, 'lr': 0.0009919736034918877, 'lambda_val': 1.0485568631823603e-05, 'batch_size': 1374, 'optimizer': 'Adam'}. Best is trial 21 with value: 0.09010673199911809.
2026-05-11 02:57:31,080 - optuna.study.study - INFO - Trial 54 finished with value: 0.05924762712035798 and parameters: {'n_layers': 1, 'embedding_dim': 64, 'lr': 0.00039851889571069647, 'lambda_val': 2.5113771500894005e-05, 'batch_size': 1522, 'optimizer': 'Adam'}. Best is trial 21 with value: 0.09010673199911809.
2026-05-11 02:57:34,469 - optuna.study._optimize - INFO - Trial 55 pruned. 
2026-05-11 02:58:01,697 - optuna.study.study - INFO - Trial 56 finished with value: 0.08246717313549978 and parameters: {'n_layers': 1, 'embedding_dim': 64, 'lr': 0.00026122155177150784, 'lambda_val': 1.1061753930552835e-05, 'batch_size': 1227, 'optimizer': 'Adam'}. Best is trial 21 with value: 0.09010673199911809.
2026-05-11 02:58:28,590 - optuna.study.study - INFO - Trial 57 finished with value: 0.06581221367314231 and parameters: {'n_layers': 1, 'embedding_dim': 64, 'lr': 0.000547503543858824, 'lambda_val': 1.0772912266009734e-05, 'batch_size': 1100, 'optimizer': 'Adam'}. Best is trial 21 with value: 0.09010673199911809.
2026-05-11 02:58:32,510 - optuna.study._optimize - INFO - Trial 58 pruned. 
2026-05-11 02:58:59,426 - optuna.study.study - INFO - Trial 59 finished with value: 0.06676853257223396 and parameters: {'n_layers': 1, 'embedding_dim': 64, 'lr': 0.000684826395846838, 'lambda_val': 1.5542488001676709e-06, 'batch_size': 1177, 'optimizer': 'Adam'}. Best is trial 21 with value: 0.09010673199911809.
2026-05-11 02:59:03,574 - optuna.study._optimize - INFO - Trial 60 pruned. 
2026-05-11 02:59:07,297 - optuna.study._optimize - INFO - Trial 61 pruned. 
2026-05-11 02:59:34,442 - optuna.study.study - INFO - Trial 62 finished with value: 0.06781576163623264 and parameters: {'n_layers': 1, 'embedding_dim': 64, 'lr': 0.0003330107810945412, 'lambda_val': 7.594176186825937e-06, 'batch_size': 1626, 'optimizer': 'Adam'}. Best is trial 21 with value: 0.09010673199911809.
2026-05-11 02:59:37,764 - optuna.study._optimize - INFO - Trial 63 pruned. 
2026-05-11 02:59:41,166 - optuna.study._optimize - INFO - Trial 64 pruned. 
2026-05-11 03:00:08,600 - optuna.study.study - INFO - Trial 65 finished with value: 0.07587041489682997 and parameters: {'n_layers': 1, 'embedding_dim': 64, 'lr': 0.00017409720934022656, 'lambda_val': 3.189362707279341e-05, 'batch_size': 2173, 'optimizer': 'RMSprop'}. Best is trial 21 with value: 0.09010673199911809.
2026-05-11 03:00:12,573 - optuna.study._optimize - INFO - Trial 66 pruned. 
2026-05-11 03:00:45,111 - optuna.study.study - INFO - Trial 67 finished with value: 0.05653703519838089 and parameters: {'n_layers': 1, 'embedding_dim': 128, 'lr': 0.00044059977030019664, 'lambda_val': 0.0002151082825652914, 'batch_size': 2047, 'optimizer': 'RMSprop'}. Best is trial 21 with value: 0.09010673199911809.
2026-05-11 03:00:49,319 - optuna.study._optimize - INFO - Trial 68 pruned. 
2026-05-11 03:00:53,186 - optuna.study._optimize - INFO - Trial 69 pruned. 
2026-05-11 03:00:57,981 - optuna.study._optimize - INFO - Trial 70 pruned. 
2026-05-11 03:01:02,079 - optuna.study._optimize - INFO - Trial 71 pruned. 
2026-05-11 03:01:06,751 - optuna.study._optimize - INFO - Trial 72 pruned. 
2026-05-11 03:01:10,692 - optuna.study._optimize - INFO - Trial 73 pruned. 
2026-05-11 03:01:15,078 - optuna.study._optimize - INFO - Trial 74 pruned. 
2026-05-11 03:01:41,995 - optuna.study.study - INFO - Trial 75 finished with value: 0.06700953058823429 and parameters: {'n_layers': 1, 'embedding_dim': 64, 'lr': 0.00023193749853324085, 'lambda_val': 2.256038637752959e-05, 'batch_size': 1451, 'optimizer': 'Adam'}. Best is trial 21 with value: 0.09010673199911809.
2026-05-11 03:01:46,663 - optuna.study._optimize - INFO - Trial 76 pruned. 
2026-05-11 03:01:54,226 - optuna.study._optimize - INFO - Trial 77 pruned. 
2026-05-11 03:01:58,093 - optuna.study._optimize - INFO - Trial 78 pruned. 
2026-05-11 03:02:01,948 - optuna.study._optimize - INFO - Trial 79 pruned. 
2026-05-11 03:02:06,160 - optuna.study._optimize - INFO - Trial 80 pruned. 
2026-05-11 03:02:09,968 - optuna.study._optimize - INFO - Trial 81 pruned. 
2026-05-11 03:02:13,370 - optuna.study._optimize - INFO - Trial 82 pruned. 
2026-05-11 03:02:16,915 - optuna.study._optimize - INFO - Trial 83 pruned. 
2026-05-11 03:02:20,739 - optuna.study._optimize - INFO - Trial 84 pruned. 
2026-05-11 03:02:55,290 - optuna.study.study - INFO - Trial 85 finished with value: 0.08933502155312166 and parameters: {'n_layers': 1, 'embedding_dim': 256, 'lr': 0.00021545462233217656, 'lambda_val': 0.0001317718345895148, 'batch_size': 2131, 'optimizer': 'Adam'}. Best is trial 21 with value: 0.09010673199911809.
2026-05-11 03:03:30,098 - optuna.study.study - INFO - Trial 86 finished with value: 0.0792478066092466 and parameters: {'n_layers': 1, 'embedding_dim': 256, 'lr': 0.0002265113124857221, 'lambda_val': 0.00012482310504513894, 'batch_size': 2260, 'optimizer': 'Adam'}. Best is trial 21 with value: 0.09010673199911809.
2026-05-11 03:04:05,004 - optuna.study.study - INFO - Trial 87 finished with value: 0.08048311014276414 and parameters: {'n_layers': 1, 'embedding_dim': 256, 'lr': 0.000422638737024873, 'lambda_val': 0.0002871588816856848, 'batch_size': 2258, 'optimizer': 'Adam'}. Best is trial 21 with value: 0.09010673199911809.
2026-05-11 03:04:40,577 - optuna.study.study - INFO - Trial 88 finished with value: 0.07095943330816727 and parameters: {'n_layers': 1, 'embedding_dim': 256, 'lr': 0.00023838881899623606, 'lambda_val': 0.0003989631501057843, 'batch_size': 2307, 'optimizer': 'Adam'}. Best is trial 21 with value: 0.09010673199911809.
2026-05-11 03:05:14,921 - optuna.study.study - INFO - Trial 89 finished with value: 0.054132327384180196 and parameters: {'n_layers': 1, 'embedding_dim': 256, 'lr': 0.0005236420933315404, 'lambda_val': 0.00010813092388171634, 'batch_size': 2130, 'optimizer': 'RMSprop'}. Best is trial 21 with value: 0.09010673199911809.
2026-05-11 03:05:53,098 - optuna.study.study - INFO - Trial 90 finished with value: 0.08216775730905461 and parameters: {'n_layers': 1, 'embedding_dim': 256, 'lr': 0.00028524014444627664, 'lambda_val': 0.00032319468032639554, 'batch_size': 2727, 'optimizer': 'Adam'}. Best is trial 21 with value: 0.09010673199911809.
2026-05-11 03:06:29,696 - optuna.study.study - INFO - Trial 91 finished with value: 0.07123457617214307 and parameters: {'n_layers': 1, 'embedding_dim': 256, 'lr': 0.0002867761416555144, 'lambda_val': 0.0006728474927990834, 'batch_size': 2658, 'optimizer': 'Adam'}. Best is trial 21 with value: 0.09010673199911809.
2026-05-11 03:06:34,591 - optuna.study._optimize - INFO - Trial 92 pruned. 
2026-05-11 03:06:39,009 - optuna.study._optimize - INFO - Trial 93 pruned. 
2026-05-11 03:07:22,347 - optuna.study.study - INFO - Trial 94 finished with value: 0.06656651474560157 and parameters: {'n_layers': 1, 'embedding_dim': 256, 'lr': 0.00045829143546733406, 'lambda_val': 0.000515863894232458, 'batch_size': 2525, 'optimizer': 'Adam'}. Best is trial 21 with value: 0.09010673199911809.
2026-05-11 03:07:58,753 - optuna.study.study - INFO - Trial 95 finished with value: 0.07748138028298261 and parameters: {'n_layers': 1, 'embedding_dim': 256, 'lr': 0.0003398174654485934, 'lambda_val': 0.0002549807281883841, 'batch_size': 2393, 'optimizer': 'Adam'}. Best is trial 21 with value: 0.09010673199911809.
2026-05-11 03:08:34,093 - optuna.study.study - INFO - Trial 96 finished with value: 0.06569932427496006 and parameters: {'n_layers': 1, 'embedding_dim': 256, 'lr': 0.000361958975481348, 'lambda_val': 0.0007875116907789075, 'batch_size': 2399, 'optimizer': 'Adam'}. Best is trial 21 with value: 0.09010673199911809.
2026-05-11 03:08:38,499 - optuna.study._optimize - INFO - Trial 97 pruned. 
2026-05-11 03:09:12,668 - optuna.study.study - INFO - Trial 98 finished with value: 0.06612280556142681 and parameters: {'n_layers': 1, 'embedding_dim': 256, 'lr': 0.0012505482350247054, 'lambda_val': 0.0015448040793163023, 'batch_size': 2264, 'optimizer': 'Adam'}. Best is trial 21 with value: 0.09010673199911809.
2026-05-11 03:09:48,083 - optuna.study.study - INFO - Trial 99 finished with value: 0.062264322805866336 and parameters: {'n_layers': 1, 'embedding_dim': 256, 'lr': 0.0005983231807336349, 'lambda_val': 0.0004103374981786711, 'batch_size': 2916, 'optimizer': 'Adam'}. Best is trial 21 with value: 0.09010673199911809.
2026-05-11 03:09:52,407 - optuna.study._optimize - INFO - Trial 100 pruned. 
2026-05-11 03:09:56,755 - optuna.study._optimize - INFO - Trial 101 pruned. 
2026-05-11 03:10:01,467 - optuna.study._optimize - INFO - Trial 102 pruned. 
2026-05-11 03:10:06,978 - optuna.study._optimize - INFO - Trial 103 pruned. 
2026-05-11 03:10:11,843 - optuna.study._optimize - INFO - Trial 104 pruned. 
2026-05-11 03:10:16,637 - optuna.study._optimize - INFO - Trial 105 pruned. 
2026-05-11 03:10:20,313 - optuna.study._optimize - INFO - Trial 106 pruned. 
2026-05-11 03:10:24,124 - optuna.study._optimize - INFO - Trial 107 pruned. 
2026-05-11 03:10:59,431 - optuna.study.study - INFO - Trial 108 finished with value: 0.07027219559172121 and parameters: {'n_layers': 1, 'embedding_dim': 256, 'lr': 0.00024081882419492554, 'lambda_val': 0.00015819847358240898, 'batch_size': 3086, 'optimizer': 'RMSprop'}. Best is trial 21 with value: 0.09010673199911809.
2026-05-11 03:11:03,572 - optuna.study._optimize - INFO - Trial 109 pruned. 
2026-05-11 03:11:08,335 - optuna.study._optimize - INFO - Trial 110 pruned. 
2026-05-11 03:11:42,893 - optuna.study.study - INFO - Trial 111 finished with value: 0.08908801055536412 and parameters: {'n_layers': 1, 'embedding_dim': 256, 'lr': 0.0003913983719016427, 'lambda_val': 5.578358864013932e-06, 'batch_size': 1380, 'optimizer': 'Adam'}. Best is trial 21 with value: 0.09010673199911809.
2026-05-11 03:11:47,086 - optuna.study._optimize - INFO - Trial 112 pruned. 
2026-05-11 03:11:51,273 - optuna.study._optimize - INFO - Trial 113 pruned. 
2026-05-11 03:12:27,272 - optuna.study.study - INFO - Trial 114 finished with value: 0.0696744156459586 and parameters: {'n_layers': 1, 'embedding_dim': 256, 'lr': 0.0004816796137671264, 'lambda_val': 0.00011750625890762675, 'batch_size': 2870, 'optimizer': 'Adam'}. Best is trial 21 with value: 0.09010673199911809.
2026-05-11 03:13:03,532 - optuna.study.study - INFO - Trial 115 finished with value: 0.07608181669113198 and parameters: {'n_layers': 1, 'embedding_dim': 256, 'lr': 0.00034548094364457806, 'lambda_val': 0.00019939609621758906, 'batch_size': 2566, 'optimizer': 'Adam'}. Best is trial 21 with value: 0.09010673199911809.
2026-05-11 03:13:39,084 - optuna.study.study - INFO - Trial 116 finished with value: 0.07029242129071529 and parameters: {'n_layers': 1, 'embedding_dim': 256, 'lr': 0.0003613119922200801, 'lambda_val': 2.5087665974530033e-06, 'batch_size': 2508, 'optimizer': 'Adam'}. Best is trial 21 with value: 0.09010673199911809.
2026-05-11 03:14:14,871 - optuna.study.study - INFO - Trial 117 finished with value: 0.05371010645956563 and parameters: {'n_layers': 1, 'embedding_dim': 256, 'lr': 0.0007260925298212757, 'lambda_val': 0.00019519002657386798, 'batch_size': 2551, 'optimizer': 'Adam'}. Best is trial 21 with value: 0.09010673199911809.
2026-05-11 03:14:51,038 - optuna.study.study - INFO - Trial 118 finished with value: 0.08572386670762751 and parameters: {'n_layers': 1, 'embedding_dim': 256, 'lr': 0.0002541037457698078, 'lambda_val': 9.603660428851465e-05, 'batch_size': 2449, 'optimizer': 'Adam'}. Best is trial 21 with value: 0.09010673199911809.
2026-05-11 03:15:25,508 - optuna.study.study - INFO - Trial 119 finished with value: 0.08837560670404329 and parameters: {'n_layers': 1, 'embedding_dim': 256, 'lr': 0.00025191150184939674, 'lambda_val': 9.546606193830497e-05, 'batch_size': 1369, 'optimizer': 'Adam'}. Best is trial 21 with value: 0.09010673199911809.
2026-05-11 03:15:30,147 - optuna.study._optimize - INFO - Trial 120 pruned. 
2026-05-11 03:16:04,692 - optuna.study.study - INFO - Trial 121 finished with value: 0.08917548647058998 and parameters: {'n_layers': 1, 'embedding_dim': 256, 'lr': 0.0002610229875894811, 'lambda_val': 0.00010418461934890946, 'batch_size': 1367, 'optimizer': 'Adam'}. Best is trial 21 with value: 0.09010673199911809.
2026-05-11 03:16:39,027 - optuna.study.study - INFO - Trial 122 finished with value: 0.0900002479471534 and parameters: {'n_layers': 1, 'embedding_dim': 256, 'lr': 0.0002582414881090255, 'lambda_val': 7.647261147640001e-05, 'batch_size': 1349, 'optimizer': 'Adam'}. Best is trial 21 with value: 0.09010673199911809.
2026-05-11 03:17:13,520 - optuna.study.study - INFO - Trial 123 finished with value: 0.09229573044538299 and parameters: {'n_layers': 1, 'embedding_dim': 256, 'lr': 0.00022772106380578516, 'lambda_val': 7.428031393427677e-05, 'batch_size': 1284, 'optimizer': 'Adam'}. Best is trial 123 with value: 0.09229573044538299.
2026-05-11 03:17:47,904 - optuna.study.study - INFO - Trial 124 finished with value: 0.08585854048889717 and parameters: {'n_layers': 1, 'embedding_dim': 256, 'lr': 0.0002924789204954415, 'lambda_val': 7.638239804803178e-05, 'batch_size': 1377, 'optimizer': 'Adam'}. Best is trial 123 with value: 0.09229573044538299.
2026-05-11 03:18:21,965 - optuna.study.study - INFO - Trial 125 finished with value: 0.08494780197904249 and parameters: {'n_layers': 1, 'embedding_dim': 256, 'lr': 0.0002695850976818672, 'lambda_val': 7.294705357785181e-05, 'batch_size': 1333, 'optimizer': 'Adam'}. Best is trial 123 with value: 0.09229573044538299.
2026-05-11 03:18:26,261 - optuna.study._optimize - INFO - Trial 126 pruned. 
2026-05-11 03:18:31,876 - optuna.study._optimize - INFO - Trial 127 pruned. 
2026-05-11 03:18:36,356 - optuna.study._optimize - INFO - Trial 128 pruned. 
2026-05-11 03:18:40,690 - optuna.study._optimize - INFO - Trial 129 pruned. 
2026-05-11 03:19:15,087 - optuna.study.study - INFO - Trial 130 finished with value: 0.08266463101165525 and parameters: {'n_layers': 1, 'embedding_dim': 256, 'lr': 0.00025229578373916697, 'lambda_val': 6.566298384404112e-05, 'batch_size': 1232, 'optimizer': 'Adam'}. Best is trial 123 with value: 0.09229573044538299.
2026-05-11 03:19:48,995 - optuna.study.study - INFO - Trial 131 finished with value: 0.09072416660842172 and parameters: {'n_layers': 1, 'embedding_dim': 256, 'lr': 0.0002598946609219361, 'lambda_val': 9.635672812238446e-05, 'batch_size': 1272, 'optimizer': 'Adam'}. Best is trial 123 with value: 0.09229573044538299.
2026-05-11 03:20:23,057 - optuna.study.study - INFO - Trial 132 finished with value: 0.08985465888006759 and parameters: {'n_layers': 1, 'embedding_dim': 256, 'lr': 0.0002650741322588407, 'lambda_val': 8.830883815527821e-05, 'batch_size': 1301, 'optimizer': 'Adam'}. Best is trial 123 with value: 0.09229573044538299.
2026-05-11 03:20:57,316 - optuna.study.study - INFO - Trial 133 finished with value: 0.08615220970042983 and parameters: {'n_layers': 1, 'embedding_dim': 256, 'lr': 0.0002530799360568082, 'lambda_val': 8.90901661936093e-05, 'batch_size': 1286, 'optimizer': 'Adam'}. Best is trial 123 with value: 0.09229573044538299.
2026-05-11 03:21:32,007 - optuna.study.study - INFO - Trial 134 finished with value: 0.08611512085176026 and parameters: {'n_layers': 1, 'embedding_dim': 256, 'lr': 0.00039835729813906986, 'lambda_val': 8.996207828273944e-05, 'batch_size': 1288, 'optimizer': 'Adam'}. Best is trial 123 with value: 0.09229573044538299.
2026-05-11 03:22:05,739 - optuna.study.study - INFO - Trial 135 finished with value: 0.0745923880548293 and parameters: {'n_layers': 1, 'embedding_dim': 256, 'lr': 0.0005569351391999082, 'lambda_val': 9.499209631759015e-05, 'batch_size': 1311, 'optimizer': 'Adam'}. Best is trial 123 with value: 0.09229573044538299.
2026-05-11 03:22:10,453 - optuna.study._optimize - INFO - Trial 136 pruned. 
2026-05-11 03:22:44,365 - optuna.study.study - INFO - Trial 137 finished with value: 0.0879343211058729 and parameters: {'n_layers': 1, 'embedding_dim': 256, 'lr': 0.00039547094500354626, 'lambda_val': 0.00014655010555370552, 'batch_size': 1357, 'optimizer': 'Adam'}. Best is trial 123 with value: 0.09229573044538299.
2026-05-11 03:23:18,379 - optuna.study.study - INFO - Trial 138 finished with value: 0.08372801898961453 and parameters: {'n_layers': 1, 'embedding_dim': 256, 'lr': 0.00040403188799736727, 'lambda_val': 0.0001175121529341837, 'batch_size': 1142, 'optimizer': 'Adam'}. Best is trial 123 with value: 0.09229573044538299.
2026-05-11 03:23:52,802 - optuna.study.study - INFO - Trial 139 finished with value: 0.07473467971537007 and parameters: {'n_layers': 1, 'embedding_dim': 256, 'lr': 0.00042146392424677337, 'lambda_val': 0.0001507672627810009, 'batch_size': 1486, 'optimizer': 'Adam'}. Best is trial 123 with value: 0.09229573044538299.
2026-05-11 03:23:57,030 - optuna.study._optimize - INFO - Trial 140 pruned. 
2026-05-11 03:24:34,758 - optuna.study.study - INFO - Trial 141 finished with value: 0.07604060558657195 and parameters: {'n_layers': 1, 'embedding_dim': 256, 'lr': 0.0003278351140361899, 'lambda_val': 6.0730090638506455e-05, 'batch_size': 1378, 'optimizer': 'Adam'}. Best is trial 123 with value: 0.09229573044538299.
2026-05-11 03:25:08,799 - optuna.study.study - INFO - Trial 142 finished with value: 0.08796169643674992 and parameters: {'n_layers': 1, 'embedding_dim': 256, 'lr': 0.00027367838322956794, 'lambda_val': 7.492654593472804e-05, 'batch_size': 1299, 'optimizer': 'Adam'}. Best is trial 123 with value: 0.09229573044538299.
2026-05-11 03:25:12,996 - optuna.study._optimize - INFO - Trial 143 pruned. 
2026-05-11 03:25:47,827 - optuna.study.study - INFO - Trial 144 finished with value: 0.07481001088821693 and parameters: {'n_layers': 1, 'embedding_dim': 256, 'lr': 0.0003721102692961298, 'lambda_val': 9.280041819907825e-05, 'batch_size': 1189, 'optimizer': 'Adam'}. Best is trial 123 with value: 0.09229573044538299.
2026-05-11 03:25:52,250 - optuna.study._optimize - INFO - Trial 145 pruned. 
2026-05-11 03:25:57,116 - optuna.study._optimize - INFO - Trial 146 pruned. 
2026-05-11 03:26:30,849 - optuna.study.study - INFO - Trial 147 finished with value: 0.0776210672794232 and parameters: {'n_layers': 1, 'embedding_dim': 256, 'lr': 0.0006082664721584435, 'lambda_val': 5.715832803416243e-05, 'batch_size': 1055, 'optimizer': 'Adam'}. Best is trial 123 with value: 0.09229573044538299.
2026-05-11 03:26:35,263 - optuna.study._optimize - INFO - Trial 148 pruned. 
2026-05-11 03:26:39,406 - optuna.study._optimize - INFO - Trial 149 pruned. 
2026-05-11 03:26:43,271 - optuna.study._optimize - INFO - Trial 150 pruned. 
2026-05-11 03:27:17,966 - optuna.study.study - INFO - Trial 151 finished with value: 0.09262455608020818 and parameters: {'n_layers': 1, 'embedding_dim': 256, 'lr': 0.0002866837116517262, 'lambda_val': 7.734380164432297e-05, 'batch_size': 1344, 'optimizer': 'Adam'}. Best is trial 151 with value: 0.09262455608020818.
2026-05-11 03:27:22,361 - optuna.study._optimize - INFO - Trial 152 pruned. 
2026-05-11 03:27:26,886 - optuna.study._optimize - INFO - Trial 153 pruned. 
2026-05-11 03:28:01,187 - optuna.study.study - INFO - Trial 154 finished with value: 0.09228062210672747 and parameters: {'n_layers': 1, 'embedding_dim': 256, 'lr': 0.00025912926884623334, 'lambda_val': 7.35780560044496e-05, 'batch_size': 1261, 'optimizer': 'Adam'}. Best is trial 151 with value: 0.09262455608020818.
2026-05-11 03:28:05,371 - optuna.study._optimize - INFO - Trial 155 pruned. 
2026-05-11 03:28:12,244 - optuna.study._optimize - INFO - Trial 156 pruned. 
2026-05-11 03:28:16,474 - optuna.study._optimize - INFO - Trial 157 pruned. 
2026-05-11 03:28:20,682 - optuna.study._optimize - INFO - Trial 158 pruned. 
2026-05-11 03:28:24,602 - optuna.study._optimize - INFO - Trial 159 pruned. 
2026-05-11 03:28:59,345 - optuna.study.study - INFO - Trial 160 finished with value: 0.0863657163923188 and parameters: {'n_layers': 1, 'embedding_dim': 256, 'lr': 0.00033213272489979217, 'lambda_val': 3.119242136800272e-05, 'batch_size': 1193, 'optimizer': 'Adam'}. Best is trial 151 with value: 0.09262455608020818.
2026-05-11 03:29:33,232 - optuna.study.study - INFO - Trial 161 finished with value: 0.08958610950440261 and parameters: {'n_layers': 1, 'embedding_dim': 256, 'lr': 0.00033400906899621675, 'lambda_val': 2.6617500915587756e-05, 'batch_size': 1226, 'optimizer': 'Adam'}. Best is trial 151 with value: 0.09262455608020818.
2026-05-11 03:30:07,194 - optuna.study.study - INFO - Trial 162 finished with value: 0.08555836911147278 and parameters: {'n_layers': 1, 'embedding_dim': 256, 'lr': 0.0005113928990758233, 'lambda_val': 3.2521744779354775e-05, 'batch_size': 1150, 'optimizer': 'Adam'}. Best is trial 151 with value: 0.09262455608020818.
2026-05-11 03:30:40,623 - optuna.study.study - INFO - Trial 163 finished with value: 0.08356204844696549 and parameters: {'n_layers': 1, 'embedding_dim': 256, 'lr': 0.0003393758418737477, 'lambda_val': 4.60957409466257e-05, 'batch_size': 1252, 'optimizer': 'Adam'}. Best is trial 151 with value: 0.09262455608020818.
2026-05-11 03:30:46,093 - optuna.study._optimize - INFO - Trial 164 pruned. 
2026-05-11 03:30:50,396 - optuna.study._optimize - INFO - Trial 165 pruned. 
2026-05-11 03:30:54,745 - optuna.study._optimize - INFO - Trial 166 pruned. 
2026-05-11 03:31:28,867 - optuna.study.study - INFO - Trial 167 finished with value: 0.07120091067926776 and parameters: {'n_layers': 1, 'embedding_dim': 256, 'lr': 0.0006705092183838336, 'lambda_val': 5.563359101881126e-05, 'batch_size': 1500, 'optimizer': 'Adam'}. Best is trial 151 with value: 0.09262455608020818.
2026-05-11 03:31:32,862 - optuna.study._optimize - INFO - Trial 168 pruned. 
2026-05-11 03:31:37,102 - optuna.study._optimize - INFO - Trial 169 pruned. 
2026-05-11 03:32:11,690 - optuna.study.study - INFO - Trial 170 finished with value: 0.08651966617611838 and parameters: {'n_layers': 1, 'embedding_dim': 256, 'lr': 0.0004547622484062672, 'lambda_val': 0.0001090400756563397, 'batch_size': 1415, 'optimizer': 'Adam'}. Best is trial 151 with value: 0.09262455608020818.
2026-05-11 03:32:45,296 - optuna.study.study - INFO - Trial 171 finished with value: 0.08058563678127878 and parameters: {'n_layers': 1, 'embedding_dim': 256, 'lr': 0.0004534908682786352, 'lambda_val': 0.00011863569619261718, 'batch_size': 1423, 'optimizer': 'Adam'}. Best is trial 151 with value: 0.09262455608020818.
2026-05-11 03:32:49,932 - optuna.study._optimize - INFO - Trial 172 pruned. 
2026-05-11 03:33:23,429 - optuna.study.study - INFO - Trial 173 finished with value: 0.07627178282830224 and parameters: {'n_layers': 1, 'embedding_dim': 256, 'lr': 0.00036538490148260846, 'lambda_val': 0.00010095057933949672, 'batch_size': 1349, 'optimizer': 'Adam'}. Best is trial 151 with value: 0.09262455608020818.
2026-05-11 03:33:57,884 - optuna.study.study - INFO - Trial 174 finished with value: 0.06785473391026478 and parameters: {'n_layers': 1, 'embedding_dim': 256, 'lr': 0.0005655593244045233, 'lambda_val': 7.396249353695667e-05, 'batch_size': 1575, 'optimizer': 'Adam'}. Best is trial 151 with value: 0.09262455608020818.
2026-05-11 03:34:02,204 - optuna.study._optimize - INFO - Trial 175 pruned. 
2026-05-11 03:34:06,606 - optuna.study._optimize - INFO - Trial 176 pruned. 
2026-05-11 03:34:36,686 - optuna.study.study - INFO - Trial 177 finished with value: 0.07820363913363217 and parameters: {'n_layers': 1, 'embedding_dim': 128, 'lr': 0.0004182905489814587, 'lambda_val': 0.00018461095297522421, 'batch_size': 1322, 'optimizer': 'Adam'}. Best is trial 151 with value: 0.09262455608020818.
2026-05-11 03:34:41,535 - optuna.study._optimize - INFO - Trial 178 pruned. 
2026-05-11 03:35:09,220 - optuna.study.study - INFO - Trial 179 finished with value: 0.046680128384435096 and parameters: {'n_layers': 1, 'embedding_dim': 96, 'lr': 0.0008540255350083668, 'lambda_val': 0.00010852416305345272, 'batch_size': 1651, 'optimizer': 'Adam'}. Best is trial 151 with value: 0.09262455608020818.
2026-05-11 03:35:13,566 - optuna.study._optimize - INFO - Trial 180 pruned. 
2026-05-11 03:35:47,410 - optuna.study.study - INFO - Trial 181 finished with value: 0.09800062623669713 and parameters: {'n_layers': 1, 'embedding_dim': 256, 'lr': 0.00028640436661351323, 'lambda_val': 8.034461846236138e-05, 'batch_size': 1369, 'optimizer': 'Adam'}. Best is trial 181 with value: 0.09800062623669713.
2026-05-11 03:36:21,710 - optuna.study.study - INFO - Trial 182 finished with value: 0.09845305497544377 and parameters: {'n_layers': 1, 'embedding_dim': 256, 'lr': 0.00025296016056648826, 'lambda_val': 7.882655090752635e-05, 'batch_size': 1415, 'optimizer': 'Adam'}. Best is trial 182 with value: 0.09845305497544377.
2026-05-11 03:36:27,506 - optuna.study._optimize - INFO - Trial 183 pruned. 
2026-05-11 03:36:31,977 - optuna.study._optimize - INFO - Trial 184 pruned. 
2026-05-11 03:36:36,217 - optuna.study._optimize - INFO - Trial 185 pruned. 
2026-05-11 03:36:42,138 - optuna.study._optimize - INFO - Trial 186 pruned. 
2026-05-11 03:37:16,606 - optuna.study.study - INFO - Trial 187 finished with value: 0.0885402109849268 and parameters: {'n_layers': 1, 'embedding_dim': 256, 'lr': 0.0002646289742286423, 'lambda_val': 5.4716232093794124e-05, 'batch_size': 1558, 'optimizer': 'Adam'}. Best is trial 182 with value: 0.09845305497544377.
2026-05-11 03:37:21,093 - optuna.study._optimize - INFO - Trial 188 pruned. 
2026-05-11 03:37:25,402 - optuna.study._optimize - INFO - Trial 189 pruned. 
2026-05-11 03:37:29,860 - optuna.study._optimize - INFO - Trial 190 pruned. 
2026-05-11 03:37:34,100 - optuna.study._optimize - INFO - Trial 191 pruned. 
2026-05-11 03:38:08,271 - optuna.study.study - INFO - Trial 192 finished with value: 0.08835785160200435 and parameters: {'n_layers': 1, 'embedding_dim': 256, 'lr': 0.0003372071504018528, 'lambda_val': 5.993766731882856e-05, 'batch_size': 1291, 'optimizer': 'Adam'}. Best is trial 182 with value: 0.09845305497544377.
2026-05-11 03:38:13,144 - optuna.study._optimize - INFO - Trial 193 pruned. 
2026-05-11 03:38:47,804 - optuna.study.study - INFO - Trial 194 finished with value: 0.0771641916710833 and parameters: {'n_layers': 1, 'embedding_dim': 256, 'lr': 0.00045611441959077313, 'lambda_val': 5.7050686025477105e-05, 'batch_size': 1325, 'optimizer': 'Adam'}. Best is trial 182 with value: 0.09845305497544377.
2026-05-11 03:38:52,075 - optuna.study._optimize - INFO - Trial 195 pruned. 
2026-05-11 03:38:56,349 - optuna.study._optimize - INFO - Trial 196 pruned. 
2026-05-11 03:39:00,664 - optuna.study._optimize - INFO - Trial 197 pruned. 
2026-05-11 03:39:04,777 - optuna.study._optimize - INFO - Trial 198 pruned. 
2026-05-11 03:39:09,146 - optuna.study._optimize - INFO - Trial 199 pruned. 
2026-05-11 03:39:37,148 - root - INFO -   **** Training e_100K_1c2dcs_rand1
2026-05-11 03:39:37,158 - root - INFO -   **** Getting 54402/65410 random edges
2026-05-11 03:39:37,679 - optuna.storages._rdb.storage - INFO - A new study created in RDB with name: Study_e_100K_1c2dcs_rand1
2026-05-11 03:40:25,824 - optuna.study.study - INFO - Trial 0 finished with value: 0.05592770614782217 and parameters: {'n_layers': 3, 'embedding_dim': 128, 'lr': 3.0366418596874736e-05, 'lambda_val': 6.765772001023339e-06, 'batch_size': 526, 'optimizer': 'RMSprop'}. Best is trial 0 with value: 0.05592770614782217.
2026-05-11 03:41:20,542 - optuna.study.study - INFO - Trial 1 finished with value: 0.0351352221393874 and parameters: {'n_layers': 1, 'embedding_dim': 32, 'lr': 0.0009783151707874224, 'lambda_val': 0.012546557909551708, 'batch_size': 531, 'optimizer': 'RMSprop'}. Best is trial 0 with value: 0.05592770614782217.
2026-05-11 03:42:06,894 - optuna.study.study - INFO - Trial 2 finished with value: 0.003334428885079671 and parameters: {'n_layers': 2, 'embedding_dim': 64, 'lr': 0.022540016164704912, 'lambda_val': 3.6577866427652252e-06, 'batch_size': 3735, 'optimizer': 'SGD'}. Best is trial 0 with value: 0.05592770614782217.
2026-05-11 03:42:34,218 - optuna.study.study - INFO - Trial 3 finished with value: 0.002943576323959526 and parameters: {'n_layers': 1, 'embedding_dim': 96, 'lr': 0.05988018455322985, 'lambda_val': 0.0010806170300988614, 'batch_size': 1172, 'optimizer': 'SGD'}. Best is trial 0 with value: 0.05592770614782217.
2026-05-11 03:43:08,964 - optuna.study.study - INFO - Trial 4 finished with value: 0.03834486161971339 and parameters: {'n_layers': 1, 'embedding_dim': 256, 'lr': 0.0313924848152004, 'lambda_val': 8.050941499822228e-05, 'batch_size': 4071, 'optimizer': 'Adam'}. Best is trial 0 with value: 0.05592770614782217.
2026-05-11 03:43:12,572 - optuna.study._optimize - INFO - Trial 5 pruned. 
2026-05-11 03:43:23,052 - optuna.study._optimize - INFO - Trial 6 pruned. 
2026-05-11 03:43:33,004 - optuna.study._optimize - INFO - Trial 7 pruned. 
2026-05-11 03:43:44,711 - optuna.study._optimize - INFO - Trial 8 pruned. 
2026-05-11 03:43:53,439 - optuna.study._optimize - INFO - Trial 9 pruned. 
2026-05-11 03:44:37,492 - optuna.study.study - INFO - Trial 10 finished with value: 0.008020688884797504 and parameters: {'n_layers': 4, 'embedding_dim': 128, 'lr': 8.410835424929526e-05, 'lambda_val': 0.0003526575995626635, 'batch_size': 2661, 'optimizer': 'RMSprop'}. Best is trial 0 with value: 0.05592770614782217.
2026-05-11 03:45:16,842 - optuna.study.study - INFO - Trial 11 finished with value: 0.03584339880038478 and parameters: {'n_layers': 3, 'embedding_dim': 128, 'lr': 0.006674430400814472, 'lambda_val': 9.079533629757448e-05, 'batch_size': 3876, 'optimizer': 'RMSprop'}. Best is trial 0 with value: 0.05592770614782217.
2026-05-11 03:45:22,789 - optuna.study._optimize - INFO - Trial 12 pruned. 
2026-05-11 03:46:01,322 - optuna.study.study - INFO - Trial 13 finished with value: 0.06761116545947718 and parameters: {'n_layers': 3, 'embedding_dim': 128, 'lr': 7.44999959488934e-05, 'lambda_val': 2.6010621515744916e-05, 'batch_size': 1914, 'optimizer': 'RMSprop'}. Best is trial 13 with value: 0.06761116545947718.
2026-05-11 03:46:06,082 - optuna.study._optimize - INFO - Trial 14 pruned. 
2026-05-11 03:46:11,239 - optuna.study._optimize - INFO - Trial 15 pruned. 
2026-05-11 03:46:52,156 - optuna.study.study - INFO - Trial 16 finished with value: 0.023637429112599053 and parameters: {'n_layers': 3, 'embedding_dim': 128, 'lr': 9.503575634622186e-05, 'lambda_val': 1.2563983578851815e-05, 'batch_size': 3087, 'optimizer': 'RMSprop'}. Best is trial 13 with value: 0.06761116545947718.
2026-05-11 03:47:21,765 - optuna.study.study - INFO - Trial 17 finished with value: 0.03443435299848389 and parameters: {'n_layers': 2, 'embedding_dim': 64, 'lr': 0.00023530140747206235, 'lambda_val': 9.102020240920769e-05, 'batch_size': 811, 'optimizer': 'RMSprop'}. Best is trial 13 with value: 0.06761116545947718.
2026-05-11 03:47:27,208 - optuna.study._optimize - INFO - Trial 18 pruned. 
2026-05-11 03:48:07,044 - optuna.study.study - INFO - Trial 19 finished with value: 0.02614762850258566 and parameters: {'n_layers': 3, 'embedding_dim': 128, 'lr': 0.00027917484470782477, 'lambda_val': 4.553158943650394e-06, 'batch_size': 2887, 'optimizer': 'RMSprop'}. Best is trial 13 with value: 0.06761116545947718.
2026-05-11 03:48:11,769 - optuna.study._optimize - INFO - Trial 20 pruned. 
2026-05-11 03:48:17,845 - optuna.study._optimize - INFO - Trial 21 pruned. 
2026-05-11 03:48:52,329 - optuna.study.study - INFO - Trial 22 finished with value: 0.050763669735358626 and parameters: {'n_layers': 1, 'embedding_dim': 256, 'lr': 0.0028991931141308723, 'lambda_val': 3.411454922248186e-05, 'batch_size': 3286, 'optimizer': 'Adam'}. Best is trial 13 with value: 0.06761116545947718.
2026-05-11 03:49:25,106 - optuna.study.study - INFO - Trial 23 finished with value: 0.022190390662243063 and parameters: {'n_layers': 2, 'embedding_dim': 96, 'lr': 0.003018740791953425, 'lambda_val': 3.2387462948767056e-05, 'batch_size': 3346, 'optimizer': 'Adam'}. Best is trial 13 with value: 0.06761116545947718.
2026-05-11 03:49:29,665 - optuna.study._optimize - INFO - Trial 24 pruned. 
2026-05-11 03:49:36,570 - optuna.study._optimize - INFO - Trial 25 pruned. 
2026-05-11 03:50:10,895 - optuna.study.study - INFO - Trial 26 finished with value: 0.02996588436515102 and parameters: {'n_layers': 2, 'embedding_dim': 128, 'lr': 0.0021521681377676865, 'lambda_val': 6.197736793662114e-06, 'batch_size': 2312, 'optimizer': 'Adam'}. Best is trial 13 with value: 0.06761116545947718.
2026-05-11 03:50:47,863 - optuna.study.study - INFO - Trial 27 finished with value: 0.02362347745763028 and parameters: {'n_layers': 3, 'embedding_dim': 128, 'lr': 0.0005042504540740627, 'lambda_val': 3.881781615493149e-05, 'batch_size': 952, 'optimizer': 'RMSprop'}. Best is trial 13 with value: 0.06761116545947718.
2026-05-11 03:50:51,692 - optuna.study._optimize - INFO - Trial 28 pruned. 
2026-05-11 03:50:55,147 - optuna.study._optimize - INFO - Trial 29 pruned. 
2026-05-11 03:51:36,609 - optuna.study.study - INFO - Trial 30 finished with value: 0.019630642227018952 and parameters: {'n_layers': 3, 'embedding_dim': 96, 'lr': 0.0005419724158948673, 'lambda_val': 1.2253318422857515e-05, 'batch_size': 1943, 'optimizer': 'RMSprop'}. Best is trial 13 with value: 0.06761116545947718.
2026-05-11 03:52:30,103 - optuna.study.study - INFO - Trial 31 finished with value: 0.03358651656188094 and parameters: {'n_layers': 1, 'embedding_dim': 256, 'lr': 0.022442833382083735, 'lambda_val': 5.139139618638604e-05, 'batch_size': 3864, 'optimizer': 'Adam'}. Best is trial 13 with value: 0.06761116545947718.
2026-05-11 03:52:37,573 - optuna.study._optimize - INFO - Trial 32 pruned. 
2026-05-11 03:53:28,894 - optuna.study.study - INFO - Trial 33 finished with value: 0.043662619605575013 and parameters: {'n_layers': 1, 'embedding_dim': 256, 'lr': 0.009070848897472165, 'lambda_val': 1.7288584085288332e-05, 'batch_size': 3547, 'optimizer': 'Adam'}. Best is trial 13 with value: 0.06761116545947718.
2026-05-11 03:53:56,752 - optuna.study.study - INFO - Trial 34 finished with value: 0.03694684679719031 and parameters: {'n_layers': 1, 'embedding_dim': 64, 'lr': 0.00937421951423425, 'lambda_val': 2.0544740832980836e-05, 'batch_size': 3653, 'optimizer': 'Adam'}. Best is trial 13 with value: 0.06761116545947718.
2026-05-11 03:54:03,919 - optuna.study._optimize - INFO - Trial 35 pruned. 
2026-05-11 03:54:33,280 - optuna.study.study - INFO - Trial 36 finished with value: 0.08718875283072844 and parameters: {'n_layers': 1, 'embedding_dim': 32, 'lr': 0.0001613527667362314, 'lambda_val': 7.608548651722361e-06, 'batch_size': 3528, 'optimizer': 'Adam'}. Best is trial 36 with value: 0.08718875283072844.
2026-05-11 03:54:44,483 - optuna.study._optimize - INFO - Trial 37 pruned. 
2026-05-11 03:54:55,198 - optuna.study._optimize - INFO - Trial 38 pruned. 
2026-05-11 03:54:58,959 - optuna.study._optimize - INFO - Trial 39 pruned. 
2026-05-11 03:55:27,570 - optuna.study.study - INFO - Trial 40 finished with value: 0.0954589018087033 and parameters: {'n_layers': 1, 'embedding_dim': 32, 'lr': 0.00016509081757433498, 'lambda_val': 5.140294470878112e-05, 'batch_size': 2930, 'optimizer': 'Adam'}. Best is trial 40 with value: 0.0954589018087033.
2026-05-11 03:55:55,457 - optuna.study.study - INFO - Trial 41 finished with value: 0.05348302962041323 and parameters: {'n_layers': 1, 'embedding_dim': 32, 'lr': 0.0003424756628607191, 'lambda_val': 5.691915248996897e-05, 'batch_size': 2947, 'optimizer': 'Adam'}. Best is trial 40 with value: 0.0954589018087033.
2026-05-11 03:56:25,444 - optuna.study.study - INFO - Trial 42 finished with value: 0.08811939212709374 and parameters: {'n_layers': 1, 'embedding_dim': 32, 'lr': 0.00015553992168114666, 'lambda_val': 5.3524197766581646e-05, 'batch_size': 2523, 'optimizer': 'Adam'}. Best is trial 40 with value: 0.0954589018087033.
2026-05-11 03:56:53,210 - optuna.study.study - INFO - Trial 43 finished with value: 0.12005198767178281 and parameters: {'n_layers': 1, 'embedding_dim': 32, 'lr': 0.00014827480214721968, 'lambda_val': 9.099117408576953e-06, 'batch_size': 2536, 'optimizer': 'Adam'}. Best is trial 43 with value: 0.12005198767178281.
2026-05-11 03:57:23,460 - optuna.study.study - INFO - Trial 44 finished with value: 0.08639479453310862 and parameters: {'n_layers': 1, 'embedding_dim': 32, 'lr': 0.0001426075813136733, 'lambda_val': 0.00013185947033782277, 'batch_size': 2499, 'optimizer': 'Adam'}. Best is trial 43 with value: 0.12005198767178281.
2026-05-11 03:57:50,691 - optuna.study.study - INFO - Trial 45 finished with value: 0.07439234034931666 and parameters: {'n_layers': 1, 'embedding_dim': 32, 'lr': 0.00016728004190086828, 'lambda_val': 0.0001717037811376152, 'batch_size': 2535, 'optimizer': 'Adam'}. Best is trial 43 with value: 0.12005198767178281.
2026-05-11 03:58:19,285 - optuna.study.study - INFO - Trial 46 finished with value: 0.04090377951685372 and parameters: {'n_layers': 1, 'embedding_dim': 32, 'lr': 0.0007170907540804192, 'lambda_val': 0.0005466322183784937, 'batch_size': 2455, 'optimizer': 'Adam'}. Best is trial 43 with value: 0.12005198767178281.
2026-05-11 03:58:50,104 - optuna.study.study - INFO - Trial 47 finished with value: 0.08211197196659079 and parameters: {'n_layers': 1, 'embedding_dim': 32, 'lr': 0.00016227527649258035, 'lambda_val': 0.0003752822023533188, 'batch_size': 2721, 'optimizer': 'Adam'}. Best is trial 43 with value: 0.12005198767178281.
2026-05-11 03:59:17,816 - optuna.study.study - INFO - Trial 48 finished with value: 0.06183473703676142 and parameters: {'n_layers': 1, 'embedding_dim': 32, 'lr': 0.0003273414146882903, 'lambda_val': 0.00012615382403027928, 'batch_size': 2218, 'optimizer': 'Adam'}. Best is trial 43 with value: 0.12005198767178281.
2026-05-11 03:59:43,041 - optuna.study.study - INFO - Trial 49 finished with value: 0.05393677528714789 and parameters: {'n_layers': 1, 'embedding_dim': 32, 'lr': 0.00017690295747192932, 'lambda_val': 0.00671551523548332, 'batch_size': 3033, 'optimizer': 'Adam'}. Best is trial 43 with value: 0.12005198767178281.
2026-05-11 03:59:46,213 - optuna.study._optimize - INFO - Trial 50 pruned. 
2026-05-11 04:00:08,066 - optuna.study.study - INFO - Trial 51 finished with value: 0.0815725230853439 and parameters: {'n_layers': 1, 'embedding_dim': 32, 'lr': 0.0001434212031046054, 'lambda_val': 9.691740739684486e-06, 'batch_size': 2652, 'optimizer': 'Adam'}. Best is trial 43 with value: 0.12005198767178281.
2026-05-11 04:00:10,959 - optuna.study._optimize - INFO - Trial 52 pruned. 
2026-05-11 04:00:36,023 - optuna.study.study - INFO - Trial 53 finished with value: 0.07759577952697891 and parameters: {'n_layers': 1, 'embedding_dim': 32, 'lr': 0.00020877044989151258, 'lambda_val': 0.00037270760622989485, 'batch_size': 2747, 'optimizer': 'Adam'}. Best is trial 43 with value: 0.12005198767178281.
2026-05-11 04:01:03,002 - optuna.study.study - INFO - Trial 54 finished with value: 0.05853769133778009 and parameters: {'n_layers': 1, 'embedding_dim': 32, 'lr': 0.00038568169515332447, 'lambda_val': 0.0010672337333562346, 'batch_size': 2149, 'optimizer': 'Adam'}. Best is trial 43 with value: 0.12005198767178281.
2026-05-11 04:01:06,996 - optuna.study._optimize - INFO - Trial 55 pruned. 
2026-05-11 04:01:10,363 - optuna.study._optimize - INFO - Trial 56 pruned. 
2026-05-11 04:01:37,541 - optuna.study.study - INFO - Trial 57 finished with value: 0.032741959561830375 and parameters: {'n_layers': 1, 'embedding_dim': 32, 'lr': 0.0008520282780852303, 'lambda_val': 5.013603020862458e-06, 'batch_size': 2364, 'optimizer': 'Adam'}. Best is trial 43 with value: 0.12005198767178281.
2026-05-11 04:02:17,290 - optuna.study.study - INFO - Trial 58 finished with value: 0.05928523936714928 and parameters: {'n_layers': 1, 'embedding_dim': 32, 'lr': 0.00020710094768033426, 'lambda_val': 0.00034979772602554806, 'batch_size': 2982, 'optimizer': 'Adam'}. Best is trial 43 with value: 0.12005198767178281.
2026-05-11 04:03:06,272 - optuna.study.study - INFO - Trial 59 finished with value: 0.025736137327014054 and parameters: {'n_layers': 2, 'embedding_dim': 96, 'lr': 0.0004564298520428727, 'lambda_val': 0.0002063660909146718, 'batch_size': 2839, 'optimizer': 'Adam'}. Best is trial 43 with value: 0.12005198767178281.
2026-05-11 04:03:09,901 - optuna.study._optimize - INFO - Trial 60 pruned. 
2026-05-11 04:03:38,704 - optuna.study.study - INFO - Trial 61 finished with value: 0.09658058153432246 and parameters: {'n_layers': 1, 'embedding_dim': 32, 'lr': 0.00014907672370690286, 'lambda_val': 9.25257747050618e-06, 'batch_size': 2669, 'optimizer': 'Adam'}. Best is trial 43 with value: 0.12005198767178281.
2026-05-11 04:04:06,857 - optuna.study.study - INFO - Trial 62 finished with value: 0.05409031132632689 and parameters: {'n_layers': 1, 'embedding_dim': 32, 'lr': 0.00024222659343562907, 'lambda_val': 3.2108927442570296e-06, 'batch_size': 2731, 'optimizer': 'Adam'}. Best is trial 43 with value: 0.12005198767178281.
2026-05-11 04:04:10,877 - optuna.study._optimize - INFO - Trial 63 pruned. 
2026-05-11 04:04:14,797 - optuna.study._optimize - INFO - Trial 64 pruned. 
2026-05-11 04:04:41,244 - optuna.study.study - INFO - Trial 65 finished with value: 0.04100862078977954 and parameters: {'n_layers': 1, 'embedding_dim': 64, 'lr': 0.0015591967375228949, 'lambda_val': 2.814161833421149e-05, 'batch_size': 2223, 'optimizer': 'Adam'}. Best is trial 43 with value: 0.12005198767178281.
2026-05-11 04:04:45,238 - optuna.study._optimize - INFO - Trial 66 pruned. 
2026-05-11 04:04:49,531 - optuna.study._optimize - INFO - Trial 67 pruned. 
2026-05-11 04:05:17,195 - optuna.study.study - INFO - Trial 68 finished with value: 0.037861314910780146 and parameters: {'n_layers': 1, 'embedding_dim': 32, 'lr': 0.0006273273836236225, 'lambda_val': 1.8089529285624827e-06, 'batch_size': 2058, 'optimizer': 'Adam'}. Best is trial 43 with value: 0.12005198767178281.
2026-05-11 04:05:44,477 - optuna.study.study - INFO - Trial 69 finished with value: 0.10840207469767381 and parameters: {'n_layers': 1, 'embedding_dim': 96, 'lr': 0.00017016412017633638, 'lambda_val': 9.037636220736267e-05, 'batch_size': 1728, 'optimizer': 'Adam'}. Best is trial 43 with value: 0.12005198767178281.
2026-05-11 04:05:48,431 - optuna.study._optimize - INFO - Trial 70 pruned. 
2026-05-11 04:06:20,407 - optuna.study.study - INFO - Trial 71 finished with value: 0.09929797694549515 and parameters: {'n_layers': 1, 'embedding_dim': 96, 'lr': 0.0001448371200681034, 'lambda_val': 8.118004549967982e-05, 'batch_size': 2633, 'optimizer': 'Adam'}. Best is trial 43 with value: 0.12005198767178281.
2026-05-11 04:06:50,943 - optuna.study.study - INFO - Trial 72 finished with value: 0.07345061009693546 and parameters: {'n_layers': 1, 'embedding_dim': 96, 'lr': 0.00018761748178908232, 'lambda_val': 9.707288867770014e-05, 'batch_size': 2323, 'optimizer': 'Adam'}. Best is trial 43 with value: 0.12005198767178281.
2026-05-11 04:06:54,439 - optuna.study._optimize - INFO - Trial 73 pruned. 
2026-05-11 04:07:23,746 - optuna.study.study - INFO - Trial 74 finished with value: 0.06526631773144181 and parameters: {'n_layers': 1, 'embedding_dim': 96, 'lr': 0.0002648843700184302, 'lambda_val': 0.0001631898005467957, 'batch_size': 2466, 'optimizer': 'Adam'}. Best is trial 43 with value: 0.12005198767178281.
2026-05-11 04:07:27,614 - optuna.study._optimize - INFO - Trial 75 pruned. 
2026-05-11 04:07:31,109 - optuna.study._optimize - INFO - Trial 76 pruned. 
2026-05-11 04:07:57,477 - optuna.study.study - INFO - Trial 77 finished with value: 0.049205416480808215 and parameters: {'n_layers': 1, 'embedding_dim': 96, 'lr': 0.0004310828604904383, 'lambda_val': 1.0696658799132716e-05, 'batch_size': 3428, 'optimizer': 'Adam'}. Best is trial 43 with value: 0.12005198767178281.
2026-05-11 04:08:23,065 - optuna.study.study - INFO - Trial 78 finished with value: 0.05362417224806083 and parameters: {'n_layers': 1, 'embedding_dim': 64, 'lr': 0.00031210931282817783, 'lambda_val': 2.136920637286435e-05, 'batch_size': 2239, 'optimizer': 'Adam'}. Best is trial 43 with value: 0.12005198767178281.
2026-05-11 04:08:27,069 - optuna.study._optimize - INFO - Trial 79 pruned. 
2026-05-11 04:08:31,241 - optuna.study._optimize - INFO - Trial 80 pruned. 
2026-05-11 04:08:35,225 - optuna.study._optimize - INFO - Trial 81 pruned. 
2026-05-11 04:09:03,422 - optuna.study.study - INFO - Trial 82 finished with value: 0.08399602744409627 and parameters: {'n_layers': 1, 'embedding_dim': 32, 'lr': 0.00016518757704045873, 'lambda_val': 0.00012347499624831013, 'batch_size': 2732, 'optimizer': 'Adam'}. Best is trial 43 with value: 0.12005198767178281.
2026-05-11 04:09:10,533 - optuna.study._optimize - INFO - Trial 83 pruned. 
2026-05-11 04:09:38,807 - optuna.study.study - INFO - Trial 84 finished with value: 0.07558898920709729 and parameters: {'n_layers': 1, 'embedding_dim': 32, 'lr': 0.00022428577646546664, 'lambda_val': 6.681429475715773e-06, 'batch_size': 2953, 'optimizer': 'Adam'}. Best is trial 43 with value: 0.12005198767178281.
2026-05-11 04:09:43,221 - optuna.study._optimize - INFO - Trial 85 pruned. 
2026-05-11 04:09:47,628 - optuna.study._optimize - INFO - Trial 86 pruned. 
2026-05-11 04:09:51,425 - optuna.study._optimize - INFO - Trial 87 pruned. 
2026-05-11 04:09:55,277 - optuna.study._optimize - INFO - Trial 88 pruned. 
2026-05-11 04:09:59,051 - optuna.study._optimize - INFO - Trial 89 pruned. 
2026-05-11 04:10:29,377 - optuna.study.study - INFO - Trial 90 finished with value: 0.06677871859383434 and parameters: {'n_layers': 1, 'embedding_dim': 128, 'lr': 0.0002486984318210882, 'lambda_val': 5.61657042909275e-05, 'batch_size': 2529, 'optimizer': 'Adam'}. Best is trial 43 with value: 0.12005198767178281.
2026-05-11 04:11:02,539 - optuna.study.study - INFO - Trial 91 finished with value: 0.06115208241160145 and parameters: {'n_layers': 1, 'embedding_dim': 32, 'lr': 0.0001725337771587804, 'lambda_val': 0.0004900541497657904, 'batch_size': 2758, 'optimizer': 'Adam'}. Best is trial 43 with value: 0.12005198767178281.
2026-05-11 04:11:06,135 - optuna.study._optimize - INFO - Trial 92 pruned. 
2026-05-11 04:11:10,053 - optuna.study._optimize - INFO - Trial 93 pruned. 
2026-05-11 04:11:13,931 - optuna.study._optimize - INFO - Trial 94 pruned. 
2026-05-11 04:11:42,708 - optuna.study.study - INFO - Trial 95 finished with value: 0.0630657668226439 and parameters: {'n_layers': 1, 'embedding_dim': 32, 'lr': 0.00020832289638266966, 'lambda_val': 0.00045239679805759287, 'batch_size': 3244, 'optimizer': 'Adam'}. Best is trial 43 with value: 0.12005198767178281.
2026-05-11 04:11:46,414 - optuna.study._optimize - INFO - Trial 96 pruned. 
2026-05-11 04:12:15,594 - optuna.study.study - INFO - Trial 97 finished with value: 0.06574188095572693 and parameters: {'n_layers': 1, 'embedding_dim': 32, 'lr': 0.0003033019201641021, 'lambda_val': 1.7186340802730723e-05, 'batch_size': 2936, 'optimizer': 'Adam'}. Best is trial 43 with value: 0.12005198767178281.
2026-05-11 04:12:43,330 - optuna.study.study - INFO - Trial 98 finished with value: 0.044952687359776186 and parameters: {'n_layers': 1, 'embedding_dim': 96, 'lr': 0.0005598832940762054, 'lambda_val': 1.2748745742606108e-06, 'batch_size': 2275, 'optimizer': 'Adam'}. Best is trial 43 with value: 0.12005198767178281.
2026-05-11 04:12:48,255 - optuna.study._optimize - INFO - Trial 99 pruned. 
2026-05-11 04:12:52,278 - optuna.study._optimize - INFO - Trial 100 pruned. 
2026-05-11 04:12:56,108 - optuna.study._optimize - INFO - Trial 101 pruned. 
2026-05-11 04:13:23,797 - optuna.study.study - INFO - Trial 102 finished with value: 0.07729789816797017 and parameters: {'n_layers': 1, 'embedding_dim': 32, 'lr': 0.0002007397736109395, 'lambda_val': 5.837592211866894e-06, 'batch_size': 2518, 'optimizer': 'Adam'}. Best is trial 43 with value: 0.12005198767178281.
2026-05-11 04:13:27,073 - optuna.study._optimize - INFO - Trial 103 pruned. 
2026-05-11 04:13:49,821 - optuna.study.study - INFO - Trial 104 finished with value: 0.11429581535125381 and parameters: {'n_layers': 1, 'embedding_dim': 32, 'lr': 0.00015388305062614637, 'lambda_val': 9.993660040138927e-06, 'batch_size': 2660, 'optimizer': 'Adam'}. Best is trial 43 with value: 0.12005198767178281.
2026-05-11 04:14:11,900 - optuna.study.study - INFO - Trial 105 finished with value: 0.09102178464093329 and parameters: {'n_layers': 1, 'embedding_dim': 32, 'lr': 0.00026236638682828294, 'lambda_val': 2.5263077118949737e-05, 'batch_size': 1100, 'optimizer': 'Adam'}. Best is trial 43 with value: 0.12005198767178281.
2026-05-11 04:14:38,224 - optuna.study.study - INFO - Trial 106 finished with value: 0.08954635033878014 and parameters: {'n_layers': 1, 'embedding_dim': 32, 'lr': 0.0002502347902822786, 'lambda_val': 2.4584119198260173e-05, 'batch_size': 801, 'optimizer': 'Adam'}. Best is trial 43 with value: 0.12005198767178281.
2026-05-11 04:14:43,103 - optuna.study._optimize - INFO - Trial 107 pruned. 
2026-05-11 04:14:46,734 - optuna.study._optimize - INFO - Trial 108 pruned. 
2026-05-11 04:15:19,787 - optuna.study.study - INFO - Trial 109 finished with value: 0.0886947548991579 and parameters: {'n_layers': 1, 'embedding_dim': 256, 'lr': 0.00033051526682124005, 'lambda_val': 2.583283005951232e-05, 'batch_size': 651, 'optimizer': 'Adam'}. Best is trial 43 with value: 0.12005198767178281.
2026-05-11 04:15:50,733 - optuna.study.study - INFO - Trial 110 finished with value: 0.0645756034253336 and parameters: {'n_layers': 1, 'embedding_dim': 256, 'lr': 0.0008108644262669251, 'lambda_val': 2.5963463278114112e-05, 'batch_size': 688, 'optimizer': 'RMSprop'}. Best is trial 43 with value: 0.12005198767178281.
2026-05-11 04:16:23,192 - optuna.study.study - INFO - Trial 111 finished with value: 0.06733392257118921 and parameters: {'n_layers': 1, 'embedding_dim': 256, 'lr': 0.00034641690832917603, 'lambda_val': 4.3769572291019364e-05, 'batch_size': 1107, 'optimizer': 'Adam'}. Best is trial 43 with value: 0.12005198767178281.
2026-05-11 04:16:56,442 - optuna.study.study - INFO - Trial 112 finished with value: 0.07908888869390772 and parameters: {'n_layers': 1, 'embedding_dim': 256, 'lr': 0.0002833737032277623, 'lambda_val': 1.316652796511512e-05, 'batch_size': 832, 'optimizer': 'Adam'}. Best is trial 43 with value: 0.12005198767178281.
2026-05-11 04:17:33,774 - optuna.study.study - INFO - Trial 113 finished with value: 0.10099652161803772 and parameters: {'n_layers': 1, 'embedding_dim': 256, 'lr': 0.0002291228707431851, 'lambda_val': 3.116339921827784e-05, 'batch_size': 747, 'optimizer': 'Adam'}. Best is trial 43 with value: 0.12005198767178281.
2026-05-11 04:18:06,819 - optuna.study.study - INFO - Trial 114 finished with value: 0.10498287365380217 and parameters: {'n_layers': 1, 'embedding_dim': 256, 'lr': 0.00022991289740638304, 'lambda_val': 3.0374895833100383e-05, 'batch_size': 667, 'optimizer': 'Adam'}. Best is trial 43 with value: 0.12005198767178281.
2026-05-11 04:18:40,229 - optuna.study.study - INFO - Trial 115 finished with value: 0.11230681262140187 and parameters: {'n_layers': 1, 'embedding_dim': 256, 'lr': 0.00022512336342256448, 'lambda_val': 3.163619938430633e-05, 'batch_size': 651, 'optimizer': 'Adam'}. Best is trial 43 with value: 0.12005198767178281.
2026-05-11 04:19:13,129 - optuna.study.study - INFO - Trial 116 finished with value: 0.07949968536812543 and parameters: {'n_layers': 1, 'embedding_dim': 256, 'lr': 0.0004047268019385396, 'lambda_val': 3.338279274823499e-05, 'batch_size': 673, 'optimizer': 'Adam'}. Best is trial 43 with value: 0.12005198767178281.
2026-05-11 04:19:46,573 - optuna.study.study - INFO - Trial 117 finished with value: 0.07474922565762918 and parameters: {'n_layers': 1, 'embedding_dim': 256, 'lr': 0.0005050088893881833, 'lambda_val': 2.5271812288023434e-05, 'batch_size': 636, 'optimizer': 'Adam'}. Best is trial 43 with value: 0.12005198767178281.
2026-05-11 04:20:19,591 - optuna.study.study - INFO - Trial 118 finished with value: 0.11548983613181811 and parameters: {'n_layers': 1, 'embedding_dim': 256, 'lr': 0.0002342526737068291, 'lambda_val': 1.8329121699756992e-05, 'batch_size': 517, 'optimizer': 'Adam'}. Best is trial 43 with value: 0.12005198767178281.
2026-05-11 04:20:53,197 - optuna.study.study - INFO - Trial 119 finished with value: 0.09917090125452166 and parameters: {'n_layers': 1, 'embedding_dim': 256, 'lr': 0.00022037523878806167, 'lambda_val': 1.5040898546347923e-05, 'batch_size': 757, 'optimizer': 'Adam'}. Best is trial 43 with value: 0.12005198767178281.
2026-05-11 04:21:28,128 - optuna.study.study - INFO - Trial 120 finished with value: 0.12709225019369708 and parameters: {'n_layers': 1, 'embedding_dim': 256, 'lr': 0.00021504944867724435, 'lambda_val': 9.370745052284128e-06, 'batch_size': 518, 'optimizer': 'Adam'}. Best is trial 120 with value: 0.12709225019369708.
2026-05-11 04:22:14,184 - optuna.study.study - INFO - Trial 121 finished with value: 0.12020203447761114 and parameters: {'n_layers': 1, 'embedding_dim': 256, 'lr': 0.00022092281366648109, 'lambda_val': 9.257162650019334e-06, 'batch_size': 576, 'optimizer': 'Adam'}. Best is trial 120 with value: 0.12709225019369708.
2026-05-11 04:22:47,411 - optuna.study.study - INFO - Trial 122 finished with value: 0.1295669096186746 and parameters: {'n_layers': 1, 'embedding_dim': 256, 'lr': 0.0002031818364255313, 'lambda_val': 9.763164793882231e-06, 'batch_size': 526, 'optimizer': 'Adam'}. Best is trial 122 with value: 0.1295669096186746.
2026-05-11 04:23:21,675 - optuna.study.study - INFO - Trial 123 finished with value: 0.11402169302205069 and parameters: {'n_layers': 1, 'embedding_dim': 256, 'lr': 0.0002110016360451855, 'lambda_val': 1.552096286250761e-05, 'batch_size': 585, 'optimizer': 'Adam'}. Best is trial 122 with value: 0.1295669096186746.
2026-05-11 04:23:54,806 - optuna.study.study - INFO - Trial 124 finished with value: 0.12190416201655076 and parameters: {'n_layers': 1, 'embedding_dim': 256, 'lr': 0.00021725356527340644, 'lambda_val': 1.1450951162223462e-05, 'batch_size': 513, 'optimizer': 'Adam'}. Best is trial 122 with value: 0.1295669096186746.
2026-05-11 04:23:58,998 - optuna.study._optimize - INFO - Trial 125 pruned. 
2026-05-11 04:24:32,206 - optuna.study.study - INFO - Trial 126 finished with value: 0.1203224456452422 and parameters: {'n_layers': 1, 'embedding_dim': 256, 'lr': 0.00021213766125360324, 'lambda_val': 5.594564882777254e-06, 'batch_size': 590, 'optimizer': 'Adam'}. Best is trial 122 with value: 0.1295669096186746.
2026-05-11 04:25:05,343 - optuna.study.study - INFO - Trial 127 finished with value: 0.13030520698613005 and parameters: {'n_layers': 1, 'embedding_dim': 256, 'lr': 0.00021391840724612382, 'lambda_val': 8.189335383473967e-06, 'batch_size': 585, 'optimizer': 'Adam'}. Best is trial 127 with value: 0.13030520698613005.
2026-05-11 04:25:38,952 - optuna.study.study - INFO - Trial 128 finished with value: 0.07066649527292443 and parameters: {'n_layers': 1, 'embedding_dim': 256, 'lr': 0.00062166651268986, 'lambda_val': 6.517378917996626e-06, 'batch_size': 562, 'optimizer': 'Adam'}. Best is trial 127 with value: 0.13030520698613005.
2026-05-11 04:26:12,969 - optuna.study.study - INFO - Trial 129 finished with value: 0.09424217353364939 and parameters: {'n_layers': 1, 'embedding_dim': 256, 'lr': 0.00030449169970937334, 'lambda_val': 4.3209180264735045e-06, 'batch_size': 591, 'optimizer': 'Adam'}. Best is trial 127 with value: 0.13030520698613005.
2026-05-11 04:26:55,475 - optuna.study.study - INFO - Trial 130 finished with value: 0.11660428809748755 and parameters: {'n_layers': 1, 'embedding_dim': 256, 'lr': 0.00020336434076890416, 'lambda_val': 9.607656531377735e-06, 'batch_size': 606, 'optimizer': 'Adam'}. Best is trial 127 with value: 0.13030520698613005.
2026-05-11 04:27:29,137 - optuna.study.study - INFO - Trial 131 finished with value: 0.11630211876957408 and parameters: {'n_layers': 1, 'embedding_dim': 256, 'lr': 0.0001933252638207732, 'lambda_val': 9.48820693675752e-06, 'batch_size': 591, 'optimizer': 'Adam'}. Best is trial 127 with value: 0.13030520698613005.
2026-05-11 04:27:33,406 - optuna.study._optimize - INFO - Trial 132 pruned. 
2026-05-11 04:28:06,273 - optuna.study.study - INFO - Trial 133 finished with value: 0.12038985399045696 and parameters: {'n_layers': 1, 'embedding_dim': 256, 'lr': 0.00018796518629445199, 'lambda_val': 5.6022273576384735e-06, 'batch_size': 599, 'optimizer': 'Adam'}. Best is trial 127 with value: 0.13030520698613005.
2026-05-11 04:28:39,729 - optuna.study.study - INFO - Trial 134 finished with value: 0.0782603219235223 and parameters: {'n_layers': 1, 'embedding_dim': 256, 'lr': 0.0003708425766061147, 'lambda_val': 6.177690217531994e-06, 'batch_size': 600, 'optimizer': 'Adam'}. Best is trial 127 with value: 0.13030520698613005.
2026-05-11 04:29:14,021 - optuna.study.study - INFO - Trial 135 finished with value: 0.11218807525795735 and parameters: {'n_layers': 1, 'embedding_dim': 256, 'lr': 0.00019257606213170358, 'lambda_val': 3.502960519107279e-06, 'batch_size': 723, 'optimizer': 'Adam'}. Best is trial 127 with value: 0.13030520698613005.
2026-05-11 04:29:47,184 - optuna.study.study - INFO - Trial 136 finished with value: 0.09597720382564107 and parameters: {'n_layers': 1, 'embedding_dim': 256, 'lr': 0.00029517375028736064, 'lambda_val': 5.17049721737795e-06, 'batch_size': 512, 'optimizer': 'Adam'}. Best is trial 127 with value: 0.13030520698613005.
2026-05-11 04:29:51,690 - optuna.study._optimize - INFO - Trial 137 pruned. 
2026-05-11 04:29:55,908 - optuna.study._optimize - INFO - Trial 138 pruned. 
2026-05-11 04:30:00,100 - optuna.study._optimize - INFO - Trial 139 pruned. 
2026-05-11 04:30:33,753 - optuna.study.study - INFO - Trial 140 finished with value: 0.07115785696804681 and parameters: {'n_layers': 1, 'embedding_dim': 256, 'lr': 0.0003881803593446799, 'lambda_val': 2.336218507785397e-06, 'batch_size': 952, 'optimizer': 'Adam'}. Best is trial 127 with value: 0.13030520698613005.
2026-05-11 04:31:07,784 - optuna.study.study - INFO - Trial 141 finished with value: 0.12292337767480399 and parameters: {'n_layers': 1, 'embedding_dim': 256, 'lr': 0.00019705337231753952, 'lambda_val': 3.0293346219826604e-06, 'batch_size': 735, 'optimizer': 'Adam'}. Best is trial 127 with value: 0.13030520698613005.
2026-05-11 04:31:12,374 - optuna.study._optimize - INFO - Trial 142 pruned. 
2026-05-11 04:31:16,501 - optuna.study._optimize - INFO - Trial 143 pruned. 
2026-05-11 04:31:59,005 - optuna.study.study - INFO - Trial 144 finished with value: 0.1110214653650407 and parameters: {'n_layers': 1, 'embedding_dim': 256, 'lr': 0.00022585582388295924, 'lambda_val': 4.210690109015065e-06, 'batch_size': 723, 'optimizer': 'Adam'}. Best is trial 127 with value: 0.13030520698613005.
2026-05-11 04:32:32,174 - optuna.study.study - INFO - Trial 145 finished with value: 0.10526412611187519 and parameters: {'n_layers': 1, 'embedding_dim': 256, 'lr': 0.0002716861384675244, 'lambda_val': 1.7720202922523823e-05, 'batch_size': 585, 'optimizer': 'Adam'}. Best is trial 127 with value: 0.13030520698613005.
2026-05-11 04:32:38,366 - optuna.study._optimize - INFO - Trial 146 pruned. 
2026-05-11 04:32:42,570 - optuna.study._optimize - INFO - Trial 147 pruned. 
2026-05-11 04:32:46,675 - optuna.study._optimize - INFO - Trial 148 pruned. 
2026-05-11 04:33:19,973 - optuna.study.study - INFO - Trial 149 finished with value: 0.0816832878217706 and parameters: {'n_layers': 1, 'embedding_dim': 256, 'lr': 0.00032984337076128676, 'lambda_val': 9.944814790159006e-06, 'batch_size': 631, 'optimizer': 'Adam'}. Best is trial 127 with value: 0.13030520698613005.
2026-05-11 04:33:53,208 - optuna.study.study - INFO - Trial 150 finished with value: 0.08113654399569432 and parameters: {'n_layers': 1, 'embedding_dim': 256, 'lr': 0.0004796153338570021, 'lambda_val': 1.1737187573946338e-05, 'batch_size': 708, 'optimizer': 'Adam'}. Best is trial 127 with value: 0.13030520698613005.
2026-05-11 04:34:26,982 - optuna.study.study - INFO - Trial 151 finished with value: 0.11000784877337776 and parameters: {'n_layers': 1, 'embedding_dim': 256, 'lr': 0.00019797691365376795, 'lambda_val': 3.490211665549157e-06, 'batch_size': 743, 'optimizer': 'Adam'}. Best is trial 127 with value: 0.13030520698613005.
2026-05-11 04:35:01,008 - optuna.study.study - INFO - Trial 152 finished with value: 0.1089192010994144 and parameters: {'n_layers': 1, 'embedding_dim': 256, 'lr': 0.000250349206582381, 'lambda_val': 1.8124973235816526e-06, 'batch_size': 590, 'optimizer': 'Adam'}. Best is trial 127 with value: 0.13030520698613005.
2026-05-11 04:35:35,474 - optuna.study.study - INFO - Trial 153 finished with value: 0.11442725292352098 and parameters: {'n_layers': 1, 'embedding_dim': 256, 'lr': 0.00019720458300307881, 'lambda_val': 7.391864254496733e-06, 'batch_size': 697, 'optimizer': 'Adam'}. Best is trial 127 with value: 0.13030520698613005.
2026-05-11 04:35:39,676 - optuna.study._optimize - INFO - Trial 154 pruned. 
2026-05-11 04:36:12,883 - optuna.study.study - INFO - Trial 155 finished with value: 0.11177685714795842 and parameters: {'n_layers': 1, 'embedding_dim': 256, 'lr': 0.00021791584534488264, 'lambda_val': 5.666775461539521e-06, 'batch_size': 518, 'optimizer': 'Adam'}. Best is trial 127 with value: 0.13030520698613005.
2026-05-11 04:36:16,975 - optuna.study._optimize - INFO - Trial 156 pruned. 
2026-05-11 04:36:21,558 - optuna.study._optimize - INFO - Trial 157 pruned. 
2026-05-11 04:36:55,503 - optuna.study.study - INFO - Trial 158 finished with value: 0.07843100572191536 and parameters: {'n_layers': 1, 'embedding_dim': 256, 'lr': 0.0002983342361026432, 'lambda_val': 4.623270399021049e-06, 'batch_size': 1025, 'optimizer': 'Adam'}. Best is trial 127 with value: 0.13030520698613005.
2026-05-11 04:36:59,726 - optuna.study._optimize - INFO - Trial 159 pruned. 
2026-05-11 04:37:33,654 - optuna.study.study - INFO - Trial 160 finished with value: 0.10499278667296243 and parameters: {'n_layers': 1, 'embedding_dim': 256, 'lr': 0.0002470076551120267, 'lambda_val': 1.841976085382356e-05, 'batch_size': 687, 'optimizer': 'Adam'}. Best is trial 127 with value: 0.13030520698613005.
2026-05-11 04:38:07,098 - optuna.study.study - INFO - Trial 161 finished with value: 0.11796347389736092 and parameters: {'n_layers': 1, 'embedding_dim': 256, 'lr': 0.0002031580250209732, 'lambda_val': 3.064789343757456e-06, 'batch_size': 727, 'optimizer': 'Adam'}. Best is trial 127 with value: 0.13030520698613005.
2026-05-11 04:38:12,415 - optuna.study._optimize - INFO - Trial 162 pruned. 
2026-05-11 04:38:17,210 - optuna.study._optimize - INFO - Trial 163 pruned. 
2026-05-11 04:38:50,389 - optuna.study.study - INFO - Trial 164 finished with value: 0.1256117403879268 and parameters: {'n_layers': 1, 'embedding_dim': 256, 'lr': 0.00021929092274760044, 'lambda_val': 1.4028520157594802e-05, 'batch_size': 514, 'optimizer': 'Adam'}. Best is trial 127 with value: 0.13030520698613005.
2026-05-11 04:39:19,526 - optuna.study.study - INFO - Trial 165 finished with value: 0.11195764322296621 and parameters: {'n_layers': 1, 'embedding_dim': 128, 'lr': 0.0002747387551467869, 'lambda_val': 7.379025450481426e-06, 'batch_size': 514, 'optimizer': 'Adam'}. Best is trial 127 with value: 0.13030520698613005.
2026-05-11 04:39:24,037 - optuna.study._optimize - INFO - Trial 166 pruned. 
2026-05-11 04:39:30,434 - optuna.study._optimize - INFO - Trial 167 pruned. 
2026-05-11 04:39:34,616 - optuna.study._optimize - INFO - Trial 168 pruned. 
2026-05-11 04:40:10,112 - optuna.study.study - INFO - Trial 169 finished with value: 0.11148318964444924 and parameters: {'n_layers': 1, 'embedding_dim': 256, 'lr': 0.00022027686792476923, 'lambda_val': 4.0900172881684035e-06, 'batch_size': 577, 'optimizer': 'Adam'}. Best is trial 127 with value: 0.13030520698613005.
2026-05-11 04:40:14,850 - optuna.study._optimize - INFO - Trial 170 pruned. 
2026-05-11 04:40:48,244 - optuna.study.study - INFO - Trial 171 finished with value: 0.1146210806038477 and parameters: {'n_layers': 1, 'embedding_dim': 256, 'lr': 0.00020901031593153279, 'lambda_val': 1.2552401419056496e-05, 'batch_size': 637, 'optimizer': 'Adam'}. Best is trial 127 with value: 0.13030520698613005.
2026-05-11 04:40:52,413 - optuna.study._optimize - INFO - Trial 172 pruned. 
2026-05-11 04:41:28,136 - optuna.study.study - INFO - Trial 173 finished with value: 0.09570426976532369 and parameters: {'n_layers': 1, 'embedding_dim': 256, 'lr': 0.0002487744125299599, 'lambda_val': 9.40438175837956e-06, 'batch_size': 644, 'optimizer': 'Adam'}. Best is trial 127 with value: 0.13030520698613005.
2026-05-11 04:41:32,372 - optuna.study._optimize - INFO - Trial 174 pruned. 
2026-05-11 04:42:05,938 - optuna.study.study - INFO - Trial 175 finished with value: 0.09196513171483085 and parameters: {'n_layers': 1, 'embedding_dim': 256, 'lr': 0.0002989095566569272, 'lambda_val': 7.771555674359413e-06, 'batch_size': 591, 'optimizer': 'Adam'}. Best is trial 127 with value: 0.13030520698613005.
2026-05-11 04:42:39,405 - optuna.study.study - INFO - Trial 176 finished with value: 0.10969856546228617 and parameters: {'n_layers': 1, 'embedding_dim': 256, 'lr': 0.00019373997663982086, 'lambda_val': 5.188112547583492e-06, 'batch_size': 866, 'optimizer': 'Adam'}. Best is trial 127 with value: 0.13030520698613005.
2026-05-11 04:42:43,509 - optuna.study._optimize - INFO - Trial 177 pruned. 
2026-05-11 04:43:17,062 - optuna.study.study - INFO - Trial 178 finished with value: 0.10317753863550554 and parameters: {'n_layers': 1, 'embedding_dim': 256, 'lr': 0.0002541815330115584, 'lambda_val': 2.0000754925829245e-05, 'batch_size': 775, 'optimizer': 'Adam'}. Best is trial 127 with value: 0.13030520698613005.
2026-05-11 04:43:49,786 - optuna.study.study - INFO - Trial 179 finished with value: 0.07709591223250929 and parameters: {'n_layers': 1, 'embedding_dim': 256, 'lr': 0.0003989825029212794, 'lambda_val': 1.3045756624986119e-05, 'batch_size': 674, 'optimizer': 'Adam'}. Best is trial 127 with value: 0.13030520698613005.
2026-05-11 04:43:54,242 - optuna.study._optimize - INFO - Trial 180 pruned. 
2026-05-11 04:43:58,580 - optuna.study._optimize - INFO - Trial 181 pruned. 
2026-05-11 04:44:02,821 - optuna.study._optimize - INFO - Trial 182 pruned. 
2026-05-11 04:44:36,218 - optuna.study.study - INFO - Trial 183 finished with value: 0.10334329756283656 and parameters: {'n_layers': 1, 'embedding_dim': 256, 'lr': 0.00021973730301622362, 'lambda_val': 6.735512769536324e-06, 'batch_size': 693, 'optimizer': 'Adam'}. Best is trial 127 with value: 0.13030520698613005.
2026-05-11 04:45:09,166 - optuna.study.study - INFO - Trial 184 finished with value: 0.09045417708566253 and parameters: {'n_layers': 1, 'embedding_dim': 256, 'lr': 0.00029837629018863423, 'lambda_val': 1.1379625860868206e-05, 'batch_size': 631, 'optimizer': 'Adam'}. Best is trial 127 with value: 0.13030520698613005.
2026-05-11 04:45:42,983 - optuna.study.study - INFO - Trial 185 finished with value: 0.10366253491058706 and parameters: {'n_layers': 1, 'embedding_dim': 256, 'lr': 0.0002107683690718127, 'lambda_val': 2.00998738606595e-05, 'batch_size': 778, 'optimizer': 'Adam'}. Best is trial 127 with value: 0.13030520698613005.
2026-05-11 04:45:47,346 - optuna.study._optimize - INFO - Trial 186 pruned. 
2026-05-11 04:45:51,801 - optuna.study._optimize - INFO - Trial 187 pruned. 
2026-05-11 04:45:56,005 - optuna.study._optimize - INFO - Trial 188 pruned. 
2026-05-11 04:46:00,187 - optuna.study._optimize - INFO - Trial 189 pruned. 
2026-05-11 04:46:33,220 - optuna.study.study - INFO - Trial 190 finished with value: 0.08535768179836634 and parameters: {'n_layers': 1, 'embedding_dim': 256, 'lr': 0.0002575015653031562, 'lambda_val': 5.242250295787908e-06, 'batch_size': 914, 'optimizer': 'Adam'}. Best is trial 127 with value: 0.13030520698613005.
2026-05-11 04:46:37,831 - optuna.study._optimize - INFO - Trial 191 pruned. 
2026-05-11 04:47:10,530 - optuna.study.study - INFO - Trial 192 finished with value: 0.10184202998128775 and parameters: {'n_layers': 1, 'embedding_dim': 256, 'lr': 0.0002261771389704725, 'lambda_val': 7.150887620902744e-06, 'batch_size': 651, 'optimizer': 'Adam'}. Best is trial 127 with value: 0.13030520698613005.
2026-05-11 04:47:14,967 - optuna.study._optimize - INFO - Trial 193 pruned. 
2026-05-11 04:47:19,116 - optuna.study._optimize - INFO - Trial 194 pruned. 
2026-05-11 04:48:01,967 - optuna.study.study - INFO - Trial 195 finished with value: 0.08355230026919039 and parameters: {'n_layers': 1, 'embedding_dim': 256, 'lr': 0.00027533263336310365, 'lambda_val': 1.041932584450504e-05, 'batch_size': 1492, 'optimizer': 'Adam'}. Best is trial 127 with value: 0.13030520698613005.
2026-05-11 04:48:29,508 - optuna.study.study - INFO - Trial 196 finished with value: 0.08849277444993542 and parameters: {'n_layers': 1, 'embedding_dim': 64, 'lr': 0.00033592665289867914, 'lambda_val': 4.911263125407185e-06, 'batch_size': 703, 'optimizer': 'Adam'}. Best is trial 127 with value: 0.13030520698613005.
2026-05-11 04:48:33,659 - optuna.study._optimize - INFO - Trial 197 pruned. 
2026-05-11 04:48:38,263 - optuna.study._optimize - INFO - Trial 198 pruned. 
2026-05-11 04:48:42,628 - optuna.study._optimize - INFO - Trial 199 pruned. 
2026-05-11 04:49:09,941 - root - INFO -   **** Training e_100K_1c2dcs_rand2
2026-05-11 04:49:09,952 - root - INFO -   **** Getting 54402/65410 random edges
2026-05-11 04:49:10,057 - optuna.storages._rdb.storage - INFO - A new study created in RDB with name: Study_e_100K_1c2dcs_rand2
2026-05-11 04:49:54,266 - optuna.study.study - INFO - Trial 0 finished with value: 0.0479142996643186 and parameters: {'n_layers': 2, 'embedding_dim': 256, 'lr': 0.043660454907347164, 'lambda_val': 0.00017109716383169695, 'batch_size': 3825, 'optimizer': 'RMSprop'}. Best is trial 0 with value: 0.0479142996643186.
2026-05-11 04:50:39,424 - optuna.study.study - INFO - Trial 1 finished with value: 0.01958012763010002 and parameters: {'n_layers': 1, 'embedding_dim': 256, 'lr': 0.08983654378586069, 'lambda_val': 0.06949785740226451, 'batch_size': 3578, 'optimizer': 'Adam'}. Best is trial 0 with value: 0.0479142996643186.
2026-05-11 04:51:22,963 - optuna.study.study - INFO - Trial 2 finished with value: 0.040344519290455357 and parameters: {'n_layers': 4, 'embedding_dim': 128, 'lr': 0.07683795364448173, 'lambda_val': 9.268973643765121e-05, 'batch_size': 2038, 'optimizer': 'RMSprop'}. Best is trial 0 with value: 0.0479142996643186.
2026-05-11 04:51:57,002 - optuna.study.study - INFO - Trial 3 finished with value: 0.001985575264716174 and parameters: {'n_layers': 4, 'embedding_dim': 32, 'lr': 0.02020490338228937, 'lambda_val': 2.7041652234591944e-06, 'batch_size': 3770, 'optimizer': 'SGD'}. Best is trial 0 with value: 0.0479142996643186.
2026-05-11 04:52:23,320 - optuna.study.study - INFO - Trial 4 finished with value: 0.0013810757899010992 and parameters: {'n_layers': 1, 'embedding_dim': 32, 'lr': 0.005485560644220279, 'lambda_val': 1.5344515050323802e-05, 'batch_size': 1422, 'optimizer': 'SGD'}. Best is trial 0 with value: 0.0479142996643186.
2026-05-11 04:52:27,578 - optuna.study._optimize - INFO - Trial 5 pruned. 
2026-05-11 04:53:11,414 - optuna.study.study - INFO - Trial 6 finished with value: 0.021245054235006163 and parameters: {'n_layers': 4, 'embedding_dim': 128, 'lr': 0.0002927628293554957, 'lambda_val': 7.922445615410441e-05, 'batch_size': 1345, 'optimizer': 'Adam'}. Best is trial 0 with value: 0.0479142996643186.
2026-05-11 04:53:47,982 - optuna.study.study - INFO - Trial 7 finished with value: 0.02025633681521032 and parameters: {'n_layers': 4, 'embedding_dim': 64, 'lr': 0.003330734084059174, 'lambda_val': 0.003111646411443722, 'batch_size': 1280, 'optimizer': 'RMSprop'}. Best is trial 0 with value: 0.0479142996643186.
2026-05-11 04:53:51,808 - optuna.study._optimize - INFO - Trial 8 pruned. 
2026-05-11 04:54:34,109 - optuna.study.study - INFO - Trial 9 finished with value: 0.039134159386267665 and parameters: {'n_layers': 2, 'embedding_dim': 256, 'lr': 0.00031224563887035403, 'lambda_val': 0.000265190560453662, 'batch_size': 635, 'optimizer': 'Adam'}. Best is trial 0 with value: 0.0479142996643186.
2026-05-11 04:54:38,113 - optuna.study._optimize - INFO - Trial 10 pruned. 
2026-05-11 04:55:21,666 - optuna.study.study - INFO - Trial 11 finished with value: 0.03960482974270531 and parameters: {'n_layers': 3, 'embedding_dim': 128, 'lr': 0.057355222732245845, 'lambda_val': 6.74871772207844e-05, 'batch_size': 2416, 'optimizer': 'RMSprop'}. Best is trial 0 with value: 0.0479142996643186.
2026-05-11 04:56:14,500 - optuna.study.study - INFO - Trial 12 finished with value: 0.026735473965519285 and parameters: {'n_layers': 3, 'embedding_dim': 256, 'lr': 0.02805836790854556, 'lambda_val': 1.999337908600792e-05, 'batch_size': 3070, 'optimizer': 'RMSprop'}. Best is trial 0 with value: 0.0479142996643186.
2026-05-11 04:56:45,736 - optuna.study.study - INFO - Trial 13 finished with value: 0.02215762405219531 and parameters: {'n_layers': 2, 'embedding_dim': 96, 'lr': 0.0008551031132787956, 'lambda_val': 0.0003542790437013663, 'batch_size': 2127, 'optimizer': 'RMSprop'}. Best is trial 0 with value: 0.0479142996643186.
2026-05-11 04:57:11,626 - optuna.study._optimize - INFO - Trial 14 pruned. 
2026-05-11 04:57:15,991 - optuna.study._optimize - INFO - Trial 15 pruned. 
2026-05-11 04:57:30,745 - optuna.study._optimize - INFO - Trial 16 pruned. 
2026-05-11 04:58:21,569 - optuna.study.study - INFO - Trial 17 finished with value: 0.039298890527978206 and parameters: {'n_layers': 3, 'embedding_dim': 256, 'lr': 0.014136906443116073, 'lambda_val': 6.0509399061927064e-05, 'batch_size': 3205, 'optimizer': 'RMSprop'}. Best is trial 0 with value: 0.0479142996643186.
2026-05-11 04:58:54,116 - optuna.study.study - INFO - Trial 18 finished with value: 0.038732769316679495 and parameters: {'n_layers': 2, 'embedding_dim': 96, 'lr': 8.589152913582001e-05, 'lambda_val': 0.0008683765122112769, 'batch_size': 2510, 'optimizer': 'RMSprop'}. Best is trial 0 with value: 0.0479142996643186.
2026-05-11 04:59:22,116 - optuna.study.study - INFO - Trial 19 finished with value: 0.05473347525250171 and parameters: {'n_layers': 1, 'embedding_dim': 32, 'lr': 0.0427090935518955, 'lambda_val': 0.006133347170815401, 'batch_size': 1835, 'optimizer': 'Adam'}. Best is trial 19 with value: 0.05473347525250171.
2026-05-11 04:59:49,358 - optuna.study.study - INFO - Trial 20 finished with value: 0.05742616738537144 and parameters: {'n_layers': 1, 'embedding_dim': 32, 'lr': 0.008010047690813123, 'lambda_val': 0.010762507907022508, 'batch_size': 1752, 'optimizer': 'Adam'}. Best is trial 20 with value: 0.05742616738537144.
2026-05-11 05:00:15,580 - optuna.study.study - INFO - Trial 21 finished with value: 0.048051925009798165 and parameters: {'n_layers': 1, 'embedding_dim': 32, 'lr': 0.011348330705068377, 'lambda_val': 0.014288455939631562, 'batch_size': 886, 'optimizer': 'Adam'}. Best is trial 20 with value: 0.05742616738537144.
2026-05-11 05:00:54,496 - optuna.study.study - INFO - Trial 22 finished with value: 0.04806813691083735 and parameters: {'n_layers': 1, 'embedding_dim': 32, 'lr': 0.009570632449407365, 'lambda_val': 0.021927111373631507, 'batch_size': 512, 'optimizer': 'Adam'}. Best is trial 20 with value: 0.05742616738537144.
2026-05-11 05:00:57,858 - optuna.study._optimize - INFO - Trial 23 pruned. 
2026-05-11 05:01:26,516 - optuna.study.study - INFO - Trial 24 finished with value: 0.05267960240720196 and parameters: {'n_layers': 1, 'embedding_dim': 32, 'lr': 0.007531651233698887, 'lambda_val': 0.014788516492775386, 'batch_size': 995, 'optimizer': 'Adam'}. Best is trial 20 with value: 0.05742616738537144.
2026-05-11 05:01:55,412 - optuna.study.study - INFO - Trial 25 finished with value: 0.03993255510047284 and parameters: {'n_layers': 1, 'embedding_dim': 32, 'lr': 0.0008407712427904343, 'lambda_val': 0.006566148462140869, 'batch_size': 991, 'optimizer': 'Adam'}. Best is trial 20 with value: 0.05742616738537144.
2026-05-11 05:01:59,051 - optuna.study._optimize - INFO - Trial 26 pruned. 
2026-05-11 05:02:28,770 - optuna.study.study - INFO - Trial 27 finished with value: 0.05827150308710256 and parameters: {'n_layers': 1, 'embedding_dim': 32, 'lr': 0.03443433443793143, 'lambda_val': 0.0051095818450203525, 'batch_size': 1012, 'optimizer': 'Adam'}. Best is trial 27 with value: 0.05827150308710256.
2026-05-11 05:02:57,371 - optuna.study.study - INFO - Trial 28 finished with value: 0.057417005735968946 and parameters: {'n_layers': 1, 'embedding_dim': 32, 'lr': 0.03747207528194619, 'lambda_val': 0.004970977147237503, 'batch_size': 1089, 'optimizer': 'Adam'}. Best is trial 27 with value: 0.05827150308710256.
2026-05-11 05:03:01,279 - optuna.study._optimize - INFO - Trial 29 pruned. 
2026-05-11 05:03:06,060 - optuna.study._optimize - INFO - Trial 30 pruned. 
2026-05-11 05:03:34,012 - optuna.study.study - INFO - Trial 31 finished with value: 0.0584333853854925 and parameters: {'n_layers': 1, 'embedding_dim': 32, 'lr': 0.044514511318375534, 'lambda_val': 0.005594164956166139, 'batch_size': 1688, 'optimizer': 'Adam'}. Best is trial 31 with value: 0.0584333853854925.
2026-05-11 05:03:38,584 - optuna.study._optimize - INFO - Trial 32 pruned. 
2026-05-11 05:04:04,626 - optuna.study.study - INFO - Trial 33 finished with value: 0.0625477211561024 and parameters: {'n_layers': 1, 'embedding_dim': 32, 'lr': 0.04329094264200237, 'lambda_val': 0.0019774946480118813, 'batch_size': 1553, 'optimizer': 'Adam'}. Best is trial 33 with value: 0.0625477211561024.
2026-05-11 05:04:34,545 - optuna.study.study - INFO - Trial 34 finished with value: 0.05830610370266901 and parameters: {'n_layers': 1, 'embedding_dim': 32, 'lr': 0.019079633296560827, 'lambda_val': 0.0020999706702196376, 'batch_size': 1599, 'optimizer': 'Adam'}. Best is trial 33 with value: 0.0625477211561024.
2026-05-11 05:05:04,009 - optuna.study.study - INFO - Trial 35 finished with value: 0.05787629555597458 and parameters: {'n_layers': 1, 'embedding_dim': 32, 'lr': 0.05476110709155004, 'lambda_val': 0.0016568920167709619, 'batch_size': 1562, 'optimizer': 'Adam'}. Best is trial 33 with value: 0.0625477211561024.
2026-05-11 05:05:30,779 - optuna.study.study - INFO - Trial 36 finished with value: 0.0440588719143759 and parameters: {'n_layers': 1, 'embedding_dim': 32, 'lr': 0.016981734276943806, 'lambda_val': 0.0005528178075180435, 'batch_size': 1529, 'optimizer': 'Adam'}. Best is trial 33 with value: 0.0625477211561024.
2026-05-11 05:05:34,611 - optuna.study._optimize - INFO - Trial 37 pruned. 
2026-05-11 05:05:40,255 - optuna.study._optimize - INFO - Trial 38 pruned. 
2026-05-11 05:05:43,888 - optuna.study._optimize - INFO - Trial 39 pruned. 
2026-05-11 05:05:48,343 - optuna.study._optimize - INFO - Trial 40 pruned. 
2026-05-11 05:05:51,778 - optuna.study._optimize - INFO - Trial 41 pruned. 
2026-05-11 05:05:56,285 - optuna.study._optimize - INFO - Trial 42 pruned. 
2026-05-11 05:06:00,526 - optuna.study._optimize - INFO - Trial 43 pruned. 
2026-05-11 05:06:28,409 - optuna.study.study - INFO - Trial 44 finished with value: 0.058665367257033134 and parameters: {'n_layers': 1, 'embedding_dim': 32, 'lr': 0.01305297415814535, 'lambda_val': 0.008173762937633488, 'batch_size': 1505, 'optimizer': 'Adam'}. Best is trial 33 with value: 0.0625477211561024.
2026-05-11 05:06:31,809 - optuna.study._optimize - INFO - Trial 45 pruned. 
2026-05-11 05:06:34,730 - optuna.study._optimize - INFO - Trial 46 pruned. 
2026-05-11 05:07:01,211 - optuna.study.study - INFO - Trial 47 finished with value: 0.06812722426530939 and parameters: {'n_layers': 1, 'embedding_dim': 64, 'lr': 0.004759938782085888, 'lambda_val': 0.004029230566550235, 'batch_size': 1162, 'optimizer': 'Adam'}. Best is trial 47 with value: 0.06812722426530939.
2026-05-11 05:07:05,156 - optuna.study._optimize - INFO - Trial 48 pruned. 
2026-05-11 05:07:33,639 - optuna.study.study - INFO - Trial 49 finished with value: 0.05269540199236829 and parameters: {'n_layers': 1, 'embedding_dim': 64, 'lr': 0.0019157433731294218, 'lambda_val': 0.0031440603193369078, 'batch_size': 1182, 'optimizer': 'Adam'}. Best is trial 47 with value: 0.06812722426530939.
2026-05-11 05:07:37,317 - optuna.study._optimize - INFO - Trial 50 pruned. 
2026-05-11 05:08:04,362 - optuna.study.study - INFO - Trial 51 finished with value: 0.07377849062208333 and parameters: {'n_layers': 1, 'embedding_dim': 64, 'lr': 0.01314230895491684, 'lambda_val': 0.0041435436790084835, 'batch_size': 1357, 'optimizer': 'Adam'}. Best is trial 51 with value: 0.07377849062208333.
2026-05-11 05:08:33,976 - optuna.study.study - INFO - Trial 52 finished with value: 0.06896156732199181 and parameters: {'n_layers': 1, 'embedding_dim': 64, 'lr': 0.014520829733562586, 'lambda_val': 0.0032867466717875853, 'batch_size': 1382, 'optimizer': 'Adam'}. Best is trial 51 with value: 0.07377849062208333.
2026-05-11 05:09:11,873 - optuna.study.study - INFO - Trial 53 finished with value: 0.06903379609628278 and parameters: {'n_layers': 1, 'embedding_dim': 64, 'lr': 0.008031505802921838, 'lambda_val': 0.003755038129522794, 'batch_size': 1391, 'optimizer': 'Adam'}. Best is trial 51 with value: 0.07377849062208333.
2026-05-11 05:09:46,751 - optuna.study.study - INFO - Trial 54 finished with value: 0.061751337161261854 and parameters: {'n_layers': 1, 'embedding_dim': 64, 'lr': 0.003306563909893711, 'lambda_val': 0.0036036377056884103, 'batch_size': 1322, 'optimizer': 'Adam'}. Best is trial 51 with value: 0.07377849062208333.
2026-05-11 05:10:14,719 - optuna.study.study - INFO - Trial 55 finished with value: 0.06089015074565001 and parameters: {'n_layers': 1, 'embedding_dim': 64, 'lr': 0.0029938425125233385, 'lambda_val': 0.0036169418815265387, 'batch_size': 1318, 'optimizer': 'Adam'}. Best is trial 51 with value: 0.07377849062208333.
2026-05-11 05:10:45,071 - optuna.study.study - INFO - Trial 56 finished with value: 0.0673276858043109 and parameters: {'n_layers': 1, 'embedding_dim': 64, 'lr': 0.006613750306510887, 'lambda_val': 0.0011046574378371988, 'batch_size': 3490, 'optimizer': 'Adam'}. Best is trial 51 with value: 0.07377849062208333.
2026-05-11 05:11:14,166 - optuna.study.study - INFO - Trial 57 finished with value: 0.061830841747837505 and parameters: {'n_layers': 1, 'embedding_dim': 64, 'lr': 0.007767919735267868, 'lambda_val': 0.0006429956510083948, 'batch_size': 3541, 'optimizer': 'Adam'}. Best is trial 51 with value: 0.07377849062208333.
2026-05-11 05:11:21,063 - optuna.study._optimize - INFO - Trial 58 pruned. 
2026-05-11 05:11:51,468 - optuna.study.study - INFO - Trial 59 finished with value: 0.052293180138919315 and parameters: {'n_layers': 1, 'embedding_dim': 64, 'lr': 0.00125332019137516, 'lambda_val': 0.0012598223877738407, 'batch_size': 2635, 'optimizer': 'Adam'}. Best is trial 51 with value: 0.07377849062208333.
2026-05-11 05:11:56,105 - optuna.study._optimize - INFO - Trial 60 pruned. 
2026-05-11 05:12:26,823 - optuna.study.study - INFO - Trial 61 finished with value: 0.0637515657985369 and parameters: {'n_layers': 1, 'embedding_dim': 64, 'lr': 0.008680001164151994, 'lambda_val': 0.0007021494165793055, 'batch_size': 3586, 'optimizer': 'Adam'}. Best is trial 51 with value: 0.07377849062208333.
2026-05-11 05:12:57,913 - optuna.study.study - INFO - Trial 62 finished with value: 0.06631385198457979 and parameters: {'n_layers': 1, 'embedding_dim': 64, 'lr': 0.009273997607158605, 'lambda_val': 0.0005093676434021847, 'batch_size': 3980, 'optimizer': 'Adam'}. Best is trial 51 with value: 0.07377849062208333.
2026-05-11 05:13:24,259 - optuna.study._optimize - INFO - Trial 63 pruned. 
2026-05-11 05:13:55,304 - optuna.study.study - INFO - Trial 64 finished with value: 0.0635299435081653 and parameters: {'n_layers': 1, 'embedding_dim': 64, 'lr': 0.006149530103141786, 'lambda_val': 0.0007583352614147018, 'batch_size': 4096, 'optimizer': 'Adam'}. Best is trial 51 with value: 0.07377849062208333.
2026-05-11 05:14:00,009 - optuna.study._optimize - INFO - Trial 65 pruned. 
2026-05-11 05:14:35,543 - optuna.study.study - INFO - Trial 66 finished with value: 0.05630445679061973 and parameters: {'n_layers': 1, 'embedding_dim': 64, 'lr': 0.009485797106476061, 'lambda_val': 0.00048381687161665513, 'batch_size': 3297, 'optimizer': 'RMSprop'}. Best is trial 51 with value: 0.07377849062208333.
2026-05-11 05:14:55,042 - optuna.study._optimize - INFO - Trial 67 pruned. 
2026-05-11 05:15:35,700 - optuna.study.study - INFO - Trial 68 finished with value: 0.054675907115259464 and parameters: {'n_layers': 1, 'embedding_dim': 256, 'lr': 0.0041311721923365284, 'lambda_val': 4.3622943994919e-05, 'batch_size': 3741, 'optimizer': 'Adam'}. Best is trial 51 with value: 0.07377849062208333.
2026-05-11 05:15:41,899 - optuna.study._optimize - INFO - Trial 69 pruned. 
2026-05-11 05:16:20,787 - optuna.study.study - INFO - Trial 70 finished with value: 0.07451871692703861 and parameters: {'n_layers': 1, 'embedding_dim': 128, 'lr': 0.0020362387517002018, 'lambda_val': 0.0026260524554527287, 'batch_size': 3455, 'optimizer': 'Adam'}. Best is trial 70 with value: 0.07451871692703861.
2026-05-11 05:16:53,448 - optuna.study.study - INFO - Trial 71 finished with value: 0.07142731751307697 and parameters: {'n_layers': 1, 'embedding_dim': 128, 'lr': 0.0024718363924527142, 'lambda_val': 0.0012942633461638178, 'batch_size': 3473, 'optimizer': 'Adam'}. Best is trial 70 with value: 0.07451871692703861.
2026-05-11 05:17:26,928 - optuna.study.study - INFO - Trial 72 finished with value: 0.07734138520635096 and parameters: {'n_layers': 1, 'embedding_dim': 128, 'lr': 0.0022654247644716347, 'lambda_val': 0.0025816226799488706, 'batch_size': 3470, 'optimizer': 'Adam'}. Best is trial 72 with value: 0.07734138520635096.
2026-05-11 05:17:59,608 - optuna.study.study - INFO - Trial 73 finished with value: 0.06527405057640462 and parameters: {'n_layers': 1, 'embedding_dim': 128, 'lr': 0.0012623957458583598, 'lambda_val': 0.0025013000730982633, 'batch_size': 3123, 'optimizer': 'Adam'}. Best is trial 72 with value: 0.07734138520635096.
2026-05-11 05:18:33,691 - optuna.study.study - INFO - Trial 74 finished with value: 0.0661934176003129 and parameters: {'n_layers': 1, 'embedding_dim': 128, 'lr': 0.0025229283981637964, 'lambda_val': 0.0013512601944728711, 'batch_size': 3442, 'optimizer': 'Adam'}. Best is trial 72 with value: 0.07734138520635096.
2026-05-11 05:19:07,151 - optuna.study.study - INFO - Trial 75 finished with value: 0.07080163637404278 and parameters: {'n_layers': 1, 'embedding_dim': 128, 'lr': 0.0016406380094882104, 'lambda_val': 0.004582146784874955, 'batch_size': 3705, 'optimizer': 'Adam'}. Best is trial 72 with value: 0.07734138520635096.
2026-05-11 05:19:39,430 - optuna.study.study - INFO - Trial 76 finished with value: 0.054799128906137716 and parameters: {'n_layers': 1, 'embedding_dim': 128, 'lr': 0.0006437914458343636, 'lambda_val': 0.005432182134832969, 'batch_size': 3169, 'optimizer': 'RMSprop'}. Best is trial 72 with value: 0.07734138520635096.
2026-05-11 05:20:11,929 - optuna.study.study - INFO - Trial 77 finished with value: 0.05885544093526678 and parameters: {'n_layers': 1, 'embedding_dim': 128, 'lr': 0.0019850533518648485, 'lambda_val': 0.010958862701732224, 'batch_size': 2983, 'optimizer': 'Adam'}. Best is trial 72 with value: 0.07734138520635096.
2026-05-11 05:20:45,240 - optuna.study.study - INFO - Trial 78 finished with value: 0.0685752195097561 and parameters: {'n_layers': 1, 'embedding_dim': 128, 'lr': 0.0014429119795055603, 'lambda_val': 0.004208149958688543, 'batch_size': 3299, 'optimizer': 'Adam'}. Best is trial 72 with value: 0.07734138520635096.
2026-05-11 05:21:18,266 - optuna.study.study - INFO - Trial 79 finished with value: 0.05832936385674002 and parameters: {'n_layers': 1, 'embedding_dim': 128, 'lr': 0.0007082990307571709, 'lambda_val': 0.004212899243721592, 'batch_size': 3690, 'optimizer': 'Adam'}. Best is trial 72 with value: 0.07734138520635096.
2026-05-11 05:21:24,328 - optuna.study._optimize - INFO - Trial 80 pruned. 
2026-05-11 05:21:29,620 - optuna.study._optimize - INFO - Trial 81 pruned. 
2026-05-11 05:22:05,054 - optuna.study.study - INFO - Trial 82 finished with value: 0.073501665937751 and parameters: {'n_layers': 1, 'embedding_dim': 128, 'lr': 0.0016540182962827023, 'lambda_val': 0.004580408684378753, 'batch_size': 3405, 'optimizer': 'Adam'}. Best is trial 72 with value: 0.07734138520635096.
2026-05-11 05:22:38,014 - optuna.study.study - INFO - Trial 83 finished with value: 0.06121638014044423 and parameters: {'n_layers': 1, 'embedding_dim': 128, 'lr': 0.0015190614966654927, 'lambda_val': 0.006491845585261657, 'batch_size': 3382, 'optimizer': 'Adam'}. Best is trial 72 with value: 0.07734138520635096.
2026-05-11 05:23:13,936 - optuna.study.study - INFO - Trial 84 finished with value: 0.05348069307889399 and parameters: {'n_layers': 1, 'embedding_dim': 128, 'lr': 0.0004624553609774199, 'lambda_val': 0.0018963459459452267, 'batch_size': 3795, 'optimizer': 'Adam'}. Best is trial 72 with value: 0.07734138520635096.
2026-05-11 05:23:49,710 - optuna.study.study - INFO - Trial 85 finished with value: 0.05971971565452777 and parameters: {'n_layers': 1, 'embedding_dim': 128, 'lr': 0.0008746793988123328, 'lambda_val': 0.0047772644310752465, 'batch_size': 3351, 'optimizer': 'Adam'}. Best is trial 72 with value: 0.07734138520635096.
2026-05-11 05:24:33,726 - optuna.study.study - INFO - Trial 86 finished with value: 0.07392115760615223 and parameters: {'n_layers': 1, 'embedding_dim': 128, 'lr': 0.0015183054708792576, 'lambda_val': 0.0032545461048627206, 'batch_size': 3474, 'optimizer': 'Adam'}. Best is trial 72 with value: 0.07734138520635096.
2026-05-11 05:25:20,070 - optuna.study.study - INFO - Trial 87 finished with value: 0.059570752769339305 and parameters: {'n_layers': 1, 'embedding_dim': 128, 'lr': 0.001949556871617015, 'lambda_val': 0.008766046726023411, 'batch_size': 3499, 'optimizer': 'Adam'}. Best is trial 72 with value: 0.07734138520635096.
2026-05-11 05:26:05,234 - optuna.study.study - INFO - Trial 88 finished with value: 0.06645441735178735 and parameters: {'n_layers': 1, 'embedding_dim': 128, 'lr': 0.0009865174805802803, 'lambda_val': 0.00268627953687831, 'batch_size': 3755, 'optimizer': 'RMSprop'}. Best is trial 72 with value: 0.07734138520635096.
2026-05-11 05:26:11,102 - optuna.study._optimize - INFO - Trial 89 pruned. 
2026-05-11 05:26:15,492 - optuna.study._optimize - INFO - Trial 90 pruned. 
2026-05-11 05:26:49,852 - optuna.study.study - INFO - Trial 91 finished with value: 0.07123502185768459 and parameters: {'n_layers': 1, 'embedding_dim': 128, 'lr': 0.0014479069441967866, 'lambda_val': 0.0033551421381112015, 'batch_size': 3411, 'optimizer': 'Adam'}. Best is trial 72 with value: 0.07734138520635096.
2026-05-11 05:27:23,422 - optuna.study.study - INFO - Trial 92 finished with value: 0.0732600299761597 and parameters: {'n_layers': 1, 'embedding_dim': 128, 'lr': 0.002172870515937115, 'lambda_val': 0.0030580599083876586, 'batch_size': 3419, 'optimizer': 'Adam'}. Best is trial 72 with value: 0.07734138520635096.
2026-05-11 05:28:02,030 - optuna.study.study - INFO - Trial 93 finished with value: 0.05783991530557302 and parameters: {'n_layers': 1, 'embedding_dim': 128, 'lr': 0.0006346607542903626, 'lambda_val': 0.0019689794733934634, 'batch_size': 3582, 'optimizer': 'Adam'}. Best is trial 72 with value: 0.07734138520635096.
2026-05-11 05:28:36,802 - optuna.study.study - INFO - Trial 94 finished with value: 0.06851838174189913 and parameters: {'n_layers': 1, 'embedding_dim': 128, 'lr': 0.0022328437027261112, 'lambda_val': 0.006808740630016884, 'batch_size': 3424, 'optimizer': 'Adam'}. Best is trial 72 with value: 0.07734138520635096.
2026-05-11 05:29:12,842 - optuna.study.study - INFO - Trial 95 finished with value: 0.06753456799479177 and parameters: {'n_layers': 1, 'embedding_dim': 128, 'lr': 0.0014516340265762337, 'lambda_val': 0.0029191511633351393, 'batch_size': 2838, 'optimizer': 'Adam'}. Best is trial 72 with value: 0.07734138520635096.
2026-05-11 05:29:18,596 - optuna.study._optimize - INFO - Trial 96 pruned. 
2026-05-11 05:29:52,972 - optuna.study.study - INFO - Trial 97 finished with value: 0.06456285957198103 and parameters: {'n_layers': 1, 'embedding_dim': 128, 'lr': 0.0011134089999415625, 'lambda_val': 0.005051552348856761, 'batch_size': 3505, 'optimizer': 'Adam'}. Best is trial 72 with value: 0.07734138520635096.
2026-05-11 05:30:33,206 - optuna.study.study - INFO - Trial 98 finished with value: 0.05802280938818494 and parameters: {'n_layers': 1, 'embedding_dim': 128, 'lr': 0.000492723700517837, 'lambda_val': 0.002324517122146075, 'batch_size': 3448, 'optimizer': 'Adam'}. Best is trial 72 with value: 0.07734138520635096.
2026-05-11 05:31:15,941 - optuna.study.study - INFO - Trial 99 finished with value: 0.0781285791479747 and parameters: {'n_layers': 1, 'embedding_dim': 256, 'lr': 0.0026563272530605833, 'lambda_val': 0.0017326825876741972, 'batch_size': 3145, 'optimizer': 'Adam'}. Best is trial 99 with value: 0.0781285791479747.
2026-05-11 05:31:55,021 - optuna.study.study - INFO - Trial 100 finished with value: 0.059074078368378774 and parameters: {'n_layers': 1, 'embedding_dim': 256, 'lr': 0.0003019111661216692, 'lambda_val': 0.001733029866411769, 'batch_size': 3141, 'optimizer': 'Adam'}. Best is trial 99 with value: 0.0781285791479747.
2026-05-11 05:32:32,162 - optuna.study.study - INFO - Trial 101 finished with value: 0.07044101731461656 and parameters: {'n_layers': 1, 'embedding_dim': 256, 'lr': 0.0026620483972591698, 'lambda_val': 0.005932407673703215, 'batch_size': 3352, 'optimizer': 'Adam'}. Best is trial 99 with value: 0.0781285791479747.
2026-05-11 05:33:21,264 - optuna.study.study - INFO - Trial 102 finished with value: 0.07944002907862126 and parameters: {'n_layers': 1, 'embedding_dim': 256, 'lr': 0.002222938566420467, 'lambda_val': 0.0009193931200225015, 'batch_size': 3335, 'optimizer': 'Adam'}. Best is trial 102 with value: 0.07944002907862126.
2026-05-11 05:33:59,338 - optuna.study.study - INFO - Trial 103 finished with value: 0.07159990268684481 and parameters: {'n_layers': 1, 'embedding_dim': 256, 'lr': 0.0023314355167573355, 'lambda_val': 0.0009580227883536548, 'batch_size': 3548, 'optimizer': 'Adam'}. Best is trial 102 with value: 0.07944002907862126.
2026-05-11 05:34:35,225 - optuna.study.study - INFO - Trial 104 finished with value: 0.06992104393382399 and parameters: {'n_layers': 1, 'embedding_dim': 256, 'lr': 0.0021950680237784463, 'lambda_val': 0.0009715810773861551, 'batch_size': 3227, 'optimizer': 'Adam'}. Best is trial 102 with value: 0.07944002907862126.
2026-05-11 05:35:09,939 - optuna.study.study - INFO - Trial 105 finished with value: 0.0768610504503837 and parameters: {'n_layers': 1, 'embedding_dim': 256, 'lr': 0.003603826152448958, 'lambda_val': 0.0012775784821593, 'batch_size': 3555, 'optimizer': 'Adam'}. Best is trial 102 with value: 0.07944002907862126.
2026-05-11 05:35:48,454 - optuna.study.study - INFO - Trial 106 finished with value: 0.08051249449768202 and parameters: {'n_layers': 1, 'embedding_dim': 256, 'lr': 0.005327283557713005, 'lambda_val': 0.0012790460205767632, 'batch_size': 3607, 'optimizer': 'Adam'}. Best is trial 106 with value: 0.08051249449768202.
2026-05-11 05:36:27,670 - optuna.study.study - INFO - Trial 107 finished with value: 0.07135113181857694 and parameters: {'n_layers': 1, 'embedding_dim': 256, 'lr': 0.0037301208968281985, 'lambda_val': 0.000875022089030243, 'batch_size': 3616, 'optimizer': 'Adam'}. Best is trial 106 with value: 0.08051249449768202.
2026-05-11 05:36:32,954 - optuna.study._optimize - INFO - Trial 108 pruned. 
2026-05-11 05:37:11,876 - optuna.study.study - INFO - Trial 109 finished with value: 0.07359653188566463 and parameters: {'n_layers': 1, 'embedding_dim': 256, 'lr': 0.005647378650186543, 'lambda_val': 0.0006244450722147415, 'batch_size': 3894, 'optimizer': 'Adam'}. Best is trial 106 with value: 0.08051249449768202.
2026-05-11 05:37:52,179 - optuna.study.study - INFO - Trial 110 finished with value: 0.07368082217812848 and parameters: {'n_layers': 1, 'embedding_dim': 256, 'lr': 0.0052577863912222425, 'lambda_val': 0.0005515447826855692, 'batch_size': 3955, 'optimizer': 'Adam'}. Best is trial 106 with value: 0.08051249449768202.
2026-05-11 05:38:31,048 - optuna.study.study - INFO - Trial 111 finished with value: 0.07307439538899438 and parameters: {'n_layers': 1, 'embedding_dim': 256, 'lr': 0.00478810889661984, 'lambda_val': 0.0006713046355067761, 'batch_size': 3795, 'optimizer': 'Adam'}. Best is trial 106 with value: 0.08051249449768202.
2026-05-11 05:39:12,496 - optuna.study.study - INFO - Trial 112 finished with value: 0.08064309430179928 and parameters: {'n_layers': 1, 'embedding_dim': 256, 'lr': 0.0049958103026020015, 'lambda_val': 0.0006262863283125971, 'batch_size': 3932, 'optimizer': 'Adam'}. Best is trial 112 with value: 0.08064309430179928.
2026-05-11 05:39:51,905 - optuna.study.study - INFO - Trial 113 finished with value: 0.07356575646590309 and parameters: {'n_layers': 1, 'embedding_dim': 256, 'lr': 0.00518295929438514, 'lambda_val': 0.0005669522934032612, 'batch_size': 3951, 'optimizer': 'Adam'}. Best is trial 112 with value: 0.08064309430179928.
2026-05-11 05:40:30,050 - optuna.study.study - INFO - Trial 114 finished with value: 0.06702642285963684 and parameters: {'n_layers': 1, 'embedding_dim': 256, 'lr': 0.005118018919687937, 'lambda_val': 0.0002960909973038365, 'batch_size': 3939, 'optimizer': 'Adam'}. Best is trial 112 with value: 0.08064309430179928.
2026-05-11 05:41:18,178 - optuna.study.study - INFO - Trial 115 finished with value: 0.05563118431519434 and parameters: {'n_layers': 1, 'embedding_dim': 256, 'lr': 0.0039876428216964795, 'lambda_val': 0.0001420244841815822, 'batch_size': 4030, 'optimizer': 'Adam'}. Best is trial 112 with value: 0.08064309430179928.
2026-05-11 05:41:53,230 - optuna.study.study - INFO - Trial 116 finished with value: 0.07667556685758217 and parameters: {'n_layers': 1, 'embedding_dim': 256, 'lr': 0.005419032004414247, 'lambda_val': 0.0005173041452965708, 'batch_size': 3884, 'optimizer': 'RMSprop'}. Best is trial 112 with value: 0.08064309430179928.
2026-05-11 05:42:29,619 - optuna.study.study - INFO - Trial 117 finished with value: 0.07706587557423215 and parameters: {'n_layers': 1, 'embedding_dim': 256, 'lr': 0.010666446371297721, 'lambda_val': 0.00043957880087469245, 'batch_size': 3861, 'optimizer': 'RMSprop'}. Best is trial 112 with value: 0.08064309430179928.
2026-05-11 05:43:16,547 - optuna.study.study - INFO - Trial 118 finished with value: 0.07165473310824795 and parameters: {'n_layers': 1, 'embedding_dim': 256, 'lr': 0.011074980190289258, 'lambda_val': 0.0002066240853617277, 'batch_size': 3827, 'optimizer': 'RMSprop'}. Best is trial 112 with value: 0.08064309430179928.
2026-05-11 05:43:53,743 - optuna.study.study - INFO - Trial 119 finished with value: 0.07092973548991074 and parameters: {'n_layers': 1, 'embedding_dim': 256, 'lr': 0.01544928176759413, 'lambda_val': 0.00036555383691589814, 'batch_size': 4086, 'optimizer': 'RMSprop'}. Best is trial 112 with value: 0.08064309430179928.
2026-05-11 05:44:20,849 - optuna.study._optimize - INFO - Trial 120 pruned. 
2026-05-11 05:44:59,711 - optuna.study.study - INFO - Trial 121 finished with value: 0.0748089214712935 and parameters: {'n_layers': 1, 'embedding_dim': 256, 'lr': 0.005826608423036836, 'lambda_val': 0.0007800413175334406, 'batch_size': 3909, 'optimizer': 'RMSprop'}. Best is trial 112 with value: 0.08064309430179928.
2026-05-11 05:45:37,338 - optuna.study.study - INFO - Trial 122 finished with value: 0.08197075547945257 and parameters: {'n_layers': 1, 'embedding_dim': 256, 'lr': 0.010736427153272677, 'lambda_val': 0.0008368777203567695, 'batch_size': 3752, 'optimizer': 'RMSprop'}. Best is trial 122 with value: 0.08197075547945257.
2026-05-11 05:46:22,452 - optuna.study.study - INFO - Trial 123 finished with value: 0.08393676979754278 and parameters: {'n_layers': 1, 'embedding_dim': 256, 'lr': 0.011288548992426562, 'lambda_val': 0.001171919300665354, 'batch_size': 3752, 'optimizer': 'RMSprop'}. Best is trial 123 with value: 0.08393676979754278.
2026-05-11 05:47:03,069 - optuna.study.study - INFO - Trial 124 finished with value: 0.08283567945949956 and parameters: {'n_layers': 1, 'embedding_dim': 256, 'lr': 0.010194607080805166, 'lambda_val': 0.0012894268660300521, 'batch_size': 3747, 'optimizer': 'RMSprop'}. Best is trial 123 with value: 0.08393676979754278.
2026-05-11 05:47:39,760 - optuna.study.study - INFO - Trial 125 finished with value: 0.07732836130512769 and parameters: {'n_layers': 1, 'embedding_dim': 256, 'lr': 0.010888519543412837, 'lambda_val': 0.0008520312374878723, 'batch_size': 3656, 'optimizer': 'RMSprop'}. Best is trial 123 with value: 0.08393676979754278.
2026-05-11 05:48:17,064 - optuna.study.study - INFO - Trial 126 finished with value: 0.08001852827908644 and parameters: {'n_layers': 1, 'embedding_dim': 256, 'lr': 0.010904102331444069, 'lambda_val': 0.0007755517448095725, 'batch_size': 3763, 'optimizer': 'RMSprop'}. Best is trial 123 with value: 0.08393676979754278.
2026-05-11 05:48:53,560 - optuna.study.study - INFO - Trial 127 finished with value: 0.07632127458867526 and parameters: {'n_layers': 1, 'embedding_dim': 256, 'lr': 0.010958628370705477, 'lambda_val': 0.0004438749772193763, 'batch_size': 3734, 'optimizer': 'RMSprop'}. Best is trial 123 with value: 0.08393676979754278.
2026-05-11 05:49:40,527 - optuna.study.study - INFO - Trial 128 finished with value: 0.07892538782180099 and parameters: {'n_layers': 1, 'embedding_dim': 256, 'lr': 0.017448614510365692, 'lambda_val': 0.001170881549928602, 'batch_size': 3647, 'optimizer': 'RMSprop'}. Best is trial 123 with value: 0.08393676979754278.
2026-05-11 05:50:16,839 - optuna.study.study - INFO - Trial 129 finished with value: 0.07999016836663622 and parameters: {'n_layers': 1, 'embedding_dim': 256, 'lr': 0.01877076733924463, 'lambda_val': 0.0011868672039165658, 'batch_size': 3640, 'optimizer': 'RMSprop'}. Best is trial 123 with value: 0.08393676979754278.
2026-05-11 05:50:22,041 - optuna.study._optimize - INFO - Trial 130 pruned. 
2026-05-11 05:50:58,501 - optuna.study.study - INFO - Trial 131 finished with value: 0.07715824810393342 and parameters: {'n_layers': 1, 'embedding_dim': 256, 'lr': 0.01778224288440377, 'lambda_val': 0.0012209879025169774, 'batch_size': 3753, 'optimizer': 'RMSprop'}. Best is trial 123 with value: 0.08393676979754278.
2026-05-11 05:51:35,237 - optuna.study.study - INFO - Trial 132 finished with value: 0.08640926798859318 and parameters: {'n_layers': 1, 'embedding_dim': 256, 'lr': 0.01793799285108155, 'lambda_val': 0.0011242930299209639, 'batch_size': 3783, 'optimizer': 'RMSprop'}. Best is trial 132 with value: 0.08640926798859318.
2026-05-11 05:51:41,297 - optuna.study._optimize - INFO - Trial 133 pruned. 
2026-05-11 05:52:18,526 - optuna.study.study - INFO - Trial 134 finished with value: 0.07692901932724584 and parameters: {'n_layers': 1, 'embedding_dim': 256, 'lr': 0.017947693927416283, 'lambda_val': 0.0008213750798275256, 'batch_size': 3668, 'optimizer': 'RMSprop'}. Best is trial 132 with value: 0.08640926798859318.
2026-05-11 05:52:56,071 - optuna.study.study - INFO - Trial 135 finished with value: 0.08033228175087986 and parameters: {'n_layers': 1, 'embedding_dim': 256, 'lr': 0.024010979119198157, 'lambda_val': 0.001662734834272126, 'batch_size': 3784, 'optimizer': 'RMSprop'}. Best is trial 132 with value: 0.08640926798859318.
2026-05-11 05:53:00,901 - optuna.study._optimize - INFO - Trial 136 pruned. 
2026-05-11 05:53:09,503 - optuna.study._optimize - INFO - Trial 137 pruned. 
2026-05-11 05:53:19,981 - optuna.study._optimize - INFO - Trial 138 pruned. 
2026-05-11 05:53:24,920 - optuna.study._optimize - INFO - Trial 139 pruned. 
2026-05-11 05:54:01,977 - optuna.study.study - INFO - Trial 140 finished with value: 0.08122711021440043 and parameters: {'n_layers': 1, 'embedding_dim': 256, 'lr': 0.014998451595225277, 'lambda_val': 0.0016122150985746022, 'batch_size': 3815, 'optimizer': 'RMSprop'}. Best is trial 132 with value: 0.08640926798859318.
2026-05-11 05:54:38,894 - optuna.study.study - INFO - Trial 141 finished with value: 0.07833507338804672 and parameters: {'n_layers': 1, 'embedding_dim': 256, 'lr': 0.014866769005629808, 'lambda_val': 0.0010823114870522014, 'batch_size': 3785, 'optimizer': 'RMSprop'}. Best is trial 132 with value: 0.08640926798859318.
2026-05-11 05:55:16,082 - optuna.study.study - INFO - Trial 142 finished with value: 0.07852745907629498 and parameters: {'n_layers': 1, 'embedding_dim': 256, 'lr': 0.01679236304197596, 'lambda_val': 0.002115196650256551, 'batch_size': 3794, 'optimizer': 'RMSprop'}. Best is trial 132 with value: 0.08640926798859318.
2026-05-11 05:55:52,916 - optuna.study.study - INFO - Trial 143 finished with value: 0.07519397202377029 and parameters: {'n_layers': 1, 'embedding_dim': 256, 'lr': 0.01507492246003552, 'lambda_val': 0.0016226461676871753, 'batch_size': 3811, 'optimizer': 'RMSprop'}. Best is trial 132 with value: 0.08640926798859318.
2026-05-11 05:56:30,209 - optuna.study.study - INFO - Trial 144 finished with value: 0.08387316251004562 and parameters: {'n_layers': 1, 'embedding_dim': 256, 'lr': 0.013668114817887675, 'lambda_val': 0.0011091313302473457, 'batch_size': 3785, 'optimizer': 'RMSprop'}. Best is trial 132 with value: 0.08640926798859318.
2026-05-11 05:57:07,757 - optuna.study.study - INFO - Trial 145 finished with value: 0.07529115005102589 and parameters: {'n_layers': 1, 'embedding_dim': 256, 'lr': 0.014133555338426045, 'lambda_val': 0.0012524911790648303, 'batch_size': 3799, 'optimizer': 'RMSprop'}. Best is trial 132 with value: 0.08640926798859318.
2026-05-11 05:57:39,359 - optuna.study.study - INFO - Trial 146 finished with value: 0.07491869619851622 and parameters: {'n_layers': 1, 'embedding_dim': 96, 'lr': 0.024300641240156264, 'lambda_val': 0.0010442504610684478, 'batch_size': 4019, 'optimizer': 'RMSprop'}. Best is trial 132 with value: 0.08640926798859318.
2026-05-11 05:58:16,109 - optuna.study.study - INFO - Trial 147 finished with value: 0.08008233684785196 and parameters: {'n_layers': 1, 'embedding_dim': 256, 'lr': 0.017923642048620035, 'lambda_val': 0.0021056600912486186, 'batch_size': 3731, 'optimizer': 'RMSprop'}. Best is trial 132 with value: 0.08640926798859318.
2026-05-11 05:58:20,837 - optuna.study._optimize - INFO - Trial 148 pruned. 
2026-05-11 05:58:57,451 - optuna.study.study - INFO - Trial 149 finished with value: 0.07937606023386777 and parameters: {'n_layers': 1, 'embedding_dim': 256, 'lr': 0.012397073023980491, 'lambda_val': 0.0006647503384147262, 'batch_size': 3727, 'optimizer': 'RMSprop'}. Best is trial 132 with value: 0.08640926798859318.
2026-05-11 05:59:34,063 - optuna.study.study - INFO - Trial 150 finished with value: 0.07818046014106768 and parameters: {'n_layers': 1, 'embedding_dim': 256, 'lr': 0.008519339090949587, 'lambda_val': 0.0006707091217039521, 'batch_size': 3708, 'optimizer': 'RMSprop'}. Best is trial 132 with value: 0.08640926798859318.
2026-05-11 06:00:12,002 - optuna.study.study - INFO - Trial 151 finished with value: 0.08442319011354749 and parameters: {'n_layers': 1, 'embedding_dim': 256, 'lr': 0.017128419854498433, 'lambda_val': 0.0014359228840712876, 'batch_size': 3594, 'optimizer': 'RMSprop'}. Best is trial 132 with value: 0.08640926798859318.
2026-05-11 06:00:48,017 - optuna.study.study - INFO - Trial 152 finished with value: 0.08213257065671395 and parameters: {'n_layers': 1, 'embedding_dim': 256, 'lr': 0.013256692708980238, 'lambda_val': 0.0013825616482832305, 'batch_size': 3585, 'optimizer': 'RMSprop'}. Best is trial 132 with value: 0.08640926798859318.
2026-05-11 06:01:24,723 - optuna.study.study - INFO - Trial 153 finished with value: 0.08234493431422055 and parameters: {'n_layers': 1, 'embedding_dim': 256, 'lr': 0.012103944254243208, 'lambda_val': 0.00144243850038297, 'batch_size': 3568, 'optimizer': 'RMSprop'}. Best is trial 132 with value: 0.08640926798859318.
2026-05-11 06:01:29,307 - optuna.study._optimize - INFO - Trial 154 pruned. 
2026-05-11 06:02:05,843 - optuna.study.study - INFO - Trial 155 finished with value: 0.08313158715194845 and parameters: {'n_layers': 1, 'embedding_dim': 256, 'lr': 0.007571365119040003, 'lambda_val': 0.00157925274224452, 'batch_size': 3582, 'optimizer': 'RMSprop'}. Best is trial 132 with value: 0.08640926798859318.
2026-05-11 06:02:41,903 - optuna.study.study - INFO - Trial 156 finished with value: 0.08380031882867024 and parameters: {'n_layers': 1, 'embedding_dim': 256, 'lr': 0.007317178652627838, 'lambda_val': 0.0015471652588447086, 'batch_size': 3545, 'optimizer': 'RMSprop'}. Best is trial 132 with value: 0.08640926798859318.
2026-05-11 06:03:18,293 - optuna.study.study - INFO - Trial 157 finished with value: 0.0788583975690232 and parameters: {'n_layers': 1, 'embedding_dim': 256, 'lr': 0.007417571216735933, 'lambda_val': 0.001595471121930719, 'batch_size': 3556, 'optimizer': 'RMSprop'}. Best is trial 132 with value: 0.08640926798859318.
2026-05-11 06:03:55,139 - optuna.study.study - INFO - Trial 158 finished with value: 0.08460796119502267 and parameters: {'n_layers': 1, 'embedding_dim': 256, 'lr': 0.009098923959451336, 'lambda_val': 0.002079537404724995, 'batch_size': 3517, 'optimizer': 'RMSprop'}. Best is trial 132 with value: 0.08640926798859318.
2026-05-11 06:04:31,636 - optuna.study.study - INFO - Trial 159 finished with value: 0.07801884099192431 and parameters: {'n_layers': 1, 'embedding_dim': 256, 'lr': 0.012705255998450474, 'lambda_val': 0.002182162702991058, 'batch_size': 3522, 'optimizer': 'RMSprop'}. Best is trial 132 with value: 0.08640926798859318.
2026-05-11 06:05:08,538 - optuna.study.study - INFO - Trial 160 finished with value: 0.07686662193589694 and parameters: {'n_layers': 1, 'embedding_dim': 256, 'lr': 0.008991948191343732, 'lambda_val': 0.002281857983604073, 'batch_size': 3570, 'optimizer': 'RMSprop'}. Best is trial 132 with value: 0.08640926798859318.
2026-05-11 06:05:44,958 - optuna.study.study - INFO - Trial 161 finished with value: 0.07724685687836404 and parameters: {'n_layers': 1, 'embedding_dim': 256, 'lr': 0.009050858872993452, 'lambda_val': 0.0018555963716801068, 'batch_size': 3722, 'optimizer': 'RMSprop'}. Best is trial 132 with value: 0.08640926798859318.
2026-05-11 06:06:22,686 - optuna.study.study - INFO - Trial 162 finished with value: 0.08114130086774106 and parameters: {'n_layers': 1, 'embedding_dim': 256, 'lr': 0.007654499639492025, 'lambda_val': 0.0014871310232615284, 'batch_size': 3837, 'optimizer': 'RMSprop'}. Best is trial 132 with value: 0.08640926798859318.
2026-05-11 06:06:59,321 - optuna.study.study - INFO - Trial 163 finished with value: 0.0806401020426199 and parameters: {'n_layers': 1, 'embedding_dim': 256, 'lr': 0.008175216708650379, 'lambda_val': 0.001494847938029439, 'batch_size': 3859, 'optimizer': 'RMSprop'}. Best is trial 132 with value: 0.08640926798859318.
2026-05-11 06:07:36,868 - optuna.study.study - INFO - Trial 164 finished with value: 0.08185936899731462 and parameters: {'n_layers': 1, 'embedding_dim': 256, 'lr': 0.008133962858042272, 'lambda_val': 0.0014629906142510376, 'batch_size': 3862, 'optimizer': 'RMSprop'}. Best is trial 132 with value: 0.08640926798859318.
2026-05-11 06:08:13,619 - optuna.study.study - INFO - Trial 165 finished with value: 0.08282216780689435 and parameters: {'n_layers': 1, 'embedding_dim': 256, 'lr': 0.006926599581535576, 'lambda_val': 0.0014141199171474076, 'batch_size': 3863, 'optimizer': 'RMSprop'}. Best is trial 132 with value: 0.08640926798859318.
2026-05-11 06:08:50,912 - optuna.study.study - INFO - Trial 166 finished with value: 0.08558473660453615 and parameters: {'n_layers': 1, 'embedding_dim': 256, 'lr': 0.0072407112890249545, 'lambda_val': 0.0014872981133379347, 'batch_size': 3872, 'optimizer': 'RMSprop'}. Best is trial 132 with value: 0.08640926798859318.
2026-05-11 06:09:22,587 - optuna.study.study - INFO - Trial 167 finished with value: 0.07273782117112018 and parameters: {'n_layers': 1, 'embedding_dim': 96, 'lr': 0.006586743934604894, 'lambda_val': 0.0010323069970162053, 'batch_size': 3971, 'optimizer': 'RMSprop'}. Best is trial 132 with value: 0.08640926798859318.
2026-05-11 06:10:04,851 - optuna.study.study - INFO - Trial 168 finished with value: 0.08295520578084027 and parameters: {'n_layers': 1, 'embedding_dim': 256, 'lr': 0.0073225474565108434, 'lambda_val': 0.0013989780994566787, 'batch_size': 4048, 'optimizer': 'RMSprop'}. Best is trial 132 with value: 0.08640926798859318.
2026-05-11 06:10:48,011 - optuna.study.study - INFO - Trial 169 finished with value: 0.07845392896188812 and parameters: {'n_layers': 1, 'embedding_dim': 256, 'lr': 0.007219161735601514, 'lambda_val': 0.0026734572140403702, 'batch_size': 4034, 'optimizer': 'RMSprop'}. Best is trial 132 with value: 0.08640926798859318.
2026-05-11 06:10:52,594 - optuna.study._optimize - INFO - Trial 170 pruned. 
2026-05-11 06:11:28,578 - optuna.study.study - INFO - Trial 171 finished with value: 0.07954174653009297 and parameters: {'n_layers': 1, 'embedding_dim': 256, 'lr': 0.010321789867762284, 'lambda_val': 0.0017457931613400926, 'batch_size': 3888, 'optimizer': 'RMSprop'}. Best is trial 132 with value: 0.08640926798859318.
2026-05-11 06:12:04,722 - optuna.study.study - INFO - Trial 172 finished with value: 0.08275806169896731 and parameters: {'n_layers': 1, 'embedding_dim': 256, 'lr': 0.01270688148999292, 'lambda_val': 0.0010889742584000428, 'batch_size': 3929, 'optimizer': 'RMSprop'}. Best is trial 132 with value: 0.08640926798859318.
2026-05-11 06:12:47,937 - optuna.study.study - INFO - Trial 173 finished with value: 0.08008558937082942 and parameters: {'n_layers': 1, 'embedding_dim': 256, 'lr': 0.012469813086788671, 'lambda_val': 0.0009878140821687504, 'batch_size': 3851, 'optimizer': 'RMSprop'}. Best is trial 132 with value: 0.08640926798859318.
2026-05-11 06:13:27,047 - optuna.study.study - INFO - Trial 174 finished with value: 0.0823109357104787 and parameters: {'n_layers': 1, 'embedding_dim': 256, 'lr': 0.009871938373047907, 'lambda_val': 0.001415810203708089, 'batch_size': 3967, 'optimizer': 'RMSprop'}. Best is trial 132 with value: 0.08640926798859318.
2026-05-11 06:13:31,662 - optuna.study._optimize - INFO - Trial 175 pruned. 
2026-05-11 06:14:10,973 - optuna.study.study - INFO - Trial 176 finished with value: 0.08637419634503536 and parameters: {'n_layers': 1, 'embedding_dim': 256, 'lr': 0.013137412559004307, 'lambda_val': 0.0023611999056488745, 'batch_size': 3889, 'optimizer': 'RMSprop'}. Best is trial 132 with value: 0.08640926798859318.
2026-05-11 06:14:48,075 - optuna.study.study - INFO - Trial 177 finished with value: 0.0804841854945312 and parameters: {'n_layers': 1, 'embedding_dim': 256, 'lr': 0.0131980581837337, 'lambda_val': 0.0027188470213772666, 'batch_size': 3921, 'optimizer': 'RMSprop'}. Best is trial 132 with value: 0.08640926798859318.
2026-05-11 06:15:24,438 - optuna.study.study - INFO - Trial 178 finished with value: 0.0858880588253093 and parameters: {'n_layers': 1, 'embedding_dim': 256, 'lr': 0.00925730352648426, 'lambda_val': 0.0024197570712616275, 'batch_size': 4081, 'optimizer': 'RMSprop'}. Best is trial 132 with value: 0.08640926798859318.
2026-05-11 06:16:00,011 - optuna.study.study - INFO - Trial 179 finished with value: 0.07919821856564196 and parameters: {'n_layers': 1, 'embedding_dim': 256, 'lr': 0.010141466739931226, 'lambda_val': 0.002189067729081394, 'batch_size': 3974, 'optimizer': 'RMSprop'}. Best is trial 132 with value: 0.08640926798859318.
2026-05-11 06:16:36,714 - optuna.study.study - INFO - Trial 180 finished with value: 0.07599774411658469 and parameters: {'n_layers': 1, 'embedding_dim': 256, 'lr': 0.01227789208268927, 'lambda_val': 0.0029432620428942046, 'batch_size': 4092, 'optimizer': 'RMSprop'}. Best is trial 132 with value: 0.08640926798859318.
2026-05-11 06:17:15,164 - optuna.study.study - INFO - Trial 181 finished with value: 0.08173643493392842 and parameters: {'n_layers': 1, 'embedding_dim': 256, 'lr': 0.008296060683193, 'lambda_val': 0.0012631824073559659, 'batch_size': 4023, 'optimizer': 'RMSprop'}. Best is trial 132 with value: 0.08640926798859318.
2026-05-11 06:17:53,187 - optuna.study.study - INFO - Trial 182 finished with value: 0.08112803497001568 and parameters: {'n_layers': 1, 'embedding_dim': 256, 'lr': 0.006680149703550197, 'lambda_val': 0.0018444537610965684, 'batch_size': 3927, 'optimizer': 'RMSprop'}. Best is trial 132 with value: 0.08640926798859318.
2026-05-11 06:18:41,294 - optuna.study.study - INFO - Trial 183 finished with value: 0.0820719684009756 and parameters: {'n_layers': 1, 'embedding_dim': 256, 'lr': 0.008974875706725382, 'lambda_val': 0.0011058916260134977, 'batch_size': 3901, 'optimizer': 'RMSprop'}. Best is trial 132 with value: 0.08640926798859318.
2026-05-11 06:18:46,249 - optuna.study._optimize - INFO - Trial 184 pruned. 
2026-05-11 06:19:25,473 - optuna.study.study - INFO - Trial 185 finished with value: 0.08062060129375552 and parameters: {'n_layers': 1, 'embedding_dim': 256, 'lr': 0.011620656772853188, 'lambda_val': 0.001114584976891212, 'batch_size': 4086, 'optimizer': 'RMSprop'}. Best is trial 132 with value: 0.08640926798859318.
2026-05-11 06:19:30,950 - optuna.study._optimize - INFO - Trial 186 pruned. 
2026-05-11 06:20:07,074 - optuna.study.study - INFO - Trial 187 finished with value: 0.07839441195484735 and parameters: {'n_layers': 1, 'embedding_dim': 256, 'lr': 0.014466077574849452, 'lambda_val': 0.0010558319567328333, 'batch_size': 3890, 'optimizer': 'RMSprop'}. Best is trial 132 with value: 0.08640926798859318.
2026-05-11 06:20:43,593 - optuna.study.study - INFO - Trial 188 finished with value: 0.07707090042825561 and parameters: {'n_layers': 1, 'embedding_dim': 256, 'lr': 0.006482683969324934, 'lambda_val': 0.003407859960445332, 'batch_size': 3697, 'optimizer': 'RMSprop'}. Best is trial 132 with value: 0.08640926798859318.
2026-05-11 06:21:17,119 - optuna.study.study - INFO - Trial 189 finished with value: 0.08127130858359213 and parameters: {'n_layers': 1, 'embedding_dim': 256, 'lr': 0.009165533179999892, 'lambda_val': 0.001242661687854189, 'batch_size': 3951, 'optimizer': 'RMSprop'}. Best is trial 132 with value: 0.08640926798859318.
2026-05-11 06:21:21,778 - optuna.study._optimize - INFO - Trial 190 pruned. 
2026-05-11 06:22:03,771 - optuna.study.study - INFO - Trial 191 finished with value: 0.07930061327212308 and parameters: {'n_layers': 1, 'embedding_dim': 256, 'lr': 0.007840272434112639, 'lambda_val': 0.0013959313310635134, 'batch_size': 3842, 'optimizer': 'RMSprop'}. Best is trial 132 with value: 0.08640926798859318.
2026-05-11 06:22:38,817 - optuna.study.study - INFO - Trial 192 finished with value: 0.07783220037490128 and parameters: {'n_layers': 1, 'embedding_dim': 256, 'lr': 0.009468968608948632, 'lambda_val': 0.0017279769353407616, 'batch_size': 3901, 'optimizer': 'RMSprop'}. Best is trial 132 with value: 0.08640926798859318.
2026-05-11 06:23:15,047 - optuna.study.study - INFO - Trial 193 finished with value: 0.07743948286217162 and parameters: {'n_layers': 1, 'embedding_dim': 256, 'lr': 0.007629675771364625, 'lambda_val': 0.0023910561777278896, 'batch_size': 3762, 'optimizer': 'RMSprop'}. Best is trial 132 with value: 0.08640926798859318.
2026-05-11 06:23:50,834 - optuna.study.study - INFO - Trial 194 finished with value: 0.08430212931916284 and parameters: {'n_layers': 1, 'embedding_dim': 256, 'lr': 0.015364603604635983, 'lambda_val': 0.0014686982681681104, 'batch_size': 3669, 'optimizer': 'RMSprop'}. Best is trial 132 with value: 0.08640926798859318.
2026-05-11 06:24:25,096 - optuna.study.study - INFO - Trial 195 finished with value: 0.0829759219967875 and parameters: {'n_layers': 1, 'embedding_dim': 256, 'lr': 0.01580529774325037, 'lambda_val': 0.0010116217137552052, 'batch_size': 3603, 'optimizer': 'RMSprop'}. Best is trial 132 with value: 0.08640926798859318.
2026-05-11 06:24:29,290 - optuna.study._optimize - INFO - Trial 196 pruned. 
2026-05-11 06:24:33,917 - optuna.study._optimize - INFO - Trial 197 pruned. 
2026-05-11 06:24:40,065 - optuna.study._optimize - INFO - Trial 198 pruned. 
2026-05-11 06:25:15,259 - optuna.study.study - INFO - Trial 199 finished with value: 0.08330314775874993 and parameters: {'n_layers': 1, 'embedding_dim': 256, 'lr': 0.014457573226714013, 'lambda_val': 0.0017775945290710747, 'batch_size': 3615, 'optimizer': 'RMSprop'}. Best is trial 132 with value: 0.08640926798859318.
2026-05-11 06:25:43,894 - root - INFO -   **** Training e_100K_1c2dcs_rand3
2026-05-11 06:25:43,907 - root - INFO -   **** Getting 54402/65410 random edges
2026-05-11 06:25:44,460 - optuna.storages._rdb.storage - INFO - A new study created in RDB with name: Study_e_100K_1c2dcs_rand3
2026-05-11 06:26:44,152 - optuna.study.study - INFO - Trial 0 finished with value: 0.06385524201459458 and parameters: {'n_layers': 3, 'embedding_dim': 256, 'lr': 5.072828006523458e-05, 'lambda_val': 0.0003223333136847034, 'batch_size': 1882, 'optimizer': 'Adam'}. Best is trial 0 with value: 0.06385524201459458.
2026-05-11 06:27:28,324 - optuna.study.study - INFO - Trial 1 finished with value: 0.001388883699515875 and parameters: {'n_layers': 3, 'embedding_dim': 128, 'lr': 0.013499128059143422, 'lambda_val': 0.001355131268801889, 'batch_size': 2872, 'optimizer': 'SGD'}. Best is trial 0 with value: 0.06385524201459458.
2026-05-11 06:28:02,307 - optuna.study.study - INFO - Trial 2 finished with value: 0.022735022239978926 and parameters: {'n_layers': 2, 'embedding_dim': 64, 'lr': 2.5798583924242976e-05, 'lambda_val': 0.03006810345036782, 'batch_size': 3684, 'optimizer': 'Adam'}. Best is trial 0 with value: 0.06385524201459458.
2026-05-11 06:28:45,592 - optuna.study.study - INFO - Trial 3 finished with value: 0.0008457905314701352 and parameters: {'n_layers': 4, 'embedding_dim': 64, 'lr': 3.8629094988082117e-05, 'lambda_val': 0.00019019891308587176, 'batch_size': 868, 'optimizer': 'SGD'}. Best is trial 0 with value: 0.06385524201459458.
2026-05-11 06:29:40,552 - optuna.study.study - INFO - Trial 4 finished with value: 0.022458569493674016 and parameters: {'n_layers': 3, 'embedding_dim': 128, 'lr': 0.0015230649745788195, 'lambda_val': 0.00011240212152686793, 'batch_size': 1772, 'optimizer': 'Adam'}. Best is trial 0 with value: 0.06385524201459458.
2026-05-11 06:29:49,950 - optuna.study._optimize - INFO - Trial 5 pruned. 
2026-05-11 06:30:32,057 - optuna.study.study - INFO - Trial 6 finished with value: 0.022536488127307273 and parameters: {'n_layers': 4, 'embedding_dim': 96, 'lr': 0.04635586178444519, 'lambda_val': 0.0018451325843156, 'batch_size': 3187, 'optimizer': 'Adam'}. Best is trial 0 with value: 0.06385524201459458.
2026-05-11 06:31:01,488 - optuna.study.study - INFO - Trial 7 finished with value: 0.04552469048894499 and parameters: {'n_layers': 1, 'embedding_dim': 64, 'lr': 0.06432446191800405, 'lambda_val': 0.00014603408496810576, 'batch_size': 3712, 'optimizer': 'RMSprop'}. Best is trial 0 with value: 0.06385524201459458.
2026-05-11 06:31:35,630 - optuna.study.study - INFO - Trial 8 finished with value: 0.05571515744347345 and parameters: {'n_layers': 1, 'embedding_dim': 128, 'lr': 0.020358277986572193, 'lambda_val': 0.008399396166440247, 'batch_size': 2713, 'optimizer': 'Adam'}. Best is trial 0 with value: 0.06385524201459458.
2026-05-11 06:31:40,002 - optuna.study._optimize - INFO - Trial 9 pruned. 
2026-05-11 06:32:20,820 - optuna.study.study - INFO - Trial 10 finished with value: 0.058750439943899495 and parameters: {'n_layers': 2, 'embedding_dim': 256, 'lr': 0.00023117266160408215, 'lambda_val': 1.966338820463968e-06, 'batch_size': 559, 'optimizer': 'RMSprop'}. Best is trial 0 with value: 0.06385524201459458.
2026-05-11 06:33:10,190 - optuna.study.study - INFO - Trial 11 finished with value: 0.06028971394276396 and parameters: {'n_layers': 2, 'embedding_dim': 256, 'lr': 0.0001865046130325939, 'lambda_val': 1.2922798804170642e-06, 'batch_size': 513, 'optimizer': 'RMSprop'}. Best is trial 0 with value: 0.06385524201459458.
2026-05-11 06:34:00,473 - optuna.study.study - INFO - Trial 12 finished with value: 0.031064894015200427 and parameters: {'n_layers': 3, 'embedding_dim': 256, 'lr': 0.00018752953721093508, 'lambda_val': 6.525332522398125e-06, 'batch_size': 1351, 'optimizer': 'RMSprop'}. Best is trial 0 with value: 0.06385524201459458.
2026-05-11 06:34:42,319 - optuna.study.study - INFO - Trial 13 finished with value: 0.03926042154179567 and parameters: {'n_layers': 2, 'embedding_dim': 256, 'lr': 0.0001305538154060405, 'lambda_val': 1.4180991424521267e-05, 'batch_size': 2097, 'optimizer': 'RMSprop'}. Best is trial 0 with value: 0.06385524201459458.
2026-05-11 06:35:32,718 - optuna.study.study - INFO - Trial 14 finished with value: 0.025628005666585355 and parameters: {'n_layers': 3, 'embedding_dim': 256, 'lr': 0.0014930528251600125, 'lambda_val': 1.5715167084653787e-06, 'batch_size': 1094, 'optimizer': 'Adam'}. Best is trial 0 with value: 0.06385524201459458.
2026-05-11 06:35:37,776 - optuna.study._optimize - INFO - Trial 15 pruned. 
2026-05-11 06:36:09,421 - optuna.study.study - INFO - Trial 16 finished with value: 0.03253224690595488 and parameters: {'n_layers': 3, 'embedding_dim': 32, 'lr': 0.0005970754653197677, 'lambda_val': 0.00046367568850868706, 'batch_size': 655, 'optimizer': 'Adam'}. Best is trial 0 with value: 0.06385524201459458.
2026-05-11 06:36:14,593 - optuna.study._optimize - INFO - Trial 17 pruned. 
2026-05-11 06:36:21,064 - optuna.study._optimize - INFO - Trial 18 pruned. 
2026-05-11 06:37:05,529 - optuna.study.study - INFO - Trial 19 finished with value: 0.02675136678613842 and parameters: {'n_layers': 2, 'embedding_dim': 256, 'lr': 0.0005352458700716012, 'lambda_val': 0.00978690229304843, 'batch_size': 2625, 'optimizer': 'Adam'}. Best is trial 0 with value: 0.06385524201459458.
2026-05-11 06:37:09,370 - optuna.study._optimize - INFO - Trial 20 pruned. 
2026-05-11 06:37:51,276 - optuna.study.study - INFO - Trial 21 finished with value: 0.0521091228358142 and parameters: {'n_layers': 2, 'embedding_dim': 256, 'lr': 0.00018537280193113462, 'lambda_val': 1.7744929057462872e-06, 'batch_size': 538, 'optimizer': 'RMSprop'}. Best is trial 0 with value: 0.06385524201459458.
2026-05-11 06:38:33,754 - optuna.study.study - INFO - Trial 22 finished with value: 0.07983942689963226 and parameters: {'n_layers': 2, 'embedding_dim': 256, 'lr': 8.047703136530691e-05, 'lambda_val': 1.0848320817651416e-06, 'batch_size': 906, 'optimizer': 'RMSprop'}. Best is trial 22 with value: 0.07983942689963226.
2026-05-11 06:38:39,125 - optuna.study._optimize - INFO - Trial 23 pruned. 
2026-05-11 06:39:30,750 - optuna.study.study - INFO - Trial 24 finished with value: 0.02528329182886986 and parameters: {'n_layers': 3, 'embedding_dim': 256, 'lr': 0.0003604809237159668, 'lambda_val': 1.0221176244442858e-06, 'batch_size': 1402, 'optimizer': 'RMSprop'}. Best is trial 22 with value: 0.07983942689963226.
2026-05-11 06:40:13,793 - optuna.study.study - INFO - Trial 25 finished with value: 0.08858311597441294 and parameters: {'n_layers': 2, 'embedding_dim': 256, 'lr': 8.742528168623094e-05, 'lambda_val': 3.9494355403445956e-05, 'batch_size': 906, 'optimizer': 'RMSprop'}. Best is trial 25 with value: 0.08858311597441294.
2026-05-11 06:40:17,742 - optuna.study._optimize - INFO - Trial 26 pruned. 
2026-05-11 06:41:08,776 - optuna.study.study - INFO - Trial 27 finished with value: 0.06589314310677148 and parameters: {'n_layers': 3, 'embedding_dim': 256, 'lr': 8.090675882053247e-05, 'lambda_val': 1.3074755141706565e-05, 'batch_size': 969, 'optimizer': 'RMSprop'}. Best is trial 25 with value: 0.08858311597441294.
2026-05-11 06:41:15,988 - optuna.study._optimize - INFO - Trial 28 pruned. 
2026-05-11 06:42:06,093 - optuna.study.study - INFO - Trial 29 finished with value: 0.06416126225008827 and parameters: {'n_layers': 3, 'embedding_dim': 256, 'lr': 8.911642122416397e-05, 'lambda_val': 4.539815475832408e-06, 'batch_size': 1034, 'optimizer': 'RMSprop'}. Best is trial 25 with value: 0.08858311597441294.
2026-05-11 06:42:11,039 - optuna.study._optimize - INFO - Trial 30 pruned. 
2026-05-11 06:43:00,046 - optuna.study.study - INFO - Trial 31 finished with value: 0.04637824015653562 and parameters: {'n_layers': 3, 'embedding_dim': 256, 'lr': 0.00010138797210131498, 'lambda_val': 3.3885388981323376e-06, 'batch_size': 1046, 'optimizer': 'RMSprop'}. Best is trial 25 with value: 0.08858311597441294.
2026-05-11 06:43:50,541 - optuna.study.study - INFO - Trial 32 finished with value: 0.03457807803268027 and parameters: {'n_layers': 3, 'embedding_dim': 256, 'lr': 9.194844120550446e-05, 'lambda_val': 5.409902638122973e-05, 'batch_size': 1471, 'optimizer': 'RMSprop'}. Best is trial 25 with value: 0.08858311597441294.
2026-05-11 06:43:56,522 - optuna.study._optimize - INFO - Trial 33 pruned. 
2026-05-11 06:44:00,880 - optuna.study._optimize - INFO - Trial 34 pruned. 
2026-05-11 06:44:06,023 - optuna.study._optimize - INFO - Trial 35 pruned. 
2026-05-11 06:44:11,556 - optuna.study._optimize - INFO - Trial 36 pruned. 
2026-05-11 06:44:45,473 - optuna.study.study - INFO - Trial 37 finished with value: 0.025238195846776643 and parameters: {'n_layers': 2, 'embedding_dim': 128, 'lr': 0.0009028287328146069, 'lambda_val': 0.00010926342759728486, 'batch_size': 2012, 'optimizer': 'RMSprop'}. Best is trial 25 with value: 0.08858311597441294.
2026-05-11 06:44:50,773 - optuna.study._optimize - INFO - Trial 38 pruned. 
2026-05-11 06:44:55,106 - optuna.study._optimize - INFO - Trial 39 pruned. 
2026-05-11 06:45:00,448 - optuna.study._optimize - INFO - Trial 40 pruned. 
2026-05-11 06:45:06,653 - optuna.study._optimize - INFO - Trial 41 pruned. 
2026-05-11 06:45:13,056 - optuna.study._optimize - INFO - Trial 42 pruned. 
2026-05-11 06:45:18,360 - optuna.study._optimize - INFO - Trial 43 pruned. 
2026-05-11 06:45:24,045 - optuna.study._optimize - INFO - Trial 44 pruned. 
2026-05-11 06:45:28,827 - optuna.study._optimize - INFO - Trial 45 pruned. 
2026-05-11 06:45:33,929 - optuna.study._optimize - INFO - Trial 46 pruned. 
2026-05-11 06:46:25,417 - optuna.study.study - INFO - Trial 47 finished with value: 0.022751160737345462 and parameters: {'n_layers': 3, 'embedding_dim': 256, 'lr': 0.00022635530620336951, 'lambda_val': 8.027553908147663e-05, 'batch_size': 2990, 'optimizer': 'RMSprop'}. Best is trial 25 with value: 0.08858311597441294.
2026-05-11 06:46:29,927 - optuna.study._optimize - INFO - Trial 48 pruned. 
2026-05-11 06:47:21,149 - optuna.study.study - INFO - Trial 49 finished with value: 0.022195417304243965 and parameters: {'n_layers': 3, 'embedding_dim': 256, 'lr': 0.0007872013038013144, 'lambda_val': 0.0007335757837485759, 'batch_size': 706, 'optimizer': 'Adam'}. Best is trial 25 with value: 0.08858311597441294.
2026-05-11 06:47:25,200 - optuna.study._optimize - INFO - Trial 50 pruned. 
2026-05-11 06:48:06,338 - optuna.study.study - INFO - Trial 51 finished with value: 0.07028713148349111 and parameters: {'n_layers': 2, 'embedding_dim': 256, 'lr': 0.00015702499347486462, 'lambda_val': 1.2643882257477968e-06, 'batch_size': 570, 'optimizer': 'RMSprop'}. Best is trial 25 with value: 0.08858311597441294.
2026-05-11 06:48:47,638 - optuna.study.study - INFO - Trial 52 finished with value: 0.038084777752643253 and parameters: {'n_layers': 2, 'embedding_dim': 256, 'lr': 0.00032547319069419953, 'lambda_val': 1.1651680286004084e-06, 'batch_size': 623, 'optimizer': 'RMSprop'}. Best is trial 25 with value: 0.08858311597441294.
2026-05-11 06:49:29,478 - optuna.study.study - INFO - Trial 53 finished with value: 0.05636395572807855 and parameters: {'n_layers': 2, 'embedding_dim': 256, 'lr': 0.00012468648830400248, 'lambda_val': 4.858688844326609e-06, 'batch_size': 1108, 'optimizer': 'RMSprop'}. Best is trial 25 with value: 0.08858311597441294.
2026-05-11 06:50:11,003 - optuna.study.study - INFO - Trial 54 finished with value: 0.0934030755983107 and parameters: {'n_layers': 2, 'embedding_dim': 256, 'lr': 7.611249907796706e-05, 'lambda_val': 9.002554545974497e-06, 'batch_size': 929, 'optimizer': 'RMSprop'}. Best is trial 54 with value: 0.0934030755983107.
2026-05-11 06:50:16,024 - optuna.study._optimize - INFO - Trial 55 pruned. 
2026-05-11 06:50:49,799 - optuna.study.study - INFO - Trial 56 finished with value: 0.09176826123192791 and parameters: {'n_layers': 1, 'embedding_dim': 256, 'lr': 0.0001673604572262259, 'lambda_val': 1.8618101588987677e-06, 'batch_size': 1338, 'optimizer': 'RMSprop'}. Best is trial 54 with value: 0.0934030755983107.
2026-05-11 06:51:23,379 - optuna.study.study - INFO - Trial 57 finished with value: 0.12813174176502007 and parameters: {'n_layers': 1, 'embedding_dim': 256, 'lr': 0.00017529484977551473, 'lambda_val': 1.7071728717738818e-06, 'batch_size': 764, 'optimizer': 'RMSprop'}. Best is trial 57 with value: 0.12813174176502007.
2026-05-11 06:51:56,587 - optuna.study.study - INFO - Trial 58 finished with value: 0.07149406088380827 and parameters: {'n_layers': 1, 'embedding_dim': 256, 'lr': 0.0013919728634294848, 'lambda_val': 1.886717502637934e-06, 'batch_size': 549, 'optimizer': 'RMSprop'}. Best is trial 57 with value: 0.12813174176502007.
2026-05-11 06:52:24,973 - optuna.study.study - INFO - Trial 59 finished with value: 0.04000748128021697 and parameters: {'n_layers': 1, 'embedding_dim': 96, 'lr': 0.0016672830334222705, 'lambda_val': 1.8012915416381994e-06, 'batch_size': 1348, 'optimizer': 'RMSprop'}. Best is trial 57 with value: 0.12813174176502007.
2026-05-11 06:52:58,846 - optuna.study.study - INFO - Trial 60 finished with value: 0.0622191010453962 and parameters: {'n_layers': 1, 'embedding_dim': 256, 'lr': 0.001449487046837546, 'lambda_val': 2.3179332752435452e-06, 'batch_size': 795, 'optimizer': 'RMSprop'}. Best is trial 57 with value: 0.12813174176502007.
2026-05-11 06:53:32,392 - optuna.study.study - INFO - Trial 61 finished with value: 0.061478905654765804 and parameters: {'n_layers': 1, 'embedding_dim': 256, 'lr': 0.0026193282038827633, 'lambda_val': 1.4556012374614704e-06, 'batch_size': 532, 'optimizer': 'RMSprop'}. Best is trial 57 with value: 0.12813174176502007.
2026-05-11 06:54:02,719 - optuna.study.study - INFO - Trial 62 finished with value: 0.14110520347341055 and parameters: {'n_layers': 1, 'embedding_dim': 256, 'lr': 0.0001587395334087503, 'lambda_val': 1.0339603847621988e-06, 'batch_size': 649, 'optimizer': 'RMSprop'}. Best is trial 62 with value: 0.14110520347341055.
2026-05-11 06:54:36,327 - optuna.study.study - INFO - Trial 63 finished with value: 0.10769242121259574 and parameters: {'n_layers': 1, 'embedding_dim': 256, 'lr': 0.00023427000822983036, 'lambda_val': 1.0315703587394435e-06, 'batch_size': 671, 'optimizer': 'RMSprop'}. Best is trial 62 with value: 0.14110520347341055.
2026-05-11 06:55:09,776 - optuna.study.study - INFO - Trial 64 finished with value: 0.0995269365935296 and parameters: {'n_layers': 1, 'embedding_dim': 256, 'lr': 0.00022275208986293775, 'lambda_val': 1.0425685415096403e-06, 'batch_size': 832, 'optimizer': 'RMSprop'}. Best is trial 62 with value: 0.14110520347341055.
2026-05-11 06:55:43,251 - optuna.study.study - INFO - Trial 65 finished with value: 0.10247649855670883 and parameters: {'n_layers': 1, 'embedding_dim': 256, 'lr': 0.0002445082566142635, 'lambda_val': 2.8108022223351397e-06, 'batch_size': 692, 'optimizer': 'RMSprop'}. Best is trial 62 with value: 0.14110520347341055.
2026-05-11 06:56:17,249 - optuna.study.study - INFO - Trial 66 finished with value: 0.07135127273446148 and parameters: {'n_layers': 1, 'embedding_dim': 256, 'lr': 0.00042587967161148766, 'lambda_val': 1.0673778882316874e-06, 'batch_size': 693, 'optimizer': 'RMSprop'}. Best is trial 62 with value: 0.14110520347341055.
2026-05-11 06:56:45,512 - optuna.study.study - INFO - Trial 67 finished with value: 0.11947879718264937 and parameters: {'n_layers': 1, 'embedding_dim': 32, 'lr': 0.00024077082468795772, 'lambda_val': 2.271745145589319e-06, 'batch_size': 1158, 'optimizer': 'RMSprop'}. Best is trial 62 with value: 0.14110520347341055.
2026-05-11 06:57:12,681 - optuna.study.study - INFO - Trial 68 finished with value: 0.1284064588030385 and parameters: {'n_layers': 1, 'embedding_dim': 32, 'lr': 0.0002367381079290397, 'lambda_val': 2.982411270012404e-06, 'batch_size': 801, 'optimizer': 'RMSprop'}. Best is trial 62 with value: 0.14110520347341055.
2026-05-11 06:57:40,749 - optuna.study.study - INFO - Trial 69 finished with value: 0.12752361125387396 and parameters: {'n_layers': 1, 'embedding_dim': 32, 'lr': 0.0002563462817483365, 'lambda_val': 4.001008323167626e-06, 'batch_size': 800, 'optimizer': 'RMSprop'}. Best is trial 62 with value: 0.14110520347341055.
2026-05-11 06:58:09,337 - optuna.study.study - INFO - Trial 70 finished with value: 0.10526494749738664 and parameters: {'n_layers': 1, 'embedding_dim': 32, 'lr': 0.00026768566183040063, 'lambda_val': 3.730698208508612e-06, 'batch_size': 1138, 'optimizer': 'RMSprop'}. Best is trial 62 with value: 0.14110520347341055.
2026-05-11 06:58:37,844 - optuna.study.study - INFO - Trial 71 finished with value: 0.04764842410206179 and parameters: {'n_layers': 1, 'embedding_dim': 32, 'lr': 0.000648520658716035, 'lambda_val': 3.7878666104470945e-06, 'batch_size': 1150, 'optimizer': 'RMSprop'}. Best is trial 62 with value: 0.14110520347341055.
2026-05-11 06:59:05,494 - optuna.study.study - INFO - Trial 72 finished with value: 0.11319215197637379 and parameters: {'n_layers': 1, 'embedding_dim': 32, 'lr': 0.00032892824791833243, 'lambda_val': 2.4714578963212857e-06, 'batch_size': 693, 'optimizer': 'RMSprop'}. Best is trial 62 with value: 0.14110520347341055.
2026-05-11 06:59:32,216 - optuna.study.study - INFO - Trial 73 finished with value: 0.11421567737444965 and parameters: {'n_layers': 1, 'embedding_dim': 32, 'lr': 0.0003232278791019432, 'lambda_val': 6.340457541248672e-06, 'batch_size': 792, 'optimizer': 'RMSprop'}. Best is trial 62 with value: 0.14110520347341055.
2026-05-11 07:00:00,060 - optuna.study.study - INFO - Trial 74 finished with value: 0.08443816668119876 and parameters: {'n_layers': 1, 'embedding_dim': 32, 'lr': 0.00041105911310236663, 'lambda_val': 2.498899204610825e-06, 'batch_size': 798, 'optimizer': 'RMSprop'}. Best is trial 62 with value: 0.14110520347341055.
2026-05-11 07:00:28,067 - optuna.study.study - INFO - Trial 75 finished with value: 0.06636951826878641 and parameters: {'n_layers': 1, 'embedding_dim': 32, 'lr': 0.0006803091162487759, 'lambda_val': 5.662924543498255e-06, 'batch_size': 633, 'optimizer': 'RMSprop'}. Best is trial 62 with value: 0.14110520347341055.
2026-05-11 07:00:32,996 - optuna.study._optimize - INFO - Trial 76 pruned. 
2026-05-11 07:01:00,440 - optuna.study.study - INFO - Trial 77 finished with value: 0.08042543722630596 and parameters: {'n_layers': 1, 'embedding_dim': 32, 'lr': 0.0005259269596717911, 'lambda_val': 7.259049908673322e-06, 'batch_size': 627, 'optimizer': 'RMSprop'}. Best is trial 62 with value: 0.14110520347341055.
2026-05-11 07:01:04,755 - optuna.study._optimize - INFO - Trial 78 pruned. 
2026-05-11 07:01:27,914 - optuna.study.study - INFO - Trial 79 finished with value: 0.13194303048712525 and parameters: {'n_layers': 1, 'embedding_dim': 32, 'lr': 0.00029113382040589345, 'lambda_val': 4.465940576097088e-06, 'batch_size': 858, 'optimizer': 'RMSprop'}. Best is trial 62 with value: 0.14110520347341055.
2026-05-11 07:01:30,891 - optuna.study._optimize - INFO - Trial 80 pruned. 
2026-05-11 07:01:52,884 - optuna.study.study - INFO - Trial 81 finished with value: 0.08200221499504068 and parameters: {'n_layers': 1, 'embedding_dim': 32, 'lr': 0.000316843992908684, 'lambda_val': 4.299607220216148e-06, 'batch_size': 846, 'optimizer': 'RMSprop'}. Best is trial 62 with value: 0.14110520347341055.
2026-05-11 07:02:20,686 - optuna.study.study - INFO - Trial 82 finished with value: 0.04477701203792685 and parameters: {'n_layers': 1, 'embedding_dim': 32, 'lr': 0.001099458572754308, 'lambda_val': 1.48153944991597e-06, 'batch_size': 705, 'optimizer': 'RMSprop'}. Best is trial 62 with value: 0.14110520347341055.
2026-05-11 07:02:49,128 - optuna.study.study - INFO - Trial 83 finished with value: 0.07345875815322833 and parameters: {'n_layers': 1, 'embedding_dim': 32, 'lr': 0.0005154139715566933, 'lambda_val': 1.9146451588096154e-05, 'batch_size': 778, 'optimizer': 'RMSprop'}. Best is trial 62 with value: 0.14110520347341055.
2026-05-11 07:02:52,913 - optuna.study._optimize - INFO - Trial 84 pruned. 
2026-05-11 07:02:56,854 - optuna.study._optimize - INFO - Trial 85 pruned. 
2026-05-11 07:03:26,123 - optuna.study.study - INFO - Trial 86 finished with value: 0.07680062865036126 and parameters: {'n_layers': 1, 'embedding_dim': 32, 'lr': 0.0003817056376804636, 'lambda_val': 1.42425975138305e-06, 'batch_size': 1022, 'optimizer': 'RMSprop'}. Best is trial 62 with value: 0.14110520347341055.
2026-05-11 07:03:30,453 - optuna.study._optimize - INFO - Trial 87 pruned. 
2026-05-11 07:03:34,450 - optuna.study._optimize - INFO - Trial 88 pruned. 
2026-05-11 07:04:04,847 - optuna.study.study - INFO - Trial 89 finished with value: 0.07721477521714108 and parameters: {'n_layers': 1, 'embedding_dim': 128, 'lr': 0.00021924153893543196, 'lambda_val': 2.294699269993454e-06, 'batch_size': 1276, 'optimizer': 'RMSprop'}. Best is trial 62 with value: 0.14110520347341055.
2026-05-11 07:04:32,409 - optuna.study.study - INFO - Trial 90 finished with value: 0.09581566577303532 and parameters: {'n_layers': 1, 'embedding_dim': 32, 'lr': 0.00030742049701803863, 'lambda_val': 1.4322649082918998e-06, 'batch_size': 949, 'optimizer': 'RMSprop'}. Best is trial 62 with value: 0.14110520347341055.
2026-05-11 07:04:36,734 - optuna.study._optimize - INFO - Trial 91 pruned. 
2026-05-11 07:04:40,818 - optuna.study._optimize - INFO - Trial 92 pruned. 
2026-05-11 07:04:44,327 - optuna.study._optimize - INFO - Trial 93 pruned. 
2026-05-11 07:05:14,489 - optuna.study.study - INFO - Trial 94 finished with value: 0.049493372626987144 and parameters: {'n_layers': 1, 'embedding_dim': 64, 'lr': 0.00046366731390466264, 'lambda_val': 5.554883293879111e-06, 'batch_size': 3357, 'optimizer': 'RMSprop'}. Best is trial 62 with value: 0.14110520347341055.
2026-05-11 07:05:41,734 - optuna.study.study - INFO - Trial 95 finished with value: 0.1015833151252436 and parameters: {'n_layers': 1, 'embedding_dim': 32, 'lr': 0.00028336144480185647, 'lambda_val': 2.178910319331523e-06, 'batch_size': 1074, 'optimizer': 'RMSprop'}. Best is trial 62 with value: 0.14110520347341055.
2026-05-11 07:05:46,065 - optuna.study._optimize - INFO - Trial 96 pruned. 
2026-05-11 07:06:12,275 - optuna.study.study - INFO - Trial 97 finished with value: 0.043136127197868954 and parameters: {'n_layers': 1, 'embedding_dim': 32, 'lr': 0.0008689088717804435, 'lambda_val': 3.1879057183216097e-06, 'batch_size': 844, 'optimizer': 'RMSprop'}. Best is trial 62 with value: 0.14110520347341055.
2026-05-11 07:06:39,828 - optuna.study.study - INFO - Trial 98 finished with value: 0.041517394136516506 and parameters: {'n_layers': 1, 'embedding_dim': 32, 'lr': 0.0006218386695489409, 'lambda_val': 1.0223597320257941e-05, 'batch_size': 1446, 'optimizer': 'RMSprop'}. Best is trial 62 with value: 0.14110520347341055.
2026-05-11 07:07:08,941 - optuna.study.study - INFO - Trial 99 finished with value: 0.07588058916101613 and parameters: {'n_layers': 1, 'embedding_dim': 96, 'lr': 0.00038145161031329463, 'lambda_val': 1.7851061778499465e-06, 'batch_size': 736, 'optimizer': 'RMSprop'}. Best is trial 62 with value: 0.14110520347341055.
2026-05-11 07:07:12,781 - optuna.study._optimize - INFO - Trial 100 pruned. 
2026-05-11 07:07:40,702 - optuna.study.study - INFO - Trial 101 finished with value: 0.12195794007386207 and parameters: {'n_layers': 1, 'embedding_dim': 64, 'lr': 0.0002486110573569767, 'lambda_val': 2.8379412508680723e-06, 'batch_size': 686, 'optimizer': 'RMSprop'}. Best is trial 62 with value: 0.14110520347341055.
2026-05-11 07:07:44,353 - optuna.study._optimize - INFO - Trial 102 pruned. 
2026-05-11 07:07:48,222 - optuna.study._optimize - INFO - Trial 103 pruned. 
2026-05-11 07:07:52,272 - optuna.study._optimize - INFO - Trial 104 pruned. 
2026-05-11 07:08:21,355 - optuna.study.study - INFO - Trial 105 finished with value: 0.08561837000443584 and parameters: {'n_layers': 1, 'embedding_dim': 64, 'lr': 0.0002609524607473815, 'lambda_val': 1.0118930151280792e-06, 'batch_size': 1061, 'optimizer': 'RMSprop'}. Best is trial 62 with value: 0.14110520347341055.
2026-05-11 07:08:49,294 - optuna.study.study - INFO - Trial 106 finished with value: 0.10455014046864264 and parameters: {'n_layers': 1, 'embedding_dim': 64, 'lr': 0.00033360232491402126, 'lambda_val': 6.088809152182378e-06, 'batch_size': 589, 'optimizer': 'RMSprop'}. Best is trial 62 with value: 0.14110520347341055.
2026-05-11 07:08:53,162 - optuna.study._optimize - INFO - Trial 107 pruned. 
2026-05-11 07:08:57,155 - optuna.study._optimize - INFO - Trial 108 pruned. 
2026-05-11 07:09:25,356 - optuna.study.study - INFO - Trial 109 finished with value: 0.0668310097475078 and parameters: {'n_layers': 1, 'embedding_dim': 32, 'lr': 0.0004730973722652067, 'lambda_val': 3.932217952480411e-06, 'batch_size': 676, 'optimizer': 'RMSprop'}. Best is trial 62 with value: 0.14110520347341055.
2026-05-11 07:09:52,568 - optuna.study.study - INFO - Trial 110 finished with value: 0.08185713951441419 and parameters: {'n_layers': 1, 'embedding_dim': 64, 'lr': 0.0002558203439553768, 'lambda_val': 2.4473961740640386e-06, 'batch_size': 1287, 'optimizer': 'RMSprop'}. Best is trial 62 with value: 0.14110520347341055.
2026-05-11 07:10:20,662 - optuna.study.study - INFO - Trial 111 finished with value: 0.09725684639278134 and parameters: {'n_layers': 1, 'embedding_dim': 64, 'lr': 0.0003496053451243879, 'lambda_val': 5.8297377190005645e-06, 'batch_size': 601, 'optimizer': 'RMSprop'}. Best is trial 62 with value: 0.14110520347341055.
2026-05-11 07:10:48,242 - optuna.study.study - INFO - Trial 112 finished with value: 0.11559887471002867 and parameters: {'n_layers': 1, 'embedding_dim': 64, 'lr': 0.00032234908037512673, 'lambda_val': 7.90226399370188e-06, 'batch_size': 576, 'optimizer': 'RMSprop'}. Best is trial 62 with value: 0.14110520347341055.
2026-05-11 07:10:52,098 - optuna.study._optimize - INFO - Trial 113 pruned. 
2026-05-11 07:10:56,077 - optuna.study._optimize - INFO - Trial 114 pruned. 
2026-05-11 07:11:24,683 - optuna.study.study - INFO - Trial 115 finished with value: 0.0906716249772632 and parameters: {'n_layers': 1, 'embedding_dim': 96, 'lr': 0.00029106099449844344, 'lambda_val': 1.60278547909203e-05, 'batch_size': 745, 'optimizer': 'RMSprop'}. Best is trial 62 with value: 0.14110520347341055.
2026-05-11 07:11:31,611 - optuna.study._optimize - INFO - Trial 116 pruned. 
2026-05-11 07:11:35,454 - optuna.study._optimize - INFO - Trial 117 pruned. 
2026-05-11 07:12:04,582 - optuna.study.study - INFO - Trial 118 finished with value: 0.06236239243893791 and parameters: {'n_layers': 1, 'embedding_dim': 64, 'lr': 0.0004452909702059121, 'lambda_val': 1.840956760812546e-06, 'batch_size': 823, 'optimizer': 'RMSprop'}. Best is trial 62 with value: 0.14110520347341055.
2026-05-11 07:12:08,616 - optuna.study._optimize - INFO - Trial 119 pruned. 
2026-05-11 07:12:12,689 - optuna.study._optimize - INFO - Trial 120 pruned. 
2026-05-11 07:12:41,051 - optuna.study.study - INFO - Trial 121 finished with value: 0.11505364857481182 and parameters: {'n_layers': 1, 'embedding_dim': 64, 'lr': 0.0003206954603977808, 'lambda_val': 4.51136149538621e-06, 'batch_size': 587, 'optimizer': 'RMSprop'}. Best is trial 62 with value: 0.14110520347341055.
2026-05-11 07:13:08,715 - optuna.study.study - INFO - Trial 122 finished with value: 0.08885720561390623 and parameters: {'n_layers': 1, 'embedding_dim': 64, 'lr': 0.0003961547191401596, 'lambda_val': 3.858027102180477e-06, 'batch_size': 591, 'optimizer': 'RMSprop'}. Best is trial 62 with value: 0.14110520347341055.
2026-05-11 07:13:33,635 - optuna.study.study - INFO - Trial 123 finished with value: 0.03099625330788051 and parameters: {'n_layers': 1, 'embedding_dim': 64, 'lr': 0.00022925453719521358, 'lambda_val': 0.02497536247459273, 'batch_size': 735, 'optimizer': 'RMSprop'}. Best is trial 62 with value: 0.14110520347341055.
2026-05-11 07:13:57,245 - optuna.study.study - INFO - Trial 124 finished with value: 0.1116169647443772 and parameters: {'n_layers': 1, 'embedding_dim': 64, 'lr': 0.0002860408479581489, 'lambda_val': 1.5648030745423094e-06, 'batch_size': 668, 'optimizer': 'RMSprop'}. Best is trial 62 with value: 0.14110520347341055.
2026-05-11 07:14:22,751 - optuna.study.study - INFO - Trial 125 finished with value: 0.1068800614373974 and parameters: {'n_layers': 1, 'embedding_dim': 64, 'lr': 0.0003252959227835954, 'lambda_val': 1.0005424001497133e-06, 'batch_size': 665, 'optimizer': 'RMSprop'}. Best is trial 62 with value: 0.14110520347341055.
2026-05-11 07:14:26,380 - optuna.study._optimize - INFO - Trial 126 pruned. 
2026-05-11 07:14:53,928 - optuna.study.study - INFO - Trial 127 finished with value: 0.06775921872958114 and parameters: {'n_layers': 1, 'embedding_dim': 64, 'lr': 0.0005151637690218563, 'lambda_val': 2.1237355483455097e-06, 'batch_size': 581, 'optimizer': 'RMSprop'}. Best is trial 62 with value: 0.14110520347341055.
2026-05-11 07:14:57,502 - optuna.study._optimize - INFO - Trial 128 pruned. 
2026-05-11 07:15:25,763 - optuna.study.study - INFO - Trial 129 finished with value: 0.09596056649579504 and parameters: {'n_layers': 1, 'embedding_dim': 64, 'lr': 0.000287485274752498, 'lambda_val': 2.522520420776017e-06, 'batch_size': 889, 'optimizer': 'RMSprop'}. Best is trial 62 with value: 0.14110520347341055.
2026-05-11 07:15:53,754 - optuna.study.study - INFO - Trial 130 finished with value: 0.09074730527603213 and parameters: {'n_layers': 1, 'embedding_dim': 64, 'lr': 0.0003465171003621238, 'lambda_val': 1.0031055976261313e-05, 'batch_size': 674, 'optimizer': 'RMSprop'}. Best is trial 62 with value: 0.14110520347341055.
2026-05-11 07:16:22,004 - optuna.study.study - INFO - Trial 131 finished with value: 0.09741603102201478 and parameters: {'n_layers': 1, 'embedding_dim': 64, 'lr': 0.0003240428850828955, 'lambda_val': 1.0399297988766409e-06, 'batch_size': 651, 'optimizer': 'RMSprop'}. Best is trial 62 with value: 0.14110520347341055.
2026-05-11 07:16:53,401 - optuna.study.study - INFO - Trial 132 finished with value: 0.06888352075226029 and parameters: {'n_layers': 1, 'embedding_dim': 64, 'lr': 0.00041640795533540956, 'lambda_val': 1.7081438488253432e-06, 'batch_size': 802, 'optimizer': 'RMSprop'}. Best is trial 62 with value: 0.14110520347341055.
2026-05-11 07:16:57,417 - optuna.study._optimize - INFO - Trial 133 pruned. 
2026-05-11 07:17:01,512 - optuna.study._optimize - INFO - Trial 134 pruned. 
2026-05-11 07:17:29,167 - optuna.study.study - INFO - Trial 135 finished with value: 0.10493784439086158 and parameters: {'n_layers': 1, 'embedding_dim': 64, 'lr': 0.0003005653066367408, 'lambda_val': 3.0136788124008412e-06, 'batch_size': 833, 'optimizer': 'RMSprop'}. Best is trial 62 with value: 0.14110520347341055.
2026-05-11 07:18:08,207 - optuna.study.study - INFO - Trial 136 finished with value: 0.07078405093126075 and parameters: {'n_layers': 1, 'embedding_dim': 256, 'lr': 0.00099986893407639, 'lambda_val': 1.0299557152721778e-06, 'batch_size': 701, 'optimizer': 'RMSprop'}. Best is trial 62 with value: 0.14110520347341055.
2026-05-11 07:18:17,798 - optuna.study._optimize - INFO - Trial 137 pruned. 
2026-05-11 07:18:45,360 - optuna.study.study - INFO - Trial 138 finished with value: 0.06458074442718258 and parameters: {'n_layers': 1, 'embedding_dim': 64, 'lr': 0.000573821611118602, 'lambda_val': 1.6811654944017165e-06, 'batch_size': 592, 'optimizer': 'RMSprop'}. Best is trial 62 with value: 0.14110520347341055.
2026-05-11 07:19:14,824 - optuna.study.study - INFO - Trial 139 finished with value: 0.1028775984118312 and parameters: {'n_layers': 1, 'embedding_dim': 32, 'lr': 0.000385907514824774, 'lambda_val': 6.413649734111879e-06, 'batch_size': 757, 'optimizer': 'RMSprop'}. Best is trial 62 with value: 0.14110520347341055.
2026-05-11 07:19:18,918 - optuna.study._optimize - INFO - Trial 140 pruned. 
2026-05-11 07:19:22,929 - optuna.study._optimize - INFO - Trial 141 pruned. 
2026-05-11 07:19:27,550 - optuna.study._optimize - INFO - Trial 142 pruned. 
2026-05-11 07:19:31,617 - optuna.study._optimize - INFO - Trial 143 pruned. 
2026-05-11 07:19:59,353 - optuna.study.study - INFO - Trial 144 finished with value: 0.117477768329944 and parameters: {'n_layers': 1, 'embedding_dim': 32, 'lr': 0.0003304744496575551, 'lambda_val': 1.3445107390858185e-06, 'batch_size': 526, 'optimizer': 'RMSprop'}. Best is trial 62 with value: 0.14110520347341055.
2026-05-11 07:20:39,057 - optuna.study.study - INFO - Trial 145 finished with value: 0.08075492778840027 and parameters: {'n_layers': 1, 'embedding_dim': 256, 'lr': 0.0003678797712107715, 'lambda_val': 1.2700164090178604e-06, 'batch_size': 569, 'optimizer': 'RMSprop'}. Best is trial 62 with value: 0.14110520347341055.
2026-05-11 07:21:07,143 - optuna.study.study - INFO - Trial 146 finished with value: 0.04268502862047381 and parameters: {'n_layers': 1, 'embedding_dim': 32, 'lr': 0.0004910128455124568, 'lambda_val': 1.6614862325560067e-06, 'batch_size': 2522, 'optimizer': 'RMSprop'}. Best is trial 62 with value: 0.14110520347341055.
2026-05-11 07:21:36,867 - optuna.study.study - INFO - Trial 147 finished with value: 0.10528172443735982 and parameters: {'n_layers': 1, 'embedding_dim': 128, 'lr': 0.00032662644257926187, 'lambda_val': 1.0268191726824495e-06, 'batch_size': 515, 'optimizer': 'RMSprop'}. Best is trial 62 with value: 0.14110520347341055.
2026-05-11 07:21:40,938 - optuna.study._optimize - INFO - Trial 148 pruned. 
2026-05-11 07:21:45,011 - optuna.study._optimize - INFO - Trial 149 pruned. 
2026-05-11 07:22:19,382 - optuna.study.study - INFO - Trial 150 finished with value: 0.07866183908396754 and parameters: {'n_layers': 1, 'embedding_dim': 256, 'lr': 0.0004231591475426053, 'lambda_val': 1.983299595815709e-06, 'batch_size': 623, 'optimizer': 'Adam'}. Best is trial 62 with value: 0.14110520347341055.
2026-05-11 07:22:52,143 - optuna.study.study - INFO - Trial 151 finished with value: 0.10288200009395541 and parameters: {'n_layers': 1, 'embedding_dim': 128, 'lr': 0.0003146126864156909, 'lambda_val': 1.2198015886068902e-06, 'batch_size': 513, 'optimizer': 'RMSprop'}. Best is trial 62 with value: 0.14110520347341055.
2026-05-11 07:23:21,654 - optuna.study.study - INFO - Trial 152 finished with value: 0.10201705501417553 and parameters: {'n_layers': 1, 'embedding_dim': 128, 'lr': 0.00029901121121384054, 'lambda_val': 1.0132599936019862e-06, 'batch_size': 580, 'optimizer': 'RMSprop'}. Best is trial 62 with value: 0.14110520347341055.
2026-05-11 07:23:26,538 - optuna.study._optimize - INFO - Trial 153 pruned. 
2026-05-11 07:23:56,470 - optuna.study.study - INFO - Trial 154 finished with value: 0.09895610220785814 and parameters: {'n_layers': 1, 'embedding_dim': 128, 'lr': 0.00034832450828269876, 'lambda_val': 1.0098608265617898e-06, 'batch_size': 518, 'optimizer': 'RMSprop'}. Best is trial 62 with value: 0.14110520347341055.
2026-05-11 07:24:00,467 - optuna.study._optimize - INFO - Trial 155 pruned. 
2026-05-11 07:24:04,467 - optuna.study._optimize - INFO - Trial 156 pruned. 
2026-05-11 07:24:35,104 - optuna.study.study - INFO - Trial 157 finished with value: 0.060736871619571836 and parameters: {'n_layers': 1, 'embedding_dim': 32, 'lr': 0.0006746690338034699, 'lambda_val': 5.008657287001205e-06, 'batch_size': 602, 'optimizer': 'RMSprop'}. Best is trial 62 with value: 0.14110520347341055.
2026-05-11 07:24:39,209 - optuna.study._optimize - INFO - Trial 158 pruned. 
2026-05-11 07:25:21,426 - optuna.study.study - INFO - Trial 159 finished with value: 0.06692601436932233 and parameters: {'n_layers': 1, 'embedding_dim': 256, 'lr': 0.00044141757174280695, 'lambda_val': 2.5603232566111986e-06, 'batch_size': 725, 'optimizer': 'RMSprop'}. Best is trial 62 with value: 0.14110520347341055.
2026-05-11 07:25:25,557 - optuna.study._optimize - INFO - Trial 160 pruned. 
2026-05-11 07:25:29,334 - optuna.study._optimize - INFO - Trial 161 pruned. 
2026-05-11 07:25:33,339 - optuna.study._optimize - INFO - Trial 162 pruned. 
2026-05-11 07:25:37,676 - optuna.study._optimize - INFO - Trial 163 pruned. 
2026-05-11 07:25:42,212 - optuna.study._optimize - INFO - Trial 164 pruned. 
2026-05-11 07:25:49,282 - optuna.study._optimize - INFO - Trial 165 pruned. 
2026-05-11 07:25:53,689 - optuna.study._optimize - INFO - Trial 166 pruned. 
2026-05-11 07:26:27,923 - optuna.study.study - INFO - Trial 167 finished with value: 0.07865820103599912 and parameters: {'n_layers': 1, 'embedding_dim': 256, 'lr': 0.00024075041115424945, 'lambda_val': 1.251852102158645e-06, 'batch_size': 1125, 'optimizer': 'RMSprop'}. Best is trial 62 with value: 0.14110520347341055.
2026-05-11 07:26:34,348 - optuna.study._optimize - INFO - Trial 168 pruned. 
2026-05-11 07:26:38,097 - optuna.study._optimize - INFO - Trial 169 pruned. 
2026-05-11 07:27:14,159 - optuna.study.study - INFO - Trial 170 finished with value: 0.0705798828977867 and parameters: {'n_layers': 1, 'embedding_dim': 64, 'lr': 0.0003124093906192827, 'lambda_val': 0.0026293175486766652, 'batch_size': 779, 'optimizer': 'RMSprop'}. Best is trial 62 with value: 0.14110520347341055.
2026-05-11 07:27:50,228 - optuna.study.study - INFO - Trial 171 finished with value: 0.08928582059568801 and parameters: {'n_layers': 1, 'embedding_dim': 64, 'lr': 0.00030303227273755954, 'lambda_val': 3.1418530085658436e-06, 'batch_size': 838, 'optimizer': 'RMSprop'}. Best is trial 62 with value: 0.14110520347341055.
2026-05-11 07:27:54,409 - optuna.study._optimize - INFO - Trial 172 pruned. 
2026-05-11 07:28:22,643 - optuna.study.study - INFO - Trial 173 finished with value: 0.06607772266640465 and parameters: {'n_layers': 1, 'embedding_dim': 64, 'lr': 0.00036210242652229025, 'lambda_val': 6.543991156225386e-06, 'batch_size': 971, 'optimizer': 'RMSprop'}. Best is trial 62 with value: 0.14110520347341055.
2026-05-11 07:28:26,558 - optuna.study._optimize - INFO - Trial 174 pruned. 
2026-05-11 07:28:30,253 - optuna.study._optimize - INFO - Trial 175 pruned. 
2026-05-11 07:28:34,092 - optuna.study._optimize - INFO - Trial 176 pruned. 
2026-05-11 07:28:37,998 - optuna.study._optimize - INFO - Trial 177 pruned. 
2026-05-11 07:29:11,268 - optuna.study.study - INFO - Trial 178 finished with value: 0.07453125123477902 and parameters: {'n_layers': 1, 'embedding_dim': 256, 'lr': 0.0004383403320316836, 'lambda_val': 2.0034988584322158e-06, 'batch_size': 687, 'optimizer': 'RMSprop'}. Best is trial 62 with value: 0.14110520347341055.
2026-05-11 07:29:16,265 - optuna.study._optimize - INFO - Trial 179 pruned. 
2026-05-11 07:29:22,525 - optuna.study._optimize - INFO - Trial 180 pruned. 
2026-05-11 07:29:49,144 - optuna.study.study - INFO - Trial 181 finished with value: 0.11153978416953275 and parameters: {'n_layers': 1, 'embedding_dim': 64, 'lr': 0.00032698281560792416, 'lambda_val': 6.679260461803977e-06, 'batch_size': 613, 'optimizer': 'RMSprop'}. Best is trial 62 with value: 0.14110520347341055.
2026-05-11 07:30:16,808 - optuna.study.study - INFO - Trial 182 finished with value: 0.09478399714148131 and parameters: {'n_layers': 1, 'embedding_dim': 64, 'lr': 0.00039111011895312753, 'lambda_val': 8.496279445149715e-06, 'batch_size': 640, 'optimizer': 'RMSprop'}. Best is trial 62 with value: 0.14110520347341055.
2026-05-11 07:30:20,446 - optuna.study._optimize - INFO - Trial 183 pruned. 
2026-05-11 07:30:24,418 - optuna.study._optimize - INFO - Trial 184 pruned. 
2026-05-11 07:30:53,726 - optuna.study.study - INFO - Trial 185 finished with value: 0.08161343174801448 and parameters: {'n_layers': 1, 'embedding_dim': 128, 'lr': 0.0003269688780942852, 'lambda_val': 0.0004755326178363971, 'batch_size': 520, 'optimizer': 'RMSprop'}. Best is trial 62 with value: 0.14110520347341055.
2026-05-11 07:31:23,591 - optuna.study.study - INFO - Trial 186 finished with value: 0.13476542127706465 and parameters: {'n_layers': 1, 'embedding_dim': 64, 'lr': 0.0002546699580898574, 'lambda_val': 1.1915540366136907e-05, 'batch_size': 606, 'optimizer': 'RMSprop'}. Best is trial 62 with value: 0.14110520347341055.
2026-05-11 07:31:27,241 - optuna.study._optimize - INFO - Trial 187 pruned. 
2026-05-11 07:32:00,751 - optuna.study.study - INFO - Trial 188 finished with value: 0.10308207274849551 and parameters: {'n_layers': 1, 'embedding_dim': 256, 'lr': 0.0002470082008641896, 'lambda_val': 9.195242358081996e-06, 'batch_size': 677, 'optimizer': 'RMSprop'}. Best is trial 62 with value: 0.14110520347341055.
2026-05-11 07:32:04,330 - optuna.study._optimize - INFO - Trial 189 pruned. 
2026-05-11 07:32:08,323 - optuna.study._optimize - INFO - Trial 190 pruned. 
2026-05-11 07:32:36,204 - optuna.study.study - INFO - Trial 191 finished with value: 0.10041503311953205 and parameters: {'n_layers': 1, 'embedding_dim': 64, 'lr': 0.00028888227465415013, 'lambda_val': 1.0052541311334326e-06, 'batch_size': 760, 'optimizer': 'RMSprop'}. Best is trial 62 with value: 0.14110520347341055.
2026-05-11 07:33:07,429 - optuna.study.study - INFO - Trial 192 finished with value: 0.08577583684652003 and parameters: {'n_layers': 1, 'embedding_dim': 64, 'lr': 0.00036703013725460814, 'lambda_val': 6.650409421308676e-06, 'batch_size': 705, 'optimizer': 'RMSprop'}. Best is trial 62 with value: 0.14110520347341055.
2026-05-11 07:33:11,398 - optuna.study._optimize - INFO - Trial 193 pruned. 
2026-05-11 07:33:40,663 - optuna.study.study - INFO - Trial 194 finished with value: 0.07868847215835194 and parameters: {'n_layers': 1, 'embedding_dim': 64, 'lr': 0.00041747504005958303, 'lambda_val': 1.3056427461756036e-06, 'batch_size': 652, 'optimizer': 'RMSprop'}. Best is trial 62 with value: 0.14110520347341055.
2026-05-11 07:33:44,550 - optuna.study._optimize - INFO - Trial 195 pruned. 
2026-05-11 07:33:48,741 - optuna.study._optimize - INFO - Trial 196 pruned. 
2026-05-11 07:33:54,784 - optuna.study._optimize - INFO - Trial 197 pruned. 
2026-05-11 07:33:59,144 - optuna.study._optimize - INFO - Trial 198 pruned. 
2026-05-11 07:34:04,046 - optuna.study._optimize - INFO - Trial 199 pruned. 
2026-05-11 07:34:30,624 - root - INFO -   **** Training e_100K_1c2dcs_rand4
2026-05-11 07:34:30,634 - root - INFO -   **** Getting 54402/65410 random edges
2026-05-11 07:34:30,738 - optuna.storages._rdb.storage - INFO - A new study created in RDB with name: Study_e_100K_1c2dcs_rand4
2026-05-11 07:35:24,830 - optuna.study.study - INFO - Trial 0 finished with value: 0.0015977185063846 and parameters: {'n_layers': 1, 'embedding_dim': 256, 'lr': 0.0022013770527296674, 'lambda_val': 0.025799211622414744, 'batch_size': 2892, 'optimizer': 'SGD'}. Best is trial 0 with value: 0.0015977185063846.
2026-05-11 07:36:15,784 - optuna.study.study - INFO - Trial 1 finished with value: 0.015935747211172212 and parameters: {'n_layers': 4, 'embedding_dim': 64, 'lr': 0.004512027772012861, 'lambda_val': 6.032683769562059e-06, 'batch_size': 2920, 'optimizer': 'Adam'}. Best is trial 1 with value: 0.015935747211172212.
2026-05-11 07:36:54,128 - optuna.study.study - INFO - Trial 2 finished with value: 0.0016371228394180405 and parameters: {'n_layers': 1, 'embedding_dim': 256, 'lr': 0.012630539244448995, 'lambda_val': 4.4422665139549005e-05, 'batch_size': 2231, 'optimizer': 'SGD'}. Best is trial 1 with value: 0.015935747211172212.
2026-05-11 07:37:30,412 - optuna.study.study - INFO - Trial 3 finished with value: 0.0586540583776019 and parameters: {'n_layers': 2, 'embedding_dim': 128, 'lr': 3.793199786397813e-05, 'lambda_val': 0.0002720283508471891, 'batch_size': 3641, 'optimizer': 'RMSprop'}. Best is trial 3 with value: 0.0586540583776019.
2026-05-11 07:38:04,073 - optuna.study.study - INFO - Trial 4 finished with value: 0.061802589086416504 and parameters: {'n_layers': 3, 'embedding_dim': 64, 'lr': 3.900101754649852e-05, 'lambda_val': 1.5450297775480038e-06, 'batch_size': 783, 'optimizer': 'RMSprop'}. Best is trial 4 with value: 0.061802589086416504.
2026-05-11 07:38:39,064 - optuna.study.study - INFO - Trial 5 finished with value: 0.02002670650114299 and parameters: {'n_layers': 1, 'embedding_dim': 256, 'lr': 0.07434229670457743, 'lambda_val': 1.1854533732493564e-05, 'batch_size': 2246, 'optimizer': 'Adam'}. Best is trial 4 with value: 0.061802589086416504.
2026-05-11 07:38:44,129 - optuna.study._optimize - INFO - Trial 6 pruned. 
2026-05-11 07:39:11,822 - optuna.study.study - INFO - Trial 7 finished with value: 0.04685842622277569 and parameters: {'n_layers': 1, 'embedding_dim': 32, 'lr': 0.0005879528136948614, 'lambda_val': 5.960552002385552e-05, 'batch_size': 1620, 'optimizer': 'Adam'}. Best is trial 4 with value: 0.061802589086416504.
2026-05-11 07:39:16,037 - optuna.study._optimize - INFO - Trial 8 pruned. 
2026-05-11 07:39:23,426 - optuna.study._optimize - INFO - Trial 9 pruned. 
2026-05-11 07:40:11,102 - optuna.study.study - INFO - Trial 10 finished with value: 0.012831112782205101 and parameters: {'n_layers': 4, 'embedding_dim': 96, 'lr': 0.0002661818393518906, 'lambda_val': 2.136598291734199e-06, 'batch_size': 604, 'optimizer': 'RMSprop'}. Best is trial 4 with value: 0.061802589086416504.
2026-05-11 07:40:15,940 - optuna.study._optimize - INFO - Trial 11 pruned. 
2026-05-11 07:40:21,130 - optuna.study._optimize - INFO - Trial 12 pruned. 
2026-05-11 07:40:57,845 - optuna.study.study - INFO - Trial 13 finished with value: 0.02643254653953275 and parameters: {'n_layers': 2, 'embedding_dim': 128, 'lr': 0.00011062825711835701, 'lambda_val': 0.00017108832611801824, 'batch_size': 3441, 'optimizer': 'RMSprop'}. Best is trial 4 with value: 0.061802589086416504.
2026-05-11 07:41:02,365 - optuna.study._optimize - INFO - Trial 14 pruned. 
2026-05-11 07:41:36,365 - optuna.study.study - INFO - Trial 15 finished with value: 0.02507134941735282 and parameters: {'n_layers': 2, 'embedding_dim': 64, 'lr': 0.00011625028773927122, 'lambda_val': 0.0010516068293298752, 'batch_size': 3477, 'optimizer': 'RMSprop'}. Best is trial 4 with value: 0.061802589086416504.
2026-05-11 07:42:14,880 - optuna.study.study - INFO - Trial 16 finished with value: 0.0562169040875631 and parameters: {'n_layers': 3, 'embedding_dim': 128, 'lr': 5.270000364531131e-05, 'lambda_val': 0.0036009546254289577, 'batch_size': 1820, 'optimizer': 'RMSprop'}. Best is trial 4 with value: 0.061802589086416504.
2026-05-11 07:42:48,635 - optuna.study.study - INFO - Trial 17 finished with value: 0.020423069227443025 and parameters: {'n_layers': 2, 'embedding_dim': 64, 'lr': 0.00043854223073694793, 'lambda_val': 1.2973710092085368e-06, 'batch_size': 1153, 'optimizer': 'RMSprop'}. Best is trial 4 with value: 0.061802589086416504.
2026-05-11 07:42:53,854 - optuna.study._optimize - INFO - Trial 18 pruned. 
2026-05-11 07:43:25,426 - optuna.study.study - INFO - Trial 19 finished with value: 0.012701514749362033 and parameters: {'n_layers': 3, 'embedding_dim': 32, 'lr': 0.0013392930310896468, 'lambda_val': 7.632848510718076e-06, 'batch_size': 1941, 'optimizer': 'Adam'}. Best is trial 4 with value: 0.061802589086416504.
2026-05-11 07:43:30,005 - optuna.study._optimize - INFO - Trial 20 pruned. 
2026-05-11 07:44:09,152 - optuna.study.study - INFO - Trial 21 finished with value: 0.025755141485994136 and parameters: {'n_layers': 3, 'embedding_dim': 128, 'lr': 7.686553060309792e-05, 'lambda_val': 0.002447219941796623, 'batch_size': 1799, 'optimizer': 'RMSprop'}. Best is trial 4 with value: 0.061802589086416504.
2026-05-11 07:44:14,378 - optuna.study._optimize - INFO - Trial 22 pruned. 
2026-05-11 07:44:19,362 - optuna.study._optimize - INFO - Trial 23 pruned. 
2026-05-11 07:44:25,034 - optuna.study._optimize - INFO - Trial 24 pruned. 
2026-05-11 07:44:29,822 - optuna.study._optimize - INFO - Trial 25 pruned. 
2026-05-11 07:44:35,123 - optuna.study._optimize - INFO - Trial 26 pruned. 
2026-05-11 07:44:39,603 - optuna.study._optimize - INFO - Trial 27 pruned. 
2026-05-11 07:44:44,470 - optuna.study._optimize - INFO - Trial 28 pruned. 
2026-05-11 07:44:51,427 - optuna.study._optimize - INFO - Trial 29 pruned. 
2026-05-11 07:44:55,654 - optuna.study._optimize - INFO - Trial 30 pruned. 
2026-05-11 07:45:43,677 - optuna.study.study - INFO - Trial 31 finished with value: 0.042413775380929004 and parameters: {'n_layers': 1, 'embedding_dim': 32, 'lr': 0.0007515236808935658, 'lambda_val': 9.588799591504471e-05, 'batch_size': 1665, 'optimizer': 'Adam'}. Best is trial 4 with value: 0.061802589086416504.
2026-05-11 07:45:56,027 - optuna.study._optimize - INFO - Trial 32 pruned. 
2026-05-11 07:46:00,942 - optuna.study._optimize - INFO - Trial 33 pruned. 
2026-05-11 07:46:35,655 - optuna.study.study - INFO - Trial 34 finished with value: 0.12399763130383332 and parameters: {'n_layers': 1, 'embedding_dim': 256, 'lr': 0.00018813053570559293, 'lambda_val': 1.9103207341345827e-05, 'batch_size': 791, 'optimizer': 'Adam'}. Best is trial 34 with value: 0.12399763130383332.
2026-05-11 07:47:17,859 - optuna.study.study - INFO - Trial 35 finished with value: 0.054876191771530185 and parameters: {'n_layers': 2, 'embedding_dim': 256, 'lr': 0.0001897621013074005, 'lambda_val': 2.0103619833673527e-05, 'batch_size': 716, 'optimizer': 'Adam'}. Best is trial 34 with value: 0.12399763130383332.
2026-05-11 07:47:22,149 - optuna.study._optimize - INFO - Trial 36 pruned. 
2026-05-11 07:47:28,147 - optuna.study._optimize - INFO - Trial 37 pruned. 
2026-05-11 07:47:32,541 - optuna.study._optimize - INFO - Trial 38 pruned. 
2026-05-11 07:47:38,519 - optuna.study._optimize - INFO - Trial 39 pruned. 
2026-05-11 07:48:18,026 - optuna.study.study - INFO - Trial 40 finished with value: 0.02815444153283136 and parameters: {'n_layers': 4, 'embedding_dim': 64, 'lr': 0.00015958414569893935, 'lambda_val': 1.0902013118125203e-06, 'batch_size': 701, 'optimizer': 'RMSprop'}. Best is trial 34 with value: 0.12399763130383332.
2026-05-11 07:50:15,206 - optuna.study.study - INFO - Trial 41 finished with value: 0.03901825225459322 and parameters: {'n_layers': 2, 'embedding_dim': 256, 'lr': 0.0002813763570364752, 'lambda_val': 1.7492100201685658e-05, 'batch_size': 668, 'optimizer': 'Adam'}. Best is trial 34 with value: 0.12399763130383332.
2026-05-11 07:51:03,032 - optuna.study.study - INFO - Trial 42 finished with value: 0.05540478050522525 and parameters: {'n_layers': 2, 'embedding_dim': 256, 'lr': 0.000176464704181295, 'lambda_val': 2.8007021338936627e-06, 'batch_size': 785, 'optimizer': 'Adam'}. Best is trial 34 with value: 0.12399763130383332.
2026-05-11 07:51:08,827 - optuna.study._optimize - INFO - Trial 43 pruned. 
2026-05-11 07:51:13,143 - optuna.study._optimize - INFO - Trial 44 pruned. 
2026-05-11 07:51:17,446 - optuna.study._optimize - INFO - Trial 45 pruned. 
2026-05-11 07:51:55,968 - optuna.study.study - INFO - Trial 46 finished with value: 0.029827539620206747 and parameters: {'n_layers': 3, 'embedding_dim': 128, 'lr': 0.00032901092890373927, 'lambda_val': 2.2057748994175045e-06, 'batch_size': 832, 'optimizer': 'RMSprop'}. Best is trial 34 with value: 0.12399763130383332.
2026-05-11 07:52:29,314 - optuna.study.study - INFO - Trial 47 finished with value: 0.04184323970572453 and parameters: {'n_layers': 1, 'embedding_dim': 64, 'lr': 0.0014600720204063762, 'lambda_val': 6.17570212546119e-06, 'batch_size': 4063, 'optimizer': 'RMSprop'}. Best is trial 34 with value: 0.12399763130383332.
2026-05-11 07:52:34,523 - optuna.study._optimize - INFO - Trial 48 pruned. 
2026-05-11 07:53:21,882 - optuna.study.study - INFO - Trial 49 finished with value: 0.030531189151292156 and parameters: {'n_layers': 2, 'embedding_dim': 256, 'lr': 0.00014009971802851875, 'lambda_val': 0.00013211261238800056, 'batch_size': 3817, 'optimizer': 'RMSprop'}. Best is trial 34 with value: 0.12399763130383332.
2026-05-11 07:53:25,870 - optuna.study._optimize - INFO - Trial 50 pruned. 
2026-05-11 07:54:12,516 - optuna.study.study - INFO - Trial 51 finished with value: 0.05409624639680772 and parameters: {'n_layers': 2, 'embedding_dim': 256, 'lr': 0.00017930975052855768, 'lambda_val': 1.2391840376245757e-05, 'batch_size': 710, 'optimizer': 'Adam'}. Best is trial 34 with value: 0.12399763130383332.
2026-05-11 07:54:54,827 - optuna.study.study - INFO - Trial 52 finished with value: 0.03807780737019418 and parameters: {'n_layers': 2, 'embedding_dim': 256, 'lr': 0.00022494080525448204, 'lambda_val': 1.6582450101818892e-06, 'batch_size': 1075, 'optimizer': 'Adam'}. Best is trial 34 with value: 0.12399763130383332.
2026-05-11 07:54:59,985 - optuna.study._optimize - INFO - Trial 53 pruned. 
2026-05-11 07:55:06,093 - optuna.study._optimize - INFO - Trial 54 pruned. 
2026-05-11 07:55:10,286 - optuna.study._optimize - INFO - Trial 55 pruned. 
2026-05-11 07:55:49,852 - optuna.study.study - INFO - Trial 56 finished with value: 0.0658072248505027 and parameters: {'n_layers': 3, 'embedding_dim': 128, 'lr': 0.00012492737844505103, 'lambda_val': 1.0195449641693363e-06, 'batch_size': 595, 'optimizer': 'Adam'}. Best is trial 34 with value: 0.12399763130383332.
2026-05-11 07:55:54,863 - optuna.study._optimize - INFO - Trial 57 pruned. 
2026-05-11 07:55:59,692 - optuna.study._optimize - INFO - Trial 58 pruned. 
2026-05-11 07:56:04,515 - optuna.study._optimize - INFO - Trial 59 pruned. 
2026-05-11 07:56:49,535 - optuna.study.study - INFO - Trial 60 finished with value: 0.015033536503049873 and parameters: {'n_layers': 4, 'embedding_dim': 128, 'lr': 0.00037099068495834354, 'lambda_val': 4.892913374212046e-06, 'batch_size': 1271, 'optimizer': 'RMSprop'}. Best is trial 34 with value: 0.12399763130383332.
2026-05-11 07:57:28,252 - optuna.study.study - INFO - Trial 61 finished with value: 0.04549161400530902 and parameters: {'n_layers': 3, 'embedding_dim': 128, 'lr': 0.00013089681943932838, 'lambda_val': 3.0748233173263173e-06, 'batch_size': 676, 'optimizer': 'Adam'}. Best is trial 34 with value: 0.12399763130383332.
2026-05-11 07:58:02,954 - optuna.study.study - INFO - Trial 62 finished with value: 0.052060864020424494 and parameters: {'n_layers': 2, 'embedding_dim': 128, 'lr': 0.00019750729411807089, 'lambda_val': 8.048024854459406e-06, 'batch_size': 666, 'optimizer': 'Adam'}. Best is trial 34 with value: 0.12399763130383332.
2026-05-11 07:58:07,598 - optuna.study._optimize - INFO - Trial 63 pruned. 
2026-05-11 07:58:12,289 - optuna.study._optimize - INFO - Trial 64 pruned. 
2026-05-11 07:58:17,871 - optuna.study._optimize - INFO - Trial 65 pruned. 
2026-05-11 07:58:22,983 - optuna.study._optimize - INFO - Trial 66 pruned. 
2026-05-11 07:59:10,008 - optuna.study.study - INFO - Trial 67 finished with value: 0.03299736627381342 and parameters: {'n_layers': 3, 'embedding_dim': 96, 'lr': 0.0002734866874783607, 'lambda_val': 1.6707934152099239e-06, 'batch_size': 515, 'optimizer': 'RMSprop'}. Best is trial 34 with value: 0.12399763130383332.
2026-05-11 07:59:13,897 - optuna.study._optimize - INFO - Trial 68 pruned. 
2026-05-11 07:59:18,554 - optuna.study._optimize - INFO - Trial 69 pruned. 
2026-05-11 07:59:25,058 - optuna.study._optimize - INFO - Trial 70 pruned. 
2026-05-11 08:00:13,914 - optuna.study.study - INFO - Trial 71 finished with value: 0.056664680320288485 and parameters: {'n_layers': 2, 'embedding_dim': 256, 'lr': 0.000181384487791758, 'lambda_val': 1.0732460710394312e-05, 'batch_size': 722, 'optimizer': 'Adam'}. Best is trial 34 with value: 0.12399763130383332.
2026-05-11 08:00:56,752 - optuna.study.study - INFO - Trial 72 finished with value: 0.05074534944513493 and parameters: {'n_layers': 2, 'embedding_dim': 256, 'lr': 0.0002353842859867834, 'lambda_val': 5.9202626866800364e-06, 'batch_size': 614, 'optimizer': 'Adam'}. Best is trial 34 with value: 0.12399763130383332.
2026-05-11 08:01:42,918 - optuna.study.study - INFO - Trial 73 finished with value: 0.07594978087936251 and parameters: {'n_layers': 2, 'embedding_dim': 256, 'lr': 0.00013269935119574201, 'lambda_val': 3.418715117446834e-05, 'batch_size': 750, 'optimizer': 'Adam'}. Best is trial 34 with value: 0.12399763130383332.
2026-05-11 08:01:48,157 - optuna.study._optimize - INFO - Trial 74 pruned. 
2026-05-11 08:02:32,217 - optuna.study.study - INFO - Trial 75 finished with value: 0.054662784406297155 and parameters: {'n_layers': 2, 'embedding_dim': 256, 'lr': 0.00014213677740093595, 'lambda_val': 1.010039833865539e-05, 'batch_size': 1175, 'optimizer': 'Adam'}. Best is trial 34 with value: 0.12399763130383332.
2026-05-11 08:02:38,619 - optuna.study._optimize - INFO - Trial 76 pruned. 
2026-05-11 08:02:44,991 - optuna.study._optimize - INFO - Trial 77 pruned. 
2026-05-11 08:02:49,392 - optuna.study._optimize - INFO - Trial 78 pruned. 
2026-05-11 08:02:54,664 - optuna.study._optimize - INFO - Trial 79 pruned. 
2026-05-11 08:02:59,869 - optuna.study._optimize - INFO - Trial 80 pruned. 
2026-05-11 08:03:42,954 - optuna.study.study - INFO - Trial 81 finished with value: 0.048316967309761594 and parameters: {'n_layers': 2, 'embedding_dim': 256, 'lr': 0.00018385062681389785, 'lambda_val': 1.874783110730283e-05, 'batch_size': 725, 'optimizer': 'Adam'}. Best is trial 34 with value: 0.12399763130383332.
2026-05-11 08:03:51,737 - optuna.study._optimize - INFO - Trial 82 pruned. 
2026-05-11 08:04:36,547 - optuna.study.study - INFO - Trial 83 finished with value: 0.03623420167673656 and parameters: {'n_layers': 2, 'embedding_dim': 256, 'lr': 0.0003317395428274652, 'lambda_val': 0.0001340985809494182, 'batch_size': 924, 'optimizer': 'Adam'}. Best is trial 34 with value: 0.12399763130383332.
2026-05-11 08:05:18,637 - optuna.study.study - INFO - Trial 84 finished with value: 0.03502774621980556 and parameters: {'n_layers': 2, 'embedding_dim': 256, 'lr': 0.0005472706826038222, 'lambda_val': 2.2296689535940412e-05, 'batch_size': 603, 'optimizer': 'Adam'}. Best is trial 34 with value: 0.12399763130383332.
2026-05-11 08:06:09,019 - optuna.study.study - INFO - Trial 85 finished with value: 0.032219219041697666 and parameters: {'n_layers': 2, 'embedding_dim': 256, 'lr': 0.00015018981195477068, 'lambda_val': 1.368258385775604e-06, 'batch_size': 3658, 'optimizer': 'Adam'}. Best is trial 34 with value: 0.12399763130383332.
2026-05-11 08:06:14,195 - optuna.study._optimize - INFO - Trial 86 pruned. 
2026-05-11 08:06:20,432 - optuna.study._optimize - INFO - Trial 87 pruned. 
2026-05-11 08:06:24,311 - optuna.study._optimize - INFO - Trial 88 pruned. 
2026-05-11 08:06:28,765 - optuna.study._optimize - INFO - Trial 89 pruned. 
2026-05-11 08:06:34,864 - optuna.study._optimize - INFO - Trial 90 pruned. 
2026-05-11 08:07:21,119 - optuna.study.study - INFO - Trial 91 finished with value: 0.052019840798258776 and parameters: {'n_layers': 2, 'embedding_dim': 256, 'lr': 0.00015957093590118887, 'lambda_val': 1.6772472387840045e-05, 'batch_size': 1161, 'optimizer': 'Adam'}. Best is trial 34 with value: 0.12399763130383332.
2026-05-11 08:08:04,719 - optuna.study.study - INFO - Trial 92 finished with value: 0.03751964028058711 and parameters: {'n_layers': 2, 'embedding_dim': 256, 'lr': 0.0002984694988235009, 'lambda_val': 1.0435918343714195e-05, 'batch_size': 755, 'optimizer': 'Adam'}. Best is trial 34 with value: 0.12399763130383332.
2026-05-11 08:08:50,905 - optuna.study.study - INFO - Trial 93 finished with value: 0.039360999093642685 and parameters: {'n_layers': 2, 'embedding_dim': 256, 'lr': 0.00040828135620326136, 'lambda_val': 2.5591362278525467e-06, 'batch_size': 1211, 'optimizer': 'Adam'}. Best is trial 34 with value: 0.12399763130383332.
2026-05-11 08:09:44,148 - optuna.study.study - INFO - Trial 94 finished with value: 0.0446686419386403 and parameters: {'n_layers': 2, 'embedding_dim': 256, 'lr': 0.00020141423341795323, 'lambda_val': 3.729918840835444e-05, 'batch_size': 1106, 'optimizer': 'Adam'}. Best is trial 34 with value: 0.12399763130383332.
2026-05-11 08:10:28,941 - optuna.study.study - INFO - Trial 95 finished with value: 0.044914912635374935 and parameters: {'n_layers': 2, 'embedding_dim': 256, 'lr': 0.0001391691784558958, 'lambda_val': 1.7185113013328854e-06, 'batch_size': 1533, 'optimizer': 'Adam'}. Best is trial 34 with value: 0.12399763130383332.
2026-05-11 08:10:33,238 - optuna.study._optimize - INFO - Trial 96 pruned. 
2026-05-11 08:10:37,499 - optuna.study._optimize - INFO - Trial 97 pruned. 
2026-05-11 08:10:44,564 - optuna.study._optimize - INFO - Trial 98 pruned. 
2026-05-11 08:11:16,495 - optuna.study.study - INFO - Trial 99 finished with value: 0.031793557281748985 and parameters: {'n_layers': 2, 'embedding_dim': 64, 'lr': 0.000705051057401598, 'lambda_val': 9.125270624875431e-06, 'batch_size': 576, 'optimizer': 'RMSprop'}. Best is trial 34 with value: 0.12399763130383332.
2026-05-11 08:11:27,160 - optuna.study._optimize - INFO - Trial 100 pruned. 
2026-05-11 08:12:19,664 - optuna.study.study - INFO - Trial 101 finished with value: 0.0482042841780458 and parameters: {'n_layers': 2, 'embedding_dim': 256, 'lr': 0.00019977159441152026, 'lambda_val': 1.2835987314229874e-05, 'batch_size': 676, 'optimizer': 'Adam'}. Best is trial 34 with value: 0.12399763130383332.
2026-05-11 08:12:27,198 - optuna.study._optimize - INFO - Trial 102 pruned. 
2026-05-11 08:13:08,972 - optuna.study.study - INFO - Trial 103 finished with value: 0.04734805644429979 and parameters: {'n_layers': 2, 'embedding_dim': 256, 'lr': 0.00023886763276573613, 'lambda_val': 1.7111722235543635e-05, 'batch_size': 701, 'optimizer': 'Adam'}. Best is trial 34 with value: 0.12399763130383332.
2026-05-11 08:13:16,250 - optuna.study._optimize - INFO - Trial 104 pruned. 
2026-05-11 08:13:24,119 - optuna.study._optimize - INFO - Trial 105 pruned. 
2026-05-11 08:13:33,512 - optuna.study._optimize - INFO - Trial 106 pruned. 
2026-05-11 08:13:39,071 - optuna.study._optimize - INFO - Trial 107 pruned. 
2026-05-11 08:14:16,867 - optuna.study.study - INFO - Trial 108 finished with value: 0.10612399513866913 and parameters: {'n_layers': 1, 'embedding_dim': 256, 'lr': 0.0001685440479541234, 'lambda_val': 0.0005642319372781633, 'batch_size': 869, 'optimizer': 'Adam'}. Best is trial 34 with value: 0.12399763130383332.
2026-05-11 08:14:54,787 - optuna.study.study - INFO - Trial 109 finished with value: 0.07628671686629519 and parameters: {'n_layers': 1, 'embedding_dim': 256, 'lr': 0.000463725274833422, 'lambda_val': 0.00046362683662472644, 'batch_size': 879, 'optimizer': 'Adam'}. Best is trial 34 with value: 0.12399763130383332.
2026-05-11 08:15:23,746 - optuna.study.study - INFO - Trial 110 finished with value: 0.058947564767473565 and parameters: {'n_layers': 1, 'embedding_dim': 64, 'lr': 0.00046082065167472343, 'lambda_val': 0.0005566708055002721, 'batch_size': 898, 'optimizer': 'RMSprop'}. Best is trial 34 with value: 0.12399763130383332.
2026-05-11 08:15:53,999 - optuna.study.study - INFO - Trial 111 finished with value: 0.046216415402316725 and parameters: {'n_layers': 1, 'embedding_dim': 64, 'lr': 0.0009782811017612768, 'lambda_val': 0.0005514906407961658, 'batch_size': 797, 'optimizer': 'RMSprop'}. Best is trial 34 with value: 0.12399763130383332.
2026-05-11 08:16:21,453 - optuna.study.study - INFO - Trial 112 finished with value: 0.058850349913103304 and parameters: {'n_layers': 1, 'embedding_dim': 64, 'lr': 0.0004576373387979373, 'lambda_val': 0.0003149746520927705, 'batch_size': 980, 'optimizer': 'RMSprop'}. Best is trial 34 with value: 0.12399763130383332.
2026-05-11 08:16:49,956 - optuna.study.study - INFO - Trial 113 finished with value: 0.05336835783866489 and parameters: {'n_layers': 1, 'embedding_dim': 64, 'lr': 0.0004921152053427084, 'lambda_val': 0.00028799556940968356, 'batch_size': 886, 'optimizer': 'RMSprop'}. Best is trial 34 with value: 0.12399763130383332.
2026-05-11 08:17:19,263 - optuna.study.study - INFO - Trial 114 finished with value: 0.0535976971073562 and parameters: {'n_layers': 1, 'embedding_dim': 64, 'lr': 0.00044966079148034643, 'lambda_val': 0.00024264811907814718, 'batch_size': 944, 'optimizer': 'RMSprop'}. Best is trial 34 with value: 0.12399763130383332.
2026-05-11 08:17:46,753 - optuna.study.study - INFO - Trial 115 finished with value: 0.07596301262850098 and parameters: {'n_layers': 1, 'embedding_dim': 64, 'lr': 0.0002829529400342401, 'lambda_val': 0.0007742314804541457, 'batch_size': 1031, 'optimizer': 'RMSprop'}. Best is trial 34 with value: 0.12399763130383332.
2026-05-11 08:18:26,855 - optuna.study.study - INFO - Trial 116 finished with value: 0.04840484318156736 and parameters: {'n_layers': 1, 'embedding_dim': 64, 'lr': 0.0006500490354491287, 'lambda_val': 0.00043414276943740533, 'batch_size': 1103, 'optimizer': 'RMSprop'}. Best is trial 34 with value: 0.12399763130383332.
2026-05-11 08:18:31,160 - optuna.study._optimize - INFO - Trial 117 pruned. 
2026-05-11 08:18:58,940 - optuna.study.study - INFO - Trial 118 finished with value: 0.07644654820879161 and parameters: {'n_layers': 1, 'embedding_dim': 64, 'lr': 0.00027940303818946234, 'lambda_val': 0.0006474080141420573, 'batch_size': 1020, 'optimizer': 'RMSprop'}. Best is trial 34 with value: 0.12399763130383332.
2026-05-11 08:19:25,945 - optuna.study.study - INFO - Trial 119 finished with value: 0.05690740858125919 and parameters: {'n_layers': 1, 'embedding_dim': 64, 'lr': 0.0008150821536037511, 'lambda_val': 0.0006774904546019504, 'batch_size': 998, 'optimizer': 'RMSprop'}. Best is trial 34 with value: 0.12399763130383332.
2026-05-11 08:20:04,675 - optuna.study.study - INFO - Trial 120 finished with value: 0.048415648600743696 and parameters: {'n_layers': 1, 'embedding_dim': 64, 'lr': 0.0007732577115724934, 'lambda_val': 0.0006481430165127814, 'batch_size': 1237, 'optimizer': 'RMSprop'}. Best is trial 34 with value: 0.12399763130383332.
2026-05-11 08:20:31,787 - optuna.study.study - INFO - Trial 121 finished with value: 0.04208362222758622 and parameters: {'n_layers': 1, 'embedding_dim': 64, 'lr': 0.0005626497022771712, 'lambda_val': 0.0013231797301556014, 'batch_size': 1033, 'optimizer': 'RMSprop'}. Best is trial 34 with value: 0.12399763130383332.
2026-05-11 08:21:01,452 - optuna.study.study - INFO - Trial 122 finished with value: 0.057778867093236354 and parameters: {'n_layers': 1, 'embedding_dim': 64, 'lr': 0.0002895288139863711, 'lambda_val': 0.002087480669892142, 'batch_size': 987, 'optimizer': 'RMSprop'}. Best is trial 34 with value: 0.12399763130383332.
2026-05-11 08:21:29,633 - optuna.study.study - INFO - Trial 123 finished with value: 0.04846690367532688 and parameters: {'n_layers': 1, 'embedding_dim': 64, 'lr': 0.0009553138763293101, 'lambda_val': 0.00037843566766145097, 'batch_size': 992, 'optimizer': 'RMSprop'}. Best is trial 34 with value: 0.12399763130383332.
2026-05-11 08:22:03,900 - optuna.study.study - INFO - Trial 124 finished with value: 0.08002510719065735 and parameters: {'n_layers': 1, 'embedding_dim': 64, 'lr': 0.00028242578440805364, 'lambda_val': 0.0007778711242929051, 'batch_size': 1082, 'optimizer': 'RMSprop'}. Best is trial 34 with value: 0.12399763130383332.
2026-05-11 08:22:32,812 - optuna.study.study - INFO - Trial 125 finished with value: 0.06721385481239801 and parameters: {'n_layers': 1, 'embedding_dim': 64, 'lr': 0.0002855662487268773, 'lambda_val': 0.0021225141937829426, 'batch_size': 1083, 'optimizer': 'RMSprop'}. Best is trial 34 with value: 0.12399763130383332.
2026-05-11 08:23:04,760 - optuna.study.study - INFO - Trial 126 finished with value: 0.06076021638547749 and parameters: {'n_layers': 1, 'embedding_dim': 64, 'lr': 0.0003386649801487391, 'lambda_val': 0.0005085594924100411, 'batch_size': 1462, 'optimizer': 'RMSprop'}. Best is trial 34 with value: 0.12399763130383332.
2026-05-11 08:23:32,815 - optuna.study.study - INFO - Trial 127 finished with value: 0.057989274582886614 and parameters: {'n_layers': 1, 'embedding_dim': 64, 'lr': 0.00037193633626943397, 'lambda_val': 0.0009007272846897089, 'batch_size': 1140, 'optimizer': 'RMSprop'}. Best is trial 34 with value: 0.12399763130383332.
2026-05-11 08:24:07,864 - optuna.study.study - INFO - Trial 128 finished with value: 0.06444080227222437 and parameters: {'n_layers': 1, 'embedding_dim': 64, 'lr': 0.00031001286858937287, 'lambda_val': 0.0004921153953210473, 'batch_size': 1339, 'optimizer': 'RMSprop'}. Best is trial 34 with value: 0.12399763130383332.
2026-05-11 08:24:35,006 - optuna.study.study - INFO - Trial 129 finished with value: 0.0682337390440669 and parameters: {'n_layers': 1, 'embedding_dim': 64, 'lr': 0.000282621532197017, 'lambda_val': 0.0005208038212869989, 'batch_size': 1481, 'optimizer': 'RMSprop'}. Best is trial 34 with value: 0.12399763130383332.
2026-05-11 08:25:14,047 - optuna.study.study - INFO - Trial 130 finished with value: 0.06368584233899593 and parameters: {'n_layers': 1, 'embedding_dim': 64, 'lr': 0.00028043504357542213, 'lambda_val': 0.0011697294084213757, 'batch_size': 1468, 'optimizer': 'RMSprop'}. Best is trial 34 with value: 0.12399763130383332.
2026-05-11 08:25:43,636 - optuna.study.study - INFO - Trial 131 finished with value: 0.08157992760790232 and parameters: {'n_layers': 1, 'embedding_dim': 64, 'lr': 0.0002678259915701528, 'lambda_val': 0.0012425797435816587, 'batch_size': 1494, 'optimizer': 'RMSprop'}. Best is trial 34 with value: 0.12399763130383332.
2026-05-11 08:26:11,315 - optuna.study.study - INFO - Trial 132 finished with value: 0.0539928584613783 and parameters: {'n_layers': 1, 'embedding_dim': 64, 'lr': 0.0002728194630453511, 'lambda_val': 0.0011821723032984619, 'batch_size': 1663, 'optimizer': 'RMSprop'}. Best is trial 34 with value: 0.12399763130383332.
2026-05-11 08:26:15,048 - optuna.study._optimize - INFO - Trial 133 pruned. 
2026-05-11 08:26:50,978 - optuna.study.study - INFO - Trial 134 finished with value: 0.06650511933681852 and parameters: {'n_layers': 1, 'embedding_dim': 64, 'lr': 0.0003034227528664584, 'lambda_val': 0.0007079346225430943, 'batch_size': 1323, 'optimizer': 'RMSprop'}. Best is trial 34 with value: 0.12399763130383332.
2026-05-11 08:27:18,928 - optuna.study.study - INFO - Trial 135 finished with value: 0.06394083477258936 and parameters: {'n_layers': 1, 'embedding_dim': 64, 'lr': 0.000294264078390085, 'lambda_val': 0.0007512819258694407, 'batch_size': 1321, 'optimizer': 'RMSprop'}. Best is trial 34 with value: 0.12399763130383332.
2026-05-11 08:27:58,219 - optuna.study.study - INFO - Trial 136 finished with value: 0.09219320746387277 and parameters: {'n_layers': 1, 'embedding_dim': 64, 'lr': 0.0002093024071132224, 'lambda_val': 0.0027828064401727126, 'batch_size': 1310, 'optimizer': 'RMSprop'}. Best is trial 34 with value: 0.12399763130383332.
2026-05-11 08:28:02,286 - optuna.study._optimize - INFO - Trial 137 pruned. 
2026-05-11 08:28:38,333 - optuna.study.study - INFO - Trial 138 finished with value: 0.05481558004164261 and parameters: {'n_layers': 1, 'embedding_dim': 64, 'lr': 0.00031445231524324465, 'lambda_val': 0.0031152597189772232, 'batch_size': 1357, 'optimizer': 'RMSprop'}. Best is trial 34 with value: 0.12399763130383332.
2026-05-11 08:29:04,221 - optuna.study.study - INFO - Trial 139 finished with value: 0.04163969729594538 and parameters: {'n_layers': 1, 'embedding_dim': 64, 'lr': 0.0003849546800462127, 'lambda_val': 0.0018874277393593052, 'batch_size': 1259, 'optimizer': 'RMSprop'}. Best is trial 34 with value: 0.12399763130383332.
2026-05-11 08:29:27,368 - optuna.study.study - INFO - Trial 140 finished with value: 0.08567148464031711 and parameters: {'n_layers': 1, 'embedding_dim': 64, 'lr': 0.0002444854841451835, 'lambda_val': 0.0008482851473995981, 'batch_size': 1363, 'optimizer': 'RMSprop'}. Best is trial 34 with value: 0.12399763130383332.
2026-05-11 08:29:49,914 - optuna.study.study - INFO - Trial 141 finished with value: 0.07359744805270717 and parameters: {'n_layers': 1, 'embedding_dim': 64, 'lr': 0.00025322501920674057, 'lambda_val': 0.0004086549085288572, 'batch_size': 1425, 'optimizer': 'RMSprop'}. Best is trial 34 with value: 0.12399763130383332.
2026-05-11 08:30:20,374 - optuna.study.study - INFO - Trial 142 finished with value: 0.053998123247399304 and parameters: {'n_layers': 1, 'embedding_dim': 64, 'lr': 0.00024846911578008183, 'lambda_val': 0.004427692831030061, 'batch_size': 1217, 'optimizer': 'RMSprop'}. Best is trial 34 with value: 0.12399763130383332.
2026-05-11 08:30:23,897 - optuna.study._optimize - INFO - Trial 143 pruned. 
2026-05-11 08:30:46,969 - optuna.study.study - INFO - Trial 144 finished with value: 0.0998098846641434 and parameters: {'n_layers': 1, 'embedding_dim': 64, 'lr': 0.0002232010654013348, 'lambda_val': 0.0001965952729529113, 'batch_size': 1413, 'optimizer': 'RMSprop'}. Best is trial 34 with value: 0.12399763130383332.
2026-05-11 08:31:10,528 - optuna.study.study - INFO - Trial 145 finished with value: 0.10350556772300193 and parameters: {'n_layers': 1, 'embedding_dim': 64, 'lr': 0.00022176964730489967, 'lambda_val': 0.0001964351875203193, 'batch_size': 1399, 'optimizer': 'RMSprop'}. Best is trial 34 with value: 0.12399763130383332.
2026-05-11 08:31:16,552 - optuna.study._optimize - INFO - Trial 146 pruned. 
2026-05-11 08:31:39,228 - optuna.study.study - INFO - Trial 147 finished with value: 0.06911330677988244 and parameters: {'n_layers': 1, 'embedding_dim': 64, 'lr': 0.0002569335370509454, 'lambda_val': 0.00014112274912744265, 'batch_size': 1425, 'optimizer': 'RMSprop'}. Best is trial 34 with value: 0.12399763130383332.
2026-05-11 08:31:42,922 - optuna.study._optimize - INFO - Trial 148 pruned. 
2026-05-11 08:31:46,450 - optuna.study._optimize - INFO - Trial 149 pruned. 
2026-05-11 08:32:27,224 - optuna.study.study - INFO - Trial 150 finished with value: 0.06953716985552563 and parameters: {'n_layers': 1, 'embedding_dim': 64, 'lr': 0.00022342635773311932, 'lambda_val': 0.00021350998025112283, 'batch_size': 1610, 'optimizer': 'RMSprop'}. Best is trial 34 with value: 0.12399763130383332.
2026-05-11 08:32:31,142 - optuna.study._optimize - INFO - Trial 151 pruned. 
2026-05-11 08:32:35,059 - optuna.study._optimize - INFO - Trial 152 pruned. 
2026-05-11 08:33:13,449 - optuna.study.study - INFO - Trial 153 finished with value: 0.06130830013693122 and parameters: {'n_layers': 1, 'embedding_dim': 64, 'lr': 0.00037676439919328837, 'lambda_val': 0.00015289812122068334, 'batch_size': 1399, 'optimizer': 'RMSprop'}. Best is trial 34 with value: 0.12399763130383332.
2026-05-11 08:33:17,014 - optuna.study._optimize - INFO - Trial 154 pruned. 
2026-05-11 08:33:20,768 - optuna.study._optimize - INFO - Trial 155 pruned. 
2026-05-11 08:33:24,136 - optuna.study._optimize - INFO - Trial 156 pruned. 
2026-05-11 08:33:27,448 - optuna.study._optimize - INFO - Trial 157 pruned. 
2026-05-11 08:33:30,970 - optuna.study._optimize - INFO - Trial 158 pruned. 
2026-05-11 08:33:36,382 - optuna.study._optimize - INFO - Trial 159 pruned. 
2026-05-11 08:33:39,904 - optuna.study._optimize - INFO - Trial 160 pruned. 
2026-05-11 08:34:04,189 - optuna.study.study - INFO - Trial 161 finished with value: 0.07669814930016862 and parameters: {'n_layers': 1, 'embedding_dim': 64, 'lr': 0.00024795478919003054, 'lambda_val': 0.001547349810565573, 'batch_size': 1092, 'optimizer': 'RMSprop'}. Best is trial 34 with value: 0.12399763130383332.
2026-05-11 08:34:32,305 - optuna.study.study - INFO - Trial 162 finished with value: 0.060749061105195595 and parameters: {'n_layers': 1, 'embedding_dim': 64, 'lr': 0.00034539272542325616, 'lambda_val': 0.0013272808815798902, 'batch_size': 1247, 'optimizer': 'RMSprop'}. Best is trial 34 with value: 0.12399763130383332.
2026-05-11 08:34:36,041 - optuna.study._optimize - INFO - Trial 163 pruned. 
2026-05-11 08:34:39,371 - optuna.study._optimize - INFO - Trial 164 pruned. 
2026-05-11 08:35:01,849 - optuna.study.study - INFO - Trial 165 finished with value: 0.0699614174041857 and parameters: {'n_layers': 1, 'embedding_dim': 64, 'lr': 0.0002611117864957767, 'lambda_val': 0.0005762373444415482, 'batch_size': 1127, 'optimizer': 'RMSprop'}. Best is trial 34 with value: 0.12399763130383332.
2026-05-11 08:35:27,425 - optuna.study.study - INFO - Trial 166 finished with value: 0.04980172705785504 and parameters: {'n_layers': 1, 'embedding_dim': 64, 'lr': 0.0005367138148635563, 'lambda_val': 0.00020637312414219653, 'batch_size': 1108, 'optimizer': 'RMSprop'}. Best is trial 34 with value: 0.12399763130383332.
2026-05-11 08:36:01,502 - optuna.study.study - INFO - Trial 167 finished with value: 0.09361691570287081 and parameters: {'n_layers': 1, 'embedding_dim': 64, 'lr': 0.00024068719214006407, 'lambda_val': 0.000382264019470774, 'batch_size': 1175, 'optimizer': 'RMSprop'}. Best is trial 34 with value: 0.12399763130383332.
2026-05-11 08:36:05,608 - optuna.study._optimize - INFO - Trial 168 pruned. 
2026-05-11 08:36:09,583 - optuna.study._optimize - INFO - Trial 169 pruned. 
2026-05-11 08:36:15,892 - optuna.study._optimize - INFO - Trial 170 pruned. 
2026-05-11 08:36:43,801 - optuna.study.study - INFO - Trial 171 finished with value: 0.07347876551989085 and parameters: {'n_layers': 1, 'embedding_dim': 64, 'lr': 0.0002606775259338705, 'lambda_val': 0.0006195778124966695, 'batch_size': 1322, 'optimizer': 'RMSprop'}. Best is trial 34 with value: 0.12399763130383332.
2026-05-11 08:37:11,842 - optuna.study.study - INFO - Trial 172 finished with value: 0.05686628358113202 and parameters: {'n_layers': 1, 'embedding_dim': 64, 'lr': 0.00036838215117183763, 'lambda_val': 0.0006191765185879122, 'batch_size': 1052, 'optimizer': 'RMSprop'}. Best is trial 34 with value: 0.12399763130383332.
2026-05-11 08:37:50,571 - optuna.study.study - INFO - Trial 173 finished with value: 0.08308110569916789 and parameters: {'n_layers': 1, 'embedding_dim': 64, 'lr': 0.0002552930869414912, 'lambda_val': 0.0010632389657803558, 'batch_size': 1325, 'optimizer': 'RMSprop'}. Best is trial 34 with value: 0.12399763130383332.
2026-05-11 08:37:54,722 - optuna.study._optimize - INFO - Trial 174 pruned. 
2026-05-11 08:38:27,209 - optuna.study.study - INFO - Trial 175 finished with value: 0.07473055624476382 and parameters: {'n_layers': 1, 'embedding_dim': 64, 'lr': 0.0002687127829857728, 'lambda_val': 0.0013458645127170925, 'batch_size': 1216, 'optimizer': 'RMSprop'}. Best is trial 34 with value: 0.12399763130383332.
2026-05-11 08:38:31,581 - optuna.study._optimize - INFO - Trial 176 pruned. 
2026-05-11 08:38:35,798 - optuna.study._optimize - INFO - Trial 177 pruned. 
2026-05-11 08:39:04,871 - optuna.study.study - INFO - Trial 178 finished with value: 0.06384619568934624 and parameters: {'n_layers': 1, 'embedding_dim': 32, 'lr': 0.0004488239500783603, 'lambda_val': 0.0007834932567198311, 'batch_size': 885, 'optimizer': 'RMSprop'}. Best is trial 34 with value: 0.12399763130383332.
2026-05-11 08:39:28,509 - optuna.study.study - INFO - Trial 179 finished with value: 0.0751117771409145 and parameters: {'n_layers': 1, 'embedding_dim': 64, 'lr': 0.0002713224979692609, 'lambda_val': 0.0011214589995033855, 'batch_size': 1221, 'optimizer': 'RMSprop'}. Best is trial 34 with value: 0.12399763130383332.
2026-05-11 08:39:51,340 - optuna.study.study - INFO - Trial 180 finished with value: 0.06191959982268432 and parameters: {'n_layers': 1, 'embedding_dim': 64, 'lr': 0.00033140108430658926, 'lambda_val': 0.0011760106641745163, 'batch_size': 1059, 'optimizer': 'RMSprop'}. Best is trial 34 with value: 0.12399763130383332.
2026-05-11 08:40:22,252 - optuna.study.study - INFO - Trial 181 finished with value: 0.07407917584187823 and parameters: {'n_layers': 1, 'embedding_dim': 64, 'lr': 0.00024697197629529934, 'lambda_val': 0.0009686919075330388, 'batch_size': 1266, 'optimizer': 'RMSprop'}. Best is trial 34 with value: 0.12399763130383332.
2026-05-11 08:40:26,941 - optuna.study._optimize - INFO - Trial 182 pruned. 
2026-05-11 08:40:51,753 - optuna.study.study - INFO - Trial 183 finished with value: 0.06726758314905308 and parameters: {'n_layers': 1, 'embedding_dim': 64, 'lr': 0.0002799236014896343, 'lambda_val': 0.001042881535837624, 'batch_size': 1160, 'optimizer': 'RMSprop'}. Best is trial 34 with value: 0.12399763130383332.
2026-05-11 08:40:55,085 - optuna.study._optimize - INFO - Trial 184 pruned. 
2026-05-11 08:41:24,672 - optuna.study.study - INFO - Trial 185 finished with value: 0.05668263059450168 and parameters: {'n_layers': 1, 'embedding_dim': 64, 'lr': 0.00040494656803794263, 'lambda_val': 0.0009596306386912595, 'batch_size': 960, 'optimizer': 'RMSprop'}. Best is trial 34 with value: 0.12399763130383332.
2026-05-11 08:41:53,962 - optuna.study.study - INFO - Trial 186 finished with value: 0.07181253095714259 and parameters: {'n_layers': 1, 'embedding_dim': 64, 'lr': 0.0003183952013978075, 'lambda_val': 0.0004343869236352229, 'batch_size': 1274, 'optimizer': 'RMSprop'}. Best is trial 34 with value: 0.12399763130383332.
2026-05-11 08:41:58,389 - optuna.study._optimize - INFO - Trial 187 pruned. 
2026-05-11 08:42:02,365 - optuna.study._optimize - INFO - Trial 188 pruned. 
2026-05-11 08:42:06,694 - optuna.study._optimize - INFO - Trial 189 pruned. 
2026-05-11 08:42:10,979 - optuna.study._optimize - INFO - Trial 190 pruned. 
2026-05-11 08:42:49,757 - optuna.study.study - INFO - Trial 191 finished with value: 0.07498418456946232 and parameters: {'n_layers': 1, 'embedding_dim': 64, 'lr': 0.0002707516673952275, 'lambda_val': 0.0006226018196562766, 'batch_size': 1338, 'optimizer': 'RMSprop'}. Best is trial 34 with value: 0.12399763130383332.
2026-05-11 08:42:53,752 - optuna.study._optimize - INFO - Trial 192 pruned. 
2026-05-11 08:42:58,159 - optuna.study._optimize - INFO - Trial 193 pruned. 
2026-05-11 08:43:26,526 - optuna.study.study - INFO - Trial 194 finished with value: 0.07713717135066324 and parameters: {'n_layers': 1, 'embedding_dim': 96, 'lr': 0.00021435068362513388, 'lambda_val': 0.0019922682048520548, 'batch_size': 1185, 'optimizer': 'RMSprop'}. Best is trial 34 with value: 0.12399763130383332.
2026-05-11 08:43:55,363 - optuna.study.study - INFO - Trial 195 finished with value: 0.10096884978192881 and parameters: {'n_layers': 1, 'embedding_dim': 96, 'lr': 0.00020396550668925505, 'lambda_val': 0.0012810708197509484, 'batch_size': 1150, 'optimizer': 'RMSprop'}. Best is trial 34 with value: 0.12399763130383332.
2026-05-11 08:43:59,437 - optuna.study._optimize - INFO - Trial 196 pruned. 
2026-05-11 08:44:03,700 - optuna.study._optimize - INFO - Trial 197 pruned. 
2026-05-11 08:44:32,597 - optuna.study.study - INFO - Trial 198 finished with value: 0.061819364919199135 and parameters: {'n_layers': 1, 'embedding_dim': 96, 'lr': 0.0003145945877663898, 'lambda_val': 0.001235263518233615, 'batch_size': 1016, 'optimizer': 'RMSprop'}. Best is trial 34 with value: 0.12399763130383332.
2026-05-11 08:44:36,327 - optuna.study._optimize - INFO - Trial 199 pruned. 
2026-05-11 08:45:03,573 - root - INFO -   **** Training e_100K_1c2dcs_rand5
2026-05-11 08:45:03,583 - root - INFO -   **** Getting 54402/65410 random edges
2026-05-11 08:45:03,689 - optuna.storages._rdb.storage - INFO - A new study created in RDB with name: Study_e_100K_1c2dcs_rand5
2026-05-11 08:45:53,635 - optuna.study.study - INFO - Trial 0 finished with value: 0.010201029168651581 and parameters: {'n_layers': 4, 'embedding_dim': 128, 'lr': 2.722457256010849e-05, 'lambda_val': 0.042237078249280094, 'batch_size': 3918, 'optimizer': 'RMSprop'}. Best is trial 0 with value: 0.010201029168651581.
2026-05-11 08:46:35,505 - optuna.study.study - INFO - Trial 1 finished with value: 0.002562304223801642 and parameters: {'n_layers': 2, 'embedding_dim': 256, 'lr': 0.010628817348072056, 'lambda_val': 1.0911619984068993e-05, 'batch_size': 574, 'optimizer': 'SGD'}. Best is trial 0 with value: 0.010201029168651581.
2026-05-11 08:47:26,629 - optuna.study.study - INFO - Trial 2 finished with value: 0.007854069488072778 and parameters: {'n_layers': 4, 'embedding_dim': 128, 'lr': 8.478224221707448e-05, 'lambda_val': 0.0012706619508786117, 'batch_size': 3282, 'optimizer': 'RMSprop'}. Best is trial 0 with value: 0.010201029168651581.
2026-05-11 08:48:07,843 - optuna.study.study - INFO - Trial 3 finished with value: 0.02042680532732561 and parameters: {'n_layers': 3, 'embedding_dim': 128, 'lr': 0.008675305701282943, 'lambda_val': 0.014649656785984783, 'batch_size': 2664, 'optimizer': 'Adam'}. Best is trial 3 with value: 0.02042680532732561.
2026-05-11 08:48:43,159 - optuna.study.study - INFO - Trial 4 finished with value: 0.002838342371287694 and parameters: {'n_layers': 3, 'embedding_dim': 32, 'lr': 0.0005373813947801231, 'lambda_val': 8.348375813878667e-05, 'batch_size': 3312, 'optimizer': 'SGD'}. Best is trial 3 with value: 0.02042680532732561.
2026-05-11 08:49:46,255 - optuna.study.study - INFO - Trial 5 finished with value: 0.022621868476663507 and parameters: {'n_layers': 4, 'embedding_dim': 128, 'lr': 0.004724527820296432, 'lambda_val': 1.5764959481493418e-06, 'batch_size': 2323, 'optimizer': 'Adam'}. Best is trial 5 with value: 0.022621868476663507.
2026-05-11 08:50:35,126 - optuna.study.study - INFO - Trial 6 finished with value: 0.05481944892969492 and parameters: {'n_layers': 1, 'embedding_dim': 96, 'lr': 0.0014663813748108168, 'lambda_val': 5.2773574764729095e-05, 'batch_size': 2332, 'optimizer': 'Adam'}. Best is trial 6 with value: 0.05481944892969492.
2026-05-11 08:51:13,324 - optuna.study.study - INFO - Trial 7 finished with value: 0.021125263189844364 and parameters: {'n_layers': 2, 'embedding_dim': 64, 'lr': 0.00016563477647691597, 'lambda_val': 0.0007969750994415924, 'batch_size': 2581, 'optimizer': 'RMSprop'}. Best is trial 6 with value: 0.05481944892969492.
2026-05-11 08:51:53,669 - optuna.study.study - INFO - Trial 8 finished with value: 0.02374559012015447 and parameters: {'n_layers': 4, 'embedding_dim': 96, 'lr': 0.0030793624134518257, 'lambda_val': 2.56481967168014e-05, 'batch_size': 1618, 'optimizer': 'Adam'}. Best is trial 6 with value: 0.05481944892969492.
2026-05-11 08:51:58,881 - optuna.study._optimize - INFO - Trial 9 pruned. 
2026-05-11 08:52:27,347 - optuna.study.study - INFO - Trial 10 finished with value: 0.02058563211582681 and parameters: {'n_layers': 1, 'embedding_dim': 96, 'lr': 0.0752794524870006, 'lambda_val': 1.814227648656675e-06, 'batch_size': 1570, 'optimizer': 'Adam'}. Best is trial 6 with value: 0.05481944892969492.
2026-05-11 08:53:01,632 - optuna.study.study - INFO - Trial 11 finished with value: 0.050853983523422006 and parameters: {'n_layers': 1, 'embedding_dim': 96, 'lr': 0.001265718590154724, 'lambda_val': 8.808751110589136e-05, 'batch_size': 1622, 'optimizer': 'Adam'}. Best is trial 6 with value: 0.05481944892969492.
2026-05-11 08:53:30,704 - optuna.study.study - INFO - Trial 12 finished with value: 0.05636595910046185 and parameters: {'n_layers': 1, 'embedding_dim': 96, 'lr': 0.000600472349932928, 'lambda_val': 9.952886717764542e-05, 'batch_size': 1372, 'optimizer': 'Adam'}. Best is trial 12 with value: 0.05636595910046185.
2026-05-11 08:54:01,606 - optuna.study.study - INFO - Trial 13 finished with value: 0.08439149374117501 and parameters: {'n_layers': 1, 'embedding_dim': 96, 'lr': 0.00031485013454429073, 'lambda_val': 0.00028828918602863776, 'batch_size': 874, 'optimizer': 'Adam'}. Best is trial 13 with value: 0.08439149374117501.
2026-05-11 08:54:32,251 - optuna.study.study - INFO - Trial 14 finished with value: 0.019061353809870944 and parameters: {'n_layers': 2, 'embedding_dim': 32, 'lr': 0.0002961154020938806, 'lambda_val': 0.00282962092498354, 'batch_size': 655, 'optimizer': 'Adam'}. Best is trial 13 with value: 0.08439149374117501.
2026-05-11 08:55:07,592 - optuna.study.study - INFO - Trial 15 finished with value: 0.12860431361188532 and parameters: {'n_layers': 1, 'embedding_dim': 256, 'lr': 0.0001395164616753439, 'lambda_val': 0.00032185027493348965, 'batch_size': 1087, 'optimizer': 'Adam'}. Best is trial 15 with value: 0.12860431361188532.
2026-05-11 08:55:13,179 - optuna.study._optimize - INFO - Trial 16 pruned. 
2026-05-11 08:55:17,519 - optuna.study._optimize - INFO - Trial 17 pruned. 
2026-05-11 08:55:21,705 - optuna.study._optimize - INFO - Trial 18 pruned. 
2026-05-11 08:55:26,089 - optuna.study._optimize - INFO - Trial 19 pruned. 
2026-05-11 08:55:31,412 - optuna.study._optimize - INFO - Trial 20 pruned. 
2026-05-11 08:56:00,764 - optuna.study.study - INFO - Trial 21 finished with value: 0.06335469906304254 and parameters: {'n_layers': 1, 'embedding_dim': 96, 'lr': 0.00044451924110333103, 'lambda_val': 0.0001463865150077835, 'batch_size': 1269, 'optimizer': 'Adam'}. Best is trial 15 with value: 0.12860431361188532.
2026-05-11 08:56:29,779 - optuna.study.study - INFO - Trial 22 finished with value: 0.06055133670141288 and parameters: {'n_layers': 1, 'embedding_dim': 96, 'lr': 0.000436184080953101, 'lambda_val': 0.0010149006416538097, 'batch_size': 1204, 'optimizer': 'Adam'}. Best is trial 15 with value: 0.12860431361188532.
2026-05-11 08:56:33,732 - optuna.study._optimize - INFO - Trial 23 pruned. 
2026-05-11 08:57:05,122 - optuna.study.study - INFO - Trial 24 finished with value: 0.03078459674364697 and parameters: {'n_layers': 2, 'embedding_dim': 64, 'lr': 0.0009525946685467026, 'lambda_val': 0.0001894371124795132, 'batch_size': 527, 'optimizer': 'Adam'}. Best is trial 15 with value: 0.12860431361188532.
2026-05-11 08:57:32,658 - optuna.study.study - INFO - Trial 25 finished with value: 0.08111661187415346 and parameters: {'n_layers': 1, 'embedding_dim': 32, 'lr': 0.00031747390464997106, 'lambda_val': 1.417969576576462e-05, 'batch_size': 1327, 'optimizer': 'Adam'}. Best is trial 15 with value: 0.12860431361188532.
2026-05-11 08:57:37,110 - optuna.study._optimize - INFO - Trial 26 pruned. 
2026-05-11 08:58:07,395 - optuna.study.study - INFO - Trial 27 finished with value: 0.061433736407006445 and parameters: {'n_layers': 2, 'embedding_dim': 32, 'lr': 0.0002033554397874042, 'lambda_val': 2.91851711512417e-05, 'batch_size': 845, 'optimizer': 'Adam'}. Best is trial 15 with value: 0.12860431361188532.
2026-05-11 08:58:11,191 - optuna.study._optimize - INFO - Trial 28 pruned. 
2026-05-11 08:58:17,891 - optuna.study._optimize - INFO - Trial 29 pruned. 
2026-05-11 08:58:21,933 - optuna.study._optimize - INFO - Trial 30 pruned. 
2026-05-11 08:58:50,975 - optuna.study.study - INFO - Trial 31 finished with value: 0.0649464064171136 and parameters: {'n_layers': 1, 'embedding_dim': 96, 'lr': 0.0003628592551869336, 'lambda_val': 0.00015856142648496818, 'batch_size': 1243, 'optimizer': 'Adam'}. Best is trial 15 with value: 0.12860431361188532.
2026-05-11 08:59:45,521 - optuna.study.study - INFO - Trial 32 finished with value: 0.0856330534089622 and parameters: {'n_layers': 1, 'embedding_dim': 256, 'lr': 0.00026270989267484075, 'lambda_val': 3.2227503062738495e-05, 'batch_size': 1190, 'optimizer': 'Adam'}. Best is trial 15 with value: 0.12860431361188532.
2026-05-11 09:00:26,812 - optuna.study.study - INFO - Trial 33 finished with value: 0.09226798322511948 and parameters: {'n_layers': 1, 'embedding_dim': 256, 'lr': 0.0002303078626815399, 'lambda_val': 2.257184908483155e-05, 'batch_size': 872, 'optimizer': 'Adam'}. Best is trial 15 with value: 0.12860431361188532.
2026-05-11 09:00:36,550 - optuna.study._optimize - INFO - Trial 34 pruned. 
2026-05-11 09:01:13,985 - optuna.study.study - INFO - Trial 35 finished with value: 0.06623668497879202 and parameters: {'n_layers': 1, 'embedding_dim': 256, 'lr': 0.0008162845783758116, 'lambda_val': 0.0021563259204227434, 'batch_size': 977, 'optimizer': 'Adam'}. Best is trial 15 with value: 0.12860431361188532.
2026-05-11 09:01:18,926 - optuna.study._optimize - INFO - Trial 36 pruned. 
2026-05-11 09:01:48,405 - optuna.study.study - INFO - Trial 37 finished with value: 0.05243061842555487 and parameters: {'n_layers': 1, 'embedding_dim': 128, 'lr': 0.002024561199662141, 'lambda_val': 5.732972969032005e-05, 'batch_size': 818, 'optimizer': 'Adam'}. Best is trial 15 with value: 0.12860431361188532.
2026-05-11 09:01:56,482 - optuna.study._optimize - INFO - Trial 38 pruned. 
2026-05-11 09:02:36,596 - optuna.study.study - INFO - Trial 39 finished with value: 0.0934295430486697 and parameters: {'n_layers': 1, 'embedding_dim': 256, 'lr': 0.00023919846973464843, 'lambda_val': 0.0006424869885701828, 'batch_size': 1146, 'optimizer': 'Adam'}. Best is trial 15 with value: 0.12860431361188532.
2026-05-11 09:02:40,979 - optuna.study._optimize - INFO - Trial 40 pruned. 
2026-05-11 09:03:15,821 - optuna.study.study - INFO - Trial 41 finished with value: 0.0870481489849474 and parameters: {'n_layers': 1, 'embedding_dim': 256, 'lr': 0.00024481917105940206, 'lambda_val': 0.0006876389074089023, 'batch_size': 918, 'optimizer': 'Adam'}. Best is trial 15 with value: 0.12860431361188532.
2026-05-11 09:03:54,720 - optuna.study.study - INFO - Trial 42 finished with value: 0.07894507748892375 and parameters: {'n_layers': 1, 'embedding_dim': 256, 'lr': 0.00020888056970264318, 'lambda_val': 0.0008512561293404563, 'batch_size': 1480, 'optimizer': 'Adam'}. Best is trial 15 with value: 0.12860431361188532.
2026-05-11 09:04:33,552 - optuna.study.study - INFO - Trial 43 finished with value: 0.0654218157717265 and parameters: {'n_layers': 1, 'embedding_dim': 256, 'lr': 0.0006099546829165499, 'lambda_val': 0.0005630806511906219, 'batch_size': 660, 'optimizer': 'Adam'}. Best is trial 15 with value: 0.12860431361188532.
2026-05-11 09:04:37,920 - optuna.study._optimize - INFO - Trial 44 pruned. 
2026-05-11 09:04:42,185 - optuna.study._optimize - INFO - Trial 45 pruned. 
2026-05-11 09:05:26,013 - optuna.study.study - INFO - Trial 46 finished with value: 0.06776265021451623 and parameters: {'n_layers': 1, 'embedding_dim': 128, 'lr': 0.0002546806243978304, 'lambda_val': 0.0005540912563622178, 'batch_size': 2602, 'optimizer': 'Adam'}. Best is trial 15 with value: 0.12860431361188532.
2026-05-11 09:05:32,722 - optuna.study._optimize - INFO - Trial 47 pruned. 
2026-05-11 09:05:37,621 - optuna.study._optimize - INFO - Trial 48 pruned. 
2026-05-11 09:05:43,871 - optuna.study._optimize - INFO - Trial 49 pruned. 
2026-05-11 09:05:47,864 - optuna.study._optimize - INFO - Trial 50 pruned. 
2026-05-11 09:06:22,888 - optuna.study.study - INFO - Trial 51 finished with value: 0.08221868623841286 and parameters: {'n_layers': 1, 'embedding_dim': 256, 'lr': 0.00027984609286290843, 'lambda_val': 0.000322165861720886, 'batch_size': 892, 'optimizer': 'Adam'}. Best is trial 15 with value: 0.12860431361188532.
2026-05-11 09:06:57,237 - optuna.study.study - INFO - Trial 52 finished with value: 0.07084247458104703 and parameters: {'n_layers': 1, 'embedding_dim': 256, 'lr': 0.0004299141485533836, 'lambda_val': 0.00012649965940722408, 'batch_size': 1161, 'optimizer': 'Adam'}. Best is trial 15 with value: 0.12860431361188532.
2026-05-11 09:07:01,670 - optuna.study._optimize - INFO - Trial 53 pruned. 
2026-05-11 09:07:06,348 - optuna.study._optimize - INFO - Trial 54 pruned. 
2026-05-11 09:07:13,257 - optuna.study._optimize - INFO - Trial 55 pruned. 
2026-05-11 09:07:41,338 - optuna.study.study - INFO - Trial 56 finished with value: 0.055193359315198774 and parameters: {'n_layers': 1, 'embedding_dim': 96, 'lr': 0.0005537258995093278, 'lambda_val': 3.937964640496847e-05, 'batch_size': 1115, 'optimizer': 'Adam'}. Best is trial 15 with value: 0.12860431361188532.
2026-05-11 09:07:45,146 - optuna.study._optimize - INFO - Trial 57 pruned. 
2026-05-11 09:07:50,306 - optuna.study._optimize - INFO - Trial 58 pruned. 
2026-05-11 09:08:34,619 - optuna.study.study - INFO - Trial 59 finished with value: 0.055046728349392636 and parameters: {'n_layers': 1, 'embedding_dim': 96, 'lr': 0.00032285670138484734, 'lambda_val': 0.0012389862906331808, 'batch_size': 3403, 'optimizer': 'Adam'}. Best is trial 15 with value: 0.12860431361188532.
2026-05-11 09:08:39,300 - optuna.study._optimize - INFO - Trial 60 pruned. 
2026-05-11 09:09:13,885 - optuna.study.study - INFO - Trial 61 finished with value: 0.08111865070689843 and parameters: {'n_layers': 1, 'embedding_dim': 256, 'lr': 0.00024404795234291804, 'lambda_val': 0.000329331966988136, 'batch_size': 946, 'optimizer': 'Adam'}. Best is trial 15 with value: 0.12860431361188532.
2026-05-11 09:09:18,313 - optuna.study._optimize - INFO - Trial 62 pruned. 
2026-05-11 09:09:59,825 - optuna.study.study - INFO - Trial 63 finished with value: 0.05861285649177472 and parameters: {'n_layers': 1, 'embedding_dim': 256, 'lr': 0.00043271728367744134, 'lambda_val': 0.0007367131751967989, 'batch_size': 919, 'optimizer': 'Adam'}. Best is trial 15 with value: 0.12860431361188532.
2026-05-11 09:10:34,478 - optuna.study.study - INFO - Trial 64 finished with value: 0.07727061088590863 and parameters: {'n_layers': 1, 'embedding_dim': 256, 'lr': 0.00032278694192318315, 'lambda_val': 9.001999522518068e-06, 'batch_size': 1247, 'optimizer': 'Adam'}. Best is trial 15 with value: 0.12860431361188532.
2026-05-11 09:11:03,461 - optuna.study.study - INFO - Trial 65 finished with value: 0.044427840222227996 and parameters: {'n_layers': 1, 'embedding_dim': 96, 'lr': 0.0007064629647457147, 'lambda_val': 0.00026406735063479403, 'batch_size': 741, 'optimizer': 'Adam'}. Best is trial 15 with value: 0.12860431361188532.
2026-05-11 09:11:07,792 - optuna.study._optimize - INFO - Trial 66 pruned. 
2026-05-11 09:11:12,798 - optuna.study._optimize - INFO - Trial 67 pruned. 
2026-05-11 09:11:17,533 - optuna.study._optimize - INFO - Trial 68 pruned. 
2026-05-11 09:11:22,234 - optuna.study._optimize - INFO - Trial 69 pruned. 
2026-05-11 09:12:04,572 - optuna.study.study - INFO - Trial 70 finished with value: 0.06995278033972852 and parameters: {'n_layers': 1, 'embedding_dim': 256, 'lr': 0.0008821687832908302, 'lambda_val': 0.0004246251439156274, 'batch_size': 887, 'optimizer': 'Adam'}. Best is trial 15 with value: 0.12860431361188532.
2026-05-11 09:12:39,124 - optuna.study.study - INFO - Trial 71 finished with value: 0.08226737704546502 and parameters: {'n_layers': 1, 'embedding_dim': 256, 'lr': 0.00025383802438325506, 'lambda_val': 0.00030533946629014263, 'batch_size': 997, 'optimizer': 'Adam'}. Best is trial 15 with value: 0.12860431361188532.
2026-05-11 09:13:13,291 - optuna.study.study - INFO - Trial 72 finished with value: 0.08180227293740729 and parameters: {'n_layers': 1, 'embedding_dim': 256, 'lr': 0.00027597520768435666, 'lambda_val': 1.1467117765398962e-06, 'batch_size': 1238, 'optimizer': 'Adam'}. Best is trial 15 with value: 0.12860431361188532.
2026-05-11 09:13:17,776 - optuna.study._optimize - INFO - Trial 73 pruned. 
2026-05-11 09:13:52,613 - optuna.study.study - INFO - Trial 74 finished with value: 0.06488637185464687 and parameters: {'n_layers': 1, 'embedding_dim': 256, 'lr': 0.0003739229494417027, 'lambda_val': 0.0016310184035375228, 'batch_size': 784, 'optimizer': 'Adam'}. Best is trial 15 with value: 0.12860431361188532.
2026-05-11 09:13:57,141 - optuna.study._optimize - INFO - Trial 75 pruned. 
2026-05-11 09:14:01,467 - optuna.study._optimize - INFO - Trial 76 pruned. 
2026-05-11 09:14:05,388 - optuna.study._optimize - INFO - Trial 77 pruned. 
2026-05-11 09:14:09,790 - optuna.study._optimize - INFO - Trial 78 pruned. 
2026-05-11 09:14:49,379 - optuna.study.study - INFO - Trial 79 finished with value: 0.06875358781678131 and parameters: {'n_layers': 1, 'embedding_dim': 256, 'lr': 0.0005302111101839889, 'lambda_val': 0.00014426736986359958, 'batch_size': 1135, 'optimizer': 'RMSprop'}. Best is trial 15 with value: 0.12860431361188532.
2026-05-11 09:14:55,631 - optuna.study._optimize - INFO - Trial 80 pruned. 
2026-05-11 09:15:30,283 - optuna.study.study - INFO - Trial 81 finished with value: 0.07922126087849894 and parameters: {'n_layers': 1, 'embedding_dim': 256, 'lr': 0.00028852272747500844, 'lambda_val': 1.128883009698808e-06, 'batch_size': 1019, 'optimizer': 'Adam'}. Best is trial 15 with value: 0.12860431361188532.
2026-05-11 09:16:04,795 - optuna.study.study - INFO - Trial 82 finished with value: 0.0840170430150244 and parameters: {'n_layers': 1, 'embedding_dim': 256, 'lr': 0.00024567003620247794, 'lambda_val': 2.5443724058020617e-06, 'batch_size': 1227, 'optimizer': 'Adam'}. Best is trial 15 with value: 0.12860431361188532.
2026-05-11 09:16:09,112 - optuna.study._optimize - INFO - Trial 83 pruned. 
2026-05-11 09:16:13,492 - optuna.study._optimize - INFO - Trial 84 pruned. 
2026-05-11 09:16:17,993 - optuna.study._optimize - INFO - Trial 85 pruned. 
2026-05-11 09:16:53,005 - optuna.study.study - INFO - Trial 86 finished with value: 0.07633335553260774 and parameters: {'n_layers': 1, 'embedding_dim': 256, 'lr': 0.000375040369628732, 'lambda_val': 0.00024529136552630456, 'batch_size': 1121, 'optimizer': 'Adam'}. Best is trial 15 with value: 0.12860431361188532.
2026-05-11 09:16:56,693 - optuna.study._optimize - INFO - Trial 87 pruned. 
2026-05-11 09:17:02,008 - optuna.study._optimize - INFO - Trial 88 pruned. 
2026-05-11 09:17:07,066 - optuna.study._optimize - INFO - Trial 89 pruned. 
2026-05-11 09:17:11,286 - optuna.study._optimize - INFO - Trial 90 pruned. 
2026-05-11 09:17:46,033 - optuna.study.study - INFO - Trial 91 finished with value: 0.07488543634669691 and parameters: {'n_layers': 1, 'embedding_dim': 256, 'lr': 0.00028102788168278, 'lambda_val': 1.065043212161559e-06, 'batch_size': 1235, 'optimizer': 'Adam'}. Best is trial 15 with value: 0.12860431361188532.
2026-05-11 09:18:28,327 - optuna.study.study - INFO - Trial 92 finished with value: 0.07612944671027931 and parameters: {'n_layers': 1, 'embedding_dim': 256, 'lr': 0.0003484686729447802, 'lambda_val': 1.3548929794584235e-06, 'batch_size': 1330, 'optimizer': 'Adam'}. Best is trial 15 with value: 0.12860431361188532.
2026-05-11 09:19:02,697 - optuna.study.study - INFO - Trial 93 finished with value: 0.08631078843460457 and parameters: {'n_layers': 1, 'embedding_dim': 256, 'lr': 0.0002478243136208741, 'lambda_val': 2.399729947965598e-06, 'batch_size': 1104, 'optimizer': 'Adam'}. Best is trial 15 with value: 0.12860431361188532.
2026-05-11 09:19:07,052 - optuna.study._optimize - INFO - Trial 94 pruned. 
2026-05-11 09:19:11,842 - optuna.study._optimize - INFO - Trial 95 pruned. 
2026-05-11 09:19:47,063 - optuna.study.study - INFO - Trial 96 finished with value: 0.07189061627358924 and parameters: {'n_layers': 1, 'embedding_dim': 256, 'lr': 0.000647994682629309, 'lambda_val': 0.000925945590360767, 'batch_size': 968, 'optimizer': 'Adam'}. Best is trial 15 with value: 0.12860431361188532.
2026-05-11 09:19:51,046 - optuna.study._optimize - INFO - Trial 97 pruned. 
2026-05-11 09:20:27,623 - optuna.study.study - INFO - Trial 98 finished with value: 0.07285952435832954 and parameters: {'n_layers': 1, 'embedding_dim': 256, 'lr': 0.0001795753717554021, 'lambda_val': 4.086601392128562e-06, 'batch_size': 4071, 'optimizer': 'RMSprop'}. Best is trial 15 with value: 0.12860431361188532.
2026-05-11 09:20:31,962 - optuna.study._optimize - INFO - Trial 99 pruned. 
2026-05-11 09:20:37,069 - optuna.study._optimize - INFO - Trial 100 pruned. 
2026-05-11 09:21:11,196 - optuna.study.study - INFO - Trial 101 finished with value: 0.07940060631578852 and parameters: {'n_layers': 1, 'embedding_dim': 256, 'lr': 0.000290729574829021, 'lambda_val': 1.9887930811037947e-06, 'batch_size': 1222, 'optimizer': 'Adam'}. Best is trial 15 with value: 0.12860431361188532.
2026-05-11 09:21:45,822 - optuna.study.study - INFO - Trial 102 finished with value: 0.0746421950502321 and parameters: {'n_layers': 1, 'embedding_dim': 256, 'lr': 0.0004038734373884598, 'lambda_val': 1.526395035372403e-06, 'batch_size': 1542, 'optimizer': 'Adam'}. Best is trial 15 with value: 0.12860431361188532.
2026-05-11 09:21:50,195 - optuna.study._optimize - INFO - Trial 103 pruned. 
2026-05-11 09:22:24,846 - optuna.study.study - INFO - Trial 104 finished with value: 0.0792911992255409 and parameters: {'n_layers': 1, 'embedding_dim': 256, 'lr': 0.00031294012069721334, 'lambda_val': 0.00011505380526297818, 'batch_size': 1079, 'optimizer': 'Adam'}. Best is trial 15 with value: 0.12860431361188532.
2026-05-11 09:22:59,161 - optuna.study.study - INFO - Trial 105 finished with value: 0.07388956279026564 and parameters: {'n_layers': 1, 'embedding_dim': 256, 'lr': 0.0005111210787426921, 'lambda_val': 2.1595828951443682e-06, 'batch_size': 1285, 'optimizer': 'Adam'}. Best is trial 15 with value: 0.12860431361188532.
2026-05-11 09:23:03,399 - optuna.study._optimize - INFO - Trial 106 pruned. 
2026-05-11 09:23:09,184 - optuna.study._optimize - INFO - Trial 107 pruned. 
2026-05-11 09:23:13,640 - optuna.study._optimize - INFO - Trial 108 pruned. 
2026-05-11 09:23:18,588 - optuna.study._optimize - INFO - Trial 109 pruned. 
2026-05-11 09:23:22,939 - optuna.study._optimize - INFO - Trial 110 pruned. 
2026-05-11 09:23:27,625 - optuna.study._optimize - INFO - Trial 111 pruned. 
2026-05-11 09:23:32,582 - optuna.study._optimize - INFO - Trial 112 pruned. 
2026-05-11 09:24:11,484 - optuna.study.study - INFO - Trial 113 finished with value: 0.08239560207960483 and parameters: {'n_layers': 1, 'embedding_dim': 256, 'lr': 0.0003397010390374849, 'lambda_val': 0.0006451282609482195, 'batch_size': 708, 'optimizer': 'Adam'}. Best is trial 15 with value: 0.12860431361188532.
2026-05-11 09:24:49,856 - optuna.study.study - INFO - Trial 114 finished with value: 0.08461112691933544 and parameters: {'n_layers': 1, 'embedding_dim': 256, 'lr': 0.0003344584986293665, 'lambda_val': 0.0006313674334297494, 'batch_size': 720, 'optimizer': 'Adam'}. Best is trial 15 with value: 0.12860431361188532.
2026-05-11 09:25:24,903 - optuna.study.study - INFO - Trial 115 finished with value: 0.08114349870733316 and parameters: {'n_layers': 1, 'embedding_dim': 256, 'lr': 0.0003664576397076549, 'lambda_val': 0.0006932816882238438, 'batch_size': 706, 'optimizer': 'Adam'}. Best is trial 15 with value: 0.12860431361188532.
2026-05-11 09:25:52,401 - optuna.study.study - INFO - Trial 116 finished with value: 0.07085611542778626 and parameters: {'n_layers': 1, 'embedding_dim': 64, 'lr': 0.0004820559527595363, 'lambda_val': 0.0010307357185726914, 'batch_size': 525, 'optimizer': 'Adam'}. Best is trial 15 with value: 0.12860431361188532.
2026-05-11 09:26:26,712 - optuna.study.study - INFO - Trial 117 finished with value: 0.07884919781627736 and parameters: {'n_layers': 1, 'embedding_dim': 256, 'lr': 0.00032834114896306715, 'lambda_val': 0.0006569534757472102, 'batch_size': 647, 'optimizer': 'Adam'}. Best is trial 15 with value: 0.12860431361188532.
2026-05-11 09:26:30,619 - optuna.study._optimize - INFO - Trial 118 pruned. 
2026-05-11 09:26:35,235 - optuna.study._optimize - INFO - Trial 119 pruned. 
2026-05-11 09:26:39,437 - optuna.study._optimize - INFO - Trial 120 pruned. 
2026-05-11 09:27:13,412 - optuna.study.study - INFO - Trial 121 finished with value: 0.08108676586079927 and parameters: {'n_layers': 1, 'embedding_dim': 256, 'lr': 0.0002890017660030291, 'lambda_val': 0.0002469639905997797, 'batch_size': 860, 'optimizer': 'Adam'}. Best is trial 15 with value: 0.12860431361188532.
2026-05-11 09:27:18,281 - optuna.study._optimize - INFO - Trial 122 pruned. 
2026-05-11 09:27:59,937 - optuna.study.study - INFO - Trial 123 finished with value: 0.06950049799627092 and parameters: {'n_layers': 1, 'embedding_dim': 256, 'lr': 0.0006258920608870609, 'lambda_val': 0.00016846508720673667, 'batch_size': 1173, 'optimizer': 'Adam'}. Best is trial 15 with value: 0.12860431361188532.
2026-05-11 09:28:04,308 - optuna.study._optimize - INFO - Trial 124 pruned. 
2026-05-11 09:28:39,166 - optuna.study.study - INFO - Trial 125 finished with value: 0.08223033888667533 and parameters: {'n_layers': 1, 'embedding_dim': 256, 'lr': 0.00023949672670861262, 'lambda_val': 0.0004685524627241652, 'batch_size': 1062, 'optimizer': 'Adam'}. Best is trial 15 with value: 0.12860431361188532.
2026-05-11 09:28:43,731 - optuna.study._optimize - INFO - Trial 126 pruned. 
2026-05-11 09:28:48,682 - optuna.study._optimize - INFO - Trial 127 pruned. 
2026-05-11 09:28:54,549 - optuna.study._optimize - INFO - Trial 128 pruned. 
2026-05-11 09:29:04,275 - optuna.study._optimize - INFO - Trial 129 pruned. 
2026-05-11 09:29:40,486 - optuna.study.study - INFO - Trial 130 finished with value: 0.07430541108960506 and parameters: {'n_layers': 1, 'embedding_dim': 256, 'lr': 0.0004424744620839416, 'lambda_val': 0.000838742906463741, 'batch_size': 961, 'optimizer': 'Adam'}. Best is trial 15 with value: 0.12860431361188532.
2026-05-11 09:29:45,000 - optuna.study._optimize - INFO - Trial 131 pruned. 
2026-05-11 09:29:49,610 - optuna.study._optimize - INFO - Trial 132 pruned. 
2026-05-11 09:30:22,868 - optuna.study.study - INFO - Trial 133 finished with value: 0.08164517634681663 and parameters: {'n_layers': 1, 'embedding_dim': 256, 'lr': 0.0002552367323995481, 'lambda_val': 0.0004615110742863561, 'batch_size': 1017, 'optimizer': 'Adam'}. Best is trial 15 with value: 0.12860431361188532.
2026-05-11 09:31:04,935 - optuna.study.study - INFO - Trial 134 finished with value: 0.08109723478869878 and parameters: {'n_layers': 1, 'embedding_dim': 256, 'lr': 0.000368066994031328, 'lambda_val': 3.070492628813853e-05, 'batch_size': 784, 'optimizer': 'Adam'}. Best is trial 15 with value: 0.12860431361188532.
2026-05-11 09:31:09,197 - optuna.study._optimize - INFO - Trial 135 pruned. 
2026-05-11 09:31:13,615 - optuna.study._optimize - INFO - Trial 136 pruned. 
2026-05-11 09:31:44,871 - optuna.study.study - INFO - Trial 137 finished with value: 0.06856452959604797 and parameters: {'n_layers': 1, 'embedding_dim': 128, 'lr': 0.00026527972144308414, 'lambda_val': 0.00014020275409448423, 'batch_size': 2863, 'optimizer': 'Adam'}. Best is trial 15 with value: 0.12860431361188532.
2026-05-11 09:32:19,197 - optuna.study.study - INFO - Trial 138 finished with value: 0.07415746168836296 and parameters: {'n_layers': 1, 'embedding_dim': 256, 'lr': 0.0005593377983676278, 'lambda_val': 0.00021505567052707478, 'batch_size': 1101, 'optimizer': 'Adam'}. Best is trial 15 with value: 0.12860431361188532.
2026-05-11 09:32:53,316 - optuna.study.study - INFO - Trial 139 finished with value: 0.07533979791871852 and parameters: {'n_layers': 1, 'embedding_dim': 256, 'lr': 0.0003799169256476593, 'lambda_val': 1.6884818912210876e-05, 'batch_size': 1359, 'optimizer': 'Adam'}. Best is trial 15 with value: 0.12860431361188532.
2026-05-11 09:32:57,024 - optuna.study._optimize - INFO - Trial 140 pruned. 
2026-05-11 09:33:01,409 - optuna.study._optimize - INFO - Trial 141 pruned. 
2026-05-11 09:33:05,738 - optuna.study._optimize - INFO - Trial 142 pruned. 
2026-05-11 09:33:12,524 - optuna.study._optimize - INFO - Trial 143 pruned. 
2026-05-11 09:33:52,475 - optuna.study.study - INFO - Trial 144 finished with value: 0.07480795577846369 and parameters: {'n_layers': 1, 'embedding_dim': 256, 'lr': 0.0003313482133357951, 'lambda_val': 0.0002750371408633978, 'batch_size': 1060, 'optimizer': 'Adam'}. Best is trial 15 with value: 0.12860431361188532.
2026-05-11 09:33:58,425 - optuna.study._optimize - INFO - Trial 145 pruned. 
2026-05-11 09:34:32,265 - optuna.study.study - INFO - Trial 146 finished with value: 0.09671970525263289 and parameters: {'n_layers': 1, 'embedding_dim': 256, 'lr': 0.0002620557348318988, 'lambda_val': 7.438048881462679e-06, 'batch_size': 913, 'optimizer': 'Adam'}. Best is trial 15 with value: 0.12860431361188532.
2026-05-11 09:34:36,442 - optuna.study._optimize - INFO - Trial 147 pruned. 
2026-05-11 09:34:41,212 - optuna.study._optimize - INFO - Trial 148 pruned. 
2026-05-11 09:35:15,242 - optuna.study.study - INFO - Trial 149 finished with value: 0.07779290602846842 and parameters: {'n_layers': 1, 'embedding_dim': 256, 'lr': 0.00038016571752548024, 'lambda_val': 1.7264223505940855e-06, 'batch_size': 715, 'optimizer': 'Adam'}. Best is trial 15 with value: 0.12860431361188532.
2026-05-11 09:35:19,625 - optuna.study._optimize - INFO - Trial 150 pruned. 
2026-05-11 09:35:24,121 - optuna.study._optimize - INFO - Trial 151 pruned. 
2026-05-11 09:35:28,421 - optuna.study._optimize - INFO - Trial 152 pruned. 
2026-05-11 09:35:32,855 - optuna.study._optimize - INFO - Trial 153 pruned. 
2026-05-11 09:35:37,167 - optuna.study._optimize - INFO - Trial 154 pruned. 
2026-05-11 09:36:11,611 - optuna.study.study - INFO - Trial 155 finished with value: 0.07684842061763021 and parameters: {'n_layers': 1, 'embedding_dim': 256, 'lr': 0.0003398543937194004, 'lambda_val': 1.1715677258261092e-05, 'batch_size': 1095, 'optimizer': 'Adam'}. Best is trial 15 with value: 0.12860431361188532.
2026-05-11 09:36:17,558 - optuna.study._optimize - INFO - Trial 156 pruned. 
2026-05-11 09:36:21,975 - optuna.study._optimize - INFO - Trial 157 pruned. 
2026-05-11 09:36:26,537 - optuna.study._optimize - INFO - Trial 158 pruned. 
2026-05-11 09:36:30,832 - optuna.study._optimize - INFO - Trial 159 pruned. 
2026-05-11 09:36:35,829 - optuna.study._optimize - INFO - Trial 160 pruned. 
2026-05-11 09:37:09,732 - optuna.study.study - INFO - Trial 161 finished with value: 0.08168491500541548 and parameters: {'n_layers': 1, 'embedding_dim': 256, 'lr': 0.00034241635193892945, 'lambda_val': 0.0007362656433643859, 'batch_size': 673, 'optimizer': 'Adam'}. Best is trial 15 with value: 0.12860431361188532.
2026-05-11 09:37:15,838 - optuna.study._optimize - INFO - Trial 162 pruned. 
2026-05-11 09:37:49,771 - optuna.study.study - INFO - Trial 163 finished with value: 0.07001297513379688 and parameters: {'n_layers': 1, 'embedding_dim': 256, 'lr': 0.000499873964861042, 'lambda_val': 0.0008688271450204223, 'batch_size': 636, 'optimizer': 'Adam'}. Best is trial 15 with value: 0.12860431361188532.
2026-05-11 09:38:25,618 - optuna.study.study - INFO - Trial 164 finished with value: 0.0718855088838276 and parameters: {'n_layers': 1, 'embedding_dim': 256, 'lr': 0.0002322011121607241, 'lambda_val': 1.2326892008436504e-06, 'batch_size': 2458, 'optimizer': 'Adam'}. Best is trial 15 with value: 0.12860431361188532.
2026-05-11 09:38:30,033 - optuna.study._optimize - INFO - Trial 165 pruned. 
2026-05-11 09:39:04,285 - optuna.study.study - INFO - Trial 166 finished with value: 0.08614847434900018 and parameters: {'n_layers': 1, 'embedding_dim': 256, 'lr': 0.00039051471010692244, 'lambda_val': 1.6871722701820855e-06, 'batch_size': 531, 'optimizer': 'Adam'}. Best is trial 15 with value: 0.12860431361188532.
2026-05-11 09:39:33,812 - optuna.study.study - INFO - Trial 167 finished with value: 0.0823783311363436 and parameters: {'n_layers': 1, 'embedding_dim': 96, 'lr': 0.00039919511080879544, 'lambda_val': 2.2707256800334905e-06, 'batch_size': 576, 'optimizer': 'Adam'}. Best is trial 15 with value: 0.12860431361188532.
2026-05-11 09:40:02,633 - optuna.study.study - INFO - Trial 168 finished with value: 0.0587990585896031 and parameters: {'n_layers': 1, 'embedding_dim': 96, 'lr': 0.0006273821852917311, 'lambda_val': 1.8348729493181448e-06, 'batch_size': 540, 'optimizer': 'Adam'}. Best is trial 15 with value: 0.12860431361188532.
2026-05-11 09:40:07,361 - optuna.study._optimize - INFO - Trial 169 pruned. 
2026-05-11 09:40:34,981 - optuna.study.study - INFO - Trial 170 finished with value: 0.07854437753941693 and parameters: {'n_layers': 1, 'embedding_dim': 96, 'lr': 0.0004267764425443576, 'lambda_val': 3.669991272292878e-06, 'batch_size': 514, 'optimizer': 'RMSprop'}. Best is trial 15 with value: 0.12860431361188532.
2026-05-11 09:40:38,865 - optuna.study._optimize - INFO - Trial 171 pruned. 
2026-05-11 09:40:44,399 - optuna.study._optimize - INFO - Trial 172 pruned. 
2026-05-11 09:41:18,943 - optuna.study.study - INFO - Trial 173 finished with value: 0.08477016221993014 and parameters: {'n_layers': 1, 'embedding_dim': 256, 'lr': 0.00030931079276712585, 'lambda_val': 3.7619657777892586e-05, 'batch_size': 650, 'optimizer': 'Adam'}. Best is trial 15 with value: 0.12860431361188532.
2026-05-11 09:41:22,991 - optuna.study._optimize - INFO - Trial 174 pruned. 
2026-05-11 09:41:56,663 - optuna.study.study - INFO - Trial 175 finished with value: 0.09516974955900143 and parameters: {'n_layers': 1, 'embedding_dim': 256, 'lr': 0.0002995196587523744, 'lambda_val': 1.7322405418902203e-05, 'batch_size': 737, 'optimizer': 'Adam'}. Best is trial 15 with value: 0.12860431361188532.
2026-05-11 09:42:01,419 - optuna.study._optimize - INFO - Trial 176 pruned. 
2026-05-11 09:42:05,596 - optuna.study._optimize - INFO - Trial 177 pruned. 
2026-05-11 09:42:10,056 - optuna.study._optimize - INFO - Trial 178 pruned. 
2026-05-11 09:42:43,974 - optuna.study.study - INFO - Trial 179 finished with value: 0.07997109672309854 and parameters: {'n_layers': 1, 'embedding_dim': 256, 'lr': 0.00030669337324483974, 'lambda_val': 2.396468121490866e-05, 'batch_size': 756, 'optimizer': 'Adam'}. Best is trial 15 with value: 0.12860431361188532.
2026-05-11 09:42:47,925 - optuna.study._optimize - INFO - Trial 180 pruned. 
2026-05-11 09:43:22,634 - optuna.study.study - INFO - Trial 181 finished with value: 0.08481087819144899 and parameters: {'n_layers': 1, 'embedding_dim': 256, 'lr': 0.00027792108672888073, 'lambda_val': 1.9543932997842293e-05, 'batch_size': 930, 'optimizer': 'Adam'}. Best is trial 15 with value: 0.12860431361188532.
2026-05-11 09:43:27,705 - optuna.study._optimize - INFO - Trial 182 pruned. 
2026-05-11 09:44:02,506 - optuna.study.study - INFO - Trial 183 finished with value: 0.06299338835805977 and parameters: {'n_layers': 1, 'embedding_dim': 256, 'lr': 0.00044582613535062293, 'lambda_val': 1.7624602009841818e-05, 'batch_size': 794, 'optimizer': 'Adam'}. Best is trial 15 with value: 0.12860431361188532.
2026-05-11 09:44:36,517 - optuna.study.study - INFO - Trial 184 finished with value: 0.07762050921652361 and parameters: {'n_layers': 1, 'embedding_dim': 256, 'lr': 0.00036438733113813344, 'lambda_val': 5.9160265123494166e-05, 'batch_size': 942, 'optimizer': 'Adam'}. Best is trial 15 with value: 0.12860431361188532.
2026-05-11 09:44:40,882 - optuna.study._optimize - INFO - Trial 185 pruned. 
2026-05-11 09:44:45,727 - optuna.study._optimize - INFO - Trial 186 pruned. 
2026-05-11 09:44:50,350 - optuna.study._optimize - INFO - Trial 187 pruned. 
2026-05-11 09:44:54,641 - optuna.study._optimize - INFO - Trial 188 pruned. 
2026-05-11 09:45:01,438 - optuna.study._optimize - INFO - Trial 189 pruned. 
2026-05-11 09:45:11,420 - optuna.study._optimize - INFO - Trial 190 pruned. 
2026-05-11 09:45:46,155 - optuna.study.study - INFO - Trial 191 finished with value: 0.08078788551842199 and parameters: {'n_layers': 1, 'embedding_dim': 256, 'lr': 0.00027772227264628234, 'lambda_val': 1.3372417866854579e-06, 'batch_size': 1168, 'optimizer': 'Adam'}. Best is trial 15 with value: 0.12860431361188532.
2026-05-11 09:45:50,515 - optuna.study._optimize - INFO - Trial 192 pruned. 
2026-05-11 09:45:55,087 - optuna.study._optimize - INFO - Trial 193 pruned. 
2026-05-11 09:45:59,907 - optuna.study._optimize - INFO - Trial 194 pruned. 
2026-05-11 09:46:33,963 - optuna.study.study - INFO - Trial 195 finished with value: 0.08681133126615072 and parameters: {'n_layers': 1, 'embedding_dim': 256, 'lr': 0.00031077670716258773, 'lambda_val': 7.059864456011262e-06, 'batch_size': 1089, 'optimizer': 'Adam'}. Best is trial 15 with value: 0.12860431361188532.
2026-05-11 09:47:08,247 - optuna.study.study - INFO - Trial 196 finished with value: 0.07638906887585058 and parameters: {'n_layers': 1, 'embedding_dim': 256, 'lr': 0.00043623917180823116, 'lambda_val': 3.1460464558098356e-06, 'batch_size': 990, 'optimizer': 'Adam'}. Best is trial 15 with value: 0.12860431361188532.
2026-05-11 09:47:43,039 - optuna.study.study - INFO - Trial 197 finished with value: 0.08396760214883638 and parameters: {'n_layers': 1, 'embedding_dim': 256, 'lr': 0.00031985184631566095, 'lambda_val': 7.710361726167299e-06, 'batch_size': 1101, 'optimizer': 'Adam'}. Best is trial 15 with value: 0.12860431361188532.
2026-05-11 09:48:16,724 - optuna.study.study - INFO - Trial 198 finished with value: 0.08103638214890481 and parameters: {'n_layers': 1, 'embedding_dim': 256, 'lr': 0.00031242561176912865, 'lambda_val': 6.566301612328435e-06, 'batch_size': 1090, 'optimizer': 'Adam'}. Best is trial 15 with value: 0.12860431361188532.
2026-05-11 09:48:57,902 - optuna.study.study - INFO - Trial 199 finished with value: 0.06917873778560867 and parameters: {'n_layers': 1, 'embedding_dim': 256, 'lr': 0.0005187208638653681, 'lambda_val': 4.980211640280773e-06, 'batch_size': 1061, 'optimizer': 'Adam'}. Best is trial 15 with value: 0.12860431361188532.
2026-05-11 09:49:25,095 - root - INFO - **** Training e_100K_1c3dcs
2026-05-11 09:49:25,095 - root - INFO -   ** 3-Dominant stats:
2026-05-11 09:49:25,095 - root - INFO -   ** Finding the dominant set:
2026-05-11 09:49:45,031 - root - INFO -   ** Getting the trainable edges:
2026-05-11 09:49:45,037 - helper_functions - INFO -      Number of nodes: 4883
2026-05-11 09:49:45,037 - helper_functions - INFO -      Ratio: 0.5389029908398631
2026-05-11 09:49:45,037 - helper_functions - INFO -      Number of unique users: 343
2026-05-11 09:49:45,037 - helper_functions - INFO -      Number of unique items: 4540
2026-05-11 09:49:45,038 - helper_functions - INFO -      Total dominant set edge: 70473
2026-05-11 09:49:45,038 - helper_functions - INFO -      Trainable edges: 56378.4
2026-05-11 09:49:45,046 - root - INFO -   **** Getting 70473 dominant set edges
2026-05-11 09:49:45,972 - optuna.storages._rdb.storage - INFO - A new study created in RDB with name: Study_e_100K_1c3dcs
2026-05-11 09:50:32,585 - optuna.study.study - INFO - Trial 0 finished with value: 0.015202675955868909 and parameters: {'n_layers': 4, 'embedding_dim': 128, 'lr': 0.005208623247716919, 'lambda_val': 2.5860611511737556e-06, 'batch_size': 1032, 'optimizer': 'RMSprop'}. Best is trial 0 with value: 0.015202675955868909.
2026-05-11 09:51:08,832 - optuna.study.study - INFO - Trial 1 finished with value: 0.0011303862812944627 and parameters: {'n_layers': 2, 'embedding_dim': 128, 'lr': 5.1568567988055126e-05, 'lambda_val': 0.016401418709189985, 'batch_size': 3553, 'optimizer': 'SGD'}. Best is trial 0 with value: 0.015202675955868909.
2026-05-11 09:51:43,833 - optuna.study.study - INFO - Trial 2 finished with value: 0.04746487163529292 and parameters: {'n_layers': 3, 'embedding_dim': 32, 'lr': 7.801330330745394e-05, 'lambda_val': 8.955439101213709e-06, 'batch_size': 2493, 'optimizer': 'Adam'}. Best is trial 2 with value: 0.04746487163529292.
2026-05-11 09:52:14,157 - optuna.study.study - INFO - Trial 3 finished with value: 0.025287477433163414 and parameters: {'n_layers': 1, 'embedding_dim': 32, 'lr': 0.00019093926652590353, 'lambda_val': 0.07217654138622677, 'batch_size': 3992, 'optimizer': 'Adam'}. Best is trial 2 with value: 0.04746487163529292.
2026-05-11 09:52:55,516 - optuna.study.study - INFO - Trial 4 finished with value: 0.0020978361079330766 and parameters: {'n_layers': 4, 'embedding_dim': 96, 'lr': 0.0030293437918895967, 'lambda_val': 0.00019561526757835138, 'batch_size': 1245, 'optimizer': 'SGD'}. Best is trial 2 with value: 0.04746487163529292.
2026-05-11 09:53:01,691 - optuna.study._optimize - INFO - Trial 5 pruned. 
2026-05-11 09:53:46,540 - optuna.study.study - INFO - Trial 6 finished with value: 0.02068329730810706 and parameters: {'n_layers': 3, 'embedding_dim': 128, 'lr': 0.0006271671834707441, 'lambda_val': 0.014913001983041985, 'batch_size': 2790, 'optimizer': 'Adam'}. Best is trial 2 with value: 0.04746487163529292.
2026-05-11 09:53:51,058 - optuna.study._optimize - INFO - Trial 7 pruned. 
2026-05-11 09:53:55,144 - optuna.study._optimize - INFO - Trial 8 pruned. 
2026-05-11 09:54:23,745 - optuna.study.study - INFO - Trial 9 finished with value: 0.03984009861378546 and parameters: {'n_layers': 1, 'embedding_dim': 64, 'lr': 0.033643387192100964, 'lambda_val': 4.100188258409881e-06, 'batch_size': 1352, 'optimizer': 'RMSprop'}. Best is trial 2 with value: 0.04746487163529292.
2026-05-11 09:54:57,396 - optuna.study.study - INFO - Trial 10 finished with value: 0.011952374239715662 and parameters: {'n_layers': 3, 'embedding_dim': 32, 'lr': 0.0002443593398093867, 'lambda_val': 6.062954912504405e-05, 'batch_size': 2022, 'optimizer': 'Adam'}. Best is trial 2 with value: 0.04746487163529292.
2026-05-11 09:55:01,646 - optuna.study._optimize - INFO - Trial 11 pruned. 
2026-05-11 09:55:05,300 - optuna.study._optimize - INFO - Trial 12 pruned. 
2026-05-11 09:55:11,640 - optuna.study._optimize - INFO - Trial 13 pruned. 
2026-05-11 09:55:45,192 - optuna.study.study - INFO - Trial 14 finished with value: 0.02344197317135246 and parameters: {'n_layers': 2, 'embedding_dim': 96, 'lr': 0.001072735560818038, 'lambda_val': 1.1282494346855451e-05, 'batch_size': 1689, 'optimizer': 'Adam'}. Best is trial 2 with value: 0.04746487163529292.
2026-05-11 09:55:49,942 - optuna.study._optimize - INFO - Trial 15 pruned. 
2026-05-11 09:56:21,241 - optuna.study.study - INFO - Trial 16 finished with value: 0.07313591525089352 and parameters: {'n_layers': 1, 'embedding_dim': 64, 'lr': 7.535372379482821e-05, 'lambda_val': 0.0014975660672763547, 'batch_size': 3323, 'optimizer': 'Adam'}. Best is trial 16 with value: 0.07313591525089352.
2026-05-11 09:56:54,613 - optuna.study.study - INFO - Trial 17 finished with value: 0.0408322698986336 and parameters: {'n_layers': 2, 'embedding_dim': 64, 'lr': 6.422357527045733e-05, 'lambda_val': 0.0015948953580146065, 'batch_size': 3310, 'optimizer': 'Adam'}. Best is trial 16 with value: 0.07313591525089352.
2026-05-11 09:56:58,741 - optuna.study._optimize - INFO - Trial 18 pruned. 
2026-05-11 09:57:03,722 - optuna.study._optimize - INFO - Trial 19 pruned. 
2026-05-11 09:57:40,031 - optuna.study.study - INFO - Trial 20 finished with value: 0.05972242688528684 and parameters: {'n_layers': 1, 'embedding_dim': 256, 'lr': 0.0006561888917359335, 'lambda_val': 0.0006840024136518896, 'batch_size': 2574, 'optimizer': 'Adam'}. Best is trial 16 with value: 0.07313591525089352.
2026-05-11 09:58:17,005 - optuna.study.study - INFO - Trial 21 finished with value: 0.05168670764777537 and parameters: {'n_layers': 1, 'embedding_dim': 256, 'lr': 0.0008442073912536205, 'lambda_val': 0.00046847872033375107, 'batch_size': 2352, 'optimizer': 'Adam'}. Best is trial 16 with value: 0.07313591525089352.
2026-05-11 09:58:52,150 - optuna.study.study - INFO - Trial 22 finished with value: 0.05960598807409131 and parameters: {'n_layers': 1, 'embedding_dim': 256, 'lr': 0.0008826694356282252, 'lambda_val': 0.000614895274961958, 'batch_size': 1971, 'optimizer': 'Adam'}. Best is trial 16 with value: 0.07313591525089352.
2026-05-11 09:59:35,546 - optuna.study.study - INFO - Trial 23 finished with value: 0.06352229853776634 and parameters: {'n_layers': 1, 'embedding_dim': 256, 'lr': 0.001812845576426602, 'lambda_val': 0.005343095708779815, 'batch_size': 1942, 'optimizer': 'Adam'}. Best is trial 16 with value: 0.07313591525089352.
2026-05-11 10:00:13,235 - optuna.study.study - INFO - Trial 24 finished with value: 0.06664791238396214 and parameters: {'n_layers': 1, 'embedding_dim': 256, 'lr': 0.002227956898444938, 'lambda_val': 0.004493984149480832, 'batch_size': 2965, 'optimizer': 'Adam'}. Best is trial 16 with value: 0.07313591525089352.
2026-05-11 10:00:47,474 - optuna.study.study - INFO - Trial 25 finished with value: 0.06300814032662932 and parameters: {'n_layers': 1, 'embedding_dim': 256, 'lr': 0.002766118912719876, 'lambda_val': 0.004125872206619109, 'batch_size': 3053, 'optimizer': 'Adam'}. Best is trial 16 with value: 0.07313591525089352.
2026-05-11 10:01:03,438 - optuna.study._optimize - INFO - Trial 26 pruned. 
2026-05-11 10:01:39,363 - optuna.study.study - INFO - Trial 27 finished with value: 0.05004714108953902 and parameters: {'n_layers': 1, 'embedding_dim': 256, 'lr': 0.00030371706845859703, 'lambda_val': 0.03921868845191129, 'batch_size': 2855, 'optimizer': 'Adam'}. Best is trial 16 with value: 0.07313591525089352.
2026-05-11 10:02:13,091 - optuna.study.study - INFO - Trial 28 finished with value: 0.057785183545474114 and parameters: {'n_layers': 1, 'embedding_dim': 64, 'lr': 0.008397087519639242, 'lambda_val': 0.002024391439450591, 'batch_size': 3757, 'optimizer': 'Adam'}. Best is trial 16 with value: 0.07313591525089352.
2026-05-11 10:02:23,830 - optuna.study._optimize - INFO - Trial 29 pruned. 
2026-05-11 10:02:29,331 - optuna.study._optimize - INFO - Trial 30 pruned. 
2026-05-11 10:03:12,039 - optuna.study.study - INFO - Trial 31 finished with value: 0.062151528519372466 and parameters: {'n_layers': 1, 'embedding_dim': 256, 'lr': 0.0032248386146363772, 'lambda_val': 0.0043185480128111395, 'batch_size': 3073, 'optimizer': 'Adam'}. Best is trial 16 with value: 0.07313591525089352.
2026-05-11 10:03:49,291 - optuna.study.study - INFO - Trial 32 finished with value: 0.06341230078737409 and parameters: {'n_layers': 1, 'embedding_dim': 256, 'lr': 0.004060106330081236, 'lambda_val': 0.0031037804199355178, 'batch_size': 3254, 'optimizer': 'Adam'}. Best is trial 16 with value: 0.07313591525089352.
2026-05-11 10:04:26,928 - optuna.study.study - INFO - Trial 33 finished with value: 0.06480093621138355 and parameters: {'n_layers': 1, 'embedding_dim': 256, 'lr': 0.012444821373573573, 'lambda_val': 0.013575815176081118, 'batch_size': 3331, 'optimizer': 'Adam'}. Best is trial 16 with value: 0.07313591525089352.
2026-05-11 10:04:31,678 - optuna.study._optimize - INFO - Trial 34 pruned. 
2026-05-11 10:04:36,410 - optuna.study._optimize - INFO - Trial 35 pruned. 
2026-05-11 10:04:40,661 - optuna.study._optimize - INFO - Trial 36 pruned. 
2026-05-11 10:04:45,276 - optuna.study._optimize - INFO - Trial 37 pruned. 
2026-05-11 10:04:50,640 - optuna.study._optimize - INFO - Trial 38 pruned. 
2026-05-11 10:05:31,640 - optuna.study.study - INFO - Trial 39 finished with value: 0.0658332557175443 and parameters: {'n_layers': 1, 'embedding_dim': 256, 'lr': 0.005770179793273657, 'lambda_val': 0.0002620259440520264, 'batch_size': 2729, 'optimizer': 'Adam'}. Best is trial 16 with value: 0.07313591525089352.
2026-05-11 10:05:41,161 - optuna.study._optimize - INFO - Trial 40 pruned. 
2026-05-11 10:06:18,476 - optuna.study.study - INFO - Trial 41 finished with value: 0.06749703686281561 and parameters: {'n_layers': 1, 'embedding_dim': 256, 'lr': 0.013160934298046297, 'lambda_val': 0.0011122312569450345, 'batch_size': 2668, 'optimizer': 'Adam'}. Best is trial 16 with value: 0.07313591525089352.
2026-05-11 10:06:26,551 - optuna.study._optimize - INFO - Trial 42 pruned. 
2026-05-11 10:07:03,377 - optuna.study.study - INFO - Trial 43 finished with value: 0.07695420475218138 and parameters: {'n_layers': 1, 'embedding_dim': 256, 'lr': 0.008448826546906757, 'lambda_val': 0.0003649997206465695, 'batch_size': 2902, 'optimizer': 'Adam'}. Best is trial 43 with value: 0.07695420475218138.
2026-05-11 10:07:07,679 - optuna.study._optimize - INFO - Trial 44 pruned. 
2026-05-11 10:07:37,503 - optuna.study.study - INFO - Trial 45 finished with value: 0.06103833336974995 and parameters: {'n_layers': 1, 'embedding_dim': 64, 'lr': 0.005295368830227445, 'lambda_val': 0.0012574033510790517, 'batch_size': 2749, 'optimizer': 'Adam'}. Best is trial 43 with value: 0.07695420475218138.
2026-05-11 10:07:41,934 - optuna.study._optimize - INFO - Trial 46 pruned. 
2026-05-11 10:07:55,247 - optuna.study._optimize - INFO - Trial 47 pruned. 
2026-05-11 10:07:59,696 - optuna.study._optimize - INFO - Trial 48 pruned. 
2026-05-11 10:08:12,822 - optuna.study._optimize - INFO - Trial 49 pruned. 
2026-05-11 10:08:18,133 - optuna.study._optimize - INFO - Trial 50 pruned. 
2026-05-11 10:08:55,208 - optuna.study.study - INFO - Trial 51 finished with value: 0.07754099763411763 and parameters: {'n_layers': 1, 'embedding_dim': 256, 'lr': 0.016164062994853616, 'lambda_val': 0.000304165741636426, 'batch_size': 3413, 'optimizer': 'Adam'}. Best is trial 51 with value: 0.07754099763411763.
2026-05-11 10:09:32,721 - optuna.study.study - INFO - Trial 52 finished with value: 0.07459021889936955 and parameters: {'n_layers': 1, 'embedding_dim': 256, 'lr': 0.017827263965384456, 'lambda_val': 0.000318691701096157, 'batch_size': 3531, 'optimizer': 'Adam'}. Best is trial 51 with value: 0.07754099763411763.
2026-05-11 10:10:10,216 - optuna.study.study - INFO - Trial 53 finished with value: 0.07311439529850808 and parameters: {'n_layers': 1, 'embedding_dim': 256, 'lr': 0.017917538501260474, 'lambda_val': 0.0004464424895600198, 'batch_size': 3637, 'optimizer': 'Adam'}. Best is trial 51 with value: 0.07754099763411763.
2026-05-11 10:10:14,868 - optuna.study._optimize - INFO - Trial 54 pruned. 
2026-05-11 10:10:19,189 - optuna.study._optimize - INFO - Trial 55 pruned. 
2026-05-11 10:10:24,098 - optuna.study._optimize - INFO - Trial 56 pruned. 
2026-05-11 10:10:28,398 - optuna.study._optimize - INFO - Trial 57 pruned. 
2026-05-11 10:10:35,039 - optuna.study._optimize - INFO - Trial 58 pruned. 
2026-05-11 10:10:42,877 - optuna.study._optimize - INFO - Trial 59 pruned. 
2026-05-11 10:10:48,288 - optuna.study._optimize - INFO - Trial 60 pruned. 
2026-05-11 10:11:26,312 - optuna.study.study - INFO - Trial 61 finished with value: 0.06821333344169417 and parameters: {'n_layers': 1, 'embedding_dim': 256, 'lr': 0.0146507508652719, 'lambda_val': 0.002245223076817668, 'batch_size': 3518, 'optimizer': 'Adam'}. Best is trial 51 with value: 0.07754099763411763.
2026-05-11 10:12:10,462 - optuna.study.study - INFO - Trial 62 finished with value: 0.06923095285087338 and parameters: {'n_layers': 1, 'embedding_dim': 256, 'lr': 0.016377094134901866, 'lambda_val': 0.0022161949346009282, 'batch_size': 3564, 'optimizer': 'Adam'}. Best is trial 51 with value: 0.07754099763411763.
2026-05-11 10:12:47,645 - optuna.study.study - INFO - Trial 63 finished with value: 0.0645867681317325 and parameters: {'n_layers': 1, 'embedding_dim': 256, 'lr': 0.017538587064860528, 'lambda_val': 0.001970877438118634, 'batch_size': 3569, 'optimizer': 'Adam'}. Best is trial 51 with value: 0.07754099763411763.
2026-05-11 10:12:52,291 - optuna.study._optimize - INFO - Trial 64 pruned. 
2026-05-11 10:13:29,955 - optuna.study.study - INFO - Trial 65 finished with value: 0.07178484340551987 and parameters: {'n_layers': 1, 'embedding_dim': 256, 'lr': 0.008948213795876691, 'lambda_val': 0.0021670142194987673, 'batch_size': 3716, 'optimizer': 'Adam'}. Best is trial 51 with value: 0.07754099763411763.
2026-05-11 10:13:33,889 - optuna.study._optimize - INFO - Trial 66 pruned. 
2026-05-11 10:14:11,509 - optuna.study.study - INFO - Trial 67 finished with value: 0.06483905264767 and parameters: {'n_layers': 1, 'embedding_dim': 256, 'lr': 0.010063692178748956, 'lambda_val': 0.0028232086580262388, 'batch_size': 3688, 'optimizer': 'Adam'}. Best is trial 51 with value: 0.07754099763411763.
2026-05-11 10:14:16,372 - optuna.study._optimize - INFO - Trial 68 pruned. 
2026-05-11 10:14:53,545 - optuna.study.study - INFO - Trial 69 finished with value: 0.07261308043592295 and parameters: {'n_layers': 1, 'embedding_dim': 256, 'lr': 0.007452414771407115, 'lambda_val': 0.00031182964635926273, 'batch_size': 3130, 'optimizer': 'Adam'}. Best is trial 51 with value: 0.07754099763411763.
2026-05-11 10:14:58,855 - optuna.study._optimize - INFO - Trial 70 pruned. 
2026-05-11 10:15:44,158 - optuna.study.study - INFO - Trial 71 finished with value: 0.0694194481095008 and parameters: {'n_layers': 1, 'embedding_dim': 256, 'lr': 0.008587481839705861, 'lambda_val': 0.0004616120324551803, 'batch_size': 3329, 'optimizer': 'Adam'}. Best is trial 51 with value: 0.07754099763411763.
2026-05-11 10:16:21,025 - optuna.study.study - INFO - Trial 72 finished with value: 0.07499712236382523 and parameters: {'n_layers': 1, 'embedding_dim': 256, 'lr': 0.007430530470526576, 'lambda_val': 0.0005953274061984057, 'batch_size': 3374, 'optimizer': 'Adam'}. Best is trial 51 with value: 0.07754099763411763.
2026-05-11 10:16:56,491 - optuna.study.study - INFO - Trial 73 finished with value: 0.05094934971638384 and parameters: {'n_layers': 1, 'embedding_dim': 256, 'lr': 0.001238739591692714, 'lambda_val': 0.0006366790507139755, 'batch_size': 750, 'optimizer': 'Adam'}. Best is trial 51 with value: 0.07754099763411763.
2026-05-11 10:17:33,830 - optuna.study.study - INFO - Trial 74 finished with value: 0.06297752867562083 and parameters: {'n_layers': 1, 'embedding_dim': 256, 'lr': 0.006639098473815011, 'lambda_val': 0.00013760726530026907, 'batch_size': 3382, 'optimizer': 'Adam'}. Best is trial 51 with value: 0.07754099763411763.
2026-05-11 10:17:38,007 - optuna.study._optimize - INFO - Trial 75 pruned. 
2026-05-11 10:17:42,838 - optuna.study._optimize - INFO - Trial 76 pruned. 
2026-05-11 10:17:58,437 - optuna.study._optimize - INFO - Trial 77 pruned. 
2026-05-11 10:18:41,865 - optuna.study.study - INFO - Trial 78 finished with value: 0.04514387297200865 and parameters: {'n_layers': 1, 'embedding_dim': 256, 'lr': 0.0029795996175073524, 'lambda_val': 3.961593266642719e-06, 'batch_size': 3651, 'optimizer': 'Adam'}. Best is trial 51 with value: 0.07754099763411763.
2026-05-11 10:18:47,506 - optuna.study._optimize - INFO - Trial 79 pruned. 
2026-05-11 10:19:24,530 - optuna.study.study - INFO - Trial 80 finished with value: 0.08186599952480411 and parameters: {'n_layers': 1, 'embedding_dim': 256, 'lr': 0.007438610188939794, 'lambda_val': 0.0004953238962682111, 'batch_size': 3447, 'optimizer': 'Adam'}. Best is trial 80 with value: 0.08186599952480411.
2026-05-11 10:20:02,021 - optuna.study.study - INFO - Trial 81 finished with value: 0.07114512424090758 and parameters: {'n_layers': 1, 'embedding_dim': 256, 'lr': 0.006917714139119869, 'lambda_val': 0.0005266457180746392, 'batch_size': 3442, 'optimizer': 'Adam'}. Best is trial 80 with value: 0.08186599952480411.
2026-05-11 10:20:06,623 - optuna.study._optimize - INFO - Trial 82 pruned. 
2026-05-11 10:20:44,437 - optuna.study.study - INFO - Trial 83 finished with value: 0.07800221465484351 and parameters: {'n_layers': 1, 'embedding_dim': 256, 'lr': 0.010478205922586891, 'lambda_val': 0.00036798143946102635, 'batch_size': 3334, 'optimizer': 'Adam'}. Best is trial 80 with value: 0.08186599952480411.
2026-05-11 10:20:49,134 - optuna.study._optimize - INFO - Trial 84 pruned. 
2026-05-11 10:20:53,620 - optuna.study._optimize - INFO - Trial 85 pruned. 
2026-05-11 10:21:31,632 - optuna.study.study - INFO - Trial 86 finished with value: 0.0756336216145531 and parameters: {'n_layers': 1, 'embedding_dim': 256, 'lr': 0.005536416450629092, 'lambda_val': 0.001336463928026273, 'batch_size': 3492, 'optimizer': 'Adam'}. Best is trial 80 with value: 0.08186599952480411.
2026-05-11 10:22:17,107 - optuna.study.study - INFO - Trial 87 finished with value: 0.05261916652007107 and parameters: {'n_layers': 1, 'embedding_dim': 64, 'lr': 0.0003522067812934135, 'lambda_val': 0.0011576565897638707, 'batch_size': 3495, 'optimizer': 'Adam'}. Best is trial 80 with value: 0.08186599952480411.
2026-05-11 10:22:22,715 - optuna.study._optimize - INFO - Trial 88 pruned. 
2026-05-11 10:22:27,164 - optuna.study._optimize - INFO - Trial 89 pruned. 
2026-05-11 10:23:04,681 - optuna.study.study - INFO - Trial 90 finished with value: 0.06581100347785188 and parameters: {'n_layers': 1, 'embedding_dim': 256, 'lr': 0.005344041902575291, 'lambda_val': 0.0005716969609752361, 'batch_size': 3554, 'optimizer': 'Adam'}. Best is trial 80 with value: 0.08186599952480411.
2026-05-11 10:23:41,738 - optuna.study.study - INFO - Trial 91 finished with value: 0.07405779117715064 and parameters: {'n_layers': 1, 'embedding_dim': 256, 'lr': 0.007396410177073176, 'lambda_val': 0.00023045503216397996, 'batch_size': 3604, 'optimizer': 'Adam'}. Best is trial 80 with value: 0.08186599952480411.
2026-05-11 10:23:46,887 - optuna.study._optimize - INFO - Trial 92 pruned. 
2026-05-11 10:23:51,640 - optuna.study._optimize - INFO - Trial 93 pruned. 
2026-05-11 10:24:29,518 - optuna.study.study - INFO - Trial 94 finished with value: 0.05596631712714202 and parameters: {'n_layers': 1, 'embedding_dim': 256, 'lr': 0.0033951936701821944, 'lambda_val': 0.00017163893215387018, 'batch_size': 3478, 'optimizer': 'Adam'}. Best is trial 80 with value: 0.08186599952480411.
2026-05-11 10:24:34,241 - optuna.study._optimize - INFO - Trial 95 pruned. 
2026-05-11 10:24:40,557 - optuna.study._optimize - INFO - Trial 96 pruned. 
2026-05-11 10:24:44,797 - optuna.study._optimize - INFO - Trial 97 pruned. 
2026-05-11 10:24:49,521 - optuna.study._optimize - INFO - Trial 98 pruned. 
2026-05-11 10:24:56,778 - optuna.study._optimize - INFO - Trial 99 pruned. 
2026-05-11 10:25:43,460 - optuna.study.study - INFO - Trial 100 finished with value: 0.0817895643993615 and parameters: {'n_layers': 1, 'embedding_dim': 256, 'lr': 0.010456840907397772, 'lambda_val': 0.0011449204627445595, 'batch_size': 3692, 'optimizer': 'Adam'}. Best is trial 80 with value: 0.08186599952480411.
2026-05-11 10:25:47,952 - optuna.study._optimize - INFO - Trial 101 pruned. 
2026-05-11 10:26:24,837 - optuna.study.study - INFO - Trial 102 finished with value: 0.07269448632200143 and parameters: {'n_layers': 1, 'embedding_dim': 256, 'lr': 0.00804611768147661, 'lambda_val': 0.0017065290047459788, 'batch_size': 3487, 'optimizer': 'Adam'}. Best is trial 80 with value: 0.08186599952480411.
2026-05-11 10:27:00,770 - optuna.study.study - INFO - Trial 103 finished with value: 0.0762224332047681 and parameters: {'n_layers': 1, 'embedding_dim': 256, 'lr': 0.014442998108697024, 'lambda_val': 0.0010179049561800824, 'batch_size': 3866, 'optimizer': 'Adam'}. Best is trial 80 with value: 0.08186599952480411.
2026-05-11 10:27:38,671 - optuna.study.study - INFO - Trial 104 finished with value: 0.06724561284230898 and parameters: {'n_layers': 1, 'embedding_dim': 256, 'lr': 0.01469171820442833, 'lambda_val': 0.0030606812914411867, 'batch_size': 3858, 'optimizer': 'Adam'}. Best is trial 80 with value: 0.08186599952480411.
2026-05-11 10:28:14,411 - optuna.study.study - INFO - Trial 105 finished with value: 0.07023051707578275 and parameters: {'n_layers': 1, 'embedding_dim': 256, 'lr': 0.006049737526161597, 'lambda_val': 0.0009987999264466586, 'batch_size': 3753, 'optimizer': 'Adam'}. Best is trial 80 with value: 0.08186599952480411.
2026-05-11 10:28:46,551 - optuna.study.study - INFO - Trial 106 finished with value: 0.05456686076222611 and parameters: {'n_layers': 1, 'embedding_dim': 96, 'lr': 0.003431209948590861, 'lambda_val': 0.0006863939917275697, 'batch_size': 3982, 'optimizer': 'Adam'}. Best is trial 80 with value: 0.08186599952480411.
2026-05-11 10:28:57,057 - optuna.study._optimize - INFO - Trial 107 pruned. 
2026-05-11 10:29:02,280 - optuna.study._optimize - INFO - Trial 108 pruned. 
2026-05-11 10:29:39,829 - optuna.study.study - INFO - Trial 109 finished with value: 0.065934391353581 and parameters: {'n_layers': 1, 'embedding_dim': 256, 'lr': 0.002568630979526069, 'lambda_val': 0.00150136584183439, 'batch_size': 3920, 'optimizer': 'Adam'}. Best is trial 80 with value: 0.08186599952480411.
2026-05-11 10:29:43,668 - optuna.study._optimize - INFO - Trial 110 pruned. 
2026-05-11 10:30:21,396 - optuna.study.study - INFO - Trial 111 finished with value: 0.07644226668101692 and parameters: {'n_layers': 1, 'embedding_dim': 256, 'lr': 0.009884672562320968, 'lambda_val': 0.00047343431140043247, 'batch_size': 3645, 'optimizer': 'Adam'}. Best is trial 80 with value: 0.08186599952480411.
2026-05-11 10:30:26,101 - optuna.study._optimize - INFO - Trial 112 pruned. 
2026-05-11 10:30:30,793 - optuna.study._optimize - INFO - Trial 113 pruned. 
2026-05-11 10:30:36,149 - optuna.study._optimize - INFO - Trial 114 pruned. 
2026-05-11 10:31:13,164 - optuna.study.study - INFO - Trial 115 finished with value: 0.07118881803468126 and parameters: {'n_layers': 1, 'embedding_dim': 256, 'lr': 0.00909051331116406, 'lambda_val': 0.0009123490866714416, 'batch_size': 3329, 'optimizer': 'Adam'}. Best is trial 80 with value: 0.08186599952480411.
2026-05-11 10:31:50,578 - optuna.study.study - INFO - Trial 116 finished with value: 0.06940728964206273 and parameters: {'n_layers': 1, 'embedding_dim': 256, 'lr': 0.005028296167248077, 'lambda_val': 0.0013151728134844125, 'batch_size': 3185, 'optimizer': 'Adam'}. Best is trial 80 with value: 0.08186599952480411.
2026-05-11 10:31:55,195 - optuna.study._optimize - INFO - Trial 117 pruned. 
2026-05-11 10:32:32,593 - optuna.study.study - INFO - Trial 118 finished with value: 0.06454568891105224 and parameters: {'n_layers': 1, 'embedding_dim': 256, 'lr': 0.006920487553440714, 'lambda_val': 0.00016823271030673347, 'batch_size': 3836, 'optimizer': 'Adam'}. Best is trial 80 with value: 0.08186599952480411.
2026-05-11 10:33:10,038 - optuna.study.study - INFO - Trial 119 finished with value: 0.06962837311849353 and parameters: {'n_layers': 1, 'embedding_dim': 256, 'lr': 0.011169537643768261, 'lambda_val': 0.00026991029599894323, 'batch_size': 3662, 'optimizer': 'Adam'}. Best is trial 80 with value: 0.08186599952480411.
2026-05-11 10:33:15,313 - optuna.study._optimize - INFO - Trial 120 pruned. 
2026-05-11 10:33:20,070 - optuna.study._optimize - INFO - Trial 121 pruned. 
2026-05-11 10:33:24,903 - optuna.study._optimize - INFO - Trial 122 pruned. 
2026-05-11 10:34:00,792 - optuna.study.study - INFO - Trial 123 finished with value: 0.06924416399046886 and parameters: {'n_layers': 1, 'embedding_dim': 256, 'lr': 0.007716939293307539, 'lambda_val': 0.0010612054463538057, 'batch_size': 3509, 'optimizer': 'Adam'}. Best is trial 80 with value: 0.08186599952480411.
2026-05-11 10:34:41,234 - optuna.study.study - INFO - Trial 124 finished with value: 0.07128746760953193 and parameters: {'n_layers': 1, 'embedding_dim': 256, 'lr': 0.009943665285757531, 'lambda_val': 0.00048460896557731876, 'batch_size': 3357, 'optimizer': 'Adam'}. Best is trial 80 with value: 0.08186599952480411.
2026-05-11 10:34:48,390 - optuna.study._optimize - INFO - Trial 125 pruned. 
2026-05-11 10:34:56,243 - optuna.study._optimize - INFO - Trial 126 pruned. 
2026-05-11 10:35:18,263 - optuna.study._optimize - INFO - Trial 127 pruned. 
2026-05-11 10:35:22,710 - optuna.study._optimize - INFO - Trial 128 pruned. 
2026-05-11 10:35:27,179 - optuna.study._optimize - INFO - Trial 129 pruned. 
2026-05-11 10:35:31,959 - optuna.study._optimize - INFO - Trial 130 pruned. 
2026-05-11 10:36:09,095 - optuna.study.study - INFO - Trial 131 finished with value: 0.06825546506201177 and parameters: {'n_layers': 1, 'embedding_dim': 256, 'lr': 0.00699282290001523, 'lambda_val': 0.002451462412218272, 'batch_size': 3518, 'optimizer': 'Adam'}. Best is trial 80 with value: 0.08186599952480411.
2026-05-11 10:36:46,389 - optuna.study.study - INFO - Trial 132 finished with value: 0.0653881850248115 and parameters: {'n_layers': 1, 'embedding_dim': 256, 'lr': 0.007946276452095816, 'lambda_val': 0.0016458148330149274, 'batch_size': 3475, 'optimizer': 'Adam'}. Best is trial 80 with value: 0.08186599952480411.
2026-05-11 10:37:23,105 - optuna.study.study - INFO - Trial 133 finished with value: 0.07200806544761344 and parameters: {'n_layers': 1, 'embedding_dim': 256, 'lr': 0.008812804907631462, 'lambda_val': 0.0011461878929651705, 'batch_size': 3285, 'optimizer': 'Adam'}. Best is trial 80 with value: 0.08186599952480411.
2026-05-11 10:38:00,528 - optuna.study.study - INFO - Trial 134 finished with value: 0.07125375540410071 and parameters: {'n_layers': 1, 'embedding_dim': 256, 'lr': 0.01256711690653034, 'lambda_val': 0.000826284569771964, 'batch_size': 3373, 'optimizer': 'Adam'}. Best is trial 80 with value: 0.08186599952480411.
2026-05-11 10:38:05,360 - optuna.study._optimize - INFO - Trial 135 pruned. 
2026-05-11 10:38:10,095 - optuna.study._optimize - INFO - Trial 136 pruned. 
2026-05-11 10:38:47,837 - optuna.study.study - INFO - Trial 137 finished with value: 0.0698474698305985 and parameters: {'n_layers': 1, 'embedding_dim': 256, 'lr': 0.006476109900709324, 'lambda_val': 0.0003512666992171252, 'batch_size': 3483, 'optimizer': 'Adam'}. Best is trial 80 with value: 0.08186599952480411.
2026-05-11 10:38:51,928 - optuna.study._optimize - INFO - Trial 138 pruned. 
2026-05-11 10:38:56,600 - optuna.study._optimize - INFO - Trial 139 pruned. 
2026-05-11 10:39:01,750 - optuna.study._optimize - INFO - Trial 140 pruned. 
2026-05-11 10:39:47,111 - optuna.study.study - INFO - Trial 141 finished with value: 0.06974717399568245 and parameters: {'n_layers': 1, 'embedding_dim': 256, 'lr': 0.0048932969130158, 'lambda_val': 0.0002937890321181164, 'batch_size': 3110, 'optimizer': 'Adam'}. Best is trial 80 with value: 0.08186599952480411.
2026-05-11 10:39:51,767 - optuna.study._optimize - INFO - Trial 142 pruned. 
2026-05-11 10:39:56,657 - optuna.study._optimize - INFO - Trial 143 pruned. 
2026-05-11 10:40:19,700 - optuna.study._optimize - INFO - Trial 144 pruned. 
2026-05-11 10:40:24,508 - optuna.study._optimize - INFO - Trial 145 pruned. 
2026-05-11 10:41:02,571 - optuna.study.study - INFO - Trial 146 finished with value: 0.07367796367343322 and parameters: {'n_layers': 1, 'embedding_dim': 256, 'lr': 0.0037342963976460817, 'lambda_val': 0.001413621210080672, 'batch_size': 3285, 'optimizer': 'Adam'}. Best is trial 80 with value: 0.08186599952480411.
2026-05-11 10:41:40,124 - optuna.study.study - INFO - Trial 147 finished with value: 0.07125909016872031 and parameters: {'n_layers': 1, 'embedding_dim': 256, 'lr': 0.003667172920999418, 'lambda_val': 0.0013424697546884014, 'batch_size': 3583, 'optimizer': 'Adam'}. Best is trial 80 with value: 0.08186599952480411.
2026-05-11 10:42:24,350 - optuna.study.study - INFO - Trial 148 finished with value: 0.07225897482040007 and parameters: {'n_layers': 1, 'embedding_dim': 256, 'lr': 0.004235478855728306, 'lambda_val': 0.0008324259611992409, 'batch_size': 3312, 'optimizer': 'Adam'}. Best is trial 80 with value: 0.08186599952480411.
2026-05-11 10:42:28,895 - optuna.study._optimize - INFO - Trial 149 pruned. 
2026-05-11 10:43:06,149 - optuna.study.study - INFO - Trial 150 finished with value: 0.07008812945242052 and parameters: {'n_layers': 1, 'embedding_dim': 256, 'lr': 0.015264023028272847, 'lambda_val': 0.0026833937993824804, 'batch_size': 3780, 'optimizer': 'Adam'}. Best is trial 80 with value: 0.08186599952480411.
2026-05-11 10:43:11,263 - optuna.study._optimize - INFO - Trial 151 pruned. 
2026-05-11 10:43:48,467 - optuna.study.study - INFO - Trial 152 finished with value: 0.0655350472988928 and parameters: {'n_layers': 1, 'embedding_dim': 256, 'lr': 0.00565771743814473, 'lambda_val': 0.0014363620377375271, 'batch_size': 3363, 'optimizer': 'Adam'}. Best is trial 80 with value: 0.08186599952480411.
2026-05-11 10:44:26,455 - optuna.study.study - INFO - Trial 153 finished with value: 0.07266736805575194 and parameters: {'n_layers': 1, 'embedding_dim': 256, 'lr': 0.007113960741311189, 'lambda_val': 0.0004231751561745597, 'batch_size': 3156, 'optimizer': 'Adam'}. Best is trial 80 with value: 0.08186599952480411.
2026-05-11 10:44:31,233 - optuna.study._optimize - INFO - Trial 154 pruned. 
2026-05-11 10:45:08,544 - optuna.study.study - INFO - Trial 155 finished with value: 0.07044042940470355 and parameters: {'n_layers': 1, 'embedding_dim': 256, 'lr': 0.0002497674969086737, 'lambda_val': 0.0006670049925174347, 'batch_size': 3051, 'optimizer': 'Adam'}. Best is trial 80 with value: 0.08186599952480411.
2026-05-11 10:45:53,852 - optuna.study.study - INFO - Trial 156 finished with value: 0.060634164661102864 and parameters: {'n_layers': 1, 'embedding_dim': 128, 'lr': 0.0018648728069647236, 'lambda_val': 0.0009482120378186723, 'batch_size': 3523, 'optimizer': 'Adam'}. Best is trial 80 with value: 0.08186599952480411.
2026-05-11 10:45:58,169 - optuna.study._optimize - INFO - Trial 157 pruned. 
2026-05-11 10:46:35,626 - optuna.study.study - INFO - Trial 158 finished with value: 0.09120841290173527 and parameters: {'n_layers': 1, 'embedding_dim': 256, 'lr': 0.0001269856236490417, 'lambda_val': 0.00045328812725947606, 'batch_size': 3280, 'optimizer': 'Adam'}. Best is trial 158 with value: 0.09120841290173527.
2026-05-11 10:46:40,269 - optuna.study._optimize - INFO - Trial 159 pruned. 
2026-05-11 10:46:44,527 - optuna.study._optimize - INFO - Trial 160 pruned. 
2026-05-11 10:46:49,312 - optuna.study._optimize - INFO - Trial 161 pruned. 
2026-05-11 10:46:54,052 - optuna.study._optimize - INFO - Trial 162 pruned. 
2026-05-11 10:46:58,994 - optuna.study._optimize - INFO - Trial 163 pruned. 
2026-05-11 10:47:04,171 - optuna.study._optimize - INFO - Trial 164 pruned. 
2026-05-11 10:47:41,235 - optuna.study.study - INFO - Trial 165 finished with value: 0.07300257461904339 and parameters: {'n_layers': 1, 'embedding_dim': 256, 'lr': 0.005151872322762116, 'lambda_val': 0.0007765226097916525, 'batch_size': 3346, 'optimizer': 'Adam'}. Best is trial 158 with value: 0.09120841290173527.
2026-05-11 10:48:19,655 - optuna.study.study - INFO - Trial 166 finished with value: 0.0760069996282271 and parameters: {'n_layers': 1, 'embedding_dim': 256, 'lr': 0.00014529859257677617, 'lambda_val': 0.0007152612805106267, 'batch_size': 3359, 'optimizer': 'Adam'}. Best is trial 158 with value: 0.09120841290173527.
2026-05-11 10:49:04,850 - optuna.study.study - INFO - Trial 167 finished with value: 0.07422169763478564 and parameters: {'n_layers': 1, 'embedding_dim': 256, 'lr': 0.00023205499301834692, 'lambda_val': 0.000799601972668555, 'batch_size': 3376, 'optimizer': 'Adam'}. Best is trial 158 with value: 0.09120841290173527.
2026-05-11 10:49:41,584 - optuna.study.study - INFO - Trial 168 finished with value: 0.07621367928244269 and parameters: {'n_layers': 1, 'embedding_dim': 256, 'lr': 0.0001202480749949701, 'lambda_val': 0.0011104908279383184, 'batch_size': 3425, 'optimizer': 'RMSprop'}. Best is trial 158 with value: 0.09120841290173527.
2026-05-11 10:50:18,408 - optuna.study.study - INFO - Trial 169 finished with value: 0.08324063977684974 and parameters: {'n_layers': 1, 'embedding_dim': 256, 'lr': 0.00016559576568312938, 'lambda_val': 0.001088928370039759, 'batch_size': 3250, 'optimizer': 'RMSprop'}. Best is trial 158 with value: 0.09120841290173527.
2026-05-11 10:50:53,587 - optuna.study.study - INFO - Trial 170 finished with value: 0.06984730662398188 and parameters: {'n_layers': 1, 'embedding_dim': 256, 'lr': 0.00016559713085360003, 'lambda_val': 0.0011015744857460472, 'batch_size': 3254, 'optimizer': 'RMSprop'}. Best is trial 158 with value: 0.09120841290173527.
2026-05-11 10:50:57,966 - optuna.study._optimize - INFO - Trial 171 pruned. 
2026-05-11 10:51:32,438 - optuna.study.study - INFO - Trial 172 finished with value: 0.07295527877269564 and parameters: {'n_layers': 1, 'embedding_dim': 256, 'lr': 0.00013124397039877258, 'lambda_val': 0.0013084515309791096, 'batch_size': 3324, 'optimizer': 'RMSprop'}. Best is trial 158 with value: 0.09120841290173527.
2026-05-11 10:52:09,375 - optuna.study.study - INFO - Trial 173 finished with value: 0.06688977698671301 and parameters: {'n_layers': 1, 'embedding_dim': 256, 'lr': 0.000227677533706759, 'lambda_val': 0.0007700838546585626, 'batch_size': 3418, 'optimizer': 'RMSprop'}. Best is trial 158 with value: 0.09120841290173527.
2026-05-11 10:52:45,692 - optuna.study.study - INFO - Trial 174 finished with value: 0.0863137949273258 and parameters: {'n_layers': 1, 'embedding_dim': 256, 'lr': 0.00014694022089092821, 'lambda_val': 0.000545219927785002, 'batch_size': 3541, 'optimizer': 'RMSprop'}. Best is trial 158 with value: 0.09120841290173527.
2026-05-11 10:53:33,536 - optuna.study.study - INFO - Trial 175 finished with value: 0.07544481368051355 and parameters: {'n_layers': 1, 'embedding_dim': 256, 'lr': 0.00014872897289698486, 'lambda_val': 0.0005629845169845911, 'batch_size': 3525, 'optimizer': 'RMSprop'}. Best is trial 158 with value: 0.09120841290173527.
2026-05-11 10:54:10,936 - optuna.study.study - INFO - Trial 176 finished with value: 0.0795180947085556 and parameters: {'n_layers': 1, 'embedding_dim': 256, 'lr': 0.00014011552302175257, 'lambda_val': 0.0005797971471914262, 'batch_size': 3573, 'optimizer': 'RMSprop'}. Best is trial 158 with value: 0.09120841290173527.
2026-05-11 10:54:47,496 - optuna.study.study - INFO - Trial 177 finished with value: 0.08659481532367433 and parameters: {'n_layers': 1, 'embedding_dim': 256, 'lr': 0.0001292759433351309, 'lambda_val': 0.0006761519950643358, 'batch_size': 3524, 'optimizer': 'RMSprop'}. Best is trial 158 with value: 0.09120841290173527.
2026-05-11 10:55:24,479 - optuna.study.study - INFO - Trial 178 finished with value: 0.08423641895141187 and parameters: {'n_layers': 1, 'embedding_dim': 256, 'lr': 0.00016089387735875946, 'lambda_val': 0.000560423323239893, 'batch_size': 3538, 'optimizer': 'RMSprop'}. Best is trial 158 with value: 0.09120841290173527.
2026-05-11 10:55:31,301 - optuna.study._optimize - INFO - Trial 179 pruned. 
2026-05-11 10:55:38,557 - optuna.study._optimize - INFO - Trial 180 pruned. 
2026-05-11 10:55:43,237 - optuna.study._optimize - INFO - Trial 181 pruned. 
2026-05-11 10:56:31,522 - optuna.study.study - INFO - Trial 182 finished with value: 0.07631818372855723 and parameters: {'n_layers': 1, 'embedding_dim': 256, 'lr': 0.00011602520600797897, 'lambda_val': 0.0004859045118280919, 'batch_size': 3609, 'optimizer': 'RMSprop'}. Best is trial 158 with value: 0.09120841290173527.
2026-05-11 10:57:08,434 - optuna.study.study - INFO - Trial 183 finished with value: 0.07601729411866522 and parameters: {'n_layers': 1, 'embedding_dim': 256, 'lr': 0.00012254645874270717, 'lambda_val': 0.0004787382619726273, 'batch_size': 3618, 'optimizer': 'RMSprop'}. Best is trial 158 with value: 0.09120841290173527.
2026-05-11 10:57:45,529 - optuna.study.study - INFO - Trial 184 finished with value: 0.07188107266992078 and parameters: {'n_layers': 1, 'embedding_dim': 256, 'lr': 0.00014967439457055985, 'lambda_val': 0.00048245024829294425, 'batch_size': 3634, 'optimizer': 'RMSprop'}. Best is trial 158 with value: 0.09120841290173527.
2026-05-11 10:58:23,112 - optuna.study.study - INFO - Trial 185 finished with value: 0.07699666265732057 and parameters: {'n_layers': 1, 'embedding_dim': 256, 'lr': 0.00011906024314563807, 'lambda_val': 0.0006943221490507393, 'batch_size': 3691, 'optimizer': 'RMSprop'}. Best is trial 158 with value: 0.09120841290173527.
2026-05-11 10:59:00,095 - optuna.study.study - INFO - Trial 186 finished with value: 0.08046261874871982 and parameters: {'n_layers': 1, 'embedding_dim': 256, 'lr': 0.00011626915419768734, 'lambda_val': 0.0010003249413325357, 'batch_size': 3808, 'optimizer': 'RMSprop'}. Best is trial 158 with value: 0.09120841290173527.
2026-05-11 10:59:04,854 - optuna.study._optimize - INFO - Trial 187 pruned. 
2026-05-11 10:59:42,313 - optuna.study.study - INFO - Trial 188 finished with value: 0.0681331256803171 and parameters: {'n_layers': 1, 'embedding_dim': 256, 'lr': 0.00012303527433173058, 'lambda_val': 0.0009869946405930135, 'batch_size': 3960, 'optimizer': 'RMSprop'}. Best is trial 158 with value: 0.09120841290173527.
2026-05-11 10:59:47,112 - optuna.study._optimize - INFO - Trial 189 pruned. 
2026-05-11 11:00:23,511 - optuna.study.study - INFO - Trial 190 finished with value: 0.07080108859512259 and parameters: {'n_layers': 1, 'embedding_dim': 256, 'lr': 0.00016714116196891107, 'lambda_val': 0.00042380012940360497, 'batch_size': 3704, 'optimizer': 'RMSprop'}. Best is trial 158 with value: 0.09120841290173527.
2026-05-11 11:00:28,736 - optuna.study._optimize - INFO - Trial 191 pruned. 
2026-05-11 11:01:05,289 - optuna.study.study - INFO - Trial 192 finished with value: 0.07180344479655365 and parameters: {'n_layers': 1, 'embedding_dim': 256, 'lr': 0.00021411656296438367, 'lambda_val': 0.001089583291983879, 'batch_size': 3594, 'optimizer': 'RMSprop'}. Best is trial 158 with value: 0.09120841290173527.
2026-05-11 11:01:42,442 - optuna.study.study - INFO - Trial 193 finished with value: 0.08001149128351558 and parameters: {'n_layers': 1, 'embedding_dim': 256, 'lr': 0.00012524029669214426, 'lambda_val': 0.000681362141404699, 'batch_size': 3679, 'optimizer': 'RMSprop'}. Best is trial 158 with value: 0.09120841290173527.
2026-05-11 11:02:18,766 - optuna.study.study - INFO - Trial 194 finished with value: 0.08412702689069425 and parameters: {'n_layers': 1, 'embedding_dim': 256, 'lr': 0.00013455581740848147, 'lambda_val': 0.0006354507031221168, 'batch_size': 3669, 'optimizer': 'RMSprop'}. Best is trial 158 with value: 0.09120841290173527.
2026-05-11 11:02:23,427 - optuna.study._optimize - INFO - Trial 195 pruned. 
2026-05-11 11:03:00,876 - optuna.study.study - INFO - Trial 196 finished with value: 0.07511186417816977 and parameters: {'n_layers': 1, 'embedding_dim': 256, 'lr': 0.00012688837648449757, 'lambda_val': 0.0005677311931510191, 'batch_size': 3764, 'optimizer': 'RMSprop'}. Best is trial 158 with value: 0.09120841290173527.
2026-05-11 11:03:04,780 - optuna.study._optimize - INFO - Trial 197 pruned. 
2026-05-11 11:03:52,458 - optuna.study.study - INFO - Trial 198 finished with value: 0.05099562943342887 and parameters: {'n_layers': 1, 'embedding_dim': 256, 'lr': 0.00037695061100770784, 'lambda_val': 0.0006670362408305649, 'batch_size': 3862, 'optimizer': 'RMSprop'}. Best is trial 158 with value: 0.09120841290173527.
2026-05-11 11:03:57,050 - optuna.study._optimize - INFO - Trial 199 pruned. 
2026-05-11 11:04:27,100 - root - INFO -   **** Training e_100K_1c3dcs_rand1
2026-05-11 11:04:27,113 - root - INFO -   **** Getting 56335/65410 random edges
2026-05-11 11:04:27,393 - optuna.storages._rdb.storage - INFO - A new study created in RDB with name: Study_e_100K_1c3dcs_rand1
2026-05-11 11:05:26,000 - optuna.study.study - INFO - Trial 0 finished with value: 0.0007406327797652657 and parameters: {'n_layers': 3, 'embedding_dim': 128, 'lr': 0.006075078718047611, 'lambda_val': 0.0002857280937160478, 'batch_size': 3741, 'optimizer': 'SGD'}. Best is trial 0 with value: 0.0007406327797652657.
2026-05-11 11:06:13,644 - optuna.study.study - INFO - Trial 1 finished with value: 0.015073944510992969 and parameters: {'n_layers': 2, 'embedding_dim': 96, 'lr': 0.0001056471690435442, 'lambda_val': 0.04038783778197452, 'batch_size': 638, 'optimizer': 'RMSprop'}. Best is trial 1 with value: 0.015073944510992969.
2026-05-11 11:07:09,041 - optuna.study.study - INFO - Trial 2 finished with value: 0.001694098779343341 and parameters: {'n_layers': 3, 'embedding_dim': 32, 'lr': 0.015786876353010276, 'lambda_val': 0.00016518544411570668, 'batch_size': 3888, 'optimizer': 'SGD'}. Best is trial 1 with value: 0.015073944510992969.
2026-05-11 11:07:57,523 - optuna.study.study - INFO - Trial 3 finished with value: 0.061147238106261596 and parameters: {'n_layers': 1, 'embedding_dim': 96, 'lr': 8.188745877560859e-05, 'lambda_val': 0.007986188816876414, 'batch_size': 2967, 'optimizer': 'RMSprop'}. Best is trial 3 with value: 0.061147238106261596.
2026-05-11 11:08:29,232 - optuna.study.study - INFO - Trial 4 finished with value: 0.0031108656441072363 and parameters: {'n_layers': 2, 'embedding_dim': 96, 'lr': 0.0028128348738005095, 'lambda_val': 1.30537307639133e-06, 'batch_size': 1236, 'optimizer': 'SGD'}. Best is trial 3 with value: 0.061147238106261596.
2026-05-11 11:09:01,266 - optuna.study.study - INFO - Trial 5 finished with value: 0.05770884460011979 and parameters: {'n_layers': 1, 'embedding_dim': 128, 'lr': 0.01122775283991628, 'lambda_val': 0.01291982038219149, 'batch_size': 3558, 'optimizer': 'Adam'}. Best is trial 3 with value: 0.061147238106261596.
2026-05-11 11:09:39,103 - optuna.study.study - INFO - Trial 6 finished with value: 0.04857162687853619 and parameters: {'n_layers': 1, 'embedding_dim': 256, 'lr': 0.008588226993186314, 'lambda_val': 3.550264426753644e-05, 'batch_size': 3583, 'optimizer': 'Adam'}. Best is trial 3 with value: 0.061147238106261596.
2026-05-11 11:09:46,045 - optuna.study._optimize - INFO - Trial 7 pruned. 
2026-05-11 11:09:49,908 - optuna.study._optimize - INFO - Trial 8 pruned. 
2026-05-11 11:09:59,191 - optuna.study._optimize - INFO - Trial 9 pruned. 
2026-05-11 11:10:03,154 - optuna.study._optimize - INFO - Trial 10 pruned. 
2026-05-11 11:10:08,921 - optuna.study._optimize - INFO - Trial 11 pruned. 
2026-05-11 11:10:14,890 - optuna.study._optimize - INFO - Trial 12 pruned. 
2026-05-11 11:10:44,671 - optuna.study.study - INFO - Trial 13 finished with value: 0.033448931729695625 and parameters: {'n_layers': 1, 'embedding_dim': 32, 'lr': 0.0005232452120558711, 'lambda_val': 0.008521051664159384, 'batch_size': 2137, 'optimizer': 'RMSprop'}. Best is trial 3 with value: 0.061147238106261596.
2026-05-11 11:10:49,205 - optuna.study._optimize - INFO - Trial 14 pruned. 
2026-05-11 11:11:20,826 - optuna.study.study - INFO - Trial 15 finished with value: 0.04987628841687883 and parameters: {'n_layers': 1, 'embedding_dim': 128, 'lr': 0.0010248030825756585, 'lambda_val': 0.0174326809820876, 'batch_size': 2342, 'optimizer': 'Adam'}. Best is trial 3 with value: 0.061147238106261596.
2026-05-11 11:11:27,222 - optuna.study._optimize - INFO - Trial 16 pruned. 
2026-05-11 11:11:31,770 - optuna.study._optimize - INFO - Trial 17 pruned. 
2026-05-11 11:11:35,979 - optuna.study._optimize - INFO - Trial 18 pruned. 
2026-05-11 11:12:09,105 - optuna.study.study - INFO - Trial 19 finished with value: 0.027415876876333276 and parameters: {'n_layers': 2, 'embedding_dim': 64, 'lr': 0.0004311747287412095, 'lambda_val': 0.0012426049851201764, 'batch_size': 2670, 'optimizer': 'RMSprop'}. Best is trial 3 with value: 0.061147238106261596.
2026-05-11 11:12:13,702 - optuna.study._optimize - INFO - Trial 20 pruned. 
2026-05-11 11:12:43,354 - optuna.study.study - INFO - Trial 21 finished with value: 0.05600644156563836 and parameters: {'n_layers': 1, 'embedding_dim': 128, 'lr': 0.0009621416215309767, 'lambda_val': 0.007226539178350881, 'batch_size': 2177, 'optimizer': 'Adam'}. Best is trial 3 with value: 0.061147238106261596.
2026-05-11 11:13:23,490 - optuna.study.study - INFO - Trial 22 finished with value: 0.06516138693883447 and parameters: {'n_layers': 1, 'embedding_dim': 128, 'lr': 0.0021439561003152477, 'lambda_val': 0.005881529157929685, 'batch_size': 1902, 'optimizer': 'Adam'}. Best is trial 22 with value: 0.06516138693883447.
2026-05-11 11:13:53,168 - optuna.study.study - INFO - Trial 23 finished with value: 0.06845097277081641 and parameters: {'n_layers': 1, 'embedding_dim': 128, 'lr': 0.0024484379245766326, 'lambda_val': 0.004714168707375757, 'batch_size': 1859, 'optimizer': 'Adam'}. Best is trial 23 with value: 0.06845097277081641.
2026-05-11 11:13:57,589 - optuna.study._optimize - INFO - Trial 24 pruned. 
2026-05-11 11:14:36,115 - optuna.study.study - INFO - Trial 25 finished with value: 0.05930052516196937 and parameters: {'n_layers': 1, 'embedding_dim': 96, 'lr': 0.00021560856184694568, 'lambda_val': 0.004351454001027741, 'batch_size': 1745, 'optimizer': 'Adam'}. Best is trial 23 with value: 0.06845097277081641.
2026-05-11 11:14:40,582 - optuna.study._optimize - INFO - Trial 26 pruned. 
2026-05-11 11:15:10,573 - optuna.study.study - INFO - Trial 27 finished with value: 0.058341309938192705 and parameters: {'n_layers': 1, 'embedding_dim': 128, 'lr': 0.0015745371565127194, 'lambda_val': 0.0007605441136634656, 'batch_size': 1954, 'optimizer': 'RMSprop'}. Best is trial 23 with value: 0.06845097277081641.
2026-05-11 11:15:15,319 - optuna.study._optimize - INFO - Trial 28 pruned. 
2026-05-11 11:15:58,030 - optuna.study.study - INFO - Trial 29 finished with value: 0.06444484085415908 and parameters: {'n_layers': 1, 'embedding_dim': 128, 'lr': 0.00661862953422038, 'lambda_val': 0.0003222539948804244, 'batch_size': 2486, 'optimizer': 'RMSprop'}. Best is trial 23 with value: 0.06845097277081641.
2026-05-11 11:16:03,085 - optuna.study._optimize - INFO - Trial 30 pruned. 
2026-05-11 11:16:07,338 - optuna.study._optimize - INFO - Trial 31 pruned. 
2026-05-11 11:16:38,140 - optuna.study.study - INFO - Trial 32 finished with value: 0.06780009581208833 and parameters: {'n_layers': 1, 'embedding_dim': 128, 'lr': 0.0018408994703660042, 'lambda_val': 0.004198711873965431, 'batch_size': 2562, 'optimizer': 'RMSprop'}. Best is trial 23 with value: 0.06845097277081641.
2026-05-11 11:17:08,074 - optuna.study.study - INFO - Trial 33 finished with value: 0.06508725165590927 and parameters: {'n_layers': 1, 'embedding_dim': 128, 'lr': 0.0021571486100891925, 'lambda_val': 0.00040808647649496853, 'batch_size': 2026, 'optimizer': 'RMSprop'}. Best is trial 23 with value: 0.06845097277081641.
2026-05-11 11:17:37,682 - optuna.study.study - INFO - Trial 34 finished with value: 0.0736487726067288 and parameters: {'n_layers': 1, 'embedding_dim': 128, 'lr': 0.00204300343304514, 'lambda_val': 0.003451084197626237, 'batch_size': 2091, 'optimizer': 'RMSprop'}. Best is trial 34 with value: 0.0736487726067288.
2026-05-11 11:17:42,693 - optuna.study._optimize - INFO - Trial 35 pruned. 
2026-05-11 11:17:47,186 - optuna.study._optimize - INFO - Trial 36 pruned. 
2026-05-11 11:17:51,548 - optuna.study._optimize - INFO - Trial 37 pruned. 
2026-05-11 11:18:21,842 - optuna.study.study - INFO - Trial 38 finished with value: 0.08258523247470743 and parameters: {'n_layers': 1, 'embedding_dim': 128, 'lr': 0.01377865032984874, 'lambda_val': 0.001556713318538285, 'batch_size': 1737, 'optimizer': 'Adam'}. Best is trial 38 with value: 0.08258523247470743.
2026-05-11 11:18:56,237 - optuna.study.study - INFO - Trial 39 finished with value: 0.08402140200033552 and parameters: {'n_layers': 1, 'embedding_dim': 256, 'lr': 0.01442693879928701, 'lambda_val': 0.001144116461304867, 'batch_size': 1380, 'optimizer': 'RMSprop'}. Best is trial 39 with value: 0.08402140200033552.
2026-05-11 11:19:02,037 - optuna.study._optimize - INFO - Trial 40 pruned. 
2026-05-11 11:19:06,710 - optuna.study._optimize - INFO - Trial 41 pruned. 
2026-05-11 11:19:40,845 - optuna.study.study - INFO - Trial 42 finished with value: 0.08396475980115728 and parameters: {'n_layers': 1, 'embedding_dim': 256, 'lr': 0.010724814328511757, 'lambda_val': 0.0007534124524182719, 'batch_size': 1732, 'optimizer': 'RMSprop'}. Best is trial 39 with value: 0.08402140200033552.
2026-05-11 11:20:18,681 - optuna.study.study - INFO - Trial 43 finished with value: 0.08492930358488521 and parameters: {'n_layers': 1, 'embedding_dim': 256, 'lr': 0.011110080553004938, 'lambda_val': 0.0006884512112555019, 'batch_size': 1692, 'optimizer': 'RMSprop'}. Best is trial 43 with value: 0.08492930358488521.
2026-05-11 11:20:55,110 - optuna.study.study - INFO - Trial 44 finished with value: 0.08488993120576394 and parameters: {'n_layers': 1, 'embedding_dim': 256, 'lr': 0.009936369177772193, 'lambda_val': 0.000691311713235525, 'batch_size': 1675, 'optimizer': 'RMSprop'}. Best is trial 43 with value: 0.08492930358488521.
2026-05-11 11:21:29,790 - optuna.study.study - INFO - Trial 45 finished with value: 0.08676319267978058 and parameters: {'n_layers': 1, 'embedding_dim': 256, 'lr': 0.011663913541728257, 'lambda_val': 0.0007147145471737458, 'batch_size': 1693, 'optimizer': 'RMSprop'}. Best is trial 45 with value: 0.08676319267978058.
2026-05-11 11:21:33,815 - optuna.study._optimize - INFO - Trial 46 pruned. 
2026-05-11 11:21:40,269 - optuna.study._optimize - INFO - Trial 47 pruned. 
2026-05-11 11:21:59,403 - optuna.study._optimize - INFO - Trial 48 pruned. 
2026-05-11 11:22:10,157 - optuna.study._optimize - INFO - Trial 49 pruned. 
2026-05-11 11:22:14,387 - optuna.study._optimize - INFO - Trial 50 pruned. 
2026-05-11 11:22:48,474 - optuna.study.study - INFO - Trial 51 finished with value: 0.0855128860948867 and parameters: {'n_layers': 1, 'embedding_dim': 256, 'lr': 0.014300216214013445, 'lambda_val': 0.001918965512758176, 'batch_size': 1453, 'optimizer': 'RMSprop'}. Best is trial 45 with value: 0.08676319267978058.
2026-05-11 11:22:52,794 - optuna.study._optimize - INFO - Trial 52 pruned. 
2026-05-11 11:22:57,737 - optuna.study._optimize - INFO - Trial 53 pruned. 
2026-05-11 11:23:02,066 - optuna.study._optimize - INFO - Trial 54 pruned. 
2026-05-11 11:23:06,469 - optuna.study._optimize - INFO - Trial 55 pruned. 
2026-05-11 11:23:42,963 - optuna.study.study - INFO - Trial 56 finished with value: 0.08931210353334987 and parameters: {'n_layers': 1, 'embedding_dim': 256, 'lr': 0.0053168091637075055, 'lambda_val': 0.0012289482680292385, 'batch_size': 1787, 'optimizer': 'RMSprop'}. Best is trial 56 with value: 0.08931210353334987.
2026-05-11 11:24:16,998 - optuna.study.study - INFO - Trial 57 finished with value: 0.0800203978963735 and parameters: {'n_layers': 1, 'embedding_dim': 256, 'lr': 0.004736594958265904, 'lambda_val': 0.00214354243466057, 'batch_size': 1312, 'optimizer': 'RMSprop'}. Best is trial 56 with value: 0.08931210353334987.
2026-05-11 11:24:22,491 - optuna.study._optimize - INFO - Trial 58 pruned. 
2026-05-11 11:25:04,811 - optuna.study.study - INFO - Trial 59 finished with value: 0.07803558404421417 and parameters: {'n_layers': 1, 'embedding_dim': 256, 'lr': 0.0033201006233269936, 'lambda_val': 0.0010309570436033441, 'batch_size': 1523, 'optimizer': 'RMSprop'}. Best is trial 56 with value: 0.08931210353334987.
2026-05-11 11:25:09,063 - optuna.study._optimize - INFO - Trial 60 pruned. 
2026-05-11 11:25:43,589 - optuna.study.study - INFO - Trial 61 finished with value: 0.08551654973550668 and parameters: {'n_layers': 1, 'embedding_dim': 256, 'lr': 0.010338695064800143, 'lambda_val': 0.0005662669030576984, 'batch_size': 1783, 'optimizer': 'RMSprop'}. Best is trial 56 with value: 0.08931210353334987.
2026-05-11 11:26:19,035 - optuna.study.study - INFO - Trial 62 finished with value: 0.08587202815544302 and parameters: {'n_layers': 1, 'embedding_dim': 256, 'lr': 0.005467963317092434, 'lambda_val': 0.0012394625964506363, 'batch_size': 1972, 'optimizer': 'RMSprop'}. Best is trial 56 with value: 0.08931210353334987.
2026-05-11 11:26:53,174 - optuna.study.study - INFO - Trial 63 finished with value: 0.07367503825149939 and parameters: {'n_layers': 1, 'embedding_dim': 256, 'lr': 0.0053227803637348895, 'lambda_val': 0.00045603798394704603, 'batch_size': 1949, 'optimizer': 'RMSprop'}. Best is trial 56 with value: 0.08931210353334987.
2026-05-11 11:27:27,672 - optuna.study.study - INFO - Trial 64 finished with value: 0.08352426726411258 and parameters: {'n_layers': 1, 'embedding_dim': 256, 'lr': 0.008099779381200935, 'lambda_val': 0.0019389767668206023, 'batch_size': 1840, 'optimizer': 'RMSprop'}. Best is trial 56 with value: 0.08931210353334987.
2026-05-11 11:28:05,685 - optuna.study.study - INFO - Trial 65 finished with value: 0.07525648355609332 and parameters: {'n_layers': 1, 'embedding_dim': 256, 'lr': 0.003425041050741502, 'lambda_val': 0.00035210136712977055, 'batch_size': 2297, 'optimizer': 'RMSprop'}. Best is trial 56 with value: 0.08931210353334987.
2026-05-11 11:28:09,328 - optuna.study._optimize - INFO - Trial 66 pruned. 
2026-05-11 11:28:23,014 - optuna.study._optimize - INFO - Trial 67 pruned. 
2026-05-11 11:28:28,236 - optuna.study._optimize - INFO - Trial 68 pruned. 
2026-05-11 11:28:32,577 - optuna.study._optimize - INFO - Trial 69 pruned. 
2026-05-11 11:28:37,018 - optuna.study._optimize - INFO - Trial 70 pruned. 
2026-05-11 11:28:41,458 - optuna.study._optimize - INFO - Trial 71 pruned. 
2026-05-11 11:28:45,802 - optuna.study._optimize - INFO - Trial 72 pruned. 
2026-05-11 11:28:50,530 - optuna.study._optimize - INFO - Trial 73 pruned. 
2026-05-11 11:29:24,767 - optuna.study.study - INFO - Trial 74 finished with value: 0.07922204563592121 and parameters: {'n_layers': 1, 'embedding_dim': 256, 'lr': 0.00667026031172326, 'lambda_val': 0.0009032802735795245, 'batch_size': 1903, 'optimizer': 'RMSprop'}. Best is trial 56 with value: 0.08931210353334987.
2026-05-11 11:29:32,986 - optuna.study._optimize - INFO - Trial 75 pruned. 
2026-05-11 11:29:39,943 - optuna.study._optimize - INFO - Trial 76 pruned. 
2026-05-11 11:30:13,627 - optuna.study.study - INFO - Trial 77 finished with value: 0.07741826544886207 and parameters: {'n_layers': 1, 'embedding_dim': 256, 'lr': 0.00455084193494052, 'lambda_val': 0.0032102773155658804, 'batch_size': 1570, 'optimizer': 'RMSprop'}. Best is trial 56 with value: 0.08931210353334987.
2026-05-11 11:30:24,745 - optuna.study._optimize - INFO - Trial 78 pruned. 
2026-05-11 11:31:04,274 - optuna.study.study - INFO - Trial 79 finished with value: 0.08302356362290267 and parameters: {'n_layers': 1, 'embedding_dim': 256, 'lr': 0.0075616432618711635, 'lambda_val': 0.0006347300034254184, 'batch_size': 1719, 'optimizer': 'RMSprop'}. Best is trial 56 with value: 0.08931210353334987.
2026-05-11 11:31:08,404 - optuna.study._optimize - INFO - Trial 80 pruned. 
2026-05-11 11:31:42,608 - optuna.study.study - INFO - Trial 81 finished with value: 0.08259835228521288 and parameters: {'n_layers': 1, 'embedding_dim': 256, 'lr': 0.010737538577867915, 'lambda_val': 0.0007802959023485906, 'batch_size': 1740, 'optimizer': 'RMSprop'}. Best is trial 56 with value: 0.08931210353334987.
2026-05-11 11:31:54,172 - optuna.study._optimize - INFO - Trial 82 pruned. 
2026-05-11 11:31:58,536 - optuna.study._optimize - INFO - Trial 83 pruned. 
2026-05-11 11:32:03,542 - optuna.study._optimize - INFO - Trial 84 pruned. 
2026-05-11 11:32:07,560 - optuna.study._optimize - INFO - Trial 85 pruned. 
2026-05-11 11:32:12,829 - optuna.study._optimize - INFO - Trial 86 pruned. 
2026-05-11 11:32:17,612 - optuna.study._optimize - INFO - Trial 87 pruned. 
2026-05-11 11:32:24,278 - optuna.study._optimize - INFO - Trial 88 pruned. 
2026-05-11 11:32:34,018 - optuna.study._optimize - INFO - Trial 89 pruned. 
2026-05-11 11:32:40,737 - optuna.study._optimize - INFO - Trial 90 pruned. 
2026-05-11 11:33:15,398 - optuna.study.study - INFO - Trial 91 finished with value: 0.08375885483046627 and parameters: {'n_layers': 1, 'embedding_dim': 256, 'lr': 0.00791930539816583, 'lambda_val': 0.0019982059433135513, 'batch_size': 1831, 'optimizer': 'RMSprop'}. Best is trial 56 with value: 0.08931210353334987.
2026-05-11 11:33:49,841 - optuna.study.study - INFO - Trial 92 finished with value: 0.08894969744923356 and parameters: {'n_layers': 1, 'embedding_dim': 256, 'lr': 0.0075725151898603385, 'lambda_val': 0.0012137839971914253, 'batch_size': 1670, 'optimizer': 'RMSprop'}. Best is trial 56 with value: 0.08931210353334987.
2026-05-11 11:34:23,772 - optuna.study.study - INFO - Trial 93 finished with value: 0.07732404396823117 and parameters: {'n_layers': 1, 'embedding_dim': 256, 'lr': 0.005142731901355014, 'lambda_val': 0.0012574395096368474, 'batch_size': 1463, 'optimizer': 'RMSprop'}. Best is trial 56 with value: 0.08931210353334987.
2026-05-11 11:34:29,263 - optuna.study._optimize - INFO - Trial 94 pruned. 
2026-05-11 11:35:03,642 - optuna.study.study - INFO - Trial 95 finished with value: 0.08294059429646876 and parameters: {'n_layers': 1, 'embedding_dim': 256, 'lr': 0.006744985795503467, 'lambda_val': 0.0007606687301936158, 'batch_size': 1024, 'optimizer': 'RMSprop'}. Best is trial 56 with value: 0.08931210353334987.
2026-05-11 11:35:10,014 - optuna.study._optimize - INFO - Trial 96 pruned. 
2026-05-11 11:35:48,927 - optuna.study.study - INFO - Trial 97 finished with value: 0.08530468765130332 and parameters: {'n_layers': 1, 'embedding_dim': 256, 'lr': 0.00864292904564437, 'lambda_val': 0.000993225448280231, 'batch_size': 1909, 'optimizer': 'RMSprop'}. Best is trial 56 with value: 0.08931210353334987.
2026-05-11 11:35:53,367 - optuna.study._optimize - INFO - Trial 98 pruned. 
2026-05-11 11:36:36,212 - optuna.study.study - INFO - Trial 99 finished with value: 0.0508211950695361 and parameters: {'n_layers': 1, 'embedding_dim': 256, 'lr': 0.00030768728070246866, 'lambda_val': 0.006539799281928245, 'batch_size': 2122, 'optimizer': 'RMSprop'}. Best is trial 56 with value: 0.08931210353334987.
2026-05-11 11:36:40,630 - optuna.study._optimize - INFO - Trial 100 pruned. 
2026-05-11 11:37:15,829 - optuna.study.study - INFO - Trial 101 finished with value: 0.08087156643459559 and parameters: {'n_layers': 1, 'embedding_dim': 256, 'lr': 0.008342550210001411, 'lambda_val': 0.0005793324263895307, 'batch_size': 1604, 'optimizer': 'RMSprop'}. Best is trial 56 with value: 0.08931210353334987.
2026-05-11 11:37:29,158 - optuna.study._optimize - INFO - Trial 102 pruned. 
2026-05-11 11:38:12,790 - optuna.study.study - INFO - Trial 103 finished with value: 0.08480521367350408 and parameters: {'n_layers': 1, 'embedding_dim': 256, 'lr': 0.009194317452531658, 'lambda_val': 0.0014538598262175818, 'batch_size': 2389, 'optimizer': 'RMSprop'}. Best is trial 56 with value: 0.08931210353334987.
2026-05-11 11:38:48,811 - optuna.study.study - INFO - Trial 104 finished with value: 0.08315009964415543 and parameters: {'n_layers': 1, 'embedding_dim': 256, 'lr': 0.0068919874279844175, 'lambda_val': 0.0013776113943187898, 'batch_size': 2437, 'optimizer': 'RMSprop'}. Best is trial 56 with value: 0.08931210353334987.
2026-05-11 11:38:57,285 - optuna.study._optimize - INFO - Trial 105 pruned. 
2026-05-11 11:39:38,631 - optuna.study.study - INFO - Trial 106 finished with value: 0.08463229470041776 and parameters: {'n_layers': 1, 'embedding_dim': 256, 'lr': 0.0057871609008105125, 'lambda_val': 0.0017877901058352941, 'batch_size': 2375, 'optimizer': 'RMSprop'}. Best is trial 56 with value: 0.08931210353334987.
2026-05-11 11:40:15,046 - optuna.study.study - INFO - Trial 107 finished with value: 0.0853071493688476 and parameters: {'n_layers': 1, 'embedding_dim': 256, 'lr': 0.005188549125979668, 'lambda_val': 0.0014469603790867789, 'batch_size': 2387, 'optimizer': 'RMSprop'}. Best is trial 56 with value: 0.08931210353334987.
2026-05-11 11:40:19,930 - optuna.study._optimize - INFO - Trial 108 pruned. 
2026-05-11 11:40:56,898 - optuna.study.study - INFO - Trial 109 finished with value: 0.07862185686986092 and parameters: {'n_layers': 1, 'embedding_dim': 256, 'lr': 0.0030256060563260147, 'lambda_val': 0.00416424377941063, 'batch_size': 2749, 'optimizer': 'RMSprop'}. Best is trial 56 with value: 0.08931210353334987.
2026-05-11 11:41:31,865 - optuna.study.study - INFO - Trial 110 finished with value: 0.08130758154646915 and parameters: {'n_layers': 1, 'embedding_dim': 256, 'lr': 0.00014580625389087583, 'lambda_val': 0.0005075502922028223, 'batch_size': 2360, 'optimizer': 'RMSprop'}. Best is trial 56 with value: 0.08931210353334987.
2026-05-11 11:42:07,592 - optuna.study.study - INFO - Trial 111 finished with value: 0.08425345924426743 and parameters: {'n_layers': 1, 'embedding_dim': 256, 'lr': 0.005905662234095461, 'lambda_val': 0.001873359451164164, 'batch_size': 2386, 'optimizer': 'RMSprop'}. Best is trial 56 with value: 0.08931210353334987.
2026-05-11 11:42:44,604 - optuna.study.study - INFO - Trial 112 finished with value: 0.08156787492689804 and parameters: {'n_layers': 1, 'embedding_dim': 256, 'lr': 0.009098361841345354, 'lambda_val': 0.00153880361006972, 'batch_size': 2537, 'optimizer': 'RMSprop'}. Best is trial 56 with value: 0.08931210353334987.
2026-05-11 11:43:29,773 - optuna.study.study - INFO - Trial 113 finished with value: 0.08923302205900527 and parameters: {'n_layers': 1, 'embedding_dim': 256, 'lr': 0.011255125101619775, 'lambda_val': 0.0006697182949473875, 'batch_size': 2633, 'optimizer': 'RMSprop'}. Best is trial 56 with value: 0.08931210353334987.
2026-05-11 11:44:05,377 - optuna.study.study - INFO - Trial 114 finished with value: 0.0839162121951948 and parameters: {'n_layers': 1, 'embedding_dim': 256, 'lr': 0.012046840452281077, 'lambda_val': 0.0008862186505750228, 'batch_size': 2662, 'optimizer': 'RMSprop'}. Best is trial 56 with value: 0.08931210353334987.
2026-05-11 11:44:15,455 - optuna.study._optimize - INFO - Trial 115 pruned. 
2026-05-11 11:44:53,960 - optuna.study.study - INFO - Trial 116 finished with value: 0.0797909802010407 and parameters: {'n_layers': 1, 'embedding_dim': 256, 'lr': 0.007670895405893527, 'lambda_val': 0.0005874889238361813, 'batch_size': 2217, 'optimizer': 'RMSprop'}. Best is trial 56 with value: 0.08931210353334987.
2026-05-11 11:44:58,959 - optuna.study._optimize - INFO - Trial 117 pruned. 
2026-05-11 11:45:02,857 - optuna.study._optimize - INFO - Trial 118 pruned. 
2026-05-11 11:45:07,639 - optuna.study._optimize - INFO - Trial 119 pruned. 
2026-05-11 11:45:41,878 - optuna.study.study - INFO - Trial 120 finished with value: 0.08756327258291695 and parameters: {'n_layers': 1, 'embedding_dim': 256, 'lr': 0.0036399823403015534, 'lambda_val': 0.0008903946373485261, 'batch_size': 2130, 'optimizer': 'RMSprop'}. Best is trial 56 with value: 0.08931210353334987.
2026-05-11 11:46:30,328 - optuna.study.study - INFO - Trial 121 finished with value: 0.08459941406372012 and parameters: {'n_layers': 1, 'embedding_dim': 256, 'lr': 0.003981328906483195, 'lambda_val': 0.0009152006357017639, 'batch_size': 2789, 'optimizer': 'RMSprop'}. Best is trial 56 with value: 0.08931210353334987.
2026-05-11 11:46:35,040 - optuna.study._optimize - INFO - Trial 122 pruned. 
2026-05-11 11:47:10,301 - optuna.study.study - INFO - Trial 123 finished with value: 0.08469035579091015 and parameters: {'n_layers': 1, 'embedding_dim': 256, 'lr': 0.004936319364937525, 'lambda_val': 0.0014465179065471024, 'batch_size': 2285, 'optimizer': 'RMSprop'}. Best is trial 56 with value: 0.08931210353334987.
2026-05-11 11:47:51,168 - optuna.study.study - INFO - Trial 124 finished with value: 0.08835154290253078 and parameters: {'n_layers': 1, 'embedding_dim': 256, 'lr': 0.006819315342497453, 'lambda_val': 0.000688522382369891, 'batch_size': 1969, 'optimizer': 'RMSprop'}. Best is trial 56 with value: 0.08931210353334987.
2026-05-11 11:48:26,694 - optuna.study.study - INFO - Trial 125 finished with value: 0.088983662200195 and parameters: {'n_layers': 1, 'embedding_dim': 256, 'lr': 0.006651557138682204, 'lambda_val': 0.0006204067017383162, 'batch_size': 1693, 'optimizer': 'RMSprop'}. Best is trial 56 with value: 0.08931210353334987.
2026-05-11 11:49:00,914 - optuna.study.study - INFO - Trial 126 finished with value: 0.08235581126241699 and parameters: {'n_layers': 1, 'embedding_dim': 256, 'lr': 0.004418705662685384, 'lambda_val': 0.0010882638580161411, 'batch_size': 1988, 'optimizer': 'RMSprop'}. Best is trial 56 with value: 0.08931210353334987.
2026-05-11 11:49:10,853 - optuna.study._optimize - INFO - Trial 127 pruned. 
2026-05-11 11:49:45,618 - optuna.study.study - INFO - Trial 128 finished with value: 0.06884109485735339 and parameters: {'n_layers': 1, 'embedding_dim': 256, 'lr': 0.0024080878867700356, 'lambda_val': 0.0004985148048783142, 'batch_size': 1771, 'optimizer': 'Adam'}. Best is trial 56 with value: 0.08931210353334987.
2026-05-11 11:49:57,936 - optuna.study._optimize - INFO - Trial 129 pruned. 
2026-05-11 11:50:02,431 - optuna.study._optimize - INFO - Trial 130 pruned. 
2026-05-11 11:50:06,926 - optuna.study._optimize - INFO - Trial 131 pruned. 
2026-05-11 11:50:11,222 - optuna.study._optimize - INFO - Trial 132 pruned. 
2026-05-11 11:50:17,873 - optuna.study._optimize - INFO - Trial 133 pruned. 
2026-05-11 11:50:22,337 - optuna.study._optimize - INFO - Trial 134 pruned. 
2026-05-11 11:50:27,197 - optuna.study._optimize - INFO - Trial 135 pruned. 
2026-05-11 11:50:34,169 - optuna.study._optimize - INFO - Trial 136 pruned. 
2026-05-11 11:50:38,565 - optuna.study._optimize - INFO - Trial 137 pruned. 
2026-05-11 11:50:45,254 - optuna.study._optimize - INFO - Trial 138 pruned. 
2026-05-11 11:50:50,307 - optuna.study._optimize - INFO - Trial 139 pruned. 
2026-05-11 11:51:25,308 - optuna.study.study - INFO - Trial 140 finished with value: 0.07836765264029416 and parameters: {'n_layers': 1, 'embedding_dim': 256, 'lr': 0.0029647010542338675, 'lambda_val': 0.0019564092891254277, 'batch_size': 1439, 'optimizer': 'RMSprop'}. Best is trial 56 with value: 0.08931210353334987.
2026-05-11 11:51:59,958 - optuna.study.study - INFO - Trial 141 finished with value: 0.08412874880212669 and parameters: {'n_layers': 1, 'embedding_dim': 256, 'lr': 0.008053499796023857, 'lambda_val': 0.001522363749386916, 'batch_size': 2173, 'optimizer': 'RMSprop'}. Best is trial 56 with value: 0.08931210353334987.
2026-05-11 11:52:34,190 - optuna.study.study - INFO - Trial 142 finished with value: 0.08307573133116611 and parameters: {'n_layers': 1, 'embedding_dim': 256, 'lr': 0.009404867561602113, 'lambda_val': 0.0008024402157193038, 'batch_size': 1918, 'optimizer': 'RMSprop'}. Best is trial 56 with value: 0.08931210353334987.
2026-05-11 11:53:08,990 - optuna.study.study - INFO - Trial 143 finished with value: 0.0902858427931235 and parameters: {'n_layers': 1, 'embedding_dim': 256, 'lr': 0.009859831239171855, 'lambda_val': 0.0011777807632311528, 'batch_size': 2017, 'optimizer': 'RMSprop'}. Best is trial 143 with value: 0.0902858427931235.
2026-05-11 11:53:43,608 - optuna.study.study - INFO - Trial 144 finished with value: 0.08789291098839665 and parameters: {'n_layers': 1, 'embedding_dim': 256, 'lr': 0.006596353499316344, 'lambda_val': 0.0010343923047091339, 'batch_size': 2031, 'optimizer': 'RMSprop'}. Best is trial 143 with value: 0.0902858427931235.
2026-05-11 11:54:18,261 - optuna.study.study - INFO - Trial 145 finished with value: 0.08023728657704883 and parameters: {'n_layers': 1, 'embedding_dim': 256, 'lr': 0.006299599296934231, 'lambda_val': 0.0011009579001156847, 'batch_size': 2072, 'optimizer': 'RMSprop'}. Best is trial 143 with value: 0.0902858427931235.
2026-05-11 11:54:54,273 - optuna.study.study - INFO - Trial 146 finished with value: 0.08366130692987377 and parameters: {'n_layers': 1, 'embedding_dim': 256, 'lr': 0.005213694750734876, 'lambda_val': 0.0009573833228975121, 'batch_size': 3147, 'optimizer': 'RMSprop'}. Best is trial 143 with value: 0.0902858427931235.
2026-05-11 11:54:58,612 - optuna.study._optimize - INFO - Trial 147 pruned. 
2026-05-11 11:55:05,079 - optuna.study._optimize - INFO - Trial 148 pruned. 
2026-05-11 11:55:09,519 - optuna.study._optimize - INFO - Trial 149 pruned. 
2026-05-11 11:55:14,069 - optuna.study._optimize - INFO - Trial 150 pruned. 
2026-05-11 11:55:18,509 - optuna.study._optimize - INFO - Trial 151 pruned. 
2026-05-11 11:55:25,171 - optuna.study._optimize - INFO - Trial 152 pruned. 
2026-05-11 11:55:31,993 - optuna.study._optimize - INFO - Trial 153 pruned. 
2026-05-11 11:56:06,394 - optuna.study.study - INFO - Trial 154 finished with value: 0.06858612087206885 and parameters: {'n_layers': 1, 'embedding_dim': 256, 'lr': 0.0006896673207934878, 'lambda_val': 0.0011346606816909383, 'batch_size': 2137, 'optimizer': 'RMSprop'}. Best is trial 143 with value: 0.0902858427931235.
2026-05-11 11:56:17,143 - optuna.study._optimize - INFO - Trial 155 pruned. 
2026-05-11 11:56:22,146 - optuna.study._optimize - INFO - Trial 156 pruned. 
2026-05-11 11:56:26,763 - optuna.study._optimize - INFO - Trial 157 pruned. 
2026-05-11 11:56:33,896 - optuna.study._optimize - INFO - Trial 158 pruned. 
2026-05-11 11:57:10,465 - optuna.study.study - INFO - Trial 159 finished with value: 0.08230528771906934 and parameters: {'n_layers': 1, 'embedding_dim': 256, 'lr': 0.008458183869920803, 'lambda_val': 0.0017693985364061705, 'batch_size': 1771, 'optimizer': 'RMSprop'}. Best is trial 143 with value: 0.0902858427931235.
2026-05-11 11:57:45,151 - optuna.study.study - INFO - Trial 160 finished with value: 0.08631515837157663 and parameters: {'n_layers': 1, 'embedding_dim': 256, 'lr': 0.004505132627706647, 'lambda_val': 0.0010092953160829043, 'batch_size': 2029, 'optimizer': 'RMSprop'}. Best is trial 143 with value: 0.0902858427931235.
2026-05-11 11:58:21,278 - optuna.study.study - INFO - Trial 161 finished with value: 0.08200478259103446 and parameters: {'n_layers': 1, 'embedding_dim': 256, 'lr': 0.003410138712321296, 'lambda_val': 0.0009719027100338616, 'batch_size': 3372, 'optimizer': 'RMSprop'}. Best is trial 143 with value: 0.0902858427931235.
2026-05-11 11:58:55,786 - optuna.study.study - INFO - Trial 162 finished with value: 0.08854657062790008 and parameters: {'n_layers': 1, 'embedding_dim': 256, 'lr': 0.004222218220483506, 'lambda_val': 0.0013379410685988222, 'batch_size': 2100, 'optimizer': 'RMSprop'}. Best is trial 143 with value: 0.0902858427931235.
2026-05-11 11:59:30,424 - optuna.study.study - INFO - Trial 163 finished with value: 0.08366770796618689 and parameters: {'n_layers': 1, 'embedding_dim': 256, 'lr': 0.0041850875161941045, 'lambda_val': 0.0011600191074439346, 'batch_size': 2174, 'optimizer': 'RMSprop'}. Best is trial 143 with value: 0.0902858427931235.
2026-05-11 12:00:05,132 - optuna.study.study - INFO - Trial 164 finished with value: 0.08236020420641552 and parameters: {'n_layers': 1, 'embedding_dim': 256, 'lr': 0.005385553283385347, 'lambda_val': 0.001397593994692998, 'batch_size': 2090, 'optimizer': 'RMSprop'}. Best is trial 143 with value: 0.0902858427931235.
2026-05-11 12:00:09,603 - optuna.study._optimize - INFO - Trial 165 pruned. 
2026-05-11 12:00:44,436 - optuna.study.study - INFO - Trial 166 finished with value: 0.08473828136996868 and parameters: {'n_layers': 1, 'embedding_dim': 256, 'lr': 0.006736871124199258, 'lambda_val': 0.0007265945866842361, 'batch_size': 2275, 'optimizer': 'RMSprop'}. Best is trial 143 with value: 0.0902858427931235.
2026-05-11 12:01:09,485 - optuna.study._optimize - INFO - Trial 167 pruned. 
2026-05-11 12:01:38,483 - optuna.study.study - INFO - Trial 168 finished with value: 0.04934630373496457 and parameters: {'n_layers': 1, 'embedding_dim': 96, 'lr': 0.0019026486791469833, 'lambda_val': 1.6152322839955298e-06, 'batch_size': 2048, 'optimizer': 'RMSprop'}. Best is trial 143 with value: 0.0902858427931235.
2026-05-11 12:01:46,253 - optuna.study._optimize - INFO - Trial 169 pruned. 
2026-05-11 12:02:20,776 - optuna.study.study - INFO - Trial 170 finished with value: 0.06491772852914568 and parameters: {'n_layers': 1, 'embedding_dim': 256, 'lr': 0.0011964207181500682, 'lambda_val': 0.00045211051494688606, 'batch_size': 2217, 'optimizer': 'RMSprop'}. Best is trial 143 with value: 0.0902858427931235.
2026-05-11 12:02:25,359 - optuna.study._optimize - INFO - Trial 171 pruned. 
2026-05-11 12:02:29,765 - optuna.study._optimize - INFO - Trial 172 pruned. 
2026-05-11 12:03:04,080 - optuna.study.study - INFO - Trial 173 finished with value: 0.08788198767196401 and parameters: {'n_layers': 1, 'embedding_dim': 256, 'lr': 0.007215025444606798, 'lambda_val': 0.0016752482366082099, 'batch_size': 1679, 'optimizer': 'RMSprop'}. Best is trial 143 with value: 0.0902858427931235.
2026-05-11 12:03:10,586 - optuna.study._optimize - INFO - Trial 174 pruned. 
2026-05-11 12:03:15,298 - optuna.study._optimize - INFO - Trial 175 pruned. 
2026-05-11 12:03:19,396 - optuna.study._optimize - INFO - Trial 176 pruned. 
2026-05-11 12:03:24,320 - optuna.study._optimize - INFO - Trial 177 pruned. 
2026-05-11 12:03:58,847 - optuna.study.study - INFO - Trial 178 finished with value: 0.08377441466853647 and parameters: {'n_layers': 1, 'embedding_dim': 256, 'lr': 0.009359600786646398, 'lambda_val': 0.0016926512445258567, 'batch_size': 1895, 'optimizer': 'RMSprop'}. Best is trial 143 with value: 0.0902858427931235.
2026-05-11 12:04:03,239 - optuna.study._optimize - INFO - Trial 179 pruned. 
2026-05-11 12:04:09,973 - optuna.study._optimize - INFO - Trial 180 pruned. 
2026-05-11 12:04:17,884 - optuna.study._optimize - INFO - Trial 181 pruned. 
2026-05-11 12:04:52,183 - optuna.study.study - INFO - Trial 182 finished with value: 0.08710363658025798 and parameters: {'n_layers': 1, 'embedding_dim': 256, 'lr': 0.00590142531647655, 'lambda_val': 0.0007237813016369567, 'batch_size': 1595, 'optimizer': 'RMSprop'}. Best is trial 143 with value: 0.0902858427931235.
2026-05-11 12:05:26,086 - optuna.study.study - INFO - Trial 183 finished with value: 0.08576926034669204 and parameters: {'n_layers': 1, 'embedding_dim': 256, 'lr': 0.005770228512452991, 'lambda_val': 0.0011428125921114898, 'batch_size': 1586, 'optimizer': 'RMSprop'}. Best is trial 143 with value: 0.0902858427931235.
2026-05-11 12:06:00,153 - optuna.study.study - INFO - Trial 184 finished with value: 0.08048613771429515 and parameters: {'n_layers': 1, 'embedding_dim': 256, 'lr': 0.005680494330842975, 'lambda_val': 0.0011225017377625797, 'batch_size': 1483, 'optimizer': 'RMSprop'}. Best is trial 143 with value: 0.0902858427931235.
2026-05-11 12:06:34,423 - optuna.study.study - INFO - Trial 185 finished with value: 0.08735051178525946 and parameters: {'n_layers': 1, 'embedding_dim': 256, 'lr': 0.004944071417312517, 'lambda_val': 0.0015127450775755716, 'batch_size': 1593, 'optimizer': 'RMSprop'}. Best is trial 143 with value: 0.0902858427931235.
2026-05-11 12:06:42,221 - optuna.study._optimize - INFO - Trial 186 pruned. 
2026-05-11 12:07:13,562 - optuna.study._optimize - INFO - Trial 187 pruned. 
2026-05-11 12:07:25,663 - optuna.study._optimize - INFO - Trial 188 pruned. 
2026-05-11 12:07:46,207 - optuna.study._optimize - INFO - Trial 189 pruned. 
2026-05-11 12:08:19,793 - optuna.study.study - INFO - Trial 190 finished with value: 0.08785718874320064 and parameters: {'n_layers': 1, 'embedding_dim': 256, 'lr': 0.005285979799339785, 'lambda_val': 0.0007890178455526682, 'batch_size': 1347, 'optimizer': 'RMSprop'}. Best is trial 143 with value: 0.0902858427931235.
2026-05-11 12:08:26,033 - optuna.study._optimize - INFO - Trial 191 pruned. 
2026-05-11 12:08:59,415 - optuna.study.study - INFO - Trial 192 finished with value: 0.09339583857196082 and parameters: {'n_layers': 1, 'embedding_dim': 256, 'lr': 0.0071468999357604205, 'lambda_val': 0.001064593853557518, 'batch_size': 1401, 'optimizer': 'RMSprop'}. Best is trial 192 with value: 0.09339583857196082.
2026-05-11 12:09:33,574 - optuna.study.study - INFO - Trial 193 finished with value: 0.08316261084569984 and parameters: {'n_layers': 1, 'embedding_dim': 256, 'lr': 0.0074002485291296775, 'lambda_val': 0.001038646914349615, 'batch_size': 1303, 'optimizer': 'RMSprop'}. Best is trial 192 with value: 0.09339583857196082.
2026-05-11 12:10:07,671 - optuna.study.study - INFO - Trial 194 finished with value: 0.08449153386021296 and parameters: {'n_layers': 1, 'embedding_dim': 256, 'lr': 0.005836483755105471, 'lambda_val': 0.0005943312169957343, 'batch_size': 1436, 'optimizer': 'RMSprop'}. Best is trial 192 with value: 0.09339583857196082.
2026-05-11 12:10:42,691 - optuna.study.study - INFO - Trial 195 finished with value: 0.08081737813536718 and parameters: {'n_layers': 1, 'embedding_dim': 256, 'lr': 0.006788825381687194, 'lambda_val': 0.0008798075897278633, 'batch_size': 1413, 'optimizer': 'RMSprop'}. Best is trial 192 with value: 0.09339583857196082.
2026-05-11 12:10:47,483 - optuna.study._optimize - INFO - Trial 196 pruned. 
2026-05-11 12:10:51,944 - optuna.study._optimize - INFO - Trial 197 pruned. 
2026-05-11 12:10:58,832 - optuna.study._optimize - INFO - Trial 198 pruned. 
2026-05-11 12:11:08,345 - optuna.study._optimize - INFO - Trial 199 pruned. 
2026-05-11 12:11:35,122 - root - INFO -   **** Training e_100K_1c3dcs_rand2
2026-05-11 12:11:35,135 - root - INFO -   **** Getting 56335/65410 random edges
2026-05-11 12:11:35,222 - optuna.storages._rdb.storage - INFO - A new study created in RDB with name: Study_e_100K_1c3dcs_rand2
2026-05-11 12:12:23,324 - optuna.study.study - INFO - Trial 0 finished with value: 0.0015380680902137686 and parameters: {'n_layers': 3, 'embedding_dim': 32, 'lr': 0.003064607600813809, 'lambda_val': 2.7853300491272996e-06, 'batch_size': 1351, 'optimizer': 'SGD'}. Best is trial 0 with value: 0.0015380680902137686.
2026-05-11 12:13:07,089 - optuna.study.study - INFO - Trial 1 finished with value: 0.022113753128149817 and parameters: {'n_layers': 1, 'embedding_dim': 32, 'lr': 0.03418274296707349, 'lambda_val': 3.4361723113597394e-06, 'batch_size': 3280, 'optimizer': 'Adam'}. Best is trial 1 with value: 0.022113753128149817.
2026-05-11 12:13:40,027 - optuna.study.study - INFO - Trial 2 finished with value: 0.027181738137811436 and parameters: {'n_layers': 2, 'embedding_dim': 96, 'lr': 0.0026897132359539437, 'lambda_val': 0.01993686166260287, 'batch_size': 2132, 'optimizer': 'RMSprop'}. Best is trial 2 with value: 0.027181738137811436.
2026-05-11 12:14:37,195 - optuna.study.study - INFO - Trial 3 finished with value: 0.033233895375887064 and parameters: {'n_layers': 3, 'embedding_dim': 256, 'lr': 0.008328372216061114, 'lambda_val': 5.0634940808796255e-06, 'batch_size': 3896, 'optimizer': 'Adam'}. Best is trial 3 with value: 0.033233895375887064.
2026-05-11 12:15:09,816 - optuna.study.study - INFO - Trial 4 finished with value: 0.024218802934153922 and parameters: {'n_layers': 1, 'embedding_dim': 128, 'lr': 0.06213504646686566, 'lambda_val': 2.934079595938516e-05, 'batch_size': 2681, 'optimizer': 'RMSprop'}. Best is trial 3 with value: 0.033233895375887064.
2026-05-11 12:15:14,177 - optuna.study._optimize - INFO - Trial 5 pruned. 
2026-05-11 12:15:18,352 - optuna.study._optimize - INFO - Trial 6 pruned. 
2026-05-11 12:16:04,033 - optuna.study.study - INFO - Trial 7 finished with value: 0.01626658910803781 and parameters: {'n_layers': 4, 'embedding_dim': 64, 'lr': 0.00013076077548406244, 'lambda_val': 1.3329698404416989e-05, 'batch_size': 1533, 'optimizer': 'RMSprop'}. Best is trial 3 with value: 0.033233895375887064.
2026-05-11 12:16:08,868 - optuna.study._optimize - INFO - Trial 8 pruned. 
2026-05-11 12:16:12,941 - optuna.study._optimize - INFO - Trial 9 pruned. 
2026-05-11 12:16:18,996 - optuna.study._optimize - INFO - Trial 10 pruned. 
2026-05-11 12:16:51,734 - optuna.study.study - INFO - Trial 11 finished with value: 0.045794572891759235 and parameters: {'n_layers': 2, 'embedding_dim': 96, 'lr': 0.006864715004486116, 'lambda_val': 0.0019347844056031142, 'batch_size': 1954, 'optimizer': 'RMSprop'}. Best is trial 11 with value: 0.045794572891759235.
2026-05-11 12:17:33,897 - optuna.study.study - INFO - Trial 12 finished with value: 0.04896999312571596 and parameters: {'n_layers': 2, 'embedding_dim': 256, 'lr': 0.011650760954264802, 'lambda_val': 0.0010184063897156334, 'batch_size': 1964, 'optimizer': 'RMSprop'}. Best is trial 12 with value: 0.04896999312571596.
2026-05-11 12:18:11,117 - optuna.study.study - INFO - Trial 13 finished with value: 0.028537843391388276 and parameters: {'n_layers': 2, 'embedding_dim': 96, 'lr': 0.0004723976161731377, 'lambda_val': 0.0013764811772135341, 'batch_size': 1968, 'optimizer': 'RMSprop'}. Best is trial 12 with value: 0.04896999312571596.
2026-05-11 12:18:56,413 - optuna.study.study - INFO - Trial 14 finished with value: 0.04601813635953721 and parameters: {'n_layers': 2, 'embedding_dim': 256, 'lr': 0.012172145754079893, 'lambda_val': 0.002865602519159228, 'batch_size': 1631, 'optimizer': 'RMSprop'}. Best is trial 12 with value: 0.04896999312571596.
2026-05-11 12:19:37,966 - optuna.study.study - INFO - Trial 15 finished with value: 0.041954188313015985 and parameters: {'n_layers': 2, 'embedding_dim': 256, 'lr': 0.017639144656677163, 'lambda_val': 9.146970186045325e-05, 'batch_size': 1051, 'optimizer': 'RMSprop'}. Best is trial 12 with value: 0.04896999312571596.
2026-05-11 12:19:42,427 - optuna.study._optimize - INFO - Trial 16 pruned. 
2026-05-11 12:19:47,746 - optuna.study._optimize - INFO - Trial 17 pruned. 
2026-05-11 12:19:54,603 - optuna.study._optimize - INFO - Trial 18 pruned. 
2026-05-11 12:20:35,011 - optuna.study.study - INFO - Trial 19 finished with value: 0.07821968192139743 and parameters: {'n_layers': 1, 'embedding_dim': 256, 'lr': 0.004858674505829633, 'lambda_val': 0.0004199402599330044, 'batch_size': 592, 'optimizer': 'RMSprop'}. Best is trial 19 with value: 0.07821968192139743.
2026-05-11 12:20:39,150 - optuna.study._optimize - INFO - Trial 20 pruned. 
2026-05-11 12:21:13,017 - optuna.study.study - INFO - Trial 21 finished with value: 0.07296446347559139 and parameters: {'n_layers': 1, 'embedding_dim': 256, 'lr': 0.015058829453103929, 'lambda_val': 0.005731052907309589, 'batch_size': 1131, 'optimizer': 'RMSprop'}. Best is trial 19 with value: 0.07821968192139743.
2026-05-11 12:21:17,047 - optuna.study._optimize - INFO - Trial 22 pruned. 
2026-05-11 12:21:50,533 - optuna.study.study - INFO - Trial 23 finished with value: 0.05716278901596401 and parameters: {'n_layers': 1, 'embedding_dim': 256, 'lr': 0.0017063517738609242, 'lambda_val': 0.012771404759394684, 'batch_size': 1142, 'optimizer': 'RMSprop'}. Best is trial 19 with value: 0.07821968192139743.
2026-05-11 12:22:24,192 - optuna.study.study - INFO - Trial 24 finished with value: 0.04921790241673833 and parameters: {'n_layers': 1, 'embedding_dim': 256, 'lr': 0.0015087537546495731, 'lambda_val': 0.014035744933111794, 'batch_size': 1110, 'optimizer': 'RMSprop'}. Best is trial 19 with value: 0.07821968192139743.
2026-05-11 12:22:48,515 - optuna.study._optimize - INFO - Trial 25 pruned. 
2026-05-11 12:23:17,389 - optuna.study.study - INFO - Trial 26 finished with value: 0.05949026225868898 and parameters: {'n_layers': 1, 'embedding_dim': 64, 'lr': 0.0008920043051862762, 'lambda_val': 1.0856011106453326e-06, 'batch_size': 889, 'optimizer': 'RMSprop'}. Best is trial 19 with value: 0.07821968192139743.
2026-05-11 12:23:45,745 - optuna.study.study - INFO - Trial 27 finished with value: 0.0889930370626337 and parameters: {'n_layers': 1, 'embedding_dim': 64, 'lr': 0.00032279096380808254, 'lambda_val': 1.2207758208114982e-06, 'batch_size': 810, 'optimizer': 'RMSprop'}. Best is trial 27 with value: 0.0889930370626337.
2026-05-11 12:23:50,110 - optuna.study._optimize - INFO - Trial 28 pruned. 
2026-05-11 12:23:54,367 - optuna.study._optimize - INFO - Trial 29 pruned. 
2026-05-11 12:23:58,167 - optuna.study._optimize - INFO - Trial 30 pruned. 
2026-05-11 12:24:26,027 - optuna.study.study - INFO - Trial 31 finished with value: 0.05126554047211602 and parameters: {'n_layers': 1, 'embedding_dim': 64, 'lr': 0.0005851565734996094, 'lambda_val': 1.3147136970057013e-06, 'batch_size': 835, 'optimizer': 'RMSprop'}. Best is trial 27 with value: 0.0889930370626337.
2026-05-11 12:24:54,906 - optuna.study.study - INFO - Trial 32 finished with value: 0.0843864502587943 and parameters: {'n_layers': 1, 'embedding_dim': 64, 'lr': 0.0003199320347443025, 'lambda_val': 2.6144955854723455e-06, 'batch_size': 999, 'optimizer': 'RMSprop'}. Best is trial 27 with value: 0.0889930370626337.
2026-05-11 12:24:58,815 - optuna.study._optimize - INFO - Trial 33 pruned. 
2026-05-11 12:25:02,829 - optuna.study._optimize - INFO - Trial 34 pruned. 
2026-05-11 12:25:32,198 - optuna.study.study - INFO - Trial 35 finished with value: 0.10163886704334721 and parameters: {'n_layers': 1, 'embedding_dim': 32, 'lr': 0.0003004025766164384, 'lambda_val': 3.773169473807231e-06, 'batch_size': 924, 'optimizer': 'Adam'}. Best is trial 35 with value: 0.10163886704334721.
2026-05-11 12:26:01,921 - optuna.study.study - INFO - Trial 36 finished with value: 0.06592766019414725 and parameters: {'n_layers': 2, 'embedding_dim': 32, 'lr': 0.0002608727866189256, 'lambda_val': 3.711879727200641e-06, 'batch_size': 514, 'optimizer': 'Adam'}. Best is trial 35 with value: 0.10163886704334721.
2026-05-11 12:26:05,554 - optuna.study._optimize - INFO - Trial 37 pruned. 
2026-05-11 12:26:36,531 - optuna.study.study - INFO - Trial 38 finished with value: 0.02337755137196889 and parameters: {'n_layers': 2, 'embedding_dim': 32, 'lr': 0.00035692593116970944, 'lambda_val': 2.2421478115984516e-06, 'batch_size': 741, 'optimizer': 'Adam'}. Best is trial 35 with value: 0.10163886704334721.
2026-05-11 12:26:42,684 - optuna.study._optimize - INFO - Trial 39 pruned. 
2026-05-11 12:27:24,848 - optuna.study.study - INFO - Trial 40 finished with value: 0.03840794787214946 and parameters: {'n_layers': 1, 'embedding_dim': 32, 'lr': 0.0011108105428574108, 'lambda_val': 1.545988930223121e-05, 'batch_size': 3185, 'optimizer': 'Adam'}. Best is trial 35 with value: 0.10163886704334721.
2026-05-11 12:27:54,365 - optuna.study.study - INFO - Trial 41 finished with value: 0.12441597886256883 and parameters: {'n_layers': 1, 'embedding_dim': 96, 'lr': 0.00016100902593251228, 'lambda_val': 3.890315429000557e-06, 'batch_size': 1343, 'optimizer': 'RMSprop'}. Best is trial 41 with value: 0.12441597886256883.
2026-05-11 12:27:58,460 - optuna.study._optimize - INFO - Trial 42 pruned. 
2026-05-11 12:28:27,218 - optuna.study.study - INFO - Trial 43 finished with value: 0.13667121035266763 and parameters: {'n_layers': 1, 'embedding_dim': 96, 'lr': 0.00017132800977832704, 'lambda_val': 1.907689964735128e-06, 'batch_size': 697, 'optimizer': 'Adam'}. Best is trial 43 with value: 0.13667121035266763.
2026-05-11 12:28:59,582 - optuna.study.study - INFO - Trial 44 finished with value: 0.1048879413836458 and parameters: {'n_layers': 1, 'embedding_dim': 96, 'lr': 0.00015447714341593752, 'lambda_val': 1.6920538957222165e-06, 'batch_size': 1749, 'optimizer': 'Adam'}. Best is trial 43 with value: 0.13667121035266763.
2026-05-11 12:29:32,465 - optuna.study.study - INFO - Trial 45 finished with value: 0.0351950290113174 and parameters: {'n_layers': 2, 'embedding_dim': 96, 'lr': 0.00015344752760069666, 'lambda_val': 1.858352107498007e-06, 'batch_size': 1769, 'optimizer': 'Adam'}. Best is trial 43 with value: 0.13667121035266763.
2026-05-11 12:29:36,278 - optuna.study._optimize - INFO - Trial 46 pruned. 
2026-05-11 12:29:41,453 - optuna.study._optimize - INFO - Trial 47 pruned. 
2026-05-11 12:29:45,378 - optuna.study._optimize - INFO - Trial 48 pruned. 
2026-05-11 12:30:18,197 - optuna.study.study - INFO - Trial 49 finished with value: 0.05570385235920094 and parameters: {'n_layers': 2, 'embedding_dim': 96, 'lr': 0.00019269129962347497, 'lambda_val': 1.7669628713477882e-06, 'batch_size': 744, 'optimizer': 'Adam'}. Best is trial 43 with value: 0.13667121035266763.
2026-05-11 12:30:51,038 - optuna.study.study - INFO - Trial 50 finished with value: 0.030845108496017418 and parameters: {'n_layers': 2, 'embedding_dim': 96, 'lr': 0.00039298918126477516, 'lambda_val': 1.0176300539629353e-06, 'batch_size': 1243, 'optimizer': 'Adam'}. Best is trial 43 with value: 0.13667121035266763.
2026-05-11 12:30:54,902 - optuna.study._optimize - INFO - Trial 51 pruned. 
2026-05-11 12:31:24,599 - optuna.study.study - INFO - Trial 52 finished with value: 0.08558592920594969 and parameters: {'n_layers': 1, 'embedding_dim': 128, 'lr': 0.0002970504832956672, 'lambda_val': 3.12360350018926e-06, 'batch_size': 1030, 'optimizer': 'Adam'}. Best is trial 43 with value: 0.13667121035266763.
2026-05-11 12:31:54,472 - optuna.study.study - INFO - Trial 53 finished with value: 0.09267714533663796 and parameters: {'n_layers': 1, 'embedding_dim': 128, 'lr': 0.00019767025349119155, 'lambda_val': 5.521136630661535e-06, 'batch_size': 1788, 'optimizer': 'Adam'}. Best is trial 43 with value: 0.13667121035266763.
2026-05-11 12:32:24,621 - optuna.study.study - INFO - Trial 54 finished with value: 0.1151357180199862 and parameters: {'n_layers': 1, 'embedding_dim': 128, 'lr': 0.00014497516414797704, 'lambda_val': 7.5070635267165404e-06, 'batch_size': 1885, 'optimizer': 'Adam'}. Best is trial 43 with value: 0.13667121035266763.
2026-05-11 12:32:54,154 - optuna.study.study - INFO - Trial 55 finished with value: 0.05325897318755353 and parameters: {'n_layers': 1, 'embedding_dim': 128, 'lr': 0.0006988152475497975, 'lambda_val': 4.1236730553157434e-05, 'batch_size': 1756, 'optimizer': 'Adam'}. Best is trial 43 with value: 0.13667121035266763.
2026-05-11 12:32:57,987 - optuna.study._optimize - INFO - Trial 56 pruned. 
2026-05-11 12:33:03,417 - optuna.study._optimize - INFO - Trial 57 pruned. 
2026-05-11 12:33:07,521 - optuna.study._optimize - INFO - Trial 58 pruned. 
2026-05-11 12:33:11,412 - optuna.study._optimize - INFO - Trial 59 pruned. 
2026-05-11 12:33:15,282 - optuna.study._optimize - INFO - Trial 60 pruned. 
2026-05-11 12:33:43,139 - optuna.study.study - INFO - Trial 61 finished with value: 0.09413336780383429 and parameters: {'n_layers': 1, 'embedding_dim': 32, 'lr': 0.00020416235972349505, 'lambda_val': 1.4956223542272137e-06, 'batch_size': 1829, 'optimizer': 'Adam'}. Best is trial 43 with value: 0.13667121035266763.
2026-05-11 12:34:10,844 - optuna.study.study - INFO - Trial 62 finished with value: 0.08692917762636004 and parameters: {'n_layers': 1, 'embedding_dim': 32, 'lr': 0.00020501116912084448, 'lambda_val': 1.8290841147982476e-06, 'batch_size': 1652, 'optimizer': 'Adam'}. Best is trial 43 with value: 0.13667121035266763.
2026-05-11 12:34:14,762 - optuna.study._optimize - INFO - Trial 63 pruned. 
2026-05-11 12:34:48,832 - optuna.study.study - INFO - Trial 64 finished with value: 0.04178734904149058 and parameters: {'n_layers': 1, 'embedding_dim': 32, 'lr': 0.0004510852363406263, 'lambda_val': 4.973851324406e-06, 'batch_size': 2436, 'optimizer': 'Adam'}. Best is trial 43 with value: 0.13667121035266763.
2026-05-11 12:34:53,689 - optuna.study._optimize - INFO - Trial 65 pruned. 
2026-05-11 12:34:57,121 - optuna.study._optimize - INFO - Trial 66 pruned. 
2026-05-11 12:35:01,351 - optuna.study._optimize - INFO - Trial 67 pruned. 
2026-05-11 12:35:26,938 - optuna.study.study - INFO - Trial 68 finished with value: 0.057728502143217036 and parameters: {'n_layers': 1, 'embedding_dim': 96, 'lr': 0.000640079966499999, 'lambda_val': 0.00021290719586233574, 'batch_size': 2038, 'optimizer': 'Adam'}. Best is trial 43 with value: 0.13667121035266763.
2026-05-11 12:35:30,176 - optuna.study._optimize - INFO - Trial 69 pruned. 
2026-05-11 12:35:33,735 - optuna.study._optimize - INFO - Trial 70 pruned. 
2026-05-11 12:36:00,253 - optuna.study.study - INFO - Trial 71 finished with value: 0.06647673520963342 and parameters: {'n_layers': 1, 'embedding_dim': 96, 'lr': 0.0003898135394196142, 'lambda_val': 1.0281520136944557e-06, 'batch_size': 1190, 'optimizer': 'Adam'}. Best is trial 43 with value: 0.13667121035266763.
2026-05-11 12:36:04,055 - optuna.study._optimize - INFO - Trial 72 pruned. 
2026-05-11 12:36:09,517 - optuna.study._optimize - INFO - Trial 73 pruned. 
2026-05-11 12:36:41,422 - optuna.study.study - INFO - Trial 74 finished with value: 0.05643469427491027 and parameters: {'n_layers': 1, 'embedding_dim': 96, 'lr': 0.0004962749795324768, 'lambda_val': 4.451490724028964e-06, 'batch_size': 1111, 'optimizer': 'Adam'}. Best is trial 43 with value: 0.13667121035266763.
2026-05-11 12:36:45,430 - optuna.study._optimize - INFO - Trial 75 pruned. 
2026-05-11 12:37:13,582 - optuna.study.study - INFO - Trial 76 finished with value: 0.048752458951862386 and parameters: {'n_layers': 1, 'embedding_dim': 32, 'lr': 0.000808452549390526, 'lambda_val': 1.3276053117735436e-06, 'batch_size': 949, 'optimizer': 'Adam'}. Best is trial 43 with value: 0.13667121035266763.
2026-05-11 12:37:18,114 - optuna.study._optimize - INFO - Trial 77 pruned. 
2026-05-11 12:37:22,122 - optuna.study._optimize - INFO - Trial 78 pruned. 
2026-05-11 12:37:26,312 - optuna.study._optimize - INFO - Trial 79 pruned. 
2026-05-11 12:37:56,549 - optuna.study.study - INFO - Trial 80 finished with value: 0.12895684750605863 and parameters: {'n_layers': 1, 'embedding_dim': 96, 'lr': 0.00021077964463741156, 'lambda_val': 3.3196586448439807e-06, 'batch_size': 644, 'optimizer': 'Adam'}. Best is trial 43 with value: 0.13667121035266763.
2026-05-11 12:38:23,020 - optuna.study.study - INFO - Trial 81 finished with value: 0.10510795902914308 and parameters: {'n_layers': 1, 'embedding_dim': 96, 'lr': 0.0002897821467165507, 'lambda_val': 3.223082560772314e-06, 'batch_size': 643, 'optimizer': 'Adam'}. Best is trial 43 with value: 0.13667121035266763.
2026-05-11 12:38:59,590 - optuna.study.study - INFO - Trial 82 finished with value: 0.13070140128078908 and parameters: {'n_layers': 1, 'embedding_dim': 96, 'lr': 0.00021939251573812512, 'lambda_val': 3.4060027880518173e-06, 'batch_size': 620, 'optimizer': 'Adam'}. Best is trial 43 with value: 0.13667121035266763.
2026-05-11 12:39:03,928 - optuna.study._optimize - INFO - Trial 83 pruned. 
2026-05-11 12:39:07,676 - optuna.study._optimize - INFO - Trial 84 pruned. 
2026-05-11 12:39:11,679 - optuna.study._optimize - INFO - Trial 85 pruned. 
2026-05-11 12:39:38,088 - optuna.study.study - INFO - Trial 86 finished with value: 0.10966358268040409 and parameters: {'n_layers': 1, 'embedding_dim': 96, 'lr': 0.00026239225029368873, 'lambda_val': 8.297348962940755e-06, 'batch_size': 765, 'optimizer': 'Adam'}. Best is trial 43 with value: 0.13667121035266763.
2026-05-11 12:40:04,622 - optuna.study.study - INFO - Trial 87 finished with value: 0.10391607475864287 and parameters: {'n_layers': 1, 'embedding_dim': 96, 'lr': 0.0002570015670941321, 'lambda_val': 1.020022369799136e-05, 'batch_size': 771, 'optimizer': 'Adam'}. Best is trial 43 with value: 0.13667121035266763.
2026-05-11 12:40:29,333 - optuna.study.study - INFO - Trial 88 finished with value: 0.0769112044233959 and parameters: {'n_layers': 1, 'embedding_dim': 96, 'lr': 0.0004089472324796177, 'lambda_val': 8.817213528578618e-06, 'batch_size': 645, 'optimizer': 'Adam'}. Best is trial 43 with value: 0.13667121035266763.
2026-05-11 12:41:02,049 - optuna.study.study - INFO - Trial 89 finished with value: 0.09349800485503543 and parameters: {'n_layers': 1, 'embedding_dim': 96, 'lr': 0.00027233518841089297, 'lambda_val': 2.1885376781065825e-05, 'batch_size': 784, 'optimizer': 'Adam'}. Best is trial 43 with value: 0.13667121035266763.
2026-05-11 12:41:08,933 - optuna.study._optimize - INFO - Trial 90 pruned. 
2026-05-11 12:41:37,410 - optuna.study.study - INFO - Trial 91 finished with value: 0.11201888221525749 and parameters: {'n_layers': 1, 'embedding_dim': 96, 'lr': 0.00025880176930522306, 'lambda_val': 4.093381705966431e-06, 'batch_size': 853, 'optimizer': 'Adam'}. Best is trial 43 with value: 0.13667121035266763.
2026-05-11 12:42:06,293 - optuna.study.study - INFO - Trial 92 finished with value: 0.1127056845111499 and parameters: {'n_layers': 1, 'embedding_dim': 96, 'lr': 0.0002344278440738321, 'lambda_val': 6.954244368700694e-06, 'batch_size': 768, 'optimizer': 'Adam'}. Best is trial 43 with value: 0.13667121035266763.
2026-05-11 12:42:34,475 - optuna.study.study - INFO - Trial 93 finished with value: 0.07205682335826835 and parameters: {'n_layers': 1, 'embedding_dim': 96, 'lr': 0.0003597736245119613, 'lambda_val': 7.1915787896480835e-06, 'batch_size': 990, 'optimizer': 'Adam'}. Best is trial 43 with value: 0.13667121035266763.
2026-05-11 12:43:04,952 - optuna.study.study - INFO - Trial 94 finished with value: 0.06110259050669294 and parameters: {'n_layers': 1, 'embedding_dim': 96, 'lr': 0.0005618557996930632, 'lambda_val': 4.504605022731409e-06, 'batch_size': 1055, 'optimizer': 'Adam'}. Best is trial 43 with value: 0.13667121035266763.
2026-05-11 12:43:41,998 - optuna.study.study - INFO - Trial 95 finished with value: 0.11752143909556455 and parameters: {'n_layers': 1, 'embedding_dim': 96, 'lr': 0.00022890999807846044, 'lambda_val': 1.2694820457978321e-05, 'batch_size': 855, 'optimizer': 'Adam'}. Best is trial 43 with value: 0.13667121035266763.
2026-05-11 12:44:10,623 - optuna.study.study - INFO - Trial 96 finished with value: 0.11932283336923907 and parameters: {'n_layers': 1, 'embedding_dim': 96, 'lr': 0.0002087501871813769, 'lambda_val': 1.4446128142307367e-05, 'batch_size': 879, 'optimizer': 'Adam'}. Best is trial 43 with value: 0.13667121035266763.
2026-05-11 12:44:41,259 - optuna.study.study - INFO - Trial 97 finished with value: 0.12892221062269527 and parameters: {'n_layers': 1, 'embedding_dim': 96, 'lr': 0.00021668392371614937, 'lambda_val': 1.321956152625548e-05, 'batch_size': 864, 'optimizer': 'Adam'}. Best is trial 43 with value: 0.13667121035266763.
2026-05-11 12:44:49,840 - optuna.study._optimize - INFO - Trial 98 pruned. 
2026-05-11 12:44:59,085 - optuna.study._optimize - INFO - Trial 99 pruned. 
2026-05-11 12:45:04,022 - optuna.study._optimize - INFO - Trial 100 pruned. 
2026-05-11 12:45:32,326 - optuna.study.study - INFO - Trial 101 finished with value: 0.12163481568487124 and parameters: {'n_layers': 1, 'embedding_dim': 96, 'lr': 0.0002335735066161853, 'lambda_val': 1.2669215079787364e-05, 'batch_size': 727, 'optimizer': 'Adam'}. Best is trial 43 with value: 0.13667121035266763.
2026-05-11 12:45:36,592 - optuna.study._optimize - INFO - Trial 102 pruned. 
2026-05-11 12:45:40,785 - optuna.study._optimize - INFO - Trial 103 pruned. 
2026-05-11 12:46:19,728 - optuna.study.study - INFO - Trial 104 finished with value: 0.09909374374268567 and parameters: {'n_layers': 1, 'embedding_dim': 96, 'lr': 0.00022601359165644227, 'lambda_val': 1.3414574112358987e-05, 'batch_size': 1167, 'optimizer': 'Adam'}. Best is trial 43 with value: 0.13667121035266763.
2026-05-11 12:46:48,287 - optuna.study.study - INFO - Trial 105 finished with value: 0.06192253977872945 and parameters: {'n_layers': 1, 'embedding_dim': 96, 'lr': 0.0004562427448415572, 'lambda_val': 6.731345802161027e-06, 'batch_size': 818, 'optimizer': 'Adam'}. Best is trial 43 with value: 0.13667121035266763.
2026-05-11 12:46:52,146 - optuna.study._optimize - INFO - Trial 106 pruned. 
2026-05-11 12:46:57,606 - optuna.study._optimize - INFO - Trial 107 pruned. 
2026-05-11 12:47:25,825 - optuna.study.study - INFO - Trial 108 finished with value: 0.07717157179100254 and parameters: {'n_layers': 1, 'embedding_dim': 96, 'lr': 0.00034373824635265703, 'lambda_val': 2.170812706231711e-05, 'batch_size': 931, 'optimizer': 'Adam'}. Best is trial 43 with value: 0.13667121035266763.
2026-05-11 12:47:29,983 - optuna.study._optimize - INFO - Trial 109 pruned. 
2026-05-11 12:47:59,808 - optuna.study.study - INFO - Trial 110 finished with value: 0.06114360359367526 and parameters: {'n_layers': 1, 'embedding_dim': 96, 'lr': 0.0007087804276694923, 'lambda_val': 9.760712226443065e-06, 'batch_size': 536, 'optimizer': 'Adam'}. Best is trial 43 with value: 0.13667121035266763.
2026-05-11 12:48:03,784 - optuna.study._optimize - INFO - Trial 111 pruned. 
2026-05-11 12:48:08,050 - optuna.study._optimize - INFO - Trial 112 pruned. 
2026-05-11 12:48:36,845 - optuna.study.study - INFO - Trial 113 finished with value: 0.11027278402600525 and parameters: {'n_layers': 1, 'embedding_dim': 96, 'lr': 0.0002605611296581549, 'lambda_val': 6.8712669486412824e-06, 'batch_size': 663, 'optimizer': 'Adam'}. Best is trial 43 with value: 0.13667121035266763.
2026-05-11 12:48:40,878 - optuna.study._optimize - INFO - Trial 114 pruned. 
2026-05-11 12:49:39,349 - optuna.study.study - INFO - Trial 115 finished with value: 0.08342924812419301 and parameters: {'n_layers': 1, 'embedding_dim': 96, 'lr': 0.0003041793428808343, 'lambda_val': 1.4789352501236158e-05, 'batch_size': 665, 'optimizer': 'Adam'}. Best is trial 43 with value: 0.13667121035266763.
2026-05-11 12:50:20,514 - optuna.study.study - INFO - Trial 116 finished with value: 0.07166969226809451 and parameters: {'n_layers': 1, 'embedding_dim': 96, 'lr': 0.0004279622538990986, 'lambda_val': 3.848759448400583e-06, 'batch_size': 903, 'optimizer': 'Adam'}. Best is trial 43 with value: 0.13667121035266763.
2026-05-11 12:50:49,344 - optuna.study.study - INFO - Trial 117 finished with value: 0.07983538512823322 and parameters: {'n_layers': 1, 'embedding_dim': 96, 'lr': 0.00034570549070989614, 'lambda_val': 6.909437237262999e-06, 'batch_size': 840, 'optimizer': 'Adam'}. Best is trial 43 with value: 0.13667121035266763.
2026-05-11 12:51:25,496 - optuna.study.study - INFO - Trial 118 finished with value: 0.12452053377573838 and parameters: {'n_layers': 1, 'embedding_dim': 256, 'lr': 0.00024029501990051867, 'lambda_val': 1.2497298688621548e-05, 'batch_size': 519, 'optimizer': 'Adam'}. Best is trial 43 with value: 0.13667121035266763.
2026-05-11 12:51:31,738 - optuna.study._optimize - INFO - Trial 119 pruned. 
2026-05-11 12:51:36,190 - optuna.study._optimize - INFO - Trial 120 pruned. 
2026-05-11 12:51:40,508 - optuna.study._optimize - INFO - Trial 121 pruned. 
2026-05-11 12:51:44,947 - optuna.study._optimize - INFO - Trial 122 pruned. 
2026-05-11 12:51:49,575 - optuna.study._optimize - INFO - Trial 123 pruned. 
2026-05-11 12:51:53,948 - optuna.study._optimize - INFO - Trial 124 pruned. 
2026-05-11 12:51:57,999 - optuna.study._optimize - INFO - Trial 125 pruned. 
2026-05-11 12:52:01,962 - optuna.study._optimize - INFO - Trial 126 pruned. 
2026-05-11 12:52:39,419 - optuna.study.study - INFO - Trial 127 finished with value: 0.07296260838867812 and parameters: {'n_layers': 1, 'embedding_dim': 256, 'lr': 0.00018834916696153196, 'lambda_val': 1.6140284747883236e-05, 'batch_size': 3746, 'optimizer': 'Adam'}. Best is trial 43 with value: 0.13667121035266763.
2026-05-11 12:53:09,653 - optuna.study.study - INFO - Trial 128 finished with value: 0.09445204821426176 and parameters: {'n_layers': 1, 'embedding_dim': 96, 'lr': 0.0003226360688192741, 'lambda_val': 2.5494848343113494e-05, 'batch_size': 599, 'optimizer': 'Adam'}. Best is trial 43 with value: 0.13667121035266763.
2026-05-11 12:53:13,674 - optuna.study._optimize - INFO - Trial 129 pruned. 
2026-05-11 12:53:18,525 - optuna.study._optimize - INFO - Trial 130 pruned. 
2026-05-11 12:53:22,640 - optuna.study._optimize - INFO - Trial 131 pruned. 
2026-05-11 12:53:53,381 - optuna.study.study - INFO - Trial 132 finished with value: 0.07978489336472407 and parameters: {'n_layers': 1, 'embedding_dim': 96, 'lr': 0.00038065247342233984, 'lambda_val': 0.00017205843944216278, 'batch_size': 782, 'optimizer': 'Adam'}. Best is trial 43 with value: 0.13667121035266763.
2026-05-11 12:53:57,609 - optuna.study._optimize - INFO - Trial 133 pruned. 
2026-05-11 12:54:25,968 - optuna.study.study - INFO - Trial 134 finished with value: 0.09682437956520949 and parameters: {'n_layers': 1, 'embedding_dim': 96, 'lr': 0.00026707361775444005, 'lambda_val': 5.753337336537006e-06, 'batch_size': 1014, 'optimizer': 'Adam'}. Best is trial 43 with value: 0.13667121035266763.
2026-05-11 12:54:55,367 - optuna.study.study - INFO - Trial 135 finished with value: 0.0860805666414013 and parameters: {'n_layers': 1, 'embedding_dim': 96, 'lr': 0.0003186413175453674, 'lambda_val': 1.3764342688357157e-05, 'batch_size': 910, 'optimizer': 'Adam'}. Best is trial 43 with value: 0.13667121035266763.
2026-05-11 12:54:59,642 - optuna.study._optimize - INFO - Trial 136 pruned. 
2026-05-11 12:55:28,714 - optuna.study.study - INFO - Trial 137 finished with value: 0.06374634380339964 and parameters: {'n_layers': 1, 'embedding_dim': 96, 'lr': 0.000528893752948693, 'lambda_val': 4.294715599469862e-06, 'batch_size': 728, 'optimizer': 'Adam'}. Best is trial 43 with value: 0.13667121035266763.
2026-05-11 12:55:32,598 - optuna.study._optimize - INFO - Trial 138 pruned. 
2026-05-11 12:55:36,739 - optuna.study._optimize - INFO - Trial 139 pruned. 
2026-05-11 12:55:40,934 - optuna.study._optimize - INFO - Trial 140 pruned. 
2026-05-11 12:55:46,899 - optuna.study._optimize - INFO - Trial 141 pruned. 
2026-05-11 12:55:52,256 - optuna.study._optimize - INFO - Trial 142 pruned. 
2026-05-11 12:55:56,175 - optuna.study._optimize - INFO - Trial 143 pruned. 
2026-05-11 12:56:25,968 - optuna.study.study - INFO - Trial 144 finished with value: 0.11594865810858744 and parameters: {'n_layers': 1, 'embedding_dim': 96, 'lr': 0.0002641232200427962, 'lambda_val': 5.349612102558846e-06, 'batch_size': 738, 'optimizer': 'Adam'}. Best is trial 43 with value: 0.13667121035266763.
2026-05-11 12:56:55,141 - optuna.study.study - INFO - Trial 145 finished with value: 0.07121250702911358 and parameters: {'n_layers': 1, 'embedding_dim': 96, 'lr': 0.0004015725946063024, 'lambda_val': 1.1768301632788535e-05, 'batch_size': 856, 'optimizer': 'Adam'}. Best is trial 43 with value: 0.13667121035266763.
2026-05-11 12:56:59,965 - optuna.study._optimize - INFO - Trial 146 pruned. 
2026-05-11 12:57:06,339 - optuna.study._optimize - INFO - Trial 147 pruned. 
2026-05-11 12:57:37,494 - optuna.study.study - INFO - Trial 148 finished with value: 0.06427502427845895 and parameters: {'n_layers': 1, 'embedding_dim': 96, 'lr': 0.00034791273256401577, 'lambda_val': 2.3879772905826933e-06, 'batch_size': 968, 'optimizer': 'Adam'}. Best is trial 43 with value: 0.13667121035266763.
2026-05-11 12:57:41,418 - optuna.study._optimize - INFO - Trial 149 pruned. 
2026-05-11 12:57:45,600 - optuna.study._optimize - INFO - Trial 150 pruned. 
2026-05-11 12:58:14,357 - optuna.study.study - INFO - Trial 151 finished with value: 0.11695353188191296 and parameters: {'n_layers': 1, 'embedding_dim': 96, 'lr': 0.0002803710067828483, 'lambda_val': 3.331995736331531e-06, 'batch_size': 653, 'optimizer': 'Adam'}. Best is trial 43 with value: 0.13667121035266763.
2026-05-11 12:58:42,786 - optuna.study.study - INFO - Trial 152 finished with value: 0.11273147059047108 and parameters: {'n_layers': 1, 'embedding_dim': 96, 'lr': 0.00027963929042716554, 'lambda_val': 9.893593571029849e-06, 'batch_size': 782, 'optimizer': 'Adam'}. Best is trial 43 with value: 0.13667121035266763.
2026-05-11 12:58:47,434 - optuna.study._optimize - INFO - Trial 153 pruned. 
2026-05-11 12:59:17,130 - optuna.study.study - INFO - Trial 154 finished with value: 0.08249303210166818 and parameters: {'n_layers': 1, 'embedding_dim': 96, 'lr': 0.0003058452575899443, 'lambda_val': 2.0612595579592273e-06, 'batch_size': 873, 'optimizer': 'Adam'}. Best is trial 43 with value: 0.13667121035266763.
2026-05-11 12:59:45,577 - optuna.study.study - INFO - Trial 155 finished with value: 0.06961835402830673 and parameters: {'n_layers': 1, 'embedding_dim': 96, 'lr': 0.00040377535116950243, 'lambda_val': 4.949995844566757e-06, 'batch_size': 818, 'optimizer': 'Adam'}. Best is trial 43 with value: 0.13667121035266763.
2026-05-11 13:00:14,312 - optuna.study.study - INFO - Trial 156 finished with value: 0.09824730495861213 and parameters: {'n_layers': 1, 'embedding_dim': 96, 'lr': 0.00028063670649456626, 'lambda_val': 9.726917851532833e-06, 'batch_size': 726, 'optimizer': 'Adam'}. Best is trial 43 with value: 0.13667121035266763.
2026-05-11 13:00:18,904 - optuna.study._optimize - INFO - Trial 157 pruned. 
2026-05-11 13:00:22,914 - optuna.study._optimize - INFO - Trial 158 pruned. 
2026-05-11 13:00:27,129 - optuna.study._optimize - INFO - Trial 159 pruned. 
2026-05-11 13:00:31,251 - optuna.study._optimize - INFO - Trial 160 pruned. 
2026-05-11 13:01:03,113 - optuna.study.study - INFO - Trial 161 finished with value: 0.11264271387568543 and parameters: {'n_layers': 1, 'embedding_dim': 96, 'lr': 0.00028288594861630066, 'lambda_val': 7.6921893680895e-06, 'batch_size': 762, 'optimizer': 'Adam'}. Best is trial 43 with value: 0.13667121035266763.
2026-05-11 13:01:07,673 - optuna.study._optimize - INFO - Trial 162 pruned. 
2026-05-11 13:01:36,999 - optuna.study.study - INFO - Trial 163 finished with value: 0.0793979624886201 and parameters: {'n_layers': 1, 'embedding_dim': 96, 'lr': 0.00035876304159176845, 'lambda_val': 4.422513231037149e-06, 'batch_size': 701, 'optimizer': 'Adam'}. Best is trial 43 with value: 0.13667121035266763.
2026-05-11 13:01:40,755 - optuna.study._optimize - INFO - Trial 164 pruned. 
2026-05-11 13:02:17,903 - optuna.study.study - INFO - Trial 165 finished with value: 0.10993101449280697 and parameters: {'n_layers': 1, 'embedding_dim': 96, 'lr': 0.00024742838604709403, 'lambda_val': 6.380723432102351e-06, 'batch_size': 868, 'optimizer': 'Adam'}. Best is trial 43 with value: 0.13667121035266763.
2026-05-11 13:02:52,584 - optuna.study.study - INFO - Trial 166 finished with value: 0.07112233815151627 and parameters: {'n_layers': 1, 'embedding_dim': 256, 'lr': 0.0004434291217622425, 'lambda_val': 1.4529439736015322e-05, 'batch_size': 794, 'optimizer': 'Adam'}. Best is trial 43 with value: 0.13667121035266763.
2026-05-11 13:02:56,904 - optuna.study._optimize - INFO - Trial 167 pruned. 
2026-05-11 13:03:31,779 - optuna.study.study - INFO - Trial 168 finished with value: 0.07402350394220888 and parameters: {'n_layers': 1, 'embedding_dim': 128, 'lr': 0.00031556695429142543, 'lambda_val': 5.413171433959024e-06, 'batch_size': 973, 'optimizer': 'Adam'}. Best is trial 43 with value: 0.13667121035266763.
2026-05-11 13:04:04,087 - optuna.study.study - INFO - Trial 169 finished with value: 0.053246021421066395 and parameters: {'n_layers': 1, 'embedding_dim': 96, 'lr': 0.0005737682892292452, 'lambda_val': 2.5410707326698778e-05, 'batch_size': 1326, 'optimizer': 'Adam'}. Best is trial 43 with value: 0.13667121035266763.
2026-05-11 13:04:07,937 - optuna.study._optimize - INFO - Trial 170 pruned. 
2026-05-11 13:04:12,243 - optuna.study._optimize - INFO - Trial 171 pruned. 
2026-05-11 13:04:16,251 - optuna.study._optimize - INFO - Trial 172 pruned. 
2026-05-11 13:04:47,265 - optuna.study.study - INFO - Trial 173 finished with value: 0.11331871648126131 and parameters: {'n_layers': 1, 'embedding_dim': 96, 'lr': 0.00027024438899800703, 'lambda_val': 6.130335047913666e-06, 'batch_size': 832, 'optimizer': 'Adam'}. Best is trial 43 with value: 0.13667121035266763.
2026-05-11 13:04:51,234 - optuna.study._optimize - INFO - Trial 174 pruned. 
2026-05-11 13:05:23,313 - optuna.study.study - INFO - Trial 175 finished with value: 0.0983439410388912 and parameters: {'n_layers': 1, 'embedding_dim': 96, 'lr': 0.00030794926559937237, 'lambda_val': 9.579695954651021e-06, 'batch_size': 812, 'optimizer': 'Adam'}. Best is trial 43 with value: 0.13667121035266763.
2026-05-11 13:05:27,201 - optuna.study._optimize - INFO - Trial 176 pruned. 
2026-05-11 13:05:31,109 - optuna.study._optimize - INFO - Trial 177 pruned. 
2026-05-11 13:05:34,996 - optuna.study._optimize - INFO - Trial 178 pruned. 
2026-05-11 13:06:07,498 - optuna.study.study - INFO - Trial 179 finished with value: 0.07239742258315428 and parameters: {'n_layers': 1, 'embedding_dim': 256, 'lr': 0.0003936967445345545, 'lambda_val': 6.0319457919284265e-06, 'batch_size': 1033, 'optimizer': 'Adam'}. Best is trial 43 with value: 0.13667121035266763.
2026-05-11 13:06:12,005 - optuna.study._optimize - INFO - Trial 180 pruned. 
2026-05-11 13:06:15,522 - optuna.study._optimize - INFO - Trial 181 pruned. 
2026-05-11 13:06:19,346 - optuna.study._optimize - INFO - Trial 182 pruned. 
2026-05-11 13:06:44,024 - optuna.study.study - INFO - Trial 183 finished with value: 0.09709855825806504 and parameters: {'n_layers': 1, 'embedding_dim': 96, 'lr': 0.000331251734651074, 'lambda_val': 5.024882125327527e-06, 'batch_size': 948, 'optimizer': 'Adam'}. Best is trial 43 with value: 0.13667121035266763.
2026-05-11 13:06:47,819 - optuna.study._optimize - INFO - Trial 184 pruned. 
2026-05-11 13:06:51,166 - optuna.study._optimize - INFO - Trial 185 pruned. 
2026-05-11 13:06:54,519 - optuna.study._optimize - INFO - Trial 186 pruned. 
2026-05-11 13:06:58,091 - optuna.study._optimize - INFO - Trial 187 pruned. 
2026-05-11 13:07:26,990 - optuna.study.study - INFO - Trial 188 finished with value: 0.07620560501910115 and parameters: {'n_layers': 1, 'embedding_dim': 96, 'lr': 0.00035717553054800066, 'lambda_val': 0.0011174378516942253, 'batch_size': 767, 'optimizer': 'Adam'}. Best is trial 43 with value: 0.13667121035266763.
2026-05-11 13:07:31,128 - optuna.study._optimize - INFO - Trial 189 pruned. 
2026-05-11 13:07:35,489 - optuna.study._optimize - INFO - Trial 190 pruned. 
2026-05-11 13:07:39,265 - optuna.study._optimize - INFO - Trial 191 pruned. 
2026-05-11 13:08:10,614 - optuna.study.study - INFO - Trial 192 finished with value: 0.10854064235835521 and parameters: {'n_layers': 1, 'embedding_dim': 96, 'lr': 0.0002749685861865743, 'lambda_val': 5.633178157639678e-06, 'batch_size': 717, 'optimizer': 'Adam'}. Best is trial 43 with value: 0.13667121035266763.
2026-05-11 13:08:14,354 - optuna.study._optimize - INFO - Trial 193 pruned. 
2026-05-11 13:08:18,086 - optuna.study._optimize - INFO - Trial 194 pruned. 
2026-05-11 13:08:46,262 - optuna.study.study - INFO - Trial 195 finished with value: 0.10295265466828364 and parameters: {'n_layers': 1, 'embedding_dim': 96, 'lr': 0.00031197320926093747, 'lambda_val': 1.1875718636482101e-05, 'batch_size': 676, 'optimizer': 'Adam'}. Best is trial 43 with value: 0.13667121035266763.
2026-05-11 13:08:50,039 - optuna.study._optimize - INFO - Trial 196 pruned. 
2026-05-11 13:08:54,835 - optuna.study._optimize - INFO - Trial 197 pruned. 
2026-05-11 13:08:58,555 - optuna.study._optimize - INFO - Trial 198 pruned. 
2026-05-11 13:09:02,563 - optuna.study._optimize - INFO - Trial 199 pruned. 
2026-05-11 13:09:23,513 - root - INFO -   **** Training e_100K_1c3dcs_rand3
2026-05-11 13:09:23,525 - root - INFO -   **** Getting 56335/65410 random edges
2026-05-11 13:09:23,638 - optuna.storages._rdb.storage - INFO - A new study created in RDB with name: Study_e_100K_1c3dcs_rand3
2026-05-11 13:10:02,556 - optuna.study.study - INFO - Trial 0 finished with value: 0.03221496624768397 and parameters: {'n_layers': 3, 'embedding_dim': 128, 'lr': 0.008954969231771933, 'lambda_val': 2.0455873782062462e-05, 'batch_size': 1168, 'optimizer': 'RMSprop'}. Best is trial 0 with value: 0.03221496624768397.
2026-05-11 13:10:44,441 - optuna.study.study - INFO - Trial 1 finished with value: 0.018071344533697326 and parameters: {'n_layers': 2, 'embedding_dim': 128, 'lr': 1.541706869433049e-05, 'lambda_val': 1.0532002989340358e-05, 'batch_size': 3448, 'optimizer': 'RMSprop'}. Best is trial 0 with value: 0.03221496624768397.
2026-05-11 13:11:13,582 - optuna.study.study - INFO - Trial 2 finished with value: 0.04121221921555293 and parameters: {'n_layers': 2, 'embedding_dim': 64, 'lr': 0.004106257543984868, 'lambda_val': 0.0011041509067639462, 'batch_size': 1163, 'optimizer': 'Adam'}. Best is trial 2 with value: 0.04121221921555293.
2026-05-11 13:12:05,854 - optuna.study.study - INFO - Trial 3 finished with value: 0.016359401593893326 and parameters: {'n_layers': 1, 'embedding_dim': 256, 'lr': 2.1085600830908584e-05, 'lambda_val': 6.535578775365706e-06, 'batch_size': 1803, 'optimizer': 'RMSprop'}. Best is trial 2 with value: 0.04121221921555293.
2026-05-11 13:12:53,879 - optuna.study.study - INFO - Trial 4 finished with value: 0.001127669291640508 and parameters: {'n_layers': 4, 'embedding_dim': 32, 'lr': 0.0035996423322787385, 'lambda_val': 6.209580284466283e-05, 'batch_size': 1963, 'optimizer': 'SGD'}. Best is trial 2 with value: 0.04121221921555293.
2026-05-11 13:13:35,953 - optuna.study.study - INFO - Trial 5 finished with value: 0.04460089216803566 and parameters: {'n_layers': 4, 'embedding_dim': 96, 'lr': 5.8515420835304834e-05, 'lambda_val': 0.00019172777271808243, 'batch_size': 2085, 'optimizer': 'Adam'}. Best is trial 5 with value: 0.04460089216803566.
2026-05-11 13:14:12,551 - optuna.study.study - INFO - Trial 6 finished with value: 0.028709731515582135 and parameters: {'n_layers': 1, 'embedding_dim': 256, 'lr': 0.00010729022235213303, 'lambda_val': 0.03165751365517567, 'batch_size': 2670, 'optimizer': 'Adam'}. Best is trial 5 with value: 0.04460089216803566.
2026-05-11 13:14:44,073 - optuna.study.study - INFO - Trial 7 finished with value: 0.017340764759644384 and parameters: {'n_layers': 3, 'embedding_dim': 64, 'lr': 0.0007595502338905608, 'lambda_val': 0.021730273968370968, 'batch_size': 1003, 'optimizer': 'Adam'}. Best is trial 5 with value: 0.04460089216803566.
2026-05-11 13:14:49,789 - optuna.study._optimize - INFO - Trial 8 pruned. 
2026-05-11 13:14:53,409 - optuna.study._optimize - INFO - Trial 9 pruned. 
2026-05-11 13:15:33,656 - optuna.study.study - INFO - Trial 10 finished with value: 0.010049229814979726 and parameters: {'n_layers': 4, 'embedding_dim': 96, 'lr': 0.0002640244217462765, 'lambda_val': 0.0047398113588315895, 'batch_size': 541, 'optimizer': 'Adam'}. Best is trial 5 with value: 0.04460089216803566.
2026-05-11 13:16:04,812 - optuna.study.study - INFO - Trial 11 finished with value: 0.032272834835769364 and parameters: {'n_layers': 2, 'embedding_dim': 64, 'lr': 0.001802031916166368, 'lambda_val': 0.0013410739081086672, 'batch_size': 1611, 'optimizer': 'Adam'}. Best is trial 5 with value: 0.04460089216803566.
2026-05-11 13:16:09,543 - optuna.study._optimize - INFO - Trial 12 pruned. 
2026-05-11 13:16:40,283 - optuna.study.study - INFO - Trial 13 finished with value: 0.031756468296769286 and parameters: {'n_layers': 2, 'embedding_dim': 64, 'lr': 0.0004370063335454609, 'lambda_val': 0.0015821681599300329, 'batch_size': 1292, 'optimizer': 'Adam'}. Best is trial 5 with value: 0.04460089216803566.
2026-05-11 13:17:12,758 - optuna.study.study - INFO - Trial 14 finished with value: 0.0813047271192717 and parameters: {'n_layers': 3, 'embedding_dim': 32, 'lr': 0.00012792335759138424, 'lambda_val': 0.0004953789858098578, 'batch_size': 556, 'optimizer': 'Adam'}. Best is trial 14 with value: 0.0813047271192717.
2026-05-11 13:17:47,653 - optuna.study.study - INFO - Trial 15 finished with value: 0.07272801003041447 and parameters: {'n_layers': 4, 'embedding_dim': 32, 'lr': 0.00010491434389817858, 'lambda_val': 9.427563486986905e-05, 'batch_size': 620, 'optimizer': 'Adam'}. Best is trial 14 with value: 0.0813047271192717.
2026-05-11 13:18:29,588 - optuna.study.study - INFO - Trial 16 finished with value: 0.08554619404856427 and parameters: {'n_layers': 3, 'embedding_dim': 32, 'lr': 0.00016095335476151875, 'lambda_val': 1.2261927888668278e-06, 'batch_size': 628, 'optimizer': 'Adam'}. Best is trial 16 with value: 0.08554619404856427.
2026-05-11 13:19:02,157 - optuna.study.study - INFO - Trial 17 finished with value: 0.05151624228027055 and parameters: {'n_layers': 3, 'embedding_dim': 32, 'lr': 0.0001824282764965269, 'lambda_val': 1.6106743367623688e-06, 'batch_size': 766, 'optimizer': 'Adam'}. Best is trial 16 with value: 0.08554619404856427.
2026-05-11 13:19:06,287 - optuna.study._optimize - INFO - Trial 18 pruned. 
2026-05-11 13:19:10,648 - optuna.study._optimize - INFO - Trial 19 pruned. 
2026-05-11 13:19:14,912 - optuna.study._optimize - INFO - Trial 20 pruned. 
2026-05-11 13:19:49,200 - optuna.study.study - INFO - Trial 21 finished with value: 0.06247883908100595 and parameters: {'n_layers': 4, 'embedding_dim': 32, 'lr': 0.0001037226896039494, 'lambda_val': 4.7196373820236755e-05, 'batch_size': 531, 'optimizer': 'Adam'}. Best is trial 16 with value: 0.08554619404856427.
2026-05-11 13:19:53,854 - optuna.study._optimize - INFO - Trial 22 pruned. 
2026-05-11 13:20:25,855 - optuna.study.study - INFO - Trial 23 finished with value: 0.0182159697193636 and parameters: {'n_layers': 3, 'embedding_dim': 32, 'lr': 0.0014125460568384241, 'lambda_val': 4.991081796938541e-05, 'batch_size': 524, 'optimizer': 'Adam'}. Best is trial 16 with value: 0.08554619404856427.
2026-05-11 13:20:30,132 - optuna.study._optimize - INFO - Trial 24 pruned. 
2026-05-11 13:21:05,264 - optuna.study.study - INFO - Trial 25 finished with value: 0.03103127967884672 and parameters: {'n_layers': 4, 'embedding_dim': 32, 'lr': 0.00016907268881944564, 'lambda_val': 0.00010656555819075628, 'batch_size': 1381, 'optimizer': 'Adam'}. Best is trial 16 with value: 0.08554619404856427.
2026-05-11 13:21:11,075 - optuna.study._optimize - INFO - Trial 26 pruned. 
2026-05-11 13:21:18,268 - optuna.study._optimize - INFO - Trial 27 pruned. 
2026-05-11 13:21:54,063 - optuna.study.study - INFO - Trial 28 finished with value: 0.07842840212056475 and parameters: {'n_layers': 3, 'embedding_dim': 32, 'lr': 0.00010206599972114309, 'lambda_val': 0.0007268839235507955, 'batch_size': 1080, 'optimizer': 'RMSprop'}. Best is trial 16 with value: 0.08554619404856427.
2026-05-11 13:22:33,484 - optuna.study.study - INFO - Trial 29 finished with value: 0.03617533853418769 and parameters: {'n_layers': 3, 'embedding_dim': 128, 'lr': 0.00017686210948473238, 'lambda_val': 0.0005692296188952431, 'batch_size': 1000, 'optimizer': 'RMSprop'}. Best is trial 16 with value: 0.08554619404856427.
2026-05-11 13:22:37,573 - optuna.study._optimize - INFO - Trial 30 pruned. 
2026-05-11 13:22:41,941 - optuna.study._optimize - INFO - Trial 31 pruned. 
2026-05-11 13:23:14,051 - optuna.study.study - INFO - Trial 32 finished with value: 0.06824734460340584 and parameters: {'n_layers': 3, 'embedding_dim': 32, 'lr': 0.0001534228977068113, 'lambda_val': 0.0005784354827292194, 'batch_size': 647, 'optimizer': 'RMSprop'}. Best is trial 16 with value: 0.08554619404856427.
2026-05-11 13:23:19,339 - optuna.study._optimize - INFO - Trial 33 pruned. 
2026-05-11 13:23:58,301 - optuna.study.study - INFO - Trial 34 finished with value: 0.02079235571291671 and parameters: {'n_layers': 3, 'embedding_dim': 128, 'lr': 0.0005133285715594061, 'lambda_val': 0.0008167679364771374, 'batch_size': 758, 'optimizer': 'RMSprop'}. Best is trial 16 with value: 0.08554619404856427.
2026-05-11 13:24:02,773 - optuna.study._optimize - INFO - Trial 35 pruned. 
2026-05-11 13:24:50,197 - optuna.study.study - INFO - Trial 36 finished with value: 0.03619706045754988 and parameters: {'n_layers': 2, 'embedding_dim': 256, 'lr': 0.00028702093207906673, 'lambda_val': 2.5318700447884404e-05, 'batch_size': 2214, 'optimizer': 'RMSprop'}. Best is trial 16 with value: 0.08554619404856427.
2026-05-11 13:24:55,209 - optuna.study._optimize - INFO - Trial 37 pruned. 
2026-05-11 13:24:59,909 - optuna.study._optimize - INFO - Trial 38 pruned. 
2026-05-11 13:25:04,497 - optuna.study._optimize - INFO - Trial 39 pruned. 
2026-05-11 13:25:40,621 - optuna.study.study - INFO - Trial 40 finished with value: 0.0849717551562395 and parameters: {'n_layers': 1, 'embedding_dim': 256, 'lr': 0.006187813336637524, 'lambda_val': 0.0021743419129124464, 'batch_size': 3685, 'optimizer': 'RMSprop'}. Best is trial 16 with value: 0.08554619404856427.
2026-05-11 13:26:16,947 - optuna.study.study - INFO - Trial 41 finished with value: 0.08088857720299772 and parameters: {'n_layers': 1, 'embedding_dim': 256, 'lr': 0.01048926937932955, 'lambda_val': 0.002736575098457339, 'batch_size': 3605, 'optimizer': 'RMSprop'}. Best is trial 16 with value: 0.08554619404856427.
2026-05-11 13:26:56,175 - optuna.study.study - INFO - Trial 42 finished with value: 0.08794147623239511 and parameters: {'n_layers': 1, 'embedding_dim': 256, 'lr': 0.013789819461401584, 'lambda_val': 0.0027327002326385155, 'batch_size': 3859, 'optimizer': 'RMSprop'}. Best is trial 42 with value: 0.08794147623239511.
2026-05-11 13:27:36,310 - optuna.study.study - INFO - Trial 43 finished with value: 0.08520626365011597 and parameters: {'n_layers': 1, 'embedding_dim': 256, 'lr': 0.00730607109422275, 'lambda_val': 0.0020520531522391318, 'batch_size': 4026, 'optimizer': 'RMSprop'}. Best is trial 42 with value: 0.08794147623239511.
2026-05-11 13:28:13,522 - optuna.study.study - INFO - Trial 44 finished with value: 0.061767741750678014 and parameters: {'n_layers': 1, 'embedding_dim': 256, 'lr': 0.007130995486660773, 'lambda_val': 0.009410538915567394, 'batch_size': 4027, 'optimizer': 'RMSprop'}. Best is trial 42 with value: 0.08794147623239511.
2026-05-11 13:28:50,529 - optuna.study.study - INFO - Trial 45 finished with value: 0.08369627452691619 and parameters: {'n_layers': 1, 'embedding_dim': 256, 'lr': 0.042585929292480056, 'lambda_val': 0.002029061473419445, 'batch_size': 3590, 'optimizer': 'RMSprop'}. Best is trial 42 with value: 0.08794147623239511.
2026-05-11 13:29:26,616 - optuna.study.study - INFO - Trial 46 finished with value: 0.0799001400430316 and parameters: {'n_layers': 1, 'embedding_dim': 256, 'lr': 0.04274799427357727, 'lambda_val': 0.0020763315899588177, 'batch_size': 3514, 'optimizer': 'RMSprop'}. Best is trial 42 with value: 0.08794147623239511.
2026-05-11 13:30:02,425 - optuna.study.study - INFO - Trial 47 finished with value: 0.07767810167280224 and parameters: {'n_layers': 1, 'embedding_dim': 256, 'lr': 0.025572151576661283, 'lambda_val': 0.004188644838147595, 'batch_size': 3275, 'optimizer': 'RMSprop'}. Best is trial 42 with value: 0.08794147623239511.
2026-05-11 13:30:07,390 - optuna.study._optimize - INFO - Trial 48 pruned. 
2026-05-11 13:30:48,944 - optuna.study.study - INFO - Trial 49 finished with value: 0.08668190487835047 and parameters: {'n_layers': 1, 'embedding_dim': 256, 'lr': 0.013139127022150731, 'lambda_val': 0.0013500920864941365, 'batch_size': 3712, 'optimizer': 'RMSprop'}. Best is trial 42 with value: 0.08794147623239511.
2026-05-11 13:31:25,132 - optuna.study.study - INFO - Trial 50 finished with value: 0.08279899228417024 and parameters: {'n_layers': 1, 'embedding_dim': 256, 'lr': 0.01279868132622589, 'lambda_val': 0.0010401433961174165, 'batch_size': 3792, 'optimizer': 'RMSprop'}. Best is trial 42 with value: 0.08794147623239511.
2026-05-11 13:31:29,653 - optuna.study._optimize - INFO - Trial 51 pruned. 
2026-05-11 13:31:35,949 - optuna.study._optimize - INFO - Trial 52 pruned. 
2026-05-11 13:32:13,192 - optuna.study.study - INFO - Trial 53 finished with value: 0.08306622899502977 and parameters: {'n_layers': 1, 'embedding_dim': 256, 'lr': 0.0046197355020266215, 'lambda_val': 0.0033840741663238136, 'batch_size': 3682, 'optimizer': 'RMSprop'}. Best is trial 42 with value: 0.08794147623239511.
2026-05-11 13:32:18,181 - optuna.study._optimize - INFO - Trial 54 pruned. 
2026-05-11 13:32:48,748 - optuna.study.study - INFO - Trial 55 finished with value: 0.0871193740908294 and parameters: {'n_layers': 1, 'embedding_dim': 96, 'lr': 0.013057862879553317, 'lambda_val': 0.0016716680734112773, 'batch_size': 3945, 'optimizer': 'RMSprop'}. Best is trial 42 with value: 0.08794147623239511.
2026-05-11 13:33:19,891 - optuna.study.study - INFO - Trial 56 finished with value: 0.07739441040054892 and parameters: {'n_layers': 1, 'embedding_dim': 96, 'lr': 0.0031549220202804064, 'lambda_val': 0.0011900841636635362, 'batch_size': 3945, 'optimizer': 'RMSprop'}. Best is trial 42 with value: 0.08794147623239511.
2026-05-11 13:33:33,765 - optuna.study._optimize - INFO - Trial 57 pruned. 
2026-05-11 13:33:39,341 - optuna.study._optimize - INFO - Trial 58 pruned. 
2026-05-11 13:34:09,502 - optuna.study.study - INFO - Trial 59 finished with value: 0.08428519920712368 and parameters: {'n_layers': 1, 'embedding_dim': 96, 'lr': 0.03056685533420877, 'lambda_val': 0.001750668391775473, 'batch_size': 4092, 'optimizer': 'RMSprop'}. Best is trial 42 with value: 0.08794147623239511.
2026-05-11 13:34:13,419 - optuna.study._optimize - INFO - Trial 60 pruned. 
2026-05-11 13:34:44,655 - optuna.study.study - INFO - Trial 61 finished with value: 0.08500463212310545 and parameters: {'n_layers': 1, 'embedding_dim': 96, 'lr': 0.027669353379131765, 'lambda_val': 0.0030668101301985877, 'batch_size': 4068, 'optimizer': 'RMSprop'}. Best is trial 42 with value: 0.08794147623239511.
2026-05-11 13:35:12,893 - optuna.study.study - INFO - Trial 62 finished with value: 0.08166344530781104 and parameters: {'n_layers': 1, 'embedding_dim': 96, 'lr': 0.004319371790814148, 'lambda_val': 0.003224283553015329, 'batch_size': 3943, 'optimizer': 'RMSprop'}. Best is trial 42 with value: 0.08794147623239511.
2026-05-11 13:35:40,375 - optuna.study.study - INFO - Trial 63 finished with value: 0.07213969707106531 and parameters: {'n_layers': 1, 'embedding_dim': 96, 'lr': 0.014715626558856268, 'lambda_val': 0.004638391702406878, 'batch_size': 3678, 'optimizer': 'RMSprop'}. Best is trial 42 with value: 0.08794147623239511.
2026-05-11 13:35:51,353 - optuna.study._optimize - INFO - Trial 64 pruned. 
2026-05-11 13:36:24,264 - optuna.study.study - INFO - Trial 65 finished with value: 0.0827586177436124 and parameters: {'n_layers': 1, 'embedding_dim': 128, 'lr': 0.009996286095244052, 'lambda_val': 0.001357093670129972, 'batch_size': 3735, 'optimizer': 'RMSprop'}. Best is trial 42 with value: 0.08794147623239511.
2026-05-11 13:36:29,097 - optuna.study._optimize - INFO - Trial 66 pruned. 
2026-05-11 13:36:33,368 - optuna.study._optimize - INFO - Trial 67 pruned. 
2026-05-11 13:36:38,437 - optuna.study._optimize - INFO - Trial 68 pruned. 
2026-05-11 13:36:43,792 - optuna.study._optimize - INFO - Trial 69 pruned. 
2026-05-11 13:36:50,339 - optuna.study._optimize - INFO - Trial 70 pruned. 
2026-05-11 13:37:26,252 - optuna.study.study - INFO - Trial 71 finished with value: 0.08219508261674126 and parameters: {'n_layers': 1, 'embedding_dim': 96, 'lr': 0.03394395952787421, 'lambda_val': 0.00166837923657806, 'batch_size': 4073, 'optimizer': 'RMSprop'}. Best is trial 42 with value: 0.08794147623239511.
2026-05-11 13:37:57,078 - optuna.study.study - INFO - Trial 72 finished with value: 0.058489370426373186 and parameters: {'n_layers': 1, 'embedding_dim': 96, 'lr': 0.0008482598686988475, 'lambda_val': 0.0018813407510297677, 'batch_size': 3899, 'optimizer': 'RMSprop'}. Best is trial 42 with value: 0.08794147623239511.
2026-05-11 13:38:26,644 - optuna.study.study - INFO - Trial 73 finished with value: 0.08253455485119456 and parameters: {'n_layers': 1, 'embedding_dim': 96, 'lr': 0.017265684001338117, 'lambda_val': 0.0038807907910385323, 'batch_size': 3605, 'optimizer': 'RMSprop'}. Best is trial 42 with value: 0.08794147623239511.
2026-05-11 13:38:33,340 - optuna.study._optimize - INFO - Trial 74 pruned. 
2026-05-11 13:39:06,154 - optuna.study.study - INFO - Trial 75 finished with value: 0.08935151068443083 and parameters: {'n_layers': 1, 'embedding_dim': 128, 'lr': 0.01141911383774249, 'lambda_val': 0.0010253722274354603, 'batch_size': 3987, 'optimizer': 'RMSprop'}. Best is trial 75 with value: 0.08935151068443083.
2026-05-11 13:39:39,467 - optuna.study.study - INFO - Trial 76 finished with value: 0.0845999234939301 and parameters: {'n_layers': 1, 'embedding_dim': 128, 'lr': 0.01194866390829891, 'lambda_val': 0.0010096003067392638, 'batch_size': 3841, 'optimizer': 'RMSprop'}. Best is trial 75 with value: 0.08935151068443083.
2026-05-11 13:39:44,161 - optuna.study._optimize - INFO - Trial 77 pruned. 
2026-05-11 13:39:49,364 - optuna.study._optimize - INFO - Trial 78 pruned. 
2026-05-11 13:40:22,576 - optuna.study.study - INFO - Trial 79 finished with value: 0.08394402950140262 and parameters: {'n_layers': 1, 'embedding_dim': 128, 'lr': 0.005788311557810227, 'lambda_val': 0.0026570450258063013, 'batch_size': 3302, 'optimizer': 'RMSprop'}. Best is trial 75 with value: 0.08935151068443083.
2026-05-11 13:40:27,072 - optuna.study._optimize - INFO - Trial 80 pruned. 
2026-05-11 13:40:58,187 - optuna.study.study - INFO - Trial 81 finished with value: 0.08020436354964228 and parameters: {'n_layers': 1, 'embedding_dim': 128, 'lr': 0.011151562401911366, 'lambda_val': 0.001035616226843182, 'batch_size': 3847, 'optimizer': 'RMSprop'}. Best is trial 75 with value: 0.08935151068443083.
2026-05-11 13:41:30,011 - optuna.study.study - INFO - Trial 82 finished with value: 0.08111962267277512 and parameters: {'n_layers': 1, 'embedding_dim': 128, 'lr': 0.02012920731918958, 'lambda_val': 0.0007731316680467836, 'batch_size': 3773, 'optimizer': 'RMSprop'}. Best is trial 75 with value: 0.08935151068443083.
2026-05-11 13:41:34,946 - optuna.study._optimize - INFO - Trial 83 pruned. 
2026-05-11 13:42:06,389 - optuna.study.study - INFO - Trial 84 finished with value: 0.08215763798185467 and parameters: {'n_layers': 1, 'embedding_dim': 128, 'lr': 0.008182976549328013, 'lambda_val': 0.003084938355474993, 'batch_size': 3661, 'optimizer': 'RMSprop'}. Best is trial 75 with value: 0.08935151068443083.
2026-05-11 13:42:11,794 - optuna.study._optimize - INFO - Trial 85 pruned. 
2026-05-11 13:42:51,932 - optuna.study.study - INFO - Trial 86 finished with value: 0.08052089904977554 and parameters: {'n_layers': 1, 'embedding_dim': 256, 'lr': 0.004837376018547401, 'lambda_val': 0.0005199253301003876, 'batch_size': 3857, 'optimizer': 'RMSprop'}. Best is trial 75 with value: 0.08935151068443083.
2026-05-11 13:42:56,533 - optuna.study._optimize - INFO - Trial 87 pruned. 
2026-05-11 13:43:11,832 - optuna.study._optimize - INFO - Trial 88 pruned. 
2026-05-11 13:43:48,394 - optuna.study.study - INFO - Trial 89 finished with value: 0.060805879671820794 and parameters: {'n_layers': 1, 'embedding_dim': 256, 'lr': 0.0015782132005254955, 'lambda_val': 1.3642498111309699e-05, 'batch_size': 3460, 'optimizer': 'Adam'}. Best is trial 75 with value: 0.08935151068443083.
2026-05-11 13:44:24,334 - optuna.study.study - INFO - Trial 90 finished with value: 0.08732223577919508 and parameters: {'n_layers': 1, 'embedding_dim': 256, 'lr': 0.013510220053230947, 'lambda_val': 0.0008688221242697773, 'batch_size': 3717, 'optimizer': 'RMSprop'}. Best is trial 75 with value: 0.08935151068443083.
2026-05-11 13:45:00,667 - optuna.study.study - INFO - Trial 91 finished with value: 0.08630329467033213 and parameters: {'n_layers': 1, 'embedding_dim': 256, 'lr': 0.01376730861648907, 'lambda_val': 0.0008835758471368341, 'batch_size': 3749, 'optimizer': 'RMSprop'}. Best is trial 75 with value: 0.08935151068443083.
2026-05-11 13:45:30,912 - optuna.study._optimize - INFO - Trial 92 pruned. 
2026-05-11 13:46:04,926 - optuna.study.study - INFO - Trial 93 finished with value: 0.09646695452906398 and parameters: {'n_layers': 1, 'embedding_dim': 256, 'lr': 0.008991111923027942, 'lambda_val': 0.0007356571821450997, 'batch_size': 1834, 'optimizer': 'RMSprop'}. Best is trial 93 with value: 0.09646695452906398.
2026-05-11 13:46:11,303 - optuna.study._optimize - INFO - Trial 94 pruned. 
2026-05-11 13:46:24,716 - optuna.study._optimize - INFO - Trial 95 pruned. 
2026-05-11 13:47:03,205 - optuna.study.study - INFO - Trial 96 finished with value: 0.08438628465347134 and parameters: {'n_layers': 1, 'embedding_dim': 256, 'lr': 0.015717439844918277, 'lambda_val': 0.0014997372991955862, 'batch_size': 3357, 'optimizer': 'RMSprop'}. Best is trial 93 with value: 0.09646695452906398.
2026-05-11 13:47:41,739 - optuna.study.study - INFO - Trial 97 finished with value: 0.08813615040647539 and parameters: {'n_layers': 1, 'embedding_dim': 256, 'lr': 0.010184647178429873, 'lambda_val': 0.0006228490533229077, 'batch_size': 3774, 'optimizer': 'RMSprop'}. Best is trial 93 with value: 0.09646695452906398.
2026-05-11 13:47:53,264 - optuna.study._optimize - INFO - Trial 98 pruned. 
2026-05-11 13:47:59,356 - optuna.study._optimize - INFO - Trial 99 pruned. 
2026-05-11 13:48:19,302 - optuna.study._optimize - INFO - Trial 100 pruned. 
2026-05-11 13:48:24,781 - optuna.study._optimize - INFO - Trial 101 pruned. 
2026-05-11 13:48:31,649 - optuna.study._optimize - INFO - Trial 102 pruned. 
2026-05-11 13:49:07,488 - optuna.study.study - INFO - Trial 103 finished with value: 0.08705086631754755 and parameters: {'n_layers': 1, 'embedding_dim': 256, 'lr': 0.01434311974739403, 'lambda_val': 0.0015765141406298235, 'batch_size': 3990, 'optimizer': 'RMSprop'}. Best is trial 93 with value: 0.09646695452906398.
2026-05-11 13:49:43,735 - optuna.study.study - INFO - Trial 104 finished with value: 0.0865719448287287 and parameters: {'n_layers': 1, 'embedding_dim': 256, 'lr': 0.013876899582867938, 'lambda_val': 0.0006783510553141277, 'batch_size': 3622, 'optimizer': 'RMSprop'}. Best is trial 93 with value: 0.09646695452906398.
2026-05-11 13:49:48,399 - optuna.study._optimize - INFO - Trial 105 pruned. 
2026-05-11 13:49:52,948 - optuna.study._optimize - INFO - Trial 106 pruned. 
2026-05-11 13:49:58,168 - optuna.study._optimize - INFO - Trial 107 pruned. 
2026-05-11 13:50:06,285 - optuna.study._optimize - INFO - Trial 108 pruned. 
2026-05-11 13:50:11,768 - optuna.study._optimize - INFO - Trial 109 pruned. 
2026-05-11 13:50:49,417 - optuna.study.study - INFO - Trial 110 finished with value: 0.07629852264277069 and parameters: {'n_layers': 1, 'embedding_dim': 256, 'lr': 0.00022466624143773308, 'lambda_val': 0.00039824059089350997, 'batch_size': 2432, 'optimizer': 'RMSprop'}. Best is trial 93 with value: 0.09646695452906398.
2026-05-11 13:51:28,552 - optuna.study.study - INFO - Trial 111 finished with value: 0.089625219803273 and parameters: {'n_layers': 1, 'embedding_dim': 256, 'lr': 0.006927385058869841, 'lambda_val': 0.0007266319864976931, 'batch_size': 3837, 'optimizer': 'RMSprop'}. Best is trial 93 with value: 0.09646695452906398.
2026-05-11 13:51:33,064 - optuna.study._optimize - INFO - Trial 112 pruned. 
2026-05-11 13:52:10,348 - optuna.study.study - INFO - Trial 113 finished with value: 0.08220301391337677 and parameters: {'n_layers': 1, 'embedding_dim': 256, 'lr': 0.009544714199398674, 'lambda_val': 0.0011697741730613462, 'batch_size': 3816, 'optimizer': 'RMSprop'}. Best is trial 93 with value: 0.09646695452906398.
2026-05-11 13:52:48,341 - optuna.study.study - INFO - Trial 114 finished with value: 0.08669980759558271 and parameters: {'n_layers': 1, 'embedding_dim': 256, 'lr': 0.0073019508857902335, 'lambda_val': 0.0005505441909055914, 'batch_size': 3896, 'optimizer': 'RMSprop'}. Best is trial 93 with value: 0.09646695452906398.
2026-05-11 13:53:37,433 - optuna.study.study - INFO - Trial 115 finished with value: 0.08855173363701413 and parameters: {'n_layers': 1, 'embedding_dim': 256, 'lr': 0.007140465427057866, 'lambda_val': 0.0005001123776342009, 'batch_size': 3890, 'optimizer': 'RMSprop'}. Best is trial 93 with value: 0.09646695452906398.
2026-05-11 13:54:12,187 - optuna.study.study - INFO - Trial 116 finished with value: 0.08770525334237439 and parameters: {'n_layers': 1, 'embedding_dim': 256, 'lr': 0.00686271676309921, 'lambda_val': 0.0005131395046483602, 'batch_size': 3932, 'optimizer': 'RMSprop'}. Best is trial 93 with value: 0.09646695452906398.
2026-05-11 13:54:21,300 - optuna.study._optimize - INFO - Trial 117 pruned. 
2026-05-11 13:54:48,263 - optuna.study._optimize - INFO - Trial 118 pruned. 
2026-05-11 13:55:33,245 - optuna.study.study - INFO - Trial 119 finished with value: 0.08541689438643123 and parameters: {'n_layers': 1, 'embedding_dim': 256, 'lr': 0.007112451275014772, 'lambda_val': 0.0003658306641352075, 'batch_size': 3932, 'optimizer': 'RMSprop'}. Best is trial 93 with value: 0.09646695452906398.
2026-05-11 13:55:42,728 - optuna.study._optimize - INFO - Trial 120 pruned. 
2026-05-11 13:56:29,451 - optuna.study.study - INFO - Trial 121 finished with value: 0.08669139876503029 and parameters: {'n_layers': 1, 'embedding_dim': 256, 'lr': 0.011014039197873937, 'lambda_val': 0.0006679103528652579, 'batch_size': 3807, 'optimizer': 'RMSprop'}. Best is trial 93 with value: 0.09646695452906398.
2026-05-11 13:56:48,238 - optuna.study._optimize - INFO - Trial 122 pruned. 
2026-05-11 13:57:36,589 - optuna.study.study - INFO - Trial 123 finished with value: 0.08306588489684294 and parameters: {'n_layers': 1, 'embedding_dim': 256, 'lr': 0.010793140916911739, 'lambda_val': 0.0014121487795046004, 'batch_size': 3815, 'optimizer': 'RMSprop'}. Best is trial 93 with value: 0.09646695452906398.
2026-05-11 13:58:15,633 - optuna.study.study - INFO - Trial 124 finished with value: 0.08408596594301256 and parameters: {'n_layers': 1, 'embedding_dim': 256, 'lr': 0.0053879937901438095, 'lambda_val': 0.0004797926008948569, 'batch_size': 4083, 'optimizer': 'RMSprop'}. Best is trial 93 with value: 0.09646695452906398.
2026-05-11 13:58:53,189 - optuna.study.study - INFO - Trial 125 finished with value: 0.08804744656356286 and parameters: {'n_layers': 1, 'embedding_dim': 256, 'lr': 0.007474989988841198, 'lambda_val': 0.0009828360006386959, 'batch_size': 3710, 'optimizer': 'RMSprop'}. Best is trial 93 with value: 0.09646695452906398.
2026-05-11 13:59:31,917 - optuna.study.study - INFO - Trial 126 finished with value: 0.09167362349365116 and parameters: {'n_layers': 1, 'embedding_dim': 256, 'lr': 0.007711811146654177, 'lambda_val': 0.0008447391866954471, 'batch_size': 3894, 'optimizer': 'RMSprop'}. Best is trial 93 with value: 0.09646695452906398.
2026-05-11 14:00:21,411 - optuna.study.study - INFO - Trial 127 finished with value: 0.08961654764229797 and parameters: {'n_layers': 1, 'embedding_dim': 256, 'lr': 0.007334195171031972, 'lambda_val': 0.0009189013492362382, 'batch_size': 3921, 'optimizer': 'RMSprop'}. Best is trial 93 with value: 0.09646695452906398.
2026-05-11 14:00:59,047 - optuna.study.study - INFO - Trial 128 finished with value: 0.08711811426226164 and parameters: {'n_layers': 1, 'embedding_dim': 256, 'lr': 0.004338410537005279, 'lambda_val': 0.0010994338536595403, 'batch_size': 3500, 'optimizer': 'RMSprop'}. Best is trial 93 with value: 0.09646695452906398.
2026-05-11 14:01:03,863 - optuna.study._optimize - INFO - Trial 129 pruned. 
2026-05-11 14:01:08,180 - optuna.study._optimize - INFO - Trial 130 pruned. 
2026-05-11 14:01:44,595 - optuna.study.study - INFO - Trial 131 finished with value: 0.08234296970783524 and parameters: {'n_layers': 1, 'embedding_dim': 256, 'lr': 0.007799377506602396, 'lambda_val': 0.0016606956919963426, 'batch_size': 4005, 'optimizer': 'RMSprop'}. Best is trial 93 with value: 0.09646695452906398.
2026-05-11 14:02:20,127 - optuna.study.study - INFO - Trial 132 finished with value: 0.08867578511102568 and parameters: {'n_layers': 1, 'embedding_dim': 256, 'lr': 0.006064114110716976, 'lambda_val': 0.0021862603837312887, 'batch_size': 3917, 'optimizer': 'RMSprop'}. Best is trial 93 with value: 0.09646695452906398.
2026-05-11 14:02:56,320 - optuna.study.study - INFO - Trial 133 finished with value: 0.09343986781402591 and parameters: {'n_layers': 1, 'embedding_dim': 256, 'lr': 0.0046727588242013495, 'lambda_val': 0.0023883783979033427, 'batch_size': 3892, 'optimizer': 'RMSprop'}. Best is trial 93 with value: 0.09646695452906398.
2026-05-11 14:03:32,572 - optuna.study.study - INFO - Trial 134 finished with value: 0.08922950439151152 and parameters: {'n_layers': 1, 'embedding_dim': 256, 'lr': 0.005813396753630856, 'lambda_val': 0.003569355568681662, 'batch_size': 3900, 'optimizer': 'RMSprop'}. Best is trial 93 with value: 0.09646695452906398.
2026-05-11 14:04:08,694 - optuna.study.study - INFO - Trial 135 finished with value: 0.0929568727779151 and parameters: {'n_layers': 1, 'embedding_dim': 256, 'lr': 0.006440393235506561, 'lambda_val': 0.002537125692401595, 'batch_size': 3873, 'optimizer': 'RMSprop'}. Best is trial 93 with value: 0.09646695452906398.
2026-05-11 14:04:47,471 - optuna.study.study - INFO - Trial 136 finished with value: 0.0843972378377432 and parameters: {'n_layers': 1, 'embedding_dim': 256, 'lr': 0.006308878925219216, 'lambda_val': 0.0037294263036903707, 'batch_size': 3857, 'optimizer': 'RMSprop'}. Best is trial 93 with value: 0.09646695452906398.
2026-05-11 14:05:23,333 - optuna.study.study - INFO - Trial 137 finished with value: 0.08283554342567405 and parameters: {'n_layers': 1, 'embedding_dim': 256, 'lr': 0.005365675744061599, 'lambda_val': 0.002406014423773437, 'batch_size': 3928, 'optimizer': 'RMSprop'}. Best is trial 93 with value: 0.09646695452906398.
2026-05-11 14:05:27,971 - optuna.study._optimize - INFO - Trial 138 pruned. 
2026-05-11 14:06:04,062 - optuna.study.study - INFO - Trial 139 finished with value: 0.08449398037393273 and parameters: {'n_layers': 1, 'embedding_dim': 256, 'lr': 0.008940163422104576, 'lambda_val': 0.002512808022593572, 'batch_size': 3785, 'optimizer': 'RMSprop'}. Best is trial 93 with value: 0.09646695452906398.
2026-05-11 14:06:09,297 - optuna.study._optimize - INFO - Trial 140 pruned. 
2026-05-11 14:06:55,917 - optuna.study.study - INFO - Trial 141 finished with value: 0.08639391818761806 and parameters: {'n_layers': 1, 'embedding_dim': 256, 'lr': 0.007904441694009393, 'lambda_val': 0.002041135825217212, 'batch_size': 3693, 'optimizer': 'RMSprop'}. Best is trial 93 with value: 0.09646695452906398.
2026-05-11 14:07:33,428 - optuna.study.study - INFO - Trial 142 finished with value: 0.08594218555227318 and parameters: {'n_layers': 1, 'embedding_dim': 256, 'lr': 0.00662324827041818, 'lambda_val': 0.0008542486265904447, 'batch_size': 3814, 'optimizer': 'RMSprop'}. Best is trial 93 with value: 0.09646695452906398.
2026-05-11 14:07:48,225 - optuna.study._optimize - INFO - Trial 143 pruned. 
2026-05-11 14:08:24,191 - optuna.study.study - INFO - Trial 144 finished with value: 0.08819182444954718 and parameters: {'n_layers': 1, 'embedding_dim': 256, 'lr': 0.006468659641297175, 'lambda_val': 0.000690698908820025, 'batch_size': 3957, 'optimizer': 'RMSprop'}. Best is trial 93 with value: 0.09646695452906398.
2026-05-11 14:09:00,953 - optuna.study.study - INFO - Trial 145 finished with value: 0.08278038171539867 and parameters: {'n_layers': 1, 'embedding_dim': 256, 'lr': 0.003830529229139686, 'lambda_val': 0.002977113295482541, 'batch_size': 3943, 'optimizer': 'RMSprop'}. Best is trial 93 with value: 0.09646695452906398.
2026-05-11 14:09:07,760 - optuna.study._optimize - INFO - Trial 146 pruned. 
2026-05-11 14:09:55,909 - optuna.study.study - INFO - Trial 147 finished with value: 0.08617219984668749 and parameters: {'n_layers': 1, 'embedding_dim': 256, 'lr': 0.0068975068948861976, 'lambda_val': 0.001953476013022009, 'batch_size': 4090, 'optimizer': 'RMSprop'}. Best is trial 93 with value: 0.09646695452906398.
2026-05-11 14:10:20,481 - optuna.study._optimize - INFO - Trial 148 pruned. 
2026-05-11 14:10:57,440 - optuna.study.study - INFO - Trial 149 finished with value: 0.08992494856598926 and parameters: {'n_layers': 1, 'embedding_dim': 256, 'lr': 0.0049956639787003725, 'lambda_val': 0.0012377465654581303, 'batch_size': 3976, 'optimizer': 'RMSprop'}. Best is trial 93 with value: 0.09646695452906398.
2026-05-11 14:11:36,468 - optuna.study.study - INFO - Trial 150 finished with value: 0.08263444467727474 and parameters: {'n_layers': 1, 'embedding_dim': 256, 'lr': 0.004568615367719961, 'lambda_val': 0.001267748149969579, 'batch_size': 3648, 'optimizer': 'RMSprop'}. Best is trial 93 with value: 0.09646695452906398.
2026-05-11 14:12:12,445 - optuna.study.study - INFO - Trial 151 finished with value: 0.08346880061249887 and parameters: {'n_layers': 1, 'embedding_dim': 256, 'lr': 0.008088979860933139, 'lambda_val': 0.002353623046927601, 'batch_size': 3960, 'optimizer': 'RMSprop'}. Best is trial 93 with value: 0.09646695452906398.
2026-05-11 14:12:48,458 - optuna.study.study - INFO - Trial 152 finished with value: 0.09184787847228487 and parameters: {'n_layers': 1, 'embedding_dim': 256, 'lr': 0.0051766963172146145, 'lambda_val': 0.0011980755083032069, 'batch_size': 3846, 'optimizer': 'RMSprop'}. Best is trial 93 with value: 0.09646695452906398.
2026-05-11 14:13:24,773 - optuna.study.study - INFO - Trial 153 finished with value: 0.08882800880857177 and parameters: {'n_layers': 1, 'embedding_dim': 256, 'lr': 0.0049927121857969705, 'lambda_val': 0.001126293728398459, 'batch_size': 3837, 'optimizer': 'RMSprop'}. Best is trial 93 with value: 0.09646695452906398.
2026-05-11 14:14:02,571 - optuna.study.study - INFO - Trial 154 finished with value: 0.08510985043336386 and parameters: {'n_layers': 1, 'embedding_dim': 256, 'lr': 0.004403193422271803, 'lambda_val': 0.0012424267385062334, 'batch_size': 3851, 'optimizer': 'RMSprop'}. Best is trial 93 with value: 0.09646695452906398.
2026-05-11 14:14:49,599 - optuna.study.study - INFO - Trial 155 finished with value: 0.0877153967063188 and parameters: {'n_layers': 1, 'embedding_dim': 256, 'lr': 0.005439403044822093, 'lambda_val': 0.0009723310171057694, 'batch_size': 3782, 'optimizer': 'RMSprop'}. Best is trial 93 with value: 0.09646695452906398.
2026-05-11 14:15:25,258 - optuna.study.study - INFO - Trial 156 finished with value: 0.08449826543169166 and parameters: {'n_layers': 1, 'embedding_dim': 256, 'lr': 0.003524409232269169, 'lambda_val': 0.0007613881735428202, 'batch_size': 4029, 'optimizer': 'RMSprop'}. Best is trial 93 with value: 0.09646695452906398.
2026-05-11 14:15:29,958 - optuna.study._optimize - INFO - Trial 157 pruned. 
2026-05-11 14:16:05,403 - optuna.study.study - INFO - Trial 158 finished with value: 0.08735391832203826 and parameters: {'n_layers': 1, 'embedding_dim': 256, 'lr': 0.006542037692100305, 'lambda_val': 0.0014455857774771264, 'batch_size': 3895, 'optimizer': 'RMSprop'}. Best is trial 93 with value: 0.09646695452906398.
2026-05-11 14:16:42,743 - optuna.study.study - INFO - Trial 159 finished with value: 0.08816906130591516 and parameters: {'n_layers': 1, 'embedding_dim': 128, 'lr': 0.00908512285042563, 'lambda_val': 0.0011482967256271634, 'batch_size': 3784, 'optimizer': 'RMSprop'}. Best is trial 93 with value: 0.09646695452906398.
2026-05-11 14:16:50,138 - optuna.study._optimize - INFO - Trial 160 pruned. 
2026-05-11 14:16:54,659 - optuna.study._optimize - INFO - Trial 161 pruned. 
2026-05-11 14:16:58,950 - optuna.study._optimize - INFO - Trial 162 pruned. 
2026-05-11 14:17:30,088 - optuna.study.study - INFO - Trial 163 finished with value: 0.0815121195770893 and parameters: {'n_layers': 1, 'embedding_dim': 128, 'lr': 0.010647416127121815, 'lambda_val': 0.0011573286354371697, 'batch_size': 3843, 'optimizer': 'RMSprop'}. Best is trial 93 with value: 0.09646695452906398.
2026-05-11 14:18:06,324 - optuna.study.study - INFO - Trial 164 finished with value: 0.09058469958108978 and parameters: {'n_layers': 1, 'embedding_dim': 256, 'lr': 0.004299311304748398, 'lambda_val': 0.0014561515505996981, 'batch_size': 3918, 'optimizer': 'RMSprop'}. Best is trial 93 with value: 0.09646695452906398.
2026-05-11 14:18:10,389 - optuna.study._optimize - INFO - Trial 165 pruned. 
2026-05-11 14:18:46,435 - optuna.study.study - INFO - Trial 166 finished with value: 0.08657078426835901 and parameters: {'n_layers': 1, 'embedding_dim': 256, 'lr': 0.0042299219772440645, 'lambda_val': 0.0014116094498252958, 'batch_size': 3993, 'optimizer': 'RMSprop'}. Best is trial 93 with value: 0.09646695452906398.
2026-05-11 14:18:50,282 - optuna.study._optimize - INFO - Trial 167 pruned. 
2026-05-11 14:19:26,543 - optuna.study.study - INFO - Trial 168 finished with value: 0.08750910856977041 and parameters: {'n_layers': 1, 'embedding_dim': 256, 'lr': 0.005731093694656606, 'lambda_val': 0.0017104450932010334, 'batch_size': 3914, 'optimizer': 'RMSprop'}. Best is trial 93 with value: 0.09646695452906398.
2026-05-11 14:19:35,063 - optuna.study._optimize - INFO - Trial 169 pruned. 
2026-05-11 14:19:40,329 - optuna.study._optimize - INFO - Trial 170 pruned. 
2026-05-11 14:20:17,091 - optuna.study.study - INFO - Trial 171 finished with value: 0.09104907886940763 and parameters: {'n_layers': 1, 'embedding_dim': 256, 'lr': 0.007333515845068809, 'lambda_val': 0.0010434520365628823, 'batch_size': 3735, 'optimizer': 'RMSprop'}. Best is trial 93 with value: 0.09646695452906398.
2026-05-11 14:20:54,579 - optuna.study.study - INFO - Trial 172 finished with value: 0.08966630558902687 and parameters: {'n_layers': 1, 'embedding_dim': 256, 'lr': 0.008738452082763215, 'lambda_val': 0.0011718105086030422, 'batch_size': 3848, 'optimizer': 'RMSprop'}. Best is trial 93 with value: 0.09646695452906398.
2026-05-11 14:21:31,592 - optuna.study.study - INFO - Trial 173 finished with value: 0.0897014902954179 and parameters: {'n_layers': 1, 'embedding_dim': 256, 'lr': 0.008534173596160488, 'lambda_val': 0.0012692514763384354, 'batch_size': 3967, 'optimizer': 'RMSprop'}. Best is trial 93 with value: 0.09646695452906398.
2026-05-11 14:22:07,859 - optuna.study.study - INFO - Trial 174 finished with value: 0.09106260676490496 and parameters: {'n_layers': 1, 'embedding_dim': 256, 'lr': 0.006247164538173542, 'lambda_val': 0.0015813074289930096, 'batch_size': 4006, 'optimizer': 'RMSprop'}. Best is trial 93 with value: 0.09646695452906398.
2026-05-11 14:22:44,421 - optuna.study.study - INFO - Trial 175 finished with value: 0.08906079548706389 and parameters: {'n_layers': 1, 'embedding_dim': 256, 'lr': 0.007859427768977302, 'lambda_val': 0.002250375339294158, 'batch_size': 4035, 'optimizer': 'RMSprop'}. Best is trial 93 with value: 0.09646695452906398.
2026-05-11 14:23:21,516 - optuna.study.study - INFO - Trial 176 finished with value: 0.0839520547990712 and parameters: {'n_layers': 1, 'embedding_dim': 256, 'lr': 0.004961500630934801, 'lambda_val': 0.002514447250736764, 'batch_size': 4030, 'optimizer': 'RMSprop'}. Best is trial 93 with value: 0.09646695452906398.
2026-05-11 14:23:25,887 - optuna.study._optimize - INFO - Trial 177 pruned. 
2026-05-11 14:24:07,355 - optuna.study.study - INFO - Trial 178 finished with value: 0.08176016551242538 and parameters: {'n_layers': 1, 'embedding_dim': 256, 'lr': 0.008249281318464186, 'lambda_val': 0.0014905130807964767, 'batch_size': 3964, 'optimizer': 'RMSprop'}. Best is trial 93 with value: 0.09646695452906398.
2026-05-11 14:24:43,485 - optuna.study.study - INFO - Trial 179 finished with value: 0.0898273007019768 and parameters: {'n_layers': 1, 'embedding_dim': 256, 'lr': 0.006228872315464994, 'lambda_val': 0.002151996210745172, 'batch_size': 4089, 'optimizer': 'RMSprop'}. Best is trial 93 with value: 0.09646695452906398.
2026-05-11 14:25:21,107 - optuna.study.study - INFO - Trial 180 finished with value: 0.08283505474965602 and parameters: {'n_layers': 1, 'embedding_dim': 256, 'lr': 0.004552909969557497, 'lambda_val': 0.003149678081921279, 'batch_size': 4075, 'optimizer': 'RMSprop'}. Best is trial 93 with value: 0.09646695452906398.
2026-05-11 14:25:57,217 - optuna.study.study - INFO - Trial 181 finished with value: 0.0861920766566049 and parameters: {'n_layers': 1, 'embedding_dim': 256, 'lr': 0.006102064040668278, 'lambda_val': 0.0021813299696393663, 'batch_size': 3852, 'optimizer': 'RMSprop'}. Best is trial 93 with value: 0.09646695452906398.
2026-05-11 14:26:34,002 - optuna.study.study - INFO - Trial 182 finished with value: 0.0858383123445598 and parameters: {'n_layers': 1, 'embedding_dim': 256, 'lr': 0.007226797183605255, 'lambda_val': 0.0014071259868740722, 'batch_size': 4094, 'optimizer': 'RMSprop'}. Best is trial 93 with value: 0.09646695452906398.
2026-05-11 14:26:39,360 - optuna.study._optimize - INFO - Trial 183 pruned. 
2026-05-11 14:26:44,152 - optuna.study._optimize - INFO - Trial 184 pruned. 
2026-05-11 14:26:49,179 - optuna.study._optimize - INFO - Trial 185 pruned. 
2026-05-11 14:27:38,795 - optuna.study.study - INFO - Trial 186 finished with value: 0.0893986621140549 and parameters: {'n_layers': 1, 'embedding_dim': 256, 'lr': 0.0070223450181389055, 'lambda_val': 0.0016976236505584694, 'batch_size': 3840, 'optimizer': 'RMSprop'}. Best is trial 93 with value: 0.09646695452906398.
2026-05-11 14:27:47,459 - optuna.study._optimize - INFO - Trial 187 pruned. 
2026-05-11 14:28:29,030 - optuna.study.study - INFO - Trial 188 finished with value: 0.09070034305064417 and parameters: {'n_layers': 1, 'embedding_dim': 256, 'lr': 0.007976135448880135, 'lambda_val': 0.0011759840250480588, 'batch_size': 4006, 'optimizer': 'RMSprop'}. Best is trial 93 with value: 0.09646695452906398.
2026-05-11 14:29:15,463 - optuna.study.study - INFO - Trial 189 finished with value: 0.08773811498781325 and parameters: {'n_layers': 1, 'embedding_dim': 256, 'lr': 0.0086915224548938, 'lambda_val': 0.0013457308649321004, 'batch_size': 3973, 'optimizer': 'RMSprop'}. Best is trial 93 with value: 0.09646695452906398.
2026-05-11 14:29:51,942 - optuna.study.study - INFO - Trial 190 finished with value: 0.085174830899564 and parameters: {'n_layers': 1, 'embedding_dim': 256, 'lr': 0.007410580342226943, 'lambda_val': 0.001808332353084919, 'batch_size': 4033, 'optimizer': 'RMSprop'}. Best is trial 93 with value: 0.09646695452906398.
2026-05-11 14:30:30,053 - optuna.study.study - INFO - Trial 191 finished with value: 0.09233625268993108 and parameters: {'n_layers': 1, 'embedding_dim': 256, 'lr': 0.005247775280813603, 'lambda_val': 0.0009952026435506485, 'batch_size': 3852, 'optimizer': 'RMSprop'}. Best is trial 93 with value: 0.09646695452906398.
2026-05-11 14:30:34,861 - optuna.study._optimize - INFO - Trial 192 pruned. 
2026-05-11 14:31:16,387 - optuna.study.study - INFO - Trial 193 finished with value: 0.09101338898410233 and parameters: {'n_layers': 1, 'embedding_dim': 256, 'lr': 0.009534580045512686, 'lambda_val': 0.0010326052067466365, 'batch_size': 4092, 'optimizer': 'RMSprop'}. Best is trial 93 with value: 0.09646695452906398.
2026-05-11 14:31:23,007 - optuna.study._optimize - INFO - Trial 194 pruned. 
2026-05-11 14:31:27,868 - optuna.study._optimize - INFO - Trial 195 pruned. 
2026-05-11 14:32:04,004 - optuna.study.study - INFO - Trial 196 finished with value: 0.08976584018702778 and parameters: {'n_layers': 1, 'embedding_dim': 256, 'lr': 0.005349959335409743, 'lambda_val': 0.001336488457918423, 'batch_size': 3873, 'optimizer': 'RMSprop'}. Best is trial 93 with value: 0.09646695452906398.
2026-05-11 14:32:42,258 - optuna.study.study - INFO - Trial 197 finished with value: 0.09155749202294927 and parameters: {'n_layers': 1, 'embedding_dim': 256, 'lr': 0.00409095365550648, 'lambda_val': 0.0014562224035638432, 'batch_size': 3752, 'optimizer': 'RMSprop'}. Best is trial 93 with value: 0.09646695452906398.
2026-05-11 14:32:49,114 - optuna.study._optimize - INFO - Trial 198 pruned. 
2026-05-11 14:33:25,537 - optuna.study.study - INFO - Trial 199 finished with value: 0.09281139964198287 and parameters: {'n_layers': 1, 'embedding_dim': 256, 'lr': 0.0046242124578398484, 'lambda_val': 0.0015406148313685355, 'batch_size': 3633, 'optimizer': 'RMSprop'}. Best is trial 93 with value: 0.09646695452906398.
2026-05-11 14:33:52,506 - root - INFO -   **** Training e_100K_1c3dcs_rand4
2026-05-11 14:33:52,519 - root - INFO -   **** Getting 56335/65410 random edges
2026-05-11 14:33:52,607 - optuna.storages._rdb.storage - INFO - A new study created in RDB with name: Study_e_100K_1c3dcs_rand4
2026-05-11 14:34:30,680 - optuna.study.study - INFO - Trial 0 finished with value: 0.01981760039458033 and parameters: {'n_layers': 4, 'embedding_dim': 64, 'lr': 0.008331991050321745, 'lambda_val': 0.0025414732083291766, 'batch_size': 2670, 'optimizer': 'Adam'}. Best is trial 0 with value: 0.01981760039458033.
2026-05-11 14:35:21,974 - optuna.study.study - INFO - Trial 1 finished with value: 0.10069508388786577 and parameters: {'n_layers': 1, 'embedding_dim': 256, 'lr': 0.00018132540825188805, 'lambda_val': 2.4089901455580103e-06, 'batch_size': 1275, 'optimizer': 'Adam'}. Best is trial 1 with value: 0.10069508388786577.
2026-05-11 14:36:45,051 - optuna.study.study - INFO - Trial 2 finished with value: 0.023330875708200173 and parameters: {'n_layers': 4, 'embedding_dim': 256, 'lr': 0.019475351843784898, 'lambda_val': 0.0034041185795693177, 'batch_size': 3090, 'optimizer': 'RMSprop'}. Best is trial 1 with value: 0.10069508388786577.
2026-05-11 14:37:34,807 - optuna.study.study - INFO - Trial 3 finished with value: 0.0017195061592045072 and parameters: {'n_layers': 4, 'embedding_dim': 64, 'lr': 0.013128214274358454, 'lambda_val': 4.428946000799634e-06, 'batch_size': 1860, 'optimizer': 'SGD'}. Best is trial 1 with value: 0.10069508388786577.
2026-05-11 14:38:01,337 - optuna.study.study - INFO - Trial 4 finished with value: 0.05048710071379126 and parameters: {'n_layers': 1, 'embedding_dim': 128, 'lr': 0.001386355910587905, 'lambda_val': 0.0004984504059441306, 'batch_size': 1282, 'optimizer': 'Adam'}. Best is trial 1 with value: 0.10069508388786577.
2026-05-11 14:38:08,595 - optuna.study._optimize - INFO - Trial 5 pruned. 
2026-05-11 14:38:29,955 - optuna.study.study - INFO - Trial 6 finished with value: 0.08335320898666126 and parameters: {'n_layers': 1, 'embedding_dim': 32, 'lr': 0.0004952380396211967, 'lambda_val': 0.0003160280507268221, 'batch_size': 549, 'optimizer': 'Adam'}. Best is trial 1 with value: 0.10069508388786577.
2026-05-11 14:38:33,713 - optuna.study._optimize - INFO - Trial 7 pruned. 
2026-05-11 14:38:38,523 - optuna.study._optimize - INFO - Trial 8 pruned. 
2026-05-11 14:38:42,685 - optuna.study._optimize - INFO - Trial 9 pruned. 
2026-05-11 14:39:25,871 - optuna.study.study - INFO - Trial 10 finished with value: 0.08324548347228154 and parameters: {'n_layers': 2, 'embedding_dim': 256, 'lr': 0.00011660133101440941, 'lambda_val': 1.1676653495505454e-06, 'batch_size': 607, 'optimizer': 'Adam'}. Best is trial 1 with value: 0.10069508388786577.
2026-05-11 14:39:56,367 - optuna.study.study - INFO - Trial 11 finished with value: 0.0921161506639036 and parameters: {'n_layers': 2, 'embedding_dim': 32, 'lr': 0.00020005789556860374, 'lambda_val': 0.00011675884172148886, 'batch_size': 517, 'optimizer': 'Adam'}. Best is trial 1 with value: 0.10069508388786577.
2026-05-11 14:40:00,842 - optuna.study._optimize - INFO - Trial 12 pruned. 
2026-05-11 14:40:08,648 - optuna.study._optimize - INFO - Trial 13 pruned. 
2026-05-11 14:40:18,665 - optuna.study._optimize - INFO - Trial 14 pruned. 
2026-05-11 14:40:24,098 - optuna.study._optimize - INFO - Trial 15 pruned. 
2026-05-11 14:40:29,371 - optuna.study._optimize - INFO - Trial 16 pruned. 
2026-05-11 14:40:35,593 - optuna.study._optimize - INFO - Trial 17 pruned. 
2026-05-11 14:40:40,395 - optuna.study._optimize - INFO - Trial 18 pruned. 
2026-05-11 14:40:46,982 - optuna.study._optimize - INFO - Trial 19 pruned. 
2026-05-11 14:40:50,989 - optuna.study._optimize - INFO - Trial 20 pruned. 
2026-05-11 14:41:19,436 - optuna.study.study - INFO - Trial 21 finished with value: 0.0631452859237808 and parameters: {'n_layers': 1, 'embedding_dim': 32, 'lr': 0.0005888593226346376, 'lambda_val': 0.00017422220507755308, 'batch_size': 746, 'optimizer': 'Adam'}. Best is trial 1 with value: 0.10069508388786577.
2026-05-11 14:41:53,431 - optuna.study.study - INFO - Trial 22 finished with value: 0.09138951529525245 and parameters: {'n_layers': 1, 'embedding_dim': 32, 'lr': 0.00022353959061372216, 'lambda_val': 0.0011709762309733637, 'batch_size': 1120, 'optimizer': 'Adam'}. Best is trial 1 with value: 0.10069508388786577.
2026-05-11 14:41:59,067 - optuna.study._optimize - INFO - Trial 23 pruned. 
2026-05-11 14:42:04,448 - optuna.study._optimize - INFO - Trial 24 pruned. 
2026-05-11 14:42:15,478 - optuna.study._optimize - INFO - Trial 25 pruned. 
2026-05-11 14:42:46,231 - optuna.study.study - INFO - Trial 26 finished with value: 0.10185438608368343 and parameters: {'n_layers': 1, 'embedding_dim': 32, 'lr': 0.00023272124399395432, 'lambda_val': 3.285511163562563e-05, 'batch_size': 1195, 'optimizer': 'Adam'}. Best is trial 26 with value: 0.10185438608368343.
2026-05-11 14:42:49,725 - optuna.study._optimize - INFO - Trial 27 pruned. 
2026-05-11 14:42:55,280 - optuna.study._optimize - INFO - Trial 28 pruned. 
2026-05-11 14:42:59,389 - optuna.study._optimize - INFO - Trial 29 pruned. 
2026-05-11 14:43:05,273 - optuna.study._optimize - INFO - Trial 30 pruned. 
2026-05-11 14:43:11,191 - optuna.study._optimize - INFO - Trial 31 pruned. 
2026-05-11 14:43:15,121 - optuna.study._optimize - INFO - Trial 32 pruned. 
2026-05-11 14:43:18,123 - optuna.study._optimize - INFO - Trial 33 pruned. 
2026-05-11 14:43:26,689 - optuna.study._optimize - INFO - Trial 34 pruned. 
2026-05-11 14:43:37,189 - optuna.study._optimize - INFO - Trial 35 pruned. 
2026-05-11 14:43:40,701 - optuna.study._optimize - INFO - Trial 36 pruned. 
2026-05-11 14:43:43,958 - optuna.study._optimize - INFO - Trial 37 pruned. 
2026-05-11 14:43:48,752 - optuna.study._optimize - INFO - Trial 38 pruned. 
2026-05-11 14:43:53,809 - optuna.study._optimize - INFO - Trial 39 pruned. 
2026-05-11 14:43:58,855 - optuna.study._optimize - INFO - Trial 40 pruned. 
2026-05-11 14:44:05,879 - optuna.study._optimize - INFO - Trial 41 pruned. 
2026-05-11 14:44:34,742 - optuna.study.study - INFO - Trial 42 finished with value: 0.10371810845531512 and parameters: {'n_layers': 1, 'embedding_dim': 32, 'lr': 0.0003141215996146359, 'lambda_val': 0.0008010950643625767, 'batch_size': 640, 'optimizer': 'Adam'}. Best is trial 42 with value: 0.10371810845531512.
2026-05-11 14:44:41,125 - optuna.study._optimize - INFO - Trial 43 pruned. 
2026-05-11 14:44:44,727 - optuna.study._optimize - INFO - Trial 44 pruned. 
2026-05-11 14:44:48,549 - optuna.study._optimize - INFO - Trial 45 pruned. 
2026-05-11 14:44:55,463 - optuna.study._optimize - INFO - Trial 46 pruned. 
2026-05-11 14:45:00,324 - optuna.study._optimize - INFO - Trial 47 pruned. 
2026-05-11 14:45:04,377 - optuna.study._optimize - INFO - Trial 48 pruned. 
2026-05-11 14:45:08,784 - optuna.study._optimize - INFO - Trial 49 pruned. 
2026-05-11 14:45:45,500 - optuna.study.study - INFO - Trial 50 finished with value: 0.08795312124073362 and parameters: {'n_layers': 1, 'embedding_dim': 256, 'lr': 0.0003259338651575373, 'lambda_val': 0.0002729599651820935, 'batch_size': 517, 'optimizer': 'Adam'}. Best is trial 42 with value: 0.10371810845531512.
2026-05-11 14:46:19,878 - optuna.study.study - INFO - Trial 51 finished with value: 0.08171001733190526 and parameters: {'n_layers': 1, 'embedding_dim': 256, 'lr': 0.0003061205525064382, 'lambda_val': 0.0003100501174186365, 'batch_size': 625, 'optimizer': 'Adam'}. Best is trial 42 with value: 0.10371810845531512.
2026-05-11 14:46:24,759 - optuna.study._optimize - INFO - Trial 52 pruned. 
2026-05-11 14:47:06,864 - optuna.study.study - INFO - Trial 53 finished with value: 0.06085481035872858 and parameters: {'n_layers': 1, 'embedding_dim': 256, 'lr': 0.0004883400196950052, 'lambda_val': 0.0007105980510039813, 'batch_size': 1091, 'optimizer': 'Adam'}. Best is trial 42 with value: 0.10371810845531512.
2026-05-11 14:47:11,336 - optuna.study._optimize - INFO - Trial 54 pruned. 
2026-05-11 14:47:15,665 - optuna.study._optimize - INFO - Trial 55 pruned. 
2026-05-11 14:47:20,570 - optuna.study._optimize - INFO - Trial 56 pruned. 
2026-05-11 14:47:49,322 - optuna.study.study - INFO - Trial 57 finished with value: 0.06429901055159704 and parameters: {'n_layers': 1, 'embedding_dim': 32, 'lr': 0.0003549671609191839, 'lambda_val': 0.00027209392946521725, 'batch_size': 1623, 'optimizer': 'Adam'}. Best is trial 42 with value: 0.10371810845531512.
2026-05-11 14:47:53,697 - optuna.study._optimize - INFO - Trial 58 pruned. 
2026-05-11 14:47:57,690 - optuna.study._optimize - INFO - Trial 59 pruned. 
2026-05-11 14:48:02,430 - optuna.study._optimize - INFO - Trial 60 pruned. 
2026-05-11 14:48:30,641 - optuna.study.study - INFO - Trial 61 finished with value: 0.0605948256557723 and parameters: {'n_layers': 1, 'embedding_dim': 32, 'lr': 0.0004929382766196632, 'lambda_val': 0.0003807545306327466, 'batch_size': 671, 'optimizer': 'Adam'}. Best is trial 42 with value: 0.10371810845531512.
2026-05-11 14:48:58,342 - optuna.study.study - INFO - Trial 62 finished with value: 0.10806482762403535 and parameters: {'n_layers': 1, 'embedding_dim': 32, 'lr': 0.00027368069661909904, 'lambda_val': 0.00018131931303759508, 'batch_size': 797, 'optimizer': 'Adam'}. Best is trial 62 with value: 0.10806482762403535.
2026-05-11 14:49:02,713 - optuna.study._optimize - INFO - Trial 63 pruned. 
2026-05-11 14:49:06,368 - optuna.study._optimize - INFO - Trial 64 pruned. 
2026-05-11 14:49:10,245 - optuna.study._optimize - INFO - Trial 65 pruned. 
2026-05-11 14:49:14,663 - optuna.study._optimize - INFO - Trial 66 pruned. 
2026-05-11 14:49:18,053 - optuna.study._optimize - INFO - Trial 67 pruned. 
2026-05-11 14:49:44,398 - optuna.study.study - INFO - Trial 68 finished with value: 0.04266944135301192 and parameters: {'n_layers': 1, 'embedding_dim': 32, 'lr': 0.0006821594888573979, 'lambda_val': 2.1761718860716064e-05, 'batch_size': 984, 'optimizer': 'Adam'}. Best is trial 62 with value: 0.10806482762403535.
2026-05-11 14:49:48,493 - optuna.study._optimize - INFO - Trial 69 pruned. 
2026-05-11 14:49:52,514 - optuna.study._optimize - INFO - Trial 70 pruned. 
2026-05-11 14:49:56,788 - optuna.study._optimize - INFO - Trial 71 pruned. 
2026-05-11 14:50:24,515 - optuna.study.study - INFO - Trial 72 finished with value: 0.08012108719575203 and parameters: {'n_layers': 1, 'embedding_dim': 32, 'lr': 0.0004149105274248408, 'lambda_val': 0.0004857260927536487, 'batch_size': 824, 'optimizer': 'Adam'}. Best is trial 62 with value: 0.10806482762403535.
2026-05-11 14:50:28,756 - optuna.study._optimize - INFO - Trial 73 pruned. 
2026-05-11 14:50:33,203 - optuna.study._optimize - INFO - Trial 74 pruned. 
2026-05-11 14:50:37,104 - optuna.study._optimize - INFO - Trial 75 pruned. 
2026-05-11 14:50:41,437 - optuna.study._optimize - INFO - Trial 76 pruned. 
2026-05-11 14:51:10,303 - optuna.study.study - INFO - Trial 77 finished with value: 0.046718362411090265 and parameters: {'n_layers': 1, 'embedding_dim': 96, 'lr': 0.0011356898889269497, 'lambda_val': 4.5634914617684524e-05, 'batch_size': 1220, 'optimizer': 'Adam'}. Best is trial 62 with value: 0.10806482762403535.
2026-05-11 14:51:15,103 - optuna.study._optimize - INFO - Trial 78 pruned. 
2026-05-11 14:51:20,667 - optuna.study._optimize - INFO - Trial 79 pruned. 
2026-05-11 14:51:24,804 - optuna.study._optimize - INFO - Trial 80 pruned. 
2026-05-11 14:52:07,299 - optuna.study.study - INFO - Trial 81 finished with value: 0.06086655810341238 and parameters: {'n_layers': 2, 'embedding_dim': 256, 'lr': 0.00018310281183692265, 'lambda_val': 3.600808790997823e-06, 'batch_size': 514, 'optimizer': 'Adam'}. Best is trial 62 with value: 0.10806482762403535.
2026-05-11 14:52:12,663 - optuna.study._optimize - INFO - Trial 82 pruned. 
2026-05-11 14:52:18,116 - optuna.study._optimize - INFO - Trial 83 pruned. 
2026-05-11 14:52:52,846 - optuna.study.study - INFO - Trial 84 finished with value: 0.08528907656722794 and parameters: {'n_layers': 1, 'embedding_dim': 256, 'lr': 0.0002850278596746033, 'lambda_val': 1.4089540857246004e-06, 'batch_size': 1044, 'optimizer': 'Adam'}. Best is trial 62 with value: 0.10806482762403535.
2026-05-11 14:53:24,164 - optuna.study.study - INFO - Trial 85 finished with value: 0.08279684632813965 and parameters: {'n_layers': 1, 'embedding_dim': 256, 'lr': 0.0003210700645877979, 'lambda_val': 1.5947648730526974e-06, 'batch_size': 1079, 'optimizer': 'Adam'}. Best is trial 62 with value: 0.10806482762403535.
2026-05-11 14:53:27,560 - optuna.study._optimize - INFO - Trial 86 pruned. 
2026-05-11 14:53:30,770 - optuna.study._optimize - INFO - Trial 87 pruned. 
2026-05-11 14:54:05,257 - optuna.study.study - INFO - Trial 88 finished with value: 0.06463436504977074 and parameters: {'n_layers': 1, 'embedding_dim': 256, 'lr': 0.0004168283124194599, 'lambda_val': 8.251141122968936e-05, 'batch_size': 1014, 'optimizer': 'Adam'}. Best is trial 62 with value: 0.10806482762403535.
2026-05-11 14:54:09,187 - optuna.study._optimize - INFO - Trial 89 pruned. 
2026-05-11 14:54:13,736 - optuna.study._optimize - INFO - Trial 90 pruned. 
2026-05-11 14:54:18,206 - optuna.study._optimize - INFO - Trial 91 pruned. 
2026-05-11 14:54:52,742 - optuna.study.study - INFO - Trial 92 finished with value: 0.07963448175960366 and parameters: {'n_layers': 1, 'embedding_dim': 256, 'lr': 0.0003556485418095519, 'lambda_val': 9.95050267540284e-06, 'batch_size': 747, 'optimizer': 'Adam'}. Best is trial 62 with value: 0.10806482762403535.
2026-05-11 14:54:57,298 - optuna.study._optimize - INFO - Trial 93 pruned. 
2026-05-11 14:55:02,000 - optuna.study._optimize - INFO - Trial 94 pruned. 
2026-05-11 14:55:06,095 - optuna.study._optimize - INFO - Trial 95 pruned. 
2026-05-11 14:55:11,409 - optuna.study._optimize - INFO - Trial 96 pruned. 
2026-05-11 14:55:40,629 - optuna.study.study - INFO - Trial 97 finished with value: 0.0905318659842684 and parameters: {'n_layers': 1, 'embedding_dim': 96, 'lr': 0.00026880314765801534, 'lambda_val': 0.0001891509790151819, 'batch_size': 1086, 'optimizer': 'Adam'}. Best is trial 62 with value: 0.10806482762403535.
2026-05-11 14:56:18,987 - optuna.study.study - INFO - Trial 98 finished with value: 0.09498592808086057 and parameters: {'n_layers': 1, 'embedding_dim': 96, 'lr': 0.00026560037538829624, 'lambda_val': 0.00016291922737840723, 'batch_size': 1091, 'optimizer': 'Adam'}. Best is trial 62 with value: 0.10806482762403535.
2026-05-11 14:56:47,801 - optuna.study.study - INFO - Trial 99 finished with value: 0.08330639437936549 and parameters: {'n_layers': 1, 'embedding_dim': 96, 'lr': 0.0002535028004599737, 'lambda_val': 0.00012851702605246298, 'batch_size': 1406, 'optimizer': 'Adam'}. Best is trial 62 with value: 0.10806482762403535.
2026-05-11 14:56:51,742 - optuna.study._optimize - INFO - Trial 100 pruned. 
2026-05-11 14:57:20,564 - optuna.study.study - INFO - Trial 101 finished with value: 0.05491493622626345 and parameters: {'n_layers': 1, 'embedding_dim': 96, 'lr': 0.0007274077313231928, 'lambda_val': 0.00020328691810000182, 'batch_size': 1065, 'optimizer': 'Adam'}. Best is trial 62 with value: 0.10806482762403535.
2026-05-11 14:57:49,482 - optuna.study.study - INFO - Trial 102 finished with value: 0.06003361968022847 and parameters: {'n_layers': 1, 'embedding_dim': 96, 'lr': 0.00041385380782439727, 'lambda_val': 7.038735019161877e-05, 'batch_size': 1107, 'optimizer': 'Adam'}. Best is trial 62 with value: 0.10806482762403535.
2026-05-11 14:58:21,424 - optuna.study.study - INFO - Trial 103 finished with value: 0.05566250529785684 and parameters: {'n_layers': 1, 'embedding_dim': 96, 'lr': 0.0004890457253920826, 'lambda_val': 2.8639136783030633e-05, 'batch_size': 1168, 'optimizer': 'Adam'}. Best is trial 62 with value: 0.10806482762403535.
2026-05-11 14:58:26,007 - optuna.study._optimize - INFO - Trial 104 pruned. 
2026-05-11 14:58:29,938 - optuna.study._optimize - INFO - Trial 105 pruned. 
2026-05-11 14:58:33,958 - optuna.study._optimize - INFO - Trial 106 pruned. 
2026-05-11 14:59:03,984 - optuna.study.study - INFO - Trial 107 finished with value: 0.05285070485963553 and parameters: {'n_layers': 1, 'embedding_dim': 32, 'lr': 0.0005847623676856448, 'lambda_val': 0.00024295818719128007, 'batch_size': 1254, 'optimizer': 'Adam'}. Best is trial 62 with value: 0.10806482762403535.
2026-05-11 14:59:07,781 - optuna.study._optimize - INFO - Trial 108 pruned. 
2026-05-11 14:59:11,789 - optuna.study._optimize - INFO - Trial 109 pruned. 
2026-05-11 14:59:45,190 - optuna.study.study - INFO - Trial 110 finished with value: 0.08336504632074838 and parameters: {'n_layers': 1, 'embedding_dim': 96, 'lr': 0.0003356957669531137, 'lambda_val': 0.0004223858505085631, 'batch_size': 686, 'optimizer': 'Adam'}. Best is trial 62 with value: 0.10806482762403535.
2026-05-11 15:00:19,709 - optuna.study.study - INFO - Trial 111 finished with value: 0.06577260505331493 and parameters: {'n_layers': 1, 'embedding_dim': 96, 'lr': 0.00045247056536037024, 'lambda_val': 0.0004075299158780052, 'batch_size': 717, 'optimizer': 'Adam'}. Best is trial 62 with value: 0.10806482762403535.
2026-05-11 15:00:48,926 - optuna.study.study - INFO - Trial 112 finished with value: 0.07594933002685483 and parameters: {'n_layers': 1, 'embedding_dim': 96, 'lr': 0.0003579205651734898, 'lambda_val': 0.00014568167903718826, 'batch_size': 784, 'optimizer': 'Adam'}. Best is trial 62 with value: 0.10806482762403535.
2026-05-11 15:00:57,698 - optuna.study._optimize - INFO - Trial 113 pruned. 
2026-05-11 15:01:07,070 - optuna.study._optimize - INFO - Trial 114 pruned. 
2026-05-11 15:01:10,961 - optuna.study._optimize - INFO - Trial 115 pruned. 
2026-05-11 15:01:15,058 - optuna.study._optimize - INFO - Trial 116 pruned. 
2026-05-11 15:01:19,172 - optuna.study._optimize - INFO - Trial 117 pruned. 
2026-05-11 15:01:23,468 - optuna.study._optimize - INFO - Trial 118 pruned. 
2026-05-11 15:01:52,058 - optuna.study.study - INFO - Trial 119 finished with value: 0.049941687766529165 and parameters: {'n_layers': 1, 'embedding_dim': 32, 'lr': 0.0005406788124000552, 'lambda_val': 0.0009859855265092505, 'batch_size': 1055, 'optimizer': 'Adam'}. Best is trial 62 with value: 0.10806482762403535.
2026-05-11 15:01:56,087 - optuna.study._optimize - INFO - Trial 120 pruned. 
2026-05-11 15:02:00,085 - optuna.study._optimize - INFO - Trial 121 pruned. 
2026-05-11 15:02:29,456 - optuna.study.study - INFO - Trial 122 finished with value: 0.06842049532204611 and parameters: {'n_layers': 1, 'embedding_dim': 96, 'lr': 0.00036136521572553774, 'lambda_val': 0.0001390309554569752, 'batch_size': 1210, 'optimizer': 'Adam'}. Best is trial 62 with value: 0.10806482762403535.
2026-05-11 15:02:33,364 - optuna.study._optimize - INFO - Trial 123 pruned. 
2026-05-11 15:02:37,820 - optuna.study._optimize - INFO - Trial 124 pruned. 
2026-05-11 15:02:41,806 - optuna.study._optimize - INFO - Trial 125 pruned. 
2026-05-11 15:02:45,925 - optuna.study._optimize - INFO - Trial 126 pruned. 
2026-05-11 15:03:21,737 - optuna.study.study - INFO - Trial 127 finished with value: 0.06618450025643456 and parameters: {'n_layers': 1, 'embedding_dim': 256, 'lr': 0.00025235907847801853, 'lambda_val': 0.0002005913847629787, 'batch_size': 2800, 'optimizer': 'RMSprop'}. Best is trial 62 with value: 0.10806482762403535.
2026-05-11 15:03:26,107 - optuna.study._optimize - INFO - Trial 128 pruned. 
2026-05-11 15:03:31,168 - optuna.study._optimize - INFO - Trial 129 pruned. 
2026-05-11 15:03:42,184 - optuna.study._optimize - INFO - Trial 130 pruned. 
2026-05-11 15:03:49,929 - optuna.study._optimize - INFO - Trial 131 pruned. 
2026-05-11 15:03:56,248 - optuna.study._optimize - INFO - Trial 132 pruned. 
2026-05-11 15:04:00,998 - optuna.study._optimize - INFO - Trial 133 pruned. 
2026-05-11 15:04:35,321 - optuna.study.study - INFO - Trial 134 finished with value: 0.09778392829916228 and parameters: {'n_layers': 1, 'embedding_dim': 256, 'lr': 0.00030075022703851095, 'lambda_val': 2.113420037594672e-06, 'batch_size': 766, 'optimizer': 'Adam'}. Best is trial 62 with value: 0.10806482762403535.
2026-05-11 15:05:09,823 - optuna.study.study - INFO - Trial 135 finished with value: 0.07193603372614897 and parameters: {'n_layers': 1, 'embedding_dim': 256, 'lr': 0.00032379715845432455, 'lambda_val': 0.00022421968166335302, 'batch_size': 1029, 'optimizer': 'Adam'}. Best is trial 62 with value: 0.10806482762403535.
2026-05-11 15:05:14,137 - optuna.study._optimize - INFO - Trial 136 pruned. 
2026-05-11 15:05:18,637 - optuna.study._optimize - INFO - Trial 137 pruned. 
2026-05-11 15:05:24,037 - optuna.study._optimize - INFO - Trial 138 pruned. 
2026-05-11 15:05:28,024 - optuna.study._optimize - INFO - Trial 139 pruned. 
2026-05-11 15:05:56,923 - optuna.study.study - INFO - Trial 140 finished with value: 0.077138947885136 and parameters: {'n_layers': 1, 'embedding_dim': 96, 'lr': 0.0005104709536345234, 'lambda_val': 2.935381875412717e-06, 'batch_size': 633, 'optimizer': 'Adam'}. Best is trial 62 with value: 0.10806482762403535.
2026-05-11 15:06:02,453 - optuna.study._optimize - INFO - Trial 141 pruned. 
2026-05-11 15:06:09,455 - optuna.study._optimize - INFO - Trial 142 pruned. 
2026-05-11 15:06:44,254 - optuna.study.study - INFO - Trial 143 finished with value: 0.08642285865783478 and parameters: {'n_layers': 1, 'embedding_dim': 256, 'lr': 0.00023490420934362482, 'lambda_val': 2.243164970082245e-06, 'batch_size': 1124, 'optimizer': 'Adam'}. Best is trial 62 with value: 0.10806482762403535.
2026-05-11 15:07:18,777 - optuna.study.study - INFO - Trial 144 finished with value: 0.08054187861508222 and parameters: {'n_layers': 1, 'embedding_dim': 256, 'lr': 0.0003145515376609213, 'lambda_val': 3.477944845109208e-06, 'batch_size': 1119, 'optimizer': 'Adam'}. Best is trial 62 with value: 0.10806482762403535.
2026-05-11 15:07:23,205 - optuna.study._optimize - INFO - Trial 145 pruned. 
2026-05-11 15:07:27,581 - optuna.study._optimize - INFO - Trial 146 pruned. 
2026-05-11 15:07:32,249 - optuna.study._optimize - INFO - Trial 147 pruned. 
2026-05-11 15:07:36,532 - optuna.study._optimize - INFO - Trial 148 pruned. 
2026-05-11 15:07:40,607 - optuna.study._optimize - INFO - Trial 149 pruned. 
2026-05-11 15:08:08,438 - optuna.study.study - INFO - Trial 150 finished with value: 0.0787804543019236 and parameters: {'n_layers': 1, 'embedding_dim': 32, 'lr': 0.00041603296956066726, 'lambda_val': 0.0003783376224037942, 'batch_size': 918, 'optimizer': 'RMSprop'}. Best is trial 62 with value: 0.10806482762403535.
2026-05-11 15:08:12,938 - optuna.study._optimize - INFO - Trial 151 pruned. 
2026-05-11 15:08:19,277 - optuna.study._optimize - INFO - Trial 152 pruned. 
2026-05-11 15:08:24,060 - optuna.study._optimize - INFO - Trial 153 pruned. 
2026-05-11 15:08:29,223 - optuna.study._optimize - INFO - Trial 154 pruned. 
2026-05-11 15:08:33,065 - optuna.study._optimize - INFO - Trial 155 pruned. 
2026-05-11 15:08:37,438 - optuna.study._optimize - INFO - Trial 156 pruned. 
2026-05-11 15:09:12,332 - optuna.study.study - INFO - Trial 157 finished with value: 0.08833819070330418 and parameters: {'n_layers': 1, 'embedding_dim': 256, 'lr': 0.0002931392075560818, 'lambda_val': 0.0011867301682673501, 'batch_size': 520, 'optimizer': 'Adam'}. Best is trial 62 with value: 0.10806482762403535.
2026-05-11 15:09:47,213 - optuna.study.study - INFO - Trial 158 finished with value: 0.07505683987664767 and parameters: {'n_layers': 1, 'embedding_dim': 256, 'lr': 0.0003494173194033354, 'lambda_val': 0.0012425100144115723, 'batch_size': 543, 'optimizer': 'Adam'}. Best is trial 62 with value: 0.10806482762403535.
2026-05-11 15:10:24,093 - optuna.study.study - INFO - Trial 159 finished with value: 0.05626417544757965 and parameters: {'n_layers': 1, 'embedding_dim': 96, 'lr': 0.0004706741077325521, 'lambda_val': 0.0007842171654086054, 'batch_size': 1236, 'optimizer': 'Adam'}. Best is trial 62 with value: 0.10806482762403535.
2026-05-11 15:10:28,476 - optuna.study._optimize - INFO - Trial 160 pruned. 
2026-05-11 15:10:32,938 - optuna.study._optimize - INFO - Trial 161 pruned. 
2026-05-11 15:10:37,945 - optuna.study._optimize - INFO - Trial 162 pruned. 
2026-05-11 15:11:12,396 - optuna.study.study - INFO - Trial 163 finished with value: 0.08340862529937541 and parameters: {'n_layers': 1, 'embedding_dim': 256, 'lr': 0.0003197362209754065, 'lambda_val': 0.00048170470630364795, 'batch_size': 519, 'optimizer': 'Adam'}. Best is trial 62 with value: 0.10806482762403535.
2026-05-11 15:11:17,494 - optuna.study._optimize - INFO - Trial 164 pruned. 
2026-05-11 15:11:51,837 - optuna.study.study - INFO - Trial 165 finished with value: 0.07429449399360454 and parameters: {'n_layers': 1, 'embedding_dim': 256, 'lr': 0.00038677652083899425, 'lambda_val': 0.0005574657875347455, 'batch_size': 520, 'optimizer': 'Adam'}. Best is trial 62 with value: 0.10806482762403535.
2026-05-11 15:11:56,297 - optuna.study._optimize - INFO - Trial 166 pruned. 
2026-05-11 15:12:00,653 - optuna.study._optimize - INFO - Trial 167 pruned. 
2026-05-11 15:12:04,553 - optuna.study._optimize - INFO - Trial 168 pruned. 
2026-05-11 15:12:39,177 - optuna.study.study - INFO - Trial 169 finished with value: 0.07053901387240621 and parameters: {'n_layers': 1, 'embedding_dim': 256, 'lr': 0.00038753393185747667, 'lambda_val': 0.0001986495255204071, 'batch_size': 1434, 'optimizer': 'Adam'}. Best is trial 62 with value: 0.10806482762403535.
2026-05-11 15:12:42,864 - optuna.study._optimize - INFO - Trial 170 pruned. 
2026-05-11 15:12:47,272 - optuna.study._optimize - INFO - Trial 171 pruned. 
2026-05-11 15:13:21,852 - optuna.study.study - INFO - Trial 172 finished with value: 0.08977298522402943 and parameters: {'n_layers': 1, 'embedding_dim': 256, 'lr': 0.00031480018591106184, 'lambda_val': 0.00013092286653817474, 'batch_size': 611, 'optimizer': 'Adam'}. Best is trial 62 with value: 0.10806482762403535.
2026-05-11 15:13:56,265 - optuna.study.study - INFO - Trial 173 finished with value: 0.075701777476582 and parameters: {'n_layers': 1, 'embedding_dim': 256, 'lr': 0.00034078483563920205, 'lambda_val': 0.00011303355223560509, 'batch_size': 622, 'optimizer': 'Adam'}. Best is trial 62 with value: 0.10806482762403535.
2026-05-11 15:14:31,255 - optuna.study.study - INFO - Trial 174 finished with value: 0.09136080729108381 and parameters: {'n_layers': 1, 'embedding_dim': 256, 'lr': 0.0002802466967176432, 'lambda_val': 0.00014933767175823233, 'batch_size': 677, 'optimizer': 'Adam'}. Best is trial 62 with value: 0.10806482762403535.
2026-05-11 15:14:35,629 - optuna.study._optimize - INFO - Trial 175 pruned. 
2026-05-11 15:15:10,478 - optuna.study.study - INFO - Trial 176 finished with value: 0.07572568265937402 and parameters: {'n_layers': 1, 'embedding_dim': 256, 'lr': 0.000515369941680836, 'lambda_val': 1.0599327640228568e-05, 'batch_size': 674, 'optimizer': 'Adam'}. Best is trial 62 with value: 0.10806482762403535.
2026-05-11 15:15:45,245 - optuna.study.study - INFO - Trial 177 finished with value: 0.08771525983613515 and parameters: {'n_layers': 1, 'embedding_dim': 256, 'lr': 0.0003283318940515936, 'lambda_val': 0.0002188442250751692, 'batch_size': 598, 'optimizer': 'Adam'}. Best is trial 62 with value: 0.10806482762403535.
2026-05-11 15:15:54,926 - optuna.study._optimize - INFO - Trial 178 pruned. 
2026-05-11 15:16:02,734 - optuna.study._optimize - INFO - Trial 179 pruned. 
2026-05-11 15:16:06,998 - optuna.study._optimize - INFO - Trial 180 pruned. 
2026-05-11 15:16:41,269 - optuna.study.study - INFO - Trial 181 finished with value: 0.07249119283353617 and parameters: {'n_layers': 1, 'embedding_dim': 256, 'lr': 0.0004099140223337355, 'lambda_val': 0.0001753149155968201, 'batch_size': 589, 'optimizer': 'Adam'}. Best is trial 62 with value: 0.10806482762403535.
2026-05-11 15:16:45,676 - optuna.study._optimize - INFO - Trial 182 pruned. 
2026-05-11 15:16:50,120 - optuna.study._optimize - INFO - Trial 183 pruned. 
2026-05-11 15:17:24,987 - optuna.study.study - INFO - Trial 184 finished with value: 0.0818562266531424 and parameters: {'n_layers': 1, 'embedding_dim': 256, 'lr': 0.0003378119394286672, 'lambda_val': 0.0005316441025451441, 'batch_size': 818, 'optimizer': 'Adam'}. Best is trial 62 with value: 0.10806482762403535.
2026-05-11 15:17:29,345 - optuna.study._optimize - INFO - Trial 185 pruned. 
2026-05-11 15:17:32,935 - optuna.study._optimize - INFO - Trial 186 pruned. 
2026-05-11 15:17:37,258 - optuna.study._optimize - INFO - Trial 187 pruned. 
2026-05-11 15:18:19,621 - optuna.study.study - INFO - Trial 188 finished with value: 0.07739497984017588 and parameters: {'n_layers': 1, 'embedding_dim': 256, 'lr': 0.0004550993223541103, 'lambda_val': 6.985782153735352e-05, 'batch_size': 636, 'optimizer': 'Adam'}. Best is trial 62 with value: 0.10806482762403535.
2026-05-11 15:18:23,662 - optuna.study._optimize - INFO - Trial 189 pruned. 
2026-05-11 15:18:27,948 - optuna.study._optimize - INFO - Trial 190 pruned. 
2026-05-11 15:18:32,013 - optuna.study._optimize - INFO - Trial 191 pruned. 
2026-05-11 15:18:36,046 - optuna.study._optimize - INFO - Trial 192 pruned. 
2026-05-11 15:19:19,037 - optuna.study.study - INFO - Trial 193 finished with value: 0.0728203121442509 and parameters: {'n_layers': 1, 'embedding_dim': 256, 'lr': 0.0003213286698694047, 'lambda_val': 0.00012543657090322398, 'batch_size': 1150, 'optimizer': 'Adam'}. Best is trial 62 with value: 0.10806482762403535.
2026-05-11 15:19:23,102 - optuna.study._optimize - INFO - Trial 194 pruned. 
2026-05-11 15:19:27,045 - optuna.study._optimize - INFO - Trial 195 pruned. 
2026-05-11 15:19:31,453 - optuna.study._optimize - INFO - Trial 196 pruned. 
2026-05-11 15:19:35,904 - optuna.study._optimize - INFO - Trial 197 pruned. 
2026-05-11 15:19:40,069 - optuna.study._optimize - INFO - Trial 198 pruned. 
2026-05-11 15:19:43,935 - optuna.study._optimize - INFO - Trial 199 pruned. 
2026-05-11 15:20:04,371 - root - INFO -   **** Training e_100K_1c3dcs_rand5
2026-05-11 15:20:04,381 - root - INFO -   **** Getting 56335/65410 random edges
2026-05-11 15:20:05,454 - optuna.storages._rdb.storage - INFO - A new study created in RDB with name: Study_e_100K_1c3dcs_rand5
2026-05-11 15:20:54,782 - optuna.study.study - INFO - Trial 0 finished with value: 0.04183170314915755 and parameters: {'n_layers': 1, 'embedding_dim': 96, 'lr': 0.0012310162469637697, 'lambda_val': 4.35406912098838e-06, 'batch_size': 2845, 'optimizer': 'Adam'}. Best is trial 0 with value: 0.04183170314915755.
2026-05-11 15:22:10,848 - optuna.study.study - INFO - Trial 1 finished with value: 0.02292384224273814 and parameters: {'n_layers': 3, 'embedding_dim': 128, 'lr': 0.001109639420949132, 'lambda_val': 1.392785102402564e-06, 'batch_size': 3662, 'optimizer': 'Adam'}. Best is trial 0 with value: 0.04183170314915755.
2026-05-11 15:23:12,291 - optuna.study.study - INFO - Trial 2 finished with value: 0.01950925336670273 and parameters: {'n_layers': 2, 'embedding_dim': 256, 'lr': 5.161270321046e-05, 'lambda_val': 0.024044593797293158, 'batch_size': 1855, 'optimizer': 'Adam'}. Best is trial 0 with value: 0.04183170314915755.
2026-05-11 15:23:52,909 - optuna.study.study - INFO - Trial 3 finished with value: 0.011378044571835139 and parameters: {'n_layers': 4, 'embedding_dim': 32, 'lr': 0.001514505593261194, 'lambda_val': 1.114861730084519e-06, 'batch_size': 673, 'optimizer': 'Adam'}. Best is trial 0 with value: 0.04183170314915755.
2026-05-11 15:24:29,930 - optuna.study.study - INFO - Trial 4 finished with value: 0.022585096349932637 and parameters: {'n_layers': 3, 'embedding_dim': 96, 'lr': 0.001020635652346578, 'lambda_val': 0.003224592104999584, 'batch_size': 2000, 'optimizer': 'Adam'}. Best is trial 0 with value: 0.04183170314915755.
2026-05-11 15:24:33,795 - optuna.study._optimize - INFO - Trial 5 pruned. 
2026-05-11 15:25:08,683 - optuna.study.study - INFO - Trial 6 finished with value: 0.012903450555447239 and parameters: {'n_layers': 4, 'embedding_dim': 32, 'lr': 0.0004589762055530227, 'lambda_val': 6.442040348432608e-05, 'batch_size': 581, 'optimizer': 'RMSprop'}. Best is trial 0 with value: 0.04183170314915755.
2026-05-11 15:25:13,795 - optuna.study._optimize - INFO - Trial 7 pruned. 
2026-05-11 15:25:43,619 - optuna.study.study - INFO - Trial 8 finished with value: 0.06326928932423428 and parameters: {'n_layers': 1, 'embedding_dim': 96, 'lr': 0.03826351075300165, 'lambda_val': 0.008404446927459005, 'batch_size': 3178, 'optimizer': 'Adam'}. Best is trial 8 with value: 0.06326928932423428.
2026-05-11 15:26:40,883 - optuna.study.study - INFO - Trial 9 finished with value: 0.035011392553343706 and parameters: {'n_layers': 3, 'embedding_dim': 256, 'lr': 0.004539364636297211, 'lambda_val': 4.752162325666848e-05, 'batch_size': 4073, 'optimizer': 'Adam'}. Best is trial 8 with value: 0.06326928932423428.
2026-05-11 15:26:45,164 - optuna.study._optimize - INFO - Trial 10 pruned. 
2026-05-11 15:26:49,075 - optuna.study._optimize - INFO - Trial 11 pruned. 
2026-05-11 15:27:21,349 - optuna.study.study - INFO - Trial 12 finished with value: 0.06099509564944037 and parameters: {'n_layers': 1, 'embedding_dim': 96, 'lr': 0.020646633038485858, 'lambda_val': 0.006765619818336998, 'batch_size': 2959, 'optimizer': 'Adam'}. Best is trial 8 with value: 0.06326928932423428.
2026-05-11 15:27:25,878 - optuna.study._optimize - INFO - Trial 13 pruned. 
2026-05-11 15:27:30,624 - optuna.study._optimize - INFO - Trial 14 pruned. 
2026-05-11 15:27:34,881 - optuna.study._optimize - INFO - Trial 15 pruned. 
2026-05-11 15:28:06,103 - optuna.study.study - INFO - Trial 16 finished with value: 0.07596173094286812 and parameters: {'n_layers': 1, 'embedding_dim': 96, 'lr': 0.006043043214980421, 'lambda_val': 0.002543750921372518, 'batch_size': 3801, 'optimizer': 'Adam'}. Best is trial 16 with value: 0.07596173094286812.
2026-05-11 15:28:38,847 - optuna.study.study - INFO - Trial 17 finished with value: 0.07000188332530802 and parameters: {'n_layers': 1, 'embedding_dim': 96, 'lr': 0.003718776416074246, 'lambda_val': 0.000933841514918642, 'batch_size': 3667, 'optimizer': 'Adam'}. Best is trial 16 with value: 0.07596173094286812.
2026-05-11 15:28:43,257 - optuna.study._optimize - INFO - Trial 18 pruned. 
2026-05-11 15:28:47,158 - optuna.study._optimize - INFO - Trial 19 pruned. 
2026-05-11 15:29:32,185 - optuna.study.study - INFO - Trial 20 finished with value: 0.03640836225409805 and parameters: {'n_layers': 2, 'embedding_dim': 256, 'lr': 0.00016555247445617136, 'lambda_val': 0.00022168938666789026, 'batch_size': 3731, 'optimizer': 'Adam'}. Best is trial 16 with value: 0.07596173094286812.
2026-05-11 15:30:02,530 - optuna.study.study - INFO - Trial 21 finished with value: 0.06496641939569302 and parameters: {'n_layers': 1, 'embedding_dim': 96, 'lr': 0.00937086876423792, 'lambda_val': 0.00605202375332526, 'batch_size': 3490, 'optimizer': 'Adam'}. Best is trial 16 with value: 0.07596173094286812.
2026-05-11 15:30:33,057 - optuna.study.study - INFO - Trial 22 finished with value: 0.08010752120625701 and parameters: {'n_layers': 1, 'embedding_dim': 96, 'lr': 0.009677394436209035, 'lambda_val': 0.0010561219906127422, 'batch_size': 3650, 'optimizer': 'Adam'}. Best is trial 22 with value: 0.08010752120625701.
2026-05-11 15:31:03,966 - optuna.study.study - INFO - Trial 23 finished with value: 0.06029152034170981 and parameters: {'n_layers': 1, 'embedding_dim': 96, 'lr': 0.0026651303016410276, 'lambda_val': 0.0008964631030474546, 'batch_size': 3871, 'optimizer': 'Adam'}. Best is trial 22 with value: 0.08010752120625701.
2026-05-11 15:31:34,922 - optuna.study.study - INFO - Trial 24 finished with value: 0.051622687765451404 and parameters: {'n_layers': 1, 'embedding_dim': 96, 'lr': 0.0003669554763682385, 'lambda_val': 0.00210499486559941, 'batch_size': 3508, 'optimizer': 'Adam'}. Best is trial 22 with value: 0.08010752120625701.
2026-05-11 15:31:40,389 - optuna.study._optimize - INFO - Trial 25 pruned. 
2026-05-11 15:32:13,225 - optuna.study.study - INFO - Trial 26 finished with value: 0.04939287100508256 and parameters: {'n_layers': 1, 'embedding_dim': 96, 'lr': 0.0025833685923343946, 'lambda_val': 5.415488730956507e-05, 'batch_size': 2494, 'optimizer': 'Adam'}. Best is trial 22 with value: 0.08010752120625701.
2026-05-11 15:32:18,059 - optuna.study._optimize - INFO - Trial 27 pruned. 
2026-05-11 15:32:47,182 - optuna.study.study - INFO - Trial 28 finished with value: 0.05142249926670009 and parameters: {'n_layers': 1, 'embedding_dim': 96, 'lr': 0.0005352535401957482, 'lambda_val': 0.0010925834187943126, 'batch_size': 1571, 'optimizer': 'RMSprop'}. Best is trial 22 with value: 0.08010752120625701.
2026-05-11 15:32:51,357 - optuna.study._optimize - INFO - Trial 29 pruned. 
2026-05-11 15:32:56,506 - optuna.study._optimize - INFO - Trial 30 pruned. 
2026-05-11 15:33:27,299 - optuna.study.study - INFO - Trial 31 finished with value: 0.06177741314363004 and parameters: {'n_layers': 1, 'embedding_dim': 96, 'lr': 0.00839554854804395, 'lambda_val': 0.006585377390370634, 'batch_size': 3418, 'optimizer': 'Adam'}. Best is trial 22 with value: 0.08010752120625701.
2026-05-11 15:33:58,913 - optuna.study.study - INFO - Trial 32 finished with value: 0.0651779004497769 and parameters: {'n_layers': 1, 'embedding_dim': 96, 'lr': 0.0016969165070080405, 'lambda_val': 0.003731961442034373, 'batch_size': 3601, 'optimizer': 'Adam'}. Best is trial 22 with value: 0.08010752120625701.
2026-05-11 15:34:02,887 - optuna.study._optimize - INFO - Trial 33 pruned. 
2026-05-11 15:34:39,442 - optuna.study.study - INFO - Trial 34 finished with value: 0.08068469420029613 and parameters: {'n_layers': 1, 'embedding_dim': 256, 'lr': 0.0018551588897367285, 'lambda_val': 0.0023953599454466803, 'batch_size': 3839, 'optimizer': 'Adam'}. Best is trial 34 with value: 0.08068469420029613.
2026-05-11 15:34:45,024 - optuna.study._optimize - INFO - Trial 35 pruned. 
2026-05-11 15:35:22,125 - optuna.study.study - INFO - Trial 36 finished with value: 0.06559686850834623 and parameters: {'n_layers': 1, 'embedding_dim': 256, 'lr': 0.0006701259242841, 'lambda_val': 0.0006691948593911, 'batch_size': 3892, 'optimizer': 'Adam'}. Best is trial 34 with value: 0.08068469420029613.
2026-05-11 15:35:58,908 - optuna.study.study - INFO - Trial 37 finished with value: 0.0807795407670778 and parameters: {'n_layers': 1, 'embedding_dim': 256, 'lr': 0.0028911465374464227, 'lambda_val': 0.002511078329761702, 'batch_size': 3240, 'optimizer': 'Adam'}. Best is trial 37 with value: 0.0807795407670778.
2026-05-11 15:36:05,669 - optuna.study._optimize - INFO - Trial 38 pruned. 
2026-05-11 15:36:10,840 - optuna.study._optimize - INFO - Trial 39 pruned. 
2026-05-11 15:36:44,095 - optuna.study.study - INFO - Trial 40 finished with value: 0.03562662124696244 and parameters: {'n_layers': 1, 'embedding_dim': 32, 'lr': 0.0008178999258819483, 'lambda_val': 0.015268224207271662, 'batch_size': 2032, 'optimizer': 'Adam'}. Best is trial 37 with value: 0.0807795407670778.
2026-05-11 15:37:20,832 - optuna.study.study - INFO - Trial 41 finished with value: 0.0797549018693107 and parameters: {'n_layers': 1, 'embedding_dim': 256, 'lr': 0.005499174438071044, 'lambda_val': 0.003351273212170886, 'batch_size': 3491, 'optimizer': 'Adam'}. Best is trial 37 with value: 0.0807795407670778.
2026-05-11 15:37:58,014 - optuna.study.study - INFO - Trial 42 finished with value: 0.08099358743759087 and parameters: {'n_layers': 1, 'embedding_dim': 256, 'lr': 0.006641328511239694, 'lambda_val': 0.0035970001321952256, 'batch_size': 3463, 'optimizer': 'Adam'}. Best is trial 42 with value: 0.08099358743759087.
2026-05-11 15:38:02,751 - optuna.study._optimize - INFO - Trial 43 pruned. 
2026-05-11 15:38:39,550 - optuna.study.study - INFO - Trial 44 finished with value: 0.07681505060653179 and parameters: {'n_layers': 1, 'embedding_dim': 256, 'lr': 0.012756667353233598, 'lambda_val': 0.004191062520726601, 'batch_size': 3385, 'optimizer': 'Adam'}. Best is trial 42 with value: 0.08099358743759087.
2026-05-11 15:39:16,241 - optuna.study.study - INFO - Trial 45 finished with value: 0.06810033606962644 and parameters: {'n_layers': 1, 'embedding_dim': 256, 'lr': 0.0010435534695076196, 'lambda_val': 0.0016505053806185454, 'batch_size': 2921, 'optimizer': 'Adam'}. Best is trial 42 with value: 0.08099358743759087.
2026-05-11 15:39:41,440 - optuna.study._optimize - INFO - Trial 46 pruned. 
2026-05-11 15:39:46,920 - optuna.study._optimize - INFO - Trial 47 pruned. 
2026-05-11 15:39:54,427 - optuna.study._optimize - INFO - Trial 48 pruned. 
2026-05-11 15:39:58,355 - optuna.study._optimize - INFO - Trial 49 pruned. 
2026-05-11 15:40:34,105 - optuna.study.study - INFO - Trial 50 finished with value: 0.07630677771270233 and parameters: {'n_layers': 1, 'embedding_dim': 256, 'lr': 0.0020822373872323783, 'lambda_val': 0.004682778250442489, 'batch_size': 3088, 'optimizer': 'Adam'}. Best is trial 42 with value: 0.08099358743759087.
2026-05-11 15:40:41,176 - optuna.study._optimize - INFO - Trial 51 pruned. 
2026-05-11 15:41:18,087 - optuna.study.study - INFO - Trial 52 finished with value: 0.08011240436424984 and parameters: {'n_layers': 1, 'embedding_dim': 256, 'lr': 0.015055453451250183, 'lambda_val': 0.0021342454282429666, 'batch_size': 3403, 'optimizer': 'Adam'}. Best is trial 42 with value: 0.08099358743759087.
2026-05-11 15:42:14,841 - optuna.study.study - INFO - Trial 53 finished with value: 0.08319774642319953 and parameters: {'n_layers': 1, 'embedding_dim': 256, 'lr': 0.003455337061509196, 'lambda_val': 0.002269706346843821, 'batch_size': 3602, 'optimizer': 'Adam'}. Best is trial 53 with value: 0.08319774642319953.
2026-05-11 15:42:19,713 - optuna.study._optimize - INFO - Trial 54 pruned. 
2026-05-11 15:42:23,545 - optuna.study._optimize - INFO - Trial 55 pruned. 
2026-05-11 15:42:28,206 - optuna.study._optimize - INFO - Trial 56 pruned. 
2026-05-11 15:42:34,493 - optuna.study._optimize - INFO - Trial 57 pruned. 
2026-05-11 15:43:06,136 - optuna.study.study - INFO - Trial 58 finished with value: 0.07534368768212908 and parameters: {'n_layers': 1, 'embedding_dim': 128, 'lr': 0.002986356859949801, 'lambda_val': 0.0009771755188867752, 'batch_size': 3216, 'optimizer': 'Adam'}. Best is trial 53 with value: 0.08319774642319953.
2026-05-11 15:43:11,519 - optuna.study._optimize - INFO - Trial 59 pruned. 
2026-05-11 15:43:15,726 - optuna.study._optimize - INFO - Trial 60 pruned. 
2026-05-11 15:43:53,186 - optuna.study.study - INFO - Trial 61 finished with value: 0.08456653700273813 and parameters: {'n_layers': 1, 'embedding_dim': 256, 'lr': 0.005489096495027897, 'lambda_val': 0.003054246672239144, 'batch_size': 3413, 'optimizer': 'Adam'}. Best is trial 61 with value: 0.08456653700273813.
2026-05-11 15:44:29,181 - optuna.study.study - INFO - Trial 62 finished with value: 0.0796290105382334 and parameters: {'n_layers': 1, 'embedding_dim': 256, 'lr': 0.0011465032550168422, 'lambda_val': 0.0013415062130665643, 'batch_size': 3380, 'optimizer': 'Adam'}. Best is trial 61 with value: 0.08456653700273813.
2026-05-11 15:44:33,707 - optuna.study._optimize - INFO - Trial 63 pruned. 
2026-05-11 15:45:10,770 - optuna.study.study - INFO - Trial 64 finished with value: 0.0839168167333772 and parameters: {'n_layers': 1, 'embedding_dim': 256, 'lr': 0.008764385251178598, 'lambda_val': 0.002596811200081303, 'batch_size': 3751, 'optimizer': 'Adam'}. Best is trial 61 with value: 0.08456653700273813.
2026-05-11 15:45:47,165 - optuna.study.study - INFO - Trial 65 finished with value: 0.0713552224745717 and parameters: {'n_layers': 1, 'embedding_dim': 256, 'lr': 0.001977933475458907, 'lambda_val': 0.00521217845220501, 'batch_size': 4036, 'optimizer': 'Adam'}. Best is trial 61 with value: 0.08456653700273813.
2026-05-11 15:45:52,145 - optuna.study._optimize - INFO - Trial 66 pruned. 
2026-05-11 15:45:56,729 - optuna.study._optimize - INFO - Trial 67 pruned. 
2026-05-11 15:46:01,446 - optuna.study._optimize - INFO - Trial 68 pruned. 
2026-05-11 15:46:37,568 - optuna.study.study - INFO - Trial 69 finished with value: 0.0755306351112929 and parameters: {'n_layers': 1, 'embedding_dim': 256, 'lr': 0.007363775567953497, 'lambda_val': 0.00044930026555971, 'batch_size': 2825, 'optimizer': 'Adam'}. Best is trial 61 with value: 0.08456653700273813.
2026-05-11 15:46:42,173 - optuna.study._optimize - INFO - Trial 70 pruned. 
2026-05-11 15:46:46,580 - optuna.study._optimize - INFO - Trial 71 pruned. 
2026-05-11 15:47:24,349 - optuna.study.study - INFO - Trial 72 finished with value: 0.08411058029511043 and parameters: {'n_layers': 1, 'embedding_dim': 256, 'lr': 0.009488551178738093, 'lambda_val': 0.0007435917595014331, 'batch_size': 3722, 'optimizer': 'Adam'}. Best is trial 61 with value: 0.08456653700273813.
2026-05-11 15:48:01,135 - optuna.study.study - INFO - Trial 73 finished with value: 0.08044422453961986 and parameters: {'n_layers': 1, 'embedding_dim': 256, 'lr': 0.008861851885166567, 'lambda_val': 0.0007908696318191819, 'batch_size': 3281, 'optimizer': 'Adam'}. Best is trial 61 with value: 0.08456653700273813.
2026-05-11 15:48:08,105 - optuna.study._optimize - INFO - Trial 74 pruned. 
2026-05-11 15:48:44,517 - optuna.study.study - INFO - Trial 75 finished with value: 0.07230228075322183 and parameters: {'n_layers': 1, 'embedding_dim': 256, 'lr': 0.0032013169009867132, 'lambda_val': 0.000250321591066417, 'batch_size': 3820, 'optimizer': 'Adam'}. Best is trial 61 with value: 0.08456653700273813.
2026-05-11 15:49:00,243 - optuna.study._optimize - INFO - Trial 76 pruned. 
2026-05-11 15:49:36,626 - optuna.study.study - INFO - Trial 77 finished with value: 0.08682483764771703 and parameters: {'n_layers': 1, 'embedding_dim': 256, 'lr': 0.010807065554744298, 'lambda_val': 0.0015495189591335711, 'batch_size': 3718, 'optimizer': 'Adam'}. Best is trial 77 with value: 0.08682483764771703.
2026-05-11 15:49:41,116 - optuna.study._optimize - INFO - Trial 78 pruned. 
2026-05-11 15:50:18,003 - optuna.study.study - INFO - Trial 79 finished with value: 0.08247479132961791 and parameters: {'n_layers': 1, 'embedding_dim': 256, 'lr': 0.002342217818498148, 'lambda_val': 0.0014018751736643226, 'batch_size': 3982, 'optimizer': 'Adam'}. Best is trial 77 with value: 0.08682483764771703.
2026-05-11 15:50:22,462 - optuna.study._optimize - INFO - Trial 80 pruned. 
2026-05-11 15:50:58,724 - optuna.study.study - INFO - Trial 81 finished with value: 0.08193510163877446 and parameters: {'n_layers': 1, 'embedding_dim': 256, 'lr': 0.0022779029166638265, 'lambda_val': 0.0017282982483495196, 'batch_size': 3870, 'optimizer': 'Adam'}. Best is trial 77 with value: 0.08682483764771703.
2026-05-11 15:51:34,417 - optuna.study.study - INFO - Trial 82 finished with value: 0.08291958876100983 and parameters: {'n_layers': 1, 'embedding_dim': 256, 'lr': 0.0028347396395247853, 'lambda_val': 0.0017936339924980193, 'batch_size': 3961, 'optimizer': 'Adam'}. Best is trial 77 with value: 0.08682483764771703.
2026-05-11 15:52:10,504 - optuna.study.study - INFO - Trial 83 finished with value: 0.0690438345992845 and parameters: {'n_layers': 1, 'embedding_dim': 256, 'lr': 0.000807732273005434, 'lambda_val': 0.001815249260406562, 'batch_size': 3958, 'optimizer': 'Adam'}. Best is trial 77 with value: 0.08682483764771703.
2026-05-11 15:52:46,001 - optuna.study.study - INFO - Trial 84 finished with value: 0.07446483668037378 and parameters: {'n_layers': 1, 'embedding_dim': 256, 'lr': 0.00237002874741606, 'lambda_val': 0.0005610554092066552, 'batch_size': 3883, 'optimizer': 'Adam'}. Best is trial 77 with value: 0.08682483764771703.
2026-05-11 15:53:22,054 - optuna.study.study - INFO - Trial 85 finished with value: 0.08547181103359244 and parameters: {'n_layers': 1, 'embedding_dim': 256, 'lr': 0.011538765026997438, 'lambda_val': 0.0012756282296445735, 'batch_size': 4084, 'optimizer': 'Adam'}. Best is trial 77 with value: 0.08682483764771703.
2026-05-11 15:53:25,181 - optuna.study._optimize - INFO - Trial 86 pruned. 
2026-05-11 15:53:29,731 - optuna.study._optimize - INFO - Trial 87 pruned. 
2026-05-11 15:53:34,746 - optuna.study._optimize - INFO - Trial 88 pruned. 
2026-05-11 15:54:01,008 - optuna.study.study - INFO - Trial 89 finished with value: 0.08045433785655703 and parameters: {'n_layers': 1, 'embedding_dim': 128, 'lr': 0.005418386574074129, 'lambda_val': 0.0016628140336594959, 'batch_size': 3859, 'optimizer': 'Adam'}. Best is trial 77 with value: 0.08682483764771703.
2026-05-11 15:54:06,096 - optuna.study._optimize - INFO - Trial 90 pruned. 
2026-05-11 15:54:10,389 - optuna.study._optimize - INFO - Trial 91 pruned. 
2026-05-11 15:54:16,675 - optuna.study._optimize - INFO - Trial 92 pruned. 
2026-05-11 15:54:21,042 - optuna.study._optimize - INFO - Trial 93 pruned. 
2026-05-11 15:54:56,425 - optuna.study.study - INFO - Trial 94 finished with value: 0.08038392126216842 and parameters: {'n_layers': 1, 'embedding_dim': 256, 'lr': 0.010023035933673163, 'lambda_val': 0.0029489530688923482, 'batch_size': 4000, 'optimizer': 'Adam'}. Best is trial 77 with value: 0.08682483764771703.
2026-05-11 15:55:31,084 - optuna.study.study - INFO - Trial 95 finished with value: 0.08810055601370238 and parameters: {'n_layers': 1, 'embedding_dim': 256, 'lr': 0.00672603102941191, 'lambda_val': 0.001549759015538004, 'batch_size': 3903, 'optimizer': 'Adam'}. Best is trial 95 with value: 0.08810055601370238.
2026-05-11 15:56:06,563 - optuna.study.study - INFO - Trial 96 finished with value: 0.07668315012673015 and parameters: {'n_layers': 1, 'embedding_dim': 256, 'lr': 0.0015383974843026663, 'lambda_val': 0.0009060781241117249, 'batch_size': 3902, 'optimizer': 'Adam'}. Best is trial 95 with value: 0.08810055601370238.
2026-05-11 15:56:27,940 - optuna.study._optimize - INFO - Trial 97 pruned. 
2026-05-11 15:56:32,213 - optuna.study._optimize - INFO - Trial 98 pruned. 
2026-05-11 15:56:36,780 - optuna.study._optimize - INFO - Trial 99 pruned. 
2026-05-11 15:57:12,692 - optuna.study.study - INFO - Trial 100 finished with value: 0.08076373190633496 and parameters: {'n_layers': 1, 'embedding_dim': 256, 'lr': 0.004845419417756037, 'lambda_val': 0.0005738699925308649, 'batch_size': 3985, 'optimizer': 'Adam'}. Best is trial 95 with value: 0.08810055601370238.
2026-05-11 15:57:48,736 - optuna.study.study - INFO - Trial 101 finished with value: 0.08320832461250047 and parameters: {'n_layers': 1, 'embedding_dim': 256, 'lr': 0.006927489388276254, 'lambda_val': 0.0025839382814897773, 'batch_size': 3552, 'optimizer': 'Adam'}. Best is trial 95 with value: 0.08810055601370238.
2026-05-11 15:58:21,332 - optuna.study.study - INFO - Trial 102 finished with value: 0.08495468192013018 and parameters: {'n_layers': 1, 'embedding_dim': 256, 'lr': 0.007403987877361231, 'lambda_val': 0.0021034538643941044, 'batch_size': 3585, 'optimizer': 'Adam'}. Best is trial 95 with value: 0.08810055601370238.
2026-05-11 15:58:57,287 - optuna.study.study - INFO - Trial 103 finished with value: 0.08430704660567795 and parameters: {'n_layers': 1, 'embedding_dim': 256, 'lr': 0.012890198729361044, 'lambda_val': 0.0025904002665451922, 'batch_size': 3645, 'optimizer': 'Adam'}. Best is trial 95 with value: 0.08810055601370238.
2026-05-11 15:59:01,765 - optuna.study._optimize - INFO - Trial 104 pruned. 
2026-05-11 15:59:06,150 - optuna.study._optimize - INFO - Trial 105 pruned. 
2026-05-11 15:59:10,458 - optuna.study._optimize - INFO - Trial 106 pruned. 
2026-05-11 15:59:51,135 - optuna.study.study - INFO - Trial 107 finished with value: 0.08627520203630584 and parameters: {'n_layers': 1, 'embedding_dim': 256, 'lr': 0.007277299013557828, 'lambda_val': 0.001034121731786227, 'batch_size': 3767, 'optimizer': 'Adam'}. Best is trial 95 with value: 0.08810055601370238.
2026-05-11 15:59:56,203 - optuna.study._optimize - INFO - Trial 108 pruned. 
2026-05-11 16:00:32,132 - optuna.study.study - INFO - Trial 109 finished with value: 0.08652581518888189 and parameters: {'n_layers': 1, 'embedding_dim': 256, 'lr': 0.007854175418906838, 'lambda_val': 0.0006618046343398878, 'batch_size': 3618, 'optimizer': 'Adam'}. Best is trial 95 with value: 0.08810055601370238.
2026-05-11 16:00:39,376 - optuna.study._optimize - INFO - Trial 110 pruned. 
2026-05-11 16:01:33,015 - optuna.study.study - INFO - Trial 111 finished with value: 0.08072781357546606 and parameters: {'n_layers': 1, 'embedding_dim': 256, 'lr': 0.007610422576044294, 'lambda_val': 0.000620609694454597, 'batch_size': 3548, 'optimizer': 'Adam'}. Best is trial 95 with value: 0.08810055601370238.
2026-05-11 16:02:08,382 - optuna.study.study - INFO - Trial 112 finished with value: 0.07675554220906546 and parameters: {'n_layers': 1, 'embedding_dim': 256, 'lr': 0.009087074903565528, 'lambda_val': 0.001126575829567393, 'batch_size': 3606, 'optimizer': 'Adam'}. Best is trial 95 with value: 0.08810055601370238.
2026-05-11 16:02:12,753 - optuna.study._optimize - INFO - Trial 113 pruned. 
2026-05-11 16:02:50,832 - optuna.study.study - INFO - Trial 114 finished with value: 0.08612548299078587 and parameters: {'n_layers': 1, 'embedding_dim': 256, 'lr': 0.007549532989373819, 'lambda_val': 0.002806689559113337, 'batch_size': 3471, 'optimizer': 'Adam'}. Best is trial 95 with value: 0.08810055601370238.
2026-05-11 16:02:54,862 - optuna.study._optimize - INFO - Trial 115 pruned. 
2026-05-11 16:02:59,421 - optuna.study._optimize - INFO - Trial 116 pruned. 
2026-05-11 16:03:38,954 - optuna.study.study - INFO - Trial 117 finished with value: 0.08147995007822392 and parameters: {'n_layers': 1, 'embedding_dim': 256, 'lr': 0.007935639871784837, 'lambda_val': 0.0013493973627651925, 'batch_size': 3725, 'optimizer': 'Adam'}. Best is trial 95 with value: 0.08810055601370238.
2026-05-11 16:03:43,193 - optuna.study._optimize - INFO - Trial 118 pruned. 
2026-05-11 16:03:47,865 - optuna.study._optimize - INFO - Trial 119 pruned. 
2026-05-11 16:03:52,146 - optuna.study._optimize - INFO - Trial 120 pruned. 
2026-05-11 16:04:28,320 - optuna.study.study - INFO - Trial 121 finished with value: 0.08359621824926539 and parameters: {'n_layers': 1, 'embedding_dim': 256, 'lr': 0.005144902244511452, 'lambda_val': 0.002526225877242996, 'batch_size': 3620, 'optimizer': 'Adam'}. Best is trial 95 with value: 0.08810055601370238.
2026-05-11 16:05:04,330 - optuna.study.study - INFO - Trial 122 finished with value: 0.08374336381139204 and parameters: {'n_layers': 1, 'embedding_dim': 256, 'lr': 0.00512863260995995, 'lambda_val': 0.0031595103623023894, 'batch_size': 3642, 'optimizer': 'Adam'}. Best is trial 95 with value: 0.08810055601370238.
2026-05-11 16:05:40,165 - optuna.study.study - INFO - Trial 123 finished with value: 0.08207491175529469 and parameters: {'n_layers': 1, 'embedding_dim': 256, 'lr': 0.004957224966218039, 'lambda_val': 0.0037101072217396508, 'batch_size': 3694, 'optimizer': 'Adam'}. Best is trial 95 with value: 0.08810055601370238.
2026-05-11 16:06:16,170 - optuna.study.study - INFO - Trial 124 finished with value: 0.0877076720588513 and parameters: {'n_layers': 1, 'embedding_dim': 256, 'lr': 0.009495886686895725, 'lambda_val': 0.0014708177764902514, 'batch_size': 3619, 'optimizer': 'Adam'}. Best is trial 95 with value: 0.08810055601370238.
2026-05-11 16:06:52,162 - optuna.study.study - INFO - Trial 125 finished with value: 0.08280762902035857 and parameters: {'n_layers': 1, 'embedding_dim': 256, 'lr': 0.009615373184863281, 'lambda_val': 0.0014235727170219788, 'batch_size': 3799, 'optimizer': 'Adam'}. Best is trial 95 with value: 0.08810055601370238.
2026-05-11 16:06:57,688 - optuna.study._optimize - INFO - Trial 126 pruned. 
2026-05-11 16:07:33,310 - optuna.study.study - INFO - Trial 127 finished with value: 0.08122677762532424 and parameters: {'n_layers': 1, 'embedding_dim': 256, 'lr': 0.008780366468523253, 'lambda_val': 0.0011062082141057828, 'batch_size': 3635, 'optimizer': 'RMSprop'}. Best is trial 95 with value: 0.08810055601370238.
2026-05-11 16:07:37,250 - optuna.study._optimize - INFO - Trial 128 pruned. 
2026-05-11 16:07:41,358 - optuna.study._optimize - INFO - Trial 129 pruned. 
2026-05-11 16:07:45,763 - optuna.study._optimize - INFO - Trial 130 pruned. 
2026-05-11 16:08:21,461 - optuna.study.study - INFO - Trial 131 finished with value: 0.08544088997748715 and parameters: {'n_layers': 1, 'embedding_dim': 256, 'lr': 0.005514603144845913, 'lambda_val': 0.0031008221563593483, 'batch_size': 3529, 'optimizer': 'Adam'}. Best is trial 95 with value: 0.08810055601370238.
2026-05-11 16:08:25,798 - optuna.study._optimize - INFO - Trial 132 pruned. 
2026-05-11 16:08:47,720 - optuna.study._optimize - INFO - Trial 133 pruned. 
2026-05-11 16:09:23,241 - optuna.study.study - INFO - Trial 134 finished with value: 0.08501049863307708 and parameters: {'n_layers': 1, 'embedding_dim': 256, 'lr': 0.008792131266928039, 'lambda_val': 0.001581676129039069, 'batch_size': 3499, 'optimizer': 'Adam'}. Best is trial 95 with value: 0.08810055601370238.
2026-05-11 16:09:27,817 - optuna.study._optimize - INFO - Trial 135 pruned. 
2026-05-11 16:10:03,767 - optuna.study.study - INFO - Trial 136 finished with value: 0.08713521071747476 and parameters: {'n_layers': 1, 'embedding_dim': 256, 'lr': 0.00828427055006469, 'lambda_val': 0.0016934208516618887, 'batch_size': 3515, 'optimizer': 'Adam'}. Best is trial 95 with value: 0.08810055601370238.
2026-05-11 16:10:39,690 - optuna.study.study - INFO - Trial 137 finished with value: 0.08180750257426254 and parameters: {'n_layers': 1, 'embedding_dim': 256, 'lr': 0.007741253892284343, 'lambda_val': 0.0017432752122019306, 'batch_size': 3324, 'optimizer': 'Adam'}. Best is trial 95 with value: 0.08810055601370238.
2026-05-11 16:10:44,898 - optuna.study._optimize - INFO - Trial 138 pruned. 
2026-05-11 16:10:50,262 - optuna.study._optimize - INFO - Trial 139 pruned. 
2026-05-11 16:10:54,896 - optuna.study._optimize - INFO - Trial 140 pruned. 
2026-05-11 16:11:30,529 - optuna.study.study - INFO - Trial 141 finished with value: 0.08145474725157227 and parameters: {'n_layers': 1, 'embedding_dim': 256, 'lr': 0.008777364780231228, 'lambda_val': 0.002016749928415135, 'batch_size': 3713, 'optimizer': 'Adam'}. Best is trial 95 with value: 0.08810055601370238.
2026-05-11 16:11:35,177 - optuna.study._optimize - INFO - Trial 142 pruned. 
2026-05-11 16:12:21,047 - optuna.study.study - INFO - Trial 143 finished with value: 0.08133290204144264 and parameters: {'n_layers': 1, 'embedding_dim': 256, 'lr': 0.00934950571251194, 'lambda_val': 0.0023602481274613255, 'batch_size': 3660, 'optimizer': 'Adam'}. Best is trial 95 with value: 0.08810055601370238.
2026-05-11 16:12:25,540 - optuna.study._optimize - INFO - Trial 144 pruned. 
2026-05-11 16:12:30,440 - optuna.study._optimize - INFO - Trial 145 pruned. 
2026-05-11 16:12:34,718 - optuna.study._optimize - INFO - Trial 146 pruned. 
2026-05-11 16:13:10,375 - optuna.study.study - INFO - Trial 147 finished with value: 0.0842484635488572 and parameters: {'n_layers': 1, 'embedding_dim': 256, 'lr': 0.010577275211659465, 'lambda_val': 0.0006015843656088794, 'batch_size': 3001, 'optimizer': 'Adam'}. Best is trial 95 with value: 0.08810055601370238.
2026-05-11 16:13:16,083 - optuna.study._optimize - INFO - Trial 148 pruned. 
2026-05-11 16:13:20,713 - optuna.study._optimize - INFO - Trial 149 pruned. 
2026-05-11 16:13:25,018 - optuna.study._optimize - INFO - Trial 150 pruned. 
2026-05-11 16:13:32,351 - optuna.study._optimize - INFO - Trial 151 pruned. 
2026-05-11 16:14:11,100 - optuna.study.study - INFO - Trial 152 finished with value: 0.08169593629841967 and parameters: {'n_layers': 1, 'embedding_dim': 256, 'lr': 0.008139987727819051, 'lambda_val': 0.00216340847649095, 'batch_size': 3608, 'optimizer': 'Adam'}. Best is trial 95 with value: 0.08810055601370238.
2026-05-11 16:14:28,633 - optuna.study._optimize - INFO - Trial 153 pruned. 
2026-05-11 16:14:33,588 - optuna.study._optimize - INFO - Trial 154 pruned. 
2026-05-11 16:14:38,144 - optuna.study._optimize - INFO - Trial 155 pruned. 
2026-05-11 16:14:44,227 - optuna.study._optimize - INFO - Trial 156 pruned. 
2026-05-11 16:14:57,973 - optuna.study._optimize - INFO - Trial 157 pruned. 
2026-05-11 16:15:04,026 - optuna.study._optimize - INFO - Trial 158 pruned. 
2026-05-11 16:15:07,923 - optuna.study._optimize - INFO - Trial 159 pruned. 
2026-05-11 16:15:11,994 - optuna.study._optimize - INFO - Trial 160 pruned. 
2026-05-11 16:15:46,114 - optuna.study.study - INFO - Trial 161 finished with value: 0.0837024273644498 and parameters: {'n_layers': 1, 'embedding_dim': 256, 'lr': 0.004679753861077688, 'lambda_val': 0.003072415736929945, 'batch_size': 3589, 'optimizer': 'Adam'}. Best is trial 95 with value: 0.08810055601370238.
2026-05-11 16:16:22,977 - optuna.study.study - INFO - Trial 162 finished with value: 0.07747676719306416 and parameters: {'n_layers': 1, 'embedding_dim': 256, 'lr': 0.0071680960406375616, 'lambda_val': 0.003914204113918858, 'batch_size': 3454, 'optimizer': 'Adam'}. Best is trial 95 with value: 0.08810055601370238.
2026-05-11 16:16:27,826 - optuna.study._optimize - INFO - Trial 163 pruned. 
2026-05-11 16:17:07,589 - optuna.study.study - INFO - Trial 164 finished with value: 0.0885766167527261 and parameters: {'n_layers': 1, 'embedding_dim': 256, 'lr': 0.005248169494463933, 'lambda_val': 0.0016339114087967584, 'batch_size': 3615, 'optimizer': 'Adam'}. Best is trial 164 with value: 0.0885766167527261.
2026-05-11 16:17:46,833 - optuna.study.study - INFO - Trial 165 finished with value: 0.08421948062253341 and parameters: {'n_layers': 1, 'embedding_dim': 256, 'lr': 0.009738780822762933, 'lambda_val': 0.0016170283223928194, 'batch_size': 3745, 'optimizer': 'Adam'}. Best is trial 164 with value: 0.0885766167527261.
2026-05-11 16:17:52,675 - optuna.study._optimize - INFO - Trial 166 pruned. 
2026-05-11 16:18:33,243 - optuna.study.study - INFO - Trial 167 finished with value: 0.08252792299857717 and parameters: {'n_layers': 1, 'embedding_dim': 256, 'lr': 0.009932922823201285, 'lambda_val': 0.0010716113267163127, 'batch_size': 3741, 'optimizer': 'Adam'}. Best is trial 164 with value: 0.0885766167527261.
2026-05-11 16:19:10,399 - optuna.study.study - INFO - Trial 168 finished with value: 0.08219497073072513 and parameters: {'n_layers': 1, 'embedding_dim': 256, 'lr': 0.0062515678725889295, 'lambda_val': 0.001679916133992078, 'batch_size': 3497, 'optimizer': 'Adam'}. Best is trial 164 with value: 0.0885766167527261.
2026-05-11 16:19:52,540 - optuna.study.study - INFO - Trial 169 finished with value: 0.06385717035245075 and parameters: {'n_layers': 1, 'embedding_dim': 256, 'lr': 0.0003619504762448117, 'lambda_val': 0.0008197457599493067, 'batch_size': 3846, 'optimizer': 'Adam'}. Best is trial 164 with value: 0.0885766167527261.
2026-05-11 16:20:30,198 - optuna.study.study - INFO - Trial 170 finished with value: 0.08263934620391267 and parameters: {'n_layers': 1, 'embedding_dim': 256, 'lr': 0.007777234132018663, 'lambda_val': 0.002169092815277674, 'batch_size': 3613, 'optimizer': 'Adam'}. Best is trial 164 with value: 0.0885766167527261.
2026-05-11 16:21:07,321 - optuna.study.study - INFO - Trial 171 finished with value: 0.08193447895436264 and parameters: {'n_layers': 1, 'embedding_dim': 256, 'lr': 0.011545210996320396, 'lambda_val': 0.001627443287127457, 'batch_size': 3740, 'optimizer': 'Adam'}. Best is trial 164 with value: 0.0885766167527261.
2026-05-11 16:21:45,668 - optuna.study.study - INFO - Trial 172 finished with value: 0.08494318704999296 and parameters: {'n_layers': 1, 'embedding_dim': 256, 'lr': 0.007648854218215048, 'lambda_val': 0.00240404495228262, 'batch_size': 3921, 'optimizer': 'Adam'}. Best is trial 164 with value: 0.0885766167527261.
2026-05-11 16:22:25,500 - optuna.study.study - INFO - Trial 173 finished with value: 0.08563150636602754 and parameters: {'n_layers': 1, 'embedding_dim': 256, 'lr': 0.008308123405338505, 'lambda_val': 0.0012009935833152332, 'batch_size': 3946, 'optimizer': 'Adam'}. Best is trial 164 with value: 0.0885766167527261.
2026-05-11 16:22:32,349 - optuna.study._optimize - INFO - Trial 174 pruned. 
2026-05-11 16:23:10,963 - optuna.study.study - INFO - Trial 175 finished with value: 0.09052736278477584 and parameters: {'n_layers': 1, 'embedding_dim': 256, 'lr': 0.005666799239526456, 'lambda_val': 0.002014568074182883, 'batch_size': 3911, 'optimizer': 'Adam'}. Best is trial 175 with value: 0.09052736278477584.
2026-05-11 16:23:14,964 - optuna.study._optimize - INFO - Trial 176 pruned. 
2026-05-11 16:23:19,278 - optuna.study._optimize - INFO - Trial 177 pruned. 
2026-05-11 16:23:24,299 - optuna.study._optimize - INFO - Trial 178 pruned. 
2026-05-11 16:24:10,171 - optuna.study.study - INFO - Trial 179 finished with value: 0.0847185540637605 and parameters: {'n_layers': 1, 'embedding_dim': 256, 'lr': 0.005664033304680439, 'lambda_val': 0.000940245562268874, 'batch_size': 3945, 'optimizer': 'Adam'}. Best is trial 175 with value: 0.09052736278477584.
2026-05-11 16:24:46,475 - optuna.study.study - INFO - Trial 180 finished with value: 0.08144106236361594 and parameters: {'n_layers': 1, 'embedding_dim': 256, 'lr': 0.003985103674768308, 'lambda_val': 0.0010074145554081766, 'batch_size': 3891, 'optimizer': 'Adam'}. Best is trial 175 with value: 0.09052736278477584.
2026-05-11 16:25:23,076 - optuna.study.study - INFO - Trial 181 finished with value: 0.08442841065859041 and parameters: {'n_layers': 1, 'embedding_dim': 256, 'lr': 0.005891448698549108, 'lambda_val': 0.0013796337216519766, 'batch_size': 3934, 'optimizer': 'Adam'}. Best is trial 175 with value: 0.09052736278477584.
2026-05-11 16:25:58,712 - optuna.study.study - INFO - Trial 182 finished with value: 0.08540175853930745 and parameters: {'n_layers': 1, 'embedding_dim': 256, 'lr': 0.005724123995985845, 'lambda_val': 0.0013252190057415696, 'batch_size': 3934, 'optimizer': 'Adam'}. Best is trial 175 with value: 0.09052736278477584.
2026-05-11 16:26:34,853 - optuna.study.study - INFO - Trial 183 finished with value: 0.08520153249185276 and parameters: {'n_layers': 1, 'embedding_dim': 256, 'lr': 0.004944067789311344, 'lambda_val': 0.0013760233799332796, 'batch_size': 3947, 'optimizer': 'Adam'}. Best is trial 175 with value: 0.09052736278477584.
2026-05-11 16:27:10,567 - optuna.study.study - INFO - Trial 184 finished with value: 0.08145864503231239 and parameters: {'n_layers': 1, 'embedding_dim': 256, 'lr': 0.0047274457575780205, 'lambda_val': 0.00184142050014385, 'batch_size': 4029, 'optimizer': 'Adam'}. Best is trial 175 with value: 0.09052736278477584.
2026-05-11 16:27:46,309 - optuna.study.study - INFO - Trial 185 finished with value: 0.08090352941189494 and parameters: {'n_layers': 1, 'embedding_dim': 256, 'lr': 0.0032471941476157895, 'lambda_val': 0.001258530506950601, 'batch_size': 3935, 'optimizer': 'Adam'}. Best is trial 175 with value: 0.09052736278477584.
2026-05-11 16:27:57,079 - optuna.study._optimize - INFO - Trial 186 pruned. 
2026-05-11 16:28:07,153 - optuna.study._optimize - INFO - Trial 187 pruned. 
2026-05-11 16:28:41,062 - optuna.study.study - INFO - Trial 188 finished with value: 0.08417753150462 and parameters: {'n_layers': 1, 'embedding_dim': 256, 'lr': 0.005894489189666157, 'lambda_val': 0.0018379924232800892, 'batch_size': 4081, 'optimizer': 'RMSprop'}. Best is trial 175 with value: 0.09052736278477584.
2026-05-11 16:28:46,830 - optuna.study._optimize - INFO - Trial 189 pruned. 
2026-05-11 16:29:23,313 - optuna.study.study - INFO - Trial 190 finished with value: 0.0860623882311565 and parameters: {'n_layers': 1, 'embedding_dim': 256, 'lr': 0.00816589113991208, 'lambda_val': 0.001500443296683086, 'batch_size': 3835, 'optimizer': 'Adam'}. Best is trial 175 with value: 0.09052736278477584.
2026-05-11 16:29:59,549 - optuna.study.study - INFO - Trial 191 finished with value: 0.0908249562513113 and parameters: {'n_layers': 1, 'embedding_dim': 256, 'lr': 0.008137252677662393, 'lambda_val': 0.0015141719518371574, 'batch_size': 3805, 'optimizer': 'Adam'}. Best is trial 191 with value: 0.0908249562513113.
2026-05-11 16:30:03,983 - optuna.study._optimize - INFO - Trial 192 pruned. 
2026-05-11 16:30:39,894 - optuna.study.study - INFO - Trial 193 finished with value: 0.08514900882333208 and parameters: {'n_layers': 1, 'embedding_dim': 256, 'lr': 0.006955914458520244, 'lambda_val': 0.0009239938080671519, 'batch_size': 3999, 'optimizer': 'Adam'}. Best is trial 191 with value: 0.0908249562513113.
2026-05-11 16:31:16,474 - optuna.study.study - INFO - Trial 194 finished with value: 0.08678989015153558 and parameters: {'n_layers': 1, 'embedding_dim': 256, 'lr': 0.007162831534433823, 'lambda_val': 0.0016117597084562246, 'batch_size': 3847, 'optimizer': 'Adam'}. Best is trial 191 with value: 0.0908249562513113.
2026-05-11 16:31:52,746 - optuna.study.study - INFO - Trial 195 finished with value: 0.08637326800646401 and parameters: {'n_layers': 1, 'embedding_dim': 256, 'lr': 0.0066727210756903675, 'lambda_val': 0.001224760808900962, 'batch_size': 3809, 'optimizer': 'Adam'}. Best is trial 191 with value: 0.0908249562513113.
2026-05-11 16:32:29,198 - optuna.study.study - INFO - Trial 196 finished with value: 0.08440317720867908 and parameters: {'n_layers': 1, 'embedding_dim': 256, 'lr': 0.006730789146146045, 'lambda_val': 0.0011921618933417367, 'batch_size': 3829, 'optimizer': 'Adam'}. Best is trial 191 with value: 0.0908249562513113.
2026-05-11 16:33:05,451 - optuna.study.study - INFO - Trial 197 finished with value: 0.0791786104598675 and parameters: {'n_layers': 1, 'embedding_dim': 256, 'lr': 0.008288961438229516, 'lambda_val': 0.0008199065308393289, 'batch_size': 4011, 'optimizer': 'Adam'}. Best is trial 191 with value: 0.0908249562513113.
2026-05-11 16:33:10,324 - optuna.study._optimize - INFO - Trial 198 pruned. 
2026-05-11 16:33:14,298 - optuna.study._optimize - INFO - Trial 199 pruned. 
