2026-05-19 16:19:19,903 - root - INFO - **** Training e_100K_full
2026-05-19 16:19:19,926 - helper_functions - INFO - Users: 610, Items: 9742
2026-05-19 16:19:20,056 - helper_functions - INFO - Edge index: torch.Size([2, 100836])
2026-05-19 16:19:20,056 - root - INFO - **** Generating the graph:
2026-05-19 16:19:20,139 - helper_functions - INFO - Number of unique users: 610
2026-05-19 16:19:20,140 - helper_functions - INFO - Number of unique items: 9724
2026-05-19 16:19:20,140 - helper_functions - INFO - Number of nodes: 10334
2026-05-19 16:19:20,141 - helper_functions - INFO - Number of edges: 100836
2026-05-19 16:19:22,718 - optuna.storages._rdb.storage - INFO - A new study created in RDB with name: Study_e_100K_full
2026-05-19 16:19:51,012 - optuna.study.study - INFO - Trial 0 finished with value: 0.03435828168172815 and parameters: {'n_layers': 3, 'embedding_dim': 128, 'lr': 8.241613050242091e-05, 'lambda_val': 5.36262879275962e-05, 'batch_size': 611, 'optimizer': 'RMSprop'}. Best is trial 0 with value: 0.03435828168172815.
2026-05-19 16:19:55,874 - experiment_functions - INFO - Early stopping at epoch 600. Best Recall: 0.0140
2026-05-19 16:19:55,995 - optuna.study.study - INFO - Trial 1 finished with value: 0.01401254059347407 and parameters: {'n_layers': 4, 'embedding_dim': 64, 'lr': 0.0036668915075860893, 'lambda_val': 0.017184343666751287, 'batch_size': 1653, 'optimizer': 'Adam'}. Best is trial 0 with value: 0.03435828168172815.
2026-05-19 16:19:59,956 - experiment_functions - INFO - Early stopping at epoch 550. Best Recall: 0.0583
2026-05-19 16:20:00,107 - optuna.study.study - INFO - Trial 2 finished with value: 0.058288515018596165 and parameters: {'n_layers': 2, 'embedding_dim': 64, 'lr': 0.003740427448446405, 'lambda_val': 5.8558803707621804e-06, 'batch_size': 2424, 'optimizer': 'Adam'}. Best is trial 2 with value: 0.058288515018596165.
2026-05-19 16:20:30,103 - experiment_functions - INFO - Early stopping at epoch 2900. Best Recall: 0.0077
2026-05-19 16:20:30,214 - optuna.study.study - INFO - Trial 3 finished with value: 0.007687107359108471 and parameters: {'n_layers': 4, 'embedding_dim': 96, 'lr': 3.9650574337223046e-05, 'lambda_val': 0.002938315600343282, 'batch_size': 836, 'optimizer': 'Adam'}. Best is trial 2 with value: 0.058288515018596165.
2026-05-19 16:20:35,880 - experiment_functions - INFO - Early stopping at epoch 550. Best Recall: 0.0202
2026-05-19 16:20:35,990 - optuna.study.study - INFO - Trial 4 finished with value: 0.020245221459021148 and parameters: {'n_layers': 4, 'embedding_dim': 256, 'lr': 0.0321176789857424, 'lambda_val': 1.1401807976554831e-05, 'batch_size': 1461, 'optimizer': 'Adam'}. Best is trial 2 with value: 0.058288515018596165.
2026-05-19 16:20:39,992 - experiment_functions - INFO - Early stopping at epoch 500. Best Recall: 0.0009
2026-05-19 16:20:40,093 - optuna.study.study - INFO - Trial 5 finished with value: 0.0009135607877643918 and parameters: {'n_layers': 2, 'embedding_dim': 32, 'lr': 0.0002827064417960182, 'lambda_val': 0.007505059324212598, 'batch_size': 3709, 'optimizer': 'SGD'}. Best is trial 2 with value: 0.058288515018596165.
2026-05-19 16:20:43,644 - experiment_functions - INFO - Early stopping at epoch 500. Best Recall: 0.0016
2026-05-19 16:20:43,746 - optuna.study.study - INFO - Trial 6 finished with value: 0.0015884753250005098 and parameters: {'n_layers': 1, 'embedding_dim': 32, 'lr': 0.00012427173145045429, 'lambda_val': 1.3686771351153158e-06, 'batch_size': 1201, 'optimizer': 'SGD'}. Best is trial 2 with value: 0.058288515018596165.
2026-05-19 16:20:47,767 - experiment_functions - INFO - Early stopping at epoch 550. Best Recall: 0.0745
2026-05-19 16:20:47,860 - optuna.study.study - INFO - Trial 7 finished with value: 0.07448967238893771 and parameters: {'n_layers': 2, 'embedding_dim': 96, 'lr': 0.0042511628399122085, 'lambda_val': 0.002869362914004657, 'batch_size': 2742, 'optimizer': 'Adam'}. Best is trial 7 with value: 0.07448967238893771.
2026-05-19 16:20:56,575 - experiment_functions - INFO - Early stopping at epoch 1000. Best Recall: 0.0227
2026-05-19 16:20:56,674 - optuna.study.study - INFO - Trial 8 finished with value: 0.02269522697655493 and parameters: {'n_layers': 4, 'embedding_dim': 128, 'lr': 0.04763468772081833, 'lambda_val': 8.908350070437321e-06, 'batch_size': 3320, 'optimizer': 'Adam'}. Best is trial 7 with value: 0.07448967238893771.
2026-05-19 16:21:05,816 - experiment_functions - INFO - Early stopping at epoch 500. Best Recall: 0.0016
2026-05-19 16:21:06,578 - optuna.study.study - INFO - Trial 9 finished with value: 0.0015615805393975313 and parameters: {'n_layers': 4, 'embedding_dim': 128, 'lr': 0.0892028109145799, 'lambda_val': 0.008885585253444987, 'batch_size': 1015, 'optimizer': 'SGD'}. Best is trial 7 with value: 0.07448967238893771.
2026-05-19 16:21:15,142 - experiment_functions - INFO - Early stopping at epoch 500. Best Recall: 0.0026
2026-05-19 16:21:15,233 - optuna.study.study - INFO - Trial 10 finished with value: 0.0026390498223124005 and parameters: {'n_layers': 1, 'embedding_dim': 96, 'lr': 1.1018096716234204e-05, 'lambda_val': 0.0005162819789533272, 'batch_size': 2764, 'optimizer': 'RMSprop'}. Best is trial 7 with value: 0.07448967238893771.
2026-05-19 16:21:19,467 - experiment_functions - INFO - Early stopping at epoch 600. Best Recall: 0.0502
2026-05-19 16:21:19,547 - optuna.study.study - INFO - Trial 11 finished with value: 0.050181242695405893 and parameters: {'n_layers': 2, 'embedding_dim': 64, 'lr': 0.0028135627400813715, 'lambda_val': 0.0007935916191358426, 'batch_size': 2399, 'optimizer': 'Adam'}. Best is trial 7 with value: 0.07448967238893771.
2026-05-19 16:21:24,018 - experiment_functions - INFO - Early stopping at epoch 550. Best Recall: 0.0631
2026-05-19 16:21:24,119 - optuna.study.study - INFO - Trial 12 finished with value: 0.06308310791022374 and parameters: {'n_layers': 2, 'embedding_dim': 64, 'lr': 0.004876496373414537, 'lambda_val': 0.00015475159957689604, 'batch_size': 2113, 'optimizer': 'Adam'}. Best is trial 7 with value: 0.07448967238893771.
2026-05-19 16:21:31,449 - optuna.study._optimize - INFO - Trial 13 pruned. 
2026-05-19 16:21:37,167 - experiment_functions - INFO - Early stopping at epoch 700. Best Recall: 0.0785
2026-05-19 16:21:37,261 - optuna.study.study - INFO - Trial 14 finished with value: 0.0784526365472799 and parameters: {'n_layers': 2, 'embedding_dim': 256, 'lr': 0.0010680440998043046, 'lambda_val': 9.453065577635976e-05, 'batch_size': 1934, 'optimizer': 'Adam'}. Best is trial 14 with value: 0.0784526365472799.
2026-05-19 16:21:46,732 - experiment_functions - INFO - Early stopping at epoch 1400. Best Recall: 0.1274
2026-05-19 16:21:46,823 - optuna.study.study - INFO - Trial 15 finished with value: 0.12738581226110837 and parameters: {'n_layers': 1, 'embedding_dim': 256, 'lr': 0.0005480013777865859, 'lambda_val': 9.182606802632047e-05, 'batch_size': 1946, 'optimizer': 'RMSprop'}. Best is trial 15 with value: 0.12738581226110837.
2026-05-19 16:21:53,664 - experiment_functions - INFO - Early stopping at epoch 1000. Best Recall: 0.1308
2026-05-19 16:21:53,764 - optuna.study.study - INFO - Trial 16 finished with value: 0.13081326886613995 and parameters: {'n_layers': 1, 'embedding_dim': 256, 'lr': 0.0005429512585892654, 'lambda_val': 7.81428567345996e-05, 'batch_size': 1943, 'optimizer': 'RMSprop'}. Best is trial 16 with value: 0.13081326886613995.
2026-05-19 16:22:02,024 - experiment_functions - INFO - Early stopping at epoch 1300. Best Recall: 0.1267
2026-05-19 16:22:02,159 - optuna.study.study - INFO - Trial 17 finished with value: 0.1266573419737281 and parameters: {'n_layers': 1, 'embedding_dim': 256, 'lr': 0.0005380766749139543, 'lambda_val': 3.4609779221574384e-05, 'batch_size': 1784, 'optimizer': 'RMSprop'}. Best is trial 16 with value: 0.13081326886613995.
2026-05-19 16:22:07,727 - experiment_functions - INFO - Early stopping at epoch 750. Best Recall: 0.1148
2026-05-19 16:22:07,872 - optuna.study.study - INFO - Trial 18 finished with value: 0.11483683006703783 and parameters: {'n_layers': 1, 'embedding_dim': 256, 'lr': 0.001098710470877369, 'lambda_val': 0.0002621293222529465, 'batch_size': 1385, 'optimizer': 'RMSprop'}. Best is trial 16 with value: 0.13081326886613995.
2026-05-19 16:22:29,401 - experiment_functions - INFO - Early stopping at epoch 3500. Best Recall: 0.1271
2026-05-19 16:22:29,503 - optuna.study.study - INFO - Trial 19 finished with value: 0.12705224588945005 and parameters: {'n_layers': 1, 'embedding_dim': 256, 'lr': 0.000254340136351732, 'lambda_val': 2.5135556374961814e-05, 'batch_size': 2211, 'optimizer': 'RMSprop'}. Best is trial 16 with value: 0.13081326886613995.
2026-05-19 16:22:38,385 - optuna.study._optimize - INFO - Trial 20 pruned. 
2026-05-19 16:22:46,801 - optuna.study._optimize - INFO - Trial 21 pruned. 
2026-05-19 16:22:53,437 - optuna.study._optimize - INFO - Trial 22 pruned. 
2026-05-19 16:23:03,053 - experiment_functions - INFO - Early stopping at epoch 1450. Best Recall: 0.1396
2026-05-19 16:23:03,202 - optuna.study.study - INFO - Trial 23 finished with value: 0.1396108253323291 and parameters: {'n_layers': 1, 'embedding_dim': 256, 'lr': 0.0004955586305537418, 'lambda_val': 0.00012457643854952224, 'batch_size': 1964, 'optimizer': 'RMSprop'}. Best is trial 23 with value: 0.1396108253323291.
2026-05-19 16:23:10,812 - optuna.study._optimize - INFO - Trial 24 pruned. 
2026-05-19 16:23:15,069 - experiment_functions - INFO - Early stopping at epoch 600. Best Recall: 0.1067
2026-05-19 16:23:15,171 - optuna.study.study - INFO - Trial 25 finished with value: 0.10667314757763544 and parameters: {'n_layers': 1, 'embedding_dim': 256, 'lr': 0.0015648817897140315, 'lambda_val': 0.00011812077201125596, 'batch_size': 1536, 'optimizer': 'RMSprop'}. Best is trial 23 with value: 0.1396108253323291.
2026-05-19 16:23:21,803 - optuna.study._optimize - INFO - Trial 26 pruned. 
2026-05-19 16:23:27,096 - experiment_functions - INFO - Early stopping at epoch 750. Best Recall: 0.0301
2026-05-19 16:23:27,211 - optuna.study.study - INFO - Trial 27 finished with value: 0.03006418289921922 and parameters: {'n_layers': 2, 'embedding_dim': 32, 'lr': 0.010468386430049046, 'lambda_val': 0.0015699247519841391, 'batch_size': 1222, 'optimizer': 'RMSprop'}. Best is trial 23 with value: 0.1396108253323291.
2026-05-19 16:23:36,217 - experiment_functions - INFO - Early stopping at epoch 1400. Best Recall: 0.1187
2026-05-19 16:23:36,307 - optuna.study.study - INFO - Trial 28 finished with value: 0.11870924163998182 and parameters: {'n_layers': 1, 'embedding_dim': 256, 'lr': 0.0005181426228220932, 'lambda_val': 0.00010886044892917805, 'batch_size': 2710, 'optimizer': 'RMSprop'}. Best is trial 23 with value: 0.1396108253323291.
2026-05-19 16:23:44,452 - optuna.study._optimize - INFO - Trial 29 pruned. 
2026-05-19 16:23:48,771 - experiment_functions - INFO - Early stopping at epoch 500. Best Recall: 0.0027
2026-05-19 16:23:48,893 - optuna.study.study - INFO - Trial 30 finished with value: 0.002726840783641479 and parameters: {'n_layers': 2, 'embedding_dim': 256, 'lr': 0.00010198839567066205, 'lambda_val': 4.385888114427135e-06, 'batch_size': 2040, 'optimizer': 'SGD'}. Best is trial 23 with value: 0.1396108253323291.
2026-05-19 16:23:56,123 - optuna.study._optimize - INFO - Trial 31 pruned. 
2026-05-19 16:24:02,673 - optuna.study._optimize - INFO - Trial 32 pruned. 
2026-05-19 16:24:08,203 - experiment_functions - INFO - Early stopping at epoch 800. Best Recall: 0.1005
2026-05-19 16:24:08,274 - optuna.study.study - INFO - Trial 33 finished with value: 0.10048842976287826 and parameters: {'n_layers': 1, 'embedding_dim': 256, 'lr': 0.0006608503007517891, 'lambda_val': 0.00021213738012514625, 'batch_size': 3039, 'optimizer': 'RMSprop'}. Best is trial 23 with value: 0.1396108253323291.
2026-05-19 16:24:12,901 - experiment_functions - INFO - Early stopping at epoch 650. Best Recall: 0.0895
2026-05-19 16:24:12,984 - optuna.study.study - INFO - Trial 34 finished with value: 0.08951776333775405 and parameters: {'n_layers': 1, 'embedding_dim': 256, 'lr': 0.0017924847620330287, 'lambda_val': 6.695662479047847e-05, 'batch_size': 2479, 'optimizer': 'RMSprop'}. Best is trial 23 with value: 0.1396108253323291.
2026-05-19 16:24:19,822 - optuna.study._optimize - INFO - Trial 35 pruned. 
2026-05-19 16:24:25,958 - experiment_functions - INFO - Early stopping at epoch 750. Best Recall: 0.0458
2026-05-19 16:24:26,049 - optuna.study.study - INFO - Trial 36 finished with value: 0.0457725320378884 and parameters: {'n_layers': 2, 'embedding_dim': 256, 'lr': 0.0018956816871048133, 'lambda_val': 5.425855236313363e-06, 'batch_size': 2231, 'optimizer': 'RMSprop'}. Best is trial 23 with value: 0.1396108253323291.
2026-05-19 16:24:29,735 - experiment_functions - INFO - Early stopping at epoch 500. Best Recall: 0.0031
2026-05-19 16:24:29,815 - optuna.study.study - INFO - Trial 37 finished with value: 0.0030627705305016164 and parameters: {'n_layers': 1, 'embedding_dim': 32, 'lr': 0.00019623918231575387, 'lambda_val': 0.000536666393200035, 'batch_size': 1914, 'optimizer': 'SGD'}. Best is trial 23 with value: 0.1396108253323291.
2026-05-19 16:24:37,843 - optuna.study._optimize - INFO - Trial 38 pruned. 
2026-05-19 16:24:43,813 - optuna.study._optimize - INFO - Trial 39 pruned. 
2026-05-19 16:24:47,725 - experiment_functions - INFO - Early stopping at epoch 500. Best Recall: 0.0013
2026-05-19 16:24:47,827 - optuna.study.study - INFO - Trial 40 finished with value: 0.0013125193259104543 and parameters: {'n_layers': 3, 'embedding_dim': 96, 'lr': 0.0008307250023886, 'lambda_val': 2.0487136333105313e-05, 'batch_size': 2659, 'optimizer': 'SGD'}. Best is trial 23 with value: 0.1396108253323291.
2026-05-19 16:24:55,110 - optuna.study._optimize - INFO - Trial 41 pruned. 
2026-05-19 16:25:04,670 - experiment_functions - INFO - Early stopping at epoch 1450. Best Recall: 0.1232
2026-05-19 16:25:04,781 - optuna.study.study - INFO - Trial 42 finished with value: 0.12324053371665195 and parameters: {'n_layers': 1, 'embedding_dim': 256, 'lr': 0.00046964003258160664, 'lambda_val': 7.420665237459578e-05, 'batch_size': 2048, 'optimizer': 'RMSprop'}. Best is trial 23 with value: 0.1396108253323291.
2026-05-19 16:25:09,674 - experiment_functions - INFO - Early stopping at epoch 650. Best Recall: 0.1034
2026-05-19 16:25:09,766 - optuna.study.study - INFO - Trial 43 finished with value: 0.10335254301112848 and parameters: {'n_layers': 1, 'embedding_dim': 256, 'lr': 0.0012447698704449533, 'lambda_val': 0.0001737759139572988, 'batch_size': 1832, 'optimizer': 'RMSprop'}. Best is trial 23 with value: 0.1396108253323291.
2026-05-19 16:25:16,036 - optuna.study._optimize - INFO - Trial 44 pruned. 
2026-05-19 16:25:22,320 - optuna.study._optimize - INFO - Trial 45 pruned. 
2026-05-19 16:25:30,404 - optuna.study._optimize - INFO - Trial 46 pruned. 
2026-05-19 16:25:36,649 - experiment_functions - INFO - Early stopping at epoch 900. Best Recall: 0.1064
2026-05-19 16:25:36,751 - optuna.study.study - INFO - Trial 47 finished with value: 0.10637551389881358 and parameters: {'n_layers': 1, 'embedding_dim': 256, 'lr': 0.0008849534932982625, 'lambda_val': 4.223102919724977e-05, 'batch_size': 1021, 'optimizer': 'RMSprop'}. Best is trial 23 with value: 0.1396108253323291.
2026-05-19 16:25:40,304 - experiment_functions - INFO - Early stopping at epoch 500. Best Recall: 0.0010
2026-05-19 16:25:40,406 - optuna.study.study - INFO - Trial 48 finished with value: 0.0009678647715599228 and parameters: {'n_layers': 2, 'embedding_dim': 96, 'lr': 0.006143547626943352, 'lambda_val': 0.0011132819119169, 'batch_size': 1515, 'optimizer': 'SGD'}. Best is trial 23 with value: 0.1396108253323291.
2026-05-19 16:25:44,007 - experiment_functions - INFO - Early stopping at epoch 500. Best Recall: 0.0015
2026-05-19 16:25:44,097 - optuna.study.study - INFO - Trial 49 finished with value: 0.0014831799257532033 and parameters: {'n_layers': 1, 'embedding_dim': 128, 'lr': 2.3367426743287593e-05, 'lambda_val': 0.00011932621467580879, 'batch_size': 2937, 'optimizer': 'Adam'}. Best is trial 23 with value: 0.1396108253323291.
2026-05-19 16:25:51,247 - optuna.study._optimize - INFO - Trial 50 pruned. 
2026-05-19 16:25:57,638 - experiment_functions - INFO - Early stopping at epoch 900. Best Recall: 0.1089
2026-05-19 16:25:57,783 - optuna.study.study - INFO - Trial 51 finished with value: 0.10888184468001896 and parameters: {'n_layers': 1, 'embedding_dim': 256, 'lr': 0.0005231277771440972, 'lambda_val': 7.262960362149515e-05, 'batch_size': 4053, 'optimizer': 'RMSprop'}. Best is trial 23 with value: 0.1396108253323291.
2026-05-19 16:26:12,573 - optuna.study._optimize - INFO - Trial 52 pruned. 
2026-05-19 16:26:19,940 - optuna.study._optimize - INFO - Trial 53 pruned. 
2026-05-19 16:26:24,531 - experiment_functions - INFO - Early stopping at epoch 650. Best Recall: 0.1067
2026-05-19 16:26:24,622 - optuna.study.study - INFO - Trial 54 finished with value: 0.10674396435274011 and parameters: {'n_layers': 1, 'embedding_dim': 256, 'lr': 0.0013709371597361868, 'lambda_val': 0.00015834826834166936, 'batch_size': 1975, 'optimizer': 'RMSprop'}. Best is trial 23 with value: 0.1396108253323291.
2026-05-19 16:26:39,247 - experiment_functions - INFO - Early stopping at epoch 750. Best Recall: 0.1131
2026-05-19 16:26:39,359 - optuna.study.study - INFO - Trial 55 finished with value: 0.11312764694362024 and parameters: {'n_layers': 1, 'embedding_dim': 256, 'lr': 0.0008392980389343871, 'lambda_val': 1.271739892939793e-05, 'batch_size': 2567, 'optimizer': 'RMSprop'}. Best is trial 23 with value: 0.1396108253323291.
2026-05-19 16:26:45,920 - optuna.study._optimize - INFO - Trial 56 pruned. 
2026-05-19 16:26:52,583 - experiment_functions - INFO - Early stopping at epoch 650. Best Recall: 0.0344
2026-05-19 16:26:52,662 - optuna.study.study - INFO - Trial 57 finished with value: 0.03440262875734013 and parameters: {'n_layers': 4, 'embedding_dim': 256, 'lr': 0.0005304098991430872, 'lambda_val': 8.107667872573038e-05, 'batch_size': 2292, 'optimizer': 'RMSprop'}. Best is trial 23 with value: 0.1396108253323291.
2026-05-19 16:26:57,799 - experiment_functions - INFO - Early stopping at epoch 700. Best Recall: 0.0831
2026-05-19 16:26:57,889 - optuna.study.study - INFO - Trial 58 finished with value: 0.08309348122061866 and parameters: {'n_layers': 1, 'embedding_dim': 256, 'lr': 0.002335098429541637, 'lambda_val': 7.952576536326742e-06, 'batch_size': 2407, 'optimizer': 'RMSprop'}. Best is trial 23 with value: 0.1396108253323291.
2026-05-19 16:27:03,935 - optuna.study._optimize - INFO - Trial 59 pruned. 
2026-05-19 16:27:07,114 - experiment_functions - INFO - Early stopping at epoch 500. Best Recall: 0.0026
2026-05-19 16:27:07,251 - optuna.study.study - INFO - Trial 60 finished with value: 0.002576332483712737 and parameters: {'n_layers': 1, 'embedding_dim': 96, 'lr': 0.00016383189339552002, 'lambda_val': 0.04053286787517436, 'batch_size': 1402, 'optimizer': 'RMSprop'}. Best is trial 23 with value: 0.1396108253323291.
2026-05-19 16:27:13,882 - optuna.study._optimize - INFO - Trial 61 pruned. 
2026-05-19 16:27:20,759 - optuna.study._optimize - INFO - Trial 62 pruned. 
2026-05-19 16:27:27,270 - optuna.study._optimize - INFO - Trial 63 pruned. 
2026-05-19 16:27:32,111 - experiment_functions - INFO - Early stopping at epoch 750. Best Recall: 0.1123
2026-05-19 16:27:32,202 - optuna.study.study - INFO - Trial 64 finished with value: 0.11229555706156906 and parameters: {'n_layers': 1, 'embedding_dim': 256, 'lr': 0.001045917599521217, 'lambda_val': 0.0004214569895573693, 'batch_size': 1742, 'optimizer': 'RMSprop'}. Best is trial 23 with value: 0.1396108253323291.
2026-05-19 16:27:40,666 - experiment_functions - INFO - Early stopping at epoch 1300. Best Recall: 0.1261
2026-05-19 16:27:40,809 - optuna.study.study - INFO - Trial 65 finished with value: 0.12608614072329294 and parameters: {'n_layers': 1, 'embedding_dim': 256, 'lr': 0.00047979563544961706, 'lambda_val': 9.348955843535995e-05, 'batch_size': 2188, 'optimizer': 'RMSprop'}. Best is trial 23 with value: 0.1396108253323291.
2026-05-19 16:27:44,472 - experiment_functions - INFO - Early stopping at epoch 500. Best Recall: 0.0018
2026-05-19 16:27:44,573 - optuna.study.study - INFO - Trial 66 finished with value: 0.0018275767074691551 and parameters: {'n_layers': 1, 'embedding_dim': 256, 'lr': 0.0003320879733786358, 'lambda_val': 2.949764732514857e-05, 'batch_size': 2221, 'optimizer': 'SGD'}. Best is trial 23 with value: 0.1396108253323291.
2026-05-19 16:27:48,711 - experiment_functions - INFO - Early stopping at epoch 550. Best Recall: 0.0608
2026-05-19 16:27:48,813 - optuna.study.study - INFO - Trial 67 finished with value: 0.060813351588915494 and parameters: {'n_layers': 1, 'embedding_dim': 128, 'lr': 0.020879672116032106, 'lambda_val': 4.957427884162767e-05, 'batch_size': 1551, 'optimizer': 'Adam'}. Best is trial 23 with value: 0.1396108253323291.
2026-05-19 16:27:56,532 - optuna.study._optimize - INFO - Trial 68 pruned. 
2026-05-19 16:28:03,091 - optuna.study._optimize - INFO - Trial 69 pruned. 
2026-05-19 16:28:08,670 - experiment_functions - INFO - Early stopping at epoch 800. Best Recall: 0.1130
2026-05-19 16:28:08,806 - optuna.study.study - INFO - Trial 70 finished with value: 0.11296070035033229 and parameters: {'n_layers': 1, 'embedding_dim': 256, 'lr': 0.0007653159442418003, 'lambda_val': 1.617783939058076e-05, 'batch_size': 2324, 'optimizer': 'RMSprop'}. Best is trial 23 with value: 0.1396108253323291.
2026-05-19 16:28:17,990 - optuna.study._optimize - INFO - Trial 71 pruned. 
2026-05-19 16:28:29,627 - experiment_functions - INFO - Early stopping at epoch 650. Best Recall: 0.1065
2026-05-19 16:28:29,729 - optuna.study.study - INFO - Trial 72 finished with value: 0.10650778671749059 and parameters: {'n_layers': 1, 'embedding_dim': 256, 'lr': 0.001092488616118906, 'lambda_val': 5.981956993968063e-05, 'batch_size': 2856, 'optimizer': 'RMSprop'}. Best is trial 23 with value: 0.1396108253323291.
2026-05-19 16:28:36,822 - optuna.study._optimize - INFO - Trial 73 pruned. 
2026-05-19 16:28:44,473 - optuna.study._optimize - INFO - Trial 74 pruned. 
2026-05-19 16:28:51,227 - optuna.study._optimize - INFO - Trial 75 pruned. 
2026-05-19 16:28:56,684 - experiment_functions - INFO - Early stopping at epoch 700. Best Recall: 0.0981
2026-05-19 16:28:56,831 - optuna.study.study - INFO - Trial 76 finished with value: 0.09809523450817478 and parameters: {'n_layers': 1, 'embedding_dim': 256, 'lr': 0.0016582863769667182, 'lambda_val': 3.4101341087263676e-05, 'batch_size': 2404, 'optimizer': 'RMSprop'}. Best is trial 23 with value: 0.1396108253323291.
2026-05-19 16:29:11,671 - experiment_functions - INFO - Early stopping at epoch 500. Best Recall: 0.0020
2026-05-19 16:29:12,031 - optuna.study.study - INFO - Trial 77 finished with value: 0.001962452708395494 and parameters: {'n_layers': 1, 'embedding_dim': 32, 'lr': 0.00019697412469534415, 'lambda_val': 0.0006193808583592164, 'batch_size': 2600, 'optimizer': 'SGD'}. Best is trial 23 with value: 0.1396108253323291.
2026-05-19 16:29:19,819 - experiment_functions - INFO - Early stopping at epoch 900. Best Recall: 0.0785
2026-05-19 16:29:19,920 - optuna.study.study - INFO - Trial 78 finished with value: 0.0784873532668554 and parameters: {'n_layers': 2, 'embedding_dim': 256, 'lr': 0.00033007555639563935, 'lambda_val': 8.96150286413804e-05, 'batch_size': 2798, 'optimizer': 'RMSprop'}. Best is trial 23 with value: 0.1396108253323291.
2026-05-19 16:29:26,706 - experiment_functions - INFO - Early stopping at epoch 950. Best Recall: 0.1158
2026-05-19 16:29:26,807 - optuna.study.study - INFO - Trial 79 finished with value: 0.1157889773411446 and parameters: {'n_layers': 1, 'embedding_dim': 96, 'lr': 0.0009373143487939028, 'lambda_val': 0.00025273507727265786, 'batch_size': 1683, 'optimizer': 'RMSprop'}. Best is trial 23 with value: 0.1396108253323291.
2026-05-19 16:29:37,498 - optuna.study._optimize - INFO - Trial 80 pruned. 
2026-05-19 16:29:41,810 - experiment_functions - INFO - Early stopping at epoch 550. Best Recall: 0.0741
2026-05-19 16:29:41,909 - optuna.study.study - INFO - Trial 81 finished with value: 0.0741481654604687 and parameters: {'n_layers': 1, 'embedding_dim': 96, 'lr': 0.0031828586426300887, 'lambda_val': 0.0002808409815430563, 'batch_size': 1710, 'optimizer': 'RMSprop'}. Best is trial 23 with value: 0.1396108253323291.
2026-05-19 16:29:47,245 - experiment_functions - INFO - Early stopping at epoch 750. Best Recall: 0.0974
2026-05-19 16:29:47,335 - optuna.study.study - INFO - Trial 82 finished with value: 0.09739870757401954 and parameters: {'n_layers': 1, 'embedding_dim': 96, 'lr': 0.001354875225986103, 'lambda_val': 0.00017478491367818697, 'batch_size': 1573, 'optimizer': 'RMSprop'}. Best is trial 23 with value: 0.1396108253323291.
2026-05-19 16:29:52,932 - experiment_functions - INFO - Early stopping at epoch 800. Best Recall: 0.1027
2026-05-19 16:29:53,031 - optuna.study.study - INFO - Trial 83 finished with value: 0.10267847041115265 and parameters: {'n_layers': 1, 'embedding_dim': 96, 'lr': 0.0008271844912037518, 'lambda_val': 5.929882693857938e-05, 'batch_size': 1862, 'optimizer': 'RMSprop'}. Best is trial 23 with value: 0.1396108253323291.
2026-05-19 16:30:00,813 - experiment_functions - INFO - Early stopping at epoch 950. Best Recall: 0.0594
2026-05-19 16:30:00,903 - optuna.study.study - INFO - Trial 84 finished with value: 0.05941925830956343 and parameters: {'n_layers': 3, 'embedding_dim': 96, 'lr': 0.0004347830358534681, 'lambda_val': 0.00012153480835664576, 'batch_size': 2001, 'optimizer': 'RMSprop'}. Best is trial 23 with value: 0.1396108253323291.
2026-05-19 16:30:10,025 - optuna.study._optimize - INFO - Trial 85 pruned. 
2026-05-19 16:30:17,591 - optuna.study._optimize - INFO - Trial 86 pruned. 
2026-05-19 16:30:23,542 - experiment_functions - INFO - Early stopping at epoch 850. Best Recall: 0.1158
2026-05-19 16:30:23,644 - optuna.study.study - INFO - Trial 87 finished with value: 0.11577615191404016 and parameters: {'n_layers': 1, 'embedding_dim': 96, 'lr': 0.0009765394058822025, 'lambda_val': 1.9924556609038724e-05, 'batch_size': 2177, 'optimizer': 'RMSprop'}. Best is trial 23 with value: 0.1396108253323291.
2026-05-19 16:30:30,914 - optuna.study._optimize - INFO - Trial 88 pruned. 
2026-05-19 16:30:42,559 - experiment_functions - INFO - Early stopping at epoch 750. Best Recall: 0.0831
2026-05-19 16:30:42,668 - optuna.study.study - INFO - Trial 89 finished with value: 0.08307522109061617 and parameters: {'n_layers': 1, 'embedding_dim': 256, 'lr': 0.0019783938166622207, 'lambda_val': 7.391727427466071e-05, 'batch_size': 1647, 'optimizer': 'RMSprop'}. Best is trial 23 with value: 0.1396108253323291.
2026-05-19 16:30:50,200 - optuna.study._optimize - INFO - Trial 90 pruned. 
2026-05-19 16:30:57,032 - optuna.study._optimize - INFO - Trial 91 pruned. 
2026-05-19 16:31:03,559 - experiment_functions - INFO - Early stopping at epoch 750. Best Recall: 0.0986
2026-05-19 16:31:04,321 - optuna.study.study - INFO - Trial 92 finished with value: 0.09857131645074124 and parameters: {'n_layers': 1, 'embedding_dim': 96, 'lr': 0.0012851553477558771, 'lambda_val': 1.9987808555156666e-05, 'batch_size': 1470, 'optimizer': 'RMSprop'}. Best is trial 23 with value: 0.1396108253323291.
2026-05-19 16:31:18,969 - experiment_functions - INFO - Early stopping at epoch 850. Best Recall: 0.1016
2026-05-19 16:31:19,068 - optuna.study.study - INFO - Trial 93 finished with value: 0.10159727149406031 and parameters: {'n_layers': 1, 'embedding_dim': 96, 'lr': 0.0009338896068192433, 'lambda_val': 9.533052624250725e-05, 'batch_size': 1846, 'optimizer': 'RMSprop'}. Best is trial 23 with value: 0.1396108253323291.
2026-05-19 16:31:25,301 - experiment_functions - INFO - Early stopping at epoch 850. Best Recall: 0.1047
2026-05-19 16:31:25,423 - optuna.study.study - INFO - Trial 94 finished with value: 0.10465640929239885 and parameters: {'n_layers': 1, 'embedding_dim': 96, 'lr': 0.000980851085659763, 'lambda_val': 4.197768438776451e-05, 'batch_size': 2125, 'optimizer': 'RMSprop'}. Best is trial 23 with value: 0.1396108253323291.
2026-05-19 16:31:35,617 - experiment_functions - INFO - Early stopping at epoch 1400. Best Recall: 0.1365
2026-05-19 16:31:35,706 - optuna.study.study - INFO - Trial 95 finished with value: 0.13652020306390206 and parameters: {'n_layers': 1, 'embedding_dim': 256, 'lr': 0.00045186508020664094, 'lambda_val': 5.798519659110902e-05, 'batch_size': 1786, 'optimizer': 'RMSprop'}. Best is trial 23 with value: 0.1396108253323291.
2026-05-19 16:31:39,583 - experiment_functions - INFO - Early stopping at epoch 500. Best Recall: 0.0023
2026-05-19 16:31:39,671 - optuna.study.study - INFO - Trial 96 finished with value: 0.0023361587859870676 and parameters: {'n_layers': 1, 'embedding_dim': 256, 'lr': 0.0004238887782076752, 'lambda_val': 0.00013449765816080707, 'batch_size': 1981, 'optimizer': 'SGD'}. Best is trial 23 with value: 0.1396108253323291.
2026-05-19 16:31:47,155 - optuna.study._optimize - INFO - Trial 97 pruned. 
2026-05-19 16:32:01,989 - optuna.study._optimize - INFO - Trial 98 pruned. 
2026-05-19 16:32:14,567 - experiment_functions - INFO - Early stopping at epoch 1900. Best Recall: 0.1317
2026-05-19 16:32:14,656 - optuna.study.study - INFO - Trial 99 finished with value: 0.13166614825493705 and parameters: {'n_layers': 1, 'embedding_dim': 256, 'lr': 0.0005015486074869536, 'lambda_val': 7.358773298679959e-05, 'batch_size': 1888, 'optimizer': 'Adam'}. Best is trial 23 with value: 0.1396108253323291.
2026-05-19 16:32:22,188 - optuna.study._optimize - INFO - Trial 100 pruned. 
2026-05-19 16:32:30,783 - experiment_functions - INFO - Early stopping at epoch 1150. Best Recall: 0.1220
2026-05-19 16:32:30,882 - optuna.study.study - INFO - Trial 101 finished with value: 0.1220144572033434 and parameters: {'n_layers': 1, 'embedding_dim': 256, 'lr': 0.0006571175000096707, 'lambda_val': 7.508533619417801e-05, 'batch_size': 1897, 'optimizer': 'Adam'}. Best is trial 23 with value: 0.1396108253323291.
2026-05-19 16:32:39,404 - optuna.study._optimize - INFO - Trial 102 pruned. 
2026-05-19 16:32:56,074 - experiment_functions - INFO - Early stopping at epoch 1100. Best Recall: 0.1210
2026-05-19 16:32:56,176 - optuna.study.study - INFO - Trial 103 finished with value: 0.12098657116756109 and parameters: {'n_layers': 1, 'embedding_dim': 256, 'lr': 0.0007016500537689256, 'lambda_val': 0.00011560531900312734, 'batch_size': 2272, 'optimizer': 'Adam'}. Best is trial 23 with value: 0.1396108253323291.
2026-05-19 16:33:06,909 - experiment_functions - INFO - Early stopping at epoch 1500. Best Recall: 0.1367
2026-05-19 16:33:07,010 - optuna.study.study - INFO - Trial 104 finished with value: 0.13665142122789567 and parameters: {'n_layers': 1, 'embedding_dim': 256, 'lr': 0.00046879430642204895, 'lambda_val': 5.616620015219913e-05, 'batch_size': 2356, 'optimizer': 'Adam'}. Best is trial 23 with value: 0.1396108253323291.
2026-05-19 16:33:22,943 - experiment_functions - INFO - Early stopping at epoch 2200. Best Recall: 0.1286
2026-05-19 16:33:23,052 - optuna.study.study - INFO - Trial 105 finished with value: 0.128593131559844 and parameters: {'n_layers': 1, 'embedding_dim': 256, 'lr': 0.0004910142997354682, 'lambda_val': 5.18644290116635e-05, 'batch_size': 1784, 'optimizer': 'Adam'}. Best is trial 23 with value: 0.1396108253323291.
2026-05-19 16:33:30,606 - optuna.study._optimize - INFO - Trial 106 pruned. 
2026-05-19 16:33:38,317 - optuna.study._optimize - INFO - Trial 107 pruned. 
2026-05-19 16:33:49,885 - experiment_functions - INFO - Early stopping at epoch 1750. Best Recall: 0.1294
2026-05-19 16:33:49,976 - optuna.study.study - INFO - Trial 108 finished with value: 0.12939777143018907 and parameters: {'n_layers': 1, 'embedding_dim': 256, 'lr': 0.0005432408405865477, 'lambda_val': 5.542636686702876e-05, 'batch_size': 1775, 'optimizer': 'Adam'}. Best is trial 23 with value: 0.1396108253323291.
2026-05-19 16:33:56,802 - optuna.study._optimize - INFO - Trial 109 pruned. 
2026-05-19 16:34:15,566 - experiment_functions - INFO - Early stopping at epoch 1600. Best Recall: 0.1289
2026-05-19 16:34:15,675 - optuna.study.study - INFO - Trial 110 finished with value: 0.12891848011804316 and parameters: {'n_layers': 1, 'embedding_dim': 256, 'lr': 0.0005468178460233133, 'lambda_val': 5.1550285600138536e-05, 'batch_size': 1585, 'optimizer': 'Adam'}. Best is trial 23 with value: 0.1396108253323291.
2026-05-19 16:34:29,548 - experiment_functions - INFO - Early stopping at epoch 2050. Best Recall: 0.1370
2026-05-19 16:34:29,650 - optuna.study.study - INFO - Trial 111 finished with value: 0.13702485431353612 and parameters: {'n_layers': 1, 'embedding_dim': 256, 'lr': 0.0005611910908184186, 'lambda_val': 5.538264758984692e-05, 'batch_size': 1475, 'optimizer': 'Adam'}. Best is trial 23 with value: 0.1396108253323291.
2026-05-19 16:34:40,548 - optuna.study._optimize - INFO - Trial 112 pruned. 
2026-05-19 16:34:49,721 - experiment_functions - INFO - Early stopping at epoch 1350. Best Recall: 0.1369
2026-05-19 16:34:49,832 - optuna.study.study - INFO - Trial 113 finished with value: 0.13690134396919773 and parameters: {'n_layers': 1, 'embedding_dim': 256, 'lr': 0.0007684561168123782, 'lambda_val': 5.113554759662719e-05, 'batch_size': 1463, 'optimizer': 'Adam'}. Best is trial 23 with value: 0.1396108253323291.
2026-05-19 16:34:57,991 - optuna.study._optimize - INFO - Trial 114 pruned. 
2026-05-19 16:35:04,768 - optuna.study._optimize - INFO - Trial 115 pruned. 
2026-05-19 16:35:10,933 - optuna.study._optimize - INFO - Trial 116 pruned. 
2026-05-19 16:35:17,591 - optuna.study._optimize - INFO - Trial 117 pruned. 
2026-05-19 16:35:24,129 - optuna.study._optimize - INFO - Trial 118 pruned. 
2026-05-19 16:35:31,096 - optuna.study._optimize - INFO - Trial 119 pruned. 
2026-05-19 16:35:37,977 - optuna.study._optimize - INFO - Trial 120 pruned. 
2026-05-19 16:35:57,737 - optuna.study._optimize - INFO - Trial 121 pruned. 
2026-05-19 16:36:08,928 - experiment_functions - INFO - Early stopping at epoch 1700. Best Recall: 0.1349
2026-05-19 16:36:09,018 - optuna.study.study - INFO - Trial 122 finished with value: 0.13490184721418272 and parameters: {'n_layers': 1, 'embedding_dim': 256, 'lr': 0.0005449567876482105, 'lambda_val': 5.65908976827406e-05, 'batch_size': 1816, 'optimizer': 'Adam'}. Best is trial 23 with value: 0.1396108253323291.
2026-05-19 16:36:17,763 - experiment_functions - INFO - Early stopping at epoch 1300. Best Recall: 0.1271
2026-05-19 16:36:17,860 - optuna.study.study - INFO - Trial 123 finished with value: 0.12710546197550582 and parameters: {'n_layers': 1, 'embedding_dim': 256, 'lr': 0.0007421102209522081, 'lambda_val': 0.00014746387737795582, 'batch_size': 1133, 'optimizer': 'Adam'}. Best is trial 23 with value: 0.1396108253323291.
2026-05-19 16:36:29,078 - experiment_functions - INFO - Early stopping at epoch 1750. Best Recall: 0.1344
2026-05-19 16:36:29,184 - optuna.study.study - INFO - Trial 124 finished with value: 0.134385246613362 and parameters: {'n_layers': 1, 'embedding_dim': 256, 'lr': 0.0007698610890855627, 'lambda_val': 0.00015242364516075224, 'batch_size': 1130, 'optimizer': 'Adam'}. Best is trial 23 with value: 0.1396108253323291.
2026-05-19 16:36:39,792 - optuna.study._optimize - INFO - Trial 125 pruned. 
2026-05-19 16:36:51,310 - optuna.study._optimize - INFO - Trial 126 pruned. 
2026-05-19 16:36:57,673 - experiment_functions - INFO - Early stopping at epoch 950. Best Recall: 0.1165
2026-05-19 16:36:57,764 - optuna.study.study - INFO - Trial 127 finished with value: 0.11652105259061483 and parameters: {'n_layers': 1, 'embedding_dim': 256, 'lr': 0.0011747545750581392, 'lambda_val': 0.00017024997992892338, 'batch_size': 1823, 'optimizer': 'Adam'}. Best is trial 23 with value: 0.1396108253323291.
2026-05-19 16:37:02,984 - experiment_functions - INFO - Early stopping at epoch 750. Best Recall: 0.1127
2026-05-19 16:37:03,085 - optuna.study.study - INFO - Trial 128 finished with value: 0.11265305264261136 and parameters: {'n_layers': 1, 'embedding_dim': 256, 'lr': 0.0013887264109623528, 'lambda_val': 1.096210031932402e-06, 'batch_size': 1402, 'optimizer': 'Adam'}. Best is trial 23 with value: 0.1396108253323291.
2026-05-19 16:37:10,850 - optuna.study._optimize - INFO - Trial 129 pruned. 
2026-05-19 16:37:18,078 - optuna.study._optimize - INFO - Trial 130 pruned. 
2026-05-19 16:37:25,744 - optuna.study._optimize - INFO - Trial 131 pruned. 
2026-05-19 16:37:36,637 - experiment_functions - INFO - Early stopping at epoch 1550. Best Recall: 0.1315
2026-05-19 16:37:36,728 - optuna.study.study - INFO - Trial 132 finished with value: 0.13153858160995321 and parameters: {'n_layers': 1, 'embedding_dim': 256, 'lr': 0.0007050213578469451, 'lambda_val': 0.00014937996656718005, 'batch_size': 1150, 'optimizer': 'Adam'}. Best is trial 23 with value: 0.1396108253323291.
2026-05-19 16:37:51,320 - optuna.study._optimize - INFO - Trial 133 pruned. 
2026-05-19 16:37:58,414 - optuna.study._optimize - INFO - Trial 134 pruned. 
2026-05-19 16:38:04,250 - optuna.study._optimize - INFO - Trial 135 pruned. 
2026-05-19 16:38:16,923 - experiment_functions - INFO - Early stopping at epoch 1900. Best Recall: 0.1390
2026-05-19 16:38:17,014 - optuna.study.study - INFO - Trial 136 finished with value: 0.13897653329340137 and parameters: {'n_layers': 1, 'embedding_dim': 256, 'lr': 0.0005591997622643595, 'lambda_val': 8.396705660957352e-05, 'batch_size': 1529, 'optimizer': 'Adam'}. Best is trial 23 with value: 0.1396108253323291.
2026-05-19 16:38:31,030 - optuna.study._optimize - INFO - Trial 137 pruned. 
2026-05-19 16:38:46,557 - experiment_functions - INFO - Early stopping at epoch 2250. Best Recall: 0.1432
2026-05-19 16:38:46,645 - optuna.study.study - INFO - Trial 138 finished with value: 0.14323902159755034 and parameters: {'n_layers': 1, 'embedding_dim': 256, 'lr': 0.00047266977776118927, 'lambda_val': 5.093571822885152e-05, 'batch_size': 1569, 'optimizer': 'Adam'}. Best is trial 138 with value: 0.14323902159755034.
2026-05-19 16:38:58,187 - optuna.study._optimize - INFO - Trial 139 pruned. 
2026-05-19 16:39:04,651 - optuna.study._optimize - INFO - Trial 140 pruned. 
2026-05-19 16:39:10,807 - optuna.study._optimize - INFO - Trial 141 pruned. 
2026-05-19 16:39:16,837 - optuna.study._optimize - INFO - Trial 142 pruned. 
2026-05-19 16:39:23,074 - optuna.study._optimize - INFO - Trial 143 pruned. 
2026-05-19 16:39:36,885 - experiment_functions - INFO - Early stopping at epoch 1550. Best Recall: 0.1350
2026-05-19 16:39:37,133 - optuna.study.study - INFO - Trial 144 finished with value: 0.13502432454977578 and parameters: {'n_layers': 1, 'embedding_dim': 256, 'lr': 0.0006234433945061468, 'lambda_val': 3.1852938882156915e-05, 'batch_size': 1537, 'optimizer': 'Adam'}. Best is trial 138 with value: 0.14323902159755034.
2026-05-19 16:39:45,186 - experiment_functions - INFO - Early stopping at epoch 1050. Best Recall: 0.1284
2026-05-19 16:39:45,267 - optuna.study.study - INFO - Trial 145 finished with value: 0.12839521656242145 and parameters: {'n_layers': 1, 'embedding_dim': 256, 'lr': 0.0010095534616472606, 'lambda_val': 3.064579751967963e-05, 'batch_size': 1300, 'optimizer': 'Adam'}. Best is trial 138 with value: 0.14323902159755034.
2026-05-19 16:39:51,880 - optuna.study._optimize - INFO - Trial 146 pruned. 
2026-05-19 16:39:58,831 - optuna.study._optimize - INFO - Trial 147 pruned. 
2026-05-19 16:40:06,202 - optuna.study._optimize - INFO - Trial 148 pruned. 
2026-05-19 16:40:13,146 - optuna.study._optimize - INFO - Trial 149 pruned. 
2026-05-19 16:40:18,913 - optuna.study._optimize - INFO - Trial 150 pruned. 
2026-05-19 16:40:34,162 - optuna.study._optimize - INFO - Trial 151 pruned. 
2026-05-19 16:40:40,759 - optuna.study._optimize - INFO - Trial 152 pruned. 
2026-05-19 16:40:47,740 - optuna.study._optimize - INFO - Trial 153 pruned. 
2026-05-19 16:40:55,775 - experiment_functions - INFO - Early stopping at epoch 1250. Best Recall: 0.1335
2026-05-19 16:40:55,866 - optuna.study.study - INFO - Trial 154 finished with value: 0.1334587369836709 and parameters: {'n_layers': 1, 'embedding_dim': 256, 'lr': 0.0007033860314302224, 'lambda_val': 4.998524442134611e-05, 'batch_size': 1760, 'optimizer': 'Adam'}. Best is trial 138 with value: 0.14323902159755034.
2026-05-19 16:41:02,372 - optuna.study._optimize - INFO - Trial 155 pruned. 
2026-05-19 16:41:08,967 - experiment_functions - INFO - Early stopping at epoch 950. Best Recall: 0.1305
2026-05-19 16:41:09,058 - optuna.study.study - INFO - Trial 156 finished with value: 0.13053209644178432 and parameters: {'n_layers': 1, 'embedding_dim': 256, 'lr': 0.0011160641400879863, 'lambda_val': 4.3406281222147536e-05, 'batch_size': 1589, 'optimizer': 'Adam'}. Best is trial 138 with value: 0.14323902159755034.
2026-05-19 16:41:15,688 - optuna.study._optimize - INFO - Trial 157 pruned. 
2026-05-19 16:41:19,093 - experiment_functions - INFO - Early stopping at epoch 500. Best Recall: 0.0032
2026-05-19 16:41:19,201 - optuna.study.study - INFO - Trial 158 finished with value: 0.0032054283159043424 and parameters: {'n_layers': 1, 'embedding_dim': 256, 'lr': 0.0008662558232623956, 'lambda_val': 0.010847231022985192, 'batch_size': 1239, 'optimizer': 'SGD'}. Best is trial 138 with value: 0.14323902159755034.
2026-05-19 16:41:28,861 - experiment_functions - INFO - Early stopping at epoch 1400. Best Recall: 0.1295
2026-05-19 16:41:28,972 - optuna.study.study - INFO - Trial 159 finished with value: 0.1295129107283955 and parameters: {'n_layers': 1, 'embedding_dim': 256, 'lr': 0.0006861864875943735, 'lambda_val': 3.6428870542635744e-05, 'batch_size': 1878, 'optimizer': 'Adam'}. Best is trial 138 with value: 0.14323902159755034.
2026-05-19 16:41:33,914 - experiment_functions - INFO - Early stopping at epoch 750. Best Recall: 0.1052
2026-05-19 16:41:34,115 - optuna.study.study - INFO - Trial 160 finished with value: 0.10522347631467147 and parameters: {'n_layers': 1, 'embedding_dim': 64, 'lr': 0.0022177133706685953, 'lambda_val': 2.23891895581271e-05, 'batch_size': 1895, 'optimizer': 'Adam'}. Best is trial 138 with value: 0.14323902159755034.
2026-05-19 16:41:41,198 - optuna.study._optimize - INFO - Trial 161 pruned. 
2026-05-19 16:41:53,489 - optuna.study._optimize - INFO - Trial 162 pruned. 
2026-05-19 16:42:04,342 - experiment_functions - INFO - Early stopping at epoch 1100. Best Recall: 0.1360
2026-05-19 16:42:04,443 - optuna.study.study - INFO - Trial 163 finished with value: 0.1360327062768169 and parameters: {'n_layers': 1, 'embedding_dim': 256, 'lr': 0.0009815171910964233, 'lambda_val': 3.041179331820216e-05, 'batch_size': 1748, 'optimizer': 'Adam'}. Best is trial 138 with value: 0.14323902159755034.
2026-05-19 16:42:11,144 - experiment_functions - INFO - Early stopping at epoch 950. Best Recall: 0.1200
2026-05-19 16:42:11,448 - optuna.study.study - INFO - Trial 164 finished with value: 0.11995523539276017 and parameters: {'n_layers': 1, 'embedding_dim': 256, 'lr': 0.0011013666791361671, 'lambda_val': 2.9210087076279797e-05, 'batch_size': 1736, 'optimizer': 'Adam'}. Best is trial 138 with value: 0.14323902159755034.
2026-05-19 16:42:17,288 - experiment_functions - INFO - Early stopping at epoch 800. Best Recall: 0.1215
2026-05-19 16:42:17,398 - optuna.study.study - INFO - Trial 165 finished with value: 0.12154278857065937 and parameters: {'n_layers': 1, 'embedding_dim': 256, 'lr': 0.001411223286116908, 'lambda_val': 1.6501145727328594e-05, 'batch_size': 1614, 'optimizer': 'Adam'}. Best is trial 138 with value: 0.14323902159755034.
2026-05-19 16:42:23,976 - optuna.study._optimize - INFO - Trial 166 pruned. 
2026-05-19 16:42:48,466 - optuna.study.study - INFO - Trial 167 finished with value: 0.14723617654182158 and parameters: {'n_layers': 1, 'embedding_dim': 256, 'lr': 0.00041042856944714884, 'lambda_val': 4.5311452756338626e-05, 'batch_size': 1872, 'optimizer': 'Adam'}. Best is trial 167 with value: 0.14723617654182158.
2026-05-19 16:42:55,077 - optuna.study._optimize - INFO - Trial 168 pruned. 
2026-05-19 16:43:01,896 - optuna.study._optimize - INFO - Trial 169 pruned. 
2026-05-19 16:43:08,724 - optuna.study._optimize - INFO - Trial 170 pruned. 
2026-05-19 16:43:16,131 - optuna.study._optimize - INFO - Trial 171 pruned. 
2026-05-19 16:43:25,457 - experiment_functions - INFO - Early stopping at epoch 1450. Best Recall: 0.1330
2026-05-19 16:43:25,548 - optuna.study.study - INFO - Trial 172 finished with value: 0.1329939849183223 and parameters: {'n_layers': 1, 'embedding_dim': 256, 'lr': 0.0007101358339116191, 'lambda_val': 3.531692412554492e-05, 'batch_size': 1874, 'optimizer': 'Adam'}. Best is trial 167 with value: 0.14723617654182158.
2026-05-19 16:43:32,744 - optuna.study._optimize - INFO - Trial 173 pruned. 
2026-05-19 16:43:40,226 - experiment_functions - INFO - Early stopping at epoch 1100. Best Recall: 0.1285
2026-05-19 16:43:40,324 - optuna.study.study - INFO - Trial 174 finished with value: 0.12854916693274226 and parameters: {'n_layers': 1, 'embedding_dim': 256, 'lr': 0.000961360352983497, 'lambda_val': 2.1705269754554526e-05, 'batch_size': 1766, 'optimizer': 'Adam'}. Best is trial 167 with value: 0.14723617654182158.
2026-05-19 16:43:48,074 - experiment_functions - INFO - Early stopping at epoch 650. Best Recall: 0.0423
2026-05-19 16:43:48,834 - optuna.study.study - INFO - Trial 175 finished with value: 0.04228411056745094 and parameters: {'n_layers': 3, 'embedding_dim': 256, 'lr': 0.001239382683914529, 'lambda_val': 6.635557958173078e-05, 'batch_size': 1932, 'optimizer': 'Adam'}. Best is trial 167 with value: 0.14723617654182158.
2026-05-19 16:44:03,535 - optuna.study._optimize - INFO - Trial 176 pruned. 
2026-05-19 16:44:08,687 - experiment_functions - INFO - Early stopping at epoch 750. Best Recall: 0.1242
2026-05-19 16:44:08,778 - optuna.study.study - INFO - Trial 177 finished with value: 0.12417571318468068 and parameters: {'n_layers': 1, 'embedding_dim': 256, 'lr': 0.0016462498208351113, 'lambda_val': 3.106826693394637e-05, 'batch_size': 1844, 'optimizer': 'Adam'}. Best is trial 167 with value: 0.14723617654182158.
2026-05-19 16:44:15,471 - optuna.study._optimize - INFO - Trial 178 pruned. 
2026-05-19 16:44:19,276 - experiment_functions - INFO - Early stopping at epoch 500. Best Recall: 0.0033
2026-05-19 16:44:19,377 - optuna.study.study - INFO - Trial 179 finished with value: 0.003304093672253643 and parameters: {'n_layers': 1, 'embedding_dim': 256, 'lr': 0.0007836003724131431, 'lambda_val': 3.935188558827499e-05, 'batch_size': 2021, 'optimizer': 'SGD'}. Best is trial 167 with value: 0.14723617654182158.
2026-05-19 16:44:34,401 - optuna.study._optimize - INFO - Trial 180 pruned. 
2026-05-19 16:44:42,303 - experiment_functions - INFO - Early stopping at epoch 1200. Best Recall: 0.1287
2026-05-19 16:44:42,394 - optuna.study.study - INFO - Trial 181 finished with value: 0.12866991816308687 and parameters: {'n_layers': 1, 'embedding_dim': 256, 'lr': 0.0006687599292763661, 'lambda_val': 3.667548151869213e-05, 'batch_size': 1846, 'optimizer': 'Adam'}. Best is trial 167 with value: 0.14723617654182158.
2026-05-19 16:44:54,180 - experiment_functions - INFO - Early stopping at epoch 1800. Best Recall: 0.1338
2026-05-19 16:44:54,280 - optuna.study.study - INFO - Trial 182 finished with value: 0.1338118031335336 and parameters: {'n_layers': 1, 'embedding_dim': 256, 'lr': 0.0005018894897150036, 'lambda_val': 5.058694971648347e-05, 'batch_size': 1887, 'optimizer': 'Adam'}. Best is trial 167 with value: 0.14723617654182158.
2026-05-19 16:45:06,157 - experiment_functions - INFO - Early stopping at epoch 1800. Best Recall: 0.1397
2026-05-19 16:45:06,278 - optuna.study.study - INFO - Trial 183 finished with value: 0.13971004979565796 and parameters: {'n_layers': 1, 'embedding_dim': 256, 'lr': 0.00046039691631880026, 'lambda_val': 5.616489134738688e-05, 'batch_size': 1918, 'optimizer': 'Adam'}. Best is trial 167 with value: 0.14723617654182158.
2026-05-19 16:45:13,733 - optuna.study._optimize - INFO - Trial 184 pruned. 
2026-05-19 16:45:34,803 - experiment_functions - INFO - Early stopping at epoch 2050. Best Recall: 0.1388
2026-05-19 16:45:34,902 - optuna.study.study - INFO - Trial 185 finished with value: 0.1388375628618617 and parameters: {'n_layers': 1, 'embedding_dim': 256, 'lr': 0.0004815600784012116, 'lambda_val': 0.00010366590584813949, 'batch_size': 1916, 'optimizer': 'Adam'}. Best is trial 167 with value: 0.14723617654182158.
2026-05-19 16:45:42,114 - optuna.study._optimize - INFO - Trial 186 pruned. 
2026-05-19 16:45:46,401 - experiment_functions - INFO - Early stopping at epoch 550. Best Recall: 0.0260
2026-05-19 16:45:46,511 - optuna.study.study - INFO - Trial 187 finished with value: 0.026033945752200128 and parameters: {'n_layers': 1, 'embedding_dim': 256, 'lr': 0.051585053883613244, 'lambda_val': 5.305302055433608e-05, 'batch_size': 2006, 'optimizer': 'Adam'}. Best is trial 167 with value: 0.14723617654182158.
2026-05-19 16:45:53,342 - optuna.study._optimize - INFO - Trial 188 pruned. 
2026-05-19 16:45:59,976 - optuna.study._optimize - INFO - Trial 189 pruned. 
2026-05-19 16:46:06,772 - optuna.study._optimize - INFO - Trial 190 pruned. 
2026-05-19 16:46:16,580 - experiment_functions - INFO - Early stopping at epoch 1500. Best Recall: 0.1366
2026-05-19 16:46:16,679 - optuna.study.study - INFO - Trial 191 finished with value: 0.13655344222931506 and parameters: {'n_layers': 1, 'embedding_dim': 256, 'lr': 0.0005857376357747102, 'lambda_val': 5.4103556151080714e-05, 'batch_size': 1967, 'optimizer': 'Adam'}. Best is trial 167 with value: 0.14723617654182158.
2026-05-19 16:46:23,572 - optuna.study._optimize - INFO - Trial 192 pruned. 
2026-05-19 16:46:30,747 - optuna.study._optimize - INFO - Trial 193 pruned. 
2026-05-19 16:46:37,990 - optuna.study._optimize - INFO - Trial 194 pruned. 
2026-05-19 16:46:45,022 - optuna.study._optimize - INFO - Trial 195 pruned. 
2026-05-19 16:46:53,109 - experiment_functions - INFO - Early stopping at epoch 1150. Best Recall: 0.1355
2026-05-19 16:46:53,886 - optuna.study.study - INFO - Trial 196 finished with value: 0.13547173550146832 and parameters: {'n_layers': 1, 'embedding_dim': 256, 'lr': 0.0007615348004151846, 'lambda_val': 4.8759169434059155e-05, 'batch_size': 1848, 'optimizer': 'Adam'}. Best is trial 167 with value: 0.14723617654182158.
2026-05-19 16:47:08,451 - experiment_functions - INFO - Early stopping at epoch 950. Best Recall: 0.1267
2026-05-19 16:47:08,541 - optuna.study.study - INFO - Trial 197 finished with value: 0.12670381204085743 and parameters: {'n_layers': 1, 'embedding_dim': 256, 'lr': 0.0008836280041024441, 'lambda_val': 4.798779646866284e-05, 'batch_size': 1860, 'optimizer': 'Adam'}. Best is trial 167 with value: 0.14723617654182158.
2026-05-19 16:47:18,836 - experiment_functions - INFO - Early stopping at epoch 1650. Best Recall: 0.1324
2026-05-19 16:47:18,937 - optuna.study.study - INFO - Trial 198 finished with value: 0.132442015663639 and parameters: {'n_layers': 1, 'embedding_dim': 256, 'lr': 0.0005617556268767172, 'lambda_val': 3.2139023430627845e-05, 'batch_size': 1998, 'optimizer': 'Adam'}. Best is trial 167 with value: 0.14723617654182158.
2026-05-19 16:47:27,535 - experiment_functions - INFO - Early stopping at epoch 1250. Best Recall: 0.1315
2026-05-19 16:47:27,637 - optuna.study.study - INFO - Trial 199 finished with value: 0.13147135969547946 and parameters: {'n_layers': 1, 'embedding_dim': 256, 'lr': 0.000724542801892956, 'lambda_val': 3.270545051880719e-05, 'batch_size': 1991, 'optimizer': 'Adam'}. Best is trial 167 with value: 0.14723617654182158.
2026-05-19 16:47:33,921 - optuna.study._optimize - INFO - Trial 200 pruned. 
2026-05-19 16:47:42,950 - experiment_functions - INFO - Early stopping at epoch 1400. Best Recall: 0.1352
2026-05-19 16:47:43,050 - optuna.study.study - INFO - Trial 201 finished with value: 0.1352106648603587 and parameters: {'n_layers': 1, 'embedding_dim': 256, 'lr': 0.0005841535786652338, 'lambda_val': 5.645189796747952e-05, 'batch_size': 1943, 'optimizer': 'Adam'}. Best is trial 167 with value: 0.14723617654182158.
2026-05-19 16:47:50,152 - optuna.study._optimize - INFO - Trial 202 pruned. 
2026-05-19 16:47:58,025 - optuna.study._optimize - INFO - Trial 203 pruned. 
2026-05-19 16:48:05,703 - optuna.study._optimize - INFO - Trial 204 pruned. 
2026-05-19 16:48:12,878 - optuna.study._optimize - INFO - Trial 205 pruned. 
2026-05-19 16:48:19,759 - optuna.study._optimize - INFO - Trial 206 pruned. 
2026-05-19 16:48:30,574 - experiment_functions - INFO - Early stopping at epoch 1550. Best Recall: 0.1314
2026-05-19 16:48:30,682 - optuna.study.study - INFO - Trial 207 finished with value: 0.13136141384574085 and parameters: {'n_layers': 1, 'embedding_dim': 256, 'lr': 0.0007135551158792085, 'lambda_val': 5.5522943557022765e-05, 'batch_size': 1824, 'optimizer': 'Adam'}. Best is trial 167 with value: 0.14723617654182158.
2026-05-19 16:48:46,156 - optuna.study._optimize - INFO - Trial 208 pruned. 
2026-05-19 16:48:53,247 - optuna.study._optimize - INFO - Trial 209 pruned. 
2026-05-19 16:49:00,251 - optuna.study._optimize - INFO - Trial 210 pruned. 
2026-05-19 16:49:07,446 - optuna.study._optimize - INFO - Trial 211 pruned. 
2026-05-19 16:49:15,286 - optuna.study._optimize - INFO - Trial 212 pruned. 
2026-05-19 16:49:22,531 - optuna.study._optimize - INFO - Trial 213 pruned. 
2026-05-19 16:49:29,188 - experiment_functions - INFO - Early stopping at epoch 900. Best Recall: 0.1241
2026-05-19 16:49:29,289 - optuna.study.study - INFO - Trial 214 finished with value: 0.12409500680818156 and parameters: {'n_layers': 1, 'embedding_dim': 256, 'lr': 0.0008308462625468017, 'lambda_val': 4.5182994651399597e-05, 'batch_size': 1784, 'optimizer': 'Adam'}. Best is trial 167 with value: 0.14723617654182158.
2026-05-19 16:49:36,807 - optuna.study._optimize - INFO - Trial 215 pruned. 
2026-05-19 16:49:44,882 - optuna.study._optimize - INFO - Trial 216 pruned. 
2026-05-19 16:49:48,683 - experiment_functions - INFO - Early stopping at epoch 500. Best Recall: 0.0022
2026-05-19 16:49:48,774 - optuna.study.study - INFO - Trial 217 finished with value: 0.002150802315523757 and parameters: {'n_layers': 1, 'embedding_dim': 256, 'lr': 0.0004752483317834027, 'lambda_val': 7.52258289212219e-05, 'batch_size': 1691, 'optimizer': 'SGD'}. Best is trial 167 with value: 0.14723617654182158.
2026-05-19 16:49:59,529 - experiment_functions - INFO - Early stopping at epoch 1500. Best Recall: 0.1306
2026-05-19 16:49:59,619 - optuna.study.study - INFO - Trial 218 finished with value: 0.13057860639714308 and parameters: {'n_layers': 1, 'embedding_dim': 256, 'lr': 0.0006042788965182293, 'lambda_val': 0.00010066282070967212, 'batch_size': 2252, 'optimizer': 'Adam'}. Best is trial 167 with value: 0.14723617654182158.
2026-05-19 16:50:07,200 - experiment_functions - INFO - Early stopping at epoch 1050. Best Recall: 0.1314
2026-05-19 16:50:07,289 - optuna.study.study - INFO - Trial 219 finished with value: 0.13139044027438615 and parameters: {'n_layers': 1, 'embedding_dim': 256, 'lr': 0.0009661299112908294, 'lambda_val': 4.376706314542931e-05, 'batch_size': 1822, 'optimizer': 'Adam'}. Best is trial 167 with value: 0.14723617654182158.
2026-05-19 16:50:14,950 - optuna.study._optimize - INFO - Trial 220 pruned. 
2026-05-19 16:50:25,495 - experiment_functions - INFO - Early stopping at epoch 1500. Best Recall: 0.1388
2026-05-19 16:50:25,606 - optuna.study.study - INFO - Trial 221 finished with value: 0.13881920782108984 and parameters: {'n_layers': 1, 'embedding_dim': 256, 'lr': 0.0007327492574850685, 'lambda_val': 0.00012661887934062885, 'batch_size': 1348, 'optimizer': 'Adam'}. Best is trial 167 with value: 0.14723617654182158.
2026-05-19 16:50:35,693 - experiment_functions - INFO - Early stopping at epoch 1350. Best Recall: 0.1338
2026-05-19 16:50:35,814 - optuna.study.study - INFO - Trial 222 finished with value: 0.1337901149487354 and parameters: {'n_layers': 1, 'embedding_dim': 256, 'lr': 0.0007959270618246989, 'lambda_val': 9.38646112472866e-05, 'batch_size': 1575, 'optimizer': 'Adam'}. Best is trial 167 with value: 0.14723617654182158.
2026-05-19 16:50:51,591 - optuna.study._optimize - INFO - Trial 223 pruned. 
2026-05-19 16:50:58,712 - optuna.study._optimize - INFO - Trial 224 pruned. 
2026-05-19 16:51:07,275 - optuna.study._optimize - INFO - Trial 225 pruned. 
2026-05-19 16:51:14,877 - optuna.study._optimize - INFO - Trial 226 pruned. 
2026-05-19 16:51:22,231 - optuna.study._optimize - INFO - Trial 227 pruned. 
2026-05-19 16:51:28,603 - experiment_functions - INFO - Early stopping at epoch 700. Best Recall: 0.0823
2026-05-19 16:51:28,694 - optuna.study.study - INFO - Trial 228 finished with value: 0.08231862582470909 and parameters: {'n_layers': 2, 'embedding_dim': 256, 'lr': 0.0010565737440521813, 'lambda_val': 5.3319596417149746e-05, 'batch_size': 1483, 'optimizer': 'Adam'}. Best is trial 167 with value: 0.14723617654182158.
2026-05-19 16:51:33,403 - experiment_functions - INFO - Early stopping at epoch 650. Best Recall: 0.0027
2026-05-19 16:51:33,494 - optuna.study.study - INFO - Trial 229 finished with value: 0.0027265760257196426 and parameters: {'n_layers': 1, 'embedding_dim': 128, 'lr': 1.6713874480945783e-05, 'lambda_val': 2.460571505645331e-05, 'batch_size': 3650, 'optimizer': 'Adam'}. Best is trial 167 with value: 0.14723617654182158.
2026-05-19 16:51:48,140 - experiment_functions - INFO - Early stopping at epoch 2100. Best Recall: 0.1386
2026-05-19 16:51:48,249 - optuna.study.study - INFO - Trial 230 finished with value: 0.13861260926318555 and parameters: {'n_layers': 1, 'embedding_dim': 256, 'lr': 0.0005723898144329246, 'lambda_val': 9.474109960991348e-05, 'batch_size': 1404, 'optimizer': 'Adam'}. Best is trial 167 with value: 0.14723617654182158.
2026-05-19 16:51:54,423 - experiment_functions - INFO - Early stopping at epoch 850. Best Recall: 0.0420
2026-05-19 16:51:54,521 - optuna.study.study - INFO - Trial 231 finished with value: 0.04195721205455562 and parameters: {'n_layers': 1, 'embedding_dim': 256, 'lr': 0.0005622814116834781, 'lambda_val': 0.05603651307868435, 'batch_size': 1414, 'optimizer': 'Adam'}. Best is trial 167 with value: 0.14723617654182158.
2026-05-19 16:52:05,521 - experiment_functions - INFO - Early stopping at epoch 1500. Best Recall: 0.1339
2026-05-19 16:52:05,612 - optuna.study.study - INFO - Trial 232 finished with value: 0.13394803555039675 and parameters: {'n_layers': 1, 'embedding_dim': 256, 'lr': 0.0006603628242824106, 'lambda_val': 9.604921846115765e-05, 'batch_size': 1383, 'optimizer': 'Adam'}. Best is trial 167 with value: 0.14723617654182158.
2026-05-19 16:52:14,925 - experiment_functions - INFO - Early stopping at epoch 1300. Best Recall: 0.1294
2026-05-19 16:52:15,014 - optuna.study.study - INFO - Trial 233 finished with value: 0.129432815514409 and parameters: {'n_layers': 1, 'embedding_dim': 256, 'lr': 0.0008108746828264047, 'lambda_val': 0.00010089753987011205, 'batch_size': 1339, 'optimizer': 'Adam'}. Best is trial 167 with value: 0.14723617654182158.
2026-05-19 16:52:22,350 - optuna.study._optimize - INFO - Trial 234 pruned. 
2026-05-19 16:52:29,921 - optuna.study._optimize - INFO - Trial 235 pruned. 
2026-05-19 16:52:38,887 - experiment_functions - INFO - Early stopping at epoch 1300. Best Recall: 0.1296
2026-05-19 16:52:38,977 - optuna.study.study - INFO - Trial 236 finished with value: 0.12964029131678212 and parameters: {'n_layers': 1, 'embedding_dim': 256, 'lr': 0.0009354418310869887, 'lambda_val': 6.81934859675538e-05, 'batch_size': 1254, 'optimizer': 'Adam'}. Best is trial 167 with value: 0.14723617654182158.
2026-05-19 16:52:46,136 - optuna.study._optimize - INFO - Trial 237 pruned. 
2026-05-19 16:52:55,347 - experiment_functions - INFO - Early stopping at epoch 1300. Best Recall: 0.1294
2026-05-19 16:52:55,437 - optuna.study.study - INFO - Trial 238 finished with value: 0.12935815648977186 and parameters: {'n_layers': 1, 'embedding_dim': 256, 'lr': 0.0007541321645730536, 'lambda_val': 0.00012226753574672716, 'batch_size': 1456, 'optimizer': 'Adam'}. Best is trial 167 with value: 0.14723617654182158.
2026-05-19 16:53:07,321 - experiment_functions - INFO - Early stopping at epoch 1850. Best Recall: 0.1372
2026-05-19 16:53:07,433 - optuna.study.study - INFO - Trial 239 finished with value: 0.13721486206004285 and parameters: {'n_layers': 1, 'embedding_dim': 256, 'lr': 0.0005060939297086429, 'lambda_val': 5.9632974588865035e-05, 'batch_size': 1550, 'optimizer': 'Adam'}. Best is trial 167 with value: 0.14723617654182158.
2026-05-19 16:53:14,783 - optuna.study._optimize - INFO - Trial 240 pruned. 
2026-05-19 16:53:24,827 - experiment_functions - INFO - Early stopping at epoch 1550. Best Recall: 0.1374
2026-05-19 16:53:24,927 - optuna.study.study - INFO - Trial 241 finished with value: 0.13737498437853812 and parameters: {'n_layers': 1, 'embedding_dim': 256, 'lr': 0.0005369392093521667, 'lambda_val': 4.9422003603941224e-05, 'batch_size': 1505, 'optimizer': 'Adam'}. Best is trial 167 with value: 0.14723617654182158.
2026-05-19 16:53:31,998 - optuna.study._optimize - INFO - Trial 242 pruned. 
2026-05-19 16:53:39,143 - optuna.study._optimize - INFO - Trial 243 pruned. 
2026-05-19 16:53:45,977 - optuna.study._optimize - INFO - Trial 244 pruned. 
2026-05-19 16:53:56,419 - experiment_functions - INFO - Early stopping at epoch 1550. Best Recall: 0.1342
2026-05-19 16:53:56,509 - optuna.study.study - INFO - Trial 245 finished with value: 0.13421631195741832 and parameters: {'n_layers': 1, 'embedding_dim': 256, 'lr': 0.0005749448390359583, 'lambda_val': 4.4398423081004784e-05, 'batch_size': 1603, 'optimizer': 'Adam'}. Best is trial 167 with value: 0.14723617654182158.
2026-05-19 16:54:03,878 - optuna.study._optimize - INFO - Trial 246 pruned. 
2026-05-19 16:54:11,050 - optuna.study._optimize - INFO - Trial 247 pruned. 
2026-05-19 16:54:18,289 - optuna.study._optimize - INFO - Trial 248 pruned. 
2026-05-19 16:54:25,592 - optuna.study._optimize - INFO - Trial 249 pruned. 
2026-05-19 16:54:29,935 - experiment_functions - INFO - Early stopping at epoch 500. Best Recall: 0.0022
2026-05-19 16:54:30,014 - optuna.study.study - INFO - Trial 250 finished with value: 0.0022017391810161984 and parameters: {'n_layers': 1, 'embedding_dim': 256, 'lr': 0.000469269792042384, 'lambda_val': 0.00017489673578426697, 'batch_size': 1347, 'optimizer': 'SGD'}. Best is trial 167 with value: 0.14723617654182158.
2026-05-19 16:54:37,530 - optuna.study._optimize - INFO - Trial 251 pruned. 
2026-05-19 16:54:50,762 - experiment_functions - INFO - Early stopping at epoch 1850. Best Recall: 0.1336
2026-05-19 16:54:50,860 - optuna.study.study - INFO - Trial 252 finished with value: 0.13359567789495333 and parameters: {'n_layers': 1, 'embedding_dim': 256, 'lr': 0.0005730517504984613, 'lambda_val': 4.553370052187725e-05, 'batch_size': 1592, 'optimizer': 'Adam'}. Best is trial 167 with value: 0.14723617654182158.
2026-05-19 16:54:57,748 - optuna.study._optimize - INFO - Trial 253 pruned. 
2026-05-19 16:55:03,923 - optuna.study._optimize - INFO - Trial 254 pruned. 
2026-05-19 16:55:11,517 - optuna.study._optimize - INFO - Trial 255 pruned. 
2026-05-19 16:55:20,354 - optuna.study._optimize - INFO - Trial 256 pruned. 
2026-05-19 16:55:29,180 - optuna.study._optimize - INFO - Trial 257 pruned. 
2026-05-19 16:55:36,561 - optuna.study._optimize - INFO - Trial 258 pruned. 
2026-05-19 16:55:43,753 - optuna.study._optimize - INFO - Trial 259 pruned. 
2026-05-19 16:55:53,646 - optuna.study._optimize - INFO - Trial 260 pruned. 
2026-05-19 16:56:00,934 - optuna.study._optimize - INFO - Trial 261 pruned. 
2026-05-19 16:56:07,904 - optuna.study._optimize - INFO - Trial 262 pruned. 
2026-05-19 16:56:15,438 - optuna.study._optimize - INFO - Trial 263 pruned. 
2026-05-19 16:56:24,965 - optuna.study._optimize - INFO - Trial 264 pruned. 
2026-05-19 16:56:31,881 - optuna.study._optimize - INFO - Trial 265 pruned. 
2026-05-19 16:56:36,213 - experiment_functions - INFO - Early stopping at epoch 550. Best Recall: 0.0525
2026-05-19 16:56:36,303 - optuna.study.study - INFO - Trial 266 finished with value: 0.052548440607807216 and parameters: {'n_layers': 1, 'embedding_dim': 256, 'lr': 0.016351900954533472, 'lambda_val': 8.382253703054593e-05, 'batch_size': 1590, 'optimizer': 'Adam'}. Best is trial 167 with value: 0.14723617654182158.
2026-05-19 16:56:48,804 - optuna.study._optimize - INFO - Trial 267 pruned. 
2026-05-19 16:56:56,986 - optuna.study._optimize - INFO - Trial 268 pruned. 
2026-05-19 16:57:00,705 - experiment_functions - INFO - Early stopping at epoch 500. Best Recall: 0.0017
2026-05-19 16:57:00,795 - optuna.study.study - INFO - Trial 269 finished with value: 0.001655962734523614 and parameters: {'n_layers': 1, 'embedding_dim': 256, 'lr': 0.0007731649170802926, 'lambda_val': 0.000213336020898373, 'batch_size': 1519, 'optimizer': 'SGD'}. Best is trial 167 with value: 0.14723617654182158.
2026-05-19 16:57:07,927 - optuna.study._optimize - INFO - Trial 270 pruned. 
2026-05-19 16:57:14,411 - optuna.study._optimize - INFO - Trial 271 pruned. 
2026-05-19 16:57:21,241 - optuna.study._optimize - INFO - Trial 272 pruned. 
2026-05-19 16:57:28,953 - optuna.study._optimize - INFO - Trial 273 pruned. 
2026-05-19 16:57:36,791 - experiment_functions - INFO - Early stopping at epoch 850. Best Recall: 0.0560
2026-05-19 16:57:36,881 - optuna.study.study - INFO - Trial 274 finished with value: 0.0560267618595498 and parameters: {'n_layers': 3, 'embedding_dim': 256, 'lr': 0.0009223081648679096, 'lambda_val': 6.0074853685942176e-05, 'batch_size': 1326, 'optimizer': 'Adam'}. Best is trial 167 with value: 0.14723617654182158.
2026-05-19 16:57:42,886 - optuna.study._optimize - INFO - Trial 275 pruned. 
2026-05-19 16:57:58,405 - optuna.study._optimize - INFO - Trial 276 pruned. 
2026-05-19 16:58:05,754 - optuna.study._optimize - INFO - Trial 277 pruned. 
2026-05-19 16:58:14,854 - experiment_functions - INFO - Early stopping at epoch 1300. Best Recall: 0.1299
2026-05-19 16:58:14,953 - optuna.study.study - INFO - Trial 278 finished with value: 0.12990746280811155 and parameters: {'n_layers': 1, 'embedding_dim': 256, 'lr': 0.0007565439575992678, 'lambda_val': 3.27892930739541e-05, 'batch_size': 1943, 'optimizer': 'Adam'}. Best is trial 167 with value: 0.14723617654182158.
2026-05-19 16:58:24,515 - experiment_functions - INFO - Early stopping at epoch 1300. Best Recall: 0.1354
2026-05-19 16:58:24,623 - optuna.study.study - INFO - Trial 279 finished with value: 0.13544057048847233 and parameters: {'n_layers': 1, 'embedding_dim': 256, 'lr': 0.000519026866505605, 'lambda_val': 0.00016435521180585235, 'batch_size': 2572, 'optimizer': 'Adam'}. Best is trial 167 with value: 0.14723617654182158.
2026-05-19 16:58:30,632 - optuna.study._optimize - INFO - Trial 280 pruned. 
2026-05-19 16:58:37,309 - optuna.study._optimize - INFO - Trial 281 pruned. 
2026-05-19 16:58:45,163 - optuna.study._optimize - INFO - Trial 282 pruned. 
2026-05-19 16:59:04,229 - experiment_functions - INFO - Early stopping at epoch 2300. Best Recall: 0.1442
2026-05-19 16:59:04,364 - optuna.study.study - INFO - Trial 283 finished with value: 0.1442324658713833 and parameters: {'n_layers': 1, 'embedding_dim': 256, 'lr': 0.0005940221186451506, 'lambda_val': 4.554628584011145e-05, 'batch_size': 1273, 'optimizer': 'Adam'}. Best is trial 167 with value: 0.14723617654182158.
2026-05-19 16:59:12,545 - optuna.study._optimize - INFO - Trial 284 pruned. 
2026-05-19 16:59:24,080 - experiment_functions - INFO - Early stopping at epoch 1700. Best Recall: 0.1330
2026-05-19 16:59:24,171 - optuna.study.study - INFO - Trial 285 finished with value: 0.1330438398862696 and parameters: {'n_layers': 1, 'embedding_dim': 256, 'lr': 0.000571249467847568, 'lambda_val': 5.6512203415629444e-05, 'batch_size': 2500, 'optimizer': 'Adam'}. Best is trial 167 with value: 0.14723617654182158.
2026-05-19 16:59:46,395 - experiment_functions - INFO - Early stopping at epoch 3200. Best Recall: 0.1468
2026-05-19 16:59:46,495 - optuna.study.study - INFO - Trial 286 finished with value: 0.14676610834850637 and parameters: {'n_layers': 1, 'embedding_dim': 256, 'lr': 0.0003139212810513367, 'lambda_val': 0.0001263881378842511, 'batch_size': 2679, 'optimizer': 'Adam'}. Best is trial 167 with value: 0.14723617654182158.
2026-05-19 16:59:53,795 - optuna.study._optimize - INFO - Trial 287 pruned. 
2026-05-19 17:00:00,912 - optuna.study._optimize - INFO - Trial 288 pruned. 
2026-05-19 17:00:05,372 - experiment_functions - INFO - Early stopping at epoch 500. Best Recall: 0.0017
2026-05-19 17:00:05,462 - optuna.study.study - INFO - Trial 289 finished with value: 0.0017287550181614888 and parameters: {'n_layers': 1, 'embedding_dim': 256, 'lr': 0.00031896093847018933, 'lambda_val': 2.46638479467418e-05, 'batch_size': 2644, 'optimizer': 'SGD'}. Best is trial 167 with value: 0.14723617654182158.
2026-05-19 17:00:13,820 - optuna.study._optimize - INFO - Trial 290 pruned. 
2026-05-19 17:00:21,653 - optuna.study._optimize - INFO - Trial 291 pruned. 
2026-05-19 17:00:28,235 - optuna.study._optimize - INFO - Trial 292 pruned. 
2026-05-19 17:00:36,912 - optuna.study._optimize - INFO - Trial 293 pruned. 
2026-05-19 17:00:45,083 - experiment_functions - INFO - Early stopping at epoch 1250. Best Recall: 0.1301
2026-05-19 17:00:45,173 - optuna.study.study - INFO - Trial 294 finished with value: 0.13005602501579402 and parameters: {'n_layers': 1, 'embedding_dim': 256, 'lr': 0.00047532547013085847, 'lambda_val': 7.070511149099967e-05, 'batch_size': 2745, 'optimizer': 'Adam'}. Best is trial 167 with value: 0.14723617654182158.
2026-05-19 17:00:53,842 - optuna.study._optimize - INFO - Trial 295 pruned. 
2026-05-19 17:01:01,181 - optuna.study._optimize - INFO - Trial 296 pruned. 
2026-05-19 17:01:06,557 - experiment_functions - INFO - Early stopping at epoch 650. Best Recall: 0.0999
2026-05-19 17:01:06,872 - optuna.study.study - INFO - Trial 297 finished with value: 0.09990755175098887 and parameters: {'n_layers': 1, 'embedding_dim': 256, 'lr': 0.004286335005019021, 'lambda_val': 3.291160881117286e-05, 'batch_size': 1301, 'optimizer': 'Adam'}. Best is trial 167 with value: 0.14723617654182158.
2026-05-19 17:01:12,523 - experiment_functions - INFO - Early stopping at epoch 700. Best Recall: 0.0371
2026-05-19 17:01:12,624 - optuna.study.study - INFO - Trial 298 finished with value: 0.03709038078930544 and parameters: {'n_layers': 4, 'embedding_dim': 64, 'lr': 0.0009128181892722242, 'lambda_val': 0.0003080691983920322, 'batch_size': 1442, 'optimizer': 'Adam'}. Best is trial 167 with value: 0.14723617654182158.
2026-05-19 17:01:21,324 - optuna.study._optimize - INFO - Trial 299 pruned. 
2026-05-19 17:01:21,327 - experiment_functions - INFO - Training the best model ... for e_100K_full
2026-05-19 17:01:36,245 - root - INFO - **** Training e_100K_1c1dcs
2026-05-19 17:01:36,245 - root - INFO -   ** 1-Dominant stats:
2026-05-19 17:01:36,246 - root - INFO -   ** Finding the dominant set:
2026-05-19 17:01:55,747 - root - INFO -   ** Getting the trainable edges:
2026-05-19 17:01:55,751 - helper_functions - INFO -      Number of nodes: 535
2026-05-19 17:01:55,751 - helper_functions - INFO -      Ratio: 0.05177085349332301
2026-05-19 17:01:55,751 - helper_functions - INFO -      Number of unique users: 303
2026-05-19 17:01:55,751 - helper_functions - INFO -      Number of unique items: 232
2026-05-19 17:01:55,751 - helper_functions - INFO -      Total dominant set edge: 8849
2026-05-19 17:01:55,751 - helper_functions - INFO -      Trainable edges: 7079.200000000001
2026-05-19 17:01:55,755 - root - INFO -   **** Getting 8849 dominant set edges
2026-05-19 17:01:57,844 - optuna.storages._rdb.storage - INFO - A new study created in RDB with name: Study_e_100K_1c1dcs_strict
2026-05-19 17:02:01,803 - experiment_functions - INFO - Early stopping at epoch 500. Best Recall: 0.0019
2026-05-19 17:02:01,901 - optuna.study.study - INFO - Trial 0 finished with value: 0.001871695167801279 and parameters: {'n_layers': 1, 'embedding_dim': 256, 'lr': 0.019412513450675715, 'lambda_val': 0.000595501176097746, 'batch_size': 3888, 'optimizer': 'SGD'}. Best is trial 0 with value: 0.001871695167801279.
2026-05-19 17:02:07,503 - experiment_functions - INFO - Early stopping at epoch 850. Best Recall: 0.0015
2026-05-19 17:02:07,647 - optuna.study.study - INFO - Trial 1 finished with value: 0.0015039547379583258 and parameters: {'n_layers': 4, 'embedding_dim': 256, 'lr': 1.4983212577536186e-05, 'lambda_val': 6.725612753115394e-06, 'batch_size': 2304, 'optimizer': 'Adam'}. Best is trial 0 with value: 0.001871695167801279.
2026-05-19 17:02:13,722 - experiment_functions - INFO - Early stopping at epoch 650. Best Recall: 0.0085
2026-05-19 17:02:13,827 - optuna.study.study - INFO - Trial 2 finished with value: 0.008478944651582186 and parameters: {'n_layers': 3, 'embedding_dim': 32, 'lr': 0.0011358207950284192, 'lambda_val': 0.00742257705697081, 'batch_size': 3503, 'optimizer': 'Adam'}. Best is trial 2 with value: 0.008478944651582186.
2026-05-19 17:02:18,871 - experiment_functions - INFO - Early stopping at epoch 500. Best Recall: 0.0010
2026-05-19 17:02:18,971 - optuna.study.study - INFO - Trial 3 finished with value: 0.00100154242971945 and parameters: {'n_layers': 3, 'embedding_dim': 32, 'lr': 0.0011006619473426234, 'lambda_val': 0.0004009435531900917, 'batch_size': 1144, 'optimizer': 'SGD'}. Best is trial 2 with value: 0.008478944651582186.
2026-05-19 17:02:24,451 - experiment_functions - INFO - Early stopping at epoch 500. Best Recall: 0.0023
2026-05-19 17:02:24,551 - optuna.study.study - INFO - Trial 4 finished with value: 0.002264456158725704 and parameters: {'n_layers': 4, 'embedding_dim': 256, 'lr': 0.047339680198561974, 'lambda_val': 0.0015831455815915434, 'batch_size': 3569, 'optimizer': 'SGD'}. Best is trial 2 with value: 0.008478944651582186.
2026-05-19 17:02:33,419 - experiment_functions - INFO - Early stopping at epoch 1400. Best Recall: 0.0019
2026-05-19 17:02:33,498 - optuna.study.study - INFO - Trial 5 finished with value: 0.0019297878747208353 and parameters: {'n_layers': 2, 'embedding_dim': 128, 'lr': 1.3352875921970278e-05, 'lambda_val': 0.0010244419892525192, 'batch_size': 3024, 'optimizer': 'Adam'}. Best is trial 2 with value: 0.008478944651582186.
2026-05-19 17:02:43,205 - experiment_functions - INFO - Early stopping at epoch 1400. Best Recall: 0.0083
2026-05-19 17:02:43,304 - optuna.study.study - INFO - Trial 6 finished with value: 0.008259455998375803 and parameters: {'n_layers': 2, 'embedding_dim': 96, 'lr': 0.00021357452468706982, 'lambda_val': 2.5522776725130818e-05, 'batch_size': 2133, 'optimizer': 'Adam'}. Best is trial 2 with value: 0.008478944651582186.
2026-05-19 17:02:47,191 - experiment_functions - INFO - Early stopping at epoch 550. Best Recall: 0.0071
2026-05-19 17:02:47,271 - optuna.study.study - INFO - Trial 7 finished with value: 0.007078185603845211 and parameters: {'n_layers': 3, 'embedding_dim': 96, 'lr': 0.004046680351953498, 'lambda_val': 1.2260130346601718e-05, 'batch_size': 1075, 'optimizer': 'RMSprop'}. Best is trial 2 with value: 0.008478944651582186.
2026-05-19 17:02:51,225 - experiment_functions - INFO - Early stopping at epoch 600. Best Recall: 0.0051
2026-05-19 17:02:51,372 - optuna.study.study - INFO - Trial 8 finished with value: 0.00509635857880614 and parameters: {'n_layers': 2, 'embedding_dim': 32, 'lr': 0.02101332106074868, 'lambda_val': 0.0009070692989183248, 'batch_size': 3001, 'optimizer': 'Adam'}. Best is trial 2 with value: 0.008478944651582186.
2026-05-19 17:02:59,085 - optuna.study._optimize - INFO - Trial 9 pruned. 
2026-05-19 17:03:03,434 - experiment_functions - INFO - Early stopping at epoch 700. Best Recall: 0.0048
2026-05-19 17:03:03,523 - optuna.study.study - INFO - Trial 10 finished with value: 0.0048251250295731464 and parameters: {'n_layers': 1, 'embedding_dim': 64, 'lr': 0.0002304786995282707, 'lambda_val': 0.04755839464473414, 'batch_size': 3156, 'optimizer': 'RMSprop'}. Best is trial 2 with value: 0.008478944651582186.
2026-05-19 17:03:08,494 - experiment_functions - INFO - Early stopping at epoch 800. Best Recall: 0.0051
2026-05-19 17:03:08,607 - optuna.study.study - INFO - Trial 11 finished with value: 0.005084425318268327 and parameters: {'n_layers': 2, 'embedding_dim': 96, 'lr': 0.0001825432187431751, 'lambda_val': 0.019747436575715715, 'batch_size': 2237, 'optimizer': 'Adam'}. Best is trial 2 with value: 0.008478944651582186.
2026-05-19 17:03:14,903 - experiment_functions - INFO - Early stopping at epoch 850. Best Recall: 0.0079
2026-05-19 17:03:14,994 - optuna.study.study - INFO - Trial 12 finished with value: 0.007924010144673154 and parameters: {'n_layers': 3, 'embedding_dim': 96, 'lr': 0.0001972044560910392, 'lambda_val': 4.7168565325867404e-05, 'batch_size': 2166, 'optimizer': 'Adam'}. Best is trial 2 with value: 0.008478944651582186.
2026-05-19 17:03:20,200 - experiment_functions - INFO - Early stopping at epoch 550. Best Recall: 0.0053
2026-05-19 17:03:20,280 - optuna.study.study - INFO - Trial 13 finished with value: 0.005290862778032272 and parameters: {'n_layers': 2, 'embedding_dim': 128, 'lr': 0.0016013978968299587, 'lambda_val': 0.008727731782347984, 'batch_size': 1695, 'optimizer': 'Adam'}. Best is trial 2 with value: 0.008478944651582186.
2026-05-19 17:03:31,297 - experiment_functions - INFO - Early stopping at epoch 1850. Best Recall: 0.0082
2026-05-19 17:03:31,441 - optuna.study.study - INFO - Trial 14 finished with value: 0.0082055127606967 and parameters: {'n_layers': 4, 'embedding_dim': 64, 'lr': 7.431891854206858e-05, 'lambda_val': 1.1171139933064433e-06, 'batch_size': 2495, 'optimizer': 'Adam'}. Best is trial 2 with value: 0.008478944651582186.
2026-05-19 17:03:35,421 - experiment_functions - INFO - Early stopping at epoch 600. Best Recall: 0.0079
2026-05-19 17:03:35,509 - optuna.study.study - INFO - Trial 15 finished with value: 0.00789968311333507 and parameters: {'n_layers': 1, 'embedding_dim': 32, 'lr': 0.00432757064873238, 'lambda_val': 8.292144638065321e-05, 'batch_size': 4085, 'optimizer': 'RMSprop'}. Best is trial 2 with value: 0.008478944651582186.
2026-05-19 17:03:39,721 - experiment_functions - INFO - Early stopping at epoch 600. Best Recall: 0.0051
2026-05-19 17:03:39,827 - optuna.study.study - INFO - Trial 16 finished with value: 0.005121033369844294 and parameters: {'n_layers': 2, 'embedding_dim': 96, 'lr': 0.0005828890874162158, 'lambda_val': 0.00509675892818016, 'batch_size': 725, 'optimizer': 'Adam'}. Best is trial 2 with value: 0.008478944651582186.
2026-05-19 17:03:44,751 - experiment_functions - INFO - Early stopping at epoch 550. Best Recall: 0.0013
2026-05-19 17:03:44,842 - optuna.study.study - INFO - Trial 17 finished with value: 0.001343973760194243 and parameters: {'n_layers': 3, 'embedding_dim': 96, 'lr': 5.531811205691423e-05, 'lambda_val': 0.08943715091343095, 'batch_size': 2694, 'optimizer': 'Adam'}. Best is trial 2 with value: 0.008478944651582186.
2026-05-19 17:03:50,176 - experiment_functions - INFO - Early stopping at epoch 600. Best Recall: 0.0043
2026-05-19 17:03:50,266 - optuna.study.study - INFO - Trial 18 finished with value: 0.004342310178335735 and parameters: {'n_layers': 2, 'embedding_dim': 32, 'lr': 0.0040749218508764305, 'lambda_val': 0.00012358175140807237, 'batch_size': 1832, 'optimizer': 'RMSprop'}. Best is trial 2 with value: 0.008478944651582186.
2026-05-19 17:03:53,459 - experiment_functions - INFO - Early stopping at epoch 500. Best Recall: 0.0013
2026-05-19 17:03:53,594 - optuna.study.study - INFO - Trial 19 finished with value: 0.001261707807755682 and parameters: {'n_layers': 3, 'embedding_dim': 128, 'lr': 0.0004585506895554217, 'lambda_val': 0.0037205539902590533, 'batch_size': 3417, 'optimizer': 'SGD'}. Best is trial 2 with value: 0.008478944651582186.
2026-05-19 17:03:57,557 - experiment_functions - INFO - Early stopping at epoch 550. Best Recall: 0.0102
2026-05-19 17:03:57,720 - optuna.study.study - INFO - Trial 20 finished with value: 0.010200510151351577 and parameters: {'n_layers': 1, 'embedding_dim': 64, 'lr': 0.0019986043203364594, 'lambda_val': 2.3554718093306394e-05, 'batch_size': 2766, 'optimizer': 'Adam'}. Best is trial 20 with value: 0.010200510151351577.
2026-05-19 17:04:02,487 - experiment_functions - INFO - Early stopping at epoch 600. Best Recall: 0.0107
2026-05-19 17:04:02,598 - optuna.study.study - INFO - Trial 21 finished with value: 0.010738633194800114 and parameters: {'n_layers': 1, 'embedding_dim': 64, 'lr': 0.0013499528842585598, 'lambda_val': 2.3585809539526264e-05, 'batch_size': 2721, 'optimizer': 'Adam'}. Best is trial 21 with value: 0.010738633194800114.
2026-05-19 17:04:06,586 - experiment_functions - INFO - Early stopping at epoch 550. Best Recall: 0.0076
2026-05-19 17:04:06,739 - optuna.study.study - INFO - Trial 22 finished with value: 0.0075874042329423744 and parameters: {'n_layers': 1, 'embedding_dim': 64, 'lr': 0.0020058954087802255, 'lambda_val': 1.440242324986496e-06, 'batch_size': 2790, 'optimizer': 'Adam'}. Best is trial 21 with value: 0.010738633194800114.
2026-05-19 17:04:16,299 - experiment_functions - INFO - Early stopping at epoch 1400. Best Recall: 0.0121
2026-05-19 17:04:16,393 - optuna.study.study - INFO - Trial 23 finished with value: 0.012078567593333174 and parameters: {'n_layers': 1, 'embedding_dim': 64, 'lr': 0.009459886263676689, 'lambda_val': 0.000142298714668052, 'batch_size': 3375, 'optimizer': 'Adam'}. Best is trial 23 with value: 0.012078567593333174.
2026-05-19 17:04:27,723 - experiment_functions - INFO - Early stopping at epoch 1700. Best Recall: 0.0125
2026-05-19 17:04:27,837 - optuna.study.study - INFO - Trial 24 finished with value: 0.012493734178332145 and parameters: {'n_layers': 1, 'embedding_dim': 64, 'lr': 0.010948784594469449, 'lambda_val': 0.0001800842118451562, 'batch_size': 2707, 'optimizer': 'Adam'}. Best is trial 24 with value: 0.012493734178332145.
2026-05-19 17:04:33,936 - experiment_functions - INFO - Early stopping at epoch 950. Best Recall: 0.0109
2026-05-19 17:04:34,041 - optuna.study.study - INFO - Trial 25 finished with value: 0.010884217642196499 and parameters: {'n_layers': 1, 'embedding_dim': 64, 'lr': 0.014046809297299019, 'lambda_val': 0.00015773488440059297, 'batch_size': 3266, 'optimizer': 'Adam'}. Best is trial 24 with value: 0.012493734178332145.
2026-05-19 17:05:00,399 - experiment_functions - INFO - Early stopping at epoch 2100. Best Recall: 0.0126
2026-05-19 17:05:00,553 - optuna.study.study - INFO - Trial 26 finished with value: 0.01258715600483905 and parameters: {'n_layers': 1, 'embedding_dim': 64, 'lr': 0.013045981269107517, 'lambda_val': 0.00024675730870444434, 'batch_size': 3257, 'optimizer': 'Adam'}. Best is trial 26 with value: 0.01258715600483905.
2026-05-19 17:05:08,216 - experiment_functions - INFO - Early stopping at epoch 850. Best Recall: 0.0106
2026-05-19 17:05:08,297 - optuna.study.study - INFO - Trial 27 finished with value: 0.01062424612609111 and parameters: {'n_layers': 1, 'embedding_dim': 64, 'lr': 0.05033993519934393, 'lambda_val': 0.00020137876478956677, 'batch_size': 3814, 'optimizer': 'Adam'}. Best is trial 26 with value: 0.01258715600483905.
2026-05-19 17:05:11,100 - experiment_functions - INFO - Early stopping at epoch 500. Best Recall: 0.0026
2026-05-19 17:05:11,171 - optuna.study.study - INFO - Trial 28 finished with value: 0.002594039877898605 and parameters: {'n_layers': 1, 'embedding_dim': 64, 'lr': 0.008471654271169592, 'lambda_val': 0.0003154508750524085, 'batch_size': 3699, 'optimizer': 'SGD'}. Best is trial 26 with value: 0.01258715600483905.
2026-05-19 17:05:15,166 - experiment_functions - INFO - Early stopping at epoch 550. Best Recall: 0.0063
2026-05-19 17:05:15,238 - optuna.study.study - INFO - Trial 29 finished with value: 0.006299844368141075 and parameters: {'n_layers': 1, 'embedding_dim': 64, 'lr': 0.023381238396620672, 'lambda_val': 0.0025319443478033616, 'batch_size': 4082, 'optimizer': 'RMSprop'}. Best is trial 26 with value: 0.01258715600483905.
2026-05-19 17:05:18,359 - experiment_functions - INFO - Early stopping at epoch 500. Best Recall: 0.0026
2026-05-19 17:05:18,475 - optuna.study.study - INFO - Trial 30 finished with value: 0.0026453722435115993 and parameters: {'n_layers': 1, 'embedding_dim': 64, 'lr': 0.09415383324693677, 'lambda_val': 0.0006307209850208679, 'batch_size': 3299, 'optimizer': 'SGD'}. Best is trial 26 with value: 0.01258715600483905.
2026-05-19 17:05:25,554 - optuna.study._optimize - INFO - Trial 31 pruned. 
2026-05-19 17:05:35,149 - experiment_functions - INFO - Early stopping at epoch 1600. Best Recall: 0.0134
2026-05-19 17:05:35,245 - optuna.study.study - INFO - Trial 32 finished with value: 0.013420062561885403 and parameters: {'n_layers': 1, 'embedding_dim': 64, 'lr': 0.010376265404468505, 'lambda_val': 6.958474843858037e-05, 'batch_size': 3008, 'optimizer': 'Adam'}. Best is trial 32 with value: 0.013420062561885403.
2026-05-19 17:05:41,825 - experiment_functions - INFO - Early stopping at epoch 900. Best Recall: 0.0126
2026-05-19 17:05:41,930 - optuna.study.study - INFO - Trial 33 finished with value: 0.012648778466746943 and parameters: {'n_layers': 1, 'embedding_dim': 256, 'lr': 0.009203558958548217, 'lambda_val': 8.074693568509187e-05, 'batch_size': 2946, 'optimizer': 'Adam'}. Best is trial 32 with value: 0.013420062561885403.
2026-05-19 17:05:48,867 - experiment_functions - INFO - Early stopping at epoch 650. Best Recall: 0.0083
2026-05-19 17:05:49,017 - optuna.study.study - INFO - Trial 34 finished with value: 0.008262744899287485 and parameters: {'n_layers': 1, 'embedding_dim': 256, 'lr': 0.038569491432315056, 'lambda_val': 6.08863108495652e-05, 'batch_size': 3001, 'optimizer': 'Adam'}. Best is trial 32 with value: 0.013420062561885403.
2026-05-19 17:05:55,723 - optuna.study._optimize - INFO - Trial 35 pruned. 
2026-05-19 17:06:19,572 - experiment_functions - INFO - Early stopping at epoch 2850. Best Recall: 0.0141
2026-05-19 17:06:19,669 - optuna.study.study - INFO - Trial 36 finished with value: 0.014061646181365146 and parameters: {'n_layers': 2, 'embedding_dim': 256, 'lr': 0.0067053308297187735, 'lambda_val': 4.2026611022474886e-05, 'batch_size': 2647, 'optimizer': 'Adam'}. Best is trial 36 with value: 0.014061646181365146.
2026-05-19 17:06:24,276 - experiment_functions - INFO - Early stopping at epoch 500. Best Recall: 0.0024
2026-05-19 17:06:24,420 - optuna.study.study - INFO - Trial 37 finished with value: 0.002438131979377115 and parameters: {'n_layers': 2, 'embedding_dim': 256, 'lr': 0.0050515130657369555, 'lambda_val': 3.684627153498158e-06, 'batch_size': 2468, 'optimizer': 'SGD'}. Best is trial 36 with value: 0.014061646181365146.
2026-05-19 17:06:30,982 - experiment_functions - INFO - Early stopping at epoch 750. Best Recall: 0.0121
2026-05-19 17:06:31,087 - optuna.study.study - INFO - Trial 38 finished with value: 0.012115629779991722 and parameters: {'n_layers': 2, 'embedding_dim': 256, 'lr': 0.030525544664883962, 'lambda_val': 3.429246083464503e-05, 'batch_size': 3638, 'optimizer': 'Adam'}. Best is trial 36 with value: 0.014061646181365146.
2026-05-19 17:06:43,059 - experiment_functions - INFO - Early stopping at epoch 1700. Best Recall: 0.0132
2026-05-19 17:06:43,152 - optuna.study.study - INFO - Trial 39 finished with value: 0.013197267416227353 and parameters: {'n_layers': 2, 'embedding_dim': 256, 'lr': 0.0060568261581650995, 'lambda_val': 9.549472784774908e-06, 'batch_size': 2403, 'optimizer': 'Adam'}. Best is trial 36 with value: 0.014061646181365146.
2026-05-19 17:06:48,718 - experiment_functions - INFO - Early stopping at epoch 550. Best Recall: 0.0063
2026-05-19 17:06:48,801 - optuna.study.study - INFO - Trial 40 finished with value: 0.006254032911087187 and parameters: {'n_layers': 2, 'embedding_dim': 256, 'lr': 0.002619072560632311, 'lambda_val': 1.1458293160896193e-05, 'batch_size': 1957, 'optimizer': 'Adam'}. Best is trial 36 with value: 0.014061646181365146.
2026-05-19 17:06:56,266 - optuna.study._optimize - INFO - Trial 41 pruned. 
2026-05-19 17:07:04,361 - experiment_functions - INFO - Early stopping at epoch 1050. Best Recall: 0.0152
2026-05-19 17:07:04,462 - optuna.study.study - INFO - Trial 42 finished with value: 0.015227415452860923 and parameters: {'n_layers': 2, 'embedding_dim': 256, 'lr': 0.014453245562894188, 'lambda_val': 3.6255370771331498e-06, 'batch_size': 3109, 'optimizer': 'Adam'}. Best is trial 42 with value: 0.015227415452860923.
2026-05-19 17:07:16,450 - experiment_functions - INFO - Early stopping at epoch 950. Best Recall: 0.0140
2026-05-19 17:07:16,598 - optuna.study.study - INFO - Trial 43 finished with value: 0.01398748192738722 and parameters: {'n_layers': 2, 'embedding_dim': 256, 'lr': 0.017142295562326326, 'lambda_val': 2.941881689267634e-06, 'batch_size': 2464, 'optimizer': 'Adam'}. Best is trial 42 with value: 0.015227415452860923.
2026-05-19 17:07:23,458 - experiment_functions - INFO - Early stopping at epoch 950. Best Recall: 0.0132
2026-05-19 17:07:23,619 - optuna.study.study - INFO - Trial 44 finished with value: 0.013204530205907668 and parameters: {'n_layers': 2, 'embedding_dim': 256, 'lr': 0.018632339392104583, 'lambda_val': 3.109336190189207e-06, 'batch_size': 2338, 'optimizer': 'Adam'}. Best is trial 42 with value: 0.015227415452860923.
2026-05-19 17:07:32,101 - experiment_functions - INFO - Early stopping at epoch 1000. Best Recall: 0.0117
2026-05-19 17:07:33,091 - optuna.study.study - INFO - Trial 45 finished with value: 0.011724307161676864 and parameters: {'n_layers': 2, 'embedding_dim': 256, 'lr': 0.021597041045563193, 'lambda_val': 3.294631518453671e-06, 'batch_size': 1455, 'optimizer': 'Adam'}. Best is trial 42 with value: 0.015227415452860923.
2026-05-19 17:07:36,639 - experiment_functions - INFO - Early stopping at epoch 500. Best Recall: 0.0105
2026-05-19 17:07:37,097 - optuna.study.study - INFO - Trial 46 finished with value: 0.010482008367280521 and parameters: {'n_layers': 2, 'embedding_dim': 256, 'lr': 0.04862838017759966, 'lambda_val': 2.3103188815455247e-06, 'batch_size': 2312, 'optimizer': 'RMSprop'}. Best is trial 42 with value: 0.015227415452860923.
2026-05-19 17:07:44,522 - experiment_functions - INFO - Early stopping at epoch 900. Best Recall: 0.0144
2026-05-19 17:07:44,611 - optuna.study.study - INFO - Trial 47 finished with value: 0.014411481110649063 and parameters: {'n_layers': 3, 'embedding_dim': 256, 'lr': 0.017952443661728455, 'lambda_val': 4.8595599659483605e-06, 'batch_size': 2139, 'optimizer': 'Adam'}. Best is trial 42 with value: 0.015227415452860923.
2026-05-19 17:07:49,113 - experiment_functions - INFO - Early stopping at epoch 550. Best Recall: 0.0075
2026-05-19 17:07:49,217 - optuna.study.study - INFO - Trial 48 finished with value: 0.007485149627857126 and parameters: {'n_layers': 3, 'embedding_dim': 256, 'lr': 0.0030633388203755462, 'lambda_val': 5.209235740448927e-06, 'batch_size': 1928, 'optimizer': 'Adam'}. Best is trial 42 with value: 0.015227415452860923.
2026-05-19 17:07:58,610 - experiment_functions - INFO - Early stopping at epoch 950. Best Recall: 0.0023
2026-05-19 17:07:58,723 - optuna.study.study - INFO - Trial 49 finished with value: 0.00227209183248808 and parameters: {'n_layers': 4, 'embedding_dim': 128, 'lr': 0.06253961093766311, 'lambda_val': 1.827277918560884e-06, 'batch_size': 3114, 'optimizer': 'SGD'}. Best is trial 42 with value: 0.015227415452860923.
2026-05-19 17:08:04,464 - experiment_functions - INFO - Early stopping at epoch 850. Best Recall: 0.0139
2026-05-19 17:08:04,547 - optuna.study.study - INFO - Trial 50 finished with value: 0.01387560965147137 and parameters: {'n_layers': 3, 'embedding_dim': 256, 'lr': 0.03048512143929121, 'lambda_val': 6.368595586880609e-06, 'batch_size': 2074, 'optimizer': 'Adam'}. Best is trial 42 with value: 0.015227415452860923.
2026-05-19 17:08:12,504 - experiment_functions - INFO - Early stopping at epoch 750. Best Recall: 0.0128
2026-05-19 17:08:12,608 - optuna.study.study - INFO - Trial 51 finished with value: 0.012788202597330505 and parameters: {'n_layers': 3, 'embedding_dim': 256, 'lr': 0.03243950596416176, 'lambda_val': 5.582788319211907e-06, 'batch_size': 2058, 'optimizer': 'Adam'}. Best is trial 42 with value: 0.015227415452860923.
2026-05-19 17:08:24,990 - experiment_functions - INFO - Early stopping at epoch 1450. Best Recall: 0.0164
2026-05-19 17:08:25,088 - optuna.study.study - INFO - Trial 52 finished with value: 0.01638260754101202 and parameters: {'n_layers': 3, 'embedding_dim': 256, 'lr': 0.015744575122581275, 'lambda_val': 1.0770962842841354e-06, 'batch_size': 2604, 'optimizer': 'Adam'}. Best is trial 52 with value: 0.01638260754101202.
2026-05-19 17:08:36,129 - experiment_functions - INFO - Early stopping at epoch 1550. Best Recall: 0.0143
2026-05-19 17:08:36,231 - optuna.study.study - INFO - Trial 53 finished with value: 0.014348638617397724 and parameters: {'n_layers': 3, 'embedding_dim': 256, 'lr': 0.016132808732886736, 'lambda_val': 1.1588518851479295e-06, 'batch_size': 2594, 'optimizer': 'Adam'}. Best is trial 52 with value: 0.01638260754101202.
2026-05-19 17:08:45,307 - experiment_functions - INFO - Early stopping at epoch 1100. Best Recall: 0.0144
2026-05-19 17:08:45,522 - optuna.study.study - INFO - Trial 54 finished with value: 0.014420675431347622 and parameters: {'n_layers': 3, 'embedding_dim': 256, 'lr': 0.01578200361546334, 'lambda_val': 1.067552471840256e-06, 'batch_size': 2593, 'optimizer': 'Adam'}. Best is trial 52 with value: 0.01638260754101202.
2026-05-19 17:08:57,862 - experiment_functions - INFO - Early stopping at epoch 1650. Best Recall: 0.0160
2026-05-19 17:08:57,956 - optuna.study.study - INFO - Trial 55 finished with value: 0.01603899876920198 and parameters: {'n_layers': 3, 'embedding_dim': 256, 'lr': 0.015933088833044364, 'lambda_val': 1.2744984731779132e-06, 'batch_size': 2640, 'optimizer': 'Adam'}. Best is trial 52 with value: 0.01638260754101202.
2026-05-19 17:09:05,946 - experiment_functions - INFO - Early stopping at epoch 900. Best Recall: 0.0129
2026-05-19 17:09:06,095 - optuna.study.study - INFO - Trial 56 finished with value: 0.012881353044939127 and parameters: {'n_layers': 3, 'embedding_dim': 256, 'lr': 0.014415368159050446, 'lambda_val': 1.0763536578527446e-06, 'batch_size': 2587, 'optimizer': 'RMSprop'}. Best is trial 52 with value: 0.01638260754101202.
2026-05-19 17:09:11,517 - experiment_functions - INFO - Early stopping at epoch 550. Best Recall: 0.0129
2026-05-19 17:09:11,644 - optuna.study.study - INFO - Trial 57 finished with value: 0.012854470972593027 and parameters: {'n_layers': 3, 'embedding_dim': 256, 'lr': 0.0677179215537728, 'lambda_val': 1.5457503044046425e-06, 'batch_size': 2187, 'optimizer': 'Adam'}. Best is trial 52 with value: 0.01638260754101202.
2026-05-19 17:09:16,675 - experiment_functions - INFO - Early stopping at epoch 700. Best Recall: 0.0085
2026-05-19 17:09:16,791 - optuna.study.study - INFO - Trial 58 finished with value: 0.008523895975734561 and parameters: {'n_layers': 3, 'embedding_dim': 32, 'lr': 0.0007935177175468233, 'lambda_val': 1.9282943116468e-06, 'batch_size': 1697, 'optimizer': 'Adam'}. Best is trial 52 with value: 0.01638260754101202.
2026-05-19 17:09:25,943 - experiment_functions - INFO - Early stopping at epoch 1250. Best Recall: 0.0147
2026-05-19 17:09:26,034 - optuna.study.study - INFO - Trial 59 finished with value: 0.01468779017762319 and parameters: {'n_layers': 4, 'embedding_dim': 256, 'lr': 0.02265232641897334, 'lambda_val': 1.271514054788219e-06, 'batch_size': 2841, 'optimizer': 'Adam'}. Best is trial 52 with value: 0.01638260754101202.
2026-05-19 17:09:36,680 - experiment_functions - INFO - Early stopping at epoch 1300. Best Recall: 0.0158
2026-05-19 17:09:36,811 - optuna.study.study - INFO - Trial 60 finished with value: 0.01579118922526221 and parameters: {'n_layers': 4, 'embedding_dim': 128, 'lr': 0.023756083412305864, 'lambda_val': 2.2258101398616065e-06, 'batch_size': 2913, 'optimizer': 'Adam'}. Best is trial 52 with value: 0.01638260754101202.
2026-05-19 17:09:50,278 - experiment_functions - INFO - Early stopping at epoch 1950. Best Recall: 0.0173
2026-05-19 17:09:50,407 - optuna.study.study - INFO - Trial 61 finished with value: 0.01733066521827559 and parameters: {'n_layers': 4, 'embedding_dim': 128, 'lr': 0.0242114006150141, 'lambda_val': 2.2239012551358145e-06, 'batch_size': 2842, 'optimizer': 'Adam'}. Best is trial 61 with value: 0.01733066521827559.
2026-05-19 17:09:59,284 - experiment_functions - INFO - Early stopping at epoch 1150. Best Recall: 0.0137
2026-05-19 17:09:59,379 - optuna.study.study - INFO - Trial 62 finished with value: 0.013654480559897254 and parameters: {'n_layers': 4, 'embedding_dim': 128, 'lr': 0.023759827142914372, 'lambda_val': 1.0151127494606862e-06, 'batch_size': 2847, 'optimizer': 'Adam'}. Best is trial 61 with value: 0.01733066521827559.
2026-05-19 17:10:12,318 - experiment_functions - INFO - Early stopping at epoch 1800. Best Recall: 0.0150
2026-05-19 17:10:12,423 - optuna.study.study - INFO - Trial 63 finished with value: 0.015046545563919052 and parameters: {'n_layers': 4, 'embedding_dim': 128, 'lr': 0.03717478980682876, 'lambda_val': 2.310188883811511e-06, 'batch_size': 3082, 'optimizer': 'Adam'}. Best is trial 61 with value: 0.01733066521827559.
2026-05-19 17:10:20,414 - experiment_functions - INFO - Early stopping at epoch 1150. Best Recall: 0.0174
2026-05-19 17:10:20,943 - optuna.study.study - INFO - Trial 64 finished with value: 0.017444326223534482 and parameters: {'n_layers': 4, 'embedding_dim': 128, 'lr': 0.0388006699269189, 'lambda_val': 2.4416159035376506e-06, 'batch_size': 3104, 'optimizer': 'Adam'}. Best is trial 64 with value: 0.017444326223534482.
2026-05-19 17:10:27,110 - experiment_functions - INFO - Early stopping at epoch 550. Best Recall: 0.0134
2026-05-19 17:10:27,209 - optuna.study.study - INFO - Trial 65 finished with value: 0.01339315154178746 and parameters: {'n_layers': 4, 'embedding_dim': 128, 'lr': 0.06956238260197475, 'lambda_val': 2.2574989777482553e-06, 'batch_size': 3478, 'optimizer': 'Adam'}. Best is trial 64 with value: 0.017444326223534482.
2026-05-19 17:10:34,509 - experiment_functions - INFO - Early stopping at epoch 750. Best Recall: 0.0152
2026-05-19 17:10:34,644 - optuna.study.study - INFO - Trial 66 finished with value: 0.01519980768774995 and parameters: {'n_layers': 4, 'embedding_dim': 128, 'lr': 0.04582289450454929, 'lambda_val': 7.781510292054728e-06, 'batch_size': 3128, 'optimizer': 'Adam'}. Best is trial 64 with value: 0.017444326223534482.
2026-05-19 17:10:40,060 - experiment_functions - INFO - Early stopping at epoch 700. Best Recall: 0.0105
2026-05-19 17:10:40,154 - optuna.study.study - INFO - Trial 67 finished with value: 0.010524465390510935 and parameters: {'n_layers': 4, 'embedding_dim': 128, 'lr': 0.04303380190857873, 'lambda_val': 9.073129381216255e-06, 'batch_size': 3134, 'optimizer': 'RMSprop'}. Best is trial 64 with value: 0.017444326223534482.
2026-05-19 17:10:44,027 - experiment_functions - INFO - Early stopping at epoch 500. Best Recall: 0.0026
2026-05-19 17:10:44,900 - optuna.study.study - INFO - Trial 68 finished with value: 0.0025865494614006734 and parameters: {'n_layers': 4, 'embedding_dim': 128, 'lr': 0.05584871360877163, 'lambda_val': 3.859277167109786e-06, 'batch_size': 3388, 'optimizer': 'SGD'}. Best is trial 64 with value: 0.017444326223534482.
2026-05-19 17:11:09,076 - experiment_functions - INFO - Early stopping at epoch 3250. Best Recall: 0.0202
2026-05-19 17:11:09,172 - optuna.study.study - INFO - Trial 69 finished with value: 0.02017138300219011 and parameters: {'n_layers': 4, 'embedding_dim': 128, 'lr': 0.02686678234091423, 'lambda_val': 7.520234649522261e-06, 'batch_size': 3196, 'optimizer': 'Adam'}. Best is trial 69 with value: 0.02017138300219011.
2026-05-19 17:11:18,277 - experiment_functions - INFO - Early stopping at epoch 1350. Best Recall: 0.0154
2026-05-19 17:11:18,427 - optuna.study.study - INFO - Trial 70 finished with value: 0.015390445175660301 and parameters: {'n_layers': 4, 'embedding_dim': 128, 'lr': 0.02521758234924651, 'lambda_val': 1.746780603615777e-06, 'batch_size': 2915, 'optimizer': 'Adam'}. Best is trial 69 with value: 0.02017138300219011.
2026-05-19 17:11:32,029 - experiment_functions - INFO - Early stopping at epoch 1700. Best Recall: 0.0152
2026-05-19 17:11:32,792 - optuna.study.study - INFO - Trial 71 finished with value: 0.015212184294632987 and parameters: {'n_layers': 4, 'embedding_dim': 128, 'lr': 0.03158415625613398, 'lambda_val': 1.7992189057513215e-06, 'batch_size': 2889, 'optimizer': 'Adam'}. Best is trial 69 with value: 0.02017138300219011.
2026-05-19 17:11:50,084 - experiment_functions - INFO - Early stopping at epoch 2400. Best Recall: 0.0195
2026-05-19 17:11:50,407 - optuna.study.study - INFO - Trial 72 finished with value: 0.019486187431114157 and parameters: {'n_layers': 4, 'embedding_dim': 128, 'lr': 0.02724405641118529, 'lambda_val': 2.5976727466111293e-06, 'batch_size': 2747, 'optimizer': 'Adam'}. Best is trial 69 with value: 0.02017138300219011.
2026-05-19 17:12:03,929 - optuna.study._optimize - INFO - Trial 73 pruned. 
2026-05-19 17:12:09,253 - experiment_functions - INFO - Early stopping at epoch 650. Best Recall: 0.0130
2026-05-19 17:12:09,359 - optuna.study.study - INFO - Trial 74 finished with value: 0.012958304806047026 and parameters: {'n_layers': 4, 'embedding_dim': 128, 'lr': 0.07997170497850382, 'lambda_val': 1.770209004227488e-06, 'batch_size': 2709, 'optimizer': 'Adam'}. Best is trial 69 with value: 0.02017138300219011.
2026-05-19 17:12:15,929 - optuna.study._optimize - INFO - Trial 75 pruned. 
2026-05-19 17:12:21,015 - experiment_functions - INFO - Early stopping at epoch 550. Best Recall: 0.0058
2026-05-19 17:12:21,108 - optuna.study.study - INFO - Trial 76 finished with value: 0.005849611202795763 and parameters: {'n_layers': 4, 'embedding_dim': 128, 'lr': 0.007959683413663399, 'lambda_val': 1.4494089967976598e-05, 'batch_size': 3232, 'optimizer': 'Adam'}. Best is trial 69 with value: 0.02017138300219011.
2026-05-19 17:12:34,088 - experiment_functions - INFO - Early stopping at epoch 2000. Best Recall: 0.0168
2026-05-19 17:12:34,231 - optuna.study.study - INFO - Trial 77 finished with value: 0.016819958616655084 and parameters: {'n_layers': 4, 'embedding_dim': 128, 'lr': 0.026125905038006523, 'lambda_val': 1.54588553164184e-06, 'batch_size': 2818, 'optimizer': 'Adam'}. Best is trial 69 with value: 0.02017138300219011.
2026-05-19 17:12:42,903 - optuna.study._optimize - INFO - Trial 78 pruned. 
2026-05-19 17:12:50,900 - optuna.study._optimize - INFO - Trial 79 pruned. 
2026-05-19 17:12:54,523 - experiment_functions - INFO - Early stopping at epoch 500. Best Recall: 0.0010
2026-05-19 17:12:54,629 - optuna.study.study - INFO - Trial 80 finished with value: 0.0009655652361566175 and parameters: {'n_layers': 4, 'embedding_dim': 128, 'lr': 0.0003633070066381534, 'lambda_val': 0.011390383397144285, 'batch_size': 3545, 'optimizer': 'SGD'}. Best is trial 69 with value: 0.02017138300219011.
2026-05-19 17:13:08,272 - experiment_functions - INFO - Early stopping at epoch 1750. Best Recall: 0.0151
2026-05-19 17:13:08,366 - optuna.study.study - INFO - Trial 81 finished with value: 0.01505656281831607 and parameters: {'n_layers': 4, 'embedding_dim': 128, 'lr': 0.02819673061293269, 'lambda_val': 1.4268066020264351e-06, 'batch_size': 3009, 'optimizer': 'Adam'}. Best is trial 69 with value: 0.02017138300219011.
2026-05-19 17:13:20,756 - experiment_functions - INFO - Early stopping at epoch 1400. Best Recall: 0.0170
2026-05-19 17:13:20,851 - optuna.study.study - INFO - Trial 82 finished with value: 0.017025803398704988 and parameters: {'n_layers': 4, 'embedding_dim': 128, 'lr': 0.026088457924252174, 'lambda_val': 1.7971295310013295e-05, 'batch_size': 2650, 'optimizer': 'Adam'}. Best is trial 69 with value: 0.02017138300219011.
2026-05-19 17:13:27,867 - experiment_functions - INFO - Early stopping at epoch 950. Best Recall: 0.0167
2026-05-19 17:13:27,961 - optuna.study.study - INFO - Trial 83 finished with value: 0.016715136803857743 and parameters: {'n_layers': 4, 'embedding_dim': 128, 'lr': 0.053045887235902346, 'lambda_val': 7.606509927443841e-06, 'batch_size': 2642, 'optimizer': 'Adam'}. Best is trial 69 with value: 0.02017138300219011.
2026-05-19 17:13:37,199 - optuna.study._optimize - INFO - Trial 84 pruned. 
2026-05-19 17:13:45,319 - optuna.study._optimize - INFO - Trial 85 pruned. 
2026-05-19 17:13:56,807 - experiment_functions - INFO - Early stopping at epoch 1150. Best Recall: 0.0192
2026-05-19 17:13:56,953 - optuna.study.study - INFO - Trial 86 finished with value: 0.019155599721285676 and parameters: {'n_layers': 4, 'embedding_dim': 128, 'lr': 0.037494828534297094, 'lambda_val': 7.256378403073523e-06, 'batch_size': 2496, 'optimizer': 'Adam'}. Best is trial 69 with value: 0.02017138300219011.
2026-05-19 17:14:01,407 - experiment_functions - INFO - Early stopping at epoch 500. Best Recall: 0.0095
2026-05-19 17:14:01,502 - optuna.study.study - INFO - Trial 87 finished with value: 0.009471039471664139 and parameters: {'n_layers': 4, 'embedding_dim': 128, 'lr': 0.0393599248708992, 'lambda_val': 7.728873884739738e-06, 'batch_size': 2261, 'optimizer': 'RMSprop'}. Best is trial 69 with value: 0.02017138300219011.
2026-05-19 17:14:10,702 - optuna.study._optimize - INFO - Trial 88 pruned. 
2026-05-19 17:14:16,405 - experiment_functions - INFO - Early stopping at epoch 700. Best Recall: 0.0142
2026-05-19 17:14:16,510 - optuna.study.study - INFO - Trial 89 finished with value: 0.014159544516160288 and parameters: {'n_layers': 4, 'embedding_dim': 128, 'lr': 0.051826526696030606, 'lambda_val': 1.0842053273508667e-05, 'batch_size': 2404, 'optimizer': 'Adam'}. Best is trial 69 with value: 0.02017138300219011.
2026-05-19 17:14:26,937 - optuna.study._optimize - INFO - Trial 90 pruned. 
2026-05-19 17:14:35,082 - optuna.study._optimize - INFO - Trial 91 pruned. 
2026-05-19 17:14:44,219 - optuna.study._optimize - INFO - Trial 92 pruned. 
2026-05-19 17:14:52,879 - experiment_functions - INFO - Early stopping at epoch 1000. Best Recall: 0.0163
2026-05-19 17:14:52,983 - optuna.study.study - INFO - Trial 93 finished with value: 0.01628329356662269 and parameters: {'n_layers': 4, 'embedding_dim': 128, 'lr': 0.04521011993536257, 'lambda_val': 7.06747065639011e-06, 'batch_size': 2803, 'optimizer': 'Adam'}. Best is trial 69 with value: 0.02017138300219011.
2026-05-19 17:15:02,260 - experiment_functions - INFO - Early stopping at epoch 1100. Best Recall: 0.0162
2026-05-19 17:15:02,421 - optuna.study.study - INFO - Trial 94 finished with value: 0.016186889086226102 and parameters: {'n_layers': 4, 'embedding_dim': 128, 'lr': 0.04621634050469553, 'lambda_val': 5.265115705287247e-06, 'batch_size': 2825, 'optimizer': 'Adam'}. Best is trial 69 with value: 0.02017138300219011.
2026-05-19 17:15:10,477 - experiment_functions - INFO - Early stopping at epoch 750. Best Recall: 0.0164
2026-05-19 17:15:10,607 - optuna.study.study - INFO - Trial 95 finished with value: 0.016410998806651728 and parameters: {'n_layers': 4, 'embedding_dim': 128, 'lr': 0.0748078284428743, 'lambda_val': 7.773533270588457e-06, 'batch_size': 3192, 'optimizer': 'Adam'}. Best is trial 69 with value: 0.02017138300219011.
2026-05-19 17:15:18,473 - experiment_functions - INFO - Early stopping at epoch 950. Best Recall: 0.0138
2026-05-19 17:15:18,567 - optuna.study.study - INFO - Trial 96 finished with value: 0.01376647068180976 and parameters: {'n_layers': 4, 'embedding_dim': 128, 'lr': 0.06906928891140242, 'lambda_val': 2.3475456914670594e-05, 'batch_size': 3045, 'optimizer': 'Adam'}. Best is trial 69 with value: 0.02017138300219011.
2026-05-19 17:15:24,397 - experiment_functions - INFO - Early stopping at epoch 550. Best Recall: 0.0151
2026-05-19 17:15:24,503 - optuna.study.study - INFO - Trial 97 finished with value: 0.01514172538206524 and parameters: {'n_layers': 4, 'embedding_dim': 128, 'lr': 0.08396047419396786, 'lambda_val': 9.251917395321207e-06, 'batch_size': 3309, 'optimizer': 'Adam'}. Best is trial 69 with value: 0.02017138300219011.
2026-05-19 17:15:37,322 - experiment_functions - INFO - Early stopping at epoch 2050. Best Recall: 0.0211
2026-05-19 17:15:37,398 - optuna.study.study - INFO - Trial 98 finished with value: 0.021056788296889777 and parameters: {'n_layers': 4, 'embedding_dim': 128, 'lr': 0.027561618532807627, 'lambda_val': 1.8537850149960577e-05, 'batch_size': 3453, 'optimizer': 'Adam'}. Best is trial 98 with value: 0.021056788296889777.
2026-05-19 17:15:49,736 - optuna.study._optimize - INFO - Trial 99 pruned. 
2026-05-19 17:15:55,481 - experiment_functions - INFO - Early stopping at epoch 500. Best Recall: 0.0021
2026-05-19 17:15:55,575 - optuna.study.study - INFO - Trial 100 finished with value: 0.0020794591152395463 and parameters: {'n_layers': 4, 'embedding_dim': 128, 'lr': 0.09775226529465464, 'lambda_val': 0.00010442412291925141, 'batch_size': 3452, 'optimizer': 'SGD'}. Best is trial 98 with value: 0.021056788296889777.
2026-05-19 17:16:07,755 - optuna.study._optimize - INFO - Trial 101 pruned. 
2026-05-19 17:16:25,008 - experiment_functions - INFO - Early stopping at epoch 1900. Best Recall: 0.0194
2026-05-19 17:16:25,106 - optuna.study.study - INFO - Trial 102 finished with value: 0.019427385967394732 and parameters: {'n_layers': 4, 'embedding_dim': 128, 'lr': 0.03617589820709146, 'lambda_val': 5.478593516459116e-05, 'batch_size': 3582, 'optimizer': 'Adam'}. Best is trial 98 with value: 0.021056788296889777.
2026-05-19 17:16:36,455 - experiment_functions - INFO - Early stopping at epoch 1550. Best Recall: 0.0176
2026-05-19 17:16:37,186 - optuna.study.study - INFO - Trial 103 finished with value: 0.017577522173953704 and parameters: {'n_layers': 4, 'embedding_dim': 128, 'lr': 0.03686206047094128, 'lambda_val': 4.229477334803397e-05, 'batch_size': 3899, 'optimizer': 'Adam'}. Best is trial 98 with value: 0.021056788296889777.
2026-05-19 17:16:52,975 - optuna.study._optimize - INFO - Trial 104 pruned. 
2026-05-19 17:17:04,277 - experiment_functions - INFO - Early stopping at epoch 1600. Best Recall: 0.0227
2026-05-19 17:17:04,384 - optuna.study.study - INFO - Trial 105 finished with value: 0.022701688378119776 and parameters: {'n_layers': 4, 'embedding_dim': 128, 'lr': 0.034401368089859746, 'lambda_val': 5.4914078329925326e-05, 'batch_size': 3795, 'optimizer': 'Adam'}. Best is trial 105 with value: 0.022701688378119776.
2026-05-19 17:17:15,500 - experiment_functions - INFO - Early stopping at epoch 1050. Best Recall: 0.0176
2026-05-19 17:17:15,602 - optuna.study.study - INFO - Trial 106 finished with value: 0.017601644803252013 and parameters: {'n_layers': 4, 'embedding_dim': 128, 'lr': 0.03525047191804173, 'lambda_val': 5.377999428494863e-05, 'batch_size': 3931, 'optimizer': 'Adam'}. Best is trial 105 with value: 0.022701688378119776.
2026-05-19 17:17:21,153 - experiment_functions - INFO - Early stopping at epoch 700. Best Recall: 0.0134
2026-05-19 17:17:21,243 - optuna.study.study - INFO - Trial 107 finished with value: 0.013364742984981335 and parameters: {'n_layers': 4, 'embedding_dim': 128, 'lr': 0.03476523314863675, 'lambda_val': 3.071495908709335e-05, 'batch_size': 3967, 'optimizer': 'RMSprop'}. Best is trial 105 with value: 0.022701688378119776.
2026-05-19 17:17:29,306 - experiment_functions - INFO - Early stopping at epoch 800. Best Recall: 0.0175
2026-05-19 17:17:29,397 - optuna.study.study - INFO - Trial 108 finished with value: 0.01750767601626531 and parameters: {'n_layers': 4, 'embedding_dim': 128, 'lr': 0.037162178079087935, 'lambda_val': 5.280231769829317e-05, 'batch_size': 3931, 'optimizer': 'Adam'}. Best is trial 105 with value: 0.022701688378119776.
2026-05-19 17:17:45,296 - experiment_functions - INFO - Early stopping at epoch 2000. Best Recall: 0.0205
2026-05-19 17:17:45,400 - optuna.study.study - INFO - Trial 109 finished with value: 0.02047201725574813 and parameters: {'n_layers': 4, 'embedding_dim': 32, 'lr': 0.03731735306028386, 'lambda_val': 5.506464460940167e-05, 'batch_size': 3964, 'optimizer': 'Adam'}. Best is trial 105 with value: 0.022701688378119776.
2026-05-19 17:17:57,883 - experiment_functions - INFO - Early stopping at epoch 1500. Best Recall: 0.0232
2026-05-19 17:17:58,024 - optuna.study.study - INFO - Trial 110 finished with value: 0.023246594213241514 and parameters: {'n_layers': 4, 'embedding_dim': 32, 'lr': 0.05883441062475964, 'lambda_val': 5.4654915962103286e-05, 'batch_size': 3973, 'optimizer': 'Adam'}. Best is trial 110 with value: 0.023246594213241514.
2026-05-19 17:18:11,622 - experiment_functions - INFO - Early stopping at epoch 1750. Best Recall: 0.0172
2026-05-19 17:18:11,768 - optuna.study.study - INFO - Trial 111 finished with value: 0.017198107288712232 and parameters: {'n_layers': 4, 'embedding_dim': 32, 'lr': 0.0393621636156254, 'lambda_val': 6.31151593064562e-05, 'batch_size': 3953, 'optimizer': 'Adam'}. Best is trial 110 with value: 0.023246594213241514.
2026-05-19 17:18:23,610 - experiment_functions - INFO - Early stopping at epoch 1250. Best Recall: 0.0202
2026-05-19 17:18:23,767 - optuna.study.study - INFO - Trial 112 finished with value: 0.020217427326619974 and parameters: {'n_layers': 4, 'embedding_dim': 32, 'lr': 0.05825384311682611, 'lambda_val': 5.357226460158904e-05, 'batch_size': 3785, 'optimizer': 'Adam'}. Best is trial 110 with value: 0.023246594213241514.
2026-05-19 17:18:34,819 - experiment_functions - INFO - Early stopping at epoch 1300. Best Recall: 0.0219
2026-05-19 17:18:34,911 - optuna.study.study - INFO - Trial 113 finished with value: 0.02192778317510452 and parameters: {'n_layers': 4, 'embedding_dim': 32, 'lr': 0.05493430165357575, 'lambda_val': 9.261447492734163e-05, 'batch_size': 3800, 'optimizer': 'Adam'}. Best is trial 110 with value: 0.023246594213241514.
2026-05-19 17:18:44,402 - experiment_functions - INFO - Early stopping at epoch 1100. Best Recall: 0.0187
2026-05-19 17:18:44,953 - optuna.study.study - INFO - Trial 114 finished with value: 0.018737519018080417 and parameters: {'n_layers': 4, 'embedding_dim': 32, 'lr': 0.059656078811950106, 'lambda_val': 7.621354218641826e-05, 'batch_size': 3808, 'optimizer': 'Adam'}. Best is trial 110 with value: 0.023246594213241514.
2026-05-19 17:18:53,201 - experiment_functions - INFO - Early stopping at epoch 950. Best Recall: 0.0185
2026-05-19 17:18:53,314 - optuna.study.study - INFO - Trial 115 finished with value: 0.018494938733855736 and parameters: {'n_layers': 4, 'embedding_dim': 32, 'lr': 0.06032915552445018, 'lambda_val': 0.00010137532215541286, 'batch_size': 3785, 'optimizer': 'Adam'}. Best is trial 110 with value: 0.023246594213241514.
2026-05-19 17:19:06,099 - experiment_functions - INFO - Early stopping at epoch 1600. Best Recall: 0.0212
2026-05-19 17:19:06,201 - optuna.study.study - INFO - Trial 116 finished with value: 0.021172318299381234 and parameters: {'n_layers': 4, 'embedding_dim': 32, 'lr': 0.06476884490383344, 'lambda_val': 0.00011529830427561089, 'batch_size': 3791, 'optimizer': 'Adam'}. Best is trial 110 with value: 0.023246594213241514.
2026-05-19 17:19:16,926 - experiment_functions - INFO - Early stopping at epoch 1200. Best Recall: 0.0168
2026-05-19 17:19:17,081 - optuna.study.study - INFO - Trial 117 finished with value: 0.01684911034298289 and parameters: {'n_layers': 4, 'embedding_dim': 32, 'lr': 0.062015208624252235, 'lambda_val': 0.00024293685141617407, 'batch_size': 4039, 'optimizer': 'Adam'}. Best is trial 110 with value: 0.023246594213241514.
2026-05-19 17:19:32,913 - optuna.study._optimize - INFO - Trial 118 pruned. 
2026-05-19 17:19:59,772 - experiment_functions - INFO - Early stopping at epoch 3550. Best Recall: 0.0230
2026-05-19 17:19:59,864 - optuna.study.study - INFO - Trial 119 finished with value: 0.02295568271751412 and parameters: {'n_layers': 4, 'embedding_dim': 32, 'lr': 0.07633128609662952, 'lambda_val': 0.0001293486343870205, 'batch_size': 3729, 'optimizer': 'Adam'}. Best is trial 110 with value: 0.023246594213241514.
2026-05-19 17:20:16,351 - optuna.study._optimize - INFO - Trial 120 pruned. 
2026-05-19 17:20:28,185 - optuna.study._optimize - INFO - Trial 121 pruned. 
2026-05-19 17:20:45,624 - experiment_functions - INFO - Early stopping at epoch 2750. Best Recall: 0.0225
2026-05-19 17:20:45,716 - optuna.study.study - INFO - Trial 122 finished with value: 0.022498003729544448 and parameters: {'n_layers': 4, 'embedding_dim': 32, 'lr': 0.05413758991744747, 'lambda_val': 6.895446157185809e-05, 'batch_size': 3706, 'optimizer': 'Adam'}. Best is trial 110 with value: 0.023246594213241514.
2026-05-19 17:20:52,366 - experiment_functions - INFO - Early stopping at epoch 800. Best Recall: 0.0151
2026-05-19 17:20:52,514 - optuna.study.study - INFO - Trial 123 finished with value: 0.015061298033290888 and parameters: {'n_layers': 4, 'embedding_dim': 32, 'lr': 0.0979628770527831, 'lambda_val': 0.0001887306989902802, 'batch_size': 3855, 'optimizer': 'Adam'}. Best is trial 110 with value: 0.023246594213241514.
2026-05-19 17:20:58,994 - optuna.study._optimize - INFO - Trial 124 pruned. 
2026-05-19 17:21:05,906 - experiment_functions - INFO - Early stopping at epoch 800. Best Recall: 0.0107
2026-05-19 17:21:05,997 - optuna.study.study - INFO - Trial 125 finished with value: 0.010692781897836585 and parameters: {'n_layers': 4, 'embedding_dim': 32, 'lr': 0.07136024801723445, 'lambda_val': 0.0003558434828994742, 'batch_size': 4013, 'optimizer': 'Adam'}. Best is trial 110 with value: 0.023246594213241514.
2026-05-19 17:21:11,577 - experiment_functions - INFO - Early stopping at epoch 850. Best Recall: 0.0019
2026-05-19 17:21:11,656 - optuna.study.study - INFO - Trial 126 finished with value: 0.0019054920036579302 and parameters: {'n_layers': 4, 'embedding_dim': 32, 'lr': 0.04407270373325383, 'lambda_val': 7.00635976471796e-05, 'batch_size': 3613, 'optimizer': 'SGD'}. Best is trial 110 with value: 0.023246594213241514.
2026-05-19 17:21:17,328 - optuna.study._optimize - INFO - Trial 127 pruned. 
2026-05-19 17:21:23,278 - experiment_functions - INFO - Early stopping at epoch 850. Best Recall: 0.0118
2026-05-19 17:21:23,371 - optuna.study.study - INFO - Trial 128 finished with value: 0.011785709637031079 and parameters: {'n_layers': 4, 'embedding_dim': 32, 'lr': 0.053097239375438664, 'lambda_val': 0.0002424546218626023, 'batch_size': 3686, 'optimizer': 'Adam'}. Best is trial 110 with value: 0.023246594213241514.
2026-05-19 17:21:39,639 - optuna.study._optimize - INFO - Trial 129 pruned. 
2026-05-19 17:21:45,839 - optuna.study._optimize - INFO - Trial 130 pruned. 
2026-05-19 17:21:56,012 - experiment_functions - INFO - Early stopping at epoch 1250. Best Recall: 0.0151
2026-05-19 17:21:56,093 - optuna.study.study - INFO - Trial 131 finished with value: 0.015057544425551881 and parameters: {'n_layers': 4, 'embedding_dim': 32, 'lr': 0.05875902752163072, 'lambda_val': 8.117561788824958e-05, 'batch_size': 3791, 'optimizer': 'Adam'}. Best is trial 110 with value: 0.023246594213241514.
2026-05-19 17:22:07,595 - optuna.study._optimize - INFO - Trial 132 pruned. 
2026-05-19 17:22:23,212 - experiment_functions - INFO - Early stopping at epoch 2350. Best Recall: 0.0219
2026-05-19 17:22:23,292 - optuna.study.study - INFO - Trial 133 finished with value: 0.02192951670705826 and parameters: {'n_layers': 4, 'embedding_dim': 32, 'lr': 0.04629330717385679, 'lambda_val': 0.00011030121386592353, 'batch_size': 3841, 'optimizer': 'Adam'}. Best is trial 110 with value: 0.023246594213241514.
2026-05-19 17:22:35,349 - optuna.study._optimize - INFO - Trial 134 pruned. 
2026-05-19 17:22:48,507 - experiment_functions - INFO - Early stopping at epoch 1900. Best Recall: 0.0213
2026-05-19 17:22:48,610 - optuna.study.study - INFO - Trial 135 finished with value: 0.021290066503622973 and parameters: {'n_layers': 4, 'embedding_dim': 32, 'lr': 0.045271932053186706, 'lambda_val': 5.793422292998205e-05, 'batch_size': 3691, 'optimizer': 'Adam'}. Best is trial 110 with value: 0.023246594213241514.
2026-05-19 17:23:06,725 - experiment_functions - INFO - Early stopping at epoch 2400. Best Recall: 0.0214
2026-05-19 17:23:06,861 - optuna.study.study - INFO - Trial 136 finished with value: 0.021409845041003316 and parameters: {'n_layers': 4, 'embedding_dim': 32, 'lr': 0.05003850063864077, 'lambda_val': 3.9196894736726104e-05, 'batch_size': 3713, 'optimizer': 'Adam'}. Best is trial 110 with value: 0.023246594213241514.
2026-05-19 17:23:22,079 - experiment_functions - INFO - Early stopping at epoch 2150. Best Recall: 0.0222
2026-05-19 17:23:22,247 - optuna.study.study - INFO - Trial 137 finished with value: 0.022173272388307172 and parameters: {'n_layers': 4, 'embedding_dim': 32, 'lr': 0.051200601992340736, 'lambda_val': 3.440424286145309e-05, 'batch_size': 3739, 'optimizer': 'Adam'}. Best is trial 110 with value: 0.023246594213241514.
2026-05-19 17:23:33,285 - experiment_functions - INFO - Early stopping at epoch 1600. Best Recall: 0.0239
2026-05-19 17:23:33,393 - optuna.study.study - INFO - Trial 138 finished with value: 0.023931469710893754 and parameters: {'n_layers': 4, 'embedding_dim': 32, 'lr': 0.05220999285361847, 'lambda_val': 3.6161959688779144e-05, 'batch_size': 3716, 'optimizer': 'Adam'}. Best is trial 138 with value: 0.023931469710893754.
2026-05-19 17:23:43,633 - experiment_functions - INFO - Early stopping at epoch 1250. Best Recall: 0.0174
2026-05-19 17:23:43,725 - optuna.study.study - INFO - Trial 139 finished with value: 0.017390411497672006 and parameters: {'n_layers': 4, 'embedding_dim': 32, 'lr': 0.07781959083199387, 'lambda_val': 3.996317045337877e-05, 'batch_size': 3716, 'optimizer': 'Adam'}. Best is trial 138 with value: 0.023931469710893754.
2026-05-19 17:23:57,520 - optuna.study._optimize - INFO - Trial 140 pruned. 
2026-05-19 17:24:09,293 - experiment_functions - INFO - Early stopping at epoch 1400. Best Recall: 0.0197
2026-05-19 17:24:09,405 - optuna.study.study - INFO - Trial 141 finished with value: 0.019682905982169898 and parameters: {'n_layers': 4, 'embedding_dim': 32, 'lr': 0.050812653834884244, 'lambda_val': 6.301646108925985e-05, 'batch_size': 3990, 'optimizer': 'Adam'}. Best is trial 138 with value: 0.023931469710893754.
2026-05-19 17:24:22,324 - experiment_functions - INFO - Early stopping at epoch 1800. Best Recall: 0.0211
2026-05-19 17:24:23,071 - optuna.study.study - INFO - Trial 142 finished with value: 0.02110233600294242 and parameters: {'n_layers': 4, 'embedding_dim': 32, 'lr': 0.04502234577232075, 'lambda_val': 9.127521103513287e-05, 'batch_size': 3676, 'optimizer': 'Adam'}. Best is trial 138 with value: 0.023931469710893754.
2026-05-19 17:24:32,890 - experiment_functions - INFO - Early stopping at epoch 1350. Best Recall: 0.0180
2026-05-19 17:24:32,970 - optuna.study.study - INFO - Trial 143 finished with value: 0.018017428651932368 and parameters: {'n_layers': 4, 'embedding_dim': 32, 'lr': 0.05619519151178056, 'lambda_val': 7.663695070684264e-05, 'batch_size': 3745, 'optimizer': 'Adam'}. Best is trial 138 with value: 0.023931469710893754.
2026-05-19 17:24:41,978 - optuna.study._optimize - INFO - Trial 144 pruned. 
2026-05-19 17:24:51,097 - experiment_functions - INFO - Early stopping at epoch 1100. Best Recall: 0.0175
2026-05-19 17:24:51,187 - optuna.study.study - INFO - Trial 145 finished with value: 0.01751010870026144 and parameters: {'n_layers': 4, 'embedding_dim': 32, 'lr': 0.0696627290374637, 'lambda_val': 3.602998119796947e-05, 'batch_size': 3848, 'optimizer': 'Adam'}. Best is trial 138 with value: 0.023931469710893754.
2026-05-19 17:25:05,734 - experiment_functions - INFO - Early stopping at epoch 2150. Best Recall: 0.0223
2026-05-19 17:25:05,870 - optuna.study.study - INFO - Trial 146 finished with value: 0.022349796175775993 and parameters: {'n_layers': 4, 'embedding_dim': 32, 'lr': 0.048503510930452666, 'lambda_val': 4.902119336712589e-05, 'batch_size': 4095, 'optimizer': 'Adam'}. Best is trial 138 with value: 0.023931469710893754.
2026-05-19 17:25:18,378 - experiment_functions - INFO - Early stopping at epoch 1600. Best Recall: 0.0202
2026-05-19 17:25:19,378 - optuna.study.study - INFO - Trial 147 finished with value: 0.02023557765988042 and parameters: {'n_layers': 4, 'embedding_dim': 32, 'lr': 0.04652641785913062, 'lambda_val': 2.2017906703728276e-05, 'batch_size': 3671, 'optimizer': 'Adam'}. Best is trial 138 with value: 0.023931469710893754.
2026-05-19 17:25:30,895 - experiment_functions - INFO - Early stopping at epoch 1400. Best Recall: 0.0180
2026-05-19 17:25:30,984 - optuna.study.study - INFO - Trial 148 finished with value: 0.0179972382860707 and parameters: {'n_layers': 4, 'embedding_dim': 32, 'lr': 0.07497630978840959, 'lambda_val': 0.00016199127433411334, 'batch_size': 4064, 'optimizer': 'Adam'}. Best is trial 138 with value: 0.023931469710893754.
2026-05-19 17:25:40,579 - experiment_functions - INFO - Early stopping at epoch 1500. Best Recall: 0.0188
2026-05-19 17:25:40,683 - optuna.study.study - INFO - Trial 149 finished with value: 0.01878636997923714 and parameters: {'n_layers': 4, 'embedding_dim': 32, 'lr': 0.04608246224598833, 'lambda_val': 4.385848662038582e-05, 'batch_size': 4095, 'optimizer': 'Adam'}. Best is trial 138 with value: 0.023931469710893754.
2026-05-19 17:25:45,687 - experiment_functions - INFO - Early stopping at epoch 500. Best Recall: 0.0014
2026-05-19 17:25:45,778 - optuna.study.study - INFO - Trial 150 finished with value: 0.00143535839556092 and parameters: {'n_layers': 4, 'embedding_dim': 32, 'lr': 0.031061335864932357, 'lambda_val': 6.69735288745199e-05, 'batch_size': 3910, 'optimizer': 'SGD'}. Best is trial 138 with value: 0.023931469710893754.
2026-05-19 17:26:03,789 - experiment_functions - INFO - Early stopping at epoch 2700. Best Recall: 0.0216
2026-05-19 17:26:03,891 - optuna.study.study - INFO - Trial 151 finished with value: 0.02155492281827726 and parameters: {'n_layers': 4, 'embedding_dim': 32, 'lr': 0.04500145538757917, 'lambda_val': 2.1190831013994853e-05, 'batch_size': 3675, 'optimizer': 'Adam'}. Best is trial 138 with value: 0.023931469710893754.
2026-05-19 17:26:12,509 - optuna.study._optimize - INFO - Trial 152 pruned. 
2026-05-19 17:26:21,528 - experiment_functions - INFO - Early stopping at epoch 1050. Best Recall: 0.0173
2026-05-19 17:26:21,618 - optuna.study.study - INFO - Trial 153 finished with value: 0.017322246538569157 and parameters: {'n_layers': 4, 'embedding_dim': 32, 'lr': 0.06647612564010669, 'lambda_val': 3.3958572868512626e-05, 'batch_size': 3977, 'optimizer': 'Adam'}. Best is trial 138 with value: 0.023931469710893754.
2026-05-19 17:26:31,884 - optuna.study._optimize - INFO - Trial 154 pruned. 
2026-05-19 17:26:46,487 - optuna.study._optimize - INFO - Trial 155 pruned. 
2026-05-19 17:26:56,511 - optuna.study._optimize - INFO - Trial 156 pruned. 
2026-05-19 17:27:03,607 - experiment_functions - INFO - Early stopping at epoch 950. Best Recall: 0.0203
2026-05-19 17:27:03,710 - optuna.study.study - INFO - Trial 157 finished with value: 0.020293249721402465 and parameters: {'n_layers': 4, 'embedding_dim': 32, 'lr': 0.08580689576732607, 'lambda_val': 6.272487591142407e-05, 'batch_size': 3898, 'optimizer': 'Adam'}. Best is trial 138 with value: 0.023931469710893754.
2026-05-19 17:27:16,746 - experiment_functions - INFO - Early stopping at epoch 1550. Best Recall: 0.0191
2026-05-19 17:27:16,838 - optuna.study.study - INFO - Trial 158 finished with value: 0.019054042889208013 and parameters: {'n_layers': 4, 'embedding_dim': 96, 'lr': 0.043453450279238116, 'lambda_val': 2.0420327407847213e-05, 'batch_size': 3486, 'optimizer': 'Adam'}. Best is trial 138 with value: 0.023931469710893754.
2026-05-19 17:27:27,273 - experiment_functions - INFO - Early stopping at epoch 1500. Best Recall: 0.0203
2026-05-19 17:27:27,430 - optuna.study.study - INFO - Trial 159 finished with value: 0.02032837813822702 and parameters: {'n_layers': 4, 'embedding_dim': 32, 'lr': 0.06888342615552344, 'lambda_val': 0.00010348480385815821, 'batch_size': 3813, 'optimizer': 'Adam'}. Best is trial 138 with value: 0.023931469710893754.
2026-05-19 17:27:34,907 - experiment_functions - INFO - Early stopping at epoch 1100. Best Recall: 0.0197
2026-05-19 17:27:35,009 - optuna.study.study - INFO - Trial 160 finished with value: 0.01970696273739857 and parameters: {'n_layers': 4, 'embedding_dim': 32, 'lr': 0.05891665500127037, 'lambda_val': 3.913777679616547e-05, 'batch_size': 3650, 'optimizer': 'Adam'}. Best is trial 138 with value: 0.023931469710893754.
2026-05-19 17:27:44,353 - experiment_functions - INFO - Early stopping at epoch 1050. Best Recall: 0.0162
2026-05-19 17:27:44,477 - optuna.study.study - INFO - Trial 161 finished with value: 0.016182304176108223 and parameters: {'n_layers': 4, 'embedding_dim': 32, 'lr': 0.07996617597101628, 'lambda_val': 0.0001150136986209928, 'batch_size': 3828, 'optimizer': 'Adam'}. Best is trial 138 with value: 0.023931469710893754.
2026-05-19 17:28:00,762 - optuna.study._optimize - INFO - Trial 162 pruned. 
2026-05-19 17:28:08,216 - optuna.study._optimize - INFO - Trial 163 pruned. 
2026-05-19 17:28:13,217 - experiment_functions - INFO - Early stopping at epoch 550. Best Recall: 0.0094
2026-05-19 17:28:13,318 - optuna.study.study - INFO - Trial 164 finished with value: 0.009390694534168038 and parameters: {'n_layers': 4, 'embedding_dim': 32, 'lr': 0.0009551487432863481, 'lambda_val': 5.8227047124391313e-05, 'batch_size': 1160, 'optimizer': 'RMSprop'}. Best is trial 138 with value: 0.023931469710893754.
2026-05-19 17:28:25,584 - optuna.study._optimize - INFO - Trial 165 pruned. 
2026-05-19 17:28:37,796 - experiment_functions - INFO - Early stopping at epoch 1800. Best Recall: 0.0210
2026-05-19 17:28:37,941 - optuna.study.study - INFO - Trial 166 finished with value: 0.0210424541577556 and parameters: {'n_layers': 4, 'embedding_dim': 32, 'lr': 0.0732421217708074, 'lambda_val': 3.074187785900918e-05, 'batch_size': 3924, 'optimizer': 'Adam'}. Best is trial 138 with value: 0.023931469710893754.
2026-05-19 17:28:50,300 - optuna.study._optimize - INFO - Trial 167 pruned. 
2026-05-19 17:28:58,551 - experiment_functions - INFO - Early stopping at epoch 1200. Best Recall: 0.0170
2026-05-19 17:28:59,038 - optuna.study.study - INFO - Trial 168 finished with value: 0.016992079861779585 and parameters: {'n_layers': 4, 'embedding_dim': 32, 'lr': 0.08808410697679397, 'lambda_val': 1.665131110341363e-05, 'batch_size': 3901, 'optimizer': 'Adam'}. Best is trial 138 with value: 0.023931469710893754.
2026-05-19 17:29:08,445 - experiment_functions - INFO - Early stopping at epoch 1350. Best Recall: 0.0205
2026-05-19 17:29:08,546 - optuna.study.study - INFO - Trial 169 finished with value: 0.020545364099004582 and parameters: {'n_layers': 4, 'embedding_dim': 32, 'lr': 0.05100162951132955, 'lambda_val': 4.445956039340148e-05, 'batch_size': 3590, 'optimizer': 'Adam'}. Best is trial 138 with value: 0.023931469710893754.
2026-05-19 17:29:21,362 - experiment_functions - INFO - Early stopping at epoch 2050. Best Recall: 0.0227
2026-05-19 17:29:21,472 - optuna.study.study - INFO - Trial 170 finished with value: 0.022739880152524112 and parameters: {'n_layers': 4, 'embedding_dim': 32, 'lr': 0.05053402916513809, 'lambda_val': 3.341398004225584e-05, 'batch_size': 3429, 'optimizer': 'Adam'}. Best is trial 138 with value: 0.023931469710893754.
2026-05-19 17:29:35,833 - experiment_functions - INFO - Early stopping at epoch 1700. Best Recall: 0.0189
2026-05-19 17:29:35,976 - optuna.study.study - INFO - Trial 171 finished with value: 0.018922650527987972 and parameters: {'n_layers': 4, 'embedding_dim': 32, 'lr': 0.053175662345770806, 'lambda_val': 3.8385942934208795e-05, 'batch_size': 3439, 'optimizer': 'Adam'}. Best is trial 138 with value: 0.023931469710893754.
2026-05-19 17:29:52,816 - experiment_functions - INFO - Early stopping at epoch 2600. Best Recall: 0.0238
2026-05-19 17:29:52,919 - optuna.study.study - INFO - Trial 172 finished with value: 0.023799906584801866 and parameters: {'n_layers': 4, 'embedding_dim': 32, 'lr': 0.06442078038557349, 'lambda_val': 4.7145243394864915e-05, 'batch_size': 3534, 'optimizer': 'Adam'}. Best is trial 138 with value: 0.023931469710893754.
2026-05-19 17:30:01,091 - experiment_functions - INFO - Early stopping at epoch 1200. Best Recall: 0.0197
2026-05-19 17:30:01,215 - optuna.study.study - INFO - Trial 173 finished with value: 0.019652633535260703 and parameters: {'n_layers': 4, 'embedding_dim': 32, 'lr': 0.06658935606874541, 'lambda_val': 3.2011586891440654e-05, 'batch_size': 3529, 'optimizer': 'Adam'}. Best is trial 138 with value: 0.023931469710893754.
2026-05-19 17:30:10,770 - experiment_functions - INFO - Early stopping at epoch 1400. Best Recall: 0.0192
2026-05-19 17:30:10,851 - optuna.study.study - INFO - Trial 174 finished with value: 0.01918947264344257 and parameters: {'n_layers': 4, 'embedding_dim': 32, 'lr': 0.07916282314778196, 'lambda_val': 2.142074217477463e-05, 'batch_size': 3666, 'optimizer': 'Adam'}. Best is trial 138 with value: 0.023931469710893754.
2026-05-19 17:30:29,066 - optuna.study._optimize - INFO - Trial 175 pruned. 
2026-05-19 17:30:37,009 - optuna.study._optimize - INFO - Trial 176 pruned. 
2026-05-19 17:30:42,019 - experiment_functions - INFO - Early stopping at epoch 550. Best Recall: 0.0054
2026-05-19 17:30:42,120 - optuna.study.study - INFO - Trial 177 finished with value: 0.005433197642998864 and parameters: {'n_layers': 4, 'embedding_dim': 32, 'lr': 0.09608213616868427, 'lambda_val': 0.039997598378444056, 'batch_size': 3715, 'optimizer': 'Adam'}. Best is trial 138 with value: 0.023931469710893754.
2026-05-19 17:31:01,307 - optuna.study._optimize - INFO - Trial 178 pruned. 
2026-05-19 17:31:05,917 - experiment_functions - INFO - Early stopping at epoch 750. Best Recall: 0.0153
2026-05-19 17:31:06,018 - optuna.study.study - INFO - Trial 179 finished with value: 0.015332616429393858 and parameters: {'n_layers': 4, 'embedding_dim': 32, 'lr': 0.07188374231040222, 'lambda_val': 1.3180190129800766e-05, 'batch_size': 3741, 'optimizer': 'Adam'}. Best is trial 138 with value: 0.023931469710893754.
2026-05-19 17:31:16,298 - experiment_functions - INFO - Early stopping at epoch 550. Best Recall: 0.0078
2026-05-19 17:31:16,391 - optuna.study.study - INFO - Trial 180 finished with value: 0.007793484654345519 and parameters: {'n_layers': 4, 'embedding_dim': 96, 'lr': 0.0015896569749878776, 'lambda_val': 3.305311716546131e-05, 'batch_size': 3850, 'optimizer': 'Adam'}. Best is trial 138 with value: 0.023931469710893754.
2026-05-19 17:31:30,591 - experiment_functions - INFO - Early stopping at epoch 2150. Best Recall: 0.0218
2026-05-19 17:31:30,682 - optuna.study.study - INFO - Trial 181 finished with value: 0.021848251564980943 and parameters: {'n_layers': 4, 'embedding_dim': 32, 'lr': 0.05228620999706855, 'lambda_val': 4.317268834533108e-05, 'batch_size': 3597, 'optimizer': 'Adam'}. Best is trial 138 with value: 0.023931469710893754.
2026-05-19 17:31:48,019 - experiment_functions - INFO - Early stopping at epoch 2550. Best Recall: 0.0238
2026-05-19 17:31:48,131 - optuna.study.study - INFO - Trial 182 finished with value: 0.023819034579615633 and parameters: {'n_layers': 4, 'embedding_dim': 32, 'lr': 0.05801928112608021, 'lambda_val': 4.985076419232933e-05, 'batch_size': 3691, 'optimizer': 'Adam'}. Best is trial 138 with value: 0.023931469710893754.
2026-05-19 17:31:54,857 - optuna.study._optimize - INFO - Trial 183 pruned. 
2026-05-19 17:32:17,189 - experiment_functions - INFO - Early stopping at epoch 2450. Best Recall: 0.0221
2026-05-19 17:32:17,290 - optuna.study.study - INFO - Trial 184 finished with value: 0.022072437680594248 and parameters: {'n_layers': 4, 'embedding_dim': 32, 'lr': 0.054977655227011514, 'lambda_val': 8.213694341882536e-05, 'batch_size': 3451, 'optimizer': 'Adam'}. Best is trial 138 with value: 0.023931469710893754.
2026-05-19 17:32:25,501 - experiment_functions - INFO - Early stopping at epoch 1100. Best Recall: 0.0199
2026-05-19 17:32:25,606 - optuna.study.study - INFO - Trial 185 finished with value: 0.019913976029191715 and parameters: {'n_layers': 4, 'embedding_dim': 32, 'lr': 0.05591276512025003, 'lambda_val': 8.200324114558142e-05, 'batch_size': 3685, 'optimizer': 'Adam'}. Best is trial 138 with value: 0.023931469710893754.
2026-05-19 17:32:46,657 - optuna.study._optimize - INFO - Trial 186 pruned. 
2026-05-19 17:32:50,768 - experiment_functions - INFO - Early stopping at epoch 500. Best Recall: 0.0014
2026-05-19 17:32:50,849 - optuna.study.study - INFO - Trial 187 finished with value: 0.0013919844008017967 and parameters: {'n_layers': 4, 'embedding_dim': 32, 'lr': 0.00014470701082867004, 'lambda_val': 6.526120892819325e-05, 'batch_size': 3332, 'optimizer': 'SGD'}. Best is trial 138 with value: 0.023931469710893754.
2026-05-19 17:33:11,378 - experiment_functions - INFO - Early stopping at epoch 2550. Best Recall: 0.0219
2026-05-19 17:33:11,523 - optuna.study.study - INFO - Trial 188 finished with value: 0.02189617756954652 and parameters: {'n_layers': 4, 'embedding_dim': 32, 'lr': 0.05355492089100356, 'lambda_val': 4.699388149606703e-05, 'batch_size': 3778, 'optimizer': 'Adam'}. Best is trial 138 with value: 0.023931469710893754.
2026-05-19 17:33:20,551 - optuna.study._optimize - INFO - Trial 189 pruned. 
2026-05-19 17:33:29,195 - optuna.study._optimize - INFO - Trial 190 pruned. 
2026-05-19 17:33:37,162 - optuna.study._optimize - INFO - Trial 191 pruned. 
2026-05-19 17:33:49,797 - experiment_functions - INFO - Early stopping at epoch 1600. Best Recall: 0.0193
2026-05-19 17:33:49,890 - optuna.study.study - INFO - Trial 192 finished with value: 0.01932934264581223 and parameters: {'n_layers': 4, 'embedding_dim': 32, 'lr': 0.03583178310022963, 'lambda_val': 5.826678459367141e-05, 'batch_size': 3620, 'optimizer': 'Adam'}. Best is trial 138 with value: 0.023931469710893754.
2026-05-19 17:33:58,710 - optuna.study._optimize - INFO - Trial 193 pruned. 
2026-05-19 17:34:12,247 - experiment_functions - INFO - Early stopping at epoch 1550. Best Recall: 0.0191
2026-05-19 17:34:12,337 - optuna.study.study - INFO - Trial 194 finished with value: 0.019149337115454176 and parameters: {'n_layers': 4, 'embedding_dim': 32, 'lr': 0.046307318468971535, 'lambda_val': 7.481555333584467e-05, 'batch_size': 3719, 'optimizer': 'Adam'}. Best is trial 138 with value: 0.023931469710893754.
2026-05-19 17:34:31,603 - experiment_functions - INFO - Early stopping at epoch 2700. Best Recall: 0.0223
2026-05-19 17:34:31,715 - optuna.study.study - INFO - Trial 195 finished with value: 0.022258617508560695 and parameters: {'n_layers': 4, 'embedding_dim': 32, 'lr': 0.04085216026535143, 'lambda_val': 4.152328856212106e-05, 'batch_size': 3827, 'optimizer': 'Adam'}. Best is trial 138 with value: 0.023931469710893754.
2026-05-19 17:34:44,512 - experiment_functions - INFO - Early stopping at epoch 1150. Best Recall: 0.0176
2026-05-19 17:34:46,454 - optuna.study.study - INFO - Trial 196 finished with value: 0.017567876556798 and parameters: {'n_layers': 4, 'embedding_dim': 32, 'lr': 0.055255376758286553, 'lambda_val': 4.501658646006017e-05, 'batch_size': 3867, 'optimizer': 'Adam'}. Best is trial 138 with value: 0.023931469710893754.
2026-05-19 17:34:59,335 - optuna.study._optimize - INFO - Trial 197 pruned. 
2026-05-19 17:35:08,616 - optuna.study._optimize - INFO - Trial 198 pruned. 
2026-05-19 17:35:22,582 - experiment_functions - INFO - Early stopping at epoch 1550. Best Recall: 0.0199
2026-05-19 17:35:22,683 - optuna.study.study - INFO - Trial 199 finished with value: 0.01992794567655912 and parameters: {'n_layers': 4, 'embedding_dim': 32, 'lr': 0.06567212300224098, 'lambda_val': 5.9745008202634025e-05, 'batch_size': 3584, 'optimizer': 'Adam'}. Best is trial 138 with value: 0.023931469710893754.
2026-05-19 17:35:30,353 - optuna.study._optimize - INFO - Trial 200 pruned. 
2026-05-19 17:35:42,945 - experiment_functions - INFO - Early stopping at epoch 1150. Best Recall: 0.0177
2026-05-19 17:35:43,086 - optuna.study.study - INFO - Trial 201 finished with value: 0.017660540830547775 and parameters: {'n_layers': 4, 'embedding_dim': 32, 'lr': 0.05190085764068609, 'lambda_val': 8.497511881446039e-05, 'batch_size': 3682, 'optimizer': 'Adam'}. Best is trial 138 with value: 0.023931469710893754.
2026-05-19 17:35:55,897 - experiment_functions - INFO - Early stopping at epoch 1700. Best Recall: 0.0211
2026-05-19 17:35:56,009 - optuna.study.study - INFO - Trial 202 finished with value: 0.021071929114161007 and parameters: {'n_layers': 4, 'embedding_dim': 32, 'lr': 0.041778194299672944, 'lambda_val': 3.718460231814789e-05, 'batch_size': 3490, 'optimizer': 'Adam'}. Best is trial 138 with value: 0.023931469710893754.
2026-05-19 17:36:08,192 - optuna.study._optimize - INFO - Trial 203 pruned. 
2026-05-19 17:36:32,478 - optuna.study._optimize - INFO - Trial 204 pruned. 
2026-05-19 17:36:38,945 - experiment_functions - INFO - Early stopping at epoch 650. Best Recall: 0.0047
2026-05-19 17:36:39,103 - optuna.study.study - INFO - Trial 205 finished with value: 0.004655380844748837 and parameters: {'n_layers': 4, 'embedding_dim': 32, 'lr': 0.03377948576847807, 'lambda_val': 0.0019750813807602094, 'batch_size': 3761, 'optimizer': 'Adam'}. Best is trial 138 with value: 0.023931469710893754.
2026-05-19 17:36:53,506 - optuna.study._optimize - INFO - Trial 206 pruned. 
2026-05-19 17:37:01,651 - optuna.study._optimize - INFO - Trial 207 pruned. 
2026-05-19 17:37:10,863 - optuna.study._optimize - INFO - Trial 208 pruned. 
2026-05-19 17:37:25,105 - experiment_functions - INFO - Early stopping at epoch 1650. Best Recall: 0.0211
2026-05-19 17:37:25,241 - optuna.study.study - INFO - Trial 209 finished with value: 0.02111511195323789 and parameters: {'n_layers': 4, 'embedding_dim': 32, 'lr': 0.06227395724880796, 'lambda_val': 2.8027519084841284e-05, 'batch_size': 3815, 'optimizer': 'Adam'}. Best is trial 138 with value: 0.023931469710893754.
2026-05-19 17:37:30,018 - experiment_functions - INFO - Early stopping at epoch 700. Best Recall: 0.0144
2026-05-19 17:37:30,110 - optuna.study.study - INFO - Trial 210 finished with value: 0.014428877368104385 and parameters: {'n_layers': 4, 'embedding_dim': 32, 'lr': 0.08527565941302882, 'lambda_val': 2.5667027926047407e-05, 'batch_size': 4030, 'optimizer': 'Adam'}. Best is trial 138 with value: 0.023931469710893754.
2026-05-19 17:37:38,391 - optuna.study._optimize - INFO - Trial 211 pruned. 
2026-05-19 17:37:47,677 - experiment_functions - INFO - Early stopping at epoch 1550. Best Recall: 0.0197
2026-05-19 17:37:47,834 - optuna.study.study - INFO - Trial 212 finished with value: 0.01969862022475901 and parameters: {'n_layers': 4, 'embedding_dim': 32, 'lr': 0.06691215373868281, 'lambda_val': 5.026738591349808e-05, 'batch_size': 3658, 'optimizer': 'Adam'}. Best is trial 138 with value: 0.023931469710893754.
2026-05-19 17:37:58,204 - optuna.study._optimize - INFO - Trial 213 pruned. 
2026-05-19 17:38:02,145 - experiment_functions - INFO - Early stopping at epoch 550. Best Recall: 0.0072
2026-05-19 17:38:02,298 - optuna.study.study - INFO - Trial 214 finished with value: 0.007187095735351111 and parameters: {'n_layers': 4, 'embedding_dim': 32, 'lr': 0.003154498796671804, 'lambda_val': 0.0010252987435103752, 'batch_size': 3607, 'optimizer': 'Adam'}. Best is trial 138 with value: 0.023931469710893754.
2026-05-19 17:38:10,373 - experiment_functions - INFO - Early stopping at epoch 1400. Best Recall: 0.0189
2026-05-19 17:38:10,465 - optuna.study.study - INFO - Trial 215 finished with value: 0.01894567996683105 and parameters: {'n_layers': 4, 'embedding_dim': 64, 'lr': 0.04282602998175559, 'lambda_val': 6.210043408238847e-05, 'batch_size': 3791, 'optimizer': 'Adam'}. Best is trial 138 with value: 0.023931469710893754.
2026-05-19 17:38:18,763 - experiment_functions - INFO - Early stopping at epoch 1250. Best Recall: 0.0196
2026-05-19 17:38:18,853 - optuna.study.study - INFO - Trial 216 finished with value: 0.019597945472401176 and parameters: {'n_layers': 4, 'embedding_dim': 32, 'lr': 0.05593555970040727, 'lambda_val': 2.3257915691137408e-05, 'batch_size': 3960, 'optimizer': 'Adam'}. Best is trial 138 with value: 0.023931469710893754.
2026-05-19 17:38:23,874 - experiment_functions - INFO - Early stopping at epoch 700. Best Recall: 0.0161
2026-05-19 17:38:23,986 - optuna.study.study - INFO - Trial 217 finished with value: 0.016090113562870836 and parameters: {'n_layers': 4, 'embedding_dim': 32, 'lr': 0.07098766224831235, 'lambda_val': 3.761700490582921e-05, 'batch_size': 3908, 'optimizer': 'Adam'}. Best is trial 138 with value: 0.023931469710893754.
2026-05-19 17:38:40,878 - experiment_functions - INFO - Early stopping at epoch 2050. Best Recall: 0.0215
2026-05-19 17:38:41,011 - optuna.study.study - INFO - Trial 218 finished with value: 0.02149770958202321 and parameters: {'n_layers': 4, 'embedding_dim': 96, 'lr': 0.033599541323757684, 'lambda_val': 7.10250242546284e-05, 'batch_size': 3706, 'optimizer': 'Adam'}. Best is trial 138 with value: 0.023931469710893754.
2026-05-19 17:38:53,370 - experiment_functions - INFO - Early stopping at epoch 1200. Best Recall: 0.0182
2026-05-19 17:38:54,131 - optuna.study.study - INFO - Trial 219 finished with value: 0.01817917362355188 and parameters: {'n_layers': 4, 'embedding_dim': 96, 'lr': 0.03154381059933615, 'lambda_val': 2.9772669172622183e-05, 'batch_size': 3842, 'optimizer': 'Adam'}. Best is trial 138 with value: 0.023931469710893754.
2026-05-19 17:39:05,844 - experiment_functions - INFO - Early stopping at epoch 500. Best Recall: 0.0013
2026-05-19 17:39:05,943 - optuna.study.study - INFO - Trial 220 finished with value: 0.001282958470892222 and parameters: {'n_layers': 4, 'embedding_dim': 96, 'lr': 0.0003348852095591764, 'lambda_val': 5.1228925331407944e-05, 'batch_size': 3718, 'optimizer': 'SGD'}. Best is trial 138 with value: 0.023931469710893754.
2026-05-19 17:39:13,832 - optuna.study._optimize - INFO - Trial 221 pruned. 
2026-05-19 17:39:26,913 - optuna.study._optimize - INFO - Trial 222 pruned. 
2026-05-19 17:39:35,884 - optuna.study._optimize - INFO - Trial 223 pruned. 
2026-05-19 17:39:56,790 - experiment_functions - INFO - Early stopping at epoch 2850. Best Recall: 0.0230
2026-05-19 17:39:56,936 - optuna.study.study - INFO - Trial 224 finished with value: 0.023029446857038737 and parameters: {'n_layers': 4, 'embedding_dim': 32, 'lr': 0.045494665951030716, 'lambda_val': 9.276047147748874e-05, 'batch_size': 3758, 'optimizer': 'Adam'}. Best is trial 138 with value: 0.023931469710893754.
2026-05-19 17:40:06,677 - optuna.study._optimize - INFO - Trial 225 pruned. 
2026-05-19 17:40:17,839 - experiment_functions - INFO - Early stopping at epoch 1450. Best Recall: 0.0214
2026-05-19 17:40:17,946 - optuna.study.study - INFO - Trial 226 finished with value: 0.02136030622136305 and parameters: {'n_layers': 4, 'embedding_dim': 32, 'lr': 0.06248669169949804, 'lambda_val': 4.926382102336628e-05, 'batch_size': 3836, 'optimizer': 'Adam'}. Best is trial 138 with value: 0.023931469710893754.
2026-05-19 17:40:37,350 - optuna.study._optimize - INFO - Trial 227 pruned. 
2026-05-19 17:40:44,108 - optuna.study._optimize - INFO - Trial 228 pruned. 
2026-05-19 17:41:05,848 - experiment_functions - INFO - Early stopping at epoch 2900. Best Recall: 0.0281
2026-05-19 17:41:05,999 - optuna.study.study - INFO - Trial 229 finished with value: 0.028123093326230243 and parameters: {'n_layers': 4, 'embedding_dim': 32, 'lr': 0.08009533750633052, 'lambda_val': 8.850293322107583e-05, 'batch_size': 3514, 'optimizer': 'Adam'}. Best is trial 229 with value: 0.028123093326230243.
2026-05-19 17:41:17,095 - optuna.study._optimize - INFO - Trial 230 pruned. 
2026-05-19 17:41:23,057 - experiment_functions - INFO - Early stopping at epoch 800. Best Recall: 0.0168
2026-05-19 17:41:23,160 - optuna.study.study - INFO - Trial 231 finished with value: 0.016820158114752255 and parameters: {'n_layers': 4, 'embedding_dim': 32, 'lr': 0.09682212209194076, 'lambda_val': 0.00011789593924797952, 'batch_size': 3547, 'optimizer': 'Adam'}. Best is trial 229 with value: 0.028123093326230243.
2026-05-19 17:41:29,273 - optuna.study._optimize - INFO - Trial 232 pruned. 
2026-05-19 17:41:36,430 - experiment_functions - INFO - Early stopping at epoch 1150. Best Recall: 0.0234
2026-05-19 17:41:36,534 - optuna.study.study - INFO - Trial 233 finished with value: 0.023397710309661136 and parameters: {'n_layers': 4, 'embedding_dim': 32, 'lr': 0.05553603983677684, 'lambda_val': 4.2202028752933885e-05, 'batch_size': 3498, 'optimizer': 'Adam'}. Best is trial 229 with value: 0.028123093326230243.
2026-05-19 17:41:45,231 - optuna.study._optimize - INFO - Trial 234 pruned. 
2026-05-19 17:41:52,467 - optuna.study._optimize - INFO - Trial 235 pruned. 
2026-05-19 17:42:05,852 - experiment_functions - INFO - Early stopping at epoch 1900. Best Recall: 0.0231
2026-05-19 17:42:06,572 - optuna.study.study - INFO - Trial 236 finished with value: 0.023095653447830645 and parameters: {'n_layers': 4, 'embedding_dim': 32, 'lr': 0.05837919125637922, 'lambda_val': 5.189226020681523e-05, 'batch_size': 3502, 'optimizer': 'Adam'}. Best is trial 229 with value: 0.028123093326230243.
2026-05-19 17:42:14,260 - optuna.study._optimize - INFO - Trial 237 pruned. 
2026-05-19 17:42:26,800 - optuna.study._optimize - INFO - Trial 238 pruned. 
2026-05-19 17:42:33,265 - experiment_functions - INFO - Early stopping at epoch 1100. Best Recall: 0.0205
2026-05-19 17:42:33,368 - optuna.study.study - INFO - Trial 239 finished with value: 0.02054394108648853 and parameters: {'n_layers': 4, 'embedding_dim': 32, 'lr': 0.08078493435061382, 'lambda_val': 3.571852808492574e-05, 'batch_size': 3522, 'optimizer': 'Adam'}. Best is trial 229 with value: 0.028123093326230243.
2026-05-19 17:42:40,234 - experiment_functions - INFO - Early stopping at epoch 1050. Best Recall: 0.0186
2026-05-19 17:42:40,334 - optuna.study.study - INFO - Trial 240 finished with value: 0.018587271662331768 and parameters: {'n_layers': 4, 'embedding_dim': 32, 'lr': 0.06086111190203596, 'lambda_val': 5.237830389247177e-05, 'batch_size': 3425, 'optimizer': 'Adam'}. Best is trial 229 with value: 0.028123093326230243.
2026-05-19 17:42:52,313 - optuna.study._optimize - INFO - Trial 241 pruned. 
2026-05-19 17:43:11,985 - experiment_functions - INFO - Early stopping at epoch 3300. Best Recall: 0.0226
2026-05-19 17:43:12,063 - optuna.study.study - INFO - Trial 242 finished with value: 0.022622103160430278 and parameters: {'n_layers': 4, 'embedding_dim': 32, 'lr': 0.04726999629037611, 'lambda_val': 4.443074959747633e-05, 'batch_size': 3690, 'optimizer': 'Adam'}. Best is trial 229 with value: 0.028123093326230243.
2026-05-19 17:43:23,297 - optuna.study._optimize - INFO - Trial 243 pruned. 
2026-05-19 17:43:30,387 - optuna.study._optimize - INFO - Trial 244 pruned. 
2026-05-19 17:43:38,368 - optuna.study._optimize - INFO - Trial 245 pruned. 
2026-05-19 17:43:47,466 - optuna.study._optimize - INFO - Trial 246 pruned. 
2026-05-19 17:43:55,845 - experiment_functions - INFO - Early stopping at epoch 1350. Best Recall: 0.0191
2026-05-19 17:43:55,936 - optuna.study.study - INFO - Trial 247 finished with value: 0.019064116515396103 and parameters: {'n_layers': 4, 'embedding_dim': 32, 'lr': 0.069554986381124, 'lambda_val': 6.43559115109012e-05, 'batch_size': 3508, 'optimizer': 'Adam'}. Best is trial 229 with value: 0.028123093326230243.
2026-05-19 17:44:02,248 - optuna.study._optimize - INFO - Trial 248 pruned. 
2026-05-19 17:44:11,029 - optuna.study._optimize - INFO - Trial 249 pruned. 
2026-05-19 17:44:17,963 - optuna.study._optimize - INFO - Trial 250 pruned. 
2026-05-19 17:44:32,795 - optuna.study._optimize - INFO - Trial 251 pruned. 
2026-05-19 17:44:53,399 - optuna.study._optimize - INFO - Trial 252 pruned. 
2026-05-19 17:45:00,276 - optuna.study._optimize - INFO - Trial 253 pruned. 
2026-05-19 17:45:12,112 - optuna.study._optimize - INFO - Trial 254 pruned. 
2026-05-19 17:45:18,976 - optuna.study._optimize - INFO - Trial 255 pruned. 
2026-05-19 17:45:25,246 - optuna.study._optimize - INFO - Trial 256 pruned. 
2026-05-19 17:45:29,323 - experiment_functions - INFO - Early stopping at epoch 500. Best Recall: 0.0017
2026-05-19 17:45:29,424 - optuna.study.study - INFO - Trial 257 finished with value: 0.0016860856243001727 and parameters: {'n_layers': 4, 'embedding_dim': 96, 'lr': 0.032683635548675365, 'lambda_val': 7.865783839428686e-05, 'batch_size': 3393, 'optimizer': 'SGD'}. Best is trial 229 with value: 0.028123093326230243.
2026-05-19 17:45:39,994 - optuna.study._optimize - INFO - Trial 258 pruned. 
2026-05-19 17:45:46,254 - optuna.study._optimize - INFO - Trial 259 pruned. 
2026-05-19 17:45:52,470 - optuna.study._optimize - INFO - Trial 260 pruned. 
2026-05-19 17:46:00,466 - optuna.study._optimize - INFO - Trial 261 pruned. 
2026-05-19 17:46:08,097 - optuna.study._optimize - INFO - Trial 262 pruned. 
2026-05-19 17:46:13,780 - experiment_functions - INFO - Early stopping at epoch 800. Best Recall: 0.0108
2026-05-19 17:46:13,872 - optuna.study.study - INFO - Trial 263 finished with value: 0.01083502234491493 and parameters: {'n_layers': 4, 'embedding_dim': 32, 'lr': 0.09677893039877157, 'lambda_val': 2.5935363988729275e-05, 'batch_size': 823, 'optimizer': 'Adam'}. Best is trial 229 with value: 0.028123093326230243.
2026-05-19 17:46:23,363 - optuna.study._optimize - INFO - Trial 264 pruned. 
2026-05-19 17:46:32,277 - optuna.study._optimize - INFO - Trial 265 pruned. 
2026-05-19 17:46:39,766 - optuna.study._optimize - INFO - Trial 266 pruned. 
2026-05-19 17:46:49,345 - optuna.study._optimize - INFO - Trial 267 pruned. 
2026-05-19 17:46:57,165 - optuna.study._optimize - INFO - Trial 268 pruned. 
2026-05-19 17:47:05,443 - experiment_functions - INFO - Early stopping at epoch 1100. Best Recall: 0.0178
2026-05-19 17:47:05,534 - optuna.study.study - INFO - Trial 269 finished with value: 0.017785847112416864 and parameters: {'n_layers': 4, 'embedding_dim': 96, 'lr': 0.0647184815221421, 'lambda_val': 5.542270284462767e-05, 'batch_size': 3701, 'optimizer': 'Adam'}. Best is trial 229 with value: 0.028123093326230243.
2026-05-19 17:47:19,179 - experiment_functions - INFO - Early stopping at epoch 1650. Best Recall: 0.0210
2026-05-19 17:47:19,323 - optuna.study.study - INFO - Trial 270 finished with value: 0.021007641382573612 and parameters: {'n_layers': 4, 'embedding_dim': 32, 'lr': 0.08126098804803801, 'lambda_val': 4.261928082036347e-05, 'batch_size': 3572, 'optimizer': 'Adam'}. Best is trial 229 with value: 0.028123093326230243.
2026-05-19 17:47:27,626 - optuna.study._optimize - INFO - Trial 271 pruned. 
2026-05-19 17:47:36,175 - optuna.study._optimize - INFO - Trial 272 pruned. 
2026-05-19 17:47:55,153 - experiment_functions - INFO - Early stopping at epoch 2550. Best Recall: 0.0227
2026-05-19 17:47:55,295 - optuna.study.study - INFO - Trial 273 finished with value: 0.022721954899406007 and parameters: {'n_layers': 4, 'embedding_dim': 32, 'lr': 0.05622387609053871, 'lambda_val': 5.144971679791887e-05, 'batch_size': 3652, 'optimizer': 'Adam'}. Best is trial 229 with value: 0.028123093326230243.
2026-05-19 17:48:04,003 - optuna.study._optimize - INFO - Trial 274 pruned. 
2026-05-19 17:48:21,423 - optuna.study._optimize - INFO - Trial 275 pruned. 
2026-05-19 17:48:28,424 - optuna.study._optimize - INFO - Trial 276 pruned. 
2026-05-19 17:48:35,308 - optuna.study._optimize - INFO - Trial 277 pruned. 
2026-05-19 17:48:41,705 - optuna.study._optimize - INFO - Trial 278 pruned. 
2026-05-19 17:48:53,352 - optuna.study._optimize - INFO - Trial 279 pruned. 
2026-05-19 17:48:56,709 - experiment_functions - INFO - Early stopping at epoch 500. Best Recall: 0.0029
2026-05-19 17:48:56,814 - optuna.study.study - INFO - Trial 280 finished with value: 0.0028738668146758035 and parameters: {'n_layers': 4, 'embedding_dim': 32, 'lr': 0.0006245084632989007, 'lambda_val': 4.807294902878143e-05, 'batch_size': 3704, 'optimizer': 'SGD'}. Best is trial 229 with value: 0.028123093326230243.
2026-05-19 17:49:05,606 - experiment_functions - INFO - Early stopping at epoch 1500. Best Recall: 0.0193
2026-05-19 17:49:05,705 - optuna.study.study - INFO - Trial 281 finished with value: 0.019324586840782046 and parameters: {'n_layers': 4, 'embedding_dim': 32, 'lr': 0.06742577909823029, 'lambda_val': 9.438031283773948e-05, 'batch_size': 3421, 'optimizer': 'Adam'}. Best is trial 229 with value: 0.028123093326230243.
2026-05-19 17:49:16,178 - optuna.study._optimize - INFO - Trial 282 pruned. 
2026-05-19 17:49:31,722 - optuna.study._optimize - INFO - Trial 283 pruned. 
2026-05-19 17:49:38,174 - optuna.study._optimize - INFO - Trial 284 pruned. 
2026-05-19 17:49:44,498 - optuna.study._optimize - INFO - Trial 285 pruned. 
2026-05-19 17:49:50,167 - experiment_functions - INFO - Early stopping at epoch 800. Best Recall: 0.0050
2026-05-19 17:49:50,267 - optuna.study.study - INFO - Trial 286 finished with value: 0.004988547329489408 and parameters: {'n_layers': 4, 'embedding_dim': 32, 'lr': 0.050575360513790205, 'lambda_val': 0.004056265901736925, 'batch_size': 3741, 'optimizer': 'Adam'}. Best is trial 229 with value: 0.028123093326230243.
2026-05-19 17:50:09,996 - experiment_functions - INFO - Early stopping at epoch 1200. Best Recall: 0.0230
2026-05-19 17:50:10,112 - optuna.study.study - INFO - Trial 287 finished with value: 0.02300130571142354 and parameters: {'n_layers': 4, 'embedding_dim': 32, 'lr': 0.06225025449910751, 'lambda_val': 0.00010725573671080802, 'batch_size': 3591, 'optimizer': 'RMSprop'}. Best is trial 229 with value: 0.028123093326230243.
2026-05-19 17:50:16,490 - optuna.study._optimize - INFO - Trial 288 pruned. 
2026-05-19 17:50:31,211 - experiment_functions - INFO - Early stopping at epoch 2050. Best Recall: 0.0217
2026-05-19 17:50:31,357 - optuna.study.study - INFO - Trial 289 finished with value: 0.02167146568914201 and parameters: {'n_layers': 4, 'embedding_dim': 32, 'lr': 0.06788964006995737, 'lambda_val': 0.00010258198425763029, 'batch_size': 3613, 'optimizer': 'RMSprop'}. Best is trial 229 with value: 0.028123093326230243.
2026-05-19 17:50:39,209 - optuna.study._optimize - INFO - Trial 290 pruned. 
2026-05-19 17:50:54,108 - experiment_functions - INFO - Early stopping at epoch 2050. Best Recall: 0.0217
2026-05-19 17:50:56,105 - optuna.study.study - INFO - Trial 291 finished with value: 0.021716791407542693 and parameters: {'n_layers': 4, 'embedding_dim': 32, 'lr': 0.06225248031208155, 'lambda_val': 0.00018384024553783966, 'batch_size': 3582, 'optimizer': 'RMSprop'}. Best is trial 229 with value: 0.028123093326230243.
2026-05-19 17:50:59,887 - experiment_functions - INFO - Early stopping at epoch 500. Best Recall: 0.0015
2026-05-19 17:50:59,978 - optuna.study.study - INFO - Trial 292 finished with value: 0.0015387594627789655 and parameters: {'n_layers': 4, 'embedding_dim': 32, 'lr': 0.07036699073228728, 'lambda_val': 0.00017863253290422814, 'batch_size': 3565, 'optimizer': 'SGD'}. Best is trial 229 with value: 0.028123093326230243.
2026-05-19 17:51:08,656 - optuna.study._optimize - INFO - Trial 293 pruned. 
2026-05-19 17:51:17,362 - optuna.study._optimize - INFO - Trial 294 pruned. 
2026-05-19 17:51:25,169 - optuna.study._optimize - INFO - Trial 295 pruned. 
2026-05-19 17:51:44,834 - experiment_functions - INFO - Early stopping at epoch 3000. Best Recall: 0.0227
2026-05-19 17:51:44,969 - optuna.study.study - INFO - Trial 296 finished with value: 0.022704528663428442 and parameters: {'n_layers': 4, 'embedding_dim': 32, 'lr': 0.06041857410339199, 'lambda_val': 0.0001741069321016224, 'batch_size': 4030, 'optimizer': 'RMSprop'}. Best is trial 229 with value: 0.028123093326230243.
2026-05-19 17:51:52,177 - optuna.study._optimize - INFO - Trial 297 pruned. 
2026-05-19 17:51:55,936 - experiment_functions - INFO - Early stopping at epoch 500. Best Recall: 0.0137
2026-05-19 17:51:56,028 - optuna.study.study - INFO - Trial 298 finished with value: 0.013708122451238808 and parameters: {'n_layers': 4, 'embedding_dim': 256, 'lr': 0.05567506913608772, 'lambda_val': 0.00028995936965022276, 'batch_size': 4038, 'optimizer': 'RMSprop'}. Best is trial 229 with value: 0.028123093326230243.
2026-05-19 17:52:02,822 - optuna.study._optimize - INFO - Trial 299 pruned. 
2026-05-19 17:52:02,825 - experiment_functions - INFO - Training the best model ... for e_100K_1c1dcs_strict
2026-05-19 17:52:06,277 - experiment_functions - INFO - Early stopping at epoch 1100. Best Recall: 0.0195
2026-05-19 17:52:06,366 - root - INFO -   ** Getting the trainable edges:
2026-05-19 17:52:06,371 - helper_functions - INFO -      Number of nodes: 535
2026-05-19 17:52:06,371 - helper_functions - INFO -      Ratio: 0.05177085349332301
2026-05-19 17:52:06,371 - helper_functions - INFO -      Number of unique users: 303
2026-05-19 17:52:06,371 - helper_functions - INFO -      Number of unique items: 232
2026-05-19 17:52:06,371 - helper_functions - INFO -      Total dominant set edge: 81241
2026-05-19 17:52:06,371 - helper_functions - INFO -      Trainable edges: 64992.8
2026-05-19 17:52:06,380 - root - INFO -   **** Getting 81241 dominant set edges
2026-05-19 17:52:06,534 - optuna.storages._rdb.storage - INFO - A new study created in RDB with name: Study_e_100K_1c1dcs
2026-05-19 17:52:10,752 - experiment_functions - INFO - Early stopping at epoch 500. Best Recall: 0.0020
2026-05-19 17:52:10,851 - optuna.study.study - INFO - Trial 0 finished with value: 0.0019911716733387623 and parameters: {'n_layers': 3, 'embedding_dim': 96, 'lr': 3.10618517920041e-05, 'lambda_val': 0.008111077001901857, 'batch_size': 3289, 'optimizer': 'Adam'}. Best is trial 0 with value: 0.0019911716733387623.
2026-05-19 17:52:36,586 - experiment_functions - INFO - Early stopping at epoch 800. Best Recall: 0.0030
2026-05-19 17:52:38,689 - optuna.study.study - INFO - Trial 1 finished with value: 0.002979066226707713 and parameters: {'n_layers': 2, 'embedding_dim': 96, 'lr': 1.696839283062993e-05, 'lambda_val': 2.5019075427482865e-05, 'batch_size': 3280, 'optimizer': 'Adam'}. Best is trial 1 with value: 0.002979066226707713.
2026-05-19 17:53:04,911 - optuna.study.study - INFO - Trial 2 finished with value: 0.024295686688466427 and parameters: {'n_layers': 4, 'embedding_dim': 32, 'lr': 0.0001510026432680459, 'lambda_val': 6.582491250422762e-06, 'batch_size': 1359, 'optimizer': 'Adam'}. Best is trial 2 with value: 0.024295686688466427.
2026-05-19 17:53:08,576 - experiment_functions - INFO - Early stopping at epoch 500. Best Recall: 0.0024
2026-05-19 17:53:08,676 - optuna.study.study - INFO - Trial 3 finished with value: 0.002378149593715909 and parameters: {'n_layers': 1, 'embedding_dim': 256, 'lr': 4.268563585663689e-05, 'lambda_val': 0.00010812520270589391, 'batch_size': 2131, 'optimizer': 'SGD'}. Best is trial 2 with value: 0.024295686688466427.
2026-05-19 17:53:12,817 - experiment_functions - INFO - Early stopping at epoch 500. Best Recall: 0.0017
2026-05-19 17:53:12,917 - optuna.study.study - INFO - Trial 4 finished with value: 0.0016536100029036762 and parameters: {'n_layers': 3, 'embedding_dim': 64, 'lr': 0.015117706456590727, 'lambda_val': 4.765703371447511e-06, 'batch_size': 2721, 'optimizer': 'SGD'}. Best is trial 2 with value: 0.024295686688466427.
2026-05-19 17:53:29,896 - experiment_functions - INFO - Early stopping at epoch 2950. Best Recall: 0.0626
2026-05-19 17:53:29,989 - optuna.study.study - INFO - Trial 5 finished with value: 0.06256097437830344 and parameters: {'n_layers': 2, 'embedding_dim': 64, 'lr': 0.00022660124361688228, 'lambda_val': 3.866018844442767e-05, 'batch_size': 1411, 'optimizer': 'RMSprop'}. Best is trial 5 with value: 0.06256097437830344.
2026-05-19 17:53:38,999 - experiment_functions - INFO - Early stopping at epoch 500. Best Recall: 0.0020
2026-05-19 17:53:39,100 - optuna.study.study - INFO - Trial 6 finished with value: 0.0019939696995645703 and parameters: {'n_layers': 3, 'embedding_dim': 64, 'lr': 0.01401754067099371, 'lambda_val': 0.004026458849668165, 'batch_size': 1210, 'optimizer': 'SGD'}. Best is trial 5 with value: 0.06256097437830344.
2026-05-19 17:53:44,687 - experiment_functions - INFO - Early stopping at epoch 650. Best Recall: 0.0351
2026-05-19 17:53:44,788 - optuna.study.study - INFO - Trial 7 finished with value: 0.035147866498215254 and parameters: {'n_layers': 2, 'embedding_dim': 96, 'lr': 0.0011596601689896644, 'lambda_val': 0.002387743607422764, 'batch_size': 3978, 'optimizer': 'RMSprop'}. Best is trial 5 with value: 0.06256097437830344.
2026-05-19 17:53:49,438 - experiment_functions - INFO - Early stopping at epoch 500. Best Recall: 0.0018
2026-05-19 17:53:49,582 - optuna.study.study - INFO - Trial 8 finished with value: 0.001787000825042879 and parameters: {'n_layers': 3, 'embedding_dim': 256, 'lr': 0.0019289890876708214, 'lambda_val': 0.06846521771059688, 'batch_size': 2769, 'optimizer': 'SGD'}. Best is trial 5 with value: 0.06256097437830344.
2026-05-19 17:54:03,217 - experiment_functions - INFO - Early stopping at epoch 1150. Best Recall: 0.0398
2026-05-19 17:54:03,983 - optuna.study.study - INFO - Trial 9 finished with value: 0.03978568525426008 and parameters: {'n_layers': 4, 'embedding_dim': 256, 'lr': 0.00027364077240100775, 'lambda_val': 2.3889160196972283e-05, 'batch_size': 1072, 'optimizer': 'Adam'}. Best is trial 5 with value: 0.06256097437830344.
2026-05-19 17:54:17,933 - experiment_functions - INFO - Early stopping at epoch 850. Best Recall: 0.0153
2026-05-19 17:54:18,022 - optuna.study.study - INFO - Trial 10 finished with value: 0.0153287748475331 and parameters: {'n_layers': 1, 'embedding_dim': 128, 'lr': 0.07114324723271359, 'lambda_val': 0.0002456465328313135, 'batch_size': 551, 'optimizer': 'RMSprop'}. Best is trial 5 with value: 0.06256097437830344.
2026-05-19 17:54:25,152 - optuna.study._optimize - INFO - Trial 11 pruned. 
2026-05-19 17:54:46,744 - experiment_functions - INFO - Early stopping at epoch 2900. Best Recall: 0.0578
2026-05-19 17:54:46,834 - optuna.study.study - INFO - Trial 12 finished with value: 0.05781873562546154 and parameters: {'n_layers': 2, 'embedding_dim': 256, 'lr': 0.0002623218325166679, 'lambda_val': 1.77851070374576e-06, 'batch_size': 706, 'optimizer': 'Adam'}. Best is trial 5 with value: 0.06256097437830344.
2026-05-19 17:54:53,748 - experiment_functions - INFO - Early stopping at epoch 1100. Best Recall: 0.0559
2026-05-19 17:54:54,010 - optuna.study.study - INFO - Trial 13 finished with value: 0.055916682266638394 and parameters: {'n_layers': 2, 'embedding_dim': 128, 'lr': 0.0004529738143545502, 'lambda_val': 1.6970904693295175e-06, 'batch_size': 555, 'optimizer': 'RMSprop'}. Best is trial 5 with value: 0.06256097437830344.
2026-05-19 17:55:00,223 - optuna.study._optimize - INFO - Trial 14 pruned. 
2026-05-19 17:55:05,816 - experiment_functions - INFO - Early stopping at epoch 800. Best Recall: 0.0262
2026-05-19 17:55:05,926 - optuna.study.study - INFO - Trial 15 finished with value: 0.026211892776243504 and parameters: {'n_layers': 2, 'embedding_dim': 64, 'lr': 0.0031139193986210044, 'lambda_val': 0.0007836846975305026, 'batch_size': 1027, 'optimizer': 'RMSprop'}. Best is trial 5 with value: 0.06256097437830344.
2026-05-19 17:55:17,750 - experiment_functions - INFO - Early stopping at epoch 850. Best Recall: 0.0536
2026-05-19 17:55:17,844 - optuna.study.study - INFO - Trial 16 finished with value: 0.053580802756252016 and parameters: {'n_layers': 2, 'embedding_dim': 256, 'lr': 0.0005828272734056806, 'lambda_val': 6.248639468265369e-06, 'batch_size': 1816, 'optimizer': 'Adam'}. Best is trial 5 with value: 0.06256097437830344.
2026-05-19 17:55:24,105 - optuna.study._optimize - INFO - Trial 17 pruned. 
2026-05-19 17:55:28,923 - experiment_functions - INFO - Early stopping at epoch 750. Best Recall: 0.0219
2026-05-19 17:55:29,013 - optuna.study.study - INFO - Trial 18 finished with value: 0.021863023854229502 and parameters: {'n_layers': 2, 'embedding_dim': 64, 'lr': 0.004089149986495563, 'lambda_val': 3.856826793302172e-06, 'batch_size': 1770, 'optimizer': 'RMSprop'}. Best is trial 5 with value: 0.06256097437830344.
2026-05-19 17:55:35,271 - experiment_functions - INFO - Early stopping at epoch 850. Best Recall: 0.0322
2026-05-19 17:55:35,406 - optuna.study.study - INFO - Trial 19 finished with value: 0.03219253683766168 and parameters: {'n_layers': 3, 'embedding_dim': 32, 'lr': 0.0006970676880126058, 'lambda_val': 1.3208983568198868e-05, 'batch_size': 2300, 'optimizer': 'Adam'}. Best is trial 5 with value: 0.06256097437830344.
2026-05-19 17:55:39,023 - experiment_functions - INFO - Early stopping at epoch 500. Best Recall: 0.0024
2026-05-19 17:55:39,123 - optuna.study.study - INFO - Trial 20 finished with value: 0.0023743124674806505 and parameters: {'n_layers': 1, 'embedding_dim': 128, 'lr': 1.247481379367048e-05, 'lambda_val': 0.00030358935952434123, 'batch_size': 918, 'optimizer': 'Adam'}. Best is trial 5 with value: 0.06256097437830344.
2026-05-19 17:55:48,309 - experiment_functions - INFO - Early stopping at epoch 1400. Best Recall: 0.0631
2026-05-19 17:55:48,458 - optuna.study.study - INFO - Trial 21 finished with value: 0.06312826758809428 and parameters: {'n_layers': 2, 'embedding_dim': 128, 'lr': 0.0003908590976830095, 'lambda_val': 1.3890337811226421e-06, 'batch_size': 523, 'optimizer': 'RMSprop'}. Best is trial 21 with value: 0.06312826758809428.
2026-05-19 17:56:00,715 - experiment_functions - INFO - Early stopping at epoch 1800. Best Recall: 0.0639
2026-05-19 17:56:00,811 - optuna.study.study - INFO - Trial 22 finished with value: 0.06386665981552922 and parameters: {'n_layers': 2, 'embedding_dim': 128, 'lr': 0.0002877058434573989, 'lambda_val': 2.165930739578323e-06, 'batch_size': 817, 'optimizer': 'RMSprop'}. Best is trial 22 with value: 0.06386665981552922.
2026-05-19 17:56:08,905 - optuna.study._optimize - INFO - Trial 23 pruned. 
2026-05-19 17:56:15,009 - experiment_functions - INFO - Early stopping at epoch 800. Best Recall: 0.0358
2026-05-19 17:56:15,109 - optuna.study.study - INFO - Trial 24 finished with value: 0.03575508275366311 and parameters: {'n_layers': 2, 'embedding_dim': 128, 'lr': 0.001247725972895867, 'lambda_val': 2.392063563584459e-06, 'batch_size': 909, 'optimizer': 'RMSprop'}. Best is trial 22 with value: 0.06386665981552922.
2026-05-19 17:56:22,900 - optuna.study._optimize - INFO - Trial 25 pruned. 
2026-05-19 17:56:29,511 - optuna.study._optimize - INFO - Trial 26 pruned. 
2026-05-19 17:56:36,172 - optuna.study._optimize - INFO - Trial 27 pruned. 
2026-05-19 17:56:43,143 - optuna.study._optimize - INFO - Trial 28 pruned. 
2026-05-19 17:56:47,982 - experiment_functions - INFO - Early stopping at epoch 650. Best Recall: 0.0171
2026-05-19 17:56:48,072 - optuna.study.study - INFO - Trial 29 finished with value: 0.0171311875902612 and parameters: {'n_layers': 3, 'embedding_dim': 96, 'lr': 0.0009539019635707974, 'lambda_val': 0.029439786532657244, 'batch_size': 1221, 'optimizer': 'RMSprop'}. Best is trial 22 with value: 0.06386665981552922.
2026-05-19 17:56:56,163 - optuna.study._optimize - INFO - Trial 30 pruned. 
2026-05-19 17:57:09,124 - experiment_functions - INFO - Early stopping at epoch 1350. Best Recall: 0.0615
2026-05-19 17:57:09,213 - optuna.study.study - INFO - Trial 31 finished with value: 0.06150078998727867 and parameters: {'n_layers': 2, 'embedding_dim': 256, 'lr': 0.0003326735890876521, 'lambda_val': 2.077532164413658e-06, 'batch_size': 803, 'optimizer': 'Adam'}. Best is trial 22 with value: 0.06386665981552922.
2026-05-19 17:57:15,997 - optuna.study._optimize - INFO - Trial 32 pruned. 
2026-05-19 17:57:24,884 - optuna.study._optimize - INFO - Trial 33 pruned. 
2026-05-19 17:57:28,534 - experiment_functions - INFO - Early stopping at epoch 500. Best Recall: 0.0022
2026-05-19 17:57:28,644 - optuna.study.study - INFO - Trial 34 finished with value: 0.0021870766091002625 and parameters: {'n_layers': 2, 'embedding_dim': 32, 'lr': 2.224871433657281e-05, 'lambda_val': 2.6399750419534857e-05, 'batch_size': 1339, 'optimizer': 'SGD'}. Best is trial 22 with value: 0.06386665981552922.
2026-05-19 17:57:35,923 - optuna.study._optimize - INFO - Trial 35 pruned. 
2026-05-19 17:57:39,513 - experiment_functions - INFO - Early stopping at epoch 500. Best Recall: 0.0015
2026-05-19 17:57:39,604 - optuna.study.study - INFO - Trial 36 finished with value: 0.001539704530814342 and parameters: {'n_layers': 2, 'embedding_dim': 64, 'lr': 0.0017642780938914556, 'lambda_val': 1.012565361379539e-06, 'batch_size': 2698, 'optimizer': 'SGD'}. Best is trial 22 with value: 0.06386665981552922.
2026-05-19 17:57:44,766 - experiment_functions - INFO - Early stopping at epoch 850. Best Recall: 0.0554
2026-05-19 17:57:44,859 - optuna.study.study - INFO - Trial 37 finished with value: 0.0554109424996712 and parameters: {'n_layers': 1, 'embedding_dim': 64, 'lr': 0.0007869312189238723, 'lambda_val': 2.515926201475755e-06, 'batch_size': 1385, 'optimizer': 'RMSprop'}. Best is trial 22 with value: 0.06386665981552922.
2026-05-19 17:57:53,095 - optuna.study._optimize - INFO - Trial 38 pruned. 
2026-05-19 17:57:57,694 - experiment_functions - INFO - Early stopping at epoch 500. Best Recall: 0.0017
2026-05-19 17:57:57,785 - optuna.study.study - INFO - Trial 39 finished with value: 0.0017162437196068555 and parameters: {'n_layers': 3, 'embedding_dim': 96, 'lr': 3.510802570185706e-05, 'lambda_val': 5.411236284098108e-06, 'batch_size': 3143, 'optimizer': 'SGD'}. Best is trial 22 with value: 0.06386665981552922.
2026-05-19 17:58:04,570 - experiment_functions - INFO - Early stopping at epoch 950. Best Recall: 0.0526
2026-05-19 17:58:04,670 - optuna.study.study - INFO - Trial 40 finished with value: 0.05262500257776619 and parameters: {'n_layers': 2, 'embedding_dim': 128, 'lr': 0.0003497783204766404, 'lambda_val': 7.764527411549996e-06, 'batch_size': 3781, 'optimizer': 'RMSprop'}. Best is trial 22 with value: 0.06386665981552922.
2026-05-19 17:58:17,607 - experiment_functions - INFO - Early stopping at epoch 1700. Best Recall: 0.0600
2026-05-19 17:58:17,749 - optuna.study.study - INFO - Trial 41 finished with value: 0.06001808790545003 and parameters: {'n_layers': 2, 'embedding_dim': 256, 'lr': 0.0002635503342039464, 'lambda_val': 2.563387242735851e-06, 'batch_size': 718, 'optimizer': 'Adam'}. Best is trial 22 with value: 0.06386665981552922.
2026-05-19 17:58:26,097 - experiment_functions - INFO - Early stopping at epoch 1100. Best Recall: 0.0569
2026-05-19 17:58:26,188 - optuna.study.study - INFO - Trial 42 finished with value: 0.056908314197319475 and parameters: {'n_layers': 2, 'embedding_dim': 256, 'lr': 0.0005499970986376921, 'lambda_val': 1.7967968662826703e-06, 'batch_size': 855, 'optimizer': 'Adam'}. Best is trial 22 with value: 0.06386665981552922.
2026-05-19 17:58:33,650 - optuna.study._optimize - INFO - Trial 43 pruned. 
2026-05-19 17:58:42,945 - optuna.study._optimize - INFO - Trial 44 pruned. 
2026-05-19 17:58:51,756 - optuna.study._optimize - INFO - Trial 45 pruned. 
2026-05-19 17:58:55,592 - experiment_functions - INFO - Early stopping at epoch 500. Best Recall: 0.0094
2026-05-19 17:58:55,694 - optuna.study.study - INFO - Trial 46 finished with value: 0.009434227638642162 and parameters: {'n_layers': 2, 'embedding_dim': 64, 'lr': 0.09894097235172612, 'lambda_val': 0.00015219029142447458, 'batch_size': 1017, 'optimizer': 'RMSprop'}. Best is trial 22 with value: 0.06386665981552922.
2026-05-19 17:59:02,208 - optuna.study._optimize - INFO - Trial 47 pruned. 
2026-05-19 17:59:10,604 - experiment_functions - INFO - Early stopping at epoch 500. Best Recall: 0.0020
2026-05-19 17:59:10,696 - optuna.study.study - INFO - Trial 48 finished with value: 0.0019811357297501012 and parameters: {'n_layers': 1, 'embedding_dim': 256, 'lr': 0.0002901742044590021, 'lambda_val': 1.3300383764884035e-06, 'batch_size': 1654, 'optimizer': 'SGD'}. Best is trial 22 with value: 0.06386665981552922.
2026-05-19 17:59:17,391 - optuna.study._optimize - INFO - Trial 49 pruned. 
2026-05-19 17:59:21,714 - experiment_functions - INFO - Early stopping at epoch 550. Best Recall: 0.0285
2026-05-19 17:59:21,855 - optuna.study.study - INFO - Trial 50 finished with value: 0.0285164046890153 and parameters: {'n_layers': 4, 'embedding_dim': 64, 'lr': 0.0026368107916476483, 'lambda_val': 0.000572666425842569, 'batch_size': 990, 'optimizer': 'Adam'}. Best is trial 22 with value: 0.06386665981552922.
2026-05-19 17:59:29,977 - optuna.study._optimize - INFO - Trial 51 pruned. 
2026-05-19 17:59:37,570 - optuna.study._optimize - INFO - Trial 52 pruned. 
2026-05-19 17:59:44,461 - experiment_functions - INFO - Early stopping at epoch 750. Best Recall: 0.0499
2026-05-19 17:59:45,306 - optuna.study.study - INFO - Trial 53 finished with value: 0.04991241312037382 and parameters: {'n_layers': 2, 'embedding_dim': 256, 'lr': 0.0008185058915767464, 'lambda_val': 1.534335994373362e-06, 'batch_size': 651, 'optimizer': 'Adam'}. Best is trial 22 with value: 0.06386665981552922.
2026-05-19 17:59:54,040 - optuna.study._optimize - INFO - Trial 54 pruned. 
2026-05-19 17:59:58,370 - experiment_functions - INFO - Early stopping at epoch 500. Best Recall: 0.0222
2026-05-19 17:59:58,505 - optuna.study.study - INFO - Trial 55 finished with value: 0.0221620030568378 and parameters: {'n_layers': 2, 'embedding_dim': 256, 'lr': 0.030677801263062774, 'lambda_val': 4.832580503333973e-05, 'batch_size': 829, 'optimizer': 'RMSprop'}. Best is trial 22 with value: 0.06386665981552922.
2026-05-19 18:00:06,645 - optuna.study._optimize - INFO - Trial 56 pruned. 
2026-05-19 18:00:15,785 - experiment_functions - INFO - Early stopping at epoch 1100. Best Recall: 0.0550
2026-05-19 18:00:15,905 - optuna.study.study - INFO - Trial 57 finished with value: 0.0550470371839816 and parameters: {'n_layers': 2, 'embedding_dim': 256, 'lr': 0.00046520578609232123, 'lambda_val': 2.1107287804215947e-06, 'batch_size': 515, 'optimizer': 'RMSprop'}. Best is trial 22 with value: 0.06386665981552922.
2026-05-19 18:00:22,453 - experiment_functions - INFO - Early stopping at epoch 1000. Best Recall: 0.0672
2026-05-19 18:00:22,538 - optuna.study.study - INFO - Trial 58 finished with value: 0.06721328699513246 and parameters: {'n_layers': 1, 'embedding_dim': 32, 'lr': 0.001142809609123742, 'lambda_val': 1.0149027932439084e-05, 'batch_size': 1342, 'optimizer': 'Adam'}. Best is trial 58 with value: 0.06721328699513246.
2026-05-19 18:00:29,075 - experiment_functions - INFO - Early stopping at epoch 1000. Best Recall: 0.0667
2026-05-19 18:00:29,176 - optuna.study.study - INFO - Trial 59 finished with value: 0.06671188897665613 and parameters: {'n_layers': 1, 'embedding_dim': 32, 'lr': 0.0010791254733402698, 'lambda_val': 1.7387371647437426e-05, 'batch_size': 1339, 'optimizer': 'RMSprop'}. Best is trial 58 with value: 0.06721328699513246.
2026-05-19 18:00:35,891 - experiment_functions - INFO - Early stopping at epoch 850. Best Recall: 0.0627
2026-05-19 18:00:36,001 - optuna.study.study - INFO - Trial 60 finished with value: 0.06269017876321674 and parameters: {'n_layers': 1, 'embedding_dim': 32, 'lr': 0.001412382398217453, 'lambda_val': 7.39669464997534e-05, 'batch_size': 1411, 'optimizer': 'RMSprop'}. Best is trial 58 with value: 0.06721328699513246.
2026-05-19 18:00:42,556 - experiment_functions - INFO - Early stopping at epoch 950. Best Recall: 0.0617
2026-05-19 18:00:42,666 - optuna.study.study - INFO - Trial 61 finished with value: 0.06171862951073383 and parameters: {'n_layers': 1, 'embedding_dim': 32, 'lr': 0.0012138163199819478, 'lambda_val': 5.539400868785865e-05, 'batch_size': 1687, 'optimizer': 'RMSprop'}. Best is trial 58 with value: 0.06721328699513246.
2026-05-19 18:00:47,741 - experiment_functions - INFO - Early stopping at epoch 700. Best Recall: 0.0444
2026-05-19 18:00:47,832 - optuna.study.study - INFO - Trial 62 finished with value: 0.04439515372333988 and parameters: {'n_layers': 1, 'embedding_dim': 32, 'lr': 0.005864692726187493, 'lambda_val': 9.960494193333178e-05, 'batch_size': 1472, 'optimizer': 'RMSprop'}. Best is trial 58 with value: 0.06721328699513246.
2026-05-19 18:00:53,064 - experiment_functions - INFO - Early stopping at epoch 700. Best Recall: 0.0623
2026-05-19 18:00:53,167 - optuna.study.study - INFO - Trial 63 finished with value: 0.06232003045302514 and parameters: {'n_layers': 1, 'embedding_dim': 32, 'lr': 0.0012191377962639065, 'lambda_val': 6.813357516578262e-05, 'batch_size': 1610, 'optimizer': 'RMSprop'}. Best is trial 58 with value: 0.06721328699513246.
2026-05-19 18:00:59,763 - experiment_functions - INFO - Early stopping at epoch 650. Best Recall: 0.0526
2026-05-19 18:00:59,900 - optuna.study.study - INFO - Trial 64 finished with value: 0.05264455142341516 and parameters: {'n_layers': 1, 'embedding_dim': 32, 'lr': 0.00214248537761482, 'lambda_val': 0.00018153888815586447, 'batch_size': 1331, 'optimizer': 'RMSprop'}. Best is trial 58 with value: 0.06721328699513246.
2026-05-19 18:01:04,634 - experiment_functions - INFO - Early stopping at epoch 700. Best Recall: 0.0470
2026-05-19 18:01:04,770 - optuna.study.study - INFO - Trial 65 finished with value: 0.04704788522580465 and parameters: {'n_layers': 1, 'embedding_dim': 32, 'lr': 0.004355516689067579, 'lambda_val': 1.8451656662984544e-05, 'batch_size': 1890, 'optimizer': 'RMSprop'}. Best is trial 58 with value: 0.06721328699513246.
2026-05-19 18:01:10,312 - experiment_functions - INFO - Early stopping at epoch 700. Best Recall: 0.0625
2026-05-19 18:01:10,403 - optuna.study.study - INFO - Trial 66 finished with value: 0.06253383857790713 and parameters: {'n_layers': 1, 'embedding_dim': 32, 'lr': 0.0013117662259451415, 'lambda_val': 3.696985220087094e-05, 'batch_size': 2340, 'optimizer': 'RMSprop'}. Best is trial 58 with value: 0.06721328699513246.
2026-05-19 18:01:14,901 - experiment_functions - INFO - Early stopping at epoch 600. Best Recall: 0.0480
2026-05-19 18:01:15,049 - optuna.study.study - INFO - Trial 67 finished with value: 0.047979620613411995 and parameters: {'n_layers': 1, 'embedding_dim': 32, 'lr': 0.003134872224005105, 'lambda_val': 3.539662737408875e-05, 'batch_size': 2391, 'optimizer': 'RMSprop'}. Best is trial 58 with value: 0.06721328699513246.
2026-05-19 18:01:20,596 - experiment_functions - INFO - Early stopping at epoch 700. Best Recall: 0.0641
2026-05-19 18:01:20,697 - optuna.study.study - INFO - Trial 68 finished with value: 0.06414591465190062 and parameters: {'n_layers': 1, 'embedding_dim': 32, 'lr': 0.0015354863477526376, 'lambda_val': 1.1003521618439446e-05, 'batch_size': 2416, 'optimizer': 'RMSprop'}. Best is trial 58 with value: 0.06721328699513246.
2026-05-19 18:01:33,984 - experiment_functions - INFO - Early stopping at epoch 1850. Best Recall: 0.0602
2026-05-19 18:01:34,094 - optuna.study.study - INFO - Trial 69 finished with value: 0.06019193457499003 and parameters: {'n_layers': 1, 'embedding_dim': 32, 'lr': 0.0006415998174297374, 'lambda_val': 1.8813949149422494e-05, 'batch_size': 2851, 'optimizer': 'RMSprop'}. Best is trial 58 with value: 0.06721328699513246.
2026-05-19 18:01:38,198 - experiment_functions - INFO - Early stopping at epoch 550. Best Recall: 0.0363
2026-05-19 18:01:38,298 - optuna.study.study - INFO - Trial 70 finished with value: 0.036265758959112056 and parameters: {'n_layers': 1, 'embedding_dim': 32, 'lr': 0.010520487824946615, 'lambda_val': 1.070850326170642e-05, 'batch_size': 2547, 'optimizer': 'RMSprop'}. Best is trial 58 with value: 0.06721328699513246.
2026-05-19 18:01:43,545 - experiment_functions - INFO - Early stopping at epoch 800. Best Recall: 0.0629
2026-05-19 18:01:43,637 - optuna.study.study - INFO - Trial 71 finished with value: 0.06286429318462423 and parameters: {'n_layers': 1, 'embedding_dim': 32, 'lr': 0.0015402427183433404, 'lambda_val': 9.22621625638696e-05, 'batch_size': 2139, 'optimizer': 'RMSprop'}. Best is trial 58 with value: 0.06721328699513246.
2026-05-19 18:01:49,921 - experiment_functions - INFO - Early stopping at epoch 700. Best Recall: 0.0615
2026-05-19 18:01:50,012 - optuna.study.study - INFO - Trial 72 finished with value: 0.06152775141840871 and parameters: {'n_layers': 1, 'embedding_dim': 32, 'lr': 0.0009018392555781236, 'lambda_val': 2.416163778136982e-05, 'batch_size': 1737, 'optimizer': 'RMSprop'}. Best is trial 58 with value: 0.06721328699513246.
2026-05-19 18:01:55,050 - experiment_functions - INFO - Early stopping at epoch 750. Best Recall: 0.0504
2026-05-19 18:01:55,140 - optuna.study.study - INFO - Trial 73 finished with value: 0.05044666231054469 and parameters: {'n_layers': 1, 'embedding_dim': 32, 'lr': 0.0016441423558267393, 'lambda_val': 9.395123755322862e-05, 'batch_size': 1480, 'optimizer': 'RMSprop'}. Best is trial 58 with value: 0.06721328699513246.
2026-05-19 18:01:59,751 - experiment_functions - INFO - Early stopping at epoch 650. Best Recall: 0.0599
2026-05-19 18:01:59,842 - optuna.study.study - INFO - Trial 74 finished with value: 0.05989551592357513 and parameters: {'n_layers': 1, 'embedding_dim': 32, 'lr': 0.0020593129485197647, 'lambda_val': 0.00023565897607381777, 'batch_size': 2199, 'optimizer': 'RMSprop'}. Best is trial 58 with value: 0.06721328699513246.
2026-05-19 18:02:06,571 - experiment_functions - INFO - Early stopping at epoch 1050. Best Recall: 0.0695
2026-05-19 18:02:06,890 - optuna.study.study - INFO - Trial 75 finished with value: 0.06946752647729358 and parameters: {'n_layers': 1, 'embedding_dim': 32, 'lr': 0.0006866663232066332, 'lambda_val': 1.027632407585487e-05, 'batch_size': 2039, 'optimizer': 'RMSprop'}. Best is trial 75 with value: 0.06946752647729358.
2026-05-19 18:02:16,642 - optuna.study._optimize - INFO - Trial 76 pruned. 
2026-05-19 18:02:22,717 - experiment_functions - INFO - Early stopping at epoch 950. Best Recall: 0.0591
2026-05-19 18:02:22,817 - optuna.study.study - INFO - Trial 77 finished with value: 0.0590826827564701 and parameters: {'n_layers': 1, 'embedding_dim': 32, 'lr': 0.0010261227247159665, 'lambda_val': 5.909590739910128e-06, 'batch_size': 2178, 'optimizer': 'RMSprop'}. Best is trial 75 with value: 0.06946752647729358.
2026-05-19 18:02:28,860 - experiment_functions - INFO - Early stopping at epoch 800. Best Recall: 0.0630
2026-05-19 18:02:28,959 - optuna.study.study - INFO - Trial 78 finished with value: 0.06304565243630131 and parameters: {'n_layers': 1, 'embedding_dim': 32, 'lr': 0.0027403785422327005, 'lambda_val': 1.4281234573649602e-05, 'batch_size': 2540, 'optimizer': 'RMSprop'}. Best is trial 75 with value: 0.06946752647729358.
2026-05-19 18:02:33,569 - experiment_functions - INFO - Early stopping at epoch 600. Best Recall: 0.0557
2026-05-19 18:02:33,656 - optuna.study.study - INFO - Trial 79 finished with value: 0.05567159470712276 and parameters: {'n_layers': 1, 'embedding_dim': 32, 'lr': 0.00323422588966829, 'lambda_val': 6.3848037215740415e-06, 'batch_size': 2493, 'optimizer': 'RMSprop'}. Best is trial 75 with value: 0.06946752647729358.
2026-05-19 18:02:41,378 - experiment_functions - INFO - Early stopping at epoch 950. Best Recall: 0.0511
2026-05-19 18:02:41,529 - optuna.study.study - INFO - Trial 80 finished with value: 0.05108400362987805 and parameters: {'n_layers': 1, 'embedding_dim': 96, 'lr': 0.0040305845678956075, 'lambda_val': 1.20069088756875e-05, 'batch_size': 2981, 'optimizer': 'RMSprop'}. Best is trial 75 with value: 0.06946752647729358.
2026-05-19 18:02:46,557 - experiment_functions - INFO - Early stopping at epoch 600. Best Recall: 0.0590
2026-05-19 18:02:46,636 - optuna.study.study - INFO - Trial 81 finished with value: 0.0590221302720773 and parameters: {'n_layers': 1, 'embedding_dim': 32, 'lr': 0.0024859271070792827, 'lambda_val': 1.3851995496481474e-05, 'batch_size': 2725, 'optimizer': 'RMSprop'}. Best is trial 75 with value: 0.06946752647729358.
2026-05-19 18:02:52,719 - experiment_functions - INFO - Early stopping at epoch 900. Best Recall: 0.0551
2026-05-19 18:02:52,810 - optuna.study.study - INFO - Trial 82 finished with value: 0.05508600380387492 and parameters: {'n_layers': 1, 'embedding_dim': 32, 'lr': 0.0015406025423118546, 'lambda_val': 2.0165576749001437e-05, 'batch_size': 2584, 'optimizer': 'RMSprop'}. Best is trial 75 with value: 0.06946752647729358.
2026-05-19 18:03:00,543 - experiment_functions - INFO - Early stopping at epoch 1200. Best Recall: 0.0636
2026-05-19 18:03:00,642 - optuna.study.study - INFO - Trial 83 finished with value: 0.06361053041088459 and parameters: {'n_layers': 1, 'embedding_dim': 32, 'lr': 0.0008712188101914535, 'lambda_val': 4.208920779337931e-06, 'batch_size': 2248, 'optimizer': 'RMSprop'}. Best is trial 75 with value: 0.06946752647729358.
2026-05-19 18:03:06,134 - experiment_functions - INFO - Early stopping at epoch 500. Best Recall: 0.0010
2026-05-19 18:03:06,279 - optuna.study.study - INFO - Trial 84 finished with value: 0.0009757277906113252 and parameters: {'n_layers': 1, 'embedding_dim': 128, 'lr': 0.0004435339390909038, 'lambda_val': 4.2353665424977285e-06, 'batch_size': 2295, 'optimizer': 'SGD'}. Best is trial 75 with value: 0.06946752647729358.
2026-05-19 18:03:13,135 - experiment_functions - INFO - Early stopping at epoch 900. Best Recall: 0.0549
2026-05-19 18:03:13,225 - optuna.study.study - INFO - Trial 85 finished with value: 0.05485651721456635 and parameters: {'n_layers': 1, 'embedding_dim': 32, 'lr': 0.0009515200622542905, 'lambda_val': 9.320078890913664e-06, 'batch_size': 2403, 'optimizer': 'RMSprop'}. Best is trial 75 with value: 0.06946752647729358.
2026-05-19 18:03:23,309 - experiment_functions - INFO - Early stopping at epoch 1550. Best Recall: 0.0684
2026-05-19 18:03:23,398 - optuna.study.study - INFO - Trial 86 finished with value: 0.06843759691099542 and parameters: {'n_layers': 1, 'embedding_dim': 32, 'lr': 0.000577625353325821, 'lambda_val': 3.32211027131702e-06, 'batch_size': 2125, 'optimizer': 'RMSprop'}. Best is trial 75 with value: 0.06946752647729358.
2026-05-19 18:03:32,202 - experiment_functions - INFO - Early stopping at epoch 1200. Best Recall: 0.0586
2026-05-19 18:03:32,346 - optuna.study.study - INFO - Trial 87 finished with value: 0.05857582731554297 and parameters: {'n_layers': 1, 'embedding_dim': 128, 'lr': 0.0006890833501050035, 'lambda_val': 3.3931394320541128e-06, 'batch_size': 1971, 'optimizer': 'RMSprop'}. Best is trial 75 with value: 0.06946752647729358.
2026-05-19 18:03:49,024 - optuna.study._optimize - INFO - Trial 88 pruned. 
2026-05-19 18:03:57,641 - experiment_functions - INFO - Early stopping at epoch 600. Best Recall: 0.0174
2026-05-19 18:03:57,732 - optuna.study.study - INFO - Trial 89 finished with value: 0.017394370016347502 and parameters: {'n_layers': 4, 'embedding_dim': 32, 'lr': 0.0010785037688540479, 'lambda_val': 1.3080529765550737e-06, 'batch_size': 2278, 'optimizer': 'RMSprop'}. Best is trial 75 with value: 0.06946752647729358.
2026-05-19 18:04:06,834 - experiment_functions - INFO - Early stopping at epoch 1600. Best Recall: 0.0763
2026-05-19 18:04:06,982 - optuna.study.study - INFO - Trial 90 finished with value: 0.07628928167476982 and parameters: {'n_layers': 1, 'embedding_dim': 128, 'lr': 0.00040474936807414433, 'lambda_val': 7.139982022790256e-06, 'batch_size': 2841, 'optimizer': 'RMSprop'}. Best is trial 90 with value: 0.07628928167476982.
2026-05-19 18:04:25,343 - experiment_functions - INFO - Early stopping at epoch 1500. Best Recall: 0.0680
2026-05-19 18:04:26,117 - optuna.study.study - INFO - Trial 91 finished with value: 0.06803958974832905 and parameters: {'n_layers': 1, 'embedding_dim': 128, 'lr': 0.0003937870308213225, 'lambda_val': 7.999433458143338e-06, 'batch_size': 2825, 'optimizer': 'RMSprop'}. Best is trial 90 with value: 0.07628928167476982.
2026-05-19 18:04:33,072 - experiment_functions - INFO - Early stopping at epoch 850. Best Recall: 0.0643
2026-05-19 18:04:33,176 - optuna.study.study - INFO - Trial 92 finished with value: 0.06426697572141514 and parameters: {'n_layers': 1, 'embedding_dim': 128, 'lr': 0.0007733824487393691, 'lambda_val': 7.682276462931324e-06, 'batch_size': 3331, 'optimizer': 'RMSprop'}. Best is trial 90 with value: 0.07628928167476982.
2026-05-19 18:04:40,790 - experiment_functions - INFO - Early stopping at epoch 1250. Best Recall: 0.0613
2026-05-19 18:04:40,890 - optuna.study.study - INFO - Trial 93 finished with value: 0.06127481961716222 and parameters: {'n_layers': 1, 'embedding_dim': 128, 'lr': 0.0007987746226655718, 'lambda_val': 7.847906326131928e-06, 'batch_size': 3437, 'optimizer': 'RMSprop'}. Best is trial 90 with value: 0.07628928167476982.
2026-05-19 18:04:49,613 - experiment_functions - INFO - Early stopping at epoch 1150. Best Recall: 0.0630
2026-05-19 18:04:49,713 - optuna.study.study - INFO - Trial 94 finished with value: 0.06303677565050075 and parameters: {'n_layers': 1, 'embedding_dim': 128, 'lr': 0.00040591460970392337, 'lambda_val': 4.6429906536770226e-06, 'batch_size': 3334, 'optimizer': 'RMSprop'}. Best is trial 90 with value: 0.07628928167476982.
2026-05-19 18:04:53,309 - experiment_functions - INFO - Early stopping at epoch 500. Best Recall: 0.0024
2026-05-19 18:04:53,408 - optuna.study.study - INFO - Trial 95 finished with value: 0.002355608625364274 and parameters: {'n_layers': 1, 'embedding_dim': 128, 'lr': 0.0005334425241692555, 'lambda_val': 6.8157559484126676e-06, 'batch_size': 2959, 'optimizer': 'SGD'}. Best is trial 90 with value: 0.07628928167476982.
2026-05-19 18:05:00,627 - experiment_functions - INFO - Early stopping at epoch 850. Best Recall: 0.0630
2026-05-19 18:05:00,737 - optuna.study.study - INFO - Trial 96 finished with value: 0.06297786048805322 and parameters: {'n_layers': 1, 'embedding_dim': 128, 'lr': 0.000768723835023496, 'lambda_val': 2.7782182849812082e-06, 'batch_size': 3098, 'optimizer': 'RMSprop'}. Best is trial 90 with value: 0.07628928167476982.
2026-05-19 18:05:13,447 - experiment_functions - INFO - Early stopping at epoch 1200. Best Recall: 0.0655
2026-05-19 18:05:13,594 - optuna.study.study - INFO - Trial 97 finished with value: 0.06554830905124828 and parameters: {'n_layers': 1, 'embedding_dim': 128, 'lr': 0.000371051351013218, 'lambda_val': 1.1290380075336935e-05, 'batch_size': 3563, 'optimizer': 'RMSprop'}. Best is trial 90 with value: 0.07628928167476982.
2026-05-19 18:05:19,750 - optuna.study._optimize - INFO - Trial 98 pruned. 
2026-05-19 18:05:34,055 - experiment_functions - INFO - Early stopping at epoch 1950. Best Recall: 0.0642
2026-05-19 18:05:34,156 - optuna.study.study - INFO - Trial 99 finished with value: 0.06421089849210693 and parameters: {'n_layers': 1, 'embedding_dim': 128, 'lr': 0.00021727720484912804, 'lambda_val': 2.845767646524717e-05, 'batch_size': 3806, 'optimizer': 'RMSprop'}. Best is trial 90 with value: 0.07628928167476982.
2026-05-19 18:05:56,176 - experiment_functions - INFO - Early stopping at epoch 1900. Best Recall: 0.0647
2026-05-19 18:05:56,286 - optuna.study.study - INFO - Trial 100 finished with value: 0.0647249178682504 and parameters: {'n_layers': 1, 'embedding_dim': 128, 'lr': 0.0002516253125071898, 'lambda_val': 3.1747318340249255e-05, 'batch_size': 3830, 'optimizer': 'RMSprop'}. Best is trial 90 with value: 0.07628928167476982.
2026-05-19 18:06:03,155 - optuna.study._optimize - INFO - Trial 101 pruned. 
2026-05-19 18:06:15,744 - experiment_functions - INFO - Early stopping at epoch 1350. Best Recall: 0.0769
2026-05-19 18:06:15,848 - optuna.study.study - INFO - Trial 102 finished with value: 0.07694132707582149 and parameters: {'n_layers': 1, 'embedding_dim': 128, 'lr': 0.00032371566608527675, 'lambda_val': 1.5604784367746445e-05, 'batch_size': 3538, 'optimizer': 'RMSprop'}. Best is trial 102 with value: 0.07694132707582149.
2026-05-19 18:06:22,270 - optuna.study._optimize - INFO - Trial 103 pruned. 
2026-05-19 18:06:32,836 - optuna.study._optimize - INFO - Trial 104 pruned. 
2026-05-19 18:06:42,173 - experiment_functions - INFO - Early stopping at epoch 1250. Best Recall: 0.0611
2026-05-19 18:06:42,264 - optuna.study.study - INFO - Trial 105 finished with value: 0.06113268266287825 and parameters: {'n_layers': 1, 'embedding_dim': 128, 'lr': 0.0003313434500086714, 'lambda_val': 4.58376370532098e-05, 'batch_size': 3966, 'optimizer': 'RMSprop'}. Best is trial 102 with value: 0.07694132707582149.
2026-05-19 18:06:56,501 - experiment_functions - INFO - Early stopping at epoch 2300. Best Recall: 0.0645
2026-05-19 18:06:56,600 - optuna.study.study - INFO - Trial 106 finished with value: 0.06446368669984896 and parameters: {'n_layers': 1, 'embedding_dim': 128, 'lr': 0.00046442906038748547, 'lambda_val': 3.205773694162855e-05, 'batch_size': 3667, 'optimizer': 'RMSprop'}. Best is trial 102 with value: 0.07694132707582149.
2026-05-19 18:07:16,851 - optuna.study._optimize - INFO - Trial 107 pruned. 
2026-05-19 18:07:23,123 - optuna.study._optimize - INFO - Trial 108 pruned. 
2026-05-19 18:07:26,637 - experiment_functions - INFO - Early stopping at epoch 500. Best Recall: 0.0024
2026-05-19 18:07:26,728 - optuna.study.study - INFO - Trial 109 finished with value: 0.0023836388941454473 and parameters: {'n_layers': 1, 'embedding_dim': 128, 'lr': 0.0006368624385200168, 'lambda_val': 1.6111475219898282e-05, 'batch_size': 3509, 'optimizer': 'SGD'}. Best is trial 102 with value: 0.07694132707582149.
2026-05-19 18:07:39,434 - experiment_functions - INFO - Early stopping at epoch 1500. Best Recall: 0.0662
2026-05-19 18:07:39,533 - optuna.study.study - INFO - Trial 110 finished with value: 0.06615304957136382 and parameters: {'n_layers': 1, 'embedding_dim': 128, 'lr': 0.0003140922591101042, 'lambda_val': 6.515338701998884e-06, 'batch_size': 3303, 'optimizer': 'RMSprop'}. Best is trial 102 with value: 0.07694132707582149.
2026-05-19 18:07:50,882 - optuna.study._optimize - INFO - Trial 111 pruned. 
2026-05-19 18:08:06,054 - experiment_functions - INFO - Early stopping at epoch 1700. Best Recall: 0.0666
2026-05-19 18:08:06,143 - optuna.study.study - INFO - Trial 112 finished with value: 0.06658725270744761 and parameters: {'n_layers': 1, 'embedding_dim': 128, 'lr': 0.00040725341555168047, 'lambda_val': 1.2650053329973607e-05, 'batch_size': 3384, 'optimizer': 'RMSprop'}. Best is trial 102 with value: 0.07694132707582149.
2026-05-19 18:08:24,409 - optuna.study._optimize - INFO - Trial 113 pruned. 
2026-05-19 18:08:32,030 - optuna.study._optimize - INFO - Trial 114 pruned. 
2026-05-19 18:08:50,950 - experiment_functions - INFO - Early stopping at epoch 1350. Best Recall: 0.0636
2026-05-19 18:08:51,057 - optuna.study.study - INFO - Trial 115 finished with value: 0.06356360643009006 and parameters: {'n_layers': 1, 'embedding_dim': 96, 'lr': 0.0004038803607331899, 'lambda_val': 2.0680418217728764e-05, 'batch_size': 3569, 'optimizer': 'RMSprop'}. Best is trial 102 with value: 0.07694132707582149.
2026-05-19 18:09:02,676 - optuna.study._optimize - INFO - Trial 116 pruned. 
2026-05-19 18:09:16,678 - experiment_functions - INFO - Early stopping at epoch 1750. Best Recall: 0.0641
2026-05-19 18:09:16,794 - optuna.study.study - INFO - Trial 117 finished with value: 0.06414379018873874 and parameters: {'n_layers': 1, 'embedding_dim': 128, 'lr': 0.0003494330929653968, 'lambda_val': 1.0309564386302515e-05, 'batch_size': 4090, 'optimizer': 'RMSprop'}. Best is trial 102 with value: 0.07694132707582149.
2026-05-19 18:09:29,475 - optuna.study._optimize - INFO - Trial 118 pruned. 
2026-05-19 18:09:38,477 - optuna.study._optimize - INFO - Trial 119 pruned. 
2026-05-19 18:09:50,304 - experiment_functions - INFO - Early stopping at epoch 1350. Best Recall: 0.0641
2026-05-19 18:09:50,429 - optuna.study.study - INFO - Trial 120 finished with value: 0.06411578414239633 and parameters: {'n_layers': 1, 'embedding_dim': 128, 'lr': 0.0004885043995058404, 'lambda_val': 3.461225080725744e-06, 'batch_size': 3370, 'optimizer': 'RMSprop'}. Best is trial 102 with value: 0.07694132707582149.
2026-05-19 18:10:07,507 - experiment_functions - INFO - Early stopping at epoch 900. Best Recall: 0.0646
2026-05-19 18:10:07,668 - optuna.study.study - INFO - Trial 121 finished with value: 0.06455082215715607 and parameters: {'n_layers': 1, 'embedding_dim': 128, 'lr': 0.0006578749845206069, 'lambda_val': 8.027858570453019e-06, 'batch_size': 3377, 'optimizer': 'RMSprop'}. Best is trial 102 with value: 0.07694132707582149.
2026-05-19 18:10:25,070 - experiment_functions - INFO - Early stopping at epoch 1050. Best Recall: 0.0606
2026-05-19 18:10:25,209 - optuna.study.study - INFO - Trial 122 finished with value: 0.060591085497898226 and parameters: {'n_layers': 1, 'embedding_dim': 128, 'lr': 0.0006238022143657784, 'lambda_val': 1.1949586357859172e-05, 'batch_size': 3242, 'optimizer': 'RMSprop'}. Best is trial 102 with value: 0.07694132707582149.
2026-05-19 18:10:40,546 - experiment_functions - INFO - Early stopping at epoch 2150. Best Recall: 0.0678
2026-05-19 18:10:40,680 - optuna.study.study - INFO - Trial 123 finished with value: 0.06775510602194947 and parameters: {'n_layers': 1, 'embedding_dim': 128, 'lr': 0.0002432111208909579, 'lambda_val': 6.190792372944384e-06, 'batch_size': 3401, 'optimizer': 'RMSprop'}. Best is trial 102 with value: 0.07694132707582149.
2026-05-19 18:10:58,696 - experiment_functions - INFO - Early stopping at epoch 2050. Best Recall: 0.0690
2026-05-19 18:10:58,807 - optuna.study.study - INFO - Trial 124 finished with value: 0.06897194362586148 and parameters: {'n_layers': 1, 'embedding_dim': 128, 'lr': 0.00024037328674788604, 'lambda_val': 4.887087863531125e-06, 'batch_size': 3396, 'optimizer': 'RMSprop'}. Best is trial 102 with value: 0.07694132707582149.
2026-05-19 18:11:05,863 - optuna.study._optimize - INFO - Trial 125 pruned. 
2026-05-19 18:11:16,857 - optuna.study._optimize - INFO - Trial 126 pruned. 
2026-05-19 18:11:24,685 - optuna.study._optimize - INFO - Trial 127 pruned. 
2026-05-19 18:11:43,895 - experiment_functions - INFO - Early stopping at epoch 3100. Best Recall: 0.0684
2026-05-19 18:11:43,995 - optuna.study.study - INFO - Trial 128 finished with value: 0.06837241305660323 and parameters: {'n_layers': 1, 'embedding_dim': 96, 'lr': 0.00029239303844322837, 'lambda_val': 2.9356206953545207e-06, 'batch_size': 3534, 'optimizer': 'RMSprop'}. Best is trial 102 with value: 0.07694132707582149.
2026-05-19 18:12:02,516 - optuna.study._optimize - INFO - Trial 129 pruned. 
2026-05-19 18:12:09,169 - optuna.study._optimize - INFO - Trial 130 pruned. 
2026-05-19 18:12:18,981 - optuna.study._optimize - INFO - Trial 131 pruned. 
2026-05-19 18:12:25,124 - optuna.study._optimize - INFO - Trial 132 pruned. 
2026-05-19 18:12:34,552 - experiment_functions - INFO - Early stopping at epoch 1600. Best Recall: 0.0656
2026-05-19 18:12:34,854 - optuna.study.study - INFO - Trial 133 finished with value: 0.06564351837695892 and parameters: {'n_layers': 1, 'embedding_dim': 128, 'lr': 0.0003334128507763138, 'lambda_val': 1.3230408262551336e-05, 'batch_size': 3734, 'optimizer': 'RMSprop'}. Best is trial 102 with value: 0.07694132707582149.
2026-05-19 18:12:41,303 - experiment_functions - INFO - Early stopping at epoch 1050. Best Recall: 0.0661
2026-05-19 18:12:41,392 - optuna.study.study - INFO - Trial 134 finished with value: 0.06613580404622582 and parameters: {'n_layers': 1, 'embedding_dim': 128, 'lr': 0.00039972267750236127, 'lambda_val': 1.3680004656455358e-05, 'batch_size': 3730, 'optimizer': 'RMSprop'}. Best is trial 102 with value: 0.07694132707582149.
2026-05-19 18:12:47,750 - experiment_functions - INFO - Early stopping at epoch 800. Best Recall: 0.0689
2026-05-19 18:12:47,864 - optuna.study.study - INFO - Trial 135 finished with value: 0.06891120181230972 and parameters: {'n_layers': 1, 'embedding_dim': 128, 'lr': 0.0011048791962606315, 'lambda_val': 9.09585616026683e-06, 'batch_size': 3731, 'optimizer': 'RMSprop'}. Best is trial 102 with value: 0.07694132707582149.
2026-05-19 18:12:53,571 - experiment_functions - INFO - Early stopping at epoch 500. Best Recall: 0.0030
2026-05-19 18:12:53,706 - optuna.study.study - INFO - Trial 136 finished with value: 0.003035950959452496 and parameters: {'n_layers': 1, 'embedding_dim': 96, 'lr': 0.000990503469112662, 'lambda_val': 4.206839563933544e-06, 'batch_size': 3171, 'optimizer': 'SGD'}. Best is trial 102 with value: 0.07694132707582149.
2026-05-19 18:13:00,788 - experiment_functions - INFO - Early stopping at epoch 1050. Best Recall: 0.0692
2026-05-19 18:13:00,887 - optuna.study.study - INFO - Trial 137 finished with value: 0.06924087518573688 and parameters: {'n_layers': 1, 'embedding_dim': 128, 'lr': 0.000539874524692237, 'lambda_val': 1.8295828788314644e-06, 'batch_size': 3594, 'optimizer': 'RMSprop'}. Best is trial 102 with value: 0.07694132707582149.
2026-05-19 18:13:07,371 - experiment_functions - INFO - Early stopping at epoch 1000. Best Recall: 0.0613
2026-05-19 18:13:07,563 - optuna.study.study - INFO - Trial 138 finished with value: 0.06126659401324562 and parameters: {'n_layers': 1, 'embedding_dim': 128, 'lr': 0.0011996168735639646, 'lambda_val': 1.9229850629397613e-06, 'batch_size': 3408, 'optimizer': 'RMSprop'}. Best is trial 102 with value: 0.07694132707582149.
2026-05-19 18:13:14,140 - experiment_functions - INFO - Early stopping at epoch 1000. Best Recall: 0.0671
2026-05-19 18:13:14,298 - optuna.study.study - INFO - Trial 139 finished with value: 0.06706806200120377 and parameters: {'n_layers': 1, 'embedding_dim': 128, 'lr': 0.0006116594442904094, 'lambda_val': 2.8721759326429354e-06, 'batch_size': 3601, 'optimizer': 'RMSprop'}. Best is trial 102 with value: 0.07694132707582149.
2026-05-19 18:13:20,904 - optuna.study._optimize - INFO - Trial 140 pruned. 
2026-05-19 18:13:28,388 - experiment_functions - INFO - Early stopping at epoch 1000. Best Recall: 0.0740
2026-05-19 18:13:28,479 - optuna.study.study - INFO - Trial 141 finished with value: 0.07404343479354394 and parameters: {'n_layers': 1, 'embedding_dim': 128, 'lr': 0.0005347067374618694, 'lambda_val': 3.0138672269612795e-06, 'batch_size': 3615, 'optimizer': 'RMSprop'}. Best is trial 102 with value: 0.07694132707582149.
2026-05-19 18:13:40,100 - experiment_functions - INFO - Early stopping at epoch 800. Best Recall: 0.0642
2026-05-19 18:13:40,199 - optuna.study.study - INFO - Trial 142 finished with value: 0.06418507032855374 and parameters: {'n_layers': 1, 'embedding_dim': 128, 'lr': 0.0007708319426346107, 'lambda_val': 2.6542862843251937e-06, 'batch_size': 3626, 'optimizer': 'RMSprop'}. Best is trial 102 with value: 0.07694132707582149.
2026-05-19 18:13:44,994 - experiment_functions - INFO - Early stopping at epoch 700. Best Recall: 0.0664
2026-05-19 18:13:45,094 - optuna.study.study - INFO - Trial 143 finished with value: 0.06643611152531152 and parameters: {'n_layers': 1, 'embedding_dim': 128, 'lr': 0.0010231603651479947, 'lambda_val': 1.2086739145600052e-06, 'batch_size': 3478, 'optimizer': 'RMSprop'}. Best is trial 102 with value: 0.07694132707582149.
2026-05-19 18:13:51,905 - optuna.study._optimize - INFO - Trial 144 pruned. 
2026-05-19 18:13:59,497 - optuna.study._optimize - INFO - Trial 145 pruned. 
2026-05-19 18:14:14,584 - experiment_functions - INFO - Early stopping at epoch 950. Best Recall: 0.0728
2026-05-19 18:14:15,345 - optuna.study.study - INFO - Trial 146 finished with value: 0.07275401821169049 and parameters: {'n_layers': 1, 'embedding_dim': 128, 'lr': 0.0008978451829353394, 'lambda_val': 2.383387334469576e-06, 'batch_size': 1531, 'optimizer': 'Adam'}. Best is trial 102 with value: 0.07694132707582149.
2026-05-19 18:14:27,801 - optuna.study._optimize - INFO - Trial 147 pruned. 
2026-05-19 18:14:33,623 - experiment_functions - INFO - Early stopping at epoch 950. Best Recall: 0.0663
2026-05-19 18:14:33,754 - optuna.study.study - INFO - Trial 148 finished with value: 0.06629117158396243 and parameters: {'n_layers': 1, 'embedding_dim': 32, 'lr': 0.0010602674045599267, 'lambda_val': 2.296489038207849e-06, 'batch_size': 1540, 'optimizer': 'Adam'}. Best is trial 102 with value: 0.07694132707582149.
2026-05-19 18:14:45,783 - experiment_functions - INFO - Early stopping at epoch 1750. Best Recall: 0.0685
2026-05-19 18:14:45,875 - optuna.study.study - INFO - Trial 149 finished with value: 0.06846054997102775 and parameters: {'n_layers': 1, 'embedding_dim': 128, 'lr': 0.0019237568501174185, 'lambda_val': 2.8803121556054807e-06, 'batch_size': 1205, 'optimizer': 'Adam'}. Best is trial 102 with value: 0.07694132707582149.
2026-05-19 18:15:08,941 - experiment_functions - INFO - Early stopping at epoch 1800. Best Recall: 0.0676
2026-05-19 18:15:09,040 - optuna.study.study - INFO - Trial 150 finished with value: 0.06761297113905727 and parameters: {'n_layers': 1, 'embedding_dim': 128, 'lr': 0.0007594597563548, 'lambda_val': 2.8871281619794477e-06, 'batch_size': 1195, 'optimizer': 'Adam'}. Best is trial 102 with value: 0.07694132707582149.
2026-05-19 18:15:29,422 - experiment_functions - INFO - Early stopping at epoch 750. Best Recall: 0.0654
2026-05-19 18:15:29,520 - optuna.study.study - INFO - Trial 151 finished with value: 0.06535251631913964 and parameters: {'n_layers': 1, 'embedding_dim': 128, 'lr': 0.001872230684815887, 'lambda_val': 2.913602016069219e-06, 'batch_size': 1059, 'optimizer': 'Adam'}. Best is trial 102 with value: 0.07694132707582149.
2026-05-19 18:15:36,616 - experiment_functions - INFO - Early stopping at epoch 950. Best Recall: 0.0670
2026-05-19 18:15:36,706 - optuna.study.study - INFO - Trial 152 finished with value: 0.06697843269766679 and parameters: {'n_layers': 1, 'embedding_dim': 128, 'lr': 0.0013704351416403671, 'lambda_val': 3.857371274395251e-06, 'batch_size': 1171, 'optimizer': 'Adam'}. Best is trial 102 with value: 0.07694132707582149.
2026-05-19 18:15:42,991 - experiment_functions - INFO - Early stopping at epoch 1050. Best Recall: 0.0700
2026-05-19 18:15:43,247 - optuna.study.study - INFO - Trial 153 finished with value: 0.0700127126227418 and parameters: {'n_layers': 1, 'embedding_dim': 128, 'lr': 0.0007523425173224324, 'lambda_val': 1.8327320136326527e-06, 'batch_size': 1261, 'optimizer': 'Adam'}. Best is trial 102 with value: 0.07694132707582149.
2026-05-19 18:16:01,320 - experiment_functions - INFO - Early stopping at epoch 1300. Best Recall: 0.0785
2026-05-19 18:16:01,468 - optuna.study.study - INFO - Trial 154 finished with value: 0.07850153150208605 and parameters: {'n_layers': 1, 'embedding_dim': 128, 'lr': 0.0007580503579631821, 'lambda_val': 1.7700244056821765e-06, 'batch_size': 1230, 'optimizer': 'Adam'}. Best is trial 154 with value: 0.07850153150208605.
2026-05-19 18:16:12,215 - experiment_functions - INFO - Early stopping at epoch 1700. Best Recall: 0.0757
2026-05-19 18:16:12,317 - optuna.study.study - INFO - Trial 155 finished with value: 0.07574740940246205 and parameters: {'n_layers': 1, 'embedding_dim': 128, 'lr': 0.000727880602798981, 'lambda_val': 1.065526432028125e-06, 'batch_size': 1248, 'optimizer': 'Adam'}. Best is trial 154 with value: 0.07850153150208605.
2026-05-19 18:16:19,274 - experiment_functions - INFO - Early stopping at epoch 1250. Best Recall: 0.0644
2026-05-19 18:16:19,354 - optuna.study.study - INFO - Trial 156 finished with value: 0.06442886612587334 and parameters: {'n_layers': 1, 'embedding_dim': 128, 'lr': 0.0008135192651052964, 'lambda_val': 1.200622546040908e-06, 'batch_size': 1268, 'optimizer': 'Adam'}. Best is trial 154 with value: 0.07850153150208605.
2026-05-19 18:16:29,779 - experiment_functions - INFO - Early stopping at epoch 1850. Best Recall: 0.0695
2026-05-19 18:16:29,888 - optuna.study.study - INFO - Trial 157 finished with value: 0.06949845060074238 and parameters: {'n_layers': 1, 'embedding_dim': 128, 'lr': 0.0004975130969024918, 'lambda_val': 1.596750179407787e-06, 'batch_size': 976, 'optimizer': 'Adam'}. Best is trial 154 with value: 0.07850153150208605.
2026-05-19 18:16:42,978 - experiment_functions - INFO - Early stopping at epoch 2000. Best Recall: 0.0665
2026-05-19 18:16:43,079 - optuna.study.study - INFO - Trial 158 finished with value: 0.06653781687716857 and parameters: {'n_layers': 1, 'embedding_dim': 128, 'lr': 0.0005001893644739889, 'lambda_val': 1.7738034288575476e-06, 'batch_size': 1113, 'optimizer': 'Adam'}. Best is trial 154 with value: 0.07850153150208605.
2026-05-19 18:16:50,846 - optuna.study._optimize - INFO - Trial 159 pruned. 
2026-05-19 18:17:03,005 - experiment_functions - INFO - Early stopping at epoch 1400. Best Recall: 0.0724
2026-05-19 18:17:03,106 - optuna.study.study - INFO - Trial 160 finished with value: 0.07240112287047544 and parameters: {'n_layers': 1, 'embedding_dim': 128, 'lr': 0.0005480097813925128, 'lambda_val': 1.497729824313817e-06, 'batch_size': 966, 'optimizer': 'Adam'}. Best is trial 154 with value: 0.07850153150208605.
2026-05-19 18:17:18,178 - experiment_functions - INFO - Early stopping at epoch 2250. Best Recall: 0.0742
2026-05-19 18:17:18,267 - optuna.study.study - INFO - Trial 161 finished with value: 0.07420709163335618 and parameters: {'n_layers': 1, 'embedding_dim': 128, 'lr': 0.0005371123319974833, 'lambda_val': 1.495083711009373e-06, 'batch_size': 937, 'optimizer': 'Adam'}. Best is trial 154 with value: 0.07850153150208605.
2026-05-19 18:17:26,850 - experiment_functions - INFO - Early stopping at epoch 1500. Best Recall: 0.0777
2026-05-19 18:17:27,406 - optuna.study.study - INFO - Trial 162 finished with value: 0.07772354789023675 and parameters: {'n_layers': 1, 'embedding_dim': 128, 'lr': 0.0007270279963692045, 'lambda_val': 1.0506246898882752e-06, 'batch_size': 946, 'optimizer': 'Adam'}. Best is trial 154 with value: 0.07850153150208605.
2026-05-19 18:17:46,478 - experiment_functions - INFO - Early stopping at epoch 2150. Best Recall: 0.0705
2026-05-19 18:17:46,567 - optuna.study.study - INFO - Trial 163 finished with value: 0.07052447793248116 and parameters: {'n_layers': 1, 'embedding_dim': 128, 'lr': 0.0007449523695217748, 'lambda_val': 1.3942930510902901e-06, 'batch_size': 992, 'optimizer': 'Adam'}. Best is trial 154 with value: 0.07850153150208605.
2026-05-19 18:17:53,197 - experiment_functions - INFO - Early stopping at epoch 1050. Best Recall: 0.0673
2026-05-19 18:17:53,314 - optuna.study.study - INFO - Trial 164 finished with value: 0.06727834047220702 and parameters: {'n_layers': 1, 'embedding_dim': 128, 'lr': 0.0007208954843445728, 'lambda_val': 1.0331416333596267e-06, 'batch_size': 1016, 'optimizer': 'Adam'}. Best is trial 154 with value: 0.07850153150208605.
2026-05-19 18:18:05,775 - experiment_functions - INFO - Early stopping at epoch 2050. Best Recall: 0.0733
2026-05-19 18:18:06,535 - optuna.study.study - INFO - Trial 165 finished with value: 0.07329668270515005 and parameters: {'n_layers': 1, 'embedding_dim': 128, 'lr': 0.0007108712390264812, 'lambda_val': 1.6893713712266233e-06, 'batch_size': 937, 'optimizer': 'Adam'}. Best is trial 154 with value: 0.07850153150208605.
2026-05-19 18:18:24,401 - experiment_functions - INFO - Early stopping at epoch 1550. Best Recall: 0.0742
2026-05-19 18:18:24,539 - optuna.study.study - INFO - Trial 166 finished with value: 0.07423477002775164 and parameters: {'n_layers': 1, 'embedding_dim': 128, 'lr': 0.0006834203646717841, 'lambda_val': 1.3997470590023768e-06, 'batch_size': 934, 'optimizer': 'Adam'}. Best is trial 154 with value: 0.07850153150208605.
2026-05-19 18:18:41,021 - experiment_functions - INFO - Early stopping at epoch 2400. Best Recall: 0.0814
2026-05-19 18:18:41,125 - optuna.study.study - INFO - Trial 167 finished with value: 0.08140932730716424 and parameters: {'n_layers': 1, 'embedding_dim': 128, 'lr': 0.00066011661954575, 'lambda_val': 1.6286791343891086e-06, 'batch_size': 970, 'optimizer': 'Adam'}. Best is trial 167 with value: 0.08140932730716424.
2026-05-19 18:18:48,943 - experiment_functions - INFO - Early stopping at epoch 1300. Best Recall: 0.0691
2026-05-19 18:18:50,687 - optuna.study.study - INFO - Trial 168 finished with value: 0.06907229944347573 and parameters: {'n_layers': 1, 'embedding_dim': 128, 'lr': 0.0006576405523733233, 'lambda_val': 1.4443707343688628e-06, 'batch_size': 923, 'optimizer': 'Adam'}. Best is trial 167 with value: 0.08140932730716424.
2026-05-19 18:19:01,121 - experiment_functions - INFO - Early stopping at epoch 1750. Best Recall: 0.0795
2026-05-19 18:19:01,211 - optuna.study.study - INFO - Trial 169 finished with value: 0.07948506184882041 and parameters: {'n_layers': 1, 'embedding_dim': 128, 'lr': 0.0005193084190650665, 'lambda_val': 1.4972093528124601e-06, 'batch_size': 954, 'optimizer': 'Adam'}. Best is trial 167 with value: 0.08140932730716424.
2026-05-19 18:19:12,659 - experiment_functions - INFO - Early stopping at epoch 1350. Best Recall: 0.0729
2026-05-19 18:19:13,687 - optuna.study.study - INFO - Trial 170 finished with value: 0.07290436707123074 and parameters: {'n_layers': 1, 'embedding_dim': 128, 'lr': 0.0008932101892535546, 'lambda_val': 1.4651520270421421e-06, 'batch_size': 966, 'optimizer': 'Adam'}. Best is trial 167 with value: 0.08140932730716424.
2026-05-19 18:19:29,330 - experiment_functions - INFO - Early stopping at epoch 1850. Best Recall: 0.0730
2026-05-19 18:19:29,430 - optuna.study.study - INFO - Trial 171 finished with value: 0.07297563640989442 and parameters: {'n_layers': 1, 'embedding_dim': 128, 'lr': 0.0009071014958170826, 'lambda_val': 1.4466029374751118e-06, 'batch_size': 930, 'optimizer': 'Adam'}. Best is trial 167 with value: 0.08140932730716424.
2026-05-19 18:19:38,265 - experiment_functions - INFO - Early stopping at epoch 1300. Best Recall: 0.0677
2026-05-19 18:19:38,356 - optuna.study.study - INFO - Trial 172 finished with value: 0.06774932536891035 and parameters: {'n_layers': 1, 'embedding_dim': 128, 'lr': 0.0008562417700495368, 'lambda_val': 1.0414612565287766e-06, 'batch_size': 950, 'optimizer': 'Adam'}. Best is trial 167 with value: 0.08140932730716424.
2026-05-19 18:19:47,763 - optuna.study._optimize - INFO - Trial 173 pruned. 
2026-05-19 18:19:54,185 - optuna.study._optimize - INFO - Trial 174 pruned. 
2026-05-19 18:20:03,894 - experiment_functions - INFO - Early stopping at epoch 1550. Best Recall: 0.0749
2026-05-19 18:20:04,004 - optuna.study.study - INFO - Trial 175 finished with value: 0.07485346541172473 and parameters: {'n_layers': 1, 'embedding_dim': 128, 'lr': 0.0008939039420531318, 'lambda_val': 2.0046026881137034e-06, 'batch_size': 774, 'optimizer': 'Adam'}. Best is trial 167 with value: 0.08140932730716424.
2026-05-19 18:20:11,438 - experiment_functions - INFO - Early stopping at epoch 1200. Best Recall: 0.0686
2026-05-19 18:20:11,600 - optuna.study.study - INFO - Trial 176 finished with value: 0.06857074969571951 and parameters: {'n_layers': 1, 'embedding_dim': 128, 'lr': 0.0009012819517313187, 'lambda_val': 2.163669907500746e-06, 'batch_size': 885, 'optimizer': 'Adam'}. Best is trial 167 with value: 0.08140932730716424.
2026-05-19 18:20:25,700 - experiment_functions - INFO - Early stopping at epoch 2450. Best Recall: 0.0694
2026-05-19 18:20:25,800 - optuna.study.study - INFO - Trial 177 finished with value: 0.06939809989134821 and parameters: {'n_layers': 1, 'embedding_dim': 128, 'lr': 0.0009872846971103269, 'lambda_val': 1.0392795968066441e-06, 'batch_size': 798, 'optimizer': 'Adam'}. Best is trial 167 with value: 0.08140932730716424.
2026-05-19 18:20:38,480 - experiment_functions - INFO - Early stopping at epoch 1450. Best Recall: 0.0670
2026-05-19 18:20:38,589 - optuna.study.study - INFO - Trial 178 finished with value: 0.06701494640171742 and parameters: {'n_layers': 1, 'embedding_dim': 128, 'lr': 0.0014378059629103672, 'lambda_val': 1.9351950549779366e-06, 'batch_size': 730, 'optimizer': 'Adam'}. Best is trial 167 with value: 0.08140932730716424.
2026-05-19 18:20:45,229 - optuna.study._optimize - INFO - Trial 179 pruned. 
2026-05-19 18:20:54,097 - experiment_functions - INFO - Early stopping at epoch 1300. Best Recall: 0.0731
2026-05-19 18:20:54,197 - optuna.study.study - INFO - Trial 180 finished with value: 0.07312922904845859 and parameters: {'n_layers': 1, 'embedding_dim': 128, 'lr': 0.0007296450343162527, 'lambda_val': 1.2290565952208715e-06, 'batch_size': 890, 'optimizer': 'Adam'}. Best is trial 167 with value: 0.08140932730716424.
2026-05-19 18:21:02,473 - experiment_functions - INFO - Early stopping at epoch 1450. Best Recall: 0.0708
2026-05-19 18:21:02,584 - optuna.study.study - INFO - Trial 181 finished with value: 0.07081383168430502 and parameters: {'n_layers': 1, 'embedding_dim': 128, 'lr': 0.0006849819348417596, 'lambda_val': 1.1953156062758067e-06, 'batch_size': 608, 'optimizer': 'Adam'}. Best is trial 167 with value: 0.08140932730716424.
2026-05-19 18:21:11,595 - experiment_functions - INFO - Early stopping at epoch 850. Best Recall: 0.0343
2026-05-19 18:21:11,716 - optuna.study.study - INFO - Trial 182 finished with value: 0.03426738963931469 and parameters: {'n_layers': 4, 'embedding_dim': 128, 'lr': 0.0005841189839049702, 'lambda_val': 1.0110726073142446e-06, 'batch_size': 881, 'optimizer': 'Adam'}. Best is trial 167 with value: 0.08140932730716424.
2026-05-19 18:21:20,310 - optuna.study._optimize - INFO - Trial 183 pruned. 
2026-05-19 18:21:29,217 - experiment_functions - INFO - Early stopping at epoch 1600. Best Recall: 0.0758
2026-05-19 18:21:29,317 - optuna.study.study - INFO - Trial 184 finished with value: 0.07582290710760145 and parameters: {'n_layers': 1, 'embedding_dim': 128, 'lr': 0.000795396113582841, 'lambda_val': 2.1121499533923523e-06, 'batch_size': 604, 'optimizer': 'Adam'}. Best is trial 167 with value: 0.08140932730716424.
2026-05-19 18:21:39,985 - experiment_functions - INFO - Early stopping at epoch 1500. Best Recall: 0.0693
2026-05-19 18:21:40,095 - optuna.study.study - INFO - Trial 185 finished with value: 0.06927803408535234 and parameters: {'n_layers': 1, 'embedding_dim': 128, 'lr': 0.0009501461821244894, 'lambda_val': 2.2144453058592046e-06, 'batch_size': 667, 'optimizer': 'Adam'}. Best is trial 167 with value: 0.08140932730716424.
2026-05-19 18:21:46,865 - optuna.study._optimize - INFO - Trial 186 pruned. 
2026-05-19 18:22:01,115 - experiment_functions - INFO - Early stopping at epoch 2550. Best Recall: 0.0737
2026-05-19 18:22:01,224 - optuna.study.study - INFO - Trial 187 finished with value: 0.07365638106624299 and parameters: {'n_layers': 1, 'embedding_dim': 128, 'lr': 0.0005902320666793123, 'lambda_val': 1.7366366025414112e-06, 'batch_size': 895, 'optimizer': 'Adam'}. Best is trial 167 with value: 0.08140932730716424.
2026-05-19 18:22:09,973 - experiment_functions - INFO - Early stopping at epoch 900. Best Recall: 0.0244
2026-05-19 18:22:10,072 - optuna.study.study - INFO - Trial 188 finished with value: 0.02439174838571557 and parameters: {'n_layers': 1, 'embedding_dim': 128, 'lr': 0.036836712512607034, 'lambda_val': 2.2149457903847546e-06, 'batch_size': 897, 'optimizer': 'Adam'}. Best is trial 167 with value: 0.08140932730716424.
2026-05-19 18:22:28,929 - optuna.study._optimize - INFO - Trial 189 pruned. 
2026-05-19 18:22:36,999 - experiment_functions - INFO - Early stopping at epoch 1350. Best Recall: 0.0721
2026-05-19 18:22:37,099 - optuna.study.study - INFO - Trial 190 finished with value: 0.07209916952884782 and parameters: {'n_layers': 1, 'embedding_dim': 128, 'lr': 0.001173727502074494, 'lambda_val': 1.845004265065796e-06, 'batch_size': 746, 'optimizer': 'Adam'}. Best is trial 167 with value: 0.08140932730716424.
2026-05-19 18:22:42,401 - experiment_functions - INFO - Early stopping at epoch 800. Best Recall: 0.0582
2026-05-19 18:22:42,491 - optuna.study.study - INFO - Trial 191 finished with value: 0.05822541761265642 and parameters: {'n_layers': 1, 'embedding_dim': 128, 'lr': 0.00121922640551909, 'lambda_val': 1.8082092110326042e-06, 'batch_size': 786, 'optimizer': 'Adam'}. Best is trial 167 with value: 0.08140932730716424.
2026-05-19 18:22:51,451 - experiment_functions - INFO - Early stopping at epoch 1600. Best Recall: 0.0669
2026-05-19 18:22:51,543 - optuna.study.study - INFO - Trial 192 finished with value: 0.0669223087001297 and parameters: {'n_layers': 1, 'embedding_dim': 128, 'lr': 0.0009246199254398347, 'lambda_val': 2.1695120343998093e-06, 'batch_size': 728, 'optimizer': 'Adam'}. Best is trial 167 with value: 0.08140932730716424.
2026-05-19 18:22:56,656 - experiment_functions - INFO - Early stopping at epoch 900. Best Recall: 0.0727
2026-05-19 18:22:56,734 - optuna.study.study - INFO - Trial 193 finished with value: 0.07272837290791687 and parameters: {'n_layers': 1, 'embedding_dim': 128, 'lr': 0.0008225996448435891, 'lambda_val': 1.6607862352720149e-06, 'batch_size': 874, 'optimizer': 'Adam'}. Best is trial 167 with value: 0.08140932730716424.
2026-05-19 18:23:05,995 - experiment_functions - INFO - Early stopping at epoch 1600. Best Recall: 0.0694
2026-05-19 18:23:06,096 - optuna.study.study - INFO - Trial 194 finished with value: 0.06940709263536728 and parameters: {'n_layers': 1, 'embedding_dim': 128, 'lr': 0.0007917893037594653, 'lambda_val': 1.418737163926668e-06, 'batch_size': 873, 'optimizer': 'Adam'}. Best is trial 167 with value: 0.08140932730716424.
2026-05-19 18:23:17,670 - experiment_functions - INFO - Early stopping at epoch 1850. Best Recall: 0.0829
2026-05-19 18:23:17,760 - optuna.study.study - INFO - Trial 195 finished with value: 0.0829019064050288 and parameters: {'n_layers': 1, 'embedding_dim': 128, 'lr': 0.0005822428571582622, 'lambda_val': 1.0010597494454117e-06, 'batch_size': 943, 'optimizer': 'Adam'}. Best is trial 195 with value: 0.0829019064050288.
2026-05-19 18:23:33,928 - experiment_functions - INFO - Early stopping at epoch 2850. Best Recall: 0.0772
2026-05-19 18:23:34,049 - optuna.study.study - INFO - Trial 196 finished with value: 0.0771532684827888 and parameters: {'n_layers': 1, 'embedding_dim': 128, 'lr': 0.0004503805781303696, 'lambda_val': 1.1148026654388797e-06, 'batch_size': 1023, 'optimizer': 'Adam'}. Best is trial 195 with value: 0.0829019064050288.
2026-05-19 18:23:42,951 - experiment_functions - INFO - Early stopping at epoch 1350. Best Recall: 0.0759
2026-05-19 18:23:43,037 - optuna.study.study - INFO - Trial 197 finished with value: 0.0758743855684113 and parameters: {'n_layers': 1, 'embedding_dim': 128, 'lr': 0.0004210143139845654, 'lambda_val': 1.0497135460223935e-06, 'batch_size': 1016, 'optimizer': 'Adam'}. Best is trial 195 with value: 0.0829019064050288.
2026-05-19 18:23:49,274 - optuna.study._optimize - INFO - Trial 198 pruned. 
2026-05-19 18:23:57,043 - optuna.study._optimize - INFO - Trial 199 pruned. 
2026-05-19 18:24:14,548 - optuna.study._optimize - INFO - Trial 200 pruned. 
2026-05-19 18:24:26,262 - experiment_functions - INFO - Early stopping at epoch 1850. Best Recall: 0.0754
2026-05-19 18:24:26,351 - optuna.study.study - INFO - Trial 201 finished with value: 0.07535009090563513 and parameters: {'n_layers': 1, 'embedding_dim': 128, 'lr': 0.0005243387746260669, 'lambda_val': 2.2338685768499246e-06, 'batch_size': 943, 'optimizer': 'Adam'}. Best is trial 195 with value: 0.0829019064050288.
2026-05-19 18:24:48,730 - experiment_functions - INFO - Early stopping at epoch 3100. Best Recall: 0.0798
2026-05-19 18:24:48,836 - optuna.study.study - INFO - Trial 202 finished with value: 0.07977444811277104 and parameters: {'n_layers': 1, 'embedding_dim': 128, 'lr': 0.00048496349668057713, 'lambda_val': 1.023278508306772e-06, 'batch_size': 917, 'optimizer': 'Adam'}. Best is trial 195 with value: 0.0829019064050288.
2026-05-19 18:25:20,144 - experiment_functions - INFO - Early stopping at epoch 3200. Best Recall: 0.0736
2026-05-19 18:25:20,261 - optuna.study.study - INFO - Trial 203 finished with value: 0.07357828801036939 and parameters: {'n_layers': 1, 'embedding_dim': 128, 'lr': 0.0004013000087047051, 'lambda_val': 1.0651352340858056e-06, 'batch_size': 841, 'optimizer': 'Adam'}. Best is trial 195 with value: 0.0829019064050288.
2026-05-19 18:25:28,157 - optuna.study._optimize - INFO - Trial 204 pruned. 
2026-05-19 18:26:13,401 - experiment_functions - INFO - Early stopping at epoch 2300. Best Recall: 0.0753
2026-05-19 18:26:13,510 - optuna.study.study - INFO - Trial 205 finished with value: 0.07526791398636352 and parameters: {'n_layers': 1, 'embedding_dim': 128, 'lr': 0.000489934632433148, 'lambda_val': 0.0013540049878812356, 'batch_size': 989, 'optimizer': 'Adam'}. Best is trial 195 with value: 0.0829019064050288.
2026-05-19 18:26:32,394 - optuna.study._optimize - INFO - Trial 206 pruned. 
2026-05-19 18:26:39,828 - optuna.study._optimize - INFO - Trial 207 pruned. 
2026-05-19 18:26:57,293 - experiment_functions - INFO - Early stopping at epoch 2850. Best Recall: 0.0740
2026-05-19 18:26:57,384 - optuna.study.study - INFO - Trial 208 finished with value: 0.07397523923337501 and parameters: {'n_layers': 1, 'embedding_dim': 128, 'lr': 0.0005243648609082035, 'lambda_val': 0.0010167060738309696, 'batch_size': 1081, 'optimizer': 'Adam'}. Best is trial 195 with value: 0.0829019064050288.
2026-05-19 18:27:13,362 - optuna.study._optimize - INFO - Trial 209 pruned. 
2026-05-19 18:27:26,395 - experiment_functions - INFO - Early stopping at epoch 2250. Best Recall: 0.0747
2026-05-19 18:27:26,495 - optuna.study.study - INFO - Trial 210 finished with value: 0.07472244971607929 and parameters: {'n_layers': 1, 'embedding_dim': 128, 'lr': 0.00036691469087580213, 'lambda_val': 0.002789811596059449, 'batch_size': 1045, 'optimizer': 'Adam'}. Best is trial 195 with value: 0.0829019064050288.
2026-05-19 18:27:45,606 - experiment_functions - INFO - Early stopping at epoch 3400. Best Recall: 0.0724
2026-05-19 18:27:45,741 - optuna.study.study - INFO - Trial 211 finished with value: 0.07236099404837314 and parameters: {'n_layers': 1, 'embedding_dim': 128, 'lr': 0.0003485417583805817, 'lambda_val': 0.0004891520297390729, 'batch_size': 1058, 'optimizer': 'Adam'}. Best is trial 195 with value: 0.0829019064050288.
2026-05-19 18:27:54,293 - optuna.study._optimize - INFO - Trial 212 pruned. 
2026-05-19 18:28:01,064 - optuna.study._optimize - INFO - Trial 213 pruned. 
2026-05-19 18:28:15,258 - experiment_functions - INFO - Early stopping at epoch 1200. Best Recall: 0.0690
2026-05-19 18:28:16,020 - optuna.study.study - INFO - Trial 214 finished with value: 0.06898057206949242 and parameters: {'n_layers': 1, 'embedding_dim': 128, 'lr': 0.00047397883430155065, 'lambda_val': 0.0015406666405543576, 'batch_size': 988, 'optimizer': 'Adam'}. Best is trial 195 with value: 0.0829019064050288.
2026-05-19 18:28:30,589 - experiment_functions - INFO - Early stopping at epoch 2200. Best Recall: 0.0710
2026-05-19 18:28:30,688 - optuna.study.study - INFO - Trial 215 finished with value: 0.07096067105209163 and parameters: {'n_layers': 1, 'embedding_dim': 128, 'lr': 0.00030499583387093776, 'lambda_val': 0.0028245843160282476, 'batch_size': 1070, 'optimizer': 'Adam'}. Best is trial 195 with value: 0.0829019064050288.
2026-05-19 18:28:37,211 - optuna.study._optimize - INFO - Trial 216 pruned. 
2026-05-19 18:28:44,078 - optuna.study._optimize - INFO - Trial 217 pruned. 
2026-05-19 18:28:50,915 - optuna.study._optimize - INFO - Trial 218 pruned. 
2026-05-19 18:28:59,921 - optuna.study._optimize - INFO - Trial 219 pruned. 
2026-05-19 18:29:20,316 - experiment_functions - INFO - Early stopping at epoch 2000. Best Recall: 0.0812
2026-05-19 18:29:20,414 - optuna.study.study - INFO - Trial 220 finished with value: 0.08122451898268493 and parameters: {'n_layers': 1, 'embedding_dim': 128, 'lr': 0.0004904938456611697, 'lambda_val': 0.0012033073637209817, 'batch_size': 1179, 'optimizer': 'Adam'}. Best is trial 195 with value: 0.0829019064050288.
2026-05-19 18:29:27,359 - optuna.study._optimize - INFO - Trial 221 pruned. 
2026-05-19 18:29:34,474 - optuna.study._optimize - INFO - Trial 222 pruned. 
2026-05-19 18:29:40,448 - optuna.study._optimize - INFO - Trial 223 pruned. 
2026-05-19 18:29:51,875 - optuna.study._optimize - INFO - Trial 224 pruned. 
2026-05-19 18:30:16,914 - experiment_functions - INFO - Early stopping at epoch 2350. Best Recall: 0.0774
2026-05-19 18:30:17,004 - optuna.study.study - INFO - Trial 225 finished with value: 0.07743674116014855 and parameters: {'n_layers': 1, 'embedding_dim': 128, 'lr': 0.0006337997381930758, 'lambda_val': 1.0114788746801941e-06, 'batch_size': 1020, 'optimizer': 'Adam'}. Best is trial 195 with value: 0.0829019064050288.
2026-05-19 18:30:25,136 - experiment_functions - INFO - Early stopping at epoch 1450. Best Recall: 0.0684
2026-05-19 18:30:25,228 - optuna.study.study - INFO - Trial 226 finished with value: 0.06836424831876588 and parameters: {'n_layers': 1, 'embedding_dim': 128, 'lr': 0.0006011240587579044, 'lambda_val': 1.3459101315023828e-06, 'batch_size': 1049, 'optimizer': 'Adam'}. Best is trial 195 with value: 0.0829019064050288.
2026-05-19 18:30:34,704 - experiment_functions - INFO - Early stopping at epoch 1600. Best Recall: 0.0713
2026-05-19 18:30:34,846 - optuna.study.study - INFO - Trial 227 finished with value: 0.07130020443356343 and parameters: {'n_layers': 1, 'embedding_dim': 128, 'lr': 0.0006560594231709867, 'lambda_val': 0.00029262849653215964, 'batch_size': 978, 'optimizer': 'Adam'}. Best is trial 195 with value: 0.0829019064050288.
2026-05-19 18:30:44,727 - experiment_functions - INFO - Early stopping at epoch 1350. Best Recall: 0.0777
2026-05-19 18:30:44,884 - optuna.study.study - INFO - Trial 228 finished with value: 0.07771419002226787 and parameters: {'n_layers': 1, 'embedding_dim': 128, 'lr': 0.000511432990857204, 'lambda_val': 0.0004461955942875948, 'batch_size': 1115, 'optimizer': 'Adam'}. Best is trial 195 with value: 0.0829019064050288.
2026-05-19 18:30:51,206 - optuna.study._optimize - INFO - Trial 229 pruned. 
2026-05-19 18:31:30,607 - optuna.study._optimize - INFO - Trial 230 pruned. 
2026-05-19 18:31:40,489 - experiment_functions - INFO - Early stopping at epoch 1650. Best Recall: 0.0797
2026-05-19 18:31:40,592 - optuna.study.study - INFO - Trial 231 finished with value: 0.07974088106586107 and parameters: {'n_layers': 1, 'embedding_dim': 128, 'lr': 0.0005368417131078202, 'lambda_val': 1.0727951144457074e-06, 'batch_size': 986, 'optimizer': 'Adam'}. Best is trial 195 with value: 0.0829019064050288.
2026-05-19 18:31:50,435 - optuna.study._optimize - INFO - Trial 232 pruned. 
2026-05-19 18:32:01,213 - experiment_functions - INFO - Early stopping at epoch 1950. Best Recall: 0.0701
2026-05-19 18:32:01,328 - optuna.study.study - INFO - Trial 233 finished with value: 0.07012106465436428 and parameters: {'n_layers': 1, 'embedding_dim': 128, 'lr': 0.0006755840005230439, 'lambda_val': 1.0551665721280696e-06, 'batch_size': 1056, 'optimizer': 'Adam'}. Best is trial 195 with value: 0.0829019064050288.
2026-05-19 18:32:22,832 - experiment_functions - INFO - Early stopping at epoch 2050. Best Recall: 0.0729
2026-05-19 18:32:22,948 - optuna.study.study - INFO - Trial 234 finished with value: 0.07291618528408736 and parameters: {'n_layers': 1, 'embedding_dim': 128, 'lr': 0.00046175242967010836, 'lambda_val': 0.001322254369899331, 'batch_size': 1265, 'optimizer': 'Adam'}. Best is trial 195 with value: 0.0829019064050288.
2026-05-19 18:32:33,838 - experiment_functions - INFO - Early stopping at epoch 1800. Best Recall: 0.0768
2026-05-19 18:32:33,981 - optuna.study.study - INFO - Trial 235 finished with value: 0.07684085251364074 and parameters: {'n_layers': 1, 'embedding_dim': 128, 'lr': 0.000531928101475041, 'lambda_val': 1.0050963049696571e-06, 'batch_size': 1157, 'optimizer': 'Adam'}. Best is trial 195 with value: 0.0829019064050288.
2026-05-19 18:32:37,861 - experiment_functions - INFO - Early stopping at epoch 500. Best Recall: 0.0017
2026-05-19 18:32:37,955 - optuna.study.study - INFO - Trial 236 finished with value: 0.001663848648386007 and parameters: {'n_layers': 1, 'embedding_dim': 128, 'lr': 0.0006865403171557, 'lambda_val': 1.017042874472917e-06, 'batch_size': 1176, 'optimizer': 'SGD'}. Best is trial 195 with value: 0.0829019064050288.
2026-05-19 18:33:01,841 - optuna.study._optimize - INFO - Trial 237 pruned. 
2026-05-19 18:33:05,525 - experiment_functions - INFO - Early stopping at epoch 500. Best Recall: 0.0033
2026-05-19 18:33:05,631 - optuna.study.study - INFO - Trial 238 finished with value: 0.0033219213562888164 and parameters: {'n_layers': 1, 'embedding_dim': 128, 'lr': 1.8013031337143155e-05, 'lambda_val': 1.0108786913088602e-06, 'batch_size': 991, 'optimizer': 'Adam'}. Best is trial 195 with value: 0.0829019064050288.
2026-05-19 18:33:16,447 - experiment_functions - INFO - Early stopping at epoch 1500. Best Recall: 0.0768
2026-05-19 18:33:16,563 - optuna.study.study - INFO - Trial 239 finished with value: 0.07684187815324134 and parameters: {'n_layers': 1, 'embedding_dim': 128, 'lr': 0.0005849561895383443, 'lambda_val': 1.2918626985456687e-06, 'batch_size': 1138, 'optimizer': 'Adam'}. Best is trial 195 with value: 0.0829019064050288.
2026-05-19 18:33:32,075 - optuna.study._optimize - INFO - Trial 240 pruned. 
2026-05-19 18:33:44,827 - experiment_functions - INFO - Early stopping at epoch 2150. Best Recall: 0.0743
2026-05-19 18:33:44,987 - optuna.study.study - INFO - Trial 241 finished with value: 0.07434569953041652 and parameters: {'n_layers': 1, 'embedding_dim': 128, 'lr': 0.000581693104775774, 'lambda_val': 1.2757379189090097e-06, 'batch_size': 1144, 'optimizer': 'Adam'}. Best is trial 195 with value: 0.0829019064050288.
2026-05-19 18:33:57,374 - experiment_functions - INFO - Early stopping at epoch 1650. Best Recall: 0.0729
2026-05-19 18:33:57,469 - optuna.study.study - INFO - Trial 242 finished with value: 0.07291420420147675 and parameters: {'n_layers': 1, 'embedding_dim': 128, 'lr': 0.0006098540836128081, 'lambda_val': 1.2895631455719081e-06, 'batch_size': 1143, 'optimizer': 'Adam'}. Best is trial 195 with value: 0.0829019064050288.
2026-05-19 18:34:07,765 - experiment_functions - INFO - Early stopping at epoch 1600. Best Recall: 0.0738
2026-05-19 18:34:07,857 - optuna.study.study - INFO - Trial 243 finished with value: 0.07375927925643645 and parameters: {'n_layers': 1, 'embedding_dim': 128, 'lr': 0.0007436338227296269, 'lambda_val': 1.3245417964464694e-06, 'batch_size': 1213, 'optimizer': 'Adam'}. Best is trial 195 with value: 0.0829019064050288.
2026-05-19 18:34:19,306 - optuna.study._optimize - INFO - Trial 244 pruned. 
2026-05-19 18:34:37,321 - experiment_functions - INFO - Early stopping at epoch 2000. Best Recall: 0.0717
2026-05-19 18:34:37,414 - optuna.study.study - INFO - Trial 245 finished with value: 0.07170640874306075 and parameters: {'n_layers': 1, 'embedding_dim': 128, 'lr': 0.0005991790323097918, 'lambda_val': 0.00013594911293992237, 'batch_size': 1025, 'optimizer': 'Adam'}. Best is trial 195 with value: 0.0829019064050288.
2026-05-19 18:34:45,641 - experiment_functions - INFO - Early stopping at epoch 1150. Best Recall: 0.0753
2026-05-19 18:34:45,734 - optuna.study.study - INFO - Trial 246 finished with value: 0.07525557062357707 and parameters: {'n_layers': 1, 'embedding_dim': 128, 'lr': 0.0007552621879434791, 'lambda_val': 1.0328855233665298e-06, 'batch_size': 944, 'optimizer': 'Adam'}. Best is trial 195 with value: 0.0829019064050288.
2026-05-19 18:34:57,215 - optuna.study._optimize - INFO - Trial 247 pruned. 
2026-05-19 18:35:17,864 - experiment_functions - INFO - Early stopping at epoch 1650. Best Recall: 0.0793
2026-05-19 18:35:17,968 - optuna.study.study - INFO - Trial 248 finished with value: 0.0792540480062083 and parameters: {'n_layers': 1, 'embedding_dim': 128, 'lr': 0.0007540163387306578, 'lambda_val': 1.2508803324877844e-06, 'batch_size': 1270, 'optimizer': 'Adam'}. Best is trial 195 with value: 0.0829019064050288.
2026-05-19 18:35:31,924 - experiment_functions - INFO - Early stopping at epoch 1850. Best Recall: 0.0722
2026-05-19 18:35:32,062 - optuna.study.study - INFO - Trial 249 finished with value: 0.07222985646783756 and parameters: {'n_layers': 1, 'embedding_dim': 64, 'lr': 0.0008018293970254999, 'lambda_val': 1.0090605666229096e-06, 'batch_size': 1231, 'optimizer': 'Adam'}. Best is trial 195 with value: 0.0829019064050288.
2026-05-19 18:35:43,874 - experiment_functions - INFO - Early stopping at epoch 1500. Best Recall: 0.0707
2026-05-19 18:35:43,978 - optuna.study.study - INFO - Trial 250 finished with value: 0.07068916385889293 and parameters: {'n_layers': 1, 'embedding_dim': 128, 'lr': 0.0004100539829613307, 'lambda_val': 1.0017849835447683e-06, 'batch_size': 1205, 'optimizer': 'Adam'}. Best is trial 195 with value: 0.0829019064050288.
2026-05-19 18:35:50,987 - experiment_functions - INFO - Early stopping at epoch 900. Best Recall: 0.0277
2026-05-19 18:35:51,113 - optuna.study.study - INFO - Trial 251 finished with value: 0.027728641444093555 and parameters: {'n_layers': 1, 'embedding_dim': 128, 'lr': 0.0006429364786814033, 'lambda_val': 0.09825914338652582, 'batch_size': 1295, 'optimizer': 'Adam'}. Best is trial 195 with value: 0.0829019064050288.
2026-05-19 18:36:11,371 - experiment_functions - INFO - Early stopping at epoch 2950. Best Recall: 0.0807
2026-05-19 18:36:11,452 - optuna.study.study - INFO - Trial 252 finished with value: 0.08068441546702612 and parameters: {'n_layers': 1, 'embedding_dim': 256, 'lr': 0.000543118986896059, 'lambda_val': 2.0125492635876455e-06, 'batch_size': 1047, 'optimizer': 'Adam'}. Best is trial 195 with value: 0.0829019064050288.
2026-05-19 18:36:18,742 - optuna.study._optimize - INFO - Trial 253 pruned. 
2026-05-19 18:36:40,724 - experiment_functions - INFO - Early stopping at epoch 2100. Best Recall: 0.0787
2026-05-19 18:36:41,187 - optuna.study.study - INFO - Trial 254 finished with value: 0.07868054837121474 and parameters: {'n_layers': 1, 'embedding_dim': 256, 'lr': 0.00033607941076894667, 'lambda_val': 2.2540598687538088e-06, 'batch_size': 1027, 'optimizer': 'Adam'}. Best is trial 195 with value: 0.0829019064050288.
2026-05-19 18:36:53,349 - optuna.study._optimize - INFO - Trial 255 pruned. 
2026-05-19 18:37:00,651 - optuna.study._optimize - INFO - Trial 256 pruned. 
2026-05-19 18:37:07,876 - experiment_functions - INFO - Early stopping at epoch 950. Best Recall: 0.0748
2026-05-19 18:37:07,980 - optuna.study.study - INFO - Trial 257 finished with value: 0.0747520702182768 and parameters: {'n_layers': 1, 'embedding_dim': 256, 'lr': 0.001022839166250648, 'lambda_val': 2.319011327676804e-06, 'batch_size': 984, 'optimizer': 'Adam'}. Best is trial 195 with value: 0.0829019064050288.
2026-05-19 18:37:16,469 - optuna.study._optimize - INFO - Trial 258 pruned. 
2026-05-19 18:37:26,180 - experiment_functions - INFO - Early stopping at epoch 1450. Best Recall: 0.0797
2026-05-19 18:37:26,272 - optuna.study.study - INFO - Trial 259 finished with value: 0.07972003516080527 and parameters: {'n_layers': 1, 'embedding_dim': 256, 'lr': 0.0008547861452077307, 'lambda_val': 1.6885576567981875e-06, 'batch_size': 1102, 'optimizer': 'Adam'}. Best is trial 195 with value: 0.0829019064050288.
2026-05-19 18:37:32,505 - experiment_functions - INFO - Early stopping at epoch 950. Best Recall: 0.0779
2026-05-19 18:37:32,588 - optuna.study.study - INFO - Trial 260 finished with value: 0.07790852607978645 and parameters: {'n_layers': 1, 'embedding_dim': 256, 'lr': 0.0006429787614645586, 'lambda_val': 1.6200591200422194e-06, 'batch_size': 1098, 'optimizer': 'Adam'}. Best is trial 195 with value: 0.0829019064050288.
2026-05-19 18:37:43,003 - experiment_functions - INFO - Early stopping at epoch 1600. Best Recall: 0.0742
2026-05-19 18:37:43,107 - optuna.study.study - INFO - Trial 261 finished with value: 0.07420383580081276 and parameters: {'n_layers': 1, 'embedding_dim': 256, 'lr': 0.000538965602551451, 'lambda_val': 1.6517956993046608e-06, 'batch_size': 1119, 'optimizer': 'Adam'}. Best is trial 195 with value: 0.0829019064050288.
2026-05-19 18:37:51,374 - optuna.study._optimize - INFO - Trial 262 pruned. 
2026-05-19 18:37:55,397 - experiment_functions - INFO - Early stopping at epoch 500. Best Recall: 0.0041
2026-05-19 18:37:55,545 - optuna.study.study - INFO - Trial 263 finished with value: 0.004094905931898943 and parameters: {'n_layers': 1, 'embedding_dim': 256, 'lr': 0.00027999587425259675, 'lambda_val': 2.4870246301440713e-06, 'batch_size': 1100, 'optimizer': 'SGD'}. Best is trial 195 with value: 0.0829019064050288.
2026-05-19 18:38:03,394 - optuna.study._optimize - INFO - Trial 264 pruned. 
2026-05-19 18:38:13,144 - optuna.study._optimize - INFO - Trial 265 pruned. 
2026-05-19 18:38:20,711 - optuna.study._optimize - INFO - Trial 266 pruned. 
2026-05-19 18:38:43,263 - experiment_functions - INFO - Early stopping at epoch 3400. Best Recall: 0.0872
2026-05-19 18:38:43,362 - optuna.study.study - INFO - Trial 267 finished with value: 0.08722017428793943 and parameters: {'n_layers': 1, 'embedding_dim': 256, 'lr': 0.0006471612370182435, 'lambda_val': 1.2969004803070332e-06, 'batch_size': 1167, 'optimizer': 'Adam'}. Best is trial 267 with value: 0.08722017428793943.
2026-05-19 18:38:58,276 - experiment_functions - INFO - Early stopping at epoch 2050. Best Recall: 0.0767
2026-05-19 18:38:58,381 - optuna.study.study - INFO - Trial 268 finished with value: 0.07668156700901375 and parameters: {'n_layers': 1, 'embedding_dim': 256, 'lr': 0.0006795788069406017, 'lambda_val': 1.2978587715649118e-06, 'batch_size': 1389, 'optimizer': 'Adam'}. Best is trial 267 with value: 0.08722017428793943.
2026-05-19 18:39:07,148 - experiment_functions - INFO - Early stopping at epoch 850. Best Recall: 0.0714
2026-05-19 18:39:07,276 - optuna.study.study - INFO - Trial 269 finished with value: 0.07140120519652587 and parameters: {'n_layers': 1, 'embedding_dim': 256, 'lr': 0.000830820203576171, 'lambda_val': 1.3318223507700365e-06, 'batch_size': 1393, 'optimizer': 'Adam'}. Best is trial 267 with value: 0.08722017428793943.
2026-05-19 18:39:20,942 - experiment_functions - INFO - Early stopping at epoch 1850. Best Recall: 0.0779
2026-05-19 18:39:21,047 - optuna.study.study - INFO - Trial 270 finished with value: 0.07793173191924604 and parameters: {'n_layers': 1, 'embedding_dim': 256, 'lr': 0.0006876803037609464, 'lambda_val': 1.2281387613271796e-06, 'batch_size': 1315, 'optimizer': 'Adam'}. Best is trial 267 with value: 0.08722017428793943.
2026-05-19 18:39:29,402 - optuna.study._optimize - INFO - Trial 271 pruned. 
2026-05-19 18:39:36,245 - experiment_functions - INFO - Early stopping at epoch 800. Best Recall: 0.0686
2026-05-19 18:39:36,327 - optuna.study.study - INFO - Trial 272 finished with value: 0.06855250990042507 and parameters: {'n_layers': 1, 'embedding_dim': 256, 'lr': 0.0010135806049213056, 'lambda_val': 1.285699201816549e-06, 'batch_size': 1439, 'optimizer': 'Adam'}. Best is trial 267 with value: 0.08722017428793943.
2026-05-19 18:39:40,191 - experiment_functions - INFO - Early stopping at epoch 500. Best Recall: 0.0014
2026-05-19 18:39:40,716 - optuna.study.study - INFO - Trial 273 finished with value: 0.001421747580838988 and parameters: {'n_layers': 1, 'embedding_dim': 256, 'lr': 1.0076526441752841e-05, 'lambda_val': 1.2863563149631658e-06, 'batch_size': 1184, 'optimizer': 'Adam'}. Best is trial 267 with value: 0.08722017428793943.
2026-05-19 18:39:47,336 - experiment_functions - INFO - Early stopping at epoch 700. Best Recall: 0.0354
2026-05-19 18:39:47,440 - optuna.study.study - INFO - Trial 274 finished with value: 0.03540147975954106 and parameters: {'n_layers': 3, 'embedding_dim': 256, 'lr': 0.0006831923179924975, 'lambda_val': 1.8426788641182002e-06, 'batch_size': 1292, 'optimizer': 'Adam'}. Best is trial 267 with value: 0.08722017428793943.
2026-05-19 18:40:12,418 - experiment_functions - INFO - Early stopping at epoch 3400. Best Recall: 0.0865
2026-05-19 18:40:12,511 - optuna.study.study - INFO - Trial 275 finished with value: 0.08645713413667216 and parameters: {'n_layers': 1, 'embedding_dim': 256, 'lr': 0.0006326383979434212, 'lambda_val': 1.5698161790705874e-06, 'batch_size': 1156, 'optimizer': 'Adam'}. Best is trial 267 with value: 0.08722017428793943.
2026-05-19 18:40:32,232 - experiment_functions - INFO - Early stopping at epoch 3000. Best Recall: 0.0772
2026-05-19 18:40:32,381 - optuna.study.study - INFO - Trial 276 finished with value: 0.0772075676809327 and parameters: {'n_layers': 1, 'embedding_dim': 256, 'lr': 0.0005933895495565604, 'lambda_val': 1.5378735048163557e-06, 'batch_size': 1153, 'optimizer': 'Adam'}. Best is trial 267 with value: 0.08722017428793943.
2026-05-19 18:40:56,887 - experiment_functions - INFO - Early stopping at epoch 2150. Best Recall: 0.0734
2026-05-19 18:40:56,990 - optuna.study.study - INFO - Trial 277 finished with value: 0.07343389297289862 and parameters: {'n_layers': 1, 'embedding_dim': 256, 'lr': 0.0006223026245034956, 'lambda_val': 1.6363205439453654e-06, 'batch_size': 1179, 'optimizer': 'Adam'}. Best is trial 267 with value: 0.08722017428793943.
2026-05-19 18:41:15,768 - experiment_functions - INFO - Early stopping at epoch 2700. Best Recall: 0.0751
2026-05-19 18:41:15,872 - optuna.study.study - INFO - Trial 278 finished with value: 0.07508774692144166 and parameters: {'n_layers': 1, 'embedding_dim': 256, 'lr': 0.0005708014908195601, 'lambda_val': 1.2821239126593e-06, 'batch_size': 1115, 'optimizer': 'Adam'}. Best is trial 267 with value: 0.08722017428793943.
2026-05-19 18:41:28,711 - experiment_functions - INFO - Early stopping at epoch 2000. Best Recall: 0.0735
2026-05-19 18:41:28,805 - optuna.study.study - INFO - Trial 279 finished with value: 0.07353865060204705 and parameters: {'n_layers': 1, 'embedding_dim': 256, 'lr': 0.0006487824163201373, 'lambda_val': 1.5335324657188546e-06, 'batch_size': 1358, 'optimizer': 'Adam'}. Best is trial 267 with value: 0.08722017428793943.
2026-05-19 18:41:36,169 - experiment_functions - INFO - Early stopping at epoch 1000. Best Recall: 0.0697
2026-05-19 18:41:36,318 - optuna.study.study - INFO - Trial 280 finished with value: 0.06969577232690395 and parameters: {'n_layers': 1, 'embedding_dim': 256, 'lr': 0.0008495893649077637, 'lambda_val': 1.271827830648608e-06, 'batch_size': 1209, 'optimizer': 'Adam'}. Best is trial 267 with value: 0.08722017428793943.
2026-05-19 18:41:44,137 - optuna.study._optimize - INFO - Trial 281 pruned. 
2026-05-19 18:41:48,031 - experiment_functions - INFO - Early stopping at epoch 500. Best Recall: 0.0034
2026-05-19 18:41:48,136 - optuna.study.study - INFO - Trial 282 finished with value: 0.003386414372983562 and parameters: {'n_layers': 1, 'embedding_dim': 256, 'lr': 0.0007722745657694291, 'lambda_val': 1.8171183240881125e-06, 'batch_size': 1268, 'optimizer': 'SGD'}. Best is trial 267 with value: 0.08722017428793943.
2026-05-19 18:41:58,021 - experiment_functions - INFO - Early stopping at epoch 1150. Best Recall: 0.0751
2026-05-19 18:41:58,112 - optuna.study.study - INFO - Trial 283 finished with value: 0.07512508013904291 and parameters: {'n_layers': 1, 'embedding_dim': 256, 'lr': 0.0005558357358975605, 'lambda_val': 1.5833911922990109e-06, 'batch_size': 1177, 'optimizer': 'Adam'}. Best is trial 267 with value: 0.08722017428793943.
2026-05-19 18:42:10,352 - experiment_functions - INFO - Early stopping at epoch 2000. Best Recall: 0.0839
2026-05-19 18:42:10,457 - optuna.study.study - INFO - Trial 284 finished with value: 0.0839305073483432 and parameters: {'n_layers': 1, 'embedding_dim': 256, 'lr': 0.0006721921370918768, 'lambda_val': 1.2473238770547637e-06, 'batch_size': 1094, 'optimizer': 'Adam'}. Best is trial 267 with value: 0.08722017428793943.
2026-05-19 18:42:23,015 - experiment_functions - INFO - Early stopping at epoch 1850. Best Recall: 0.0848
2026-05-19 18:42:23,214 - optuna.study.study - INFO - Trial 285 finished with value: 0.08475736902309638 and parameters: {'n_layers': 1, 'embedding_dim': 256, 'lr': 0.0009004128195355318, 'lambda_val': 1.3081165040946072e-06, 'batch_size': 1096, 'optimizer': 'Adam'}. Best is trial 267 with value: 0.08722017428793943.
2026-05-19 18:42:38,969 - experiment_functions - INFO - Early stopping at epoch 2300. Best Recall: 0.0744
2026-05-19 18:42:39,074 - optuna.study.study - INFO - Trial 286 finished with value: 0.07440705469520173 and parameters: {'n_layers': 1, 'embedding_dim': 256, 'lr': 0.000982184303025556, 'lambda_val': 1.2719395786365066e-06, 'batch_size': 1078, 'optimizer': 'Adam'}. Best is trial 267 with value: 0.08722017428793943.
2026-05-19 18:42:48,767 - experiment_functions - INFO - Early stopping at epoch 1400. Best Recall: 0.0725
2026-05-19 18:42:48,937 - optuna.study.study - INFO - Trial 287 finished with value: 0.07253294305812429 and parameters: {'n_layers': 1, 'embedding_dim': 256, 'lr': 0.0011190906014971861, 'lambda_val': 1.0107530633155319e-06, 'batch_size': 1130, 'optimizer': 'Adam'}. Best is trial 267 with value: 0.08722017428793943.
2026-05-19 18:43:07,377 - experiment_functions - INFO - Early stopping at epoch 2550. Best Recall: 0.0797
2026-05-19 18:43:07,482 - optuna.study.study - INFO - Trial 288 finished with value: 0.0797126840622037 and parameters: {'n_layers': 1, 'embedding_dim': 256, 'lr': 0.0008843073792279113, 'lambda_val': 1.9155603343859186e-06, 'batch_size': 1057, 'optimizer': 'Adam'}. Best is trial 267 with value: 0.08722017428793943.
2026-05-19 18:43:31,622 - experiment_functions - INFO - Early stopping at epoch 2300. Best Recall: 0.0747
2026-05-19 18:43:31,739 - optuna.study.study - INFO - Trial 289 finished with value: 0.07469228813619105 and parameters: {'n_layers': 1, 'embedding_dim': 256, 'lr': 0.0010252396902314094, 'lambda_val': 1.9474734926747363e-06, 'batch_size': 1071, 'optimizer': 'Adam'}. Best is trial 267 with value: 0.08722017428793943.
2026-05-19 18:43:38,553 - experiment_functions - INFO - Early stopping at epoch 600. Best Recall: 0.0336
2026-05-19 18:43:38,702 - optuna.study.study - INFO - Trial 290 finished with value: 0.033573133319357 and parameters: {'n_layers': 4, 'embedding_dim': 256, 'lr': 0.0008798424232073812, 'lambda_val': 2.4860631612479184e-06, 'batch_size': 1038, 'optimizer': 'Adam'}. Best is trial 267 with value: 0.08722017428793943.
2026-05-19 18:43:49,399 - experiment_functions - INFO - Early stopping at epoch 1250. Best Recall: 0.0716
2026-05-19 18:43:50,827 - optuna.study.study - INFO - Trial 291 finished with value: 0.07157711797264171 and parameters: {'n_layers': 1, 'embedding_dim': 256, 'lr': 0.0008463606344457557, 'lambda_val': 1.6423819927307339e-06, 'batch_size': 1004, 'optimizer': 'Adam'}. Best is trial 267 with value: 0.08722017428793943.
2026-05-19 18:44:01,540 - experiment_functions - INFO - Early stopping at epoch 1600. Best Recall: 0.0739
2026-05-19 18:44:01,643 - optuna.study.study - INFO - Trial 292 finished with value: 0.07391451858052035 and parameters: {'n_layers': 1, 'embedding_dim': 256, 'lr': 0.0007213018043573089, 'lambda_val': 1.8991193379456756e-06, 'batch_size': 1086, 'optimizer': 'Adam'}. Best is trial 267 with value: 0.08722017428793943.
2026-05-19 18:44:22,633 - experiment_functions - INFO - Early stopping at epoch 1450. Best Recall: 0.0766
2026-05-19 18:44:22,724 - optuna.study.study - INFO - Trial 293 finished with value: 0.07655496806798799 and parameters: {'n_layers': 1, 'embedding_dim': 256, 'lr': 0.0011650827055950112, 'lambda_val': 1.4309348629183184e-06, 'batch_size': 1148, 'optimizer': 'Adam'}. Best is trial 267 with value: 0.08722017428793943.
2026-05-19 18:44:37,876 - experiment_functions - INFO - Early stopping at epoch 2200. Best Recall: 0.0787
2026-05-19 18:44:37,977 - optuna.study.study - INFO - Trial 294 finished with value: 0.07865283669178534 and parameters: {'n_layers': 1, 'embedding_dim': 256, 'lr': 0.0007345999288210423, 'lambda_val': 2.665912540315065e-06, 'batch_size': 912, 'optimizer': 'Adam'}. Best is trial 267 with value: 0.08722017428793943.
2026-05-19 18:44:46,570 - experiment_functions - INFO - Early stopping at epoch 1150. Best Recall: 0.0715
2026-05-19 18:44:46,663 - optuna.study.study - INFO - Trial 295 finished with value: 0.07150890190317742 and parameters: {'n_layers': 1, 'embedding_dim': 256, 'lr': 0.0013774475543406428, 'lambda_val': 2.634452484014156e-06, 'batch_size': 898, 'optimizer': 'Adam'}. Best is trial 267 with value: 0.08722017428793943.
2026-05-19 18:44:55,971 - experiment_functions - INFO - Early stopping at epoch 1350. Best Recall: 0.0722
2026-05-19 18:44:56,072 - optuna.study.study - INFO - Trial 296 finished with value: 0.07217695023349946 and parameters: {'n_layers': 1, 'embedding_dim': 256, 'lr': 0.0009283419410735473, 'lambda_val': 2.0583126502153554e-06, 'batch_size': 951, 'optimizer': 'Adam'}. Best is trial 267 with value: 0.08722017428793943.
2026-05-19 18:45:08,464 - experiment_functions - INFO - Early stopping at epoch 1350. Best Recall: 0.0719
2026-05-19 18:45:09,231 - optuna.study.study - INFO - Trial 297 finished with value: 0.07186508431334174 and parameters: {'n_layers': 1, 'embedding_dim': 256, 'lr': 0.0007484469443583295, 'lambda_val': 0.0003689962076390985, 'batch_size': 1014, 'optimizer': 'Adam'}. Best is trial 267 with value: 0.08722017428793943.
2026-05-19 18:45:44,837 - optuna.study.study - INFO - Trial 298 finished with value: 0.08199873562411138 and parameters: {'n_layers': 1, 'embedding_dim': 256, 'lr': 0.0006946214913650229, 'lambda_val': 3.463497694151803e-06, 'batch_size': 904, 'optimizer': 'Adam'}. Best is trial 267 with value: 0.08722017428793943.
2026-05-19 18:45:55,107 - experiment_functions - INFO - Early stopping at epoch 1500. Best Recall: 0.0752
2026-05-19 18:45:55,207 - optuna.study.study - INFO - Trial 299 finished with value: 0.07524164929569527 and parameters: {'n_layers': 1, 'embedding_dim': 256, 'lr': 0.0007879624198408707, 'lambda_val': 3.427187062345109e-06, 'batch_size': 850, 'optimizer': 'Adam'}. Best is trial 267 with value: 0.08722017428793943.
2026-05-19 18:45:55,208 - experiment_functions - INFO - Training the best model ... for e_100K_1c1dcs
2026-05-19 18:46:03,872 - experiment_functions - INFO - Early stopping at epoch 2100. Best Recall: 0.0717
2026-05-19 18:46:03,974 - root - INFO -   **** Training e_100K_1c1dcs_rand1
2026-05-19 18:46:03,988 - root - INFO -   **** Getting 65267/81200 random edges
2026-05-19 18:46:04,001 - experiment_functions - INFO - Training the best model ... for e_100K_1c1dcs_rand1
2026-05-19 18:46:11,613 - experiment_functions - INFO - Early stopping at epoch 1850. Best Recall: 0.1284
2026-05-19 18:46:11,718 - root - INFO -   **** Training e_100K_1c1dcs_rand2
2026-05-19 18:46:11,730 - root - INFO -   **** Getting 65267/81200 random edges
2026-05-19 18:46:11,743 - experiment_functions - INFO - Training the best model ... for e_100K_1c1dcs_rand2
2026-05-19 18:46:17,938 - experiment_functions - INFO - Early stopping at epoch 1500. Best Recall: 0.1265
2026-05-19 18:46:18,043 - root - INFO -   **** Training e_100K_1c1dcs_rand3
2026-05-19 18:46:18,056 - root - INFO -   **** Getting 65267/81200 random edges
2026-05-19 18:46:18,068 - experiment_functions - INFO - Training the best model ... for e_100K_1c1dcs_rand3
2026-05-19 18:46:25,367 - experiment_functions - INFO - Early stopping at epoch 1800. Best Recall: 0.1151
2026-05-19 18:46:25,473 - root - INFO -   **** Training e_100K_1c1dcs_rand4
2026-05-19 18:46:25,487 - root - INFO -   **** Getting 65267/81200 random edges
2026-05-19 18:46:25,499 - experiment_functions - INFO - Training the best model ... for e_100K_1c1dcs_rand4
2026-05-19 18:46:31,882 - experiment_functions - INFO - Early stopping at epoch 1550. Best Recall: 0.1274
2026-05-19 18:46:31,989 - root - INFO -   **** Training e_100K_1c1dcs_rand5
2026-05-19 18:46:32,002 - root - INFO -   **** Getting 65267/81200 random edges
2026-05-19 18:46:32,015 - experiment_functions - INFO - Training the best model ... for e_100K_1c1dcs_rand5
2026-05-19 18:46:38,520 - experiment_functions - INFO - Early stopping at epoch 1800. Best Recall: 0.1224
2026-05-19 18:46:38,627 - root - INFO - **** Training e_100K_1c2dcs
2026-05-19 18:46:38,627 - root - INFO -   ** 2-Dominant stats:
2026-05-19 18:46:38,627 - root - INFO -   ** Finding the dominant set:
2026-05-19 18:47:03,334 - root - INFO -   ** Getting the trainable edges:
2026-05-19 18:47:03,339 - helper_functions - INFO -      Number of nodes: 4003
2026-05-19 18:47:03,339 - helper_functions - INFO -      Ratio: 0.3873621056706019
2026-05-19 18:47:03,339 - helper_functions - INFO -      Number of unique users: 324
2026-05-19 18:47:03,339 - helper_functions - INFO -      Number of unique items: 3679
2026-05-19 18:47:03,339 - helper_functions - INFO -      Total dominant set edge: 13252
2026-05-19 18:47:03,339 - helper_functions - INFO -      Trainable edges: 10601.6
2026-05-19 18:47:03,342 - root - INFO -   **** Getting 13252 dominant set edges
2026-05-19 18:47:03,956 - optuna.storages._rdb.storage - INFO - A new study created in RDB with name: Study_e_100K_1c2dcs_strict
2026-05-19 18:47:08,577 - experiment_functions - INFO - Early stopping at epoch 750. Best Recall: 0.0010
2026-05-19 18:47:08,730 - optuna.study.study - INFO - Trial 0 finished with value: 0.0010486596465568208 and parameters: {'n_layers': 3, 'embedding_dim': 128, 'lr': 0.05565831258751771, 'lambda_val': 0.005941835495177337, 'batch_size': 2964, 'optimizer': 'Adam'}. Best is trial 0 with value: 0.0010486596465568208.
2026-05-19 18:47:12,146 - experiment_functions - INFO - Early stopping at epoch 500. Best Recall: 0.0037
2026-05-19 18:47:12,242 - optuna.study.study - INFO - Trial 1 finished with value: 0.0036738509528393393 and parameters: {'n_layers': 2, 'embedding_dim': 64, 'lr': 0.04135101425085399, 'lambda_val': 0.0018473214611751127, 'batch_size': 2308, 'optimizer': 'Adam'}. Best is trial 1 with value: 0.0036738509528393393.
2026-05-19 18:47:23,990 - experiment_functions - INFO - Early stopping at epoch 500. Best Recall: 0.0028
2026-05-19 18:47:24,753 - optuna.study.study - INFO - Trial 2 finished with value: 0.002830857254574474 and parameters: {'n_layers': 3, 'embedding_dim': 96, 'lr': 0.00039902200602861924, 'lambda_val': 0.006963711554688124, 'batch_size': 3711, 'optimizer': 'SGD'}. Best is trial 1 with value: 0.0036738509528393393.
2026-05-19 18:47:33,721 - experiment_functions - INFO - Early stopping at epoch 1150. Best Recall: 0.0052
2026-05-19 18:47:33,812 - optuna.study.study - INFO - Trial 3 finished with value: 0.0052332925660715434 and parameters: {'n_layers': 3, 'embedding_dim': 128, 'lr': 0.00019920605754450633, 'lambda_val': 3.411877804150651e-05, 'batch_size': 2595, 'optimizer': 'Adam'}. Best is trial 3 with value: 0.0052332925660715434.
2026-05-19 18:47:37,395 - experiment_functions - INFO - Early stopping at epoch 500. Best Recall: 0.0022
2026-05-19 18:47:37,486 - optuna.study.study - INFO - Trial 4 finished with value: 0.0022479649415474 and parameters: {'n_layers': 1, 'embedding_dim': 256, 'lr': 0.001151481838883637, 'lambda_val': 0.03254526817825237, 'batch_size': 3169, 'optimizer': 'SGD'}. Best is trial 3 with value: 0.0052332925660715434.
2026-05-19 18:47:41,302 - experiment_functions - INFO - Early stopping at epoch 500. Best Recall: 0.0062
2026-05-19 18:47:41,531 - optuna.study.study - INFO - Trial 5 finished with value: 0.006193508092851913 and parameters: {'n_layers': 2, 'embedding_dim': 128, 'lr': 0.02042182678259743, 'lambda_val': 0.00014231394434844404, 'batch_size': 897, 'optimizer': 'RMSprop'}. Best is trial 5 with value: 0.006193508092851913.
2026-05-19 18:47:46,048 - experiment_functions - INFO - Early stopping at epoch 600. Best Recall: 0.0059
2026-05-19 18:47:46,150 - optuna.study.study - INFO - Trial 6 finished with value: 0.00588832045861247 and parameters: {'n_layers': 2, 'embedding_dim': 64, 'lr': 0.002108742729850943, 'lambda_val': 1.2379189934859866e-06, 'batch_size': 2059, 'optimizer': 'Adam'}. Best is trial 5 with value: 0.006193508092851913.
2026-05-19 18:47:51,738 - experiment_functions - INFO - Early stopping at epoch 750. Best Recall: 0.0030
2026-05-19 18:47:51,828 - optuna.study.study - INFO - Trial 7 finished with value: 0.0029935829476430437 and parameters: {'n_layers': 1, 'embedding_dim': 256, 'lr': 0.02927729449422719, 'lambda_val': 0.016298337597267017, 'batch_size': 2077, 'optimizer': 'RMSprop'}. Best is trial 5 with value: 0.006193508092851913.
2026-05-19 18:47:55,500 - experiment_functions - INFO - Early stopping at epoch 500. Best Recall: 0.0014
2026-05-19 18:47:55,601 - optuna.study.study - INFO - Trial 8 finished with value: 0.0014165022465416279 and parameters: {'n_layers': 2, 'embedding_dim': 128, 'lr': 0.01885350225503505, 'lambda_val': 0.03766536975118571, 'batch_size': 1020, 'optimizer': 'SGD'}. Best is trial 5 with value: 0.006193508092851913.
2026-05-19 18:48:01,284 - experiment_functions - INFO - Early stopping at epoch 800. Best Recall: 0.0104
2026-05-19 18:48:01,927 - optuna.study.study - INFO - Trial 9 finished with value: 0.01036960173916723 and parameters: {'n_layers': 2, 'embedding_dim': 64, 'lr': 0.00044663341444260745, 'lambda_val': 0.02104066612697975, 'batch_size': 805, 'optimizer': 'Adam'}. Best is trial 9 with value: 0.01036960173916723.
2026-05-19 18:48:19,103 - experiment_functions - INFO - Early stopping at epoch 500. Best Recall: 0.0028
2026-05-19 18:48:19,183 - optuna.study.study - INFO - Trial 10 finished with value: 0.0028051550737430617 and parameters: {'n_layers': 4, 'embedding_dim': 32, 'lr': 1.0872935354031374e-05, 'lambda_val': 0.0007888062345875849, 'batch_size': 1489, 'optimizer': 'Adam'}. Best is trial 9 with value: 0.01036960173916723.
2026-05-19 18:48:23,445 - experiment_functions - INFO - Early stopping at epoch 550. Best Recall: 0.0043
2026-05-19 18:48:23,527 - optuna.study.study - INFO - Trial 11 finished with value: 0.004302891351051761 and parameters: {'n_layers': 2, 'embedding_dim': 64, 'lr': 0.004729722686583609, 'lambda_val': 7.220794805231404e-05, 'batch_size': 562, 'optimizer': 'RMSprop'}. Best is trial 9 with value: 0.01036960173916723.
2026-05-19 18:48:30,103 - optuna.study._optimize - INFO - Trial 12 pruned. 
2026-05-19 18:48:34,196 - experiment_functions - INFO - Early stopping at epoch 500. Best Recall: 0.0024
2026-05-19 18:48:34,300 - optuna.study.study - INFO - Trial 13 finished with value: 0.0023643633922677872 and parameters: {'n_layers': 4, 'embedding_dim': 96, 'lr': 0.006467305350639133, 'lambda_val': 5.675022729267758e-06, 'batch_size': 678, 'optimizer': 'RMSprop'}. Best is trial 9 with value: 0.01036960173916723.
2026-05-19 18:48:38,670 - experiment_functions - INFO - Early stopping at epoch 500. Best Recall: 0.0019
2026-05-19 18:48:38,816 - optuna.study.study - INFO - Trial 14 finished with value: 0.0018986859247489705 and parameters: {'n_layers': 2, 'embedding_dim': 64, 'lr': 5.691564864359158e-05, 'lambda_val': 0.00041975460703478815, 'batch_size': 1510, 'optimizer': 'RMSprop'}. Best is trial 9 with value: 0.01036960173916723.
2026-05-19 18:48:42,710 - experiment_functions - INFO - Early stopping at epoch 500. Best Recall: 0.0016
2026-05-19 18:48:42,853 - optuna.study.study - INFO - Trial 15 finished with value: 0.0016233276465662035 and parameters: {'n_layers': 3, 'embedding_dim': 128, 'lr': 0.008140967193338492, 'lambda_val': 9.069969440743819e-06, 'batch_size': 1106, 'optimizer': 'Adam'}. Best is trial 9 with value: 0.01036960173916723.
2026-05-19 18:48:48,168 - experiment_functions - INFO - Early stopping at epoch 800. Best Recall: 0.0127
2026-05-19 18:48:48,314 - optuna.study.study - INFO - Trial 16 finished with value: 0.012740817242083872 and parameters: {'n_layers': 1, 'embedding_dim': 64, 'lr': 0.00048479013153783745, 'lambda_val': 0.0020935867380306853, 'batch_size': 1733, 'optimizer': 'RMSprop'}. Best is trial 16 with value: 0.012740817242083872.
2026-05-19 18:48:54,694 - experiment_functions - INFO - Early stopping at epoch 850. Best Recall: 0.0122
2026-05-19 18:48:54,830 - optuna.study.study - INFO - Trial 17 finished with value: 0.01220011702385215 and parameters: {'n_layers': 1, 'embedding_dim': 64, 'lr': 0.0003606794954338121, 'lambda_val': 0.0020815473760400485, 'batch_size': 1877, 'optimizer': 'Adam'}. Best is trial 16 with value: 0.012740817242083872.
2026-05-19 18:48:57,952 - experiment_functions - INFO - Early stopping at epoch 500. Best Recall: 0.0031
2026-05-19 18:48:58,044 - optuna.study.study - INFO - Trial 18 finished with value: 0.003082845107530034 and parameters: {'n_layers': 1, 'embedding_dim': 64, 'lr': 7.089821417879628e-05, 'lambda_val': 0.00177314265705346, 'batch_size': 1668, 'optimizer': 'RMSprop'}. Best is trial 16 with value: 0.012740817242083872.
2026-05-19 18:49:01,245 - experiment_functions - INFO - Early stopping at epoch 500. Best Recall: 0.0018
2026-05-19 18:49:01,325 - optuna.study.study - INFO - Trial 19 finished with value: 0.001764518747320827 and parameters: {'n_layers': 1, 'embedding_dim': 64, 'lr': 1.4576500451845982e-05, 'lambda_val': 0.08079531450512278, 'batch_size': 1867, 'optimizer': 'SGD'}. Best is trial 16 with value: 0.012740817242083872.
2026-05-19 18:49:08,837 - experiment_functions - INFO - Early stopping at epoch 1400. Best Recall: 0.0098
2026-05-19 18:49:08,927 - optuna.study.study - INFO - Trial 20 finished with value: 0.009795893129514599 and parameters: {'n_layers': 1, 'embedding_dim': 64, 'lr': 0.00025516218640191454, 'lambda_val': 0.00225805952173378, 'batch_size': 2538, 'optimizer': 'RMSprop'}. Best is trial 16 with value: 0.012740817242083872.
2026-05-19 18:49:13,595 - experiment_functions - INFO - Early stopping at epoch 750. Best Recall: 0.0106
2026-05-19 18:49:13,686 - optuna.study.study - INFO - Trial 21 finished with value: 0.0105859906375043 and parameters: {'n_layers': 1, 'embedding_dim': 64, 'lr': 0.0005853999556992278, 'lambda_val': 0.007217047517780447, 'batch_size': 1226, 'optimizer': 'Adam'}. Best is trial 16 with value: 0.012740817242083872.
2026-05-19 18:49:17,563 - experiment_functions - INFO - Early stopping at epoch 650. Best Recall: 0.0142
2026-05-19 18:49:17,659 - optuna.study.study - INFO - Trial 22 finished with value: 0.014245098404605748 and parameters: {'n_layers': 1, 'embedding_dim': 64, 'lr': 0.0011443318660442053, 'lambda_val': 0.007148721344971578, 'batch_size': 1200, 'optimizer': 'Adam'}. Best is trial 22 with value: 0.014245098404605748.
2026-05-19 18:49:21,354 - experiment_functions - INFO - Early stopping at epoch 600. Best Recall: 0.0143
2026-05-19 18:49:21,448 - optuna.study.study - INFO - Trial 23 finished with value: 0.014344438944026351 and parameters: {'n_layers': 1, 'embedding_dim': 64, 'lr': 0.002018029263254486, 'lambda_val': 0.000690739507500719, 'batch_size': 1762, 'optimizer': 'Adam'}. Best is trial 23 with value: 0.014344438944026351.
2026-05-19 18:49:25,882 - experiment_functions - INFO - Early stopping at epoch 600. Best Recall: 0.0124
2026-05-19 18:49:25,984 - optuna.study.study - INFO - Trial 24 finished with value: 0.012428291888937546 and parameters: {'n_layers': 1, 'embedding_dim': 32, 'lr': 0.0018738031056712752, 'lambda_val': 0.0004993639106653345, 'batch_size': 1656, 'optimizer': 'Adam'}. Best is trial 23 with value: 0.014344438944026351.
2026-05-19 18:49:29,807 - experiment_functions - INFO - Early stopping at epoch 550. Best Recall: 0.0162
2026-05-19 18:49:29,924 - optuna.study.study - INFO - Trial 25 finished with value: 0.01621823415634189 and parameters: {'n_layers': 1, 'embedding_dim': 256, 'lr': 0.0024717013883558425, 'lambda_val': 0.0008517129367651841, 'batch_size': 1269, 'optimizer': 'Adam'}. Best is trial 25 with value: 0.01621823415634189.
2026-05-19 18:49:33,723 - experiment_functions - INFO - Early stopping at epoch 550. Best Recall: 0.0179
2026-05-19 18:49:33,873 - optuna.study.study - INFO - Trial 26 finished with value: 0.017895300893461717 and parameters: {'n_layers': 1, 'embedding_dim': 256, 'lr': 0.00260262560811441, 'lambda_val': 0.000826346990486225, 'batch_size': 1279, 'optimizer': 'Adam'}. Best is trial 26 with value: 0.017895300893461717.
2026-05-19 18:49:38,042 - experiment_functions - INFO - Early stopping at epoch 550. Best Recall: 0.0102
2026-05-19 18:49:38,133 - optuna.study.study - INFO - Trial 27 finished with value: 0.010224533665405109 and parameters: {'n_layers': 2, 'embedding_dim': 256, 'lr': 0.0030293471650100555, 'lambda_val': 0.0002020349908781431, 'batch_size': 2253, 'optimizer': 'Adam'}. Best is trial 26 with value: 0.017895300893461717.
2026-05-19 18:49:41,942 - experiment_functions - INFO - Early stopping at epoch 500. Best Recall: 0.0043
2026-05-19 18:49:42,090 - optuna.study.study - INFO - Trial 28 finished with value: 0.0042520247901795555 and parameters: {'n_layers': 1, 'embedding_dim': 256, 'lr': 0.09503609572239818, 'lambda_val': 0.0007929653691610736, 'batch_size': 1386, 'optimizer': 'Adam'}. Best is trial 26 with value: 0.017895300893461717.
2026-05-19 18:49:50,266 - experiment_functions - INFO - Early stopping at epoch 1400. Best Recall: 0.0098
2026-05-19 18:49:50,367 - optuna.study.study - INFO - Trial 29 finished with value: 0.009813309616523757 and parameters: {'n_layers': 1, 'embedding_dim': 256, 'lr': 0.011525304097680178, 'lambda_val': 2.9807403889209476e-05, 'batch_size': 3091, 'optimizer': 'Adam'}. Best is trial 26 with value: 0.017895300893461717.
2026-05-19 18:49:54,354 - experiment_functions - INFO - Early stopping at epoch 550. Best Recall: 0.0108
2026-05-19 18:49:54,444 - optuna.study.study - INFO - Trial 30 finished with value: 0.010834254775829538 and parameters: {'n_layers': 2, 'embedding_dim': 256, 'lr': 0.003619707453849515, 'lambda_val': 0.00034465750145451426, 'batch_size': 520, 'optimizer': 'Adam'}. Best is trial 26 with value: 0.017895300893461717.
2026-05-19 18:49:59,321 - experiment_functions - INFO - Early stopping at epoch 650. Best Recall: 0.0200
2026-05-19 18:49:59,457 - optuna.study.study - INFO - Trial 31 finished with value: 0.020010531998768788 and parameters: {'n_layers': 1, 'embedding_dim': 256, 'lr': 0.0008942178061101849, 'lambda_val': 0.001085828645578417, 'batch_size': 1163, 'optimizer': 'Adam'}. Best is trial 31 with value: 0.020010531998768788.
2026-05-19 18:50:03,999 - experiment_functions - INFO - Early stopping at epoch 650. Best Recall: 0.0147
2026-05-19 18:50:04,108 - optuna.study.study - INFO - Trial 32 finished with value: 0.01469569198158697 and parameters: {'n_layers': 1, 'embedding_dim': 256, 'lr': 0.0008826923877601968, 'lambda_val': 0.0010683617859524664, 'batch_size': 916, 'optimizer': 'Adam'}. Best is trial 31 with value: 0.020010531998768788.
2026-05-19 18:50:08,476 - experiment_functions - INFO - Early stopping at epoch 600. Best Recall: 0.0160
2026-05-19 18:50:08,644 - optuna.study.study - INFO - Trial 33 finished with value: 0.015972689707130474 and parameters: {'n_layers': 1, 'embedding_dim': 256, 'lr': 0.0011263791321823445, 'lambda_val': 0.0036454983122949027, 'batch_size': 956, 'optimizer': 'Adam'}. Best is trial 31 with value: 0.020010531998768788.
2026-05-19 18:50:16,456 - optuna.study._optimize - INFO - Trial 34 pruned. 
2026-05-19 18:50:21,814 - experiment_functions - INFO - Early stopping at epoch 650. Best Recall: 0.0164
2026-05-19 18:50:21,968 - optuna.study.study - INFO - Trial 35 finished with value: 0.016414212994462656 and parameters: {'n_layers': 1, 'embedding_dim': 256, 'lr': 0.0010099414348865763, 'lambda_val': 0.0046198120304271105, 'batch_size': 788, 'optimizer': 'Adam'}. Best is trial 31 with value: 0.020010531998768788.
2026-05-19 18:50:25,760 - experiment_functions - INFO - Early stopping at epoch 500. Best Recall: 0.0015
2026-05-19 18:50:25,896 - optuna.study.study - INFO - Trial 36 finished with value: 0.0014821036262848166 and parameters: {'n_layers': 2, 'embedding_dim': 256, 'lr': 0.0006668555050573506, 'lambda_val': 0.011470795422159636, 'batch_size': 702, 'optimizer': 'SGD'}. Best is trial 31 with value: 0.020010531998768788.
2026-05-19 18:50:29,902 - experiment_functions - INFO - Early stopping at epoch 600. Best Recall: 0.0138
2026-05-19 18:50:29,992 - optuna.study.study - INFO - Trial 37 finished with value: 0.01377841554298583 and parameters: {'n_layers': 1, 'embedding_dim': 96, 'lr': 0.0022525976130184115, 'lambda_val': 0.000327741441444439, 'batch_size': 1247, 'optimizer': 'Adam'}. Best is trial 31 with value: 0.020010531998768788.
2026-05-19 18:50:34,334 - experiment_functions - INFO - Early stopping at epoch 500. Best Recall: 0.0015
2026-05-19 18:50:34,638 - optuna.study.study - INFO - Trial 38 finished with value: 0.0015178281251637111 and parameters: {'n_layers': 3, 'embedding_dim': 256, 'lr': 0.005078815654409571, 'lambda_val': 0.0014220995519667085, 'batch_size': 2795, 'optimizer': 'Adam'}. Best is trial 31 with value: 0.020010531998768788.
2026-05-19 18:50:38,542 - experiment_functions - INFO - Early stopping at epoch 500. Best Recall: 0.0008
2026-05-19 18:50:39,317 - optuna.study.study - INFO - Trial 39 finished with value: 0.0008483729159719434 and parameters: {'n_layers': 1, 'embedding_dim': 256, 'lr': 0.012046906623041889, 'lambda_val': 5.877270850960983e-05, 'batch_size': 1048, 'optimizer': 'SGD'}. Best is trial 31 with value: 0.020010531998768788.
2026-05-19 18:50:54,787 - experiment_functions - INFO - Early stopping at epoch 950. Best Recall: 0.0130
2026-05-19 18:50:54,941 - optuna.study.study - INFO - Trial 40 finished with value: 0.012950688428978507 and parameters: {'n_layers': 2, 'embedding_dim': 256, 'lr': 0.00017591340290683984, 'lambda_val': 0.003970088528161867, 'batch_size': 775, 'optimizer': 'Adam'}. Best is trial 31 with value: 0.020010531998768788.
2026-05-19 18:50:59,821 - experiment_functions - INFO - Early stopping at epoch 650. Best Recall: 0.0145
2026-05-19 18:50:59,942 - optuna.study.study - INFO - Trial 41 finished with value: 0.014516907441430598 and parameters: {'n_layers': 1, 'embedding_dim': 256, 'lr': 0.0010800447383374687, 'lambda_val': 0.003798959976157284, 'batch_size': 967, 'optimizer': 'Adam'}. Best is trial 31 with value: 0.020010531998768788.
2026-05-19 18:51:04,767 - experiment_functions - INFO - Early stopping at epoch 600. Best Recall: 0.0122
2026-05-19 18:51:04,932 - optuna.study.study - INFO - Trial 42 finished with value: 0.012193183921388996 and parameters: {'n_layers': 1, 'embedding_dim': 256, 'lr': 0.0014797003002015034, 'lambda_val': 0.00020904382976857615, 'batch_size': 3348, 'optimizer': 'Adam'}. Best is trial 31 with value: 0.020010531998768788.
2026-05-19 18:51:10,064 - experiment_functions - INFO - Early stopping at epoch 650. Best Recall: 0.0133
2026-05-19 18:51:10,185 - optuna.study.study - INFO - Trial 43 finished with value: 0.013330860862166914 and parameters: {'n_layers': 1, 'embedding_dim': 256, 'lr': 0.0007805973946527641, 'lambda_val': 0.01426546062332888, 'batch_size': 883, 'optimizer': 'Adam'}. Best is trial 31 with value: 0.020010531998768788.
2026-05-19 18:51:14,723 - experiment_functions - INFO - Early stopping at epoch 550. Best Recall: 0.0198
2026-05-19 18:51:14,854 - optuna.study.study - INFO - Trial 44 finished with value: 0.019813921359728138 and parameters: {'n_layers': 1, 'embedding_dim': 256, 'lr': 0.0030594374540565735, 'lambda_val': 0.0037006210272480114, 'batch_size': 1520, 'optimizer': 'Adam'}. Best is trial 31 with value: 0.020010531998768788.
2026-05-19 18:51:19,520 - experiment_functions - INFO - Early stopping at epoch 550. Best Recall: 0.0166
2026-05-19 18:51:19,651 - optuna.study.study - INFO - Trial 45 finished with value: 0.016556839855401587 and parameters: {'n_layers': 1, 'embedding_dim': 256, 'lr': 0.0028657915677053106, 'lambda_val': 0.0011381041326246877, 'batch_size': 1511, 'optimizer': 'Adam'}. Best is trial 31 with value: 0.020010531998768788.
2026-05-19 18:51:24,493 - experiment_functions - INFO - Early stopping at epoch 500. Best Recall: 0.0029
2026-05-19 18:51:24,635 - optuna.study.study - INFO - Trial 46 finished with value: 0.002934120551694105 and parameters: {'n_layers': 2, 'embedding_dim': 96, 'lr': 0.003549954112409329, 'lambda_val': 0.03400024635759349, 'batch_size': 1506, 'optimizer': 'Adam'}. Best is trial 31 with value: 0.020010531998768788.
2026-05-19 18:51:30,090 - experiment_functions - INFO - Early stopping at epoch 700. Best Recall: 0.0050
2026-05-19 18:51:30,255 - optuna.study.study - INFO - Trial 47 finished with value: 0.005031447749429064 and parameters: {'n_layers': 1, 'embedding_dim': 128, 'lr': 0.008481554350524277, 'lambda_val': 0.0074383880836872045, 'batch_size': 2102, 'optimizer': 'Adam'}. Best is trial 31 with value: 0.020010531998768788.
2026-05-19 18:51:34,129 - experiment_functions - INFO - Early stopping at epoch 500. Best Recall: 0.0029
2026-05-19 18:51:34,219 - optuna.study.study - INFO - Trial 48 finished with value: 0.002920419188001324 and parameters: {'n_layers': 2, 'embedding_dim': 256, 'lr': 0.0015679265076981492, 'lambda_val': 0.001329956746715883, 'batch_size': 1386, 'optimizer': 'SGD'}. Best is trial 31 with value: 0.020010531998768788.
2026-05-19 18:51:37,753 - experiment_functions - INFO - Early stopping at epoch 500. Best Recall: 0.0020
2026-05-19 18:51:37,844 - optuna.study.study - INFO - Trial 49 finished with value: 0.0019577133461166937 and parameters: {'n_layers': 1, 'embedding_dim': 32, 'lr': 0.02847290019287035, 'lambda_val': 0.02299058233109149, 'batch_size': 1149, 'optimizer': 'Adam'}. Best is trial 31 with value: 0.020010531998768788.
2026-05-19 18:51:42,635 - experiment_functions - INFO - Early stopping at epoch 500. Best Recall: 0.0027
2026-05-19 18:51:42,747 - optuna.study.study - INFO - Trial 50 finished with value: 0.0026864243403566775 and parameters: {'n_layers': 4, 'embedding_dim': 256, 'lr': 0.0052130744475389615, 'lambda_val': 0.0006144649309257637, 'batch_size': 1964, 'optimizer': 'Adam'}. Best is trial 31 with value: 0.020010531998768788.
2026-05-19 18:51:46,820 - experiment_functions - INFO - Early stopping at epoch 550. Best Recall: 0.0158
2026-05-19 18:51:46,964 - optuna.study.study - INFO - Trial 51 finished with value: 0.015818803599532198 and parameters: {'n_layers': 1, 'embedding_dim': 256, 'lr': 0.0027504719237213806, 'lambda_val': 0.0025568548229979956, 'batch_size': 1573, 'optimizer': 'Adam'}. Best is trial 31 with value: 0.020010531998768788.
2026-05-19 18:51:54,091 - experiment_functions - INFO - Early stopping at epoch 1050. Best Recall: 0.0160
2026-05-19 18:51:54,223 - optuna.study.study - INFO - Trial 52 finished with value: 0.015961182262448095 and parameters: {'n_layers': 1, 'embedding_dim': 256, 'lr': 0.0003271068126088417, 'lambda_val': 0.0007405536053089804, 'batch_size': 1346, 'optimizer': 'Adam'}. Best is trial 31 with value: 0.020010531998768788.
2026-05-19 18:51:58,617 - experiment_functions - INFO - Early stopping at epoch 550. Best Recall: 0.0194
2026-05-19 18:51:58,707 - optuna.study.study - INFO - Trial 53 finished with value: 0.01938974380700394 and parameters: {'n_layers': 1, 'embedding_dim': 256, 'lr': 0.0027573150869567515, 'lambda_val': 0.0010958358389299104, 'batch_size': 1309, 'optimizer': 'Adam'}. Best is trial 31 with value: 0.020010531998768788.
2026-05-19 18:52:02,587 - experiment_functions - INFO - Early stopping at epoch 550. Best Recall: 0.0176
2026-05-19 18:52:02,688 - optuna.study.study - INFO - Trial 54 finished with value: 0.017569485227484954 and parameters: {'n_layers': 1, 'embedding_dim': 256, 'lr': 0.004355774672174442, 'lambda_val': 0.004918410757067036, 'batch_size': 1078, 'optimizer': 'Adam'}. Best is trial 31 with value: 0.020010531998768788.
2026-05-19 18:52:09,025 - optuna.study._optimize - INFO - Trial 55 pruned. 
2026-05-19 18:52:13,282 - experiment_functions - INFO - Early stopping at epoch 550. Best Recall: 0.0138
2026-05-19 18:52:13,383 - optuna.study.study - INFO - Trial 56 finished with value: 0.013829695029418353 and parameters: {'n_layers': 1, 'embedding_dim': 256, 'lr': 0.007080752987666892, 'lambda_val': 0.00021137628767989398, 'batch_size': 1052, 'optimizer': 'Adam'}. Best is trial 31 with value: 0.020010531998768788.
2026-05-19 18:52:19,035 - experiment_functions - INFO - Early stopping at epoch 500. Best Recall: 0.0022
2026-05-19 18:52:19,135 - optuna.study.study - INFO - Trial 57 finished with value: 0.0022128092669528765 and parameters: {'n_layers': 1, 'embedding_dim': 96, 'lr': 0.0034628878956076913, 'lambda_val': 0.009615913123545863, 'batch_size': 1585, 'optimizer': 'SGD'}. Best is trial 31 with value: 0.020010531998768788.
2026-05-19 18:52:24,666 - experiment_functions - INFO - Early stopping at epoch 550. Best Recall: 0.0150
2026-05-19 18:52:24,770 - optuna.study.study - INFO - Trial 58 finished with value: 0.015015369955303113 and parameters: {'n_layers': 1, 'embedding_dim': 256, 'lr': 0.004643793556338499, 'lambda_val': 0.0024947111385828467, 'batch_size': 1743, 'optimizer': 'Adam'}. Best is trial 31 with value: 0.020010531998768788.
2026-05-19 18:52:28,765 - experiment_functions - INFO - Early stopping at epoch 550. Best Recall: 0.0095
2026-05-19 18:52:28,856 - optuna.study.study - INFO - Trial 59 finished with value: 0.009530615659305776 and parameters: {'n_layers': 2, 'embedding_dim': 32, 'lr': 0.0017526937782476484, 'lambda_val': 0.00012011353724727003, 'batch_size': 1114, 'optimizer': 'RMSprop'}. Best is trial 31 with value: 0.020010531998768788.
2026-05-19 18:52:33,191 - experiment_functions - INFO - Early stopping at epoch 650. Best Recall: 0.0038
2026-05-19 18:52:33,294 - optuna.study.study - INFO - Trial 60 finished with value: 0.003839446154532628 and parameters: {'n_layers': 1, 'embedding_dim': 256, 'lr': 0.0015419737231675786, 'lambda_val': 0.06149696869164474, 'batch_size': 1856, 'optimizer': 'Adam'}. Best is trial 31 with value: 0.020010531998768788.
2026-05-19 18:52:37,836 - experiment_functions - INFO - Early stopping at epoch 550. Best Recall: 0.0068
2026-05-19 18:52:37,928 - optuna.study.study - INFO - Trial 61 finished with value: 0.0067806385320766625 and parameters: {'n_layers': 1, 'embedding_dim': 256, 'lr': 0.010199585334774485, 'lambda_val': 0.00409106279995656, 'batch_size': 655, 'optimizer': 'Adam'}. Best is trial 31 with value: 0.020010531998768788.
2026-05-19 18:52:43,965 - experiment_functions - INFO - Early stopping at epoch 900. Best Recall: 0.0152
2026-05-19 18:52:44,067 - optuna.study.study - INFO - Trial 62 finished with value: 0.015210012617769861 and parameters: {'n_layers': 1, 'embedding_dim': 256, 'lr': 0.0004980653351868882, 'lambda_val': 0.0004833462183927458, 'batch_size': 858, 'optimizer': 'Adam'}. Best is trial 31 with value: 0.020010531998768788.
2026-05-19 18:52:48,988 - experiment_functions - INFO - Early stopping at epoch 550. Best Recall: 0.0105
2026-05-19 18:52:49,090 - optuna.study.study - INFO - Trial 63 finished with value: 0.0105340840609199 and parameters: {'n_layers': 1, 'embedding_dim': 256, 'lr': 0.004284054197000865, 'lambda_val': 0.005224444694028696, 'batch_size': 1253, 'optimizer': 'Adam'}. Best is trial 31 with value: 0.020010531998768788.
2026-05-19 18:52:53,410 - experiment_functions - INFO - Early stopping at epoch 550. Best Recall: 0.0177
2026-05-19 18:52:53,523 - optuna.study.study - INFO - Trial 64 finished with value: 0.017651672623088917 and parameters: {'n_layers': 1, 'embedding_dim': 256, 'lr': 0.0025568869920733006, 'lambda_val': 0.0018828229317543117, 'batch_size': 723, 'optimizer': 'Adam'}. Best is trial 31 with value: 0.020010531998768788.
2026-05-19 18:52:58,232 - experiment_functions - INFO - Early stopping at epoch 550. Best Recall: 0.0100
2026-05-19 18:52:58,324 - optuna.study.study - INFO - Trial 65 finished with value: 0.01000162757575272 and parameters: {'n_layers': 1, 'embedding_dim': 256, 'lr': 0.006376448367699022, 'lambda_val': 0.0010173829884975723, 'batch_size': 1307, 'optimizer': 'Adam'}. Best is trial 31 with value: 0.020010531998768788.
2026-05-19 18:53:02,500 - experiment_functions - INFO - Early stopping at epoch 600. Best Recall: 0.0217
2026-05-19 18:53:02,596 - optuna.study.study - INFO - Trial 66 finished with value: 0.021653919758284377 and parameters: {'n_layers': 1, 'embedding_dim': 128, 'lr': 0.0024704244639631254, 'lambda_val': 0.0016844310455029392, 'batch_size': 666, 'optimizer': 'Adam'}. Best is trial 66 with value: 0.021653919758284377.
2026-05-19 18:53:06,934 - experiment_functions - INFO - Early stopping at epoch 600. Best Recall: 0.0154
2026-05-19 18:53:07,071 - optuna.study.study - INFO - Trial 67 finished with value: 0.01537141181488504 and parameters: {'n_layers': 1, 'embedding_dim': 128, 'lr': 0.002085099745558857, 'lambda_val': 0.0017182585290773807, 'batch_size': 630, 'optimizer': 'Adam'}. Best is trial 66 with value: 0.021653919758284377.
2026-05-19 18:53:12,697 - experiment_functions - INFO - Early stopping at epoch 550. Best Recall: 0.0071
2026-05-19 18:53:12,787 - optuna.study.study - INFO - Trial 68 finished with value: 0.007068569674677503 and parameters: {'n_layers': 2, 'embedding_dim': 128, 'lr': 0.0013115161843261002, 'lambda_val': 0.002674705803425474, 'batch_size': 760, 'optimizer': 'RMSprop'}. Best is trial 66 with value: 0.021653919758284377.
2026-05-19 18:53:18,839 - experiment_functions - INFO - Early stopping at epoch 850. Best Recall: 0.0176
2026-05-19 18:53:18,942 - optuna.study.study - INFO - Trial 69 finished with value: 0.01759398645937563 and parameters: {'n_layers': 1, 'embedding_dim': 128, 'lr': 0.0007401128408342021, 'lambda_val': 0.0005041441183425924, 'batch_size': 520, 'optimizer': 'Adam'}. Best is trial 66 with value: 0.021653919758284377.
2026-05-19 18:53:28,082 - experiment_functions - INFO - Early stopping at epoch 1250. Best Recall: 0.0202
2026-05-19 18:53:28,175 - optuna.study.study - INFO - Trial 70 finished with value: 0.020164336916382395 and parameters: {'n_layers': 1, 'embedding_dim': 128, 'lr': 0.0005788665296310212, 'lambda_val': 1.6085820322158413e-06, 'batch_size': 517, 'optimizer': 'Adam'}. Best is trial 66 with value: 0.021653919758284377.
2026-05-19 18:53:33,547 - experiment_functions - INFO - Early stopping at epoch 800. Best Recall: 0.0218
2026-05-19 18:53:33,677 - optuna.study.study - INFO - Trial 71 finished with value: 0.02181861768286854 and parameters: {'n_layers': 1, 'embedding_dim': 128, 'lr': 0.0007429971454004787, 'lambda_val': 5.637556629649076e-06, 'batch_size': 538, 'optimizer': 'Adam'}. Best is trial 71 with value: 0.02181861768286854.
2026-05-19 18:53:41,985 - experiment_functions - INFO - Early stopping at epoch 1350. Best Recall: 0.0255
2026-05-19 18:53:42,146 - optuna.study.study - INFO - Trial 72 finished with value: 0.025524926419082328 and parameters: {'n_layers': 1, 'embedding_dim': 128, 'lr': 0.0005015986461078876, 'lambda_val': 1.3855552750488768e-06, 'batch_size': 587, 'optimizer': 'Adam'}. Best is trial 72 with value: 0.025524926419082328.
2026-05-19 18:53:56,285 - experiment_functions - INFO - Early stopping at epoch 1900. Best Recall: 0.0173
2026-05-19 18:53:56,396 - optuna.study.study - INFO - Trial 73 finished with value: 0.017258652015137925 and parameters: {'n_layers': 1, 'embedding_dim': 128, 'lr': 0.00029903552097594415, 'lambda_val': 2.561022615816048e-06, 'batch_size': 610, 'optimizer': 'Adam'}. Best is trial 72 with value: 0.025524926419082328.
2026-05-19 18:54:04,421 - experiment_functions - INFO - Early stopping at epoch 1200. Best Recall: 0.0213
2026-05-19 18:54:04,557 - optuna.study.study - INFO - Trial 74 finished with value: 0.021289211263808092 and parameters: {'n_layers': 1, 'embedding_dim': 128, 'lr': 0.0005219592816669374, 'lambda_val': 2.1742298508769505e-06, 'batch_size': 534, 'optimizer': 'Adam'}. Best is trial 72 with value: 0.025524926419082328.
2026-05-19 18:54:13,815 - experiment_functions - INFO - Early stopping at epoch 1450. Best Recall: 0.0181
2026-05-19 18:54:13,917 - optuna.study.study - INFO - Trial 75 finished with value: 0.018123583180948297 and parameters: {'n_layers': 1, 'embedding_dim': 128, 'lr': 0.0005494348819261087, 'lambda_val': 1.0959512388940262e-06, 'batch_size': 529, 'optimizer': 'Adam'}. Best is trial 72 with value: 0.025524926419082328.
2026-05-19 18:54:22,177 - experiment_functions - INFO - Early stopping at epoch 1200. Best Recall: 0.0195
2026-05-19 18:54:22,280 - optuna.study.study - INFO - Trial 76 finished with value: 0.01947287089599636 and parameters: {'n_layers': 1, 'embedding_dim': 128, 'lr': 0.0004077146720979991, 'lambda_val': 2.0755875593663303e-06, 'batch_size': 822, 'optimizer': 'Adam'}. Best is trial 72 with value: 0.025524926419082328.
2026-05-19 18:54:25,858 - experiment_functions - INFO - Early stopping at epoch 500. Best Recall: 0.0015
2026-05-19 18:54:25,949 - optuna.study.study - INFO - Trial 77 finished with value: 0.0014841485521964637 and parameters: {'n_layers': 1, 'embedding_dim': 128, 'lr': 0.00018636067852197702, 'lambda_val': 1.8691844931733447e-06, 'batch_size': 858, 'optimizer': 'SGD'}. Best is trial 72 with value: 0.025524926419082328.
2026-05-19 18:54:35,053 - experiment_functions - INFO - Early stopping at epoch 1250. Best Recall: 0.0210
2026-05-19 18:54:35,146 - optuna.study.study - INFO - Trial 78 finished with value: 0.021044664606111572 and parameters: {'n_layers': 1, 'embedding_dim': 128, 'lr': 0.00040125267181555935, 'lambda_val': 5.364128803403347e-06, 'batch_size': 640, 'optimizer': 'Adam'}. Best is trial 72 with value: 0.025524926419082328.
2026-05-19 18:54:41,984 - optuna.study._optimize - INFO - Trial 79 pruned. 
2026-05-19 18:54:46,577 - experiment_functions - INFO - Early stopping at epoch 600. Best Recall: 0.0122
2026-05-19 18:54:46,690 - optuna.study.study - INFO - Trial 80 finished with value: 0.012244308218224196 and parameters: {'n_layers': 1, 'embedding_dim': 128, 'lr': 0.0008694767154221017, 'lambda_val': 3.5546194146731563e-06, 'batch_size': 966, 'optimizer': 'RMSprop'}. Best is trial 72 with value: 0.025524926419082328.
2026-05-19 18:54:54,119 - experiment_functions - INFO - Early stopping at epoch 1150. Best Recall: 0.0201
2026-05-19 18:54:54,229 - optuna.study.study - INFO - Trial 81 finished with value: 0.02010019986912916 and parameters: {'n_layers': 1, 'embedding_dim': 128, 'lr': 0.0004160054272798838, 'lambda_val': 1.6767676792988474e-06, 'batch_size': 731, 'optimizer': 'Adam'}. Best is trial 72 with value: 0.025524926419082328.
2026-05-19 18:55:04,647 - experiment_functions - INFO - Early stopping at epoch 1550. Best Recall: 0.0245
2026-05-19 18:55:04,739 - optuna.study.study - INFO - Trial 82 finished with value: 0.024451216169806802 and parameters: {'n_layers': 1, 'embedding_dim': 128, 'lr': 0.00041546187167115604, 'lambda_val': 1.5665721550129904e-05, 'batch_size': 588, 'optimizer': 'Adam'}. Best is trial 72 with value: 0.025524926419082328.
2026-05-19 18:55:13,227 - optuna.study._optimize - INFO - Trial 83 pruned. 
2026-05-19 18:55:19,201 - optuna.study._optimize - INFO - Trial 84 pruned. 
2026-05-19 18:55:24,055 - experiment_functions - INFO - Early stopping at epoch 700. Best Recall: 0.0081
2026-05-19 18:55:24,179 - optuna.study.study - INFO - Trial 85 finished with value: 0.008144021462357433 and parameters: {'n_layers': 4, 'embedding_dim': 128, 'lr': 0.0006067731825476826, 'lambda_val': 1.4698543585660494e-06, 'batch_size': 517, 'optimizer': 'Adam'}. Best is trial 72 with value: 0.025524926419082328.
2026-05-19 18:55:37,295 - experiment_functions - INFO - Early stopping at epoch 2500. Best Recall: 0.0242
2026-05-19 18:55:37,395 - optuna.study.study - INFO - Trial 86 finished with value: 0.024243406525714113 and parameters: {'n_layers': 1, 'embedding_dim': 128, 'lr': 0.00027062530843884324, 'lambda_val': 3.149941057207761e-06, 'batch_size': 714, 'optimizer': 'Adam'}. Best is trial 72 with value: 0.025524926419082328.
2026-05-19 18:55:43,373 - optuna.study._optimize - INFO - Trial 87 pruned. 
2026-05-19 18:55:49,667 - optuna.study._optimize - INFO - Trial 88 pruned. 
2026-05-19 18:55:55,626 - optuna.study._optimize - INFO - Trial 89 pruned. 
2026-05-19 18:56:01,680 - optuna.study._optimize - INFO - Trial 90 pruned. 
2026-05-19 18:56:08,023 - experiment_functions - INFO - Early stopping at epoch 1050. Best Recall: 0.0219
2026-05-19 18:56:08,122 - optuna.study.study - INFO - Trial 91 finished with value: 0.02191598012329685 and parameters: {'n_layers': 1, 'embedding_dim': 128, 'lr': 0.0006496446235572846, 'lambda_val': 4.398725629162334e-06, 'batch_size': 582, 'optimizer': 'Adam'}. Best is trial 72 with value: 0.025524926419082328.
2026-05-19 18:56:14,288 - experiment_functions - INFO - Early stopping at epoch 1050. Best Recall: 0.0219
2026-05-19 18:56:14,391 - optuna.study.study - INFO - Trial 92 finished with value: 0.021851258382557918 and parameters: {'n_layers': 1, 'embedding_dim': 128, 'lr': 0.0006795782833959296, 'lambda_val': 4.360445107113883e-06, 'batch_size': 591, 'optimizer': 'Adam'}. Best is trial 72 with value: 0.025524926419082328.
2026-05-19 18:56:21,079 - experiment_functions - INFO - Early stopping at epoch 900. Best Recall: 0.0227
2026-05-19 18:56:21,169 - optuna.study.study - INFO - Trial 93 finished with value: 0.022705963690496826 and parameters: {'n_layers': 1, 'embedding_dim': 128, 'lr': 0.0006134478577133029, 'lambda_val': 1.004823780984463e-05, 'batch_size': 592, 'optimizer': 'Adam'}. Best is trial 72 with value: 0.025524926419082328.
2026-05-19 18:56:26,218 - experiment_functions - INFO - Early stopping at epoch 900. Best Recall: 0.0172
2026-05-19 18:56:26,310 - optuna.study.study - INFO - Trial 94 finished with value: 0.01717587211740391 and parameters: {'n_layers': 1, 'embedding_dim': 128, 'lr': 0.0007113734404395045, 'lambda_val': 1.050217142112015e-05, 'batch_size': 598, 'optimizer': 'Adam'}. Best is trial 72 with value: 0.025524926419082328.
2026-05-19 18:56:32,117 - optuna.study._optimize - INFO - Trial 95 pruned. 
2026-05-19 18:56:41,279 - optuna.study._optimize - INFO - Trial 96 pruned. 
2026-05-19 18:56:44,363 - experiment_functions - INFO - Early stopping at epoch 500. Best Recall: 0.0010
2026-05-19 18:56:44,454 - optuna.study.study - INFO - Trial 97 finished with value: 0.0009651214942183432 and parameters: {'n_layers': 1, 'embedding_dim': 128, 'lr': 0.0010071331561792164, 'lambda_val': 8.615041334651403e-06, 'batch_size': 586, 'optimizer': 'SGD'}. Best is trial 72 with value: 0.025524926419082328.
2026-05-19 18:56:52,775 - optuna.study._optimize - INFO - Trial 98 pruned. 
2026-05-19 18:56:58,651 - optuna.study._optimize - INFO - Trial 99 pruned. 
2026-05-19 18:57:02,817 - experiment_functions - INFO - Early stopping at epoch 650. Best Recall: 0.0185
2026-05-19 18:57:02,918 - optuna.study.study - INFO - Trial 100 finished with value: 0.018480025047865358 and parameters: {'n_layers': 1, 'embedding_dim': 128, 'lr': 0.001284624903247076, 'lambda_val': 3.8090979167598798e-06, 'batch_size': 689, 'optimizer': 'Adam'}. Best is trial 72 with value: 0.025524926419082328.
2026-05-19 18:57:09,667 - experiment_functions - INFO - Early stopping at epoch 950. Best Recall: 0.0195
2026-05-19 18:57:09,778 - optuna.study.study - INFO - Trial 101 finished with value: 0.019513619310610224 and parameters: {'n_layers': 1, 'embedding_dim': 128, 'lr': 0.000553824011660419, 'lambda_val': 1.3051212405522525e-06, 'batch_size': 530, 'optimizer': 'Adam'}. Best is trial 72 with value: 0.025524926419082328.
2026-05-19 18:57:15,637 - experiment_functions - INFO - Early stopping at epoch 1000. Best Recall: 0.0190
2026-05-19 18:57:15,738 - optuna.study.study - INFO - Trial 102 finished with value: 0.019038881853658436 and parameters: {'n_layers': 1, 'embedding_dim': 128, 'lr': 0.0006731319889857761, 'lambda_val': 1.0592338910617633e-06, 'batch_size': 583, 'optimizer': 'Adam'}. Best is trial 72 with value: 0.025524926419082328.
2026-05-19 18:57:21,278 - optuna.study._optimize - INFO - Trial 103 pruned. 
2026-05-19 18:57:26,714 - experiment_functions - INFO - Early stopping at epoch 850. Best Recall: 0.0204
2026-05-19 18:57:26,805 - optuna.study.study - INFO - Trial 104 finished with value: 0.020419421239063738 and parameters: {'n_layers': 1, 'embedding_dim': 128, 'lr': 0.000818871769020872, 'lambda_val': 4.885569564438266e-06, 'batch_size': 517, 'optimizer': 'Adam'}. Best is trial 72 with value: 0.025524926419082328.
2026-05-19 18:57:30,870 - experiment_functions - INFO - Early stopping at epoch 650. Best Recall: 0.0204
2026-05-19 18:57:30,968 - optuna.study.study - INFO - Trial 105 finished with value: 0.020427865517168825 and parameters: {'n_layers': 1, 'embedding_dim': 128, 'lr': 0.0009199003077175644, 'lambda_val': 4.685882022236281e-06, 'batch_size': 2472, 'optimizer': 'Adam'}. Best is trial 72 with value: 0.025524926419082328.
2026-05-19 18:57:38,831 - optuna.study._optimize - INFO - Trial 106 pruned. 
2026-05-19 18:57:43,148 - experiment_functions - INFO - Early stopping at epoch 650. Best Recall: 0.0138
2026-05-19 18:57:43,246 - optuna.study.study - INFO - Trial 107 finished with value: 0.013754697205609633 and parameters: {'n_layers': 1, 'embedding_dim': 96, 'lr': 0.0012379473329145428, 'lambda_val': 4.142139702063762e-05, 'batch_size': 3415, 'optimizer': 'Adam'}. Best is trial 72 with value: 0.025524926419082328.
2026-05-19 18:57:49,234 - optuna.study._optimize - INFO - Trial 108 pruned. 
2026-05-19 18:57:53,348 - experiment_functions - INFO - Early stopping at epoch 650. Best Recall: 0.0127
2026-05-19 18:57:53,440 - optuna.study.study - INFO - Trial 109 finished with value: 0.012741721698093079 and parameters: {'n_layers': 1, 'embedding_dim': 128, 'lr': 0.0009162641159152696, 'lambda_val': 2.2647454686255096e-06, 'batch_size': 2697, 'optimizer': 'Adam'}. Best is trial 72 with value: 0.025524926419082328.
2026-05-19 18:58:06,848 - experiment_functions - INFO - Early stopping at epoch 700. Best Recall: 0.0094
2026-05-19 18:58:06,984 - optuna.study.study - INFO - Trial 110 finished with value: 0.009441812444557088 and parameters: {'n_layers': 1, 'embedding_dim': 128, 'lr': 0.0006920436983588165, 'lambda_val': 2.239042501961242e-05, 'batch_size': 2885, 'optimizer': 'Adam'}. Best is trial 72 with value: 0.025524926419082328.
2026-05-19 18:58:11,224 - experiment_functions - INFO - Early stopping at epoch 700. Best Recall: 0.0173
2026-05-19 18:58:11,315 - optuna.study.study - INFO - Trial 111 finished with value: 0.017289500943964992 and parameters: {'n_layers': 1, 'embedding_dim': 128, 'lr': 0.0007529187271750789, 'lambda_val': 4.531697274891893e-06, 'batch_size': 2355, 'optimizer': 'Adam'}. Best is trial 72 with value: 0.025524926419082328.
2026-05-19 18:58:15,965 - experiment_functions - INFO - Early stopping at epoch 800. Best Recall: 0.0139
2026-05-19 18:58:16,067 - optuna.study.study - INFO - Trial 112 finished with value: 0.013893518054521032 and parameters: {'n_layers': 1, 'embedding_dim': 128, 'lr': 0.0004843827778030958, 'lambda_val': 4.862681217835694e-06, 'batch_size': 2227, 'optimizer': 'Adam'}. Best is trial 72 with value: 0.025524926419082328.
2026-05-19 18:58:22,062 - optuna.study._optimize - INFO - Trial 113 pruned. 
2026-05-19 18:58:26,608 - experiment_functions - INFO - Early stopping at epoch 750. Best Recall: 0.0185
2026-05-19 18:58:26,699 - optuna.study.study - INFO - Trial 114 finished with value: 0.01851645001529453 and parameters: {'n_layers': 1, 'embedding_dim': 128, 'lr': 0.0008033849529807046, 'lambda_val': 9.062372636324352e-06, 'batch_size': 835, 'optimizer': 'Adam'}. Best is trial 72 with value: 0.025524926419082328.
2026-05-19 18:58:32,783 - experiment_functions - INFO - Early stopping at epoch 950. Best Recall: 0.0068
2026-05-19 18:58:32,880 - optuna.study.study - INFO - Trial 115 finished with value: 0.0067976521355408055 and parameters: {'n_layers': 3, 'embedding_dim': 128, 'lr': 0.0003355997438948668, 'lambda_val': 6.039572724533137e-06, 'batch_size': 2463, 'optimizer': 'Adam'}. Best is trial 72 with value: 0.025524926419082328.
2026-05-19 18:58:37,939 - experiment_functions - INFO - Early stopping at epoch 750. Best Recall: 0.0161
2026-05-19 18:58:38,040 - optuna.study.study - INFO - Trial 116 finished with value: 0.01612105555675046 and parameters: {'n_layers': 1, 'embedding_dim': 128, 'lr': 0.0010667083907668806, 'lambda_val': 1.4224148069805999e-05, 'batch_size': 576, 'optimizer': 'Adam'}. Best is trial 72 with value: 0.025524926419082328.
2026-05-19 18:58:41,421 - experiment_functions - INFO - Early stopping at epoch 500. Best Recall: 0.0025
2026-05-19 18:58:41,503 - optuna.study.study - INFO - Trial 117 finished with value: 0.0024674445248219945 and parameters: {'n_layers': 1, 'embedding_dim': 64, 'lr': 0.0017182093632616532, 'lambda_val': 2.7576068245436455e-06, 'batch_size': 658, 'optimizer': 'SGD'}. Best is trial 72 with value: 0.025524926419082328.
2026-05-19 18:58:47,351 - optuna.study._optimize - INFO - Trial 118 pruned. 
2026-05-19 18:58:53,758 - experiment_functions - INFO - Early stopping at epoch 800. Best Recall: 0.0147
2026-05-19 18:58:53,860 - optuna.study.study - INFO - Trial 119 finished with value: 0.014739462917311692 and parameters: {'n_layers': 1, 'embedding_dim': 128, 'lr': 0.0008899862414338895, 'lambda_val': 3.9013109599251445e-06, 'batch_size': 923, 'optimizer': 'Adam'}. Best is trial 72 with value: 0.025524926419082328.
2026-05-19 18:58:58,709 - experiment_functions - INFO - Early stopping at epoch 750. Best Recall: 0.0145
2026-05-19 18:58:58,809 - optuna.study.study - INFO - Trial 120 finished with value: 0.01453957302069742 and parameters: {'n_layers': 2, 'embedding_dim': 128, 'lr': 0.0004623727126819346, 'lambda_val': 5.32497930946406e-06, 'batch_size': 512, 'optimizer': 'Adam'}. Best is trial 72 with value: 0.025524926419082328.
2026-05-19 18:59:04,271 - experiment_functions - INFO - Early stopping at epoch 900. Best Recall: 0.0196
2026-05-19 18:59:04,370 - optuna.study.study - INFO - Trial 121 finished with value: 0.019585494284073288 and parameters: {'n_layers': 1, 'embedding_dim': 128, 'lr': 0.0006129292755275011, 'lambda_val': 1.8449014472788267e-06, 'batch_size': 576, 'optimizer': 'Adam'}. Best is trial 72 with value: 0.025524926419082328.
2026-05-19 18:59:10,338 - experiment_functions - INFO - Early stopping at epoch 900. Best Recall: 0.0175
2026-05-19 18:59:10,492 - optuna.study.study - INFO - Trial 122 finished with value: 0.017475841065442282 and parameters: {'n_layers': 1, 'embedding_dim': 128, 'lr': 0.0005346642827744184, 'lambda_val': 1.3292613395067798e-06, 'batch_size': 651, 'optimizer': 'Adam'}. Best is trial 72 with value: 0.025524926419082328.
2026-05-19 18:59:20,585 - experiment_functions - INFO - Early stopping at epoch 1350. Best Recall: 0.0202
2026-05-19 18:59:20,674 - optuna.study.study - INFO - Trial 123 finished with value: 0.020249248658215434 and parameters: {'n_layers': 1, 'embedding_dim': 128, 'lr': 0.00039024969419366074, 'lambda_val': 2.1841627349156925e-06, 'batch_size': 736, 'optimizer': 'Adam'}. Best is trial 72 with value: 0.025524926419082328.
2026-05-19 18:59:26,582 - optuna.study._optimize - INFO - Trial 124 pruned. 
2026-05-19 18:59:32,964 - optuna.study._optimize - INFO - Trial 125 pruned. 
2026-05-19 18:59:39,327 - optuna.study._optimize - INFO - Trial 126 pruned. 
2026-05-19 18:59:55,712 - experiment_functions - INFO - Early stopping at epoch 1250. Best Recall: 0.0256
2026-05-19 18:59:55,810 - optuna.study.study - INFO - Trial 127 finished with value: 0.02561284164136419 and parameters: {'n_layers': 1, 'embedding_dim': 96, 'lr': 0.0004020817221826375, 'lambda_val': 5.283944168220395e-06, 'batch_size': 618, 'optimizer': 'RMSprop'}. Best is trial 127 with value: 0.02561284164136419.
2026-05-19 18:59:59,257 - experiment_functions - INFO - Early stopping at epoch 550. Best Recall: 0.0157
2026-05-19 18:59:59,348 - optuna.study.study - INFO - Trial 128 finished with value: 0.01571934923606726 and parameters: {'n_layers': 1, 'embedding_dim': 96, 'lr': 0.0013978845092151673, 'lambda_val': 5.291112191364895e-06, 'batch_size': 633, 'optimizer': 'RMSprop'}. Best is trial 127 with value: 0.02561284164136419.
2026-05-19 19:00:03,813 - experiment_functions - INFO - Early stopping at epoch 700. Best Recall: 0.0196
2026-05-19 19:00:03,914 - optuna.study.study - INFO - Trial 129 finished with value: 0.01955318935192807 and parameters: {'n_layers': 1, 'embedding_dim': 96, 'lr': 0.0010475529993360653, 'lambda_val': 7.396804185926031e-06, 'batch_size': 592, 'optimizer': 'RMSprop'}. Best is trial 127 with value: 0.02561284164136419.
2026-05-19 19:00:18,526 - experiment_functions - INFO - Early stopping at epoch 1300. Best Recall: 0.0202
2026-05-19 19:00:18,672 - optuna.study.study - INFO - Trial 130 finished with value: 0.0202168547108569 and parameters: {'n_layers': 1, 'embedding_dim': 96, 'lr': 0.0004690960434270837, 'lambda_val': 2.9763899118520355e-06, 'batch_size': 1003, 'optimizer': 'RMSprop'}. Best is trial 127 with value: 0.02561284164136419.
2026-05-19 19:00:24,959 - optuna.study._optimize - INFO - Trial 131 pruned. 
2026-05-19 19:00:35,766 - optuna.study._optimize - INFO - Trial 132 pruned. 
2026-05-19 19:00:40,270 - experiment_functions - INFO - Early stopping at epoch 700. Best Recall: 0.0139
2026-05-19 19:00:40,372 - optuna.study.study - INFO - Trial 133 finished with value: 0.013930973683142257 and parameters: {'n_layers': 1, 'embedding_dim': 128, 'lr': 0.000840788935093995, 'lambda_val': 1.0760958175478138e-05, 'batch_size': 785, 'optimizer': 'Adam'}. Best is trial 127 with value: 0.02561284164136419.
2026-05-19 19:00:46,905 - experiment_functions - INFO - Early stopping at epoch 1100. Best Recall: 0.0195
2026-05-19 19:00:47,005 - optuna.study.study - INFO - Trial 134 finished with value: 0.01945808833787329 and parameters: {'n_layers': 1, 'embedding_dim': 128, 'lr': 0.0006337389375918809, 'lambda_val': 3.2105935521727517e-06, 'batch_size': 517, 'optimizer': 'Adam'}. Best is trial 127 with value: 0.02561284164136419.
2026-05-19 19:00:57,992 - experiment_functions - INFO - Early stopping at epoch 1000. Best Recall: 0.0187
2026-05-19 19:00:58,101 - optuna.study.study - INFO - Trial 135 finished with value: 0.01870309944590222 and parameters: {'n_layers': 1, 'embedding_dim': 128, 'lr': 0.00040832898135399276, 'lambda_val': 5.687496109449443e-06, 'batch_size': 690, 'optimizer': 'Adam'}. Best is trial 127 with value: 0.02561284164136419.
2026-05-19 19:01:14,694 - experiment_functions - INFO - Early stopping at epoch 3250. Best Recall: 0.0266
2026-05-19 19:01:14,800 - optuna.study.study - INFO - Trial 136 finished with value: 0.02656615530762403 and parameters: {'n_layers': 1, 'embedding_dim': 128, 'lr': 0.000266558395618606, 'lambda_val': 1.529584048733541e-05, 'batch_size': 616, 'optimizer': 'Adam'}. Best is trial 136 with value: 0.02656615530762403.
2026-05-19 19:01:23,257 - optuna.study._optimize - INFO - Trial 137 pruned. 
2026-05-19 19:01:30,020 - experiment_functions - INFO - Early stopping at epoch 900. Best Recall: 0.0158
2026-05-19 19:01:30,111 - optuna.study.study - INFO - Trial 138 finished with value: 0.015823599118617235 and parameters: {'n_layers': 1, 'embedding_dim': 64, 'lr': 0.0007262373485976372, 'lambda_val': 1.8819411765441524e-05, 'batch_size': 867, 'optimizer': 'Adam'}. Best is trial 136 with value: 0.02656615530762403.
2026-05-19 19:01:33,721 - experiment_functions - INFO - Early stopping at epoch 500. Best Recall: 0.0022
2026-05-19 19:01:33,824 - optuna.study.study - INFO - Trial 139 finished with value: 0.002220664861577364 and parameters: {'n_layers': 1, 'embedding_dim': 128, 'lr': 0.00020971753951992393, 'lambda_val': 3.990727106499648e-05, 'batch_size': 629, 'optimizer': 'SGD'}. Best is trial 136 with value: 0.02656615530762403.
2026-05-19 19:01:41,153 - optuna.study._optimize - INFO - Trial 140 pruned. 
2026-05-19 19:01:46,968 - optuna.study._optimize - INFO - Trial 141 pruned. 
2026-05-19 19:01:53,082 - experiment_functions - INFO - Early stopping at epoch 1100. Best Recall: 0.0189
2026-05-19 19:01:53,184 - optuna.study.study - INFO - Trial 142 finished with value: 0.018904128846432756 and parameters: {'n_layers': 1, 'embedding_dim': 128, 'lr': 0.0004927733158017202, 'lambda_val': 2.1261576236453864e-06, 'batch_size': 688, 'optimizer': 'Adam'}. Best is trial 136 with value: 0.02656615530762403.
2026-05-19 19:01:59,232 - experiment_functions - INFO - Early stopping at epoch 900. Best Recall: 0.0121
2026-05-19 19:01:59,336 - optuna.study.study - INFO - Trial 143 finished with value: 0.012071843007638026 and parameters: {'n_layers': 1, 'embedding_dim': 128, 'lr': 0.0003582036130227643, 'lambda_val': 2.6943608059132853e-05, 'batch_size': 2685, 'optimizer': 'Adam'}. Best is trial 136 with value: 0.02656615530762403.
2026-05-19 19:02:03,967 - experiment_functions - INFO - Early stopping at epoch 750. Best Recall: 0.0118
2026-05-19 19:02:04,058 - optuna.study.study - INFO - Trial 144 finished with value: 0.011849604182991877 and parameters: {'n_layers': 1, 'embedding_dim': 128, 'lr': 0.0005362396836536814, 'lambda_val': 4.403948348809293e-06, 'batch_size': 4027, 'optimizer': 'Adam'}. Best is trial 136 with value: 0.02656615530762403.
2026-05-19 19:02:09,774 - optuna.study._optimize - INFO - Trial 145 pruned. 
2026-05-19 19:02:15,367 - experiment_functions - INFO - Early stopping at epoch 900. Best Recall: 0.0162
2026-05-19 19:02:15,447 - optuna.study.study - INFO - Trial 146 finished with value: 0.016215646224638995 and parameters: {'n_layers': 1, 'embedding_dim': 128, 'lr': 0.0009240440159990352, 'lambda_val': 1.2786834426424108e-05, 'batch_size': 584, 'optimizer': 'Adam'}. Best is trial 136 with value: 0.02656615530762403.
2026-05-19 19:02:28,786 - experiment_functions - INFO - Early stopping at epoch 2500. Best Recall: 0.0266
2026-05-19 19:02:28,891 - optuna.study.study - INFO - Trial 147 finished with value: 0.02664397369077561 and parameters: {'n_layers': 1, 'embedding_dim': 128, 'lr': 0.00024447951196050294, 'lambda_val': 6.970097438675017e-05, 'batch_size': 661, 'optimizer': 'RMSprop'}. Best is trial 147 with value: 0.02664397369077561.
2026-05-19 19:02:42,506 - experiment_functions - INFO - Early stopping at epoch 2300. Best Recall: 0.0262
2026-05-19 19:02:42,639 - optuna.study.study - INFO - Trial 148 finished with value: 0.026152635039641058 and parameters: {'n_layers': 1, 'embedding_dim': 128, 'lr': 0.00023182569328891178, 'lambda_val': 9.204913651714957e-05, 'batch_size': 512, 'optimizer': 'RMSprop'}. Best is trial 147 with value: 0.02664397369077561.
2026-05-19 19:02:48,667 - optuna.study._optimize - INFO - Trial 149 pruned. 
2026-05-19 19:02:54,812 - optuna.study._optimize - INFO - Trial 150 pruned. 
2026-05-19 19:03:04,364 - optuna.study._optimize - INFO - Trial 151 pruned. 
2026-05-19 19:03:09,194 - experiment_functions - INFO - Early stopping at epoch 750. Best Recall: 0.0221
2026-05-19 19:03:09,274 - optuna.study.study - INFO - Trial 152 finished with value: 0.022116001143264417 and parameters: {'n_layers': 1, 'embedding_dim': 128, 'lr': 0.0007066629310250237, 'lambda_val': 6.270359131006875e-05, 'batch_size': 530, 'optimizer': 'RMSprop'}. Best is trial 147 with value: 0.02664397369077561.
2026-05-19 19:03:14,574 - optuna.study._optimize - INFO - Trial 153 pruned. 
2026-05-19 19:03:19,281 - experiment_functions - INFO - Early stopping at epoch 800. Best Recall: 0.0172
2026-05-19 19:03:19,371 - optuna.study.study - INFO - Trial 154 finished with value: 0.017208244938219704 and parameters: {'n_layers': 1, 'embedding_dim': 128, 'lr': 0.000659251182437469, 'lambda_val': 0.00016561367377342602, 'batch_size': 567, 'optimizer': 'RMSprop'}. Best is trial 147 with value: 0.02664397369077561.
2026-05-19 19:03:27,813 - optuna.study._optimize - INFO - Trial 155 pruned. 
2026-05-19 19:03:48,636 - optuna.study._optimize - INFO - Trial 156 pruned. 
2026-05-19 19:03:52,979 - experiment_functions - INFO - Early stopping at epoch 700. Best Recall: 0.0138
2026-05-19 19:03:53,058 - optuna.study.study - INFO - Trial 157 finished with value: 0.013844885710090848 and parameters: {'n_layers': 1, 'embedding_dim': 128, 'lr': 0.0005352228967424239, 'lambda_val': 6.923390110586127e-05, 'batch_size': 2443, 'optimizer': 'RMSprop'}. Best is trial 147 with value: 0.02664397369077561.
2026-05-19 19:03:57,113 - experiment_functions - INFO - Early stopping at epoch 650. Best Recall: 0.0183
2026-05-19 19:03:57,261 - optuna.study.study - INFO - Trial 158 finished with value: 0.01830839429074235 and parameters: {'n_layers': 1, 'embedding_dim': 128, 'lr': 0.0011094737510671405, 'lambda_val': 5.193894522270862e-05, 'batch_size': 616, 'optimizer': 'RMSprop'}. Best is trial 147 with value: 0.02664397369077561.
2026-05-19 19:04:03,234 - optuna.study._optimize - INFO - Trial 159 pruned. 
2026-05-19 19:04:09,892 - optuna.study._optimize - INFO - Trial 160 pruned. 
2026-05-19 19:04:14,155 - experiment_functions - INFO - Early stopping at epoch 700. Best Recall: 0.0169
2026-05-19 19:04:14,254 - optuna.study.study - INFO - Trial 161 finished with value: 0.016917247879941102 and parameters: {'n_layers': 1, 'embedding_dim': 128, 'lr': 0.0007895131094394507, 'lambda_val': 3.7391564997930282e-06, 'batch_size': 571, 'optimizer': 'RMSprop'}. Best is trial 147 with value: 0.02664397369077561.
2026-05-19 19:04:19,001 - experiment_functions - INFO - Early stopping at epoch 700. Best Recall: 0.0201
2026-05-19 19:04:19,100 - optuna.study.study - INFO - Trial 162 finished with value: 0.02013101084722858 and parameters: {'n_layers': 1, 'embedding_dim': 128, 'lr': 0.0006444455903925413, 'lambda_val': 8.045568027130305e-06, 'batch_size': 606, 'optimizer': 'RMSprop'}. Best is trial 147 with value: 0.02664397369077561.
2026-05-19 19:04:23,442 - experiment_functions - INFO - Early stopping at epoch 700. Best Recall: 0.0149
2026-05-19 19:04:23,543 - optuna.study.study - INFO - Trial 163 finished with value: 0.014924216807709802 and parameters: {'n_layers': 1, 'embedding_dim': 128, 'lr': 0.0007946871561995113, 'lambda_val': 3.910352996467368e-05, 'batch_size': 535, 'optimizer': 'RMSprop'}. Best is trial 147 with value: 0.02664397369077561.
2026-05-19 19:04:27,882 - experiment_functions - INFO - Early stopping at epoch 650. Best Recall: 0.0171
2026-05-19 19:04:27,982 - optuna.study.study - INFO - Trial 164 finished with value: 0.017089715419135943 and parameters: {'n_layers': 1, 'embedding_dim': 128, 'lr': 0.0012321918329293192, 'lambda_val': 2.3101178811200277e-05, 'batch_size': 766, 'optimizer': 'Adam'}. Best is trial 147 with value: 0.02664397369077561.
2026-05-19 19:04:33,974 - experiment_functions - INFO - Early stopping at epoch 750. Best Recall: 0.0081
2026-05-19 19:04:34,064 - optuna.study.study - INFO - Trial 165 finished with value: 0.008133185079614514 and parameters: {'n_layers': 4, 'embedding_dim': 96, 'lr': 0.0005569075106358474, 'lambda_val': 4.7273991013679976e-06, 'batch_size': 513, 'optimizer': 'Adam'}. Best is trial 147 with value: 0.02664397369077561.
2026-05-19 19:04:42,025 - experiment_functions - INFO - Early stopping at epoch 1500. Best Recall: 0.0261
2026-05-19 19:04:42,147 - optuna.study.study - INFO - Trial 166 finished with value: 0.026057981099711195 and parameters: {'n_layers': 1, 'embedding_dim': 128, 'lr': 0.00034942425425655795, 'lambda_val': 5.332615072248829e-06, 'batch_size': 658, 'optimizer': 'Adam'}. Best is trial 147 with value: 0.02664397369077561.
2026-05-19 19:04:47,776 - optuna.study._optimize - INFO - Trial 167 pruned. 
2026-05-19 19:04:53,705 - optuna.study._optimize - INFO - Trial 168 pruned. 
2026-05-19 19:04:58,994 - optuna.study._optimize - INFO - Trial 169 pruned. 
2026-05-19 19:05:01,800 - experiment_functions - INFO - Early stopping at epoch 500. Best Recall: 0.0018
2026-05-19 19:05:01,890 - optuna.study.study - INFO - Trial 170 finished with value: 0.0017915143579603876 and parameters: {'n_layers': 1, 'embedding_dim': 128, 'lr': 0.07541231138651659, 'lambda_val': 1.0468093538696654e-05, 'batch_size': 928, 'optimizer': 'SGD'}. Best is trial 147 with value: 0.02664397369077561.
2026-05-19 19:05:06,931 - experiment_functions - INFO - Early stopping at epoch 750. Best Recall: 0.0110
2026-05-19 19:05:07,033 - optuna.study.study - INFO - Trial 171 finished with value: 0.010952886403117026 and parameters: {'n_layers': 3, 'embedding_dim': 128, 'lr': 0.00044579659917991194, 'lambda_val': 2.959383729100591e-06, 'batch_size': 609, 'optimizer': 'Adam'}. Best is trial 147 with value: 0.02664397369077561.
2026-05-19 19:05:11,202 - experiment_functions - INFO - Early stopping at epoch 750. Best Recall: 0.0214
2026-05-19 19:05:11,292 - optuna.study.study - INFO - Trial 172 finished with value: 0.021432907016473775 and parameters: {'n_layers': 1, 'embedding_dim': 128, 'lr': 0.0009759472941009124, 'lambda_val': 5.853987390833341e-06, 'batch_size': 518, 'optimizer': 'Adam'}. Best is trial 147 with value: 0.02664397369077561.
2026-05-19 19:05:18,641 - experiment_functions - INFO - Early stopping at epoch 850. Best Recall: 0.0197
2026-05-19 19:05:18,731 - optuna.study.study - INFO - Trial 173 finished with value: 0.019680571911921546 and parameters: {'n_layers': 1, 'embedding_dim': 128, 'lr': 0.0006398564934964034, 'lambda_val': 6.663862548244504e-06, 'batch_size': 681, 'optimizer': 'Adam'}. Best is trial 147 with value: 0.02664397369077561.
2026-05-19 19:05:25,568 - optuna.study._optimize - INFO - Trial 174 pruned. 
2026-05-19 19:05:30,136 - experiment_functions - INFO - Early stopping at epoch 800. Best Recall: 0.0198
2026-05-19 19:05:30,230 - optuna.study.study - INFO - Trial 175 finished with value: 0.0197699673994017 and parameters: {'n_layers': 1, 'embedding_dim': 128, 'lr': 0.0009970221671527267, 'lambda_val': 3.941546002432868e-06, 'batch_size': 585, 'optimizer': 'Adam'}. Best is trial 147 with value: 0.02664397369077561.
2026-05-19 19:05:36,106 - optuna.study._optimize - INFO - Trial 176 pruned. 
2026-05-19 19:05:41,554 - experiment_functions - INFO - Early stopping at epoch 950. Best Recall: 0.0106
2026-05-19 19:05:41,636 - optuna.study.study - INFO - Trial 177 finished with value: 0.010621700372949398 and parameters: {'n_layers': 1, 'embedding_dim': 128, 'lr': 0.0005003895093699935, 'lambda_val': 9.013569076452928e-06, 'batch_size': 2148, 'optimizer': 'Adam'}. Best is trial 147 with value: 0.02664397369077561.
2026-05-19 19:05:46,370 - experiment_functions - INFO - Early stopping at epoch 800. Best Recall: 0.0185
2026-05-19 19:05:46,471 - optuna.study.study - INFO - Trial 178 finished with value: 0.0185343863657843 and parameters: {'n_layers': 1, 'embedding_dim': 128, 'lr': 0.0007284708759361779, 'lambda_val': 1.2190467968330028e-05, 'batch_size': 517, 'optimizer': 'Adam'}. Best is trial 147 with value: 0.02664397369077561.
2026-05-19 19:05:52,482 - optuna.study._optimize - INFO - Trial 179 pruned. 
2026-05-19 19:05:58,608 - experiment_functions - INFO - Early stopping at epoch 1150. Best Recall: 0.0256
2026-05-19 19:05:58,743 - optuna.study.study - INFO - Trial 180 finished with value: 0.02555563075079743 and parameters: {'n_layers': 1, 'embedding_dim': 128, 'lr': 0.0004012217858452036, 'lambda_val': 6.282857936212414e-06, 'batch_size': 645, 'optimizer': 'Adam'}. Best is trial 147 with value: 0.02664397369077561.
2026-05-19 19:06:04,308 - optuna.study._optimize - INFO - Trial 181 pruned. 
2026-05-19 19:06:10,076 - experiment_functions - INFO - Early stopping at epoch 900. Best Recall: 0.0189
2026-05-19 19:06:10,169 - optuna.study.study - INFO - Trial 182 finished with value: 0.01888039109636945 and parameters: {'n_layers': 1, 'embedding_dim': 128, 'lr': 0.0005961525473341126, 'lambda_val': 6.374856638654649e-06, 'batch_size': 690, 'optimizer': 'Adam'}. Best is trial 147 with value: 0.02664397369077561.
2026-05-19 19:06:17,403 - experiment_functions - INFO - Early stopping at epoch 950. Best Recall: 0.0201
2026-05-19 19:06:17,489 - optuna.study.study - INFO - Trial 183 finished with value: 0.02006226358973484 and parameters: {'n_layers': 1, 'embedding_dim': 128, 'lr': 0.00046704230278771757, 'lambda_val': 3.500463847359839e-06, 'batch_size': 614, 'optimizer': 'Adam'}. Best is trial 147 with value: 0.02664397369077561.
2026-05-19 19:06:25,565 - optuna.study._optimize - INFO - Trial 184 pruned. 
2026-05-19 19:06:33,261 - optuna.study._optimize - INFO - Trial 185 pruned. 
2026-05-19 19:06:38,120 - experiment_functions - INFO - Early stopping at epoch 750. Best Recall: 0.0173
2026-05-19 19:06:38,221 - optuna.study.study - INFO - Trial 186 finished with value: 0.017328469861716243 and parameters: {'n_layers': 1, 'embedding_dim': 128, 'lr': 0.0009083341836243972, 'lambda_val': 8.465502117630734e-06, 'batch_size': 649, 'optimizer': 'Adam'}. Best is trial 147 with value: 0.02664397369077561.
2026-05-19 19:06:44,605 - experiment_functions - INFO - Early stopping at epoch 1100. Best Recall: 0.0233
2026-05-19 19:06:44,753 - optuna.study.study - INFO - Trial 187 finished with value: 0.023293220102886043 and parameters: {'n_layers': 1, 'embedding_dim': 128, 'lr': 0.00040665448657892136, 'lambda_val': 4.221468882276535e-06, 'batch_size': 592, 'optimizer': 'RMSprop'}. Best is trial 147 with value: 0.02664397369077561.
2026-05-19 19:06:51,507 - experiment_functions - INFO - Early stopping at epoch 1200. Best Recall: 0.0221
2026-05-19 19:06:51,597 - optuna.study.study - INFO - Trial 188 finished with value: 0.022096250483633246 and parameters: {'n_layers': 1, 'embedding_dim': 128, 'lr': 0.0004336972700329272, 'lambda_val': 3.8769236517873125e-06, 'batch_size': 578, 'optimizer': 'RMSprop'}. Best is trial 147 with value: 0.02664397369077561.
2026-05-19 19:06:56,153 - experiment_functions - INFO - Early stopping at epoch 800. Best Recall: 0.0231
2026-05-19 19:06:56,247 - optuna.study.study - INFO - Trial 189 finished with value: 0.023091845594045306 and parameters: {'n_layers': 1, 'embedding_dim': 128, 'lr': 0.0005268186705112244, 'lambda_val': 2.9631127691884522e-06, 'batch_size': 577, 'optimizer': 'RMSprop'}. Best is trial 147 with value: 0.02664397369077561.
2026-05-19 19:07:02,538 - optuna.study._optimize - INFO - Trial 190 pruned. 
2026-05-19 19:07:07,916 - experiment_functions - INFO - Early stopping at epoch 900. Best Recall: 0.0174
2026-05-19 19:07:08,017 - optuna.study.study - INFO - Trial 191 finished with value: 0.0174341772458536 and parameters: {'n_layers': 1, 'embedding_dim': 128, 'lr': 0.0005565193846483853, 'lambda_val': 3.7487337159034185e-06, 'batch_size': 571, 'optimizer': 'RMSprop'}. Best is trial 147 with value: 0.02664397369077561.
2026-05-19 19:07:17,081 - optuna.study._optimize - INFO - Trial 192 pruned. 
2026-05-19 19:07:26,664 - optuna.study._optimize - INFO - Trial 193 pruned. 
2026-05-19 19:07:33,276 - optuna.study._optimize - INFO - Trial 194 pruned. 
2026-05-19 19:07:37,459 - experiment_functions - INFO - Early stopping at epoch 650. Best Recall: 0.0164
2026-05-19 19:07:37,549 - optuna.study.study - INFO - Trial 195 finished with value: 0.016395452265247298 and parameters: {'n_layers': 1, 'embedding_dim': 128, 'lr': 0.0006735462442906383, 'lambda_val': 1.9587954837455093e-06, 'batch_size': 689, 'optimizer': 'RMSprop'}. Best is trial 147 with value: 0.02664397369077561.
2026-05-19 19:07:47,071 - optuna.study._optimize - INFO - Trial 196 pruned. 
2026-05-19 19:07:53,281 - optuna.study._optimize - INFO - Trial 197 pruned. 
2026-05-19 19:08:00,652 - experiment_functions - INFO - Early stopping at epoch 900. Best Recall: 0.0156
2026-05-19 19:08:00,822 - optuna.study.study - INFO - Trial 198 finished with value: 0.015559880923435299 and parameters: {'n_layers': 1, 'embedding_dim': 128, 'lr': 0.0004771344151160713, 'lambda_val': 6.573146012601173e-06, 'batch_size': 719, 'optimizer': 'RMSprop'}. Best is trial 147 with value: 0.02664397369077561.
2026-05-19 19:08:08,849 - optuna.study._optimize - INFO - Trial 199 pruned. 
2026-05-19 19:08:14,252 - experiment_functions - INFO - Early stopping at epoch 950. Best Recall: 0.0020
2026-05-19 19:08:14,818 - optuna.study.study - INFO - Trial 200 finished with value: 0.001968297201304214 and parameters: {'n_layers': 1, 'embedding_dim': 128, 'lr': 1.023552193789572e-05, 'lambda_val': 4.2993900683640825e-06, 'batch_size': 516, 'optimizer': 'RMSprop'}. Best is trial 147 with value: 0.02664397369077561.
2026-05-19 19:08:22,788 - experiment_functions - INFO - Early stopping at epoch 1150. Best Recall: 0.0200
2026-05-19 19:08:22,890 - optuna.study.study - INFO - Trial 201 finished with value: 0.019967562760556636 and parameters: {'n_layers': 1, 'embedding_dim': 128, 'lr': 0.0004399194814902064, 'lambda_val': 5.5399620498458354e-06, 'batch_size': 626, 'optimizer': 'RMSprop'}. Best is trial 147 with value: 0.02664397369077561.
2026-05-19 19:08:28,036 - experiment_functions - INFO - Early stopping at epoch 900. Best Recall: 0.0183
2026-05-19 19:08:28,136 - optuna.study.study - INFO - Trial 202 finished with value: 0.018329857172670768 and parameters: {'n_layers': 1, 'embedding_dim': 128, 'lr': 0.0006042785813655083, 'lambda_val': 8.127419422629301e-06, 'batch_size': 662, 'optimizer': 'RMSprop'}. Best is trial 147 with value: 0.02664397369077561.
2026-05-19 19:08:35,647 - optuna.study._optimize - INFO - Trial 203 pruned. 
2026-05-19 19:08:40,686 - experiment_functions - INFO - Early stopping at epoch 850. Best Recall: 0.0192
2026-05-19 19:08:40,788 - optuna.study.study - INFO - Trial 204 finished with value: 0.019236763110659725 and parameters: {'n_layers': 1, 'embedding_dim': 128, 'lr': 0.000732235042262133, 'lambda_val': 1.4103080614248245e-05, 'batch_size': 762, 'optimizer': 'RMSprop'}. Best is trial 147 with value: 0.02664397369077561.
2026-05-19 19:08:48,414 - optuna.study._optimize - INFO - Trial 205 pruned. 
2026-05-19 19:09:04,946 - optuna.study._optimize - INFO - Trial 206 pruned. 
2026-05-19 19:09:08,028 - experiment_functions - INFO - Early stopping at epoch 500. Best Recall: 0.0008
2026-05-19 19:09:08,130 - optuna.study.study - INFO - Trial 207 finished with value: 0.0008069865820174865 and parameters: {'n_layers': 1, 'embedding_dim': 128, 'lr': 0.0004053592487811368, 'lambda_val': 4.814599597882334e-05, 'batch_size': 717, 'optimizer': 'SGD'}. Best is trial 147 with value: 0.02664397369077561.
2026-05-19 19:09:13,819 - optuna.study._optimize - INFO - Trial 208 pruned. 
2026-05-19 19:09:20,177 - optuna.study._optimize - INFO - Trial 209 pruned. 
2026-05-19 19:09:24,186 - experiment_functions - INFO - Early stopping at epoch 600. Best Recall: 0.0096
2026-05-19 19:09:24,278 - optuna.study.study - INFO - Trial 210 finished with value: 0.009569647061333272 and parameters: {'n_layers': 1, 'embedding_dim': 128, 'lr': 0.0007081087085485452, 'lambda_val': 0.0004115939279669843, 'batch_size': 3513, 'optimizer': 'RMSprop'}. Best is trial 147 with value: 0.02664397369077561.
2026-05-19 19:09:29,959 - experiment_functions - INFO - Early stopping at epoch 500. Best Recall: 0.0011
2026-05-19 19:09:30,050 - optuna.study.study - INFO - Trial 211 finished with value: 0.0010776513059737609 and parameters: {'n_layers': 1, 'embedding_dim': 128, 'lr': 1.5933990470203964e-05, 'lambda_val': 4.992025673015118e-06, 'batch_size': 585, 'optimizer': 'Adam'}. Best is trial 147 with value: 0.02664397369077561.
2026-05-19 19:09:34,560 - experiment_functions - INFO - Early stopping at epoch 750. Best Recall: 0.0134
2026-05-19 19:09:34,650 - optuna.study.study - INFO - Trial 212 finished with value: 0.013426798718445961 and parameters: {'n_layers': 1, 'embedding_dim': 128, 'lr': 0.0008978706845687503, 'lambda_val': 4.292025837498495e-06, 'batch_size': 2491, 'optimizer': 'Adam'}. Best is trial 147 with value: 0.02664397369077561.
2026-05-19 19:09:39,289 - experiment_functions - INFO - Early stopping at epoch 650. Best Recall: 0.0194
2026-05-19 19:09:39,391 - optuna.study.study - INFO - Trial 213 finished with value: 0.01944548156678549 and parameters: {'n_layers': 1, 'embedding_dim': 128, 'lr': 0.0014925780776070547, 'lambda_val': 7.416270807339332e-06, 'batch_size': 659, 'optimizer': 'Adam'}. Best is trial 147 with value: 0.02664397369077561.
2026-05-19 19:09:43,554 - experiment_functions - INFO - Early stopping at epoch 650. Best Recall: 0.0188
2026-05-19 19:09:43,667 - optuna.study.study - INFO - Trial 214 finished with value: 0.01882764229194566 and parameters: {'n_layers': 1, 'embedding_dim': 128, 'lr': 0.0011257307795835506, 'lambda_val': 5.687528532267241e-06, 'batch_size': 576, 'optimizer': 'Adam'}. Best is trial 147 with value: 0.02664397369077561.
2026-05-19 19:09:51,647 - experiment_functions - INFO - Early stopping at epoch 950. Best Recall: 0.0237
2026-05-19 19:09:51,756 - optuna.study.study - INFO - Trial 215 finished with value: 0.02371399261155901 and parameters: {'n_layers': 1, 'embedding_dim': 128, 'lr': 0.0006007752248043313, 'lambda_val': 2.1065276567576346e-06, 'batch_size': 512, 'optimizer': 'Adam'}. Best is trial 147 with value: 0.02664397369077561.
2026-05-19 19:09:58,223 - optuna.study._optimize - INFO - Trial 216 pruned. 
2026-05-19 19:10:03,187 - experiment_functions - INFO - Early stopping at epoch 850. Best Recall: 0.0166
2026-05-19 19:10:03,307 - optuna.study.study - INFO - Trial 217 finished with value: 0.016606911548561407 and parameters: {'n_layers': 1, 'embedding_dim': 128, 'lr': 0.00047349901238088777, 'lambda_val': 1.6375081055476045e-06, 'batch_size': 709, 'optimizer': 'Adam'}. Best is trial 147 with value: 0.02664397369077561.
2026-05-19 19:10:13,202 - experiment_functions - INFO - Early stopping at epoch 1150. Best Recall: 0.0206
2026-05-19 19:10:13,310 - optuna.study.study - INFO - Trial 218 finished with value: 0.02063870506987434 and parameters: {'n_layers': 1, 'embedding_dim': 128, 'lr': 0.00036677258192552314, 'lambda_val': 3.5058394693045184e-06, 'batch_size': 647, 'optimizer': 'Adam'}. Best is trial 147 with value: 0.02664397369077561.
2026-05-19 19:10:18,593 - experiment_functions - INFO - Early stopping at epoch 850. Best Recall: 0.0175
2026-05-19 19:10:18,704 - optuna.study.study - INFO - Trial 219 finished with value: 0.01751050876214733 and parameters: {'n_layers': 1, 'embedding_dim': 96, 'lr': 0.0006253067789196925, 'lambda_val': 2.3819768884682024e-06, 'batch_size': 513, 'optimizer': 'RMSprop'}. Best is trial 147 with value: 0.02664397369077561.
2026-05-19 19:10:25,461 - optuna.study._optimize - INFO - Trial 220 pruned. 
2026-05-19 19:10:35,276 - optuna.study._optimize - INFO - Trial 221 pruned. 
2026-05-19 19:10:43,436 - optuna.study._optimize - INFO - Trial 222 pruned. 
2026-05-19 19:10:48,969 - experiment_functions - INFO - Early stopping at epoch 800. Best Recall: 0.0160
2026-05-19 19:10:49,148 - optuna.study.study - INFO - Trial 223 finished with value: 0.01596343253238886 and parameters: {'n_layers': 1, 'embedding_dim': 128, 'lr': 0.0005097488819199748, 'lambda_val': 6.231204224371105e-06, 'batch_size': 3049, 'optimizer': 'Adam'}. Best is trial 147 with value: 0.02664397369077561.
2026-05-19 19:10:55,274 - optuna.study._optimize - INFO - Trial 224 pruned. 
2026-05-19 19:11:01,904 - experiment_functions - INFO - Early stopping at epoch 1100. Best Recall: 0.0203
2026-05-19 19:11:02,025 - optuna.study.study - INFO - Trial 225 finished with value: 0.02028465094263969 and parameters: {'n_layers': 1, 'embedding_dim': 32, 'lr': 0.0005168237821447661, 'lambda_val': 4.889435198370223e-06, 'batch_size': 585, 'optimizer': 'Adam'}. Best is trial 147 with value: 0.02664397369077561.
2026-05-19 19:11:09,781 - experiment_functions - INFO - Early stopping at epoch 750. Best Recall: 0.0172
2026-05-19 19:11:09,901 - optuna.study.study - INFO - Trial 226 finished with value: 0.01721208544115837 and parameters: {'n_layers': 1, 'embedding_dim': 128, 'lr': 0.0007857004362031953, 'lambda_val': 3.99312378266779e-06, 'batch_size': 729, 'optimizer': 'Adam'}. Best is trial 147 with value: 0.02664397369077561.
2026-05-19 19:11:16,178 - optuna.study._optimize - INFO - Trial 227 pruned. 
2026-05-19 19:11:27,687 - optuna.study._optimize - INFO - Trial 228 pruned. 
2026-05-19 19:11:41,472 - optuna.study._optimize - INFO - Trial 229 pruned. 
2026-05-19 19:11:50,633 - optuna.study._optimize - INFO - Trial 230 pruned. 
2026-05-19 19:11:55,009 - experiment_functions - INFO - Early stopping at epoch 750. Best Recall: 0.0202
2026-05-19 19:11:55,100 - optuna.study.study - INFO - Trial 231 finished with value: 0.02017903149682274 and parameters: {'n_layers': 1, 'embedding_dim': 128, 'lr': 0.0006739986642090679, 'lambda_val': 5.261952717245229e-06, 'batch_size': 517, 'optimizer': 'Adam'}. Best is trial 147 with value: 0.02664397369077561.
2026-05-19 19:11:59,695 - experiment_functions - INFO - Early stopping at epoch 800. Best Recall: 0.0215
2026-05-19 19:11:59,785 - optuna.study.study - INFO - Trial 232 finished with value: 0.02147916482308454 and parameters: {'n_layers': 1, 'embedding_dim': 128, 'lr': 0.0008513690120449411, 'lambda_val': 3.7442807340191413e-06, 'batch_size': 587, 'optimizer': 'Adam'}. Best is trial 147 with value: 0.02664397369077561.
2026-05-19 19:12:05,768 - experiment_functions - INFO - Early stopping at epoch 1000. Best Recall: 0.0210
2026-05-19 19:12:05,869 - optuna.study.study - INFO - Trial 233 finished with value: 0.0210482455769627 and parameters: {'n_layers': 1, 'embedding_dim': 128, 'lr': 0.0007804294681894432, 'lambda_val': 3.885951206671338e-06, 'batch_size': 583, 'optimizer': 'Adam'}. Best is trial 147 with value: 0.02664397369077561.
2026-05-19 19:12:10,660 - experiment_functions - INFO - Early stopping at epoch 750. Best Recall: 0.0170
2026-05-19 19:12:10,761 - optuna.study.study - INFO - Trial 234 finished with value: 0.016960506629428777 and parameters: {'n_layers': 1, 'embedding_dim': 128, 'lr': 0.0008206925484685862, 'lambda_val': 4.490327990043577e-06, 'batch_size': 578, 'optimizer': 'Adam'}. Best is trial 147 with value: 0.02664397369077561.
2026-05-19 19:12:15,743 - experiment_functions - INFO - Early stopping at epoch 800. Best Recall: 0.0209
2026-05-19 19:12:15,888 - optuna.study.study - INFO - Trial 235 finished with value: 0.020855103521571473 and parameters: {'n_layers': 1, 'embedding_dim': 128, 'lr': 0.0009378242741377793, 'lambda_val': 6.684514833922902e-06, 'batch_size': 513, 'optimizer': 'Adam'}. Best is trial 147 with value: 0.02664397369077561.
2026-05-19 19:12:22,735 - experiment_functions - INFO - Early stopping at epoch 800. Best Recall: 0.0201
2026-05-19 19:12:22,869 - optuna.study.study - INFO - Trial 236 finished with value: 0.020113993217779697 and parameters: {'n_layers': 1, 'embedding_dim': 128, 'lr': 0.0007139515275077015, 'lambda_val': 1.9031741651342805e-05, 'batch_size': 587, 'optimizer': 'RMSprop'}. Best is trial 147 with value: 0.02664397369077561.
2026-05-19 19:12:28,508 - experiment_functions - INFO - Early stopping at epoch 900. Best Recall: 0.0191
2026-05-19 19:12:28,587 - optuna.study.study - INFO - Trial 237 finished with value: 0.019117106489957132 and parameters: {'n_layers': 1, 'embedding_dim': 128, 'lr': 0.0005870730526165256, 'lambda_val': 3.799338160257966e-06, 'batch_size': 690, 'optimizer': 'Adam'}. Best is trial 147 with value: 0.02664397369077561.
2026-05-19 19:12:32,924 - experiment_functions - INFO - Early stopping at epoch 750. Best Recall: 0.0206
2026-05-19 19:12:33,052 - optuna.study.study - INFO - Trial 238 finished with value: 0.020597332053380813 and parameters: {'n_layers': 1, 'embedding_dim': 128, 'lr': 0.00109408456308063, 'lambda_val': 1.9855729036189276e-06, 'batch_size': 590, 'optimizer': 'Adam'}. Best is trial 147 with value: 0.02664397369077561.
2026-05-19 19:12:39,899 - experiment_functions - INFO - Early stopping at epoch 1100. Best Recall: 0.0206
2026-05-19 19:12:40,010 - optuna.study.study - INFO - Trial 239 finished with value: 0.020570869093840087 and parameters: {'n_layers': 1, 'embedding_dim': 128, 'lr': 0.0004502960685495356, 'lambda_val': 7.981886299685345e-06, 'batch_size': 654, 'optimizer': 'RMSprop'}. Best is trial 147 with value: 0.02664397369077561.
2026-05-19 19:12:44,260 - experiment_functions - INFO - Early stopping at epoch 650. Best Recall: 0.0154
2026-05-19 19:12:44,378 - optuna.study.study - INFO - Trial 240 finished with value: 0.015376651913703139 and parameters: {'n_layers': 1, 'embedding_dim': 128, 'lr': 0.000794575573034017, 'lambda_val': 0.022632266692404316, 'batch_size': 577, 'optimizer': 'Adam'}. Best is trial 147 with value: 0.02664397369077561.
2026-05-19 19:12:49,161 - experiment_functions - INFO - Early stopping at epoch 750. Best Recall: 0.0194
2026-05-19 19:12:49,262 - optuna.study.study - INFO - Trial 241 finished with value: 0.019439164238551642 and parameters: {'n_layers': 1, 'embedding_dim': 128, 'lr': 0.0009472288390789216, 'lambda_val': 6.334430309226176e-06, 'batch_size': 521, 'optimizer': 'Adam'}. Best is trial 147 with value: 0.02664397369077561.
2026-05-19 19:12:53,980 - experiment_functions - INFO - Early stopping at epoch 800. Best Recall: 0.0233
2026-05-19 19:12:54,058 - optuna.study.study - INFO - Trial 242 finished with value: 0.023308163975915393 and parameters: {'n_layers': 1, 'embedding_dim': 128, 'lr': 0.0009654867320799187, 'lambda_val': 6.049541810562741e-06, 'batch_size': 518, 'optimizer': 'Adam'}. Best is trial 147 with value: 0.02664397369077561.
2026-05-19 19:12:58,818 - experiment_functions - INFO - Early stopping at epoch 750. Best Recall: 0.0199
2026-05-19 19:12:58,920 - optuna.study.study - INFO - Trial 243 finished with value: 0.019912169104077112 and parameters: {'n_layers': 1, 'embedding_dim': 128, 'lr': 0.0012828066695587399, 'lambda_val': 4.836029040994759e-06, 'batch_size': 626, 'optimizer': 'Adam'}. Best is trial 147 with value: 0.02664397369077561.
2026-05-19 19:13:04,774 - experiment_functions - INFO - Early stopping at epoch 950. Best Recall: 0.0209
2026-05-19 19:13:04,919 - optuna.study.study - INFO - Trial 244 finished with value: 0.02086015886791108 and parameters: {'n_layers': 1, 'embedding_dim': 128, 'lr': 0.0005993392666830895, 'lambda_val': 0.0001030446299435245, 'batch_size': 702, 'optimizer': 'Adam'}. Best is trial 147 with value: 0.02664397369077561.
2026-05-19 19:13:10,420 - experiment_functions - INFO - Early stopping at epoch 900. Best Recall: 0.0182
2026-05-19 19:13:10,531 - optuna.study.study - INFO - Trial 245 finished with value: 0.018190239658794 and parameters: {'n_layers': 1, 'embedding_dim': 128, 'lr': 0.0007301096620324109, 'lambda_val': 3.0123810506517264e-06, 'batch_size': 569, 'optimizer': 'Adam'}. Best is trial 147 with value: 0.02664397369077561.
2026-05-19 19:13:18,450 - optuna.study._optimize - INFO - Trial 246 pruned. 
2026-05-19 19:13:22,793 - experiment_functions - INFO - Early stopping at epoch 750. Best Recall: 0.0212
2026-05-19 19:13:22,874 - optuna.study.study - INFO - Trial 247 finished with value: 0.021209832465051842 and parameters: {'n_layers': 1, 'embedding_dim': 128, 'lr': 0.0006465557563098611, 'lambda_val': 5.672737917460182e-06, 'batch_size': 630, 'optimizer': 'RMSprop'}. Best is trial 147 with value: 0.02664397369077561.
2026-05-19 19:13:32,753 - experiment_functions - INFO - Early stopping at epoch 950. Best Recall: 0.0180
2026-05-19 19:13:32,918 - optuna.study.study - INFO - Trial 248 finished with value: 0.017961439630334378 and parameters: {'n_layers': 1, 'embedding_dim': 128, 'lr': 0.0006755177523676666, 'lambda_val': 5.80081047710201e-06, 'batch_size': 623, 'optimizer': 'RMSprop'}. Best is trial 147 with value: 0.02664397369077561.
2026-05-19 19:13:37,382 - experiment_functions - INFO - Early stopping at epoch 700. Best Recall: 0.0166
2026-05-19 19:13:37,481 - optuna.study.study - INFO - Trial 249 finished with value: 0.016588612752816485 and parameters: {'n_layers': 1, 'embedding_dim': 128, 'lr': 0.0010082967969823758, 'lambda_val': 8.403571315837631e-06, 'batch_size': 704, 'optimizer': 'RMSprop'}. Best is trial 147 with value: 0.02664397369077561.
2026-05-19 19:13:42,304 - experiment_functions - INFO - Early stopping at epoch 750. Best Recall: 0.0183
2026-05-19 19:13:42,413 - optuna.study.study - INFO - Trial 250 finished with value: 0.018340149153332843 and parameters: {'n_layers': 1, 'embedding_dim': 64, 'lr': 0.0008791046673058069, 'lambda_val': 3.2061157614554598e-06, 'batch_size': 577, 'optimizer': 'RMSprop'}. Best is trial 147 with value: 0.02664397369077561.
2026-05-19 19:13:48,231 - experiment_functions - INFO - Early stopping at epoch 950. Best Recall: 0.0224
2026-05-19 19:13:48,320 - optuna.study.study - INFO - Trial 251 finished with value: 0.022408653493973012 and parameters: {'n_layers': 1, 'embedding_dim': 128, 'lr': 0.0006092686533103828, 'lambda_val': 7.679987995398215e-05, 'batch_size': 644, 'optimizer': 'RMSprop'}. Best is trial 147 with value: 0.02664397369077561.
2026-05-19 19:13:53,536 - experiment_functions - INFO - Early stopping at epoch 900. Best Recall: 0.0214
2026-05-19 19:13:53,635 - optuna.study.study - INFO - Trial 252 finished with value: 0.021368329837612155 and parameters: {'n_layers': 1, 'embedding_dim': 128, 'lr': 0.0005807010851703638, 'lambda_val': 1.1142396995327204e-05, 'batch_size': 816, 'optimizer': 'RMSprop'}. Best is trial 147 with value: 0.02664397369077561.
2026-05-19 19:13:58,439 - experiment_functions - INFO - Early stopping at epoch 800. Best Recall: 0.0159
2026-05-19 19:13:58,540 - optuna.study.study - INFO - Trial 253 finished with value: 0.01594395050608983 and parameters: {'n_layers': 1, 'embedding_dim': 128, 'lr': 0.0005277163993523133, 'lambda_val': 6.703948632009612e-05, 'batch_size': 763, 'optimizer': 'RMSprop'}. Best is trial 147 with value: 0.02664397369077561.
2026-05-19 19:14:03,948 - experiment_functions - INFO - Early stopping at epoch 750. Best Recall: 0.0137
2026-05-19 19:14:04,059 - optuna.study.study - INFO - Trial 254 finished with value: 0.013693709966814415 and parameters: {'n_layers': 2, 'embedding_dim': 128, 'lr': 0.00043669608544092867, 'lambda_val': 8.237479568399034e-05, 'batch_size': 785, 'optimizer': 'RMSprop'}. Best is trial 147 with value: 0.02664397369077561.
2026-05-19 19:14:09,913 - experiment_functions - INFO - Early stopping at epoch 900. Best Recall: 0.0194
2026-05-19 19:14:09,992 - optuna.study.study - INFO - Trial 255 finished with value: 0.01939356385612445 and parameters: {'n_layers': 1, 'embedding_dim': 128, 'lr': 0.000594104930808931, 'lambda_val': 1.3032968897422413e-05, 'batch_size': 512, 'optimizer': 'RMSprop'}. Best is trial 147 with value: 0.02664397369077561.
2026-05-19 19:14:14,559 - experiment_functions - INFO - Early stopping at epoch 750. Best Recall: 0.0188
2026-05-19 19:14:14,650 - optuna.study.study - INFO - Trial 256 finished with value: 0.018816110377385335 and parameters: {'n_layers': 1, 'embedding_dim': 128, 'lr': 0.0004867058355138504, 'lambda_val': 0.00015469053865189072, 'batch_size': 850, 'optimizer': 'RMSprop'}. Best is trial 147 with value: 0.02664397369077561.
2026-05-19 19:14:20,722 - optuna.study._optimize - INFO - Trial 257 pruned. 
2026-05-19 19:14:26,746 - optuna.study._optimize - INFO - Trial 258 pruned. 
2026-05-19 19:14:33,559 - experiment_functions - INFO - Early stopping at epoch 500. Best Recall: 0.0012
2026-05-19 19:14:33,694 - optuna.study.study - INFO - Trial 259 finished with value: 0.0011648399000072512 and parameters: {'n_layers': 1, 'embedding_dim': 32, 'lr': 0.0020642529334088926, 'lambda_val': 1.575713966709159e-05, 'batch_size': 712, 'optimizer': 'SGD'}. Best is trial 147 with value: 0.02664397369077561.
2026-05-19 19:14:40,393 - experiment_functions - INFO - Early stopping at epoch 1100. Best Recall: 0.0231
2026-05-19 19:14:40,483 - optuna.study.study - INFO - Trial 260 finished with value: 0.023070592977778998 and parameters: {'n_layers': 1, 'embedding_dim': 128, 'lr': 0.00041590243523045536, 'lambda_val': 0.00010154749623022589, 'batch_size': 573, 'optimizer': 'RMSprop'}. Best is trial 147 with value: 0.02664397369077561.
2026-05-19 19:14:50,476 - optuna.study._optimize - INFO - Trial 261 pruned. 
2026-05-19 19:14:57,738 - optuna.study._optimize - INFO - Trial 262 pruned. 
2026-05-19 19:15:05,618 - optuna.study._optimize - INFO - Trial 263 pruned. 
2026-05-19 19:15:16,401 - experiment_functions - INFO - Early stopping at epoch 2150. Best Recall: 0.0262
2026-05-19 19:15:16,502 - optuna.study.study - INFO - Trial 264 finished with value: 0.026198946079920335 and parameters: {'n_layers': 1, 'embedding_dim': 128, 'lr': 0.0002943694753799393, 'lambda_val': 8.083468131168778e-05, 'batch_size': 672, 'optimizer': 'RMSprop'}. Best is trial 147 with value: 0.02664397369077561.
2026-05-19 19:15:24,249 - optuna.study._optimize - INFO - Trial 265 pruned. 
2026-05-19 19:15:37,767 - experiment_functions - INFO - Early stopping at epoch 2600. Best Recall: 0.0267
2026-05-19 19:15:37,860 - optuna.study.study - INFO - Trial 266 finished with value: 0.02671564327479486 and parameters: {'n_layers': 1, 'embedding_dim': 128, 'lr': 0.00023799838691438945, 'lambda_val': 8.71767433105485e-05, 'batch_size': 596, 'optimizer': 'RMSprop'}. Best is trial 266 with value: 0.02671564327479486.
2026-05-19 19:15:46,057 - optuna.study._optimize - INFO - Trial 267 pruned. 
2026-05-19 19:15:54,404 - optuna.study._optimize - INFO - Trial 268 pruned. 
2026-05-19 19:15:59,855 - optuna.study._optimize - INFO - Trial 269 pruned. 
2026-05-19 19:16:08,206 - optuna.study._optimize - INFO - Trial 270 pruned. 
2026-05-19 19:16:18,547 - optuna.study._optimize - INFO - Trial 271 pruned. 
2026-05-19 19:16:24,985 - optuna.study._optimize - INFO - Trial 272 pruned. 
2026-05-19 19:16:31,101 - optuna.study._optimize - INFO - Trial 273 pruned. 
2026-05-19 19:16:35,481 - experiment_functions - INFO - Early stopping at epoch 600. Best Recall: 0.0121
2026-05-19 19:16:35,632 - optuna.study.study - INFO - Trial 274 finished with value: 0.012073776464337632 and parameters: {'n_layers': 1, 'embedding_dim': 128, 'lr': 0.0004011909312386113, 'lambda_val': 0.00013092462158932586, 'batch_size': 3769, 'optimizer': 'RMSprop'}. Best is trial 266 with value: 0.02671564327479486.
2026-05-19 19:16:46,544 - optuna.study._optimize - INFO - Trial 275 pruned. 
2026-05-19 19:16:53,479 - experiment_functions - INFO - Early stopping at epoch 1250. Best Recall: 0.0232
2026-05-19 19:16:53,579 - optuna.study.study - INFO - Trial 276 finished with value: 0.023171298098818623 and parameters: {'n_layers': 1, 'embedding_dim': 128, 'lr': 0.0004301095393028301, 'lambda_val': 5.80536603463349e-05, 'batch_size': 767, 'optimizer': 'RMSprop'}. Best is trial 266 with value: 0.02671564327479486.
2026-05-19 19:17:01,225 - experiment_functions - INFO - Early stopping at epoch 950. Best Recall: 0.0054
2026-05-19 19:17:01,331 - optuna.study.study - INFO - Trial 277 finished with value: 0.0053587213904663115 and parameters: {'n_layers': 4, 'embedding_dim': 128, 'lr': 0.00037235856835928893, 'lambda_val': 4.0683000076177024e-05, 'batch_size': 861, 'optimizer': 'RMSprop'}. Best is trial 266 with value: 0.02671564327479486.
2026-05-19 19:17:09,138 - experiment_functions - INFO - Early stopping at epoch 1050. Best Recall: 0.0253
2026-05-19 19:17:09,207 - optuna.study.study - INFO - Trial 278 finished with value: 0.025290903084737713 and parameters: {'n_layers': 1, 'embedding_dim': 128, 'lr': 0.00045108474929103024, 'lambda_val': 5.966086423355712e-05, 'batch_size': 773, 'optimizer': 'RMSprop'}. Best is trial 266 with value: 0.02671564327479486.
2026-05-19 19:17:13,413 - experiment_functions - INFO - Early stopping at epoch 750. Best Recall: 0.0197
2026-05-19 19:17:13,484 - optuna.study.study - INFO - Trial 279 finished with value: 0.019729880050823167 and parameters: {'n_layers': 1, 'embedding_dim': 128, 'lr': 0.00044835603237159614, 'lambda_val': 5.825350853957373e-05, 'batch_size': 782, 'optimizer': 'RMSprop'}. Best is trial 266 with value: 0.02671564327479486.
2026-05-19 19:17:19,903 - optuna.study._optimize - INFO - Trial 280 pruned. 
2026-05-19 19:17:25,508 - optuna.study._optimize - INFO - Trial 281 pruned. 
2026-05-19 19:17:35,987 - optuna.study._optimize - INFO - Trial 282 pruned. 
2026-05-19 19:17:48,567 - optuna.study._optimize - INFO - Trial 283 pruned. 
2026-05-19 19:17:54,327 - optuna.study._optimize - INFO - Trial 284 pruned. 
2026-05-19 19:18:00,099 - optuna.study._optimize - INFO - Trial 285 pruned. 
2026-05-19 19:18:08,109 - optuna.study._optimize - INFO - Trial 286 pruned. 
2026-05-19 19:18:15,678 - optuna.study._optimize - INFO - Trial 287 pruned. 
2026-05-19 19:18:18,995 - experiment_functions - INFO - Early stopping at epoch 500. Best Recall: 0.0011
2026-05-19 19:18:19,130 - optuna.study.study - INFO - Trial 288 finished with value: 0.0011425829108765305 and parameters: {'n_layers': 1, 'embedding_dim': 128, 'lr': 0.00047788578166158577, 'lambda_val': 6.004337935905433e-05, 'batch_size': 585, 'optimizer': 'SGD'}. Best is trial 266 with value: 0.02671564327479486.
2026-05-19 19:18:30,176 - optuna.study._optimize - INFO - Trial 289 pruned. 
2026-05-19 19:18:37,806 - optuna.study._optimize - INFO - Trial 290 pruned. 
2026-05-19 19:18:43,094 - experiment_functions - INFO - Early stopping at epoch 950. Best Recall: 0.0168
2026-05-19 19:18:43,185 - optuna.study.study - INFO - Trial 291 finished with value: 0.016842777222967578 and parameters: {'n_layers': 1, 'embedding_dim': 128, 'lr': 0.0005234425033119178, 'lambda_val': 4.4459883539661304e-05, 'batch_size': 568, 'optimizer': 'RMSprop'}. Best is trial 266 with value: 0.02671564327479486.
2026-05-19 19:18:48,601 - experiment_functions - INFO - Early stopping at epoch 800. Best Recall: 0.0160
2026-05-19 19:18:48,706 - optuna.study.study - INFO - Trial 292 finished with value: 0.016048497094566832 and parameters: {'n_layers': 1, 'embedding_dim': 128, 'lr': 0.0006327128626842302, 'lambda_val': 3.482632941954455e-05, 'batch_size': 682, 'optimizer': 'RMSprop'}. Best is trial 266 with value: 0.02671564327479486.
2026-05-19 19:18:56,723 - experiment_functions - INFO - Early stopping at epoch 900. Best Recall: 0.0165
2026-05-19 19:18:56,813 - optuna.study.study - INFO - Trial 293 finished with value: 0.016450968952555527 and parameters: {'n_layers': 1, 'embedding_dim': 128, 'lr': 0.00036471804265158847, 'lambda_val': 7.217363646448352e-05, 'batch_size': 1944, 'optimizer': 'RMSprop'}. Best is trial 266 with value: 0.02671564327479486.
2026-05-19 19:19:03,176 - experiment_functions - INFO - Early stopping at epoch 1150. Best Recall: 0.0201
2026-05-19 19:19:03,266 - optuna.study.study - INFO - Trial 294 finished with value: 0.020077047948503398 and parameters: {'n_layers': 1, 'embedding_dim': 128, 'lr': 0.00045056337173822203, 'lambda_val': 5.949705421692781e-05, 'batch_size': 598, 'optimizer': 'RMSprop'}. Best is trial 266 with value: 0.02671564327479486.
2026-05-19 19:19:11,375 - optuna.study._optimize - INFO - Trial 295 pruned. 
2026-05-19 19:19:16,647 - experiment_functions - INFO - Early stopping at epoch 750. Best Recall: 0.0194
2026-05-19 19:19:16,748 - optuna.study.study - INFO - Trial 296 finished with value: 0.019389116195626232 and parameters: {'n_layers': 1, 'embedding_dim': 128, 'lr': 0.0006766922471500702, 'lambda_val': 0.00016378501662499238, 'batch_size': 567, 'optimizer': 'RMSprop'}. Best is trial 266 with value: 0.02671564327479486.
2026-05-19 19:19:25,295 - experiment_functions - INFO - Early stopping at epoch 950. Best Recall: 0.0201
2026-05-19 19:19:25,404 - optuna.study.study - INFO - Trial 297 finished with value: 0.020104344196326097 and parameters: {'n_layers': 1, 'embedding_dim': 128, 'lr': 0.0005405795261147136, 'lambda_val': 2.0021922943884313e-05, 'batch_size': 756, 'optimizer': 'RMSprop'}. Best is trial 266 with value: 0.02671564327479486.
2026-05-19 19:19:31,883 - optuna.study._optimize - INFO - Trial 298 pruned. 
2026-05-19 19:19:38,333 - optuna.study._optimize - INFO - Trial 299 pruned. 
2026-05-19 19:19:38,335 - experiment_functions - INFO - Training the best model ... for e_100K_1c2dcs_strict
2026-05-19 19:19:44,853 - experiment_functions - INFO - Early stopping at epoch 2500. Best Recall: 0.0271
2026-05-19 19:19:44,946 - root - INFO -   ** Getting the trainable edges:
2026-05-19 19:19:44,952 - helper_functions - INFO -      Number of nodes: 4003
2026-05-19 19:19:44,952 - helper_functions - INFO -      Ratio: 0.3873621056706019
2026-05-19 19:19:44,952 - helper_functions - INFO -      Number of unique users: 324
2026-05-19 19:19:44,952 - helper_functions - INFO -      Number of unique items: 3679
2026-05-19 19:19:44,952 - helper_functions - INFO -      Total dominant set edge: 84485
2026-05-19 19:19:44,952 - helper_functions - INFO -      Trainable edges: 67588.0
2026-05-19 19:19:44,961 - root - INFO -   **** Getting 84485 dominant set edges
2026-05-19 19:19:45,074 - optuna.storages._rdb.storage - INFO - A new study created in RDB with name: Study_e_100K_1c2dcs
2026-05-19 19:19:49,846 - experiment_functions - INFO - Early stopping at epoch 500. Best Recall: 0.0015
2026-05-19 19:19:49,938 - optuna.study.study - INFO - Trial 0 finished with value: 0.0014892067684308318 and parameters: {'n_layers': 1, 'embedding_dim': 256, 'lr': 0.033011174727546486, 'lambda_val': 0.059154172015163146, 'batch_size': 1039, 'optimizer': 'SGD'}. Best is trial 0 with value: 0.0014892067684308318.
2026-05-19 19:19:53,950 - experiment_functions - INFO - Early stopping at epoch 550. Best Recall: 0.0255
2026-05-19 19:19:54,054 - optuna.study.study - INFO - Trial 1 finished with value: 0.02550418791597337 and parameters: {'n_layers': 3, 'embedding_dim': 64, 'lr': 0.0069164845478568845, 'lambda_val': 0.0002491169213206413, 'batch_size': 1645, 'optimizer': 'Adam'}. Best is trial 1 with value: 0.02550418791597337.
2026-05-19 19:20:18,692 - experiment_functions - INFO - Early stopping at epoch 3550. Best Recall: 0.0731
2026-05-19 19:20:18,801 - optuna.study.study - INFO - Trial 2 finished with value: 0.07312652130347504 and parameters: {'n_layers': 2, 'embedding_dim': 256, 'lr': 0.00018883183615891466, 'lambda_val': 1.1749976253465849e-06, 'batch_size': 542, 'optimizer': 'RMSprop'}. Best is trial 2 with value: 0.07312652130347504.
2026-05-19 19:20:27,480 - experiment_functions - INFO - Early stopping at epoch 500. Best Recall: 0.0018
2026-05-19 19:20:27,569 - optuna.study.study - INFO - Trial 3 finished with value: 0.0017740443650486153 and parameters: {'n_layers': 4, 'embedding_dim': 64, 'lr': 0.00012797570534880728, 'lambda_val': 2.908216850497481e-05, 'batch_size': 2971, 'optimizer': 'SGD'}. Best is trial 2 with value: 0.07312652130347504.
2026-05-19 19:20:43,088 - experiment_functions - INFO - Early stopping at epoch 700. Best Recall: 0.0338
2026-05-19 19:20:43,245 - optuna.study.study - INFO - Trial 4 finished with value: 0.03377372780419321 and parameters: {'n_layers': 2, 'embedding_dim': 256, 'lr': 0.0062880988432532335, 'lambda_val': 1.3324074413312597e-05, 'batch_size': 2040, 'optimizer': 'Adam'}. Best is trial 2 with value: 0.07312652130347504.
2026-05-19 19:20:46,847 - experiment_functions - INFO - Early stopping at epoch 500. Best Recall: 0.0017
2026-05-19 19:20:46,939 - optuna.study.study - INFO - Trial 5 finished with value: 0.0017295357937696923 and parameters: {'n_layers': 2, 'embedding_dim': 32, 'lr': 7.789888560452819e-05, 'lambda_val': 0.013929362601205097, 'batch_size': 1583, 'optimizer': 'SGD'}. Best is trial 2 with value: 0.07312652130347504.
2026-05-19 19:20:51,653 - experiment_functions - INFO - Early stopping at epoch 500. Best Recall: 0.0011
2026-05-19 19:20:51,754 - optuna.study.study - INFO - Trial 6 finished with value: 0.001066395686828248 and parameters: {'n_layers': 3, 'embedding_dim': 96, 'lr': 0.0005795059141934115, 'lambda_val': 0.0008087247855600791, 'batch_size': 1949, 'optimizer': 'SGD'}. Best is trial 2 with value: 0.07312652130347504.
2026-05-19 19:20:56,301 - experiment_functions - INFO - Early stopping at epoch 600. Best Recall: 0.0470
2026-05-19 19:20:56,402 - optuna.study.study - INFO - Trial 7 finished with value: 0.04700666732996406 and parameters: {'n_layers': 2, 'embedding_dim': 32, 'lr': 0.00274854483813571, 'lambda_val': 0.003202680296579662, 'batch_size': 3810, 'optimizer': 'Adam'}. Best is trial 2 with value: 0.07312652130347504.
2026-05-19 19:21:00,761 - experiment_functions - INFO - Early stopping at epoch 500. Best Recall: 0.0025
2026-05-19 19:21:00,860 - optuna.study.study - INFO - Trial 8 finished with value: 0.002468223652553591 and parameters: {'n_layers': 4, 'embedding_dim': 128, 'lr': 0.0003265272974340857, 'lambda_val': 0.0004118404157765037, 'batch_size': 959, 'optimizer': 'SGD'}. Best is trial 2 with value: 0.07312652130347504.
2026-05-19 19:21:11,089 - optuna.study._optimize - INFO - Trial 9 pruned. 
2026-05-19 19:21:17,383 - experiment_functions - INFO - Early stopping at epoch 900. Best Recall: 0.0022
2026-05-19 19:21:17,504 - optuna.study.study - INFO - Trial 10 finished with value: 0.0021967681030067385 and parameters: {'n_layers': 1, 'embedding_dim': 128, 'lr': 1.5781018090172413e-05, 'lambda_val': 1.0948001687930558e-06, 'batch_size': 643, 'optimizer': 'RMSprop'}. Best is trial 2 with value: 0.07312652130347504.
2026-05-19 19:21:21,879 - experiment_functions - INFO - Early stopping at epoch 650. Best Recall: 0.0238
2026-05-19 19:21:21,969 - optuna.study.study - INFO - Trial 11 finished with value: 0.02378091550731921 and parameters: {'n_layers': 2, 'embedding_dim': 32, 'lr': 0.0026216183172445215, 'lambda_val': 0.003806720368798679, 'batch_size': 3933, 'optimizer': 'RMSprop'}. Best is trial 2 with value: 0.07312652130347504.
2026-05-19 19:21:26,136 - experiment_functions - INFO - Early stopping at epoch 600. Best Recall: 0.0390
2026-05-19 19:21:26,228 - optuna.study.study - INFO - Trial 12 finished with value: 0.038975133780926985 and parameters: {'n_layers': 2, 'embedding_dim': 32, 'lr': 0.001656393986713008, 'lambda_val': 8.636282253289112e-05, 'batch_size': 3968, 'optimizer': 'RMSprop'}. Best is trial 2 with value: 0.07312652130347504.
2026-05-19 19:21:29,794 - experiment_functions - INFO - Early stopping at epoch 500. Best Recall: 0.0035
2026-05-19 19:21:29,895 - optuna.study.study - INFO - Trial 13 finished with value: 0.003541854999020374 and parameters: {'n_layers': 1, 'embedding_dim': 96, 'lr': 2.1146862964358136e-05, 'lambda_val': 0.003109272206696456, 'batch_size': 2774, 'optimizer': 'RMSprop'}. Best is trial 2 with value: 0.07312652130347504.
2026-05-19 19:21:37,101 - experiment_functions - INFO - Early stopping at epoch 950. Best Recall: 0.0196
2026-05-19 19:21:37,201 - optuna.study.study - INFO - Trial 14 finished with value: 0.019570012329862444 and parameters: {'n_layers': 3, 'embedding_dim': 32, 'lr': 0.093498995672598, 'lambda_val': 0.001760538497417789, 'batch_size': 3391, 'optimizer': 'Adam'}. Best is trial 2 with value: 0.07312652130347504.
2026-05-19 19:21:45,099 - optuna.study._optimize - INFO - Trial 15 pruned. 
2026-05-19 19:21:54,781 - experiment_functions - INFO - Early stopping at epoch 750. Best Recall: 0.0391
2026-05-19 19:21:54,872 - optuna.study.study - INFO - Trial 16 finished with value: 0.0390565907453903 and parameters: {'n_layers': 3, 'embedding_dim': 256, 'lr': 0.0007673412387951713, 'lambda_val': 1.0774544681564932e-06, 'batch_size': 3501, 'optimizer': 'Adam'}. Best is trial 2 with value: 0.07312652130347504.
2026-05-19 19:21:58,348 - experiment_functions - INFO - Early stopping at epoch 550. Best Recall: 0.0623
2026-05-19 19:21:58,464 - optuna.study.study - INFO - Trial 17 finished with value: 0.062256834537434504 and parameters: {'n_layers': 1, 'embedding_dim': 32, 'lr': 0.007184160028062431, 'lambda_val': 0.0001133658150833582, 'batch_size': 2478, 'optimizer': 'Adam'}. Best is trial 2 with value: 0.07312652130347504.
2026-05-19 19:22:04,707 - optuna.study._optimize - INFO - Trial 18 pruned. 
2026-05-19 19:22:10,106 - experiment_functions - INFO - Early stopping at epoch 800. Best Recall: 0.0246
2026-05-19 19:22:10,207 - optuna.study.study - INFO - Trial 19 finished with value: 0.024555852907160145 and parameters: {'n_layers': 1, 'embedding_dim': 64, 'lr': 0.046570286459739145, 'lambda_val': 5.226470733692681e-06, 'batch_size': 1365, 'optimizer': 'Adam'}. Best is trial 2 with value: 0.07312652130347504.
2026-05-19 19:22:13,974 - experiment_functions - INFO - Early stopping at epoch 550. Best Recall: 0.0354
2026-05-19 19:22:14,094 - optuna.study.study - INFO - Trial 20 finished with value: 0.03537213211353195 and parameters: {'n_layers': 1, 'embedding_dim': 96, 'lr': 0.012055703861684895, 'lambda_val': 2.707588801187933e-05, 'batch_size': 2031, 'optimizer': 'RMSprop'}. Best is trial 2 with value: 0.07312652130347504.
2026-05-19 19:22:18,412 - experiment_functions - INFO - Early stopping at epoch 600. Best Recall: 0.0383
2026-05-19 19:22:18,502 - optuna.study.study - INFO - Trial 21 finished with value: 0.03825952228674889 and parameters: {'n_layers': 2, 'embedding_dim': 32, 'lr': 0.002728401005647019, 'lambda_val': 0.006933880383624564, 'batch_size': 3597, 'optimizer': 'Adam'}. Best is trial 2 with value: 0.07312652130347504.
2026-05-19 19:22:22,937 - experiment_functions - INFO - Early stopping at epoch 700. Best Recall: 0.0517
2026-05-19 19:22:23,295 - optuna.study.study - INFO - Trial 22 finished with value: 0.05171955789910025 and parameters: {'n_layers': 2, 'embedding_dim': 32, 'lr': 0.0013623145493134987, 'lambda_val': 0.0001193750365846285, 'batch_size': 599, 'optimizer': 'Adam'}. Best is trial 2 with value: 0.07312652130347504.
2026-05-19 19:22:29,782 - optuna.study._optimize - INFO - Trial 23 pruned. 
2026-05-19 19:22:34,641 - experiment_functions - INFO - Early stopping at epoch 800. Best Recall: 0.0674
2026-05-19 19:22:34,740 - optuna.study.study - INFO - Trial 24 finished with value: 0.0673823677202945 and parameters: {'n_layers': 1, 'embedding_dim': 32, 'lr': 0.001271671623834287, 'lambda_val': 7.229106512220326e-06, 'batch_size': 1052, 'optimizer': 'Adam'}. Best is trial 2 with value: 0.07312652130347504.
2026-05-19 19:22:47,011 - experiment_functions - INFO - Early stopping at epoch 1800. Best Recall: 0.0726
2026-05-19 19:22:47,112 - optuna.study.study - INFO - Trial 25 finished with value: 0.07264269167718197 and parameters: {'n_layers': 1, 'embedding_dim': 256, 'lr': 0.0004931548438794855, 'lambda_val': 4.22533460368984e-06, 'batch_size': 1156, 'optimizer': 'Adam'}. Best is trial 2 with value: 0.07312652130347504.
2026-05-19 19:22:51,592 - experiment_functions - INFO - Early stopping at epoch 700. Best Recall: 0.0012
2026-05-19 19:22:51,682 - optuna.study.study - INFO - Trial 26 finished with value: 0.0012244389253687157 and parameters: {'n_layers': 1, 'embedding_dim': 256, 'lr': 4.537509036900759e-05, 'lambda_val': 3.824065956404368e-06, 'batch_size': 1058, 'optimizer': 'RMSprop'}. Best is trial 2 with value: 0.07312652130347504.
2026-05-19 19:23:07,181 - experiment_functions - INFO - Early stopping at epoch 2600. Best Recall: 0.0840
2026-05-19 19:23:07,296 - optuna.study.study - INFO - Trial 27 finished with value: 0.08404332295653318 and parameters: {'n_layers': 1, 'embedding_dim': 256, 'lr': 0.00042457864017617374, 'lambda_val': 2.095736270732297e-06, 'batch_size': 1293, 'optimizer': 'Adam'}. Best is trial 27 with value: 0.08404332295653318.
2026-05-19 19:23:21,492 - experiment_functions - INFO - Early stopping at epoch 1850. Best Recall: 0.0783
2026-05-19 19:23:21,571 - optuna.study.study - INFO - Trial 28 finished with value: 0.07825023112377351 and parameters: {'n_layers': 1, 'embedding_dim': 256, 'lr': 0.0004238723358564064, 'lambda_val': 2.3982394795360117e-06, 'batch_size': 1404, 'optimizer': 'Adam'}. Best is trial 27 with value: 0.08404332295653318.
2026-05-19 19:23:27,845 - optuna.study._optimize - INFO - Trial 29 pruned. 
2026-05-19 19:23:31,574 - experiment_functions - INFO - Early stopping at epoch 500. Best Recall: 0.0021
2026-05-19 19:23:31,663 - optuna.study.study - INFO - Trial 30 finished with value: 0.0021445767121423633 and parameters: {'n_layers': 1, 'embedding_dim': 256, 'lr': 0.0003447597260592923, 'lambda_val': 1.300126977670607e-05, 'batch_size': 828, 'optimizer': 'SGD'}. Best is trial 27 with value: 0.08404332295653318.
2026-05-19 19:23:38,860 - optuna.study._optimize - INFO - Trial 31 pruned. 
2026-05-19 19:23:45,431 - optuna.study._optimize - INFO - Trial 32 pruned. 
2026-05-19 19:23:52,032 - optuna.study._optimize - INFO - Trial 33 pruned. 
2026-05-19 19:24:05,773 - experiment_functions - INFO - Early stopping at epoch 1650. Best Recall: 0.0910
2026-05-19 19:24:05,922 - optuna.study.study - INFO - Trial 34 finished with value: 0.09103696294173279 and parameters: {'n_layers': 1, 'embedding_dim': 256, 'lr': 0.000796291894087085, 'lambda_val': 3.166584147011937e-05, 'batch_size': 1638, 'optimizer': 'Adam'}. Best is trial 34 with value: 0.09103696294173279.
2026-05-19 19:24:14,949 - optuna.study._optimize - INFO - Trial 35 pruned. 
2026-05-19 19:24:18,465 - experiment_functions - INFO - Early stopping at epoch 500. Best Recall: 0.0025
2026-05-19 19:24:18,555 - optuna.study.study - INFO - Trial 36 finished with value: 0.002496863557077672 and parameters: {'n_layers': 2, 'embedding_dim': 64, 'lr': 0.0009398044915541443, 'lambda_val': 8.667443698311667e-06, 'batch_size': 1791, 'optimizer': 'SGD'}. Best is trial 34 with value: 0.09103696294173279.
2026-05-19 19:24:22,811 - experiment_functions - INFO - Early stopping at epoch 550. Best Recall: 0.0013
2026-05-19 19:24:22,912 - optuna.study.study - INFO - Trial 37 finished with value: 0.0013361094443369054 and parameters: {'n_layers': 1, 'embedding_dim': 256, 'lr': 3.1006657243115815e-05, 'lambda_val': 2.0140345871855048e-06, 'batch_size': 867, 'optimizer': 'Adam'}. Best is trial 34 with value: 0.09103696294173279.
2026-05-19 19:24:30,593 - optuna.study._optimize - INFO - Trial 38 pruned. 
2026-05-19 19:24:35,296 - experiment_functions - INFO - Early stopping at epoch 500. Best Recall: 0.0016
2026-05-19 19:24:35,439 - optuna.study.study - INFO - Trial 39 finished with value: 0.0015741462703736883 and parameters: {'n_layers': 3, 'embedding_dim': 256, 'lr': 0.0001433093709505938, 'lambda_val': 1.0087803431685053e-06, 'batch_size': 1535, 'optimizer': 'SGD'}. Best is trial 34 with value: 0.09103696294173279.
2026-05-19 19:24:42,167 - optuna.study._optimize - INFO - Trial 40 pruned. 
2026-05-19 19:24:49,048 - optuna.study._optimize - INFO - Trial 41 pruned. 
2026-05-19 19:24:55,626 - optuna.study._optimize - INFO - Trial 42 pruned. 
2026-05-19 19:25:05,555 - experiment_functions - INFO - Early stopping at epoch 1300. Best Recall: 0.0888
2026-05-19 19:25:05,659 - optuna.study.study - INFO - Trial 43 finished with value: 0.0887949308547949 and parameters: {'n_layers': 1, 'embedding_dim': 256, 'lr': 0.0018765729114886159, 'lambda_val': 1.702084769251042e-05, 'batch_size': 1496, 'optimizer': 'Adam'}. Best is trial 34 with value: 0.09103696294173279.
2026-05-19 19:25:12,799 - experiment_functions - INFO - Early stopping at epoch 1050. Best Recall: 0.0874
2026-05-19 19:25:12,953 - optuna.study.study - INFO - Trial 44 finished with value: 0.08738579113883348 and parameters: {'n_layers': 1, 'embedding_dim': 256, 'lr': 0.0021693623969909637, 'lambda_val': 0.00026669326840685786, 'batch_size': 1470, 'optimizer': 'Adam'}. Best is trial 34 with value: 0.09103696294173279.
2026-05-19 19:25:19,734 - experiment_functions - INFO - Early stopping at epoch 950. Best Recall: 0.0740
2026-05-19 19:25:19,826 - optuna.study.study - INFO - Trial 45 finished with value: 0.073995792886814 and parameters: {'n_layers': 1, 'embedding_dim': 256, 'lr': 0.0047708629854036014, 'lambda_val': 0.00030456596024977154, 'batch_size': 1436, 'optimizer': 'Adam'}. Best is trial 34 with value: 0.09103696294173279.
2026-05-19 19:25:28,329 - experiment_functions - INFO - Early stopping at epoch 1450. Best Recall: 0.0836
2026-05-19 19:25:28,430 - optuna.study.study - INFO - Trial 46 finished with value: 0.08364006224648547 and parameters: {'n_layers': 1, 'embedding_dim': 128, 'lr': 0.0023840303562994297, 'lambda_val': 5.1066806997798625e-05, 'batch_size': 1864, 'optimizer': 'Adam'}. Best is trial 34 with value: 0.09103696294173279.
2026-05-19 19:25:37,893 - optuna.study._optimize - INFO - Trial 47 pruned. 
2026-05-19 19:25:41,839 - experiment_functions - INFO - Early stopping at epoch 600. Best Recall: 0.0672
2026-05-19 19:25:41,975 - optuna.study.study - INFO - Trial 48 finished with value: 0.06716128030642025 and parameters: {'n_layers': 1, 'embedding_dim': 128, 'lr': 0.004365454141004191, 'lambda_val': 5.529636936498751e-05, 'batch_size': 1903, 'optimizer': 'Adam'}. Best is trial 34 with value: 0.09103696294173279.
2026-05-19 19:25:46,297 - experiment_functions - INFO - Early stopping at epoch 600. Best Recall: 0.0545
2026-05-19 19:25:46,387 - optuna.study.study - INFO - Trial 49 finished with value: 0.05448226565006075 and parameters: {'n_layers': 2, 'embedding_dim': 128, 'lr': 0.0019817987872442593, 'lambda_val': 0.0011961665882351574, 'batch_size': 2097, 'optimizer': 'Adam'}. Best is trial 34 with value: 0.09103696294173279.
2026-05-19 19:25:51,981 - experiment_functions - INFO - Early stopping at epoch 650. Best Recall: 0.0332
2026-05-19 19:25:52,082 - optuna.study.study - INFO - Trial 50 finished with value: 0.033230861651265986 and parameters: {'n_layers': 4, 'embedding_dim': 96, 'lr': 0.0009379357194650193, 'lambda_val': 0.00021382260113743395, 'batch_size': 1721, 'optimizer': 'Adam'}. Best is trial 34 with value: 0.09103696294173279.
2026-05-19 19:25:57,651 - experiment_functions - INFO - Early stopping at epoch 900. Best Recall: 0.0691
2026-05-19 19:25:57,751 - optuna.study.study - INFO - Trial 51 finished with value: 0.06914338447757842 and parameters: {'n_layers': 1, 'embedding_dim': 128, 'lr': 0.004456929348487263, 'lambda_val': 2.080247833234322e-05, 'batch_size': 1522, 'optimizer': 'Adam'}. Best is trial 34 with value: 0.09103696294173279.
2026-05-19 19:26:08,311 - experiment_functions - INFO - Early stopping at epoch 1650. Best Recall: 0.0824
2026-05-19 19:26:08,401 - optuna.study.study - INFO - Trial 52 finished with value: 0.08239665767118004 and parameters: {'n_layers': 1, 'embedding_dim': 256, 'lr': 0.001433636249131658, 'lambda_val': 0.000205194942162804, 'batch_size': 1643, 'optimizer': 'Adam'}. Best is trial 34 with value: 0.09103696294173279.
2026-05-19 19:26:16,900 - experiment_functions - INFO - Early stopping at epoch 1250. Best Recall: 0.0859
2026-05-19 19:26:17,035 - optuna.study.study - INFO - Trial 53 finished with value: 0.08586855513568346 and parameters: {'n_layers': 1, 'embedding_dim': 256, 'lr': 0.0013272751590503072, 'lambda_val': 5.7205232853694855e-05, 'batch_size': 1876, 'optimizer': 'Adam'}. Best is trial 34 with value: 0.09103696294173279.
2026-05-19 19:26:24,407 - optuna.study._optimize - INFO - Trial 54 pruned. 
2026-05-19 19:26:31,167 - optuna.study._optimize - INFO - Trial 55 pruned. 
2026-05-19 19:26:34,335 - experiment_functions - INFO - Early stopping at epoch 500. Best Recall: 0.0020
2026-05-19 19:26:34,425 - optuna.study.study - INFO - Trial 56 finished with value: 0.001969802141641795 and parameters: {'n_layers': 1, 'embedding_dim': 96, 'lr': 0.011248240030603297, 'lambda_val': 0.000575465743278332, 'batch_size': 2120, 'optimizer': 'SGD'}. Best is trial 34 with value: 0.09103696294173279.
2026-05-19 19:26:39,039 - experiment_functions - INFO - Early stopping at epoch 550. Best Recall: 0.0673
2026-05-19 19:26:39,175 - optuna.study.study - INFO - Trial 57 finished with value: 0.06729879194463304 and parameters: {'n_layers': 1, 'embedding_dim': 256, 'lr': 0.008232498510464866, 'lambda_val': 0.00016413196028310076, 'batch_size': 2369, 'optimizer': 'Adam'}. Best is trial 34 with value: 0.09103696294173279.
2026-05-19 19:26:44,898 - experiment_functions - INFO - Early stopping at epoch 900. Best Recall: 0.0668
2026-05-19 19:26:45,076 - optuna.study.study - INFO - Trial 58 finished with value: 0.06684619620116572 and parameters: {'n_layers': 1, 'embedding_dim': 64, 'lr': 0.0018024725382467098, 'lambda_val': 2.063887862086211e-05, 'batch_size': 1841, 'optimizer': 'Adam'}. Best is trial 34 with value: 0.09103696294173279.
2026-05-19 19:26:49,155 - experiment_functions - INFO - Early stopping at epoch 550. Best Recall: 0.0538
2026-05-19 19:26:49,247 - optuna.study.study - INFO - Trial 59 finished with value: 0.053767775025199416 and parameters: {'n_layers': 2, 'embedding_dim': 128, 'lr': 0.0032844254901138233, 'lambda_val': 3.807044333933165e-05, 'batch_size': 1696, 'optimizer': 'Adam'}. Best is trial 34 with value: 0.09103696294173279.
2026-05-19 19:27:01,338 - experiment_functions - INFO - Early stopping at epoch 1900. Best Recall: 0.0948
2026-05-19 19:27:01,440 - optuna.study.study - INFO - Trial 60 finished with value: 0.09483159564833794 and parameters: {'n_layers': 1, 'embedding_dim': 256, 'lr': 0.001223471072495269, 'lambda_val': 1.5667421332232928e-05, 'batch_size': 1493, 'optimizer': 'Adam'}. Best is trial 60 with value: 0.09483159564833794.
2026-05-19 19:27:26,205 - experiment_functions - INFO - Early stopping at epoch 2000. Best Recall: 0.0918
2026-05-19 19:27:26,325 - optuna.study.study - INFO - Trial 61 finished with value: 0.09183391703262389 and parameters: {'n_layers': 1, 'embedding_dim': 256, 'lr': 0.0010055116867436896, 'lambda_val': 1.6145124575654028e-05, 'batch_size': 1485, 'optimizer': 'Adam'}. Best is trial 60 with value: 0.09483159564833794.
2026-05-19 19:27:36,029 - optuna.study._optimize - INFO - Trial 62 pruned. 
2026-05-19 19:27:41,657 - experiment_functions - INFO - Early stopping at epoch 850. Best Recall: 0.0301
2026-05-19 19:27:41,748 - optuna.study.study - INFO - Trial 63 finished with value: 0.030124127119853246 and parameters: {'n_layers': 1, 'embedding_dim': 256, 'lr': 0.0006920295077770697, 'lambda_val': 0.08134931558248609, 'batch_size': 1526, 'optimizer': 'Adam'}. Best is trial 60 with value: 0.09483159564833794.
2026-05-19 19:27:49,583 - optuna.study._optimize - INFO - Trial 64 pruned. 
2026-05-19 19:27:56,702 - optuna.study._optimize - INFO - Trial 65 pruned. 
2026-05-19 19:28:05,433 - experiment_functions - INFO - Early stopping at epoch 1300. Best Recall: 0.0827
2026-05-19 19:28:05,525 - optuna.study.study - INFO - Trial 66 finished with value: 0.08266490516338877 and parameters: {'n_layers': 1, 'embedding_dim': 256, 'lr': 0.0017213508500536034, 'lambda_val': 1.66452964320268e-05, 'batch_size': 2007, 'optimizer': 'Adam'}. Best is trial 60 with value: 0.09483159564833794.
2026-05-19 19:28:18,743 - experiment_functions - INFO - Early stopping at epoch 2100. Best Recall: 0.0877
2026-05-19 19:28:18,833 - optuna.study.study - INFO - Trial 67 finished with value: 0.08769725463830655 and parameters: {'n_layers': 1, 'embedding_dim': 256, 'lr': 0.0008612383974400378, 'lambda_val': 2.89794601538521e-05, 'batch_size': 1642, 'optimizer': 'Adam'}. Best is trial 60 with value: 0.09483159564833794.
2026-05-19 19:28:25,394 - optuna.study._optimize - INFO - Trial 68 pruned. 
2026-05-19 19:28:29,494 - experiment_functions - INFO - Early stopping at epoch 500. Best Recall: 0.0020
2026-05-19 19:28:29,608 - optuna.study.study - INFO - Trial 69 finished with value: 0.0019823876078758668 and parameters: {'n_layers': 2, 'embedding_dim': 256, 'lr': 0.003479103168378674, 'lambda_val': 2.8339932536865695e-05, 'batch_size': 1470, 'optimizer': 'SGD'}. Best is trial 60 with value: 0.09483159564833794.
2026-05-19 19:28:36,891 - optuna.study._optimize - INFO - Trial 70 pruned. 
2026-05-19 19:28:43,887 - optuna.study._optimize - INFO - Trial 71 pruned. 
2026-05-19 19:28:58,542 - experiment_functions - INFO - Early stopping at epoch 2200. Best Recall: 0.0888
2026-05-19 19:28:58,685 - optuna.study.study - INFO - Trial 72 finished with value: 0.08877821666142108 and parameters: {'n_layers': 1, 'embedding_dim': 256, 'lr': 0.0011963571872665823, 'lambda_val': 1.7368861954214808e-05, 'batch_size': 1346, 'optimizer': 'Adam'}. Best is trial 60 with value: 0.09483159564833794.
2026-05-19 19:29:13,110 - experiment_functions - INFO - Early stopping at epoch 1750. Best Recall: 0.0926
2026-05-19 19:29:13,221 - optuna.study.study - INFO - Trial 73 finished with value: 0.09261249574639693 and parameters: {'n_layers': 1, 'embedding_dim': 256, 'lr': 0.0011266639050371888, 'lambda_val': 4.248382789423149e-05, 'batch_size': 1688, 'optimizer': 'Adam'}. Best is trial 60 with value: 0.09483159564833794.
2026-05-19 19:29:31,290 - experiment_functions - INFO - Early stopping at epoch 2450. Best Recall: 0.0941
2026-05-19 19:29:31,379 - optuna.study.study - INFO - Trial 74 finished with value: 0.0941089873432869 and parameters: {'n_layers': 1, 'embedding_dim': 256, 'lr': 0.001011774643883231, 'lambda_val': 3.642032484062406e-05, 'batch_size': 1133, 'optimizer': 'Adam'}. Best is trial 60 with value: 0.09483159564833794.
2026-05-19 19:29:43,836 - experiment_functions - INFO - Early stopping at epoch 2000. Best Recall: 0.0941
2026-05-19 19:29:44,192 - optuna.study.study - INFO - Trial 75 finished with value: 0.09407734468470445 and parameters: {'n_layers': 1, 'embedding_dim': 256, 'lr': 0.0009837326661410203, 'lambda_val': 1.626649478597967e-05, 'batch_size': 1161, 'optimizer': 'Adam'}. Best is trial 60 with value: 0.09483159564833794.
2026-05-19 19:29:51,311 - experiment_functions - INFO - Early stopping at epoch 900. Best Recall: 0.0378
2026-05-19 19:29:51,421 - optuna.study.study - INFO - Trial 76 finished with value: 0.03784513589381877 and parameters: {'n_layers': 4, 'embedding_dim': 96, 'lr': 0.0005777603375902942, 'lambda_val': 1.590650073454853e-05, 'batch_size': 1119, 'optimizer': 'Adam'}. Best is trial 60 with value: 0.09483159564833794.
2026-05-19 19:29:57,546 - experiment_functions - INFO - Early stopping at epoch 900. Best Recall: 0.0799
2026-05-19 19:29:57,637 - optuna.study.study - INFO - Trial 77 finished with value: 0.07986684669605851 and parameters: {'n_layers': 1, 'embedding_dim': 256, 'lr': 0.001085626991603085, 'lambda_val': 5.662978893406985e-06, 'batch_size': 968, 'optimizer': 'Adam'}. Best is trial 60 with value: 0.09483159564833794.
2026-05-19 19:30:04,574 - optuna.study._optimize - INFO - Trial 78 pruned. 
2026-05-19 19:30:14,735 - optuna.study._optimize - INFO - Trial 79 pruned. 
2026-05-19 19:30:21,324 - experiment_functions - INFO - Early stopping at epoch 850. Best Recall: 0.0523
2026-05-19 19:30:21,434 - optuna.study.study - INFO - Trial 80 finished with value: 0.05233696814892576 and parameters: {'n_layers': 2, 'embedding_dim': 64, 'lr': 0.0011874336410826062, 'lambda_val': 3.740629228876347e-06, 'batch_size': 699, 'optimizer': 'Adam'}. Best is trial 60 with value: 0.09483159564833794.
2026-05-19 19:30:28,523 - optuna.study._optimize - INFO - Trial 81 pruned. 
2026-05-19 19:30:35,584 - optuna.study._optimize - INFO - Trial 82 pruned. 
2026-05-19 19:30:42,424 - optuna.study._optimize - INFO - Trial 83 pruned. 
2026-05-19 19:30:49,362 - optuna.study._optimize - INFO - Trial 84 pruned. 
2026-05-19 19:30:57,237 - optuna.study._optimize - INFO - Trial 85 pruned. 
2026-05-19 19:31:05,854 - optuna.study._optimize - INFO - Trial 86 pruned. 
2026-05-19 19:31:09,576 - experiment_functions - INFO - Early stopping at epoch 500. Best Recall: 0.0028
2026-05-19 19:31:09,667 - optuna.study.study - INFO - Trial 87 finished with value: 0.0028207903325594245 and parameters: {'n_layers': 1, 'embedding_dim': 256, 'lr': 0.0005084021666252717, 'lambda_val': 3.169675230425645e-05, 'batch_size': 1643, 'optimizer': 'SGD'}. Best is trial 60 with value: 0.09483159564833794.
2026-05-19 19:31:15,714 - optuna.study._optimize - INFO - Trial 88 pruned. 
2026-05-19 19:31:29,259 - experiment_functions - INFO - Early stopping at epoch 2150. Best Recall: 0.0906
2026-05-19 19:31:29,348 - optuna.study.study - INFO - Trial 89 finished with value: 0.09057846854824879 and parameters: {'n_layers': 1, 'embedding_dim': 256, 'lr': 0.0013132506364540576, 'lambda_val': 1.7522364013019908e-05, 'batch_size': 1006, 'optimizer': 'Adam'}. Best is trial 60 with value: 0.09483159564833794.
2026-05-19 19:31:38,080 - optuna.study._optimize - INFO - Trial 90 pruned. 
2026-05-19 19:31:45,073 - optuna.study._optimize - INFO - Trial 91 pruned. 
2026-05-19 19:31:55,380 - optuna.study._optimize - INFO - Trial 92 pruned. 
2026-05-19 19:32:02,252 - experiment_functions - INFO - Early stopping at epoch 950. Best Recall: 0.0866
2026-05-19 19:32:02,388 - optuna.study.study - INFO - Trial 93 finished with value: 0.0865652316811177 and parameters: {'n_layers': 1, 'embedding_dim': 256, 'lr': 0.002709592779337698, 'lambda_val': 8.953228620636877e-06, 'batch_size': 776, 'optimizer': 'Adam'}. Best is trial 60 with value: 0.09483159564833794.
2026-05-19 19:32:09,048 - optuna.study._optimize - INFO - Trial 94 pruned. 
2026-05-19 19:32:14,181 - experiment_functions - INFO - Early stopping at epoch 500. Best Recall: 0.0024
2026-05-19 19:32:14,281 - optuna.study.study - INFO - Trial 95 finished with value: 0.002426841785921661 and parameters: {'n_layers': 1, 'embedding_dim': 256, 'lr': 1.2480662288134474e-05, 'lambda_val': 2.5235938106436172e-05, 'batch_size': 1400, 'optimizer': 'Adam'}. Best is trial 60 with value: 0.09483159564833794.
2026-05-19 19:32:19,379 - experiment_functions - INFO - Early stopping at epoch 650. Best Recall: 0.0426
2026-05-19 19:32:19,469 - optuna.study.study - INFO - Trial 96 finished with value: 0.042640014761601695 and parameters: {'n_layers': 3, 'embedding_dim': 96, 'lr': 0.0010188544542155556, 'lambda_val': 4.942497803913168e-05, 'batch_size': 1173, 'optimizer': 'Adam'}. Best is trial 60 with value: 0.09483159564833794.
2026-05-19 19:32:26,274 - optuna.study._optimize - INFO - Trial 97 pruned. 
2026-05-19 19:32:33,114 - optuna.study._optimize - INFO - Trial 98 pruned. 
2026-05-19 19:32:38,297 - experiment_functions - INFO - Early stopping at epoch 800. Best Recall: 0.0743
2026-05-19 19:32:38,445 - optuna.study.study - INFO - Trial 99 finished with value: 0.07430378299065217 and parameters: {'n_layers': 1, 'embedding_dim': 64, 'lr': 0.0013229936307070126, 'lambda_val': 6.87293177564176e-05, 'batch_size': 1773, 'optimizer': 'RMSprop'}. Best is trial 60 with value: 0.09483159564833794.
2026-05-19 19:32:47,705 - optuna.study._optimize - INFO - Trial 100 pruned. 
2026-05-19 19:32:51,925 - experiment_functions - INFO - Early stopping at epoch 550. Best Recall: 0.0633
2026-05-19 19:32:52,025 - optuna.study.study - INFO - Trial 101 finished with value: 0.06333751370218561 and parameters: {'n_layers': 1, 'embedding_dim': 256, 'lr': 0.005636250850645657, 'lambda_val': 0.0009796552133302032, 'batch_size': 1459, 'optimizer': 'Adam'}. Best is trial 60 with value: 0.09483159564833794.
2026-05-19 19:32:59,116 - optuna.study._optimize - INFO - Trial 102 pruned. 
2026-05-19 19:33:10,707 - optuna.study._optimize - INFO - Trial 103 pruned. 
2026-05-19 19:33:17,305 - optuna.study._optimize - INFO - Trial 104 pruned. 
2026-05-19 19:33:24,752 - optuna.study._optimize - INFO - Trial 105 pruned. 
2026-05-19 19:33:29,745 - experiment_functions - INFO - Early stopping at epoch 500. Best Recall: 0.0010
2026-05-19 19:33:29,845 - optuna.study.study - INFO - Trial 106 finished with value: 0.0009504249254276631 and parameters: {'n_layers': 1, 'embedding_dim': 32, 'lr': 0.001141648336417104, 'lambda_val': 0.00014185547231188015, 'batch_size': 895, 'optimizer': 'SGD'}. Best is trial 60 with value: 0.09483159564833794.
2026-05-19 19:33:37,907 - experiment_functions - INFO - Early stopping at epoch 1150. Best Recall: 0.0845
2026-05-19 19:33:38,016 - optuna.study.study - INFO - Trial 107 finished with value: 0.08454044813506734 and parameters: {'n_layers': 1, 'embedding_dim': 256, 'lr': 0.001800245782365331, 'lambda_val': 4.678149174176859e-05, 'batch_size': 1291, 'optimizer': 'Adam'}. Best is trial 60 with value: 0.09483159564833794.
2026-05-19 19:33:45,964 - optuna.study._optimize - INFO - Trial 108 pruned. 
2026-05-19 19:33:52,693 - optuna.study._optimize - INFO - Trial 109 pruned. 
2026-05-19 19:33:59,942 - optuna.study._optimize - INFO - Trial 110 pruned. 
2026-05-19 19:34:15,997 - optuna.study._optimize - INFO - Trial 111 pruned. 
2026-05-19 19:34:22,706 - optuna.study._optimize - INFO - Trial 112 pruned. 
2026-05-19 19:34:31,938 - optuna.study._optimize - INFO - Trial 113 pruned. 
2026-05-19 19:34:42,300 - optuna.study._optimize - INFO - Trial 114 pruned. 
2026-05-19 19:34:51,405 - experiment_functions - INFO - Early stopping at epoch 1300. Best Recall: 0.0874
2026-05-19 19:34:51,559 - optuna.study.study - INFO - Trial 115 finished with value: 0.0874268919718474 and parameters: {'n_layers': 1, 'embedding_dim': 256, 'lr': 0.001000457990745179, 'lambda_val': 1.0880868103908478e-05, 'batch_size': 2905, 'optimizer': 'Adam'}. Best is trial 60 with value: 0.09483159564833794.
2026-05-19 19:34:58,557 - optuna.study._optimize - INFO - Trial 116 pruned. 
2026-05-19 19:35:05,397 - optuna.study._optimize - INFO - Trial 117 pruned. 
2026-05-19 19:35:21,048 - optuna.study._optimize - INFO - Trial 118 pruned. 
2026-05-19 19:35:26,928 - experiment_functions - INFO - Early stopping at epoch 850. Best Recall: 0.0616
2026-05-19 19:35:27,029 - optuna.study.study - INFO - Trial 119 finished with value: 0.061559124213667736 and parameters: {'n_layers': 1, 'embedding_dim': 256, 'lr': 0.0006290487629582011, 'lambda_val': 0.00941456336359662, 'batch_size': 1257, 'optimizer': 'Adam'}. Best is trial 60 with value: 0.09483159564833794.
2026-05-19 19:35:33,902 - experiment_functions - INFO - Early stopping at epoch 950. Best Recall: 0.0600
2026-05-19 19:35:34,038 - optuna.study.study - INFO - Trial 120 finished with value: 0.06004570009949231 and parameters: {'n_layers': 1, 'embedding_dim': 64, 'lr': 0.0019102156145829959, 'lambda_val': 1.180435802079697e-05, 'batch_size': 1348, 'optimizer': 'Adam'}. Best is trial 60 with value: 0.09483159564833794.
2026-05-19 19:35:42,324 - optuna.study._optimize - INFO - Trial 121 pruned. 
2026-05-19 19:35:51,930 - optuna.study._optimize - INFO - Trial 122 pruned. 
2026-05-19 19:36:01,433 - experiment_functions - INFO - Early stopping at epoch 1450. Best Recall: 0.0906
2026-05-19 19:36:01,532 - optuna.study.study - INFO - Trial 123 finished with value: 0.09055702017802184 and parameters: {'n_layers': 1, 'embedding_dim': 256, 'lr': 0.0007824538860415164, 'lambda_val': 9.534066168690082e-06, 'batch_size': 3823, 'optimizer': 'Adam'}. Best is trial 60 with value: 0.09483159564833794.
2026-05-19 19:36:11,103 - optuna.study._optimize - INFO - Trial 124 pruned. 
2026-05-19 19:36:17,856 - optuna.study._optimize - INFO - Trial 125 pruned. 
2026-05-19 19:36:34,988 - experiment_functions - INFO - Early stopping at epoch 2650. Best Recall: 0.0931
2026-05-19 19:36:35,086 - optuna.study.study - INFO - Trial 126 finished with value: 0.09309189490125327 and parameters: {'n_layers': 1, 'embedding_dim': 256, 'lr': 0.0010338796944205366, 'lambda_val': 2.7079785738210972e-05, 'batch_size': 3430, 'optimizer': 'Adam'}. Best is trial 60 with value: 0.09483159564833794.
2026-05-19 19:36:45,522 - experiment_functions - INFO - Early stopping at epoch 1550. Best Recall: 0.0884
2026-05-19 19:36:45,656 - optuna.study.study - INFO - Trial 127 finished with value: 0.08843430411707076 and parameters: {'n_layers': 1, 'embedding_dim': 256, 'lr': 0.0010781128391296507, 'lambda_val': 2.885505338375526e-05, 'batch_size': 3722, 'optimizer': 'Adam'}. Best is trial 60 with value: 0.09483159564833794.
2026-05-19 19:36:50,169 - experiment_functions - INFO - Early stopping at epoch 500. Best Recall: 0.0014
2026-05-19 19:36:50,260 - optuna.study.study - INFO - Trial 128 finished with value: 0.0013965384400233963 and parameters: {'n_layers': 1, 'embedding_dim': 32, 'lr': 0.00117984384719209, 'lambda_val': 2.7370798091766655e-05, 'batch_size': 3769, 'optimizer': 'SGD'}. Best is trial 60 with value: 0.09483159564833794.
2026-05-19 19:36:59,368 - optuna.study._optimize - INFO - Trial 129 pruned. 
2026-05-19 19:37:06,908 - optuna.study._optimize - INFO - Trial 130 pruned. 
2026-05-19 19:37:16,432 - experiment_functions - INFO - Early stopping at epoch 1300. Best Recall: 0.0891
2026-05-19 19:37:16,521 - optuna.study.study - INFO - Trial 131 finished with value: 0.08909934452615963 and parameters: {'n_layers': 1, 'embedding_dim': 256, 'lr': 0.0011083000128697632, 'lambda_val': 1.633618986466206e-05, 'batch_size': 3351, 'optimizer': 'Adam'}. Best is trial 60 with value: 0.09483159564833794.
2026-05-19 19:37:26,084 - optuna.study._optimize - INFO - Trial 132 pruned. 
2026-05-19 19:37:39,777 - experiment_functions - INFO - Early stopping at epoch 1250. Best Recall: 0.0930
2026-05-19 19:37:39,876 - optuna.study.study - INFO - Trial 133 finished with value: 0.09299493527440798 and parameters: {'n_layers': 1, 'embedding_dim': 256, 'lr': 0.0010860970022481351, 'lambda_val': 2.3085184766288126e-05, 'batch_size': 3547, 'optimizer': 'Adam'}. Best is trial 60 with value: 0.09483159564833794.
2026-05-19 19:37:49,709 - optuna.study._optimize - INFO - Trial 134 pruned. 
2026-05-19 19:38:00,143 - optuna.study._optimize - INFO - Trial 135 pruned. 
2026-05-19 19:38:07,036 - experiment_functions - INFO - Early stopping at epoch 1000. Best Recall: 0.0870
2026-05-19 19:38:07,125 - optuna.study.study - INFO - Trial 136 finished with value: 0.08702105055013028 and parameters: {'n_layers': 1, 'embedding_dim': 256, 'lr': 0.001420455947751073, 'lambda_val': 3.5797325749094165e-05, 'batch_size': 3853, 'optimizer': 'Adam'}. Best is trial 60 with value: 0.09483159564833794.
2026-05-19 19:38:12,880 - experiment_functions - INFO - Early stopping at epoch 550. Best Recall: 0.0229
2026-05-19 19:38:12,971 - optuna.study.study - INFO - Trial 137 finished with value: 0.022858429316096707 and parameters: {'n_layers': 4, 'embedding_dim': 256, 'lr': 0.0016947740282718768, 'lambda_val': 2.4601563802708645e-05, 'batch_size': 3662, 'optimizer': 'Adam'}. Best is trial 60 with value: 0.09483159564833794.
2026-05-19 19:38:21,022 - experiment_functions - INFO - Early stopping at epoch 1150. Best Recall: 0.0919
2026-05-19 19:38:21,112 - optuna.study.study - INFO - Trial 138 finished with value: 0.09185490728557201 and parameters: {'n_layers': 1, 'embedding_dim': 256, 'lr': 0.001142209911594303, 'lambda_val': 1.277011809415342e-05, 'batch_size': 3293, 'optimizer': 'Adam'}. Best is trial 60 with value: 0.09483159564833794.
2026-05-19 19:38:27,839 - optuna.study._optimize - INFO - Trial 139 pruned. 
2026-05-19 19:38:35,508 - optuna.study._optimize - INFO - Trial 140 pruned. 
2026-05-19 19:38:54,967 - experiment_functions - INFO - Early stopping at epoch 2250. Best Recall: 0.0916
2026-05-19 19:38:55,068 - optuna.study.study - INFO - Trial 141 finished with value: 0.09158035620225273 and parameters: {'n_layers': 1, 'embedding_dim': 256, 'lr': 0.0010229426616587105, 'lambda_val': 1.9068215029074703e-05, 'batch_size': 3758, 'optimizer': 'Adam'}. Best is trial 60 with value: 0.09483159564833794.
2026-05-19 19:39:02,010 - optuna.study._optimize - INFO - Trial 142 pruned. 
2026-05-19 19:39:11,522 - optuna.study._optimize - INFO - Trial 143 pruned. 
2026-05-19 19:39:18,461 - experiment_functions - INFO - Early stopping at epoch 1050. Best Recall: 0.0913
2026-05-19 19:39:18,542 - optuna.study.study - INFO - Trial 144 finished with value: 0.09128644109676899 and parameters: {'n_layers': 1, 'embedding_dim': 256, 'lr': 0.0019931782086390335, 'lambda_val': 6.6977022574282254e-06, 'batch_size': 3055, 'optimizer': 'Adam'}. Best is trial 60 with value: 0.09483159564833794.
2026-05-19 19:39:23,182 - experiment_functions - INFO - Early stopping at epoch 650. Best Recall: 0.0188
2026-05-19 19:39:23,274 - optuna.study.study - INFO - Trial 145 finished with value: 0.01877422654448875 and parameters: {'n_layers': 1, 'embedding_dim': 256, 'lr': 0.09653213431242251, 'lambda_val': 7.813186930893241e-06, 'batch_size': 3390, 'optimizer': 'Adam'}. Best is trial 60 with value: 0.09483159564833794.
2026-05-19 19:39:30,416 - optuna.study._optimize - INFO - Trial 146 pruned. 
2026-05-19 19:39:35,909 - experiment_functions - INFO - Early stopping at epoch 800. Best Recall: 0.0738
2026-05-19 19:39:36,000 - optuna.study.study - INFO - Trial 147 finished with value: 0.0737736769400376 and parameters: {'n_layers': 1, 'embedding_dim': 96, 'lr': 0.0015419922260828931, 'lambda_val': 1.2846959054793511e-05, 'batch_size': 3579, 'optimizer': 'Adam'}. Best is trial 60 with value: 0.09483159564833794.
2026-05-19 19:39:45,298 - optuna.study._optimize - INFO - Trial 148 pruned. 
2026-05-19 19:39:53,238 - optuna.study._optimize - INFO - Trial 149 pruned. 
2026-05-19 19:40:01,185 - optuna.study._optimize - INFO - Trial 150 pruned. 
2026-05-19 19:40:20,699 - experiment_functions - INFO - Early stopping at epoch 1450. Best Recall: 0.0879
2026-05-19 19:40:20,843 - optuna.study.study - INFO - Trial 151 finished with value: 0.08787460932565289 and parameters: {'n_layers': 1, 'embedding_dim': 256, 'lr': 0.0011735747565413158, 'lambda_val': 1.400734262916809e-05, 'batch_size': 3325, 'optimizer': 'Adam'}. Best is trial 60 with value: 0.09483159564833794.
2026-05-19 19:40:28,712 - experiment_functions - INFO - Early stopping at epoch 1150. Best Recall: 0.0886
2026-05-19 19:40:28,802 - optuna.study.study - INFO - Trial 152 finished with value: 0.08858107125288199 and parameters: {'n_layers': 1, 'embedding_dim': 256, 'lr': 0.0017452498173674937, 'lambda_val': 4.931113934009363e-06, 'batch_size': 3025, 'optimizer': 'Adam'}. Best is trial 60 with value: 0.09483159564833794.
2026-05-19 19:41:00,199 - optuna.study._optimize - INFO - Trial 153 pruned. 
2026-05-19 19:41:07,834 - optuna.study._optimize - INFO - Trial 154 pruned. 
2026-05-19 19:41:16,987 - experiment_functions - INFO - Early stopping at epoch 700. Best Recall: 0.0618
2026-05-19 19:41:17,750 - optuna.study.study - INFO - Trial 155 finished with value: 0.06177971122980702 and parameters: {'n_layers': 1, 'embedding_dim': 64, 'lr': 0.0020743254910224394, 'lambda_val': 3.621246333474619e-05, 'batch_size': 3535, 'optimizer': 'Adam'}. Best is trial 60 with value: 0.09483159564833794.
2026-05-19 19:41:33,862 - optuna.study._optimize - INFO - Trial 156 pruned. 
2026-05-19 19:41:37,677 - experiment_functions - INFO - Early stopping at epoch 500. Best Recall: 0.0014
2026-05-19 19:41:37,756 - optuna.study.study - INFO - Trial 157 finished with value: 0.0013555072835684178 and parameters: {'n_layers': 1, 'embedding_dim': 256, 'lr': 0.001233787131372519, 'lambda_val': 9.604347949425704e-06, 'batch_size': 3658, 'optimizer': 'SGD'}. Best is trial 60 with value: 0.09483159564833794.
2026-05-19 19:41:48,837 - optuna.study._optimize - INFO - Trial 158 pruned. 
2026-05-19 19:41:55,586 - optuna.study._optimize - INFO - Trial 159 pruned. 
2026-05-19 19:42:14,519 - optuna.study._optimize - INFO - Trial 160 pruned. 
2026-05-19 19:42:23,485 - experiment_functions - INFO - Early stopping at epoch 1250. Best Recall: 0.0874
2026-05-19 19:42:23,575 - optuna.study.study - INFO - Trial 161 finished with value: 0.08736934187532802 and parameters: {'n_layers': 1, 'embedding_dim': 256, 'lr': 0.0020425947302923496, 'lambda_val': 4.679005263609244e-06, 'batch_size': 3047, 'optimizer': 'Adam'}. Best is trial 60 with value: 0.09483159564833794.
2026-05-19 19:42:30,269 - experiment_functions - INFO - Early stopping at epoch 1000. Best Recall: 0.0837
2026-05-19 19:42:30,359 - optuna.study.study - INFO - Trial 162 finished with value: 0.08372847674813405 and parameters: {'n_layers': 1, 'embedding_dim': 256, 'lr': 0.0015341567424388453, 'lambda_val': 4.905345685480436e-06, 'batch_size': 3042, 'optimizer': 'Adam'}. Best is trial 60 with value: 0.09483159564833794.
2026-05-19 19:42:42,507 - experiment_functions - INFO - Early stopping at epoch 1550. Best Recall: 0.0898
2026-05-19 19:42:42,586 - optuna.study.study - INFO - Trial 163 finished with value: 0.089835786992735 and parameters: {'n_layers': 1, 'embedding_dim': 256, 'lr': 0.0009039317860117708, 'lambda_val': 3.0436412165255496e-06, 'batch_size': 2692, 'optimizer': 'Adam'}. Best is trial 60 with value: 0.09483159564833794.
2026-05-19 19:42:55,385 - experiment_functions - INFO - Early stopping at epoch 1950. Best Recall: 0.0947
2026-05-19 19:42:56,159 - optuna.study.study - INFO - Trial 164 finished with value: 0.09470388788656198 and parameters: {'n_layers': 1, 'embedding_dim': 256, 'lr': 0.0008523837637366417, 'lambda_val': 1.784483442267747e-05, 'batch_size': 2637, 'optimizer': 'Adam'}. Best is trial 60 with value: 0.09483159564833794.
2026-05-19 19:43:10,665 - optuna.study._optimize - INFO - Trial 165 pruned. 
2026-05-19 19:43:17,522 - optuna.study._optimize - INFO - Trial 166 pruned. 
2026-05-19 19:43:25,690 - optuna.study._optimize - INFO - Trial 167 pruned. 
2026-05-19 19:43:32,289 - optuna.study._optimize - INFO - Trial 168 pruned. 
2026-05-19 19:43:45,648 - experiment_functions - INFO - Early stopping at epoch 1950. Best Recall: 0.0954
2026-05-19 19:43:45,764 - optuna.study.study - INFO - Trial 169 finished with value: 0.09538125025078809 and parameters: {'n_layers': 1, 'embedding_dim': 256, 'lr': 0.0008445450283519463, 'lambda_val': 1.2413728239856125e-05, 'batch_size': 2814, 'optimizer': 'Adam'}. Best is trial 169 with value: 0.09538125025078809.
2026-05-19 19:43:52,622 - optuna.study._optimize - INFO - Trial 170 pruned. 
2026-05-19 19:44:01,780 - optuna.study._optimize - INFO - Trial 171 pruned. 
2026-05-19 19:44:09,073 - optuna.study._optimize - INFO - Trial 172 pruned. 
2026-05-19 19:44:18,763 - optuna.study._optimize - INFO - Trial 173 pruned. 
2026-05-19 19:44:26,935 - experiment_functions - INFO - Early stopping at epoch 1250. Best Recall: 0.0882
2026-05-19 19:44:27,024 - optuna.study.study - INFO - Trial 174 finished with value: 0.08820459318868158 and parameters: {'n_layers': 1, 'embedding_dim': 256, 'lr': 0.0012564431859818672, 'lambda_val': 9.30421091696198e-06, 'batch_size': 2792, 'optimizer': 'Adam'}. Best is trial 169 with value: 0.09538125025078809.
2026-05-19 19:44:33,593 - optuna.study._optimize - INFO - Trial 175 pruned. 
2026-05-19 19:44:41,004 - optuna.study._optimize - INFO - Trial 176 pruned. 
2026-05-19 19:44:47,719 - optuna.study._optimize - INFO - Trial 177 pruned. 
2026-05-19 19:44:54,789 - optuna.study._optimize - INFO - Trial 178 pruned. 
2026-05-19 19:45:04,015 - optuna.study._optimize - INFO - Trial 179 pruned. 
2026-05-19 19:45:10,238 - optuna.study._optimize - INFO - Trial 180 pruned. 
2026-05-19 19:45:17,622 - optuna.study._optimize - INFO - Trial 181 pruned. 
2026-05-19 19:45:28,299 - experiment_functions - INFO - Early stopping at epoch 1700. Best Recall: 0.0905
2026-05-19 19:45:28,401 - optuna.study.study - INFO - Trial 182 finished with value: 0.09048786236451196 and parameters: {'n_layers': 1, 'embedding_dim': 256, 'lr': 0.0011028416878181666, 'lambda_val': 1.5120569465933174e-05, 'batch_size': 1564, 'optimizer': 'Adam'}. Best is trial 169 with value: 0.09538125025078809.
2026-05-19 19:45:36,590 - optuna.study._optimize - INFO - Trial 183 pruned. 
2026-05-19 19:45:45,174 - optuna.study._optimize - INFO - Trial 184 pruned. 
2026-05-19 19:45:50,638 - experiment_functions - INFO - Early stopping at epoch 750. Best Recall: 0.0818
2026-05-19 19:45:50,736 - optuna.study.study - INFO - Trial 185 finished with value: 0.08178215432426152 and parameters: {'n_layers': 1, 'embedding_dim': 256, 'lr': 0.0016240231479313287, 'lambda_val': 2.3664102091806328e-05, 'batch_size': 964, 'optimizer': 'Adam'}. Best is trial 169 with value: 0.09538125025078809.
2026-05-19 19:45:58,529 - optuna.study._optimize - INFO - Trial 186 pruned. 
2026-05-19 19:46:05,171 - optuna.study._optimize - INFO - Trial 187 pruned. 
2026-05-19 19:46:08,767 - experiment_functions - INFO - Early stopping at epoch 500. Best Recall: 0.0020
2026-05-19 19:46:08,903 - optuna.study.study - INFO - Trial 188 finished with value: 0.0019652776413310487 and parameters: {'n_layers': 1, 'embedding_dim': 256, 'lr': 0.0008049361674297909, 'lambda_val': 1.9076919361729525e-05, 'batch_size': 1701, 'optimizer': 'SGD'}. Best is trial 169 with value: 0.09538125025078809.
2026-05-19 19:46:16,633 - optuna.study._optimize - INFO - Trial 189 pruned. 
2026-05-19 19:46:24,399 - optuna.study._optimize - INFO - Trial 190 pruned. 
2026-05-19 19:46:34,631 - optuna.study._optimize - INFO - Trial 191 pruned. 
2026-05-19 19:46:42,144 - optuna.study._optimize - INFO - Trial 192 pruned. 
2026-05-19 19:47:01,347 - experiment_functions - INFO - Early stopping at epoch 1450. Best Recall: 0.0893
2026-05-19 19:47:01,490 - optuna.study.study - INFO - Trial 193 finished with value: 0.08933982480834772 and parameters: {'n_layers': 1, 'embedding_dim': 256, 'lr': 0.001837675595003541, 'lambda_val': 1.186714972514757e-05, 'batch_size': 1383, 'optimizer': 'Adam'}. Best is trial 169 with value: 0.09538125025078809.
2026-05-19 19:47:05,777 - experiment_functions - INFO - Early stopping at epoch 600. Best Recall: 0.0702
2026-05-19 19:47:05,888 - optuna.study.study - INFO - Trial 194 finished with value: 0.07017336926320565 and parameters: {'n_layers': 1, 'embedding_dim': 64, 'lr': 0.0025706599973576386, 'lambda_val': 8.606823048401287e-06, 'batch_size': 1533, 'optimizer': 'Adam'}. Best is trial 169 with value: 0.09538125025078809.
2026-05-19 19:47:12,886 - optuna.study._optimize - INFO - Trial 195 pruned. 
2026-05-19 19:47:24,341 - optuna.study._optimize - INFO - Trial 196 pruned. 
2026-05-19 19:47:31,537 - optuna.study._optimize - INFO - Trial 197 pruned. 
2026-05-19 19:47:46,559 - experiment_functions - INFO - Early stopping at epoch 2300. Best Recall: 0.0953
2026-05-19 19:47:46,651 - optuna.study.study - INFO - Trial 198 finished with value: 0.09525320894179246 and parameters: {'n_layers': 1, 'embedding_dim': 256, 'lr': 0.000909640827786323, 'lambda_val': 2.9201023097104565e-05, 'batch_size': 2721, 'optimizer': 'Adam'}. Best is trial 169 with value: 0.09538125025078809.
2026-05-19 19:47:52,663 - optuna.study._optimize - INFO - Trial 199 pruned. 
2026-05-19 19:48:01,982 - optuna.study._optimize - INFO - Trial 200 pruned. 
2026-05-19 19:48:17,246 - experiment_functions - INFO - Early stopping at epoch 2150. Best Recall: 0.0911
2026-05-19 19:48:17,335 - optuna.study.study - INFO - Trial 201 finished with value: 0.0910677520446918 and parameters: {'n_layers': 1, 'embedding_dim': 256, 'lr': 0.0010217237153188228, 'lambda_val': 1.9890132393258182e-05, 'batch_size': 1617, 'optimizer': 'Adam'}. Best is trial 169 with value: 0.09538125025078809.
2026-05-19 19:48:25,161 - optuna.study._optimize - INFO - Trial 202 pruned. 
2026-05-19 19:48:33,176 - optuna.study._optimize - INFO - Trial 203 pruned. 
2026-05-19 19:48:40,395 - optuna.study._optimize - INFO - Trial 204 pruned. 
2026-05-19 19:48:47,247 - optuna.study._optimize - INFO - Trial 205 pruned. 
2026-05-19 19:48:55,349 - optuna.study._optimize - INFO - Trial 206 pruned. 
2026-05-19 19:49:02,737 - optuna.study._optimize - INFO - Trial 207 pruned. 
2026-05-19 19:49:12,371 - optuna.study._optimize - INFO - Trial 208 pruned. 
2026-05-19 19:49:21,079 - experiment_functions - INFO - Early stopping at epoch 1250. Best Recall: 0.0907
2026-05-19 19:49:21,190 - optuna.study.study - INFO - Trial 209 finished with value: 0.0906560868893089 and parameters: {'n_layers': 1, 'embedding_dim': 256, 'lr': 0.0015673572357902048, 'lambda_val': 2.531934131410788e-05, 'batch_size': 2852, 'optimizer': 'Adam'}. Best is trial 169 with value: 0.09538125025078809.
2026-05-19 19:49:27,644 - experiment_functions - INFO - Early stopping at epoch 900. Best Recall: 0.0809
2026-05-19 19:49:27,755 - optuna.study.study - INFO - Trial 210 finished with value: 0.08085147208424913 and parameters: {'n_layers': 1, 'embedding_dim': 256, 'lr': 0.0015996469472746929, 'lambda_val': 3.7787463509495904e-05, 'batch_size': 2865, 'optimizer': 'RMSprop'}. Best is trial 169 with value: 0.09538125025078809.
2026-05-19 19:49:35,055 - optuna.study._optimize - INFO - Trial 211 pruned. 
2026-05-19 19:49:42,753 - experiment_functions - INFO - Early stopping at epoch 800. Best Recall: 0.0422
2026-05-19 19:49:42,899 - optuna.study.study - INFO - Trial 212 finished with value: 0.04216760282672959 and parameters: {'n_layers': 3, 'embedding_dim': 256, 'lr': 0.00089402646012311, 'lambda_val': 2.370657778171781e-05, 'batch_size': 2806, 'optimizer': 'Adam'}. Best is trial 169 with value: 0.09538125025078809.
2026-05-19 19:49:54,736 - optuna.study._optimize - INFO - Trial 213 pruned. 
2026-05-19 19:50:02,091 - optuna.study._optimize - INFO - Trial 214 pruned. 
2026-05-19 19:50:11,411 - experiment_functions - INFO - Early stopping at epoch 1350. Best Recall: 0.0919
2026-05-19 19:50:11,578 - optuna.study.study - INFO - Trial 215 finished with value: 0.09187181751227737 and parameters: {'n_layers': 1, 'embedding_dim': 256, 'lr': 0.00130389573992903, 'lambda_val': 1.1503699119004802e-05, 'batch_size': 2641, 'optimizer': 'Adam'}. Best is trial 169 with value: 0.09538125025078809.
2026-05-19 19:50:15,965 - experiment_functions - INFO - Early stopping at epoch 600. Best Recall: 0.0545
2026-05-19 19:50:16,054 - optuna.study.study - INFO - Trial 216 finished with value: 0.05447745610527449 and parameters: {'n_layers': 2, 'embedding_dim': 128, 'lr': 0.001395875049924192, 'lambda_val': 1.1676885879484676e-05, 'batch_size': 2651, 'optimizer': 'Adam'}. Best is trial 169 with value: 0.09538125025078809.
2026-05-19 19:50:23,625 - optuna.study._optimize - INFO - Trial 217 pruned. 
2026-05-19 19:50:30,870 - optuna.study._optimize - INFO - Trial 218 pruned. 
2026-05-19 19:50:39,980 - experiment_functions - INFO - Early stopping at epoch 1250. Best Recall: 0.0878
2026-05-19 19:50:40,058 - optuna.study.study - INFO - Trial 219 finished with value: 0.08777690675240479 and parameters: {'n_layers': 1, 'embedding_dim': 256, 'lr': 0.0009644964062243434, 'lambda_val': 3.150258489136887e-05, 'batch_size': 2734, 'optimizer': 'Adam'}. Best is trial 169 with value: 0.09538125025078809.
2026-05-19 19:50:47,661 - optuna.study._optimize - INFO - Trial 220 pruned. 
2026-05-19 19:50:54,501 - optuna.study._optimize - INFO - Trial 221 pruned. 
2026-05-19 19:51:03,925 - experiment_functions - INFO - Early stopping at epoch 1350. Best Recall: 0.0917
2026-05-19 19:51:04,039 - optuna.study.study - INFO - Trial 222 finished with value: 0.09174112924972085 and parameters: {'n_layers': 1, 'embedding_dim': 256, 'lr': 0.0015122690878520714, 'lambda_val': 1.783732345904517e-05, 'batch_size': 1479, 'optimizer': 'Adam'}. Best is trial 169 with value: 0.09538125025078809.
2026-05-19 19:51:14,300 - optuna.study._optimize - INFO - Trial 223 pruned. 
2026-05-19 19:51:21,018 - optuna.study._optimize - INFO - Trial 224 pruned. 
2026-05-19 19:51:31,184 - optuna.study._optimize - INFO - Trial 225 pruned. 
2026-05-19 19:51:38,186 - optuna.study._optimize - INFO - Trial 226 pruned. 
2026-05-19 19:51:46,865 - experiment_functions - INFO - Early stopping at epoch 1200. Best Recall: 0.0910
2026-05-19 19:51:47,003 - optuna.study.study - INFO - Trial 227 finished with value: 0.09099408246820703 and parameters: {'n_layers': 1, 'embedding_dim': 256, 'lr': 0.00154952536141116, 'lambda_val': 2.6751976056313784e-05, 'batch_size': 1483, 'optimizer': 'Adam'}. Best is trial 169 with value: 0.09538125025078809.
2026-05-19 19:51:50,468 - experiment_functions - INFO - Early stopping at epoch 500. Best Recall: 0.0036
2026-05-19 19:51:50,617 - optuna.study.study - INFO - Trial 228 finished with value: 0.003632303669533129 and parameters: {'n_layers': 1, 'embedding_dim': 256, 'lr': 0.0012857570981119463, 'lambda_val': 3.037411655813749e-05, 'batch_size': 1481, 'optimizer': 'SGD'}. Best is trial 169 with value: 0.09538125025078809.
2026-05-19 19:51:59,059 - optuna.study._optimize - INFO - Trial 229 pruned. 
2026-05-19 19:52:15,631 - experiment_functions - INFO - Early stopping at epoch 950. Best Recall: 0.0716
2026-05-19 19:52:15,724 - optuna.study.study - INFO - Trial 230 finished with value: 0.07161496536459662 and parameters: {'n_layers': 1, 'embedding_dim': 96, 'lr': 0.0010292517685015882, 'lambda_val': 4.526916603873274e-05, 'batch_size': 2784, 'optimizer': 'Adam'}. Best is trial 169 with value: 0.09538125025078809.
2026-05-19 19:52:24,084 - optuna.study._optimize - INFO - Trial 231 pruned. 
2026-05-19 19:52:30,834 - optuna.study._optimize - INFO - Trial 232 pruned. 
2026-05-19 19:52:37,812 - optuna.study._optimize - INFO - Trial 233 pruned. 
2026-05-19 19:52:49,074 - experiment_functions - INFO - Early stopping at epoch 1850. Best Recall: 0.0910
2026-05-19 19:52:49,222 - optuna.study.study - INFO - Trial 234 finished with value: 0.09095268339604798 and parameters: {'n_layers': 1, 'embedding_dim': 256, 'lr': 0.0015463870976742064, 'lambda_val': 3.387883732776721e-05, 'batch_size': 1102, 'optimizer': 'Adam'}. Best is trial 169 with value: 0.09538125025078809.
2026-05-19 19:52:56,212 - optuna.study._optimize - INFO - Trial 235 pruned. 
2026-05-19 19:53:01,436 - experiment_functions - INFO - Early stopping at epoch 1000. Best Recall: 0.0860
2026-05-19 19:53:01,542 - optuna.study.study - INFO - Trial 236 finished with value: 0.08597815387442831 and parameters: {'n_layers': 1, 'embedding_dim': 64, 'lr': 0.0009815868547897902, 'lambda_val': 2.8098635016123128e-05, 'batch_size': 1130, 'optimizer': 'Adam'}. Best is trial 169 with value: 0.09538125025078809.
2026-05-19 19:53:12,168 - experiment_functions - INFO - Early stopping at epoch 1800. Best Recall: 0.0970
2026-05-19 19:53:12,277 - optuna.study.study - INFO - Trial 237 finished with value: 0.09697381615822427 and parameters: {'n_layers': 1, 'embedding_dim': 256, 'lr': 0.001259693579505263, 'lambda_val': 5.2505958993691735e-05, 'batch_size': 1215, 'optimizer': 'Adam'}. Best is trial 237 with value: 0.09697381615822427.
2026-05-19 19:53:18,885 - optuna.study._optimize - INFO - Trial 238 pruned. 
2026-05-19 19:53:25,990 - optuna.study._optimize - INFO - Trial 239 pruned. 
2026-05-19 19:53:36,536 - experiment_functions - INFO - Early stopping at epoch 1350. Best Recall: 0.0895
2026-05-19 19:53:36,650 - optuna.study.study - INFO - Trial 240 finished with value: 0.08948041419176041 and parameters: {'n_layers': 1, 'embedding_dim': 256, 'lr': 0.0012151355961107456, 'lambda_val': 5.581192198614355e-05, 'batch_size': 3988, 'optimizer': 'Adam'}. Best is trial 237 with value: 0.09697381615822427.
2026-05-19 19:53:43,302 - experiment_functions - INFO - Early stopping at epoch 950. Best Recall: 0.0768
2026-05-19 19:53:43,405 - optuna.study.study - INFO - Trial 241 finished with value: 0.0767724689591915 and parameters: {'n_layers': 1, 'embedding_dim': 256, 'lr': 0.0008211295418583939, 'lambda_val': 3.7114376903953384e-05, 'batch_size': 973, 'optimizer': 'Adam'}. Best is trial 237 with value: 0.09697381615822427.
2026-05-19 19:53:51,280 - optuna.study._optimize - INFO - Trial 242 pruned. 
2026-05-19 19:53:57,866 - optuna.study._optimize - INFO - Trial 243 pruned. 
2026-05-19 19:54:03,795 - experiment_functions - INFO - Early stopping at epoch 950. Best Recall: 0.0018
2026-05-19 19:54:03,887 - optuna.study.study - INFO - Trial 244 finished with value: 0.0017973946565880943 and parameters: {'n_layers': 1, 'embedding_dim': 256, 'lr': 2.5556581152360407e-05, 'lambda_val': 2.153910329530634e-05, 'batch_size': 1167, 'optimizer': 'Adam'}. Best is trial 237 with value: 0.09697381615822427.
2026-05-19 19:54:17,139 - optuna.study._optimize - INFO - Trial 245 pruned. 
2026-05-19 19:54:23,011 - optuna.study._optimize - INFO - Trial 246 pruned. 
2026-05-19 19:54:31,915 - experiment_functions - INFO - Early stopping at epoch 1250. Best Recall: 0.0883
2026-05-19 19:54:31,992 - optuna.study.study - INFO - Trial 247 finished with value: 0.08831368700478764 and parameters: {'n_layers': 1, 'embedding_dim': 256, 'lr': 0.0009499455382879603, 'lambda_val': 3.526168469868717e-05, 'batch_size': 3843, 'optimizer': 'Adam'}. Best is trial 237 with value: 0.09697381615822427.
2026-05-19 19:54:38,644 - optuna.study._optimize - INFO - Trial 248 pruned. 
2026-05-19 19:54:53,748 - experiment_functions - INFO - Early stopping at epoch 2450. Best Recall: 0.0924
2026-05-19 19:54:53,841 - optuna.study.study - INFO - Trial 249 finished with value: 0.0924161418700165 and parameters: {'n_layers': 1, 'embedding_dim': 256, 'lr': 0.0011235854753257942, 'lambda_val': 1.5064296000318369e-05, 'batch_size': 1212, 'optimizer': 'Adam'}. Best is trial 237 with value: 0.09697381615822427.
2026-05-19 19:55:00,324 - optuna.study._optimize - INFO - Trial 250 pruned. 
2026-05-19 19:55:11,440 - experiment_functions - INFO - Early stopping at epoch 1700. Best Recall: 0.0937
2026-05-19 19:55:11,543 - optuna.study.study - INFO - Trial 251 finished with value: 0.09370824232948623 and parameters: {'n_layers': 1, 'embedding_dim': 256, 'lr': 0.0011377404425040349, 'lambda_val': 9.3477992034644e-06, 'batch_size': 1197, 'optimizer': 'Adam'}. Best is trial 237 with value: 0.09697381615822427.
2026-05-19 19:55:18,237 - optuna.study._optimize - INFO - Trial 252 pruned. 
2026-05-19 19:55:23,942 - experiment_functions - INFO - Early stopping at epoch 850. Best Recall: 0.0831
2026-05-19 19:55:24,023 - optuna.study.study - INFO - Trial 253 finished with value: 0.08310897129129553 and parameters: {'n_layers': 1, 'embedding_dim': 256, 'lr': 0.001250915208624586, 'lambda_val': 9.64475119016957e-06, 'batch_size': 1243, 'optimizer': 'Adam'}. Best is trial 237 with value: 0.09697381615822427.
2026-05-19 19:55:34,313 - experiment_functions - INFO - Early stopping at epoch 1500. Best Recall: 0.0923
2026-05-19 19:55:34,418 - optuna.study.study - INFO - Trial 254 finished with value: 0.09233390438160721 and parameters: {'n_layers': 1, 'embedding_dim': 256, 'lr': 0.0015100153257714673, 'lambda_val': 2.1668634422896975e-05, 'batch_size': 1069, 'optimizer': 'Adam'}. Best is trial 237 with value: 0.09697381615822427.
2026-05-19 19:55:41,664 - optuna.study._optimize - INFO - Trial 255 pruned. 
2026-05-19 19:55:46,702 - experiment_functions - INFO - Early stopping at epoch 650. Best Recall: 0.0690
2026-05-19 19:55:46,795 - optuna.study.study - INFO - Trial 256 finished with value: 0.06903534417961167 and parameters: {'n_layers': 1, 'embedding_dim': 256, 'lr': 0.0018239755629104834, 'lambda_val': 3.0161828875220194e-05, 'batch_size': 1160, 'optimizer': 'Adam'}. Best is trial 237 with value: 0.09697381615822427.
2026-05-19 19:55:53,323 - optuna.study._optimize - INFO - Trial 257 pruned. 
2026-05-19 19:56:08,876 - optuna.study._optimize - INFO - Trial 258 pruned. 
2026-05-19 19:56:15,929 - optuna.study._optimize - INFO - Trial 259 pruned. 
2026-05-19 19:56:22,696 - experiment_functions - INFO - Early stopping at epoch 600. Best Recall: 0.0232
2026-05-19 19:56:22,809 - optuna.study.study - INFO - Trial 260 finished with value: 0.02323136272929423 and parameters: {'n_layers': 4, 'embedding_dim': 256, 'lr': 0.0014428043669459344, 'lambda_val': 2.583114314390417e-05, 'batch_size': 1203, 'optimizer': 'Adam'}. Best is trial 237 with value: 0.09697381615822427.
2026-05-19 19:56:30,339 - optuna.study._optimize - INFO - Trial 261 pruned. 
2026-05-19 19:56:36,190 - experiment_functions - INFO - Early stopping at epoch 500. Best Recall: 0.0017
2026-05-19 19:56:36,285 - optuna.study.study - INFO - Trial 262 finished with value: 0.0017182884203980982 and parameters: {'n_layers': 1, 'embedding_dim': 96, 'lr': 0.0017832199077780192, 'lambda_val': 1.4475515612392119e-05, 'batch_size': 943, 'optimizer': 'SGD'}. Best is trial 237 with value: 0.09697381615822427.
2026-05-19 19:56:43,095 - optuna.study._optimize - INFO - Trial 263 pruned. 
2026-05-19 19:56:49,790 - optuna.study._optimize - INFO - Trial 264 pruned. 
2026-05-19 19:57:07,343 - experiment_functions - INFO - Early stopping at epoch 950. Best Recall: 0.0568
2026-05-19 19:57:07,467 - optuna.study.study - INFO - Trial 265 finished with value: 0.05682310815671525 and parameters: {'n_layers': 1, 'embedding_dim': 256, 'lr': 0.0016078993847343512, 'lambda_val': 0.004311271440438912, 'batch_size': 3501, 'optimizer': 'Adam'}. Best is trial 237 with value: 0.09697381615822427.
2026-05-19 19:57:14,365 - optuna.study._optimize - INFO - Trial 266 pruned. 
2026-05-19 19:57:21,358 - optuna.study._optimize - INFO - Trial 267 pruned. 
2026-05-19 19:57:24,707 - experiment_functions - INFO - Early stopping at epoch 500. Best Recall: 0.0021
2026-05-19 19:57:24,799 - optuna.study.study - INFO - Trial 268 finished with value: 0.0021195296265249753 and parameters: {'n_layers': 1, 'embedding_dim': 64, 'lr': 5.029037164358051e-05, 'lambda_val': 4.3547224412029854e-05, 'batch_size': 1325, 'optimizer': 'Adam'}. Best is trial 237 with value: 0.09697381615822427.
2026-05-19 19:57:39,593 - experiment_functions - INFO - Early stopping at epoch 2100. Best Recall: 0.0975
2026-05-19 19:57:39,702 - optuna.study.study - INFO - Trial 269 finished with value: 0.09752418567081454 and parameters: {'n_layers': 1, 'embedding_dim': 256, 'lr': 0.0008698526161511226, 'lambda_val': 3.1245372325829466e-05, 'batch_size': 2933, 'optimizer': 'Adam'}. Best is trial 269 with value: 0.09752418567081454.
2026-05-19 19:57:50,223 - optuna.study._optimize - INFO - Trial 270 pruned. 
2026-05-19 19:57:57,314 - optuna.study._optimize - INFO - Trial 271 pruned. 
2026-05-19 19:58:04,948 - optuna.study._optimize - INFO - Trial 272 pruned. 
2026-05-19 19:58:23,258 - optuna.study._optimize - INFO - Trial 273 pruned. 
2026-05-19 19:58:30,247 - optuna.study._optimize - INFO - Trial 274 pruned. 
2026-05-19 19:58:38,271 - optuna.study._optimize - INFO - Trial 275 pruned. 
2026-05-19 19:58:48,054 - experiment_functions - INFO - Early stopping at epoch 1400. Best Recall: 0.0887
2026-05-19 19:58:48,169 - optuna.study.study - INFO - Trial 276 finished with value: 0.08871139519965317 and parameters: {'n_layers': 1, 'embedding_dim': 256, 'lr': 0.0008095560214964189, 'lambda_val': 2.295926663199389e-05, 'batch_size': 3000, 'optimizer': 'Adam'}. Best is trial 269 with value: 0.09752418567081454.
2026-05-19 19:58:57,571 - optuna.study._optimize - INFO - Trial 277 pruned. 
2026-05-19 19:59:03,496 - experiment_functions - INFO - Early stopping at epoch 950. Best Recall: 0.0459
2026-05-19 19:59:03,589 - optuna.study.study - INFO - Trial 278 finished with value: 0.045867737391442946 and parameters: {'n_layers': 2, 'embedding_dim': 32, 'lr': 0.001027679135079172, 'lambda_val': 4.291703458539574e-05, 'batch_size': 1193, 'optimizer': 'Adam'}. Best is trial 269 with value: 0.09752418567081454.
2026-05-19 19:59:10,156 - experiment_functions - INFO - Early stopping at epoch 900. Best Recall: 0.0857
2026-05-19 19:59:10,260 - optuna.study.study - INFO - Trial 279 finished with value: 0.0857230588673346 and parameters: {'n_layers': 1, 'embedding_dim': 256, 'lr': 0.002721653810288714, 'lambda_val': 1.8320364757231083e-05, 'batch_size': 2970, 'optimizer': 'Adam'}. Best is trial 269 with value: 0.09752418567081454.
2026-05-19 19:59:17,848 - optuna.study._optimize - INFO - Trial 280 pruned. 
2026-05-19 19:59:25,871 - optuna.study._optimize - INFO - Trial 281 pruned. 
2026-05-19 19:59:41,144 - optuna.study._optimize - INFO - Trial 282 pruned. 
2026-05-19 19:59:45,072 - experiment_functions - INFO - Early stopping at epoch 500. Best Recall: 0.0039
2026-05-19 19:59:45,177 - optuna.study.study - INFO - Trial 283 finished with value: 0.003851208219547777 and parameters: {'n_layers': 1, 'embedding_dim': 128, 'lr': 0.0009317734133327726, 'lambda_val': 2.395803474599522e-05, 'batch_size': 3432, 'optimizer': 'SGD'}. Best is trial 269 with value: 0.09752418567081454.
2026-05-19 19:59:52,978 - optuna.study._optimize - INFO - Trial 284 pruned. 
2026-05-19 20:00:01,739 - optuna.study._optimize - INFO - Trial 285 pruned. 
2026-05-19 20:00:12,474 - experiment_functions - INFO - Early stopping at epoch 700. Best Recall: 0.0544
2026-05-19 20:00:13,240 - optuna.study.study - INFO - Trial 286 finished with value: 0.05440489616809368 and parameters: {'n_layers': 1, 'embedding_dim': 256, 'lr': 0.0011129011129683082, 'lambda_val': 0.019865239876064665, 'batch_size': 2753, 'optimizer': 'Adam'}. Best is trial 269 with value: 0.09752418567081454.
2026-05-19 20:00:24,853 - optuna.study._optimize - INFO - Trial 287 pruned. 
2026-05-19 20:00:38,144 - experiment_functions - INFO - Early stopping at epoch 2000. Best Recall: 0.0956
2026-05-19 20:00:38,293 - optuna.study.study - INFO - Trial 288 finished with value: 0.09561785772056612 and parameters: {'n_layers': 1, 'embedding_dim': 256, 'lr': 0.0014134071640770748, 'lambda_val': 1.610629168630318e-05, 'batch_size': 3156, 'optimizer': 'Adam'}. Best is trial 269 with value: 0.09752418567081454.
2026-05-19 20:00:47,562 - optuna.study._optimize - INFO - Trial 289 pruned. 
2026-05-19 20:00:54,571 - optuna.study._optimize - INFO - Trial 290 pruned. 
2026-05-19 20:01:02,710 - optuna.study._optimize - INFO - Trial 291 pruned. 
2026-05-19 20:01:19,763 - optuna.study._optimize - INFO - Trial 292 pruned. 
2026-05-19 20:01:26,960 - optuna.study._optimize - INFO - Trial 293 pruned. 
2026-05-19 20:01:35,113 - experiment_functions - INFO - Early stopping at epoch 1050. Best Recall: 0.0877
2026-05-19 20:01:35,207 - optuna.study.study - INFO - Trial 294 finished with value: 0.08768619204126067 and parameters: {'n_layers': 1, 'embedding_dim': 256, 'lr': 0.0014038782460143175, 'lambda_val': 1.021125349828212e-05, 'batch_size': 3109, 'optimizer': 'Adam'}. Best is trial 269 with value: 0.09752418567081454.
2026-05-19 20:01:42,048 - optuna.study._optimize - INFO - Trial 295 pruned. 
2026-05-19 20:01:48,987 - optuna.study._optimize - INFO - Trial 296 pruned. 
2026-05-19 20:01:55,631 - optuna.study._optimize - INFO - Trial 297 pruned. 
2026-05-19 20:02:01,698 - experiment_functions - INFO - Early stopping at epoch 600. Best Recall: 0.0293
2026-05-19 20:02:01,800 - optuna.study.study - INFO - Trial 298 finished with value: 0.0293266020273841 and parameters: {'n_layers': 3, 'embedding_dim': 256, 'lr': 0.001112647081757767, 'lambda_val': 2.117047387126008e-05, 'batch_size': 3076, 'optimizer': 'Adam'}. Best is trial 269 with value: 0.09752418567081454.
2026-05-19 20:02:14,658 - experiment_functions - INFO - Early stopping at epoch 1850. Best Recall: 0.0921
2026-05-19 20:02:14,751 - optuna.study.study - INFO - Trial 299 finished with value: 0.09205859538085186 and parameters: {'n_layers': 1, 'embedding_dim': 256, 'lr': 0.00142268177165766, 'lambda_val': 6.012782068181427e-05, 'batch_size': 1442, 'optimizer': 'Adam'}. Best is trial 269 with value: 0.09752418567081454.
2026-05-19 20:02:14,753 - experiment_functions - INFO - Training the best model ... for e_100K_1c2dcs
2026-05-19 20:02:22,164 - experiment_functions - INFO - Early stopping at epoch 1900. Best Recall: 0.0934
2026-05-19 20:02:22,274 - root - INFO -   **** Training e_100K_1c2dcs_rand1
2026-05-19 20:02:22,288 - root - INFO -   **** Getting 67885/81200 random edges
2026-05-19 20:02:22,301 - experiment_functions - INFO - Training the best model ... for e_100K_1c2dcs_rand1
2026-05-19 20:02:26,411 - experiment_functions - INFO - Early stopping at epoch 1050. Best Recall: 0.1124
2026-05-19 20:02:26,518 - root - INFO -   **** Training e_100K_1c2dcs_rand2
2026-05-19 20:02:26,531 - root - INFO -   **** Getting 67885/81200 random edges
2026-05-19 20:02:26,545 - experiment_functions - INFO - Training the best model ... for e_100K_1c2dcs_rand2
2026-05-19 20:02:30,078 - experiment_functions - INFO - Early stopping at epoch 800. Best Recall: 0.1184
2026-05-19 20:02:30,185 - root - INFO -   **** Training e_100K_1c2dcs_rand3
2026-05-19 20:02:30,200 - root - INFO -   **** Getting 67885/81200 random edges
2026-05-19 20:02:30,214 - experiment_functions - INFO - Training the best model ... for e_100K_1c2dcs_rand3
2026-05-19 20:02:34,359 - experiment_functions - INFO - Early stopping at epoch 950. Best Recall: 0.1074
2026-05-19 20:02:34,465 - root - INFO -   **** Training e_100K_1c2dcs_rand4
2026-05-19 20:02:34,478 - root - INFO -   **** Getting 67885/81200 random edges
2026-05-19 20:02:34,491 - experiment_functions - INFO - Training the best model ... for e_100K_1c2dcs_rand4
2026-05-19 20:02:38,287 - experiment_functions - INFO - Early stopping at epoch 900. Best Recall: 0.1120
2026-05-19 20:02:38,394 - root - INFO -   **** Training e_100K_1c2dcs_rand5
2026-05-19 20:02:38,407 - root - INFO -   **** Getting 67885/81200 random edges
2026-05-19 20:02:38,421 - experiment_functions - INFO - Training the best model ... for e_100K_1c2dcs_rand5
2026-05-19 20:02:41,634 - experiment_functions - INFO - Early stopping at epoch 850. Best Recall: 0.1149
2026-05-19 20:02:41,741 - root - INFO - **** Training e_100K_1c3dcs
2026-05-19 20:02:41,741 - root - INFO -   ** 3-Dominant stats:
2026-05-19 20:02:41,741 - root - INFO -   ** Finding the dominant set:
2026-05-19 20:03:07,820 - root - INFO -   ** Getting the trainable edges:
2026-05-19 20:03:07,825 - helper_functions - INFO -      Number of nodes: 5324
2026-05-19 20:03:07,825 - helper_functions - INFO -      Ratio: 0.515192568221405
2026-05-19 20:03:07,826 - helper_functions - INFO -      Number of unique users: 333
2026-05-19 20:03:07,826 - helper_functions - INFO -      Number of unique items: 4991
2026-05-19 20:03:07,826 - helper_functions - INFO -      Total dominant set edge: 17514
2026-05-19 20:03:07,826 - helper_functions - INFO -      Trainable edges: 14011.2
2026-05-19 20:03:07,830 - root - INFO -   **** Getting 17514 dominant set edges
2026-05-19 20:03:07,941 - optuna.storages._rdb.storage - INFO - A new study created in RDB with name: Study_e_100K_1c3dcs_strict
2026-05-19 20:03:11,537 - experiment_functions - INFO - Early stopping at epoch 500. Best Recall: 0.0018
2026-05-19 20:03:11,636 - optuna.study.study - INFO - Trial 0 finished with value: 0.001811882238466525 and parameters: {'n_layers': 4, 'embedding_dim': 96, 'lr': 0.020333027074593005, 'lambda_val': 8.502635482986122e-05, 'batch_size': 2082, 'optimizer': 'SGD'}. Best is trial 0 with value: 0.001811882238466525.
2026-05-19 20:03:14,922 - experiment_functions - INFO - Early stopping at epoch 500. Best Recall: 0.0023
2026-05-19 20:03:15,018 - optuna.study.study - INFO - Trial 1 finished with value: 0.0022795521257584217 and parameters: {'n_layers': 2, 'embedding_dim': 128, 'lr': 0.019632514874796347, 'lambda_val': 4.533686544929234e-06, 'batch_size': 599, 'optimizer': 'SGD'}. Best is trial 1 with value: 0.0022795521257584217.
2026-05-19 20:03:20,637 - experiment_functions - INFO - Early stopping at epoch 750. Best Recall: 0.0009
2026-05-19 20:03:20,786 - optuna.study.study - INFO - Trial 2 finished with value: 0.0008840598448726495 and parameters: {'n_layers': 4, 'embedding_dim': 256, 'lr': 3.95351533031605e-05, 'lambda_val': 0.019908466182363863, 'batch_size': 3537, 'optimizer': 'RMSprop'}. Best is trial 1 with value: 0.0022795521257584217.
2026-05-19 20:03:24,793 - experiment_functions - INFO - Early stopping at epoch 500. Best Recall: 0.0014
2026-05-19 20:03:24,896 - optuna.study.study - INFO - Trial 3 finished with value: 0.0014391389116039301 and parameters: {'n_layers': 3, 'embedding_dim': 96, 'lr': 0.009663263155355517, 'lambda_val': 0.00035387871821936616, 'batch_size': 694, 'optimizer': 'SGD'}. Best is trial 1 with value: 0.0022795521257584217.
2026-05-19 20:03:44,323 - experiment_functions - INFO - Early stopping at epoch 2000. Best Recall: 0.0226
2026-05-19 20:03:44,445 - optuna.study.study - INFO - Trial 4 finished with value: 0.02259785550193659 and parameters: {'n_layers': 1, 'embedding_dim': 64, 'lr': 0.0002060239677183763, 'lambda_val': 6.781936623798029e-06, 'batch_size': 1957, 'optimizer': 'Adam'}. Best is trial 4 with value: 0.02259785550193659.
2026-05-19 20:03:47,815 - experiment_functions - INFO - Early stopping at epoch 500. Best Recall: 0.0009
2026-05-19 20:03:47,926 - optuna.study.study - INFO - Trial 5 finished with value: 0.000948690307533438 and parameters: {'n_layers': 2, 'embedding_dim': 128, 'lr': 3.856144624245326e-05, 'lambda_val': 0.0021466004709720793, 'batch_size': 1805, 'optimizer': 'Adam'}. Best is trial 4 with value: 0.02259785550193659.
2026-05-19 20:03:52,415 - experiment_functions - INFO - Early stopping at epoch 500. Best Recall: 0.0022
2026-05-19 20:03:52,507 - optuna.study.study - INFO - Trial 6 finished with value: 0.0022084881540678472 and parameters: {'n_layers': 4, 'embedding_dim': 256, 'lr': 3.2050441045440986e-05, 'lambda_val': 3.6545040210784114e-05, 'batch_size': 2234, 'optimizer': 'SGD'}. Best is trial 4 with value: 0.02259785550193659.
2026-05-19 20:04:03,860 - optuna.study._optimize - INFO - Trial 7 pruned. 
2026-05-19 20:04:12,479 - experiment_functions - INFO - Early stopping at epoch 600. Best Recall: 0.0076
2026-05-19 20:04:12,581 - optuna.study.study - INFO - Trial 8 finished with value: 0.0075553525732269975 and parameters: {'n_layers': 4, 'embedding_dim': 128, 'lr': 0.0011941963655081032, 'lambda_val': 1.678536585124475e-05, 'batch_size': 3067, 'optimizer': 'Adam'}. Best is trial 4 with value: 0.02259785550193659.
2026-05-19 20:04:16,306 - experiment_functions - INFO - Early stopping at epoch 500. Best Recall: 0.0010
2026-05-19 20:04:16,447 - optuna.study.study - INFO - Trial 9 finished with value: 0.0009866624087425668 and parameters: {'n_layers': 4, 'embedding_dim': 96, 'lr': 0.013449298962098018, 'lambda_val': 0.01128635248319124, 'batch_size': 856, 'optimizer': 'Adam'}. Best is trial 4 with value: 0.02259785550193659.
2026-05-19 20:04:23,926 - experiment_functions - INFO - Early stopping at epoch 800. Best Recall: 0.0242
2026-05-19 20:04:24,033 - optuna.study.study - INFO - Trial 10 finished with value: 0.024161182445316398 and parameters: {'n_layers': 1, 'embedding_dim': 64, 'lr': 0.0007362917191762137, 'lambda_val': 1.219691954463869e-06, 'batch_size': 1472, 'optimizer': 'Adam'}. Best is trial 10 with value: 0.024161182445316398.
2026-05-19 20:04:28,932 - experiment_functions - INFO - Early stopping at epoch 900. Best Recall: 0.0245
2026-05-19 20:04:29,037 - optuna.study.study - INFO - Trial 11 finished with value: 0.024483273706863127 and parameters: {'n_layers': 1, 'embedding_dim': 64, 'lr': 0.000626163429380789, 'lambda_val': 1.0707795216561783e-06, 'batch_size': 1458, 'optimizer': 'Adam'}. Best is trial 11 with value: 0.024483273706863127.
2026-05-19 20:04:33,062 - experiment_functions - INFO - Early stopping at epoch 650. Best Recall: 0.0199
2026-05-19 20:04:33,153 - optuna.study.study - INFO - Trial 12 finished with value: 0.019891246005201632 and parameters: {'n_layers': 1, 'embedding_dim': 64, 'lr': 0.001569528356528158, 'lambda_val': 1.0028534059084221e-06, 'batch_size': 1382, 'optimizer': 'Adam'}. Best is trial 11 with value: 0.024483273706863127.
2026-05-19 20:04:38,554 - optuna.study._optimize - INFO - Trial 13 pruned. 
2026-05-19 20:04:41,812 - experiment_functions - INFO - Early stopping at epoch 550. Best Recall: 0.0080
2026-05-19 20:04:41,924 - optuna.study.study - INFO - Trial 14 finished with value: 0.00795989348136002 and parameters: {'n_layers': 2, 'embedding_dim': 64, 'lr': 0.0035718360741651637, 'lambda_val': 3.9061948790676006e-06, 'batch_size': 2737, 'optimizer': 'Adam'}. Best is trial 11 with value: 0.024483273706863127.
2026-05-19 20:04:45,488 - experiment_functions - INFO - Early stopping at epoch 650. Best Recall: 0.0043
2026-05-19 20:04:45,569 - optuna.study.study - INFO - Trial 15 finished with value: 0.0042652654244377895 and parameters: {'n_layers': 1, 'embedding_dim': 64, 'lr': 0.000556882568655688, 'lambda_val': 0.08899870531042434, 'batch_size': 1421, 'optimizer': 'RMSprop'}. Best is trial 11 with value: 0.024483273706863127.
2026-05-19 20:04:52,100 - optuna.study._optimize - INFO - Trial 16 pruned. 
2026-05-19 20:04:55,966 - experiment_functions - INFO - Early stopping at epoch 600. Best Recall: 0.0237
2026-05-19 20:04:56,068 - optuna.study.study - INFO - Trial 17 finished with value: 0.02366622058090489 and parameters: {'n_layers': 1, 'embedding_dim': 32, 'lr': 0.003824299520998919, 'lambda_val': 2.2571773456930644e-06, 'batch_size': 1140, 'optimizer': 'Adam'}. Best is trial 11 with value: 0.024483273706863127.
2026-05-19 20:05:01,984 - optuna.study._optimize - INFO - Trial 18 pruned. 
2026-05-19 20:05:08,769 - optuna.study._optimize - INFO - Trial 19 pruned. 
2026-05-19 20:05:12,967 - experiment_functions - INFO - Early stopping at epoch 700. Best Recall: 0.0129
2026-05-19 20:05:13,059 - optuna.study.study - INFO - Trial 20 finished with value: 0.012891473791643054 and parameters: {'n_layers': 2, 'embedding_dim': 64, 'lr': 0.0006551937721715017, 'lambda_val': 0.0013770340795244897, 'batch_size': 996, 'optimizer': 'Adam'}. Best is trial 11 with value: 0.024483273706863127.
2026-05-19 20:05:16,958 - experiment_functions - INFO - Early stopping at epoch 600. Best Recall: 0.0246
2026-05-19 20:05:17,054 - optuna.study.study - INFO - Trial 21 finished with value: 0.024622685520336526 and parameters: {'n_layers': 1, 'embedding_dim': 32, 'lr': 0.0037484496919034252, 'lambda_val': 2.3599952069439467e-06, 'batch_size': 1110, 'optimizer': 'Adam'}. Best is trial 21 with value: 0.024622685520336526.
2026-05-19 20:05:23,063 - experiment_functions - INFO - Early stopping at epoch 650. Best Recall: 0.0255
2026-05-19 20:05:23,170 - optuna.study.study - INFO - Trial 22 finished with value: 0.02551312252937659 and parameters: {'n_layers': 1, 'embedding_dim': 32, 'lr': 0.002373336840252894, 'lambda_val': 2.1266499950926738e-06, 'batch_size': 1594, 'optimizer': 'Adam'}. Best is trial 22 with value: 0.02551312252937659.
2026-05-19 20:05:29,266 - experiment_functions - INFO - Early stopping at epoch 600. Best Recall: 0.0223
2026-05-19 20:05:29,347 - optuna.study.study - INFO - Trial 23 finished with value: 0.022268913759346275 and parameters: {'n_layers': 1, 'embedding_dim': 32, 'lr': 0.0026908909383401036, 'lambda_val': 1.9144033365581648e-05, 'batch_size': 1753, 'optimizer': 'Adam'}. Best is trial 22 with value: 0.02551312252937659.
2026-05-19 20:05:32,971 - experiment_functions - INFO - Early stopping at epoch 550. Best Recall: 0.0141
2026-05-19 20:05:33,063 - optuna.study.study - INFO - Trial 24 finished with value: 0.014083356029406083 and parameters: {'n_layers': 2, 'embedding_dim': 32, 'lr': 0.0061095597745907, 'lambda_val': 3.436470177128855e-06, 'batch_size': 2458, 'optimizer': 'Adam'}. Best is trial 22 with value: 0.02551312252937659.
2026-05-19 20:05:37,200 - experiment_functions - INFO - Early stopping at epoch 700. Best Recall: 0.0222
2026-05-19 20:05:37,309 - optuna.study.study - INFO - Trial 25 finished with value: 0.02217125642937974 and parameters: {'n_layers': 1, 'embedding_dim': 32, 'lr': 0.0017244791700712823, 'lambda_val': 7.567086470874618e-06, 'batch_size': 1056, 'optimizer': 'Adam'}. Best is trial 22 with value: 0.02551312252937659.
2026-05-19 20:05:40,866 - experiment_functions - INFO - Early stopping at epoch 500. Best Recall: 0.0023
2026-05-19 20:05:40,966 - optuna.study.study - INFO - Trial 26 finished with value: 0.002320981328657389 and parameters: {'n_layers': 1, 'embedding_dim': 32, 'lr': 1.2888455947428341e-05, 'lambda_val': 2.2584316515619246e-06, 'batch_size': 1575, 'optimizer': 'Adam'}. Best is trial 22 with value: 0.02551312252937659.
2026-05-19 20:05:44,869 - experiment_functions - INFO - Early stopping at epoch 550. Best Recall: 0.0203
2026-05-19 20:05:44,972 - optuna.study.study - INFO - Trial 27 finished with value: 0.02032223637912917 and parameters: {'n_layers': 2, 'embedding_dim': 32, 'lr': 0.006796273683052976, 'lambda_val': 2.8561060859293465e-05, 'batch_size': 1238, 'optimizer': 'Adam'}. Best is trial 22 with value: 0.02551312252937659.
2026-05-19 20:05:48,589 - experiment_functions - INFO - Early stopping at epoch 500. Best Recall: 0.0029
2026-05-19 20:05:48,692 - optuna.study.study - INFO - Trial 28 finished with value: 0.0029007916479837593 and parameters: {'n_layers': 1, 'embedding_dim': 32, 'lr': 0.05392296911789583, 'lambda_val': 0.00012321550436003128, 'batch_size': 865, 'optimizer': 'SGD'}. Best is trial 22 with value: 0.02551312252937659.
2026-05-19 20:05:52,705 - experiment_functions - INFO - Early stopping at epoch 500. Best Recall: 0.0132
2026-05-19 20:05:52,828 - optuna.study.study - INFO - Trial 29 finished with value: 0.013219607701899942 and parameters: {'n_layers': 3, 'embedding_dim': 256, 'lr': 0.09683897398333856, 'lambda_val': 9.539718481716835e-06, 'batch_size': 1909, 'optimizer': 'RMSprop'}. Best is trial 22 with value: 0.02551312252937659.
2026-05-19 20:05:56,196 - experiment_functions - INFO - Early stopping at epoch 500. Best Recall: 0.0023
2026-05-19 20:05:56,300 - optuna.study.study - INFO - Trial 30 finished with value: 0.0023457634215665454 and parameters: {'n_layers': 2, 'embedding_dim': 96, 'lr': 0.0019261699815158418, 'lambda_val': 1.8901167870879825e-06, 'batch_size': 2044, 'optimizer': 'SGD'}. Best is trial 22 with value: 0.02551312252937659.
2026-05-19 20:06:01,176 - experiment_functions - INFO - Early stopping at epoch 750. Best Recall: 0.0204
2026-05-19 20:06:01,278 - optuna.study.study - INFO - Trial 31 finished with value: 0.02044497962348032 and parameters: {'n_layers': 1, 'embedding_dim': 64, 'lr': 0.0006999782058418661, 'lambda_val': 1.5822698643408882e-06, 'batch_size': 2259, 'optimizer': 'Adam'}. Best is trial 22 with value: 0.02551312252937659.
2026-05-19 20:06:06,334 - experiment_functions - INFO - Early stopping at epoch 800. Best Recall: 0.0210
2026-05-19 20:06:06,436 - optuna.study.study - INFO - Trial 32 finished with value: 0.020990152482803674 and parameters: {'n_layers': 1, 'embedding_dim': 32, 'lr': 0.0008568213089393827, 'lambda_val': 3.717963458606925e-06, 'batch_size': 1570, 'optimizer': 'Adam'}. Best is trial 22 with value: 0.02551312252937659.
2026-05-19 20:06:21,298 - experiment_functions - INFO - Early stopping at epoch 2400. Best Recall: 0.0301
2026-05-19 20:06:21,406 - optuna.study.study - INFO - Trial 33 finished with value: 0.03014673632506587 and parameters: {'n_layers': 1, 'embedding_dim': 64, 'lr': 0.0003699580388509057, 'lambda_val': 1.0557317070264669e-06, 'batch_size': 618, 'optimizer': 'Adam'}. Best is trial 33 with value: 0.03014673632506587.
2026-05-19 20:06:29,372 - experiment_functions - INFO - Early stopping at epoch 1400. Best Recall: 0.0272
2026-05-19 20:06:29,472 - optuna.study.study - INFO - Trial 34 finished with value: 0.027231018122733788 and parameters: {'n_layers': 1, 'embedding_dim': 256, 'lr': 0.0003400035978605497, 'lambda_val': 5.551915895518683e-06, 'batch_size': 540, 'optimizer': 'Adam'}. Best is trial 33 with value: 0.03014673632506587.
2026-05-19 20:06:32,935 - experiment_functions - INFO - Early stopping at epoch 500. Best Recall: 0.0027
2026-05-19 20:06:33,037 - optuna.study.study - INFO - Trial 35 finished with value: 0.0027145601230892814 and parameters: {'n_layers': 1, 'embedding_dim': 256, 'lr': 0.00010547577768675289, 'lambda_val': 5.565265236273318e-06, 'batch_size': 603, 'optimizer': 'SGD'}. Best is trial 33 with value: 0.03014673632506587.
2026-05-19 20:06:40,566 - optuna.study._optimize - INFO - Trial 36 pruned. 
2026-05-19 20:06:44,093 - experiment_functions - INFO - Early stopping at epoch 550. Best Recall: 0.0075
2026-05-19 20:06:44,186 - optuna.study.study - INFO - Trial 37 finished with value: 0.00749234170543294 and parameters: {'n_layers': 1, 'embedding_dim': 256, 'lr': 0.025200809602364652, 'lambda_val': 6.736646233776719e-06, 'batch_size': 808, 'optimizer': 'Adam'}. Best is trial 33 with value: 0.03014673632506587.
2026-05-19 20:06:54,587 - experiment_functions - INFO - Early stopping at epoch 1500. Best Recall: 0.0349
2026-05-19 20:06:54,668 - optuna.study.study - INFO - Trial 38 finished with value: 0.03486654329558426 and parameters: {'n_layers': 1, 'embedding_dim': 96, 'lr': 0.0003856498098225333, 'lambda_val': 6.3162403530588e-05, 'batch_size': 689, 'optimizer': 'RMSprop'}. Best is trial 38 with value: 0.03486654329558426.
2026-05-19 20:07:01,658 - optuna.study._optimize - INFO - Trial 39 pruned. 
2026-05-19 20:07:05,969 - experiment_functions - INFO - Early stopping at epoch 550. Best Recall: 0.0011
2026-05-19 20:07:06,071 - optuna.study.study - INFO - Trial 40 finished with value: 0.0011397595264688353 and parameters: {'n_layers': 1, 'embedding_dim': 96, 'lr': 6.278499423270176e-05, 'lambda_val': 0.00017484089985019338, 'batch_size': 526, 'optimizer': 'RMSprop'}. Best is trial 38 with value: 0.03486654329558426.
2026-05-19 20:07:14,837 - optuna.study._optimize - INFO - Trial 41 pruned. 
2026-05-19 20:07:22,019 - optuna.study._optimize - INFO - Trial 42 pruned. 
2026-05-19 20:07:25,637 - experiment_functions - INFO - Early stopping at epoch 500. Best Recall: 0.0011
2026-05-19 20:07:25,741 - optuna.study.study - INFO - Trial 43 finished with value: 0.001110764024079324 and parameters: {'n_layers': 1, 'embedding_dim': 256, 'lr': 0.0012879959342549218, 'lambda_val': 1.4493115573735388e-05, 'batch_size': 966, 'optimizer': 'SGD'}. Best is trial 38 with value: 0.03486654329558426.
2026-05-19 20:07:32,972 - optuna.study._optimize - INFO - Trial 44 pruned. 
2026-05-19 20:07:37,558 - experiment_functions - INFO - Early stopping at epoch 600. Best Recall: 0.0256
2026-05-19 20:07:37,647 - optuna.study.study - INFO - Trial 45 finished with value: 0.025595214937356246 and parameters: {'n_layers': 1, 'embedding_dim': 128, 'lr': 0.00251277192428292, 'lambda_val': 5.820538907606703e-05, 'batch_size': 719, 'optimizer': 'Adam'}. Best is trial 38 with value: 0.03486654329558426.
2026-05-19 20:07:43,278 - experiment_functions - INFO - Early stopping at epoch 800. Best Recall: 0.0259
2026-05-19 20:07:43,378 - optuna.study.study - INFO - Trial 46 finished with value: 0.025932009182809884 and parameters: {'n_layers': 1, 'embedding_dim': 128, 'lr': 0.0010147871869905863, 'lambda_val': 6.015123072289372e-05, 'batch_size': 646, 'optimizer': 'Adam'}. Best is trial 38 with value: 0.03486654329558426.
2026-05-19 20:07:48,578 - experiment_functions - INFO - Early stopping at epoch 700. Best Recall: 0.0202
2026-05-19 20:07:48,671 - optuna.study.study - INFO - Trial 47 finished with value: 0.020172997430307597 and parameters: {'n_layers': 2, 'embedding_dim': 128, 'lr': 0.0010913057148014041, 'lambda_val': 7.62405899021473e-05, 'batch_size': 691, 'optimizer': 'Adam'}. Best is trial 38 with value: 0.03486654329558426.
2026-05-19 20:07:55,717 - optuna.study._optimize - INFO - Trial 48 pruned. 
2026-05-19 20:08:04,247 - optuna.study._optimize - INFO - Trial 49 pruned. 
2026-05-19 20:08:07,899 - experiment_functions - INFO - Early stopping at epoch 500. Best Recall: 0.0022
2026-05-19 20:08:08,008 - optuna.study.study - INFO - Trial 50 finished with value: 0.0021724258783206757 and parameters: {'n_layers': 1, 'embedding_dim': 128, 'lr': 6.407293250943154e-05, 'lambda_val': 2.2300304375844482e-05, 'batch_size': 513, 'optimizer': 'Adam'}. Best is trial 38 with value: 0.03486654329558426.
2026-05-19 20:08:14,019 - experiment_functions - INFO - Early stopping at epoch 600. Best Recall: 0.0235
2026-05-19 20:08:14,119 - optuna.study.study - INFO - Trial 51 finished with value: 0.023498216066603444 and parameters: {'n_layers': 1, 'embedding_dim': 128, 'lr': 0.002448125430647373, 'lambda_val': 0.00022043395466901568, 'batch_size': 794, 'optimizer': 'Adam'}. Best is trial 38 with value: 0.03486654329558426.
2026-05-19 20:08:20,689 - optuna.study._optimize - INFO - Trial 52 pruned. 
2026-05-19 20:08:25,509 - experiment_functions - INFO - Early stopping at epoch 700. Best Recall: 0.0188
2026-05-19 20:08:25,667 - optuna.study.study - INFO - Trial 53 finished with value: 0.018846009877301374 and parameters: {'n_layers': 1, 'embedding_dim': 128, 'lr': 0.0009434171136152763, 'lambda_val': 0.0006264353690141172, 'batch_size': 1271, 'optimizer': 'Adam'}. Best is trial 38 with value: 0.03486654329558426.
2026-05-19 20:08:30,110 - experiment_functions - INFO - Early stopping at epoch 550. Best Recall: 0.0175
2026-05-19 20:08:30,197 - optuna.study.study - INFO - Trial 54 finished with value: 0.01748148371506123 and parameters: {'n_layers': 1, 'embedding_dim': 256, 'lr': 0.0054754252756922, 'lambda_val': 0.0052245485134569435, 'batch_size': 917, 'optimizer': 'Adam'}. Best is trial 38 with value: 0.03486654329558426.
2026-05-19 20:08:34,771 - experiment_functions - INFO - Early stopping at epoch 550. Best Recall: 0.0167
2026-05-19 20:08:34,874 - optuna.study.study - INFO - Trial 55 finished with value: 0.016723227283856154 and parameters: {'n_layers': 1, 'embedding_dim': 96, 'lr': 0.011929557003225824, 'lambda_val': 4.8585553878515064e-05, 'batch_size': 660, 'optimizer': 'Adam'}. Best is trial 38 with value: 0.03486654329558426.
2026-05-19 20:08:40,162 - experiment_functions - INFO - Early stopping at epoch 600. Best Recall: 0.0058
2026-05-19 20:08:40,321 - optuna.study.study - INFO - Trial 56 finished with value: 0.0058029402126748356 and parameters: {'n_layers': 4, 'embedding_dim': 128, 'lr': 0.0013582352568228472, 'lambda_val': 0.0004333761819152256, 'batch_size': 3516, 'optimizer': 'Adam'}. Best is trial 38 with value: 0.03486654329558426.
2026-05-19 20:08:44,785 - experiment_functions - INFO - Early stopping at epoch 550. Best Recall: 0.0259
2026-05-19 20:08:46,829 - optuna.study.study - INFO - Trial 57 finished with value: 0.025944411011631155 and parameters: {'n_layers': 1, 'embedding_dim': 256, 'lr': 0.0023540675120120743, 'lambda_val': 0.00014711330167898728, 'batch_size': 1149, 'optimizer': 'Adam'}. Best is trial 38 with value: 0.03486654329558426.
2026-05-19 20:08:50,477 - experiment_functions - INFO - Early stopping at epoch 500. Best Recall: 0.0016
2026-05-19 20:08:50,569 - optuna.study.study - INFO - Trial 58 finished with value: 0.0015906395008054807 and parameters: {'n_layers': 1, 'embedding_dim': 256, 'lr': 0.0008516780605760286, 'lambda_val': 0.00014966564460847193, 'batch_size': 852, 'optimizer': 'SGD'}. Best is trial 38 with value: 0.03486654329558426.
2026-05-19 20:08:56,530 - optuna.study._optimize - INFO - Trial 59 pruned. 
2026-05-19 20:09:02,897 - optuna.study._optimize - INFO - Trial 60 pruned. 
2026-05-19 20:09:07,179 - experiment_functions - INFO - Early stopping at epoch 600. Best Recall: 0.0206
2026-05-19 20:09:07,272 - optuna.study.study - INFO - Trial 61 finished with value: 0.020583009485834795 and parameters: {'n_layers': 1, 'embedding_dim': 64, 'lr': 0.002827543889341885, 'lambda_val': 0.0012426255173081152, 'batch_size': 1229, 'optimizer': 'Adam'}. Best is trial 38 with value: 0.03486654329558426.
2026-05-19 20:09:15,362 - experiment_functions - INFO - Early stopping at epoch 600. Best Recall: 0.0311
2026-05-19 20:09:15,464 - optuna.study.study - INFO - Trial 62 finished with value: 0.031077889215910762 and parameters: {'n_layers': 1, 'embedding_dim': 256, 'lr': 0.0017464988625874693, 'lambda_val': 4.330715848019536e-05, 'batch_size': 970, 'optimizer': 'Adam'}. Best is trial 38 with value: 0.03486654329558426.
2026-05-19 20:09:20,441 - experiment_functions - INFO - Early stopping at epoch 800. Best Recall: 0.0277
2026-05-19 20:09:20,532 - optuna.study.study - INFO - Trial 63 finished with value: 0.02766092061760138 and parameters: {'n_layers': 1, 'embedding_dim': 256, 'lr': 0.0005583814601963482, 'lambda_val': 3.869130806674653e-05, 'batch_size': 958, 'optimizer': 'Adam'}. Best is trial 38 with value: 0.03486654329558426.
2026-05-19 20:09:26,706 - experiment_functions - INFO - Early stopping at epoch 800. Best Recall: 0.0226
2026-05-19 20:09:26,798 - optuna.study.study - INFO - Trial 64 finished with value: 0.022613705483727112 and parameters: {'n_layers': 1, 'embedding_dim': 256, 'lr': 0.0005449763877630237, 'lambda_val': 3.7766626397261965e-05, 'batch_size': 987, 'optimizer': 'Adam'}. Best is trial 38 with value: 0.03486654329558426.
2026-05-19 20:09:32,791 - experiment_functions - INFO - Early stopping at epoch 950. Best Recall: 0.0263
2026-05-19 20:09:32,881 - optuna.study.study - INFO - Trial 65 finished with value: 0.026303039497833323 and parameters: {'n_layers': 1, 'embedding_dim': 256, 'lr': 0.00040458284714791243, 'lambda_val': 9.756656726891014e-05, 'batch_size': 1363, 'optimizer': 'Adam'}. Best is trial 38 with value: 0.03486654329558426.
2026-05-19 20:09:38,820 - experiment_functions - INFO - Early stopping at epoch 950. Best Recall: 0.0247
2026-05-19 20:09:38,923 - optuna.study.study - INFO - Trial 66 finished with value: 0.024704209011951805 and parameters: {'n_layers': 1, 'embedding_dim': 256, 'lr': 0.00035601875498747477, 'lambda_val': 0.0001022298544487198, 'batch_size': 1406, 'optimizer': 'Adam'}. Best is trial 38 with value: 0.03486654329558426.
2026-05-19 20:09:43,157 - experiment_functions - INFO - Early stopping at epoch 600. Best Recall: 0.0211
2026-05-19 20:09:43,261 - optuna.study.study - INFO - Trial 67 finished with value: 0.02112231322977647 and parameters: {'n_layers': 1, 'embedding_dim': 256, 'lr': 0.0016222086212458117, 'lambda_val': 0.00021408814059633685, 'batch_size': 1088, 'optimizer': 'Adam'}. Best is trial 38 with value: 0.03486654329558426.
2026-05-19 20:09:48,755 - experiment_functions - INFO - Early stopping at epoch 800. Best Recall: 0.0239
2026-05-19 20:09:48,892 - optuna.study.study - INFO - Trial 68 finished with value: 0.02394413500827457 and parameters: {'n_layers': 1, 'embedding_dim': 256, 'lr': 0.0006329448055771707, 'lambda_val': 0.00013372215927920473, 'batch_size': 1200, 'optimizer': 'Adam'}. Best is trial 38 with value: 0.03486654329558426.
2026-05-19 20:09:54,563 - experiment_functions - INFO - Early stopping at epoch 950. Best Recall: 0.0202
2026-05-19 20:09:54,665 - optuna.study.study - INFO - Trial 69 finished with value: 0.020177549792803028 and parameters: {'n_layers': 1, 'embedding_dim': 256, 'lr': 0.00048340071587845286, 'lambda_val': 2.537031997069915e-05, 'batch_size': 1323, 'optimizer': 'Adam'}. Best is trial 38 with value: 0.03486654329558426.
2026-05-19 20:10:01,539 - optuna.study._optimize - INFO - Trial 70 pruned. 
2026-05-19 20:10:06,696 - experiment_functions - INFO - Early stopping at epoch 700. Best Recall: 0.0247
2026-05-19 20:10:06,808 - optuna.study.study - INFO - Trial 71 finished with value: 0.024672064815501583 and parameters: {'n_layers': 1, 'embedding_dim': 256, 'lr': 0.0010367893784588914, 'lambda_val': 0.0003103478902563628, 'batch_size': 873, 'optimizer': 'Adam'}. Best is trial 38 with value: 0.03486654329558426.
2026-05-19 20:10:12,471 - experiment_functions - INFO - Early stopping at epoch 650. Best Recall: 0.0198
2026-05-19 20:10:12,564 - optuna.study.study - INFO - Trial 72 finished with value: 0.019794172373723506 and parameters: {'n_layers': 1, 'embedding_dim': 256, 'lr': 0.0007278426317113472, 'lambda_val': 4.249872014046491e-05, 'batch_size': 4070, 'optimizer': 'Adam'}. Best is trial 38 with value: 0.03486654329558426.
2026-05-19 20:10:18,654 - optuna.study._optimize - INFO - Trial 73 pruned. 
2026-05-19 20:10:25,234 - optuna.study._optimize - INFO - Trial 74 pruned. 
2026-05-19 20:10:31,413 - optuna.study._optimize - INFO - Trial 75 pruned. 
2026-05-19 20:10:34,955 - experiment_functions - INFO - Early stopping at epoch 500. Best Recall: 0.0043
2026-05-19 20:10:35,047 - optuna.study.study - INFO - Trial 76 finished with value: 0.004280343997981421 and parameters: {'n_layers': 3, 'embedding_dim': 96, 'lr': 0.004634612694281784, 'lambda_val': 5.057990986025005e-06, 'batch_size': 1023, 'optimizer': 'SGD'}. Best is trial 38 with value: 0.03486654329558426.
2026-05-19 20:10:39,161 - experiment_functions - INFO - Early stopping at epoch 600. Best Recall: 0.0216
2026-05-19 20:10:39,251 - optuna.study.study - INFO - Trial 77 finished with value: 0.021574652314292196 and parameters: {'n_layers': 1, 'embedding_dim': 256, 'lr': 0.0018254103543106541, 'lambda_val': 1.4952162333073849e-06, 'batch_size': 3081, 'optimizer': 'Adam'}. Best is trial 38 with value: 0.03486654329558426.
2026-05-19 20:10:45,828 - optuna.study._optimize - INFO - Trial 78 pruned. 
2026-05-19 20:10:50,362 - experiment_functions - INFO - Early stopping at epoch 650. Best Recall: 0.0260
2026-05-19 20:10:50,462 - optuna.study.study - INFO - Trial 79 finished with value: 0.02598698873078131 and parameters: {'n_layers': 1, 'embedding_dim': 256, 'lr': 0.0013126903469483711, 'lambda_val': 1.1755828654941406e-05, 'batch_size': 614, 'optimizer': 'Adam'}. Best is trial 38 with value: 0.03486654329558426.
2026-05-19 20:10:58,376 - optuna.study._optimize - INFO - Trial 80 pruned. 
2026-05-19 20:11:02,691 - experiment_functions - INFO - Early stopping at epoch 650. Best Recall: 0.0271
2026-05-19 20:11:02,830 - optuna.study.study - INFO - Trial 81 finished with value: 0.027055079527128052 and parameters: {'n_layers': 1, 'embedding_dim': 256, 'lr': 0.001191869644001831, 'lambda_val': 7.902753974937307e-06, 'batch_size': 513, 'optimizer': 'Adam'}. Best is trial 38 with value: 0.03486654329558426.
2026-05-19 20:11:09,380 - experiment_functions - INFO - Early stopping at epoch 650. Best Recall: 0.0256
2026-05-19 20:11:09,493 - optuna.study.study - INFO - Trial 82 finished with value: 0.025610200001605122 and parameters: {'n_layers': 1, 'embedding_dim': 256, 'lr': 0.0013044339350593245, 'lambda_val': 9.177710909785655e-06, 'batch_size': 589, 'optimizer': 'Adam'}. Best is trial 38 with value: 0.03486654329558426.
2026-05-19 20:11:13,978 - experiment_functions - INFO - Early stopping at epoch 550. Best Recall: 0.0255
2026-05-19 20:11:14,069 - optuna.study.study - INFO - Trial 83 finished with value: 0.025512445473840694 and parameters: {'n_layers': 1, 'embedding_dim': 256, 'lr': 0.003045950097864111, 'lambda_val': 1.8012589694383333e-05, 'batch_size': 901, 'optimizer': 'Adam'}. Best is trial 38 with value: 0.03486654329558426.
2026-05-19 20:11:21,873 - experiment_functions - INFO - Early stopping at epoch 900. Best Recall: 0.0261
2026-05-19 20:11:21,985 - optuna.study.study - INFO - Trial 84 finished with value: 0.026085645173300476 and parameters: {'n_layers': 1, 'embedding_dim': 256, 'lr': 0.0005628426151773085, 'lambda_val': 6.130314493812119e-06, 'batch_size': 810, 'optimizer': 'Adam'}. Best is trial 38 with value: 0.03486654329558426.
2026-05-19 20:11:27,277 - experiment_functions - INFO - Early stopping at epoch 900. Best Recall: 0.0240
2026-05-19 20:11:27,358 - optuna.study.study - INFO - Trial 85 finished with value: 0.02400919810395022 and parameters: {'n_layers': 1, 'embedding_dim': 256, 'lr': 0.0005621715528054497, 'lambda_val': 7.222365004959599e-06, 'batch_size': 536, 'optimizer': 'Adam'}. Best is trial 38 with value: 0.03486654329558426.
2026-05-19 20:11:33,665 - optuna.study._optimize - INFO - Trial 86 pruned. 
2026-05-19 20:11:40,457 - experiment_functions - INFO - Early stopping at epoch 1300. Best Recall: 0.0283
2026-05-19 20:11:40,569 - optuna.study.study - INFO - Trial 87 finished with value: 0.02826738693273105 and parameters: {'n_layers': 1, 'embedding_dim': 96, 'lr': 0.0006456276516170239, 'lambda_val': 5.0730417154754466e-06, 'batch_size': 656, 'optimizer': 'Adam'}. Best is trial 38 with value: 0.03486654329558426.
2026-05-19 20:11:46,160 - optuna.study._optimize - INFO - Trial 88 pruned. 
2026-05-19 20:11:51,771 - experiment_functions - INFO - Early stopping at epoch 900. Best Recall: 0.0297
2026-05-19 20:11:51,924 - optuna.study.study - INFO - Trial 89 finished with value: 0.02974145077142398 and parameters: {'n_layers': 1, 'embedding_dim': 96, 'lr': 0.0007067760157938813, 'lambda_val': 2.8462918336775223e-06, 'batch_size': 675, 'optimizer': 'Adam'}. Best is trial 38 with value: 0.03486654329558426.
2026-05-19 20:11:55,147 - experiment_functions - INFO - Early stopping at epoch 500. Best Recall: 0.0038
2026-05-19 20:11:55,226 - optuna.study.study - INFO - Trial 90 finished with value: 0.003820108337467221 and parameters: {'n_layers': 2, 'embedding_dim': 96, 'lr': 0.0008578129361111855, 'lambda_val': 1.2584165480400367e-06, 'batch_size': 512, 'optimizer': 'SGD'}. Best is trial 38 with value: 0.03486654329558426.
2026-05-19 20:12:00,816 - optuna.study._optimize - INFO - Trial 91 pruned. 
2026-05-19 20:12:07,131 - experiment_functions - INFO - Early stopping at epoch 950. Best Recall: 0.0274
2026-05-19 20:12:07,221 - optuna.study.study - INFO - Trial 92 finished with value: 0.027387684426014344 and parameters: {'n_layers': 1, 'embedding_dim': 96, 'lr': 0.0007157150240113128, 'lambda_val': 6.1062883482357386e-06, 'batch_size': 664, 'optimizer': 'Adam'}. Best is trial 38 with value: 0.03486654329558426.
2026-05-19 20:12:15,251 - experiment_functions - INFO - Early stopping at epoch 950. Best Recall: 0.0255
2026-05-19 20:12:15,342 - optuna.study.study - INFO - Trial 93 finished with value: 0.025463991458259932 and parameters: {'n_layers': 1, 'embedding_dim': 96, 'lr': 0.0007714232065788523, 'lambda_val': 1.8135833155934866e-06, 'batch_size': 636, 'optimizer': 'Adam'}. Best is trial 38 with value: 0.03486654329558426.
2026-05-19 20:12:22,432 - optuna.study._optimize - INFO - Trial 94 pruned. 
2026-05-19 20:12:29,629 - optuna.study._optimize - INFO - Trial 95 pruned. 
2026-05-19 20:12:34,254 - experiment_functions - INFO - Early stopping at epoch 600. Best Recall: 0.0239
2026-05-19 20:12:34,335 - optuna.study.study - INFO - Trial 96 finished with value: 0.02385740580030866 and parameters: {'n_layers': 1, 'embedding_dim': 96, 'lr': 0.001990839279778917, 'lambda_val': 2.806878324989472e-06, 'batch_size': 741, 'optimizer': 'Adam'}. Best is trial 38 with value: 0.03486654329558426.
2026-05-19 20:12:41,033 - optuna.study._optimize - INFO - Trial 97 pruned. 
2026-05-19 20:12:46,984 - experiment_functions - INFO - Early stopping at epoch 700. Best Recall: 0.0278
2026-05-19 20:12:47,076 - optuna.study.study - INFO - Trial 98 finished with value: 0.02781576697772131 and parameters: {'n_layers': 1, 'embedding_dim': 96, 'lr': 0.0011031111143490536, 'lambda_val': 1.434846261059892e-06, 'batch_size': 1055, 'optimizer': 'Adam'}. Best is trial 38 with value: 0.03486654329558426.
2026-05-19 20:12:51,286 - experiment_functions - INFO - Early stopping at epoch 550. Best Recall: 0.0072
2026-05-19 20:12:51,389 - optuna.study.study - INFO - Trial 99 finished with value: 0.007187921036409316 and parameters: {'n_layers': 4, 'embedding_dim': 96, 'lr': 0.0011803584212961892, 'lambda_val': 1.5023379339305939e-06, 'batch_size': 1047, 'optimizer': 'RMSprop'}. Best is trial 38 with value: 0.03486654329558426.
2026-05-19 20:12:56,406 - experiment_functions - INFO - Early stopping at epoch 750. Best Recall: 0.0284
2026-05-19 20:12:56,547 - optuna.study.study - INFO - Trial 100 finished with value: 0.02841494341374408 and parameters: {'n_layers': 1, 'embedding_dim': 96, 'lr': 0.0009789612775081646, 'lambda_val': 4.0443457247377875e-06, 'batch_size': 870, 'optimizer': 'Adam'}. Best is trial 38 with value: 0.03486654329558426.
2026-05-19 20:13:01,961 - experiment_functions - INFO - Early stopping at epoch 750. Best Recall: 0.0296
2026-05-19 20:13:02,053 - optuna.study.study - INFO - Trial 101 finished with value: 0.029627224160439253 and parameters: {'n_layers': 1, 'embedding_dim': 96, 'lr': 0.0008866814605615782, 'lambda_val': 4.13113328497036e-06, 'batch_size': 855, 'optimizer': 'Adam'}. Best is trial 38 with value: 0.03486654329558426.
2026-05-19 20:13:06,991 - experiment_functions - INFO - Early stopping at epoch 750. Best Recall: 0.0217
2026-05-19 20:13:07,094 - optuna.study.study - INFO - Trial 102 finished with value: 0.02170155219647385 and parameters: {'n_layers': 1, 'embedding_dim': 96, 'lr': 0.0015324408088847256, 'lambda_val': 3.5873598540568346e-06, 'batch_size': 862, 'optimizer': 'Adam'}. Best is trial 38 with value: 0.03486654329558426.
2026-05-19 20:13:19,114 - experiment_functions - INFO - Early stopping at epoch 650. Best Recall: 0.0135
2026-05-19 20:13:19,888 - optuna.study.study - INFO - Trial 103 finished with value: 0.013496870042324244 and parameters: {'n_layers': 1, 'embedding_dim': 96, 'lr': 0.0006353935395154769, 'lambda_val': 2.143970068334794e-06, 'batch_size': 3913, 'optimizer': 'Adam'}. Best is trial 38 with value: 0.03486654329558426.
2026-05-19 20:13:29,991 - experiment_functions - INFO - Early stopping at epoch 800. Best Recall: 0.0304
2026-05-19 20:13:30,093 - optuna.study.study - INFO - Trial 104 finished with value: 0.030437358623290292 and parameters: {'n_layers': 1, 'embedding_dim': 96, 'lr': 0.0009041205383633241, 'lambda_val': 5.967741501234841e-06, 'batch_size': 939, 'optimizer': 'Adam'}. Best is trial 38 with value: 0.03486654329558426.
2026-05-19 20:13:34,735 - experiment_functions - INFO - Early stopping at epoch 650. Best Recall: 0.0191
2026-05-19 20:13:34,826 - optuna.study.study - INFO - Trial 105 finished with value: 0.01908485472493982 and parameters: {'n_layers': 1, 'embedding_dim': 96, 'lr': 0.0009726807657390329, 'lambda_val': 2.501562574548977e-06, 'batch_size': 1073, 'optimizer': 'Adam'}. Best is trial 38 with value: 0.03486654329558426.
2026-05-19 20:13:40,293 - experiment_functions - INFO - Early stopping at epoch 800. Best Recall: 0.0217
2026-05-19 20:13:40,393 - optuna.study.study - INFO - Trial 106 finished with value: 0.021653454623954446 and parameters: {'n_layers': 1, 'embedding_dim': 96, 'lr': 0.0008295175650262395, 'lambda_val': 1.4150632751445139e-06, 'batch_size': 942, 'optimizer': 'Adam'}. Best is trial 38 with value: 0.03486654329558426.
2026-05-19 20:13:45,114 - experiment_functions - INFO - Early stopping at epoch 600. Best Recall: 0.0251
2026-05-19 20:13:45,251 - optuna.study.study - INFO - Trial 107 finished with value: 0.02511410392852529 and parameters: {'n_layers': 1, 'embedding_dim': 96, 'lr': 0.0021686381342833853, 'lambda_val': 4.064123672201762e-06, 'batch_size': 990, 'optimizer': 'Adam'}. Best is trial 38 with value: 0.03486654329558426.
2026-05-19 20:13:50,022 - experiment_functions - INFO - Early stopping at epoch 700. Best Recall: 0.0283
2026-05-19 20:13:50,104 - optuna.study.study - INFO - Trial 108 finished with value: 0.028303236004025328 and parameters: {'n_layers': 1, 'embedding_dim': 96, 'lr': 0.0015019903024547224, 'lambda_val': 1.8291381330115918e-06, 'batch_size': 1151, 'optimizer': 'Adam'}. Best is trial 38 with value: 0.03486654329558426.
2026-05-19 20:13:59,609 - experiment_functions - INFO - Early stopping at epoch 600. Best Recall: 0.0223
2026-05-19 20:14:00,371 - optuna.study.study - INFO - Trial 109 finished with value: 0.022333178185923373 and parameters: {'n_layers': 1, 'embedding_dim': 96, 'lr': 0.0015822897900028077, 'lambda_val': 1.8185252944189058e-06, 'batch_size': 1272, 'optimizer': 'Adam'}. Best is trial 38 with value: 0.03486654329558426.
2026-05-19 20:14:07,968 - experiment_functions - INFO - Early stopping at epoch 600. Best Recall: 0.0177
2026-05-19 20:14:08,069 - optuna.study.study - INFO - Trial 110 finished with value: 0.01769375630351513 and parameters: {'n_layers': 1, 'embedding_dim': 96, 'lr': 0.0010547726995777224, 'lambda_val': 1.1224218100795486e-06, 'batch_size': 1145, 'optimizer': 'RMSprop'}. Best is trial 38 with value: 0.03486654329558426.
2026-05-19 20:14:15,648 - experiment_functions - INFO - Early stopping at epoch 1050. Best Recall: 0.0299
2026-05-19 20:14:15,746 - optuna.study.study - INFO - Trial 111 finished with value: 0.029901718795780664 and parameters: {'n_layers': 1, 'embedding_dim': 96, 'lr': 0.0006549767476564874, 'lambda_val': 1.8387419701491012e-06, 'batch_size': 826, 'optimizer': 'Adam'}. Best is trial 38 with value: 0.03486654329558426.
2026-05-19 20:14:22,920 - optuna.study._optimize - INFO - Trial 112 pruned. 
2026-05-19 20:14:27,420 - experiment_functions - INFO - Early stopping at epoch 650. Best Recall: 0.0226
2026-05-19 20:14:27,512 - optuna.study.study - INFO - Trial 113 finished with value: 0.022623422991379462 and parameters: {'n_layers': 1, 'embedding_dim': 96, 'lr': 0.0015137333677194276, 'lambda_val': 1.0045702373526635e-06, 'batch_size': 809, 'optimizer': 'Adam'}. Best is trial 38 with value: 0.03486654329558426.
2026-05-19 20:14:44,579 - experiment_functions - INFO - Early stopping at epoch 750. Best Recall: 0.0238
2026-05-19 20:14:44,680 - optuna.study.study - INFO - Trial 114 finished with value: 0.023794416812263495 and parameters: {'n_layers': 1, 'embedding_dim': 96, 'lr': 0.0008959491915722446, 'lambda_val': 3.491812306775817e-06, 'batch_size': 1030, 'optimizer': 'Adam'}. Best is trial 38 with value: 0.03486654329558426.
2026-05-19 20:14:51,470 - experiment_functions - INFO - Early stopping at epoch 850. Best Recall: 0.0189
2026-05-19 20:14:51,571 - optuna.study.study - INFO - Trial 115 finished with value: 0.018923770544081054 and parameters: {'n_layers': 1, 'embedding_dim': 96, 'lr': 0.0006227682716774303, 'lambda_val': 2.5791767252212513e-06, 'batch_size': 1180, 'optimizer': 'Adam'}. Best is trial 38 with value: 0.03486654329558426.
2026-05-19 20:14:55,292 - experiment_functions - INFO - Early stopping at epoch 500. Best Recall: 0.0018
2026-05-19 20:14:55,401 - optuna.study.study - INFO - Trial 116 finished with value: 0.0018008509960058966 and parameters: {'n_layers': 1, 'embedding_dim': 96, 'lr': 0.000460393060451714, 'lambda_val': 1.3894113615819892e-06, 'batch_size': 1090, 'optimizer': 'SGD'}. Best is trial 38 with value: 0.03486654329558426.
2026-05-19 20:15:01,333 - experiment_functions - INFO - Early stopping at epoch 550. Best Recall: 0.0190
2026-05-19 20:15:01,499 - optuna.study.study - INFO - Trial 117 finished with value: 0.01902240733581527 and parameters: {'n_layers': 1, 'embedding_dim': 64, 'lr': 0.003284975336801397, 'lambda_val': 1.7389347803570716e-06, 'batch_size': 1679, 'optimizer': 'Adam'}. Best is trial 38 with value: 0.03486654329558426.
2026-05-19 20:15:06,346 - experiment_functions - INFO - Early stopping at epoch 600. Best Recall: 0.0197
2026-05-19 20:15:06,458 - optuna.study.study - INFO - Trial 118 finished with value: 0.019662816046459395 and parameters: {'n_layers': 1, 'embedding_dim': 96, 'lr': 0.0010684827802467428, 'lambda_val': 4.77351830142867e-06, 'batch_size': 2717, 'optimizer': 'Adam'}. Best is trial 38 with value: 0.03486654329558426.
2026-05-19 20:15:11,522 - experiment_functions - INFO - Early stopping at epoch 650. Best Recall: 0.0031
2026-05-19 20:15:11,653 - optuna.study.study - INFO - Trial 119 finished with value: 0.0030682889478189264 and parameters: {'n_layers': 1, 'embedding_dim': 96, 'lr': 2.2147794604420636e-05, 'lambda_val': 2.3222806794692292e-06, 'batch_size': 869, 'optimizer': 'Adam'}. Best is trial 38 with value: 0.03486654329558426.
2026-05-19 20:15:16,730 - experiment_functions - INFO - Early stopping at epoch 600. Best Recall: 0.0086
2026-05-19 20:15:16,850 - optuna.study.study - INFO - Trial 120 finished with value: 0.008573733893976105 and parameters: {'n_layers': 3, 'embedding_dim': 96, 'lr': 0.0018958020085866028, 'lambda_val': 1.4187870401921504e-05, 'batch_size': 2155, 'optimizer': 'Adam'}. Best is trial 38 with value: 0.03486654329558426.
2026-05-19 20:15:24,052 - experiment_functions - INFO - Early stopping at epoch 850. Best Recall: 0.0292
2026-05-19 20:15:24,181 - optuna.study.study - INFO - Trial 121 finished with value: 0.029191514115081495 and parameters: {'n_layers': 1, 'embedding_dim': 96, 'lr': 0.0007238787597340583, 'lambda_val': 5.663655669157414e-06, 'batch_size': 712, 'optimizer': 'Adam'}. Best is trial 38 with value: 0.03486654329558426.
2026-05-19 20:15:31,850 - experiment_functions - INFO - Early stopping at epoch 750. Best Recall: 0.0290
2026-05-19 20:15:32,016 - optuna.study.study - INFO - Trial 122 finished with value: 0.02900455103647588 and parameters: {'n_layers': 1, 'embedding_dim': 96, 'lr': 0.0007845692600353517, 'lambda_val': 3.1565428806776533e-06, 'batch_size': 766, 'optimizer': 'Adam'}. Best is trial 38 with value: 0.03486654329558426.
2026-05-19 20:15:38,940 - experiment_functions - INFO - Early stopping at epoch 950. Best Recall: 0.0262
2026-05-19 20:15:39,042 - optuna.study.study - INFO - Trial 123 finished with value: 0.02615704455066326 and parameters: {'n_layers': 1, 'embedding_dim': 96, 'lr': 0.0008196992645548982, 'lambda_val': 3.176810631371356e-06, 'batch_size': 752, 'optimizer': 'Adam'}. Best is trial 38 with value: 0.03486654329558426.
2026-05-19 20:15:44,042 - experiment_functions - INFO - Early stopping at epoch 650. Best Recall: 0.0282
2026-05-19 20:15:45,041 - optuna.study.study - INFO - Trial 124 finished with value: 0.02820394200754139 and parameters: {'n_layers': 1, 'embedding_dim': 96, 'lr': 0.001394842931609435, 'lambda_val': 5.565274067775646e-06, 'batch_size': 822, 'optimizer': 'Adam'}. Best is trial 38 with value: 0.03486654329558426.
2026-05-19 20:15:50,533 - experiment_functions - INFO - Early stopping at epoch 750. Best Recall: 0.0282
2026-05-19 20:15:50,633 - optuna.study.study - INFO - Trial 125 finished with value: 0.02816997297989189 and parameters: {'n_layers': 1, 'embedding_dim': 96, 'lr': 0.0013219323759900896, 'lambda_val': 5.279094047631255e-06, 'batch_size': 722, 'optimizer': 'Adam'}. Best is trial 38 with value: 0.03486654329558426.
2026-05-19 20:15:57,448 - optuna.study._optimize - INFO - Trial 126 pruned. 
2026-05-19 20:16:03,413 - experiment_functions - INFO - Early stopping at epoch 800. Best Recall: 0.0249
2026-05-19 20:16:03,537 - optuna.study.study - INFO - Trial 127 finished with value: 0.024895554331151582 and parameters: {'n_layers': 1, 'embedding_dim': 96, 'lr': 0.0006799953513015786, 'lambda_val': 6.206853676843463e-06, 'batch_size': 813, 'optimizer': 'RMSprop'}. Best is trial 38 with value: 0.03486654329558426.
2026-05-19 20:16:08,154 - experiment_functions - INFO - Early stopping at epoch 700. Best Recall: 0.0179
2026-05-19 20:16:08,245 - optuna.study.study - INFO - Trial 128 finished with value: 0.017901350829550525 and parameters: {'n_layers': 1, 'embedding_dim': 64, 'lr': 0.0009645375502254001, 'lambda_val': 9.925578178246942e-06, 'batch_size': 1924, 'optimizer': 'Adam'}. Best is trial 38 with value: 0.03486654329558426.
2026-05-19 20:16:12,870 - experiment_functions - INFO - Early stopping at epoch 650. Best Recall: 0.0242
2026-05-19 20:16:13,017 - optuna.study.study - INFO - Trial 129 finished with value: 0.024247538982390897 and parameters: {'n_layers': 1, 'embedding_dim': 96, 'lr': 0.0016208462815318029, 'lambda_val': 7.066051075756647e-06, 'batch_size': 867, 'optimizer': 'Adam'}. Best is trial 38 with value: 0.03486654329558426.
2026-05-19 20:16:18,544 - experiment_functions - INFO - Early stopping at epoch 850. Best Recall: 0.0286
2026-05-19 20:16:18,634 - optuna.study.study - INFO - Trial 130 finished with value: 0.028632069780440816 and parameters: {'n_layers': 1, 'embedding_dim': 96, 'lr': 0.0008183263852774938, 'lambda_val': 4.396348087220129e-06, 'batch_size': 696, 'optimizer': 'Adam'}. Best is trial 38 with value: 0.03486654329558426.
2026-05-19 20:16:23,839 - experiment_functions - INFO - Early stopping at epoch 900. Best Recall: 0.0308
2026-05-19 20:16:23,929 - optuna.study.study - INFO - Trial 131 finished with value: 0.030802864728284734 and parameters: {'n_layers': 1, 'embedding_dim': 96, 'lr': 0.0007980748394942361, 'lambda_val': 4.23925612918443e-06, 'batch_size': 687, 'optimizer': 'Adam'}. Best is trial 38 with value: 0.03486654329558426.
2026-05-19 20:16:29,858 - experiment_functions - INFO - Early stopping at epoch 850. Best Recall: 0.0272
2026-05-19 20:16:29,959 - optuna.study.study - INFO - Trial 132 finished with value: 0.02721786631836844 and parameters: {'n_layers': 1, 'embedding_dim': 96, 'lr': 0.0007654704982105415, 'lambda_val': 4.098207601868622e-06, 'batch_size': 690, 'optimizer': 'Adam'}. Best is trial 38 with value: 0.03486654329558426.
2026-05-19 20:16:35,971 - experiment_functions - INFO - Early stopping at epoch 950. Best Recall: 0.0290
2026-05-19 20:16:36,063 - optuna.study.study - INFO - Trial 133 finished with value: 0.028956492086842214 and parameters: {'n_layers': 1, 'embedding_dim': 96, 'lr': 0.0006201524010812265, 'lambda_val': 2.9944797998216016e-06, 'batch_size': 594, 'optimizer': 'Adam'}. Best is trial 38 with value: 0.03486654329558426.
2026-05-19 20:16:45,721 - experiment_functions - INFO - Early stopping at epoch 1900. Best Recall: 0.0288
2026-05-19 20:16:45,813 - optuna.study.study - INFO - Trial 134 finished with value: 0.028839652604157363 and parameters: {'n_layers': 1, 'embedding_dim': 96, 'lr': 0.00044537104355873763, 'lambda_val': 2.9334313773815497e-06, 'batch_size': 609, 'optimizer': 'Adam'}. Best is trial 38 with value: 0.03486654329558426.
2026-05-19 20:16:54,625 - optuna.study._optimize - INFO - Trial 135 pruned. 
2026-05-19 20:17:01,901 - optuna.study._optimize - INFO - Trial 136 pruned. 
2026-05-19 20:17:06,316 - experiment_functions - INFO - Early stopping at epoch 500. Best Recall: 0.0019
2026-05-19 20:17:06,414 - optuna.study.study - INFO - Trial 137 finished with value: 0.0018984996278114668 and parameters: {'n_layers': 1, 'embedding_dim': 96, 'lr': 0.0003385481055974072, 'lambda_val': 3.624891866504129e-06, 'batch_size': 637, 'optimizer': 'SGD'}. Best is trial 38 with value: 0.03486654329558426.
2026-05-19 20:17:16,878 - experiment_functions - INFO - Early stopping at epoch 1750. Best Recall: 0.0319
2026-05-19 20:17:16,968 - optuna.study.study - INFO - Trial 138 finished with value: 0.03188326252795786 and parameters: {'n_layers': 1, 'embedding_dim': 96, 'lr': 0.0005338784856995353, 'lambda_val': 2.2947388963748276e-06, 'batch_size': 582, 'optimizer': 'Adam'}. Best is trial 38 with value: 0.03486654329558426.
2026-05-19 20:17:22,696 - optuna.study._optimize - INFO - Trial 139 pruned. 
2026-05-19 20:17:39,239 - optuna.study._optimize - INFO - Trial 140 pruned. 
2026-05-19 20:17:45,353 - optuna.study._optimize - INFO - Trial 141 pruned. 
2026-05-19 20:17:53,982 - experiment_functions - INFO - Early stopping at epoch 1600. Best Recall: 0.0326
2026-05-19 20:17:54,107 - optuna.study.study - INFO - Trial 142 finished with value: 0.03261753506499388 and parameters: {'n_layers': 1, 'embedding_dim': 96, 'lr': 0.0005298322296423807, 'lambda_val': 7.80244022331706e-06, 'batch_size': 539, 'optimizer': 'Adam'}. Best is trial 38 with value: 0.03486654329558426.
2026-05-19 20:18:00,463 - optuna.study._optimize - INFO - Trial 143 pruned. 
2026-05-19 20:18:11,190 - experiment_functions - INFO - Early stopping at epoch 2150. Best Recall: 0.0302
2026-05-19 20:18:11,292 - optuna.study.study - INFO - Trial 144 finished with value: 0.030201317156627248 and parameters: {'n_layers': 1, 'embedding_dim': 96, 'lr': 0.0002859203453117591, 'lambda_val': 1.0739290872773101e-05, 'batch_size': 632, 'optimizer': 'Adam'}. Best is trial 38 with value: 0.03486654329558426.
2026-05-19 20:18:16,844 - optuna.study._optimize - INFO - Trial 145 pruned. 
2026-05-19 20:18:25,383 - experiment_functions - INFO - Early stopping at epoch 1500. Best Recall: 0.0349
2026-05-19 20:18:25,476 - optuna.study.study - INFO - Trial 146 finished with value: 0.0349361693699917 and parameters: {'n_layers': 1, 'embedding_dim': 96, 'lr': 0.0003300685977993273, 'lambda_val': 8.711020775096468e-06, 'batch_size': 630, 'optimizer': 'Adam'}. Best is trial 146 with value: 0.0349361693699917.
2026-05-19 20:18:31,235 - optuna.study._optimize - INFO - Trial 147 pruned. 
2026-05-19 20:18:36,795 - optuna.study._optimize - INFO - Trial 148 pruned. 
2026-05-19 20:18:42,484 - optuna.study._optimize - INFO - Trial 149 pruned. 
2026-05-19 20:18:47,928 - optuna.study._optimize - INFO - Trial 150 pruned. 
2026-05-19 20:18:53,619 - optuna.study._optimize - INFO - Trial 151 pruned. 
2026-05-19 20:18:59,271 - experiment_functions - INFO - Early stopping at epoch 950. Best Recall: 0.0207
2026-05-19 20:18:59,382 - optuna.study.study - INFO - Trial 152 finished with value: 0.020728205764640566 and parameters: {'n_layers': 1, 'embedding_dim': 96, 'lr': 0.0005482930627094549, 'lambda_val': 7.675992748578073e-06, 'batch_size': 778, 'optimizer': 'Adam'}. Best is trial 146 with value: 0.0349361693699917.
2026-05-19 20:19:17,871 - experiment_functions - INFO - Early stopping at epoch 3750. Best Recall: 0.0328
2026-05-19 20:19:17,974 - optuna.study.study - INFO - Trial 153 finished with value: 0.032800522984075216 and parameters: {'n_layers': 1, 'embedding_dim': 96, 'lr': 0.00031563565266525787, 'lambda_val': 3.2817811651132253e-06, 'batch_size': 513, 'optimizer': 'Adam'}. Best is trial 146 with value: 0.0349361693699917.
2026-05-19 20:19:34,451 - optuna.study._optimize - INFO - Trial 154 pruned. 
2026-05-19 20:19:42,817 - experiment_functions - INFO - Early stopping at epoch 850. Best Recall: 0.0281
2026-05-19 20:19:42,926 - optuna.study.study - INFO - Trial 155 finished with value: 0.02805669241057799 and parameters: {'n_layers': 1, 'embedding_dim': 96, 'lr': 0.0006453265796315503, 'lambda_val': 1.2973513789301885e-05, 'batch_size': 679, 'optimizer': 'Adam'}. Best is trial 146 with value: 0.0349361693699917.
2026-05-19 20:19:50,077 - optuna.study._optimize - INFO - Trial 156 pruned. 
2026-05-19 20:19:55,808 - optuna.study._optimize - INFO - Trial 157 pruned. 
2026-05-19 20:20:01,781 - optuna.study._optimize - INFO - Trial 158 pruned. 
2026-05-19 20:20:07,153 - experiment_functions - INFO - Early stopping at epoch 900. Best Recall: 0.0292
2026-05-19 20:20:07,254 - optuna.study.study - INFO - Trial 159 finished with value: 0.02923782894585369 and parameters: {'n_layers': 1, 'embedding_dim': 96, 'lr': 0.0006790039329083019, 'lambda_val': 9.463716953861943e-06, 'batch_size': 768, 'optimizer': 'Adam'}. Best is trial 146 with value: 0.0349361693699917.
2026-05-19 20:20:13,555 - experiment_functions - INFO - Early stopping at epoch 800. Best Recall: 0.0260
2026-05-19 20:20:13,655 - optuna.study.study - INFO - Trial 160 finished with value: 0.025997793819754242 and parameters: {'n_layers': 1, 'embedding_dim': 96, 'lr': 0.0007298214863697251, 'lambda_val': 2.57418851464173e-05, 'batch_size': 821, 'optimizer': 'Adam'}. Best is trial 146 with value: 0.0349361693699917.
2026-05-19 20:20:19,973 - optuna.study._optimize - INFO - Trial 161 pruned. 
2026-05-19 20:20:25,244 - optuna.study._optimize - INFO - Trial 162 pruned. 
2026-05-19 20:20:30,508 - experiment_functions - INFO - Early stopping at epoch 850. Best Recall: 0.0215
2026-05-19 20:20:30,600 - optuna.study.study - INFO - Trial 163 finished with value: 0.02150992838143836 and parameters: {'n_layers': 1, 'embedding_dim': 96, 'lr': 0.0006528816112705056, 'lambda_val': 1.6386786891839647e-05, 'batch_size': 975, 'optimizer': 'Adam'}. Best is trial 146 with value: 0.0349361693699917.
2026-05-19 20:20:36,358 - experiment_functions - INFO - Early stopping at epoch 950. Best Recall: 0.0277
2026-05-19 20:20:36,458 - optuna.study.study - INFO - Trial 164 finished with value: 0.027671340819948043 and parameters: {'n_layers': 1, 'embedding_dim': 96, 'lr': 0.0008997477538906293, 'lambda_val': 2.2569605654522183e-06, 'batch_size': 732, 'optimizer': 'Adam'}. Best is trial 146 with value: 0.0349361693699917.
2026-05-19 20:20:43,085 - optuna.study._optimize - INFO - Trial 165 pruned. 
2026-05-19 20:20:51,099 - optuna.study._optimize - INFO - Trial 166 pruned. 
2026-05-19 20:20:56,122 - optuna.study._optimize - INFO - Trial 167 pruned. 
2026-05-19 20:20:58,911 - experiment_functions - INFO - Early stopping at epoch 500. Best Recall: 0.0013
2026-05-19 20:20:58,981 - optuna.study.study - INFO - Trial 168 finished with value: 0.0012706400094448385 and parameters: {'n_layers': 1, 'embedding_dim': 96, 'lr': 0.0012043199490434071, 'lambda_val': 0.004682556726717962, 'batch_size': 512, 'optimizer': 'SGD'}. Best is trial 146 with value: 0.0349361693699917.
2026-05-19 20:21:08,190 - experiment_functions - INFO - Early stopping at epoch 1950. Best Recall: 0.0351
2026-05-19 20:21:08,285 - optuna.study.study - INFO - Trial 169 finished with value: 0.03511561415870754 and parameters: {'n_layers': 1, 'embedding_dim': 96, 'lr': 0.0002938440471656105, 'lambda_val': 3.4242139877126145e-06, 'batch_size': 656, 'optimizer': 'Adam'}. Best is trial 169 with value: 0.03511561415870754.
2026-05-19 20:21:13,417 - experiment_functions - INFO - Early stopping at epoch 850. Best Recall: 0.0232
2026-05-19 20:21:13,534 - optuna.study.study - INFO - Trial 170 finished with value: 0.02319676964027374 and parameters: {'n_layers': 1, 'embedding_dim': 96, 'lr': 0.00044972302886466485, 'lambda_val': 3.7945963622058982e-06, 'batch_size': 2551, 'optimizer': 'Adam'}. Best is trial 169 with value: 0.03511561415870754.
2026-05-19 20:21:19,667 - optuna.study._optimize - INFO - Trial 171 pruned. 
2026-05-19 20:21:26,967 - experiment_functions - INFO - Early stopping at epoch 950. Best Recall: 0.0305
2026-05-19 20:21:27,057 - optuna.study.study - INFO - Trial 172 finished with value: 0.030453538957059642 and parameters: {'n_layers': 1, 'embedding_dim': 96, 'lr': 0.0006322346557670681, 'lambda_val': 4.7635594617730665e-06, 'batch_size': 755, 'optimizer': 'Adam'}. Best is trial 169 with value: 0.03511561415870754.
2026-05-19 20:21:30,925 - experiment_functions - INFO - Early stopping at epoch 650. Best Recall: 0.0176
2026-05-19 20:21:31,018 - optuna.study.study - INFO - Trial 173 finished with value: 0.017560305518687175 and parameters: {'n_layers': 1, 'embedding_dim': 96, 'lr': 0.0009181929018948582, 'lambda_val': 5.0376749625434086e-06, 'batch_size': 2837, 'optimizer': 'Adam'}. Best is trial 169 with value: 0.03511561415870754.
2026-05-19 20:21:36,963 - optuna.study._optimize - INFO - Trial 174 pruned. 
2026-05-19 20:21:43,514 - optuna.study._optimize - INFO - Trial 175 pruned. 
2026-05-19 20:21:48,211 - experiment_functions - INFO - Early stopping at epoch 700. Best Recall: 0.0298
2026-05-19 20:21:48,307 - optuna.study.study - INFO - Trial 176 finished with value: 0.029756683020725583 and parameters: {'n_layers': 1, 'embedding_dim': 96, 'lr': 0.0007215940037402316, 'lambda_val': 6.365999144736181e-06, 'batch_size': 735, 'optimizer': 'RMSprop'}. Best is trial 169 with value: 0.03511561415870754.
2026-05-19 20:21:54,884 - optuna.study._optimize - INFO - Trial 177 pruned. 
2026-05-19 20:22:03,238 - experiment_functions - INFO - Early stopping at epoch 1250. Best Recall: 0.0306
2026-05-19 20:22:03,329 - optuna.study.study - INFO - Trial 178 finished with value: 0.030618157750456027 and parameters: {'n_layers': 1, 'embedding_dim': 96, 'lr': 0.0003750609378605634, 'lambda_val': 6.98709948440116e-06, 'batch_size': 844, 'optimizer': 'RMSprop'}. Best is trial 169 with value: 0.03511561415870754.
2026-05-19 20:22:16,699 - experiment_functions - INFO - Early stopping at epoch 2550. Best Recall: 0.0372
2026-05-19 20:22:16,782 - optuna.study.study - INFO - Trial 179 finished with value: 0.037216764109935734 and parameters: {'n_layers': 1, 'embedding_dim': 96, 'lr': 0.0002602249818544327, 'lambda_val': 9.493596750245271e-06, 'batch_size': 868, 'optimizer': 'RMSprop'}. Best is trial 179 with value: 0.037216764109935734.
2026-05-19 20:22:22,911 - optuna.study._optimize - INFO - Trial 180 pruned. 
2026-05-19 20:22:31,184 - experiment_functions - INFO - Early stopping at epoch 1700. Best Recall: 0.0321
2026-05-19 20:22:31,329 - optuna.study.study - INFO - Trial 181 finished with value: 0.032104334478556235 and parameters: {'n_layers': 1, 'embedding_dim': 96, 'lr': 0.0003697823500760997, 'lambda_val': 9.189255001886809e-06, 'batch_size': 922, 'optimizer': 'RMSprop'}. Best is trial 179 with value: 0.037216764109935734.
2026-05-19 20:22:36,784 - optuna.study._optimize - INFO - Trial 182 pruned. 
2026-05-19 20:22:46,663 - experiment_functions - INFO - Early stopping at epoch 1700. Best Recall: 0.0313
2026-05-19 20:22:46,763 - optuna.study.study - INFO - Trial 183 finished with value: 0.03132548565358034 and parameters: {'n_layers': 1, 'embedding_dim': 96, 'lr': 0.00036243097657441786, 'lambda_val': 6.580359735608592e-06, 'batch_size': 924, 'optimizer': 'RMSprop'}. Best is trial 179 with value: 0.037216764109935734.
2026-05-19 20:22:52,957 - optuna.study._optimize - INFO - Trial 184 pruned. 
2026-05-19 20:23:00,255 - optuna.study._optimize - INFO - Trial 185 pruned. 
2026-05-19 20:23:05,945 - optuna.study._optimize - INFO - Trial 186 pruned. 
2026-05-19 20:23:11,844 - optuna.study._optimize - INFO - Trial 187 pruned. 
2026-05-19 20:23:17,705 - experiment_functions - INFO - Early stopping at epoch 800. Best Recall: 0.0134
2026-05-19 20:23:17,787 - optuna.study.study - INFO - Trial 188 finished with value: 0.013411573176299096 and parameters: {'n_layers': 1, 'embedding_dim': 96, 'lr': 0.000399788414211685, 'lambda_val': 0.045256045623803955, 'batch_size': 648, 'optimizer': 'RMSprop'}. Best is trial 179 with value: 0.037216764109935734.
2026-05-19 20:23:24,651 - optuna.study._optimize - INFO - Trial 189 pruned. 
2026-05-19 20:23:31,715 - optuna.study._optimize - INFO - Trial 190 pruned. 
2026-05-19 20:23:39,407 - experiment_functions - INFO - Early stopping at epoch 1100. Best Recall: 0.0329
2026-05-19 20:23:39,506 - optuna.study.study - INFO - Trial 191 finished with value: 0.03293526102737188 and parameters: {'n_layers': 1, 'embedding_dim': 96, 'lr': 0.0004163753680378885, 'lambda_val': 3.857438470824703e-06, 'batch_size': 848, 'optimizer': 'RMSprop'}. Best is trial 179 with value: 0.037216764109935734.
2026-05-19 20:23:46,493 - optuna.study._optimize - INFO - Trial 192 pruned. 
2026-05-19 20:23:55,587 - experiment_functions - INFO - Early stopping at epoch 1450. Best Recall: 0.0330
2026-05-19 20:23:55,678 - optuna.study.study - INFO - Trial 193 finished with value: 0.03296535644129841 and parameters: {'n_layers': 1, 'embedding_dim': 96, 'lr': 0.0004393188830873601, 'lambda_val': 8.81480666558847e-06, 'batch_size': 736, 'optimizer': 'RMSprop'}. Best is trial 179 with value: 0.037216764109935734.
2026-05-19 20:24:02,387 - optuna.study._optimize - INFO - Trial 194 pruned. 
2026-05-19 20:24:09,758 - experiment_functions - INFO - Early stopping at epoch 800. Best Recall: 0.0163
2026-05-19 20:24:09,857 - optuna.study.study - INFO - Trial 195 finished with value: 0.01630190376307012 and parameters: {'n_layers': 1, 'embedding_dim': 128, 'lr': 0.0004633244626750479, 'lambda_val': 1.1117931323636314e-05, 'batch_size': 1822, 'optimizer': 'RMSprop'}. Best is trial 179 with value: 0.037216764109935734.
2026-05-19 20:24:22,049 - experiment_functions - INFO - Early stopping at epoch 1750. Best Recall: 0.0348
2026-05-19 20:24:22,130 - optuna.study.study - INFO - Trial 196 finished with value: 0.03479358176906499 and parameters: {'n_layers': 1, 'embedding_dim': 96, 'lr': 0.00032866992646619073, 'lambda_val': 7.203811766765817e-06, 'batch_size': 944, 'optimizer': 'RMSprop'}. Best is trial 179 with value: 0.037216764109935734.
2026-05-19 20:24:28,855 - optuna.study._optimize - INFO - Trial 197 pruned. 
2026-05-19 20:24:36,451 - optuna.study._optimize - INFO - Trial 198 pruned. 
2026-05-19 20:24:44,161 - optuna.study._optimize - INFO - Trial 199 pruned. 
2026-05-19 20:24:51,177 - optuna.study._optimize - INFO - Trial 200 pruned. 
2026-05-19 20:24:57,558 - optuna.study._optimize - INFO - Trial 201 pruned. 
2026-05-19 20:25:06,792 - optuna.study._optimize - INFO - Trial 202 pruned. 
2026-05-19 20:25:14,396 - optuna.study._optimize - INFO - Trial 203 pruned. 
2026-05-19 20:25:21,733 - optuna.study._optimize - INFO - Trial 204 pruned. 
2026-05-19 20:25:34,528 - experiment_functions - INFO - Early stopping at epoch 1850. Best Recall: 0.0334
2026-05-19 20:25:34,617 - optuna.study.study - INFO - Trial 205 finished with value: 0.03339324413217821 and parameters: {'n_layers': 1, 'embedding_dim': 96, 'lr': 0.0003320768970151172, 'lambda_val': 5.989398572919372e-06, 'batch_size': 519, 'optimizer': 'RMSprop'}. Best is trial 179 with value: 0.037216764109935734.
2026-05-19 20:25:47,569 - experiment_functions - INFO - Early stopping at epoch 2100. Best Recall: 0.0357
2026-05-19 20:25:47,681 - optuna.study.study - INFO - Trial 206 finished with value: 0.03570921287019139 and parameters: {'n_layers': 1, 'embedding_dim': 64, 'lr': 0.00032727319751001344, 'lambda_val': 5.274683621039759e-06, 'batch_size': 522, 'optimizer': 'RMSprop'}. Best is trial 179 with value: 0.037216764109935734.
2026-05-19 20:26:00,152 - experiment_functions - INFO - Early stopping at epoch 2000. Best Recall: 0.0360
2026-05-19 20:26:00,232 - optuna.study.study - INFO - Trial 207 finished with value: 0.03597292435652695 and parameters: {'n_layers': 1, 'embedding_dim': 64, 'lr': 0.0003268714050074123, 'lambda_val': 4.890065804987868e-06, 'batch_size': 520, 'optimizer': 'RMSprop'}. Best is trial 179 with value: 0.037216764109935734.
2026-05-19 20:26:07,188 - optuna.study._optimize - INFO - Trial 208 pruned. 
2026-05-19 20:26:13,847 - optuna.study._optimize - INFO - Trial 209 pruned. 
2026-05-19 20:26:20,958 - optuna.study._optimize - INFO - Trial 210 pruned. 
2026-05-19 20:26:27,688 - optuna.study._optimize - INFO - Trial 211 pruned. 
2026-05-19 20:26:40,649 - experiment_functions - INFO - Early stopping at epoch 1800. Best Recall: 0.0354
2026-05-19 20:26:40,742 - optuna.study.study - INFO - Trial 212 finished with value: 0.035421413020366395 and parameters: {'n_layers': 1, 'embedding_dim': 64, 'lr': 0.00031623607168672113, 'lambda_val': 3.7923109170519593e-06, 'batch_size': 586, 'optimizer': 'RMSprop'}. Best is trial 179 with value: 0.037216764109935734.
2026-05-19 20:26:59,492 - experiment_functions - INFO - Early stopping at epoch 3200. Best Recall: 0.0383
2026-05-19 20:26:59,637 - optuna.study.study - INFO - Trial 213 finished with value: 0.03834148657629775 and parameters: {'n_layers': 1, 'embedding_dim': 64, 'lr': 0.0003022268724663227, 'lambda_val': 3.725524401254304e-06, 'batch_size': 577, 'optimizer': 'RMSprop'}. Best is trial 213 with value: 0.03834148657629775.
2026-05-19 20:27:09,507 - experiment_functions - INFO - Early stopping at epoch 1500. Best Recall: 0.0322
2026-05-19 20:27:09,607 - optuna.study.study - INFO - Trial 214 finished with value: 0.032221495375735605 and parameters: {'n_layers': 1, 'embedding_dim': 64, 'lr': 0.0004335123060665429, 'lambda_val': 3.6803520281426226e-06, 'batch_size': 563, 'optimizer': 'RMSprop'}. Best is trial 213 with value: 0.03834148657629775.
2026-05-19 20:27:20,117 - experiment_functions - INFO - Early stopping at epoch 1700. Best Recall: 0.0336
2026-05-19 20:27:20,218 - optuna.study.study - INFO - Trial 215 finished with value: 0.03357678057633457 and parameters: {'n_layers': 1, 'embedding_dim': 64, 'lr': 0.00042252305623491956, 'lambda_val': 3.727956984777054e-06, 'batch_size': 523, 'optimizer': 'RMSprop'}. Best is trial 213 with value: 0.03834148657629775.
2026-05-19 20:27:31,739 - optuna.study._optimize - INFO - Trial 216 pruned. 
2026-05-19 20:27:37,873 - optuna.study._optimize - INFO - Trial 217 pruned. 
2026-05-19 20:27:45,998 - experiment_functions - INFO - Early stopping at epoch 1350. Best Recall: 0.0356
2026-05-19 20:27:46,164 - optuna.study.study - INFO - Trial 218 finished with value: 0.03563539117938686 and parameters: {'n_layers': 1, 'embedding_dim': 64, 'lr': 0.00045521404229782335, 'lambda_val': 2.6661037426649624e-06, 'batch_size': 587, 'optimizer': 'RMSprop'}. Best is trial 213 with value: 0.03834148657629775.
2026-05-19 20:27:52,089 - optuna.study._optimize - INFO - Trial 219 pruned. 
2026-05-19 20:27:58,497 - optuna.study._optimize - INFO - Trial 220 pruned. 
2026-05-19 20:28:07,803 - experiment_functions - INFO - Early stopping at epoch 1650. Best Recall: 0.0354
2026-05-19 20:28:07,926 - optuna.study.study - INFO - Trial 221 finished with value: 0.03539654739235034 and parameters: {'n_layers': 1, 'embedding_dim': 64, 'lr': 0.00042170030634872894, 'lambda_val': 2.780980894537061e-06, 'batch_size': 652, 'optimizer': 'RMSprop'}. Best is trial 213 with value: 0.03834148657629775.
2026-05-19 20:28:18,866 - experiment_functions - INFO - Early stopping at epoch 1950. Best Recall: 0.0354
2026-05-19 20:28:18,955 - optuna.study.study - INFO - Trial 222 finished with value: 0.03540826490642349 and parameters: {'n_layers': 1, 'embedding_dim': 64, 'lr': 0.0004182079442959245, 'lambda_val': 2.4383048039669815e-06, 'batch_size': 639, 'optimizer': 'RMSprop'}. Best is trial 213 with value: 0.03834148657629775.
2026-05-19 20:28:25,238 - optuna.study._optimize - INFO - Trial 223 pruned. 
2026-05-19 20:28:31,403 - optuna.study._optimize - INFO - Trial 224 pruned. 
2026-05-19 20:28:37,403 - optuna.study._optimize - INFO - Trial 225 pruned. 
2026-05-19 20:28:52,373 - optuna.study._optimize - INFO - Trial 226 pruned. 
2026-05-19 20:29:02,435 - experiment_functions - INFO - Early stopping at epoch 1900. Best Recall: 0.0358
2026-05-19 20:29:02,527 - optuna.study.study - INFO - Trial 227 finished with value: 0.03577938850508018 and parameters: {'n_layers': 1, 'embedding_dim': 64, 'lr': 0.000334700592396402, 'lambda_val': 1.8776679917561036e-06, 'batch_size': 572, 'optimizer': 'RMSprop'}. Best is trial 213 with value: 0.03834148657629775.
2026-05-19 20:29:09,061 - optuna.study._optimize - INFO - Trial 228 pruned. 
2026-05-19 20:29:15,046 - optuna.study._optimize - INFO - Trial 229 pruned. 
2026-05-19 20:29:27,160 - experiment_functions - INFO - Early stopping at epoch 1850. Best Recall: 0.0352
2026-05-19 20:29:27,295 - optuna.study.study - INFO - Trial 230 finished with value: 0.03515657146777605 and parameters: {'n_layers': 1, 'embedding_dim': 64, 'lr': 0.00047632921706453925, 'lambda_val': 3.1388060363157974e-06, 'batch_size': 576, 'optimizer': 'RMSprop'}. Best is trial 213 with value: 0.03834148657629775.
2026-05-19 20:29:33,979 - experiment_functions - INFO - Early stopping at epoch 1100. Best Recall: 0.0344
2026-05-19 20:29:34,091 - optuna.study.study - INFO - Trial 231 finished with value: 0.03435018072809572 and parameters: {'n_layers': 1, 'embedding_dim': 64, 'lr': 0.0005028362926214431, 'lambda_val': 2.9261000816944273e-06, 'batch_size': 569, 'optimizer': 'RMSprop'}. Best is trial 213 with value: 0.03834148657629775.
2026-05-19 20:29:40,608 - optuna.study._optimize - INFO - Trial 232 pruned. 
2026-05-19 20:29:46,215 - optuna.study._optimize - INFO - Trial 233 pruned. 
2026-05-19 20:29:59,388 - optuna.study._optimize - INFO - Trial 234 pruned. 
2026-05-19 20:30:05,332 - optuna.study._optimize - INFO - Trial 235 pruned. 
2026-05-19 20:30:12,262 - experiment_functions - INFO - Early stopping at epoch 1200. Best Recall: 0.0342
2026-05-19 20:30:12,369 - optuna.study.study - INFO - Trial 236 finished with value: 0.0342490667635809 and parameters: {'n_layers': 1, 'embedding_dim': 64, 'lr': 0.00042672753556020324, 'lambda_val': 1.5870013987670245e-06, 'batch_size': 669, 'optimizer': 'RMSprop'}. Best is trial 213 with value: 0.03834148657629775.
2026-05-19 20:30:18,142 - optuna.study._optimize - INFO - Trial 237 pruned. 
2026-05-19 20:30:24,070 - optuna.study._optimize - INFO - Trial 238 pruned. 
2026-05-19 20:30:30,345 - optuna.study._optimize - INFO - Trial 239 pruned. 
2026-05-19 20:30:36,237 - optuna.study._optimize - INFO - Trial 240 pruned. 
2026-05-19 20:30:45,716 - experiment_functions - INFO - Early stopping at epoch 1500. Best Recall: 0.0365
2026-05-19 20:30:45,818 - optuna.study.study - INFO - Trial 241 finished with value: 0.03646251552275611 and parameters: {'n_layers': 1, 'embedding_dim': 64, 'lr': 0.0003641862148401593, 'lambda_val': 2.1447934435415076e-06, 'batch_size': 517, 'optimizer': 'RMSprop'}. Best is trial 213 with value: 0.03834148657629775.
2026-05-19 20:30:58,726 - experiment_functions - INFO - Early stopping at epoch 2450. Best Recall: 0.0378
2026-05-19 20:30:58,806 - optuna.study.study - INFO - Trial 242 finished with value: 0.03779392278781609 and parameters: {'n_layers': 1, 'embedding_dim': 64, 'lr': 0.00034573514349034245, 'lambda_val': 1.953035200096042e-06, 'batch_size': 522, 'optimizer': 'RMSprop'}. Best is trial 213 with value: 0.03834148657629775.
2026-05-19 20:31:04,252 - optuna.study._optimize - INFO - Trial 243 pruned. 
2026-05-19 20:31:10,035 - optuna.study._optimize - INFO - Trial 244 pruned. 
2026-05-19 20:31:16,588 - optuna.study._optimize - INFO - Trial 245 pruned. 
2026-05-19 20:31:22,644 - optuna.study._optimize - INFO - Trial 246 pruned. 
2026-05-19 20:31:31,285 - optuna.study._optimize - INFO - Trial 247 pruned. 
2026-05-19 20:31:46,290 - optuna.study._optimize - INFO - Trial 248 pruned. 
2026-05-19 20:31:55,669 - optuna.study._optimize - INFO - Trial 249 pruned. 
2026-05-19 20:32:11,141 - experiment_functions - INFO - Early stopping at epoch 2600. Best Recall: 0.0390
2026-05-19 20:32:11,281 - optuna.study.study - INFO - Trial 250 finished with value: 0.039041770343629205 and parameters: {'n_layers': 1, 'embedding_dim': 64, 'lr': 0.0002618998436421141, 'lambda_val': 3.6758064553013915e-06, 'batch_size': 655, 'optimizer': 'RMSprop'}. Best is trial 250 with value: 0.039041770343629205.
2026-05-19 20:32:17,544 - optuna.study._optimize - INFO - Trial 251 pruned. 
2026-05-19 20:32:23,626 - optuna.study._optimize - INFO - Trial 252 pruned. 
2026-05-19 20:32:29,890 - optuna.study._optimize - INFO - Trial 253 pruned. 
2026-05-19 20:32:35,994 - optuna.study._optimize - INFO - Trial 254 pruned. 
2026-05-19 20:32:41,655 - optuna.study._optimize - INFO - Trial 255 pruned. 
2026-05-19 20:32:47,624 - optuna.study._optimize - INFO - Trial 256 pruned. 
2026-05-19 20:32:56,057 - optuna.study._optimize - INFO - Trial 257 pruned. 
2026-05-19 20:33:01,606 - optuna.study._optimize - INFO - Trial 258 pruned. 
2026-05-19 20:33:07,267 - optuna.study._optimize - INFO - Trial 259 pruned. 
2026-05-19 20:33:15,303 - optuna.study._optimize - INFO - Trial 260 pruned. 
2026-05-19 20:33:21,934 - optuna.study._optimize - INFO - Trial 261 pruned. 
2026-05-19 20:33:27,836 - optuna.study._optimize - INFO - Trial 262 pruned. 
2026-05-19 20:33:34,162 - optuna.study._optimize - INFO - Trial 263 pruned. 
2026-05-19 20:33:41,743 - optuna.study._optimize - INFO - Trial 264 pruned. 
2026-05-19 20:33:47,657 - optuna.study._optimize - INFO - Trial 265 pruned. 
2026-05-19 20:33:54,591 - optuna.study._optimize - INFO - Trial 266 pruned. 
2026-05-19 20:34:00,242 - optuna.study._optimize - INFO - Trial 267 pruned. 
2026-05-19 20:34:06,801 - optuna.study._optimize - INFO - Trial 268 pruned. 
2026-05-19 20:34:12,992 - optuna.study._optimize - INFO - Trial 269 pruned. 
2026-05-19 20:34:23,194 - optuna.study._optimize - INFO - Trial 270 pruned. 
2026-05-19 20:34:30,016 - optuna.study._optimize - INFO - Trial 271 pruned. 
2026-05-19 20:34:38,484 - optuna.study._optimize - INFO - Trial 272 pruned. 
2026-05-19 20:34:54,351 - optuna.study._optimize - INFO - Trial 273 pruned. 
2026-05-19 20:34:58,334 - experiment_functions - INFO - Early stopping at epoch 500. Best Recall: 0.0024
2026-05-19 20:34:58,462 - optuna.study.study - INFO - Trial 274 finished with value: 0.0024020194948042068 and parameters: {'n_layers': 1, 'embedding_dim': 128, 'lr': 0.00046412864346387, 'lambda_val': 1.8622712978144862e-06, 'batch_size': 585, 'optimizer': 'SGD'}. Best is trial 250 with value: 0.039041770343629205.
2026-05-19 20:35:10,141 - optuna.study._optimize - INFO - Trial 275 pruned. 
2026-05-19 20:35:17,215 - optuna.study._optimize - INFO - Trial 276 pruned. 
2026-05-19 20:35:25,693 - experiment_functions - INFO - Early stopping at epoch 1200. Best Recall: 0.0334
2026-05-19 20:35:25,821 - optuna.study.study - INFO - Trial 277 finished with value: 0.03340899282320469 and parameters: {'n_layers': 1, 'embedding_dim': 64, 'lr': 0.0005596601944367105, 'lambda_val': 1.4588020649522096e-06, 'batch_size': 516, 'optimizer': 'RMSprop'}. Best is trial 250 with value: 0.039041770343629205.
2026-05-19 20:35:35,883 - optuna.study._optimize - INFO - Trial 278 pruned. 
2026-05-19 20:35:42,649 - optuna.study._optimize - INFO - Trial 279 pruned. 
2026-05-19 20:35:48,735 - optuna.study._optimize - INFO - Trial 280 pruned. 
2026-05-19 20:35:56,212 - optuna.study._optimize - INFO - Trial 281 pruned. 
2026-05-19 20:36:02,724 - optuna.study._optimize - INFO - Trial 282 pruned. 
2026-05-19 20:36:09,090 - optuna.study._optimize - INFO - Trial 283 pruned. 
2026-05-19 20:36:14,810 - optuna.study._optimize - INFO - Trial 284 pruned. 
2026-05-19 20:36:21,902 - optuna.study._optimize - INFO - Trial 285 pruned. 
2026-05-19 20:36:28,247 - optuna.study._optimize - INFO - Trial 286 pruned. 
2026-05-19 20:36:31,926 - experiment_functions - INFO - Early stopping at epoch 500. Best Recall: 0.0037
2026-05-19 20:36:32,046 - optuna.study.study - INFO - Trial 287 finished with value: 0.0036767797087725483 and parameters: {'n_layers': 1, 'embedding_dim': 64, 'lr': 0.048332092061631735, 'lambda_val': 3.0011408769273787e-06, 'batch_size': 522, 'optimizer': 'RMSprop'}. Best is trial 250 with value: 0.039041770343629205.
2026-05-19 20:36:39,579 - optuna.study._optimize - INFO - Trial 288 pruned. 
2026-05-19 20:36:45,565 - optuna.study._optimize - INFO - Trial 289 pruned. 
2026-05-19 20:36:51,176 - optuna.study._optimize - INFO - Trial 290 pruned. 
2026-05-19 20:37:00,729 - experiment_functions - INFO - Early stopping at epoch 1750. Best Recall: 0.0363
2026-05-19 20:37:00,858 - optuna.study.study - INFO - Trial 291 finished with value: 0.036290217443434594 and parameters: {'n_layers': 1, 'embedding_dim': 64, 'lr': 0.00034139739534508925, 'lambda_val': 2.1601922040512203e-06, 'batch_size': 699, 'optimizer': 'RMSprop'}. Best is trial 250 with value: 0.039041770343629205.
2026-05-19 20:37:10,595 - experiment_functions - INFO - Early stopping at epoch 1600. Best Recall: 0.0343
2026-05-19 20:37:10,685 - optuna.study.study - INFO - Trial 292 finished with value: 0.03430324383467523 and parameters: {'n_layers': 1, 'embedding_dim': 64, 'lr': 0.0003615422043868964, 'lambda_val': 1.7252680626862947e-06, 'batch_size': 748, 'optimizer': 'RMSprop'}. Best is trial 250 with value: 0.039041770343629205.
2026-05-19 20:37:16,557 - optuna.study._optimize - INFO - Trial 293 pruned. 
2026-05-19 20:37:22,935 - optuna.study._optimize - INFO - Trial 294 pruned. 
2026-05-19 20:37:29,045 - optuna.study._optimize - INFO - Trial 295 pruned. 
2026-05-19 20:37:35,944 - optuna.study._optimize - INFO - Trial 296 pruned. 
2026-05-19 20:37:41,878 - optuna.study._optimize - INFO - Trial 297 pruned. 
2026-05-19 20:37:45,334 - experiment_functions - INFO - Early stopping at epoch 500. Best Recall: 0.0018
2026-05-19 20:37:45,434 - optuna.study.study - INFO - Trial 298 finished with value: 0.0018051733193701679 and parameters: {'n_layers': 1, 'embedding_dim': 64, 'lr': 0.00058755031588257, 'lambda_val': 1.6666713502935722e-06, 'batch_size': 725, 'optimizer': 'SGD'}. Best is trial 250 with value: 0.039041770343629205.
2026-05-19 20:37:52,201 - optuna.study._optimize - INFO - Trial 299 pruned. 
2026-05-19 20:37:52,204 - experiment_functions - INFO - Training the best model ... for e_100K_1c3dcs_strict
2026-05-19 20:38:01,569 - experiment_functions - INFO - Early stopping at epoch 3600. Best Recall: 0.0279
2026-05-19 20:38:01,798 - root - INFO -   ** Getting the trainable edges:
2026-05-19 20:38:01,805 - helper_functions - INFO -      Number of nodes: 5324
2026-05-19 20:38:01,805 - helper_functions - INFO -      Ratio: 0.515192568221405
2026-05-19 20:38:01,805 - helper_functions - INFO -      Number of unique users: 333
2026-05-19 20:38:01,805 - helper_functions - INFO -      Number of unique items: 4991
2026-05-19 20:38:01,805 - helper_functions - INFO -      Total dominant set edge: 87527
2026-05-19 20:38:01,805 - helper_functions - INFO -      Trainable edges: 70021.6
2026-05-19 20:38:01,815 - root - INFO -   **** Getting 87527 dominant set edges
2026-05-19 20:38:01,976 - optuna.storages._rdb.storage - INFO - A new study created in RDB with name: Study_e_100K_1c3dcs
2026-05-19 20:38:07,906 - experiment_functions - INFO - Early stopping at epoch 800. Best Recall: 0.0393
2026-05-19 20:38:07,990 - optuna.study.study - INFO - Trial 0 finished with value: 0.03934623117721456 and parameters: {'n_layers': 3, 'embedding_dim': 96, 'lr': 0.0005947524881512651, 'lambda_val': 9.679225493271439e-05, 'batch_size': 2286, 'optimizer': 'RMSprop'}. Best is trial 0 with value: 0.03934623117721456.
2026-05-19 20:38:13,463 - experiment_functions - INFO - Early stopping at epoch 900. Best Recall: 0.0658
2026-05-19 20:38:13,576 - optuna.study.study - INFO - Trial 1 finished with value: 0.06578570689959133 and parameters: {'n_layers': 1, 'embedding_dim': 96, 'lr': 0.0036598650348853073, 'lambda_val': 0.0013569673154385025, 'batch_size': 3907, 'optimizer': 'Adam'}. Best is trial 1 with value: 0.06578570689959133.
2026-05-19 20:38:19,732 - experiment_functions - INFO - Early stopping at epoch 500. Best Recall: 0.0017
2026-05-19 20:38:19,832 - optuna.study.study - INFO - Trial 2 finished with value: 0.0017439260335906173 and parameters: {'n_layers': 3, 'embedding_dim': 256, 'lr': 1.076681916562066e-05, 'lambda_val': 2.7938674179426417e-06, 'batch_size': 1598, 'optimizer': 'SGD'}. Best is trial 1 with value: 0.06578570689959133.
2026-05-19 20:38:24,320 - experiment_functions - INFO - Early stopping at epoch 650. Best Recall: 0.0612
2026-05-19 20:38:24,400 - optuna.study.study - INFO - Trial 3 finished with value: 0.06117429942194595 and parameters: {'n_layers': 2, 'embedding_dim': 32, 'lr': 0.00109023894167158, 'lambda_val': 1.3747743280669092e-05, 'batch_size': 990, 'optimizer': 'RMSprop'}. Best is trial 1 with value: 0.06578570689959133.
2026-05-19 20:38:34,243 - experiment_functions - INFO - Early stopping at epoch 500. Best Recall: 0.0020
2026-05-19 20:38:34,415 - optuna.study.study - INFO - Trial 4 finished with value: 0.001992553351430955 and parameters: {'n_layers': 3, 'embedding_dim': 128, 'lr': 0.05139888329085106, 'lambda_val': 9.258465553764505e-05, 'batch_size': 1076, 'optimizer': 'SGD'}. Best is trial 1 with value: 0.06578570689959133.
2026-05-19 20:38:38,203 - experiment_functions - INFO - Early stopping at epoch 600. Best Recall: 0.0026
2026-05-19 20:38:38,295 - optuna.study.study - INFO - Trial 5 finished with value: 0.0026179385889399448 and parameters: {'n_layers': 1, 'embedding_dim': 96, 'lr': 3.5422161009490416e-05, 'lambda_val': 1.0152268043483658e-05, 'batch_size': 2359, 'optimizer': 'Adam'}. Best is trial 1 with value: 0.06578570689959133.
2026-05-19 20:38:43,406 - experiment_functions - INFO - Early stopping at epoch 500. Best Recall: 0.0016
2026-05-19 20:38:43,506 - optuna.study.study - INFO - Trial 6 finished with value: 0.0015603593667957313 and parameters: {'n_layers': 4, 'embedding_dim': 256, 'lr': 0.0017554499892948057, 'lambda_val': 0.013744366027763522, 'batch_size': 1889, 'optimizer': 'SGD'}. Best is trial 1 with value: 0.06578570689959133.
2026-05-19 20:38:53,010 - experiment_functions - INFO - Early stopping at epoch 1300. Best Recall: 0.0633
2026-05-19 20:38:53,110 - optuna.study.study - INFO - Trial 7 finished with value: 0.06325000381359264 and parameters: {'n_layers': 1, 'embedding_dim': 128, 'lr': 0.00104491335692232, 'lambda_val': 0.0008411946954572561, 'batch_size': 3224, 'optimizer': 'Adam'}. Best is trial 1 with value: 0.06578570689959133.
2026-05-19 20:39:09,986 - experiment_functions - INFO - Early stopping at epoch 800. Best Recall: 0.0328
2026-05-19 20:39:10,093 - optuna.study.study - INFO - Trial 8 finished with value: 0.03278778656131496 and parameters: {'n_layers': 2, 'embedding_dim': 128, 'lr': 0.00321447342475135, 'lambda_val': 0.00019826481141068124, 'batch_size': 3904, 'optimizer': 'RMSprop'}. Best is trial 1 with value: 0.06578570689959133.
2026-05-19 20:39:14,210 - experiment_functions - INFO - Early stopping at epoch 500. Best Recall: 0.0021
2026-05-19 20:39:14,289 - optuna.study.study - INFO - Trial 9 finished with value: 0.002055878795604931 and parameters: {'n_layers': 2, 'embedding_dim': 256, 'lr': 0.002929868640868729, 'lambda_val': 4.7449297023071626e-06, 'batch_size': 2784, 'optimizer': 'SGD'}. Best is trial 1 with value: 0.06578570689959133.
2026-05-19 20:39:20,848 - optuna.study._optimize - INFO - Trial 10 pruned. 
2026-05-19 20:39:29,427 - optuna.study._optimize - INFO - Trial 11 pruned. 
2026-05-19 20:39:33,399 - experiment_functions - INFO - Early stopping at epoch 550. Best Recall: 0.0583
2026-05-19 20:39:33,514 - optuna.study.study - INFO - Trial 12 finished with value: 0.058340485721738236 and parameters: {'n_layers': 1, 'embedding_dim': 96, 'lr': 0.009891194250610327, 'lambda_val': 0.0007921039945692035, 'batch_size': 3273, 'optimizer': 'Adam'}. Best is trial 1 with value: 0.06578570689959133.
2026-05-19 20:39:40,146 - optuna.study._optimize - INFO - Trial 13 pruned. 
2026-05-19 20:39:46,749 - optuna.study._optimize - INFO - Trial 14 pruned. 
2026-05-19 20:39:54,886 - optuna.study._optimize - INFO - Trial 15 pruned. 
2026-05-19 20:40:07,919 - experiment_functions - INFO - Early stopping at epoch 1950. Best Recall: 0.0753
2026-05-19 20:40:08,022 - optuna.study.study - INFO - Trial 16 finished with value: 0.0752674537891031 and parameters: {'n_layers': 1, 'embedding_dim': 96, 'lr': 0.00037770721598987466, 'lambda_val': 0.000394389103404189, 'batch_size': 2955, 'optimizer': 'Adam'}. Best is trial 16 with value: 0.0752674537891031.
2026-05-19 20:40:16,776 - optuna.study._optimize - INFO - Trial 17 pruned. 
2026-05-19 20:40:23,191 - optuna.study._optimize - INFO - Trial 18 pruned. 
2026-05-19 20:40:30,153 - optuna.study._optimize - INFO - Trial 19 pruned. 
2026-05-19 20:40:36,842 - optuna.study._optimize - INFO - Trial 20 pruned. 
2026-05-19 20:40:43,207 - experiment_functions - INFO - Early stopping at epoch 900. Best Recall: 0.0741
2026-05-19 20:40:43,330 - optuna.study.study - INFO - Trial 21 finished with value: 0.07407779677788054 and parameters: {'n_layers': 1, 'embedding_dim': 128, 'lr': 0.0038292261129922456, 'lambda_val': 0.0005884255912409718, 'batch_size': 3598, 'optimizer': 'Adam'}. Best is trial 16 with value: 0.0752674537891031.
2026-05-19 20:40:46,963 - experiment_functions - INFO - Early stopping at epoch 550. Best Recall: 0.0713
2026-05-19 20:40:47,054 - optuna.study.study - INFO - Trial 22 finished with value: 0.07131394846777521 and parameters: {'n_layers': 1, 'embedding_dim': 96, 'lr': 0.004450939524115464, 'lambda_val': 0.0003874555729800097, 'batch_size': 3612, 'optimizer': 'Adam'}. Best is trial 16 with value: 0.0752674537891031.
2026-05-19 20:40:50,673 - experiment_functions - INFO - Early stopping at epoch 550. Best Recall: 0.0566
2026-05-19 20:40:50,764 - optuna.study.study - INFO - Trial 23 finished with value: 0.056561870702664954 and parameters: {'n_layers': 1, 'embedding_dim': 32, 'lr': 0.004924965083041085, 'lambda_val': 0.0001446051572128603, 'batch_size': 3578, 'optimizer': 'Adam'}. Best is trial 16 with value: 0.0752674537891031.
2026-05-19 20:40:58,091 - experiment_functions - INFO - Early stopping at epoch 600. Best Recall: 0.0266
2026-05-19 20:40:58,201 - optuna.study.study - INFO - Trial 24 finished with value: 0.02662000927979995 and parameters: {'n_layers': 2, 'embedding_dim': 128, 'lr': 0.022127334729287376, 'lambda_val': 0.00032056014171730803, 'batch_size': 2973, 'optimizer': 'Adam'}. Best is trial 16 with value: 0.0752674537891031.
2026-05-19 20:41:11,956 - experiment_functions - INFO - Early stopping at epoch 650. Best Recall: 0.0601
2026-05-19 20:41:12,057 - optuna.study.study - INFO - Trial 25 finished with value: 0.06011431643973066 and parameters: {'n_layers': 1, 'embedding_dim': 64, 'lr': 0.001749667073127194, 'lambda_val': 4.508515100301959e-05, 'batch_size': 2544, 'optimizer': 'Adam'}. Best is trial 16 with value: 0.0752674537891031.
2026-05-19 20:41:18,541 - optuna.study._optimize - INFO - Trial 26 pruned. 
2026-05-19 20:41:24,769 - optuna.study._optimize - INFO - Trial 27 pruned. 
2026-05-19 20:41:28,903 - experiment_functions - INFO - Early stopping at epoch 500. Best Recall: 0.0028
2026-05-19 20:41:28,992 - optuna.study.study - INFO - Trial 28 finished with value: 0.0028101257953381874 and parameters: {'n_layers': 3, 'embedding_dim': 128, 'lr': 0.09966912753134356, 'lambda_val': 3.908155378372833e-05, 'batch_size': 658, 'optimizer': 'SGD'}. Best is trial 16 with value: 0.0752674537891031.
2026-05-19 20:41:33,447 - experiment_functions - INFO - Early stopping at epoch 600. Best Recall: 0.0290
2026-05-19 20:41:33,537 - optuna.study.study - INFO - Trial 29 finished with value: 0.028973877821072917 and parameters: {'n_layers': 3, 'embedding_dim': 96, 'lr': 0.005071684374962594, 'lambda_val': 7.377980409358066e-05, 'batch_size': 3744, 'optimizer': 'RMSprop'}. Best is trial 16 with value: 0.0752674537891031.
2026-05-19 20:41:40,130 - experiment_functions - INFO - Early stopping at epoch 700. Best Recall: 0.0574
2026-05-19 20:41:40,220 - optuna.study.study - INFO - Trial 30 finished with value: 0.05744991379706125 and parameters: {'n_layers': 1, 'embedding_dim': 64, 'lr': 0.0015269206097010856, 'lambda_val': 1.0959406585424726e-06, 'batch_size': 2029, 'optimizer': 'RMSprop'}. Best is trial 16 with value: 0.0752674537891031.
2026-05-19 20:41:44,121 - experiment_functions - INFO - Early stopping at epoch 550. Best Recall: 0.0606
2026-05-19 20:41:44,266 - optuna.study.study - INFO - Trial 31 finished with value: 0.06061858374806994 and parameters: {'n_layers': 1, 'embedding_dim': 96, 'lr': 0.0036732181640994344, 'lambda_val': 0.0014837672581710217, 'batch_size': 3718, 'optimizer': 'Adam'}. Best is trial 16 with value: 0.0752674537891031.
2026-05-19 20:41:54,460 - experiment_functions - INFO - Early stopping at epoch 1200. Best Recall: 0.0670
2026-05-19 20:41:54,569 - optuna.study.study - INFO - Trial 32 finished with value: 0.06698668975991388 and parameters: {'n_layers': 1, 'embedding_dim': 96, 'lr': 0.0005565704285540824, 'lambda_val': 0.0005507172755177474, 'batch_size': 4023, 'optimizer': 'Adam'}. Best is trial 16 with value: 0.0752674537891031.
2026-05-19 20:42:02,045 - optuna.study._optimize - INFO - Trial 33 pruned. 
2026-05-19 20:42:20,291 - experiment_functions - INFO - Early stopping at epoch 3350. Best Recall: 0.0827
2026-05-19 20:42:20,393 - optuna.study.study - INFO - Trial 34 finished with value: 0.08265883122751666 and parameters: {'n_layers': 1, 'embedding_dim': 96, 'lr': 0.0006810527532990559, 'lambda_val': 0.0002040363348525386, 'batch_size': 3906, 'optimizer': 'Adam'}. Best is trial 34 with value: 0.08265883122751666.
2026-05-19 20:42:28,543 - optuna.study._optimize - INFO - Trial 35 pruned. 
2026-05-19 20:42:32,347 - experiment_functions - INFO - Early stopping at epoch 500. Best Recall: 0.0022
2026-05-19 20:42:32,492 - optuna.study.study - INFO - Trial 36 finished with value: 0.0022189407870536653 and parameters: {'n_layers': 2, 'embedding_dim': 32, 'lr': 1.3658211543805124e-05, 'lambda_val': 1.6547285460491483e-05, 'batch_size': 3840, 'optimizer': 'SGD'}. Best is trial 34 with value: 0.08265883122751666.
2026-05-19 20:42:38,988 - optuna.study._optimize - INFO - Trial 37 pruned. 
2026-05-19 20:42:43,276 - experiment_functions - INFO - Early stopping at epoch 600. Best Recall: 0.0382
2026-05-19 20:42:43,423 - optuna.study.study - INFO - Trial 38 finished with value: 0.0381823973065884 and parameters: {'n_layers': 2, 'embedding_dim': 96, 'lr': 0.0019897011363908773, 'lambda_val': 0.0016182352177447666, 'batch_size': 3534, 'optimizer': 'Adam'}. Best is trial 34 with value: 0.08265883122751666.
2026-05-19 20:42:50,850 - experiment_functions - INFO - Early stopping at epoch 1200. Best Recall: 0.0741
2026-05-19 20:42:50,951 - optuna.study.study - INFO - Trial 39 finished with value: 0.07413215683994007 and parameters: {'n_layers': 1, 'embedding_dim': 128, 'lr': 0.0012614164156354495, 'lambda_val': 0.00012351455002845133, 'batch_size': 1474, 'optimizer': 'RMSprop'}. Best is trial 34 with value: 0.08265883122751666.
2026-05-19 20:42:55,903 - experiment_functions - INFO - Early stopping at epoch 550. Best Recall: 0.0235
2026-05-19 20:42:56,002 - optuna.study.study - INFO - Trial 40 finished with value: 0.023510508267227292 and parameters: {'n_layers': 4, 'embedding_dim': 128, 'lr': 0.0011360036520288662, 'lambda_val': 0.00017031961525485487, 'batch_size': 1133, 'optimizer': 'RMSprop'}. Best is trial 34 with value: 0.08265883122751666.
2026-05-19 20:43:05,729 - optuna.study._optimize - INFO - Trial 41 pruned. 
2026-05-19 20:43:10,814 - experiment_functions - INFO - Early stopping at epoch 800. Best Recall: 0.0696
2026-05-19 20:43:10,904 - optuna.study.study - INFO - Trial 42 finished with value: 0.06962505003560984 and parameters: {'n_layers': 1, 'embedding_dim': 128, 'lr': 0.0024608568117684107, 'lambda_val': 0.000125644099228665, 'batch_size': 1721, 'optimizer': 'RMSprop'}. Best is trial 34 with value: 0.08265883122751666.
2026-05-19 20:43:18,376 - experiment_functions - INFO - Early stopping at epoch 1150. Best Recall: 0.0800
2026-05-19 20:43:18,477 - optuna.study.study - INFO - Trial 43 finished with value: 0.08001683734159726 and parameters: {'n_layers': 1, 'embedding_dim': 256, 'lr': 0.00106484419144004, 'lambda_val': 0.0005039764976816969, 'batch_size': 2559, 'optimizer': 'RMSprop'}. Best is trial 34 with value: 0.08265883122751666.
2026-05-19 20:43:26,631 - optuna.study._optimize - INFO - Trial 44 pruned. 
2026-05-19 20:43:35,616 - experiment_functions - INFO - Early stopping at epoch 1350. Best Recall: 0.0816
2026-05-19 20:43:35,714 - optuna.study.study - INFO - Trial 45 finished with value: 0.08163074269002525 and parameters: {'n_layers': 1, 'embedding_dim': 256, 'lr': 0.0009998957879231742, 'lambda_val': 0.00101130766743568, 'batch_size': 2652, 'optimizer': 'RMSprop'}. Best is trial 34 with value: 0.08265883122751666.
2026-05-19 20:43:42,808 - optuna.study._optimize - INFO - Trial 46 pruned. 
2026-05-19 20:43:50,233 - experiment_functions - INFO - Early stopping at epoch 800. Best Recall: 0.0331
2026-05-19 20:43:50,323 - optuna.study.study - INFO - Trial 47 finished with value: 0.033093817911730876 and parameters: {'n_layers': 3, 'embedding_dim': 256, 'lr': 0.00034486078591931536, 'lambda_val': 0.0019793954749147188, 'batch_size': 2414, 'optimizer': 'RMSprop'}. Best is trial 34 with value: 0.08265883122751666.
2026-05-19 20:43:55,484 - experiment_functions - INFO - Early stopping at epoch 650. Best Recall: 0.0350
2026-05-19 20:43:55,575 - optuna.study.study - INFO - Trial 48 finished with value: 0.03504040433592564 and parameters: {'n_layers': 2, 'embedding_dim': 256, 'lr': 0.0012235241247459876, 'lambda_val': 0.0011101250662741873, 'batch_size': 2158, 'optimizer': 'RMSprop'}. Best is trial 34 with value: 0.08265883122751666.
2026-05-19 20:44:02,313 - optuna.study._optimize - INFO - Trial 49 pruned. 
2026-05-19 20:44:15,392 - experiment_functions - INFO - Early stopping at epoch 1950. Best Recall: 0.0887
2026-05-19 20:44:20,972 - optuna.study.study - INFO - Trial 50 finished with value: 0.08865237147395823 and parameters: {'n_layers': 1, 'embedding_dim': 256, 'lr': 0.0007274124781199109, 'lambda_val': 9.7966763408916e-06, 'batch_size': 1572, 'optimizer': 'RMSprop'}. Best is trial 50 with value: 0.08865237147395823.
2026-05-19 20:44:32,532 - experiment_functions - INFO - Early stopping at epoch 1850. Best Recall: 0.0981
2026-05-19 20:44:32,623 - optuna.study.study - INFO - Trial 51 finished with value: 0.09805448644736418 and parameters: {'n_layers': 1, 'embedding_dim': 256, 'lr': 0.0009189030258697711, 'lambda_val': 5.278738539225197e-06, 'batch_size': 1401, 'optimizer': 'RMSprop'}. Best is trial 51 with value: 0.09805448644736418.
2026-05-19 20:44:46,773 - experiment_functions - INFO - Early stopping at epoch 2200. Best Recall: 0.0881
2026-05-19 20:44:46,863 - optuna.study.study - INFO - Trial 52 finished with value: 0.08808871425137933 and parameters: {'n_layers': 1, 'embedding_dim': 256, 'lr': 0.0007097812299556377, 'lambda_val': 6.970968398403005e-06, 'batch_size': 1279, 'optimizer': 'RMSprop'}. Best is trial 51 with value: 0.09805448644736418.
2026-05-19 20:44:53,513 - optuna.study._optimize - INFO - Trial 53 pruned. 
2026-05-19 20:45:03,350 - optuna.study._optimize - INFO - Trial 54 pruned. 
2026-05-19 20:45:12,383 - optuna.study._optimize - INFO - Trial 55 pruned. 
2026-05-19 20:45:19,666 - optuna.study._optimize - INFO - Trial 56 pruned. 
2026-05-19 20:45:26,697 - optuna.study._optimize - INFO - Trial 57 pruned. 
2026-05-19 20:45:33,612 - experiment_functions - INFO - Early stopping at epoch 800. Best Recall: 0.0440
2026-05-19 20:45:33,715 - optuna.study.study - INFO - Trial 58 finished with value: 0.0439984153529417 and parameters: {'n_layers': 2, 'embedding_dim': 256, 'lr': 0.00048509598134213765, 'lambda_val': 9.44440782830497e-06, 'batch_size': 1636, 'optimizer': 'RMSprop'}. Best is trial 51 with value: 0.09805448644736418.
2026-05-19 20:45:42,245 - experiment_functions - INFO - Early stopping at epoch 500. Best Recall: 0.0022
2026-05-19 20:45:42,344 - optuna.study.study - INFO - Trial 59 finished with value: 0.0021907849380137135 and parameters: {'n_layers': 1, 'embedding_dim': 256, 'lr': 6.803188091956462e-05, 'lambda_val': 3.416984690102783e-06, 'batch_size': 1889, 'optimizer': 'SGD'}. Best is trial 51 with value: 0.09805448644736418.
2026-05-19 20:45:50,229 - optuna.study._optimize - INFO - Trial 60 pruned. 
2026-05-19 20:46:01,248 - optuna.study._optimize - INFO - Trial 61 pruned. 
2026-05-19 20:46:11,504 - optuna.study._optimize - INFO - Trial 62 pruned. 
2026-05-19 20:46:17,434 - experiment_functions - INFO - Early stopping at epoch 850. Best Recall: 0.0636
2026-05-19 20:46:17,592 - optuna.study.study - INFO - Trial 63 finished with value: 0.06364623390653361 and parameters: {'n_layers': 1, 'embedding_dim': 32, 'lr': 0.0009139713993819395, 'lambda_val': 5.284379120651395e-05, 'batch_size': 2237, 'optimizer': 'RMSprop'}. Best is trial 51 with value: 0.09805448644736418.
2026-05-19 20:46:22,081 - experiment_functions - INFO - Early stopping at epoch 500. Best Recall: 0.0009
2026-05-19 20:46:22,170 - optuna.study.study - INFO - Trial 64 finished with value: 0.0009324276052700381 and parameters: {'n_layers': 1, 'embedding_dim': 256, 'lr': 0.0003600094273532688, 'lambda_val': 4.493862753063356e-06, 'batch_size': 2764, 'optimizer': 'SGD'}. Best is trial 51 with value: 0.09805448644736418.
2026-05-19 20:46:27,593 - experiment_functions - INFO - Early stopping at epoch 800. Best Recall: 0.0449
2026-05-19 20:46:27,696 - optuna.study.study - INFO - Trial 65 finished with value: 0.044868238529728294 and parameters: {'n_layers': 1, 'embedding_dim': 64, 'lr': 0.00648203010297131, 'lambda_val': 0.0010637148054457636, 'batch_size': 1917, 'optimizer': 'RMSprop'}. Best is trial 51 with value: 0.09805448644736418.
2026-05-19 20:46:37,238 - optuna.study._optimize - INFO - Trial 66 pruned. 
2026-05-19 20:46:47,349 - optuna.study._optimize - INFO - Trial 67 pruned. 
2026-05-19 20:46:54,848 - experiment_functions - INFO - Early stopping at epoch 700. Best Recall: 0.0710
2026-05-19 20:46:54,938 - optuna.study.study - INFO - Trial 68 finished with value: 0.07097996594685296 and parameters: {'n_layers': 1, 'embedding_dim': 256, 'lr': 0.0022966129385363055, 'lambda_val': 0.0007367222079880167, 'batch_size': 2925, 'optimizer': 'RMSprop'}. Best is trial 51 with value: 0.09805448644736418.
2026-05-19 20:47:01,264 - experiment_functions - INFO - Early stopping at epoch 500. Best Recall: 0.0005
2026-05-19 20:47:01,342 - optuna.study.study - INFO - Trial 69 finished with value: 0.0004802777403684705 and parameters: {'n_layers': 1, 'embedding_dim': 32, 'lr': 0.0005149446402613365, 'lambda_val': 0.023299085381099576, 'batch_size': 2387, 'optimizer': 'SGD'}. Best is trial 51 with value: 0.09805448644736418.
2026-05-19 20:47:05,923 - experiment_functions - INFO - Early stopping at epoch 650. Best Recall: 0.0617
2026-05-19 20:47:06,002 - optuna.study.study - INFO - Trial 70 finished with value: 0.06171809535524179 and parameters: {'n_layers': 1, 'embedding_dim': 96, 'lr': 0.0014040085068548916, 'lambda_val': 1.902376546593964e-06, 'batch_size': 1077, 'optimizer': 'RMSprop'}. Best is trial 51 with value: 0.09805448644736418.
2026-05-19 20:47:10,827 - experiment_functions - INFO - Early stopping at epoch 750. Best Recall: 0.0674
2026-05-19 20:47:10,907 - optuna.study.study - INFO - Trial 71 finished with value: 0.06741332662916659 and parameters: {'n_layers': 1, 'embedding_dim': 128, 'lr': 0.0012586872974989917, 'lambda_val': 0.0024789762928119734, 'batch_size': 1472, 'optimizer': 'RMSprop'}. Best is trial 51 with value: 0.09805448644736418.
2026-05-19 20:47:16,871 - optuna.study._optimize - INFO - Trial 72 pruned. 
2026-05-19 20:47:25,545 - optuna.study._optimize - INFO - Trial 73 pruned. 
2026-05-19 20:47:34,248 - optuna.study._optimize - INFO - Trial 74 pruned. 
2026-05-19 20:47:42,543 - experiment_functions - INFO - Early stopping at epoch 900. Best Recall: 0.0801
2026-05-19 20:47:42,707 - optuna.study.study - INFO - Trial 75 finished with value: 0.08009974087654427 and parameters: {'n_layers': 1, 'embedding_dim': 128, 'lr': 0.0006336272061232565, 'lambda_val': 0.000972681847695473, 'batch_size': 1478, 'optimizer': 'Adam'}. Best is trial 51 with value: 0.09805448644736418.
2026-05-19 20:47:48,706 - optuna.study._optimize - INFO - Trial 76 pruned. 
2026-05-19 20:47:55,467 - optuna.study._optimize - INFO - Trial 77 pruned. 
2026-05-19 20:48:01,187 - experiment_functions - INFO - Early stopping at epoch 650. Best Recall: 0.0415
2026-05-19 20:48:01,296 - optuna.study.study - INFO - Trial 78 finished with value: 0.04147424992173644 and parameters: {'n_layers': 3, 'embedding_dim': 128, 'lr': 0.000761146865442909, 'lambda_val': 0.0034210218720390883, 'batch_size': 1813, 'optimizer': 'Adam'}. Best is trial 51 with value: 0.09805448644736418.
2026-05-19 20:48:11,529 - optuna.study._optimize - INFO - Trial 79 pruned. 
2026-05-19 20:48:16,003 - experiment_functions - INFO - Early stopping at epoch 550. Best Recall: 0.0188
2026-05-19 20:48:16,094 - optuna.study.study - INFO - Trial 80 finished with value: 0.018828286651830433 and parameters: {'n_layers': 4, 'embedding_dim': 96, 'lr': 0.001982005753800516, 'lambda_val': 0.007334661942690014, 'batch_size': 2857, 'optimizer': 'Adam'}. Best is trial 51 with value: 0.09805448644736418.
2026-05-19 20:48:27,100 - experiment_functions - INFO - Early stopping at epoch 1750. Best Recall: 0.0889
2026-05-19 20:48:27,190 - optuna.study.study - INFO - Trial 81 finished with value: 0.0888512693280172 and parameters: {'n_layers': 1, 'embedding_dim': 128, 'lr': 0.0010059287030294707, 'lambda_val': 0.00012257735539783872, 'batch_size': 1533, 'optimizer': 'Adam'}. Best is trial 51 with value: 0.09805448644736418.
2026-05-19 20:48:33,323 - experiment_functions - INFO - Early stopping at epoch 900. Best Recall: 0.0715
2026-05-19 20:48:33,423 - optuna.study.study - INFO - Trial 82 finished with value: 0.07145730457876193 and parameters: {'n_layers': 1, 'embedding_dim': 128, 'lr': 0.0009342604570666239, 'lambda_val': 0.0007209123640468866, 'batch_size': 1712, 'optimizer': 'Adam'}. Best is trial 51 with value: 0.09805448644736418.
2026-05-19 20:48:44,175 - optuna.study._optimize - INFO - Trial 83 pruned. 
2026-05-19 20:48:53,255 - optuna.study._optimize - INFO - Trial 84 pruned. 
2026-05-19 20:49:00,123 - optuna.study._optimize - INFO - Trial 85 pruned. 
2026-05-19 20:49:07,085 - optuna.study._optimize - INFO - Trial 86 pruned. 
2026-05-19 20:49:20,768 - experiment_functions - INFO - Early stopping at epoch 1900. Best Recall: 0.0948
2026-05-19 20:49:20,868 - optuna.study.study - INFO - Trial 87 finished with value: 0.09478531691371661 and parameters: {'n_layers': 1, 'embedding_dim': 256, 'lr': 0.0007415928837683958, 'lambda_val': 2.9674341884406145e-05, 'batch_size': 2473, 'optimizer': 'Adam'}. Best is trial 51 with value: 0.09805448644736418.
2026-05-19 20:49:29,005 - experiment_functions - INFO - Early stopping at epoch 1050. Best Recall: 0.0879
2026-05-19 20:49:29,096 - optuna.study.study - INFO - Trial 88 finished with value: 0.08786241077555175 and parameters: {'n_layers': 1, 'embedding_dim': 256, 'lr': 0.001873892403744593, 'lambda_val': 2.0607721571577687e-05, 'batch_size': 1965, 'optimizer': 'Adam'}. Best is trial 51 with value: 0.09805448644736418.
2026-05-19 20:49:37,578 - experiment_functions - INFO - Early stopping at epoch 1050. Best Recall: 0.0940
2026-05-19 20:49:37,680 - optuna.study.study - INFO - Trial 89 finished with value: 0.09399368754322664 and parameters: {'n_layers': 1, 'embedding_dim': 256, 'lr': 0.0018486358389558674, 'lambda_val': 2.372601134126314e-05, 'batch_size': 1997, 'optimizer': 'Adam'}. Best is trial 51 with value: 0.09805448644736418.
2026-05-19 20:49:44,950 - experiment_functions - INFO - Early stopping at epoch 1150. Best Recall: 0.0940
2026-05-19 20:49:45,052 - optuna.study.study - INFO - Trial 90 finished with value: 0.09400739794213396 and parameters: {'n_layers': 1, 'embedding_dim': 256, 'lr': 0.00216960906686675, 'lambda_val': 2.8445252249284885e-05, 'batch_size': 2006, 'optimizer': 'Adam'}. Best is trial 51 with value: 0.09805448644736418.
2026-05-19 20:49:50,656 - experiment_functions - INFO - Early stopping at epoch 850. Best Recall: 0.0858
2026-05-19 20:49:50,801 - optuna.study.study - INFO - Trial 91 finished with value: 0.08583536329025164 and parameters: {'n_layers': 1, 'embedding_dim': 256, 'lr': 0.002863859924332101, 'lambda_val': 2.0406319873296566e-05, 'batch_size': 2019, 'optimizer': 'Adam'}. Best is trial 51 with value: 0.09805448644736418.
2026-05-19 20:49:58,779 - experiment_functions - INFO - Early stopping at epoch 1150. Best Recall: 0.0863
2026-05-19 20:49:58,869 - optuna.study.study - INFO - Trial 92 finished with value: 0.08628388405361846 and parameters: {'n_layers': 1, 'embedding_dim': 256, 'lr': 0.0030992708330846116, 'lambda_val': 2.6798640605190276e-05, 'batch_size': 2032, 'optimizer': 'Adam'}. Best is trial 51 with value: 0.09805448644736418.
2026-05-19 20:50:03,714 - experiment_functions - INFO - Early stopping at epoch 700. Best Recall: 0.0626
2026-05-19 20:50:03,804 - optuna.study.study - INFO - Trial 93 finished with value: 0.06261212028262397 and parameters: {'n_layers': 1, 'embedding_dim': 256, 'lr': 0.007561978796367014, 'lambda_val': 2.8585328475538082e-05, 'batch_size': 2111, 'optimizer': 'Adam'}. Best is trial 51 with value: 0.09805448644736418.
2026-05-19 20:50:08,851 - experiment_functions - INFO - Early stopping at epoch 750. Best Recall: 0.0773
2026-05-19 20:50:08,942 - optuna.study.study - INFO - Trial 94 finished with value: 0.07729464095623217 and parameters: {'n_layers': 1, 'embedding_dim': 256, 'lr': 0.0046365459587062036, 'lambda_val': 1.766305342783968e-05, 'batch_size': 1980, 'optimizer': 'Adam'}. Best is trial 51 with value: 0.09805448644736418.
2026-05-19 20:50:15,572 - experiment_functions - INFO - Early stopping at epoch 950. Best Recall: 0.0868
2026-05-19 20:50:15,662 - optuna.study.study - INFO - Trial 95 finished with value: 0.08677155261788769 and parameters: {'n_layers': 1, 'embedding_dim': 256, 'lr': 0.0028114661643611283, 'lambda_val': 2.6149395482656687e-05, 'batch_size': 1918, 'optimizer': 'Adam'}. Best is trial 51 with value: 0.09805448644736418.
2026-05-19 20:50:24,505 - experiment_functions - INFO - Early stopping at epoch 1400. Best Recall: 0.0931
2026-05-19 20:50:24,597 - optuna.study.study - INFO - Trial 96 finished with value: 0.09313488826071778 and parameters: {'n_layers': 1, 'embedding_dim': 256, 'lr': 0.001962357939850163, 'lambda_val': 1.2474738683934885e-05, 'batch_size': 2198, 'optimizer': 'Adam'}. Best is trial 51 with value: 0.09805448644736418.
2026-05-19 20:50:32,510 - experiment_functions - INFO - Early stopping at epoch 1200. Best Recall: 0.0889
2026-05-19 20:50:32,611 - optuna.study.study - INFO - Trial 97 finished with value: 0.08890267197053359 and parameters: {'n_layers': 1, 'embedding_dim': 256, 'lr': 0.0020452898104817616, 'lambda_val': 1.0461493853934162e-05, 'batch_size': 2173, 'optimizer': 'Adam'}. Best is trial 51 with value: 0.09805448644736418.
2026-05-19 20:50:42,850 - experiment_functions - INFO - Early stopping at epoch 1350. Best Recall: 0.0930
2026-05-19 20:50:42,928 - optuna.study.study - INFO - Trial 98 finished with value: 0.09298647421719208 and parameters: {'n_layers': 1, 'embedding_dim': 256, 'lr': 0.0018399318548998865, 'lambda_val': 1.0793225073913535e-05, 'batch_size': 2296, 'optimizer': 'Adam'}. Best is trial 51 with value: 0.09805448644736418.
2026-05-19 20:50:50,269 - experiment_functions - INFO - Early stopping at epoch 1050. Best Recall: 0.0822
2026-05-19 20:50:50,365 - optuna.study.study - INFO - Trial 99 finished with value: 0.08218866693624723 and parameters: {'n_layers': 1, 'embedding_dim': 256, 'lr': 0.0038609671006689223, 'lambda_val': 1.1646175684679258e-05, 'batch_size': 2194, 'optimizer': 'Adam'}. Best is trial 51 with value: 0.09805448644736418.
2026-05-19 20:51:01,909 - experiment_functions - INFO - Early stopping at epoch 1350. Best Recall: 0.0940
2026-05-19 20:51:02,000 - optuna.study.study - INFO - Trial 100 finished with value: 0.09399324636997128 and parameters: {'n_layers': 1, 'embedding_dim': 256, 'lr': 0.0015887323225401932, 'lambda_val': 1.2007492341886805e-05, 'batch_size': 2312, 'optimizer': 'Adam'}. Best is trial 51 with value: 0.09805448644736418.
2026-05-19 20:51:09,806 - experiment_functions - INFO - Early stopping at epoch 1200. Best Recall: 0.1005
2026-05-19 20:51:09,911 - optuna.study.study - INFO - Trial 101 finished with value: 0.10047503340328864 and parameters: {'n_layers': 1, 'embedding_dim': 256, 'lr': 0.001465937903753266, 'lambda_val': 1.181021338187665e-05, 'batch_size': 2320, 'optimizer': 'Adam'}. Best is trial 101 with value: 0.10047503340328864.
2026-05-19 20:51:15,868 - experiment_functions - INFO - Early stopping at epoch 850. Best Recall: 0.0835
2026-05-19 20:51:15,971 - optuna.study.study - INFO - Trial 102 finished with value: 0.08354515006392048 and parameters: {'n_layers': 1, 'embedding_dim': 256, 'lr': 0.00227274471403738, 'lambda_val': 1.231956099187965e-05, 'batch_size': 2304, 'optimizer': 'Adam'}. Best is trial 101 with value: 0.10047503340328864.
2026-05-19 20:51:25,658 - experiment_functions - INFO - Early stopping at epoch 1400. Best Recall: 0.0897
2026-05-19 20:51:25,750 - optuna.study.study - INFO - Trial 103 finished with value: 0.08969178796211703 and parameters: {'n_layers': 1, 'embedding_dim': 256, 'lr': 0.0014894684583412793, 'lambda_val': 4.1100619069111e-05, 'batch_size': 2416, 'optimizer': 'Adam'}. Best is trial 101 with value: 0.10047503340328864.
2026-05-19 20:51:31,478 - experiment_functions - INFO - Early stopping at epoch 850. Best Recall: 0.0868
2026-05-19 20:51:31,614 - optuna.study.study - INFO - Trial 104 finished with value: 0.08679951554221262 and parameters: {'n_layers': 1, 'embedding_dim': 256, 'lr': 0.0013855054467391914, 'lambda_val': 3.937877690987324e-05, 'batch_size': 2471, 'optimizer': 'Adam'}. Best is trial 101 with value: 0.10047503340328864.
2026-05-19 20:51:39,982 - experiment_functions - INFO - Early stopping at epoch 1000. Best Recall: 0.0901
2026-05-19 20:51:40,073 - optuna.study.study - INFO - Trial 105 finished with value: 0.09005237913341316 and parameters: {'n_layers': 1, 'embedding_dim': 256, 'lr': 0.0016782804161523184, 'lambda_val': 6.274973547771637e-05, 'batch_size': 2361, 'optimizer': 'Adam'}. Best is trial 101 with value: 0.10047503340328864.
2026-05-19 20:51:47,385 - experiment_functions - INFO - Early stopping at epoch 1100. Best Recall: 0.0879
2026-05-19 20:51:47,463 - optuna.study.study - INFO - Trial 106 finished with value: 0.08794883355745879 and parameters: {'n_layers': 1, 'embedding_dim': 256, 'lr': 0.0015864052455352583, 'lambda_val': 3.43521587601208e-05, 'batch_size': 2322, 'optimizer': 'Adam'}. Best is trial 101 with value: 0.10047503340328864.
2026-05-19 20:51:54,881 - experiment_functions - INFO - Early stopping at epoch 1150. Best Recall: 0.0917
2026-05-19 20:51:54,971 - optuna.study.study - INFO - Trial 107 finished with value: 0.09173408845700284 and parameters: {'n_layers': 1, 'embedding_dim': 256, 'lr': 0.0019778025068832713, 'lambda_val': 1.3799526421365849e-05, 'batch_size': 2465, 'optimizer': 'Adam'}. Best is trial 101 with value: 0.10047503340328864.
2026-05-19 20:52:01,915 - experiment_functions - INFO - Early stopping at epoch 700. Best Recall: 0.0739
2026-05-19 20:52:02,027 - optuna.study.study - INFO - Trial 108 finished with value: 0.07390089042099257 and parameters: {'n_layers': 1, 'embedding_dim': 256, 'lr': 0.005532826358914046, 'lambda_val': 1.4301409544189093e-05, 'batch_size': 2514, 'optimizer': 'Adam'}. Best is trial 101 with value: 0.10047503340328864.
2026-05-19 20:52:07,451 - experiment_functions - INFO - Early stopping at epoch 800. Best Recall: 0.0794
2026-05-19 20:52:07,540 - optuna.study.study - INFO - Trial 109 finished with value: 0.0794071521148534 and parameters: {'n_layers': 1, 'embedding_dim': 256, 'lr': 0.003951790335123194, 'lambda_val': 5.981503477820211e-05, 'batch_size': 2415, 'optimizer': 'Adam'}. Best is trial 101 with value: 0.10047503340328864.
2026-05-19 20:52:15,610 - experiment_functions - INFO - Early stopping at epoch 1250. Best Recall: 0.0856
2026-05-19 20:52:15,711 - optuna.study.study - INFO - Trial 110 finished with value: 0.0855932323604166 and parameters: {'n_layers': 1, 'embedding_dim': 256, 'lr': 0.001727485649663894, 'lambda_val': 4.2540686854677094e-05, 'batch_size': 2756, 'optimizer': 'Adam'}. Best is trial 101 with value: 0.10047503340328864.
2026-05-19 20:52:23,316 - experiment_functions - INFO - Early stopping at epoch 1050. Best Recall: 0.1006
2026-05-19 20:52:23,406 - optuna.study.study - INFO - Trial 111 finished with value: 0.10059274689336388 and parameters: {'n_layers': 1, 'embedding_dim': 256, 'lr': 0.0020936015873974662, 'lambda_val': 4.11149366038064e-06, 'batch_size': 2133, 'optimizer': 'Adam'}. Best is trial 111 with value: 0.10059274689336388.
2026-05-19 20:52:29,910 - experiment_functions - INFO - Early stopping at epoch 950. Best Recall: 0.0889
2026-05-19 20:52:30,010 - optuna.study.study - INFO - Trial 112 finished with value: 0.088903122777006 and parameters: {'n_layers': 1, 'embedding_dim': 256, 'lr': 0.0023887895696331715, 'lambda_val': 3.3363108140403706e-06, 'batch_size': 2116, 'optimizer': 'Adam'}. Best is trial 111 with value: 0.10059274689336388.
2026-05-19 20:52:40,249 - experiment_functions - INFO - Early stopping at epoch 1150. Best Recall: 0.0888
2026-05-19 20:52:40,340 - optuna.study.study - INFO - Trial 113 finished with value: 0.08875757296335068 and parameters: {'n_layers': 1, 'embedding_dim': 256, 'lr': 0.001324849360477163, 'lambda_val': 4.264967005625518e-06, 'batch_size': 2398, 'optimizer': 'Adam'}. Best is trial 111 with value: 0.10059274689336388.
2026-05-19 20:52:47,024 - optuna.study._optimize - INFO - Trial 114 pruned. 
2026-05-19 20:53:01,363 - experiment_functions - INFO - Early stopping at epoch 1550. Best Recall: 0.0908
2026-05-19 20:53:01,453 - optuna.study.study - INFO - Trial 115 finished with value: 0.09079467042076458 and parameters: {'n_layers': 1, 'embedding_dim': 256, 'lr': 0.001687838087502005, 'lambda_val': 1.8423754473668002e-05, 'batch_size': 2313, 'optimizer': 'Adam'}. Best is trial 111 with value: 0.10059274689336388.
2026-05-19 20:53:07,950 - experiment_functions - INFO - Early stopping at epoch 950. Best Recall: 0.0853
2026-05-19 20:53:08,030 - optuna.study.study - INFO - Trial 116 finished with value: 0.08529435583925095 and parameters: {'n_layers': 1, 'embedding_dim': 256, 'lr': 0.003316628595160223, 'lambda_val': 8.27980803225694e-06, 'batch_size': 2351, 'optimizer': 'Adam'}. Best is trial 111 with value: 0.10059274689336388.
2026-05-19 20:53:14,110 - optuna.study._optimize - INFO - Trial 117 pruned. 
2026-05-19 20:53:23,470 - optuna.study._optimize - INFO - Trial 118 pruned. 
2026-05-19 20:53:27,665 - experiment_functions - INFO - Early stopping at epoch 500. Best Recall: 0.0026
2026-05-19 20:53:27,775 - optuna.study.study - INFO - Trial 119 finished with value: 0.0025579855589228494 and parameters: {'n_layers': 1, 'embedding_dim': 256, 'lr': 0.0012620325288707304, 'lambda_val': 8.044250542056702e-06, 'batch_size': 2599, 'optimizer': 'SGD'}. Best is trial 111 with value: 0.10059274689336388.
2026-05-19 20:53:39,513 - experiment_functions - INFO - Early stopping at epoch 1850. Best Recall: 0.0902
2026-05-19 20:53:39,649 - optuna.study.study - INFO - Trial 120 finished with value: 0.09015000726523204 and parameters: {'n_layers': 1, 'embedding_dim': 256, 'lr': 0.0008395643827393434, 'lambda_val': 3.930700807642033e-06, 'batch_size': 2518, 'optimizer': 'Adam'}. Best is trial 111 with value: 0.10059274689336388.
2026-05-19 20:54:03,275 - experiment_functions - INFO - Early stopping at epoch 3400. Best Recall: 0.0942
2026-05-19 20:54:03,387 - optuna.study.study - INFO - Trial 121 finished with value: 0.09416103552924537 and parameters: {'n_layers': 1, 'embedding_dim': 256, 'lr': 0.0008851478704831926, 'lambda_val': 4.551785209119716e-06, 'batch_size': 2515, 'optimizer': 'Adam'}. Best is trial 111 with value: 0.10059274689336388.
2026-05-19 20:54:14,190 - experiment_functions - INFO - Early stopping at epoch 1700. Best Recall: 0.0917
2026-05-19 20:54:14,290 - optuna.study.study - INFO - Trial 122 finished with value: 0.09169502255497054 and parameters: {'n_layers': 1, 'embedding_dim': 256, 'lr': 0.0008448145538326421, 'lambda_val': 2.2614074188743024e-06, 'batch_size': 2457, 'optimizer': 'Adam'}. Best is trial 111 with value: 0.10059274689336388.
2026-05-19 20:54:26,461 - optuna.study._optimize - INFO - Trial 123 pruned. 
2026-05-19 20:54:33,033 - experiment_functions - INFO - Early stopping at epoch 950. Best Recall: 0.0861
2026-05-19 20:54:33,156 - optuna.study.study - INFO - Trial 124 finished with value: 0.08607730320564363 and parameters: {'n_layers': 1, 'embedding_dim': 256, 'lr': 0.002685825142412847, 'lambda_val': 6.266409841588375e-06, 'batch_size': 2279, 'optimizer': 'Adam'}. Best is trial 111 with value: 0.10059274689336388.
2026-05-19 20:54:40,213 - experiment_functions - INFO - Early stopping at epoch 1000. Best Recall: 0.0861
2026-05-19 20:54:40,304 - optuna.study.study - INFO - Trial 125 finished with value: 0.08614798763823078 and parameters: {'n_layers': 1, 'embedding_dim': 256, 'lr': 0.0021415875381212536, 'lambda_val': 1.1469722439810306e-06, 'batch_size': 2141, 'optimizer': 'Adam'}. Best is trial 111 with value: 0.10059274689336388.
2026-05-19 20:54:53,895 - experiment_functions - INFO - Early stopping at epoch 2150. Best Recall: 0.1004
2026-05-19 20:54:54,073 - optuna.study.study - INFO - Trial 126 finished with value: 0.10043611608469878 and parameters: {'n_layers': 1, 'embedding_dim': 256, 'lr': 0.0008925583998443499, 'lambda_val': 1.3289653677319458e-05, 'batch_size': 2643, 'optimizer': 'Adam'}. Best is trial 111 with value: 0.10059274689336388.
2026-05-19 20:55:07,689 - experiment_functions - INFO - Early stopping at epoch 1700. Best Recall: 0.1000
2026-05-19 20:55:07,807 - optuna.study.study - INFO - Trial 127 finished with value: 0.10001470777240383 and parameters: {'n_layers': 1, 'embedding_dim': 256, 'lr': 0.0008983811467025492, 'lambda_val': 2.655780957040097e-06, 'batch_size': 2689, 'optimizer': 'Adam'}. Best is trial 111 with value: 0.10059274689336388.
2026-05-19 20:55:18,849 - experiment_functions - INFO - Early stopping at epoch 1750. Best Recall: 0.0907
2026-05-19 20:55:18,939 - optuna.study.study - INFO - Trial 128 finished with value: 0.0906883631227447 and parameters: {'n_layers': 1, 'embedding_dim': 256, 'lr': 0.0012500699393889266, 'lambda_val': 2.612564727818239e-06, 'batch_size': 2700, 'optimizer': 'Adam'}. Best is trial 111 with value: 0.10059274689336388.
2026-05-19 20:55:34,680 - experiment_functions - INFO - Early stopping at epoch 1950. Best Recall: 0.1000
2026-05-19 20:55:34,781 - optuna.study.study - INFO - Trial 129 finished with value: 0.09996086808320458 and parameters: {'n_layers': 1, 'embedding_dim': 256, 'lr': 0.0009491410412576642, 'lambda_val': 1.2360709837744953e-05, 'batch_size': 1828, 'optimizer': 'Adam'}. Best is trial 111 with value: 0.10059274689336388.
2026-05-19 20:55:43,785 - optuna.study._optimize - INFO - Trial 130 pruned. 
2026-05-19 20:55:56,101 - experiment_functions - INFO - Early stopping at epoch 1900. Best Recall: 0.1017
2026-05-19 20:55:56,205 - optuna.study.study - INFO - Trial 131 finished with value: 0.10171978570136395 and parameters: {'n_layers': 1, 'embedding_dim': 256, 'lr': 0.0009673092733152741, 'lambda_val': 1.2671096409990157e-05, 'batch_size': 2805, 'optimizer': 'Adam'}. Best is trial 131 with value: 0.10171978570136395.
2026-05-19 20:56:12,577 - experiment_functions - INFO - Early stopping at epoch 2550. Best Recall: 0.1004
2026-05-19 20:56:12,675 - optuna.study.study - INFO - Trial 132 finished with value: 0.10043871975743743 and parameters: {'n_layers': 1, 'embedding_dim': 256, 'lr': 0.0008828555562205123, 'lambda_val': 3.3789323803665612e-06, 'batch_size': 2816, 'optimizer': 'Adam'}. Best is trial 131 with value: 0.10171978570136395.
2026-05-19 20:56:27,751 - experiment_functions - INFO - Early stopping at epoch 2150. Best Recall: 0.0967
2026-05-19 20:56:27,851 - optuna.study.study - INFO - Trial 133 finished with value: 0.09666964355200161 and parameters: {'n_layers': 1, 'embedding_dim': 256, 'lr': 0.0009769930384684506, 'lambda_val': 3.3309873496664003e-06, 'batch_size': 2877, 'optimizer': 'Adam'}. Best is trial 131 with value: 0.10171978570136395.
2026-05-19 20:56:34,929 - optuna.study._optimize - INFO - Trial 134 pruned. 
2026-05-19 20:56:41,707 - optuna.study._optimize - INFO - Trial 135 pruned. 
2026-05-19 20:57:09,591 - experiment_functions - INFO - Early stopping at epoch 3650. Best Recall: 0.0997
2026-05-19 20:57:09,690 - optuna.study.study - INFO - Trial 136 finished with value: 0.09969698794872082 and parameters: {'n_layers': 1, 'embedding_dim': 256, 'lr': 0.0007854737311540009, 'lambda_val': 2.1599375527072015e-06, 'batch_size': 2876, 'optimizer': 'Adam'}. Best is trial 131 with value: 0.10171978570136395.
2026-05-19 20:57:13,489 - experiment_functions - INFO - Early stopping at epoch 500. Best Recall: 0.0036
2026-05-19 20:57:13,580 - optuna.study.study - INFO - Trial 137 finished with value: 0.0036319943107473475 and parameters: {'n_layers': 1, 'embedding_dim': 256, 'lr': 0.0007607813545798623, 'lambda_val': 2.0223217820105194e-06, 'batch_size': 2888, 'optimizer': 'SGD'}. Best is trial 131 with value: 0.10171978570136395.
2026-05-19 20:57:25,904 - experiment_functions - INFO - Early stopping at epoch 1900. Best Recall: 0.0952
2026-05-19 20:57:26,010 - optuna.study.study - INFO - Trial 138 finished with value: 0.09520066542518371 and parameters: {'n_layers': 1, 'embedding_dim': 256, 'lr': 0.0009704082655029117, 'lambda_val': 4.304961969684075e-06, 'batch_size': 2835, 'optimizer': 'Adam'}. Best is trial 131 with value: 0.10171978570136395.
2026-05-19 20:57:32,467 - optuna.study._optimize - INFO - Trial 139 pruned. 
2026-05-19 20:57:58,751 - experiment_functions - INFO - Early stopping at epoch 1900. Best Recall: 0.0974
2026-05-19 20:57:58,860 - optuna.study.study - INFO - Trial 140 finished with value: 0.09744123080796314 and parameters: {'n_layers': 1, 'embedding_dim': 256, 'lr': 0.0010474487543043823, 'lambda_val': 1.4709054192921254e-06, 'batch_size': 2829, 'optimizer': 'Adam'}. Best is trial 131 with value: 0.10171978570136395.
2026-05-19 20:58:13,018 - experiment_functions - INFO - Early stopping at epoch 1950. Best Recall: 0.1010
2026-05-19 20:58:13,109 - optuna.study.study - INFO - Trial 141 finished with value: 0.10098755245388777 and parameters: {'n_layers': 1, 'embedding_dim': 256, 'lr': 0.0010450952907296827, 'lambda_val': 2.23600344169962e-06, 'batch_size': 2834, 'optimizer': 'Adam'}. Best is trial 131 with value: 0.10171978570136395.
2026-05-19 20:58:22,103 - optuna.study._optimize - INFO - Trial 142 pruned. 
2026-05-19 20:58:35,115 - experiment_functions - INFO - Early stopping at epoch 1650. Best Recall: 0.0976
2026-05-19 20:58:35,240 - optuna.study.study - INFO - Trial 143 finished with value: 0.09760785996490368 and parameters: {'n_layers': 1, 'embedding_dim': 256, 'lr': 0.00108537879805141, 'lambda_val': 1.2539410887952152e-06, 'batch_size': 3051, 'optimizer': 'Adam'}. Best is trial 131 with value: 0.10171978570136395.
2026-05-19 20:58:48,546 - experiment_functions - INFO - Early stopping at epoch 1950. Best Recall: 0.0968
2026-05-19 20:58:48,657 - optuna.study.study - INFO - Trial 144 finished with value: 0.09682899353832401 and parameters: {'n_layers': 1, 'embedding_dim': 256, 'lr': 0.001073839323874585, 'lambda_val': 1.3706218933970553e-06, 'batch_size': 3251, 'optimizer': 'Adam'}. Best is trial 131 with value: 0.10171978570136395.
2026-05-19 20:58:56,221 - optuna.study._optimize - INFO - Trial 145 pruned. 
2026-05-19 20:59:05,895 - optuna.study._optimize - INFO - Trial 146 pruned. 
2026-05-19 20:59:13,824 - optuna.study._optimize - INFO - Trial 147 pruned. 
2026-05-19 20:59:23,945 - experiment_functions - INFO - Early stopping at epoch 1150. Best Recall: 0.0966
2026-05-19 20:59:24,044 - optuna.study.study - INFO - Trial 148 finished with value: 0.09655515322061062 and parameters: {'n_layers': 1, 'embedding_dim': 256, 'lr': 0.0013842279653524512, 'lambda_val': 2.0007457875809764e-06, 'batch_size': 3146, 'optimizer': 'Adam'}. Best is trial 131 with value: 0.10171978570136395.
2026-05-19 20:59:36,739 - optuna.study._optimize - INFO - Trial 149 pruned. 
2026-05-19 20:59:46,035 - experiment_functions - INFO - Early stopping at epoch 1400. Best Recall: 0.0995
2026-05-19 20:59:46,125 - optuna.study.study - INFO - Trial 150 finished with value: 0.09946746618935214 and parameters: {'n_layers': 1, 'embedding_dim': 256, 'lr': 0.0007390231116954907, 'lambda_val': 2.0386083373646434e-06, 'batch_size': 3216, 'optimizer': 'Adam'}. Best is trial 131 with value: 0.10171978570136395.
2026-05-19 20:59:57,771 - optuna.study._optimize - INFO - Trial 151 pruned. 
2026-05-19 21:00:04,962 - optuna.study._optimize - INFO - Trial 152 pruned. 
2026-05-19 21:00:14,812 - optuna.study._optimize - INFO - Trial 153 pruned. 
2026-05-19 21:00:33,533 - optuna.study._optimize - INFO - Trial 154 pruned. 
2026-05-19 21:00:46,327 - experiment_functions - INFO - Early stopping at epoch 1850. Best Recall: 0.0960
2026-05-19 21:00:46,416 - optuna.study.study - INFO - Trial 155 finished with value: 0.09599674024120743 and parameters: {'n_layers': 1, 'embedding_dim': 256, 'lr': 0.0013128760328720613, 'lambda_val': 3.24862824024475e-06, 'batch_size': 2780, 'optimizer': 'Adam'}. Best is trial 131 with value: 0.10171978570136395.
2026-05-19 21:00:53,697 - optuna.study._optimize - INFO - Trial 156 pruned. 
2026-05-19 21:01:03,786 - optuna.study._optimize - INFO - Trial 157 pruned. 
2026-05-19 21:01:26,648 - experiment_functions - INFO - Early stopping at epoch 2150. Best Recall: 0.1015
2026-05-19 21:01:26,786 - optuna.study.study - INFO - Trial 158 finished with value: 0.10145459672209475 and parameters: {'n_layers': 1, 'embedding_dim': 256, 'lr': 0.0009824914065785144, 'lambda_val': 2.3071274675017113e-06, 'batch_size': 2997, 'optimizer': 'Adam'}. Best is trial 131 with value: 0.10171978570136395.
2026-05-19 21:01:32,239 - experiment_functions - INFO - Early stopping at epoch 700. Best Recall: 0.0236
2026-05-19 21:01:32,317 - optuna.study.study - INFO - Trial 159 finished with value: 0.023599729152674612 and parameters: {'n_layers': 4, 'embedding_dim': 32, 'lr': 0.001000412649940007, 'lambda_val': 2.584782938932056e-06, 'batch_size': 3001, 'optimizer': 'Adam'}. Best is trial 131 with value: 0.10171978570136395.
2026-05-19 21:01:36,056 - experiment_functions - INFO - Early stopping at epoch 500. Best Recall: 0.0017
2026-05-19 21:01:36,190 - optuna.study.study - INFO - Trial 160 finished with value: 0.0016886887364529273 and parameters: {'n_layers': 1, 'embedding_dim': 256, 'lr': 0.0008131934873601298, 'lambda_val': 3.391763347556369e-06, 'batch_size': 2908, 'optimizer': 'SGD'}. Best is trial 131 with value: 0.10171978570136395.
2026-05-19 21:01:45,384 - optuna.study._optimize - INFO - Trial 161 pruned. 
2026-05-19 21:01:54,629 - optuna.study._optimize - INFO - Trial 162 pruned. 
2026-05-19 21:02:12,075 - optuna.study._optimize - INFO - Trial 163 pruned. 
2026-05-19 21:02:28,162 - experiment_functions - INFO - Early stopping at epoch 1900. Best Recall: 0.1049
2026-05-19 21:02:28,272 - optuna.study.study - INFO - Trial 164 finished with value: 0.10487131574525042 and parameters: {'n_layers': 1, 'embedding_dim': 256, 'lr': 0.0007170894564123548, 'lambda_val': 2.2590333481493642e-06, 'batch_size': 3290, 'optimizer': 'Adam'}. Best is trial 164 with value: 0.10487131574525042.
2026-05-19 21:02:35,681 - optuna.study._optimize - INFO - Trial 165 pruned. 
2026-05-19 21:02:42,666 - optuna.study._optimize - INFO - Trial 166 pruned. 
2026-05-19 21:02:49,607 - optuna.study._optimize - INFO - Trial 167 pruned. 
2026-05-19 21:03:10,735 - experiment_functions - INFO - Early stopping at epoch 1750. Best Recall: 0.0981
2026-05-19 21:03:10,836 - optuna.study.study - INFO - Trial 168 finished with value: 0.09808909217020657 and parameters: {'n_layers': 1, 'embedding_dim': 256, 'lr': 0.0008226281207403369, 'lambda_val': 1.4574447994709795e-06, 'batch_size': 2842, 'optimizer': 'Adam'}. Best is trial 164 with value: 0.10487131574525042.
2026-05-19 21:03:23,645 - optuna.study._optimize - INFO - Trial 169 pruned. 
2026-05-19 21:03:35,601 - experiment_functions - INFO - Early stopping at epoch 1750. Best Recall: 0.0952
2026-05-19 21:03:35,745 - optuna.study.study - INFO - Trial 170 finished with value: 0.09519621481816587 and parameters: {'n_layers': 1, 'embedding_dim': 256, 'lr': 0.0006246674639996194, 'lambda_val': 1.0640497321609766e-06, 'batch_size': 2770, 'optimizer': 'Adam'}. Best is trial 164 with value: 0.10487131574525042.
2026-05-19 21:03:46,258 - optuna.study._optimize - INFO - Trial 171 pruned. 
2026-05-19 21:03:54,311 - experiment_functions - INFO - Early stopping at epoch 1300. Best Recall: 0.0999
2026-05-19 21:03:54,424 - optuna.study.study - INFO - Trial 172 finished with value: 0.09989025124845059 and parameters: {'n_layers': 1, 'embedding_dim': 256, 'lr': 0.0010652608596082697, 'lambda_val': 1.4286116174164466e-06, 'batch_size': 3000, 'optimizer': 'Adam'}. Best is trial 164 with value: 0.10487131574525042.
2026-05-19 21:04:02,247 - optuna.study._optimize - INFO - Trial 173 pruned. 
2026-05-19 21:04:08,461 - optuna.study._optimize - INFO - Trial 174 pruned. 
2026-05-19 21:04:16,940 - optuna.study._optimize - INFO - Trial 175 pruned. 
2026-05-19 21:04:36,996 - optuna.study._optimize - INFO - Trial 176 pruned. 
2026-05-19 21:04:43,995 - optuna.study._optimize - INFO - Trial 177 pruned. 
2026-05-19 21:04:57,122 - experiment_functions - INFO - Early stopping at epoch 2000. Best Recall: 0.0999
2026-05-19 21:04:57,223 - optuna.study.study - INFO - Trial 178 finished with value: 0.09989576254603087 and parameters: {'n_layers': 1, 'embedding_dim': 256, 'lr': 0.0008517226260763091, 'lambda_val': 7.084536147613783e-06, 'batch_size': 3226, 'optimizer': 'Adam'}. Best is trial 164 with value: 0.10487131574525042.
2026-05-19 21:05:09,592 - optuna.study._optimize - INFO - Trial 179 pruned. 
2026-05-19 21:05:20,544 - experiment_functions - INFO - Early stopping at epoch 1100. Best Recall: 0.1039
2026-05-19 21:05:20,633 - optuna.study.study - INFO - Trial 180 finished with value: 0.10385787992182241 and parameters: {'n_layers': 1, 'embedding_dim': 256, 'lr': 0.0014977374407090331, 'lambda_val': 5.097253098464623e-06, 'batch_size': 3185, 'optimizer': 'Adam'}. Best is trial 164 with value: 0.10487131574525042.
2026-05-19 21:05:27,589 - optuna.study._optimize - INFO - Trial 181 pruned. 
2026-05-19 21:05:34,354 - optuna.study._optimize - INFO - Trial 182 pruned. 
2026-05-19 21:05:43,125 - optuna.study._optimize - INFO - Trial 183 pruned. 
2026-05-19 21:05:51,840 - optuna.study._optimize - INFO - Trial 184 pruned. 
2026-05-19 21:05:59,595 - optuna.study._optimize - INFO - Trial 185 pruned. 
2026-05-19 21:06:07,962 - optuna.study._optimize - INFO - Trial 186 pruned. 
2026-05-19 21:06:14,733 - optuna.study._optimize - INFO - Trial 187 pruned. 
2026-05-19 21:06:22,079 - optuna.study._optimize - INFO - Trial 188 pruned. 
2026-05-19 21:06:28,256 - experiment_functions - INFO - Early stopping at epoch 500. Best Recall: 0.0016
2026-05-19 21:06:28,354 - optuna.study.study - INFO - Trial 189 finished with value: 0.0015794679605141632 and parameters: {'n_layers': 1, 'embedding_dim': 256, 'lr': 0.0012460491220285866, 'lambda_val': 2.361992055252308e-06, 'batch_size': 3014, 'optimizer': 'SGD'}. Best is trial 164 with value: 0.10487131574525042.
2026-05-19 21:06:32,179 - experiment_functions - INFO - Early stopping at epoch 550. Best Recall: 0.0367
2026-05-19 21:06:32,270 - optuna.study.study - INFO - Trial 190 finished with value: 0.0367463228661873 and parameters: {'n_layers': 1, 'embedding_dim': 32, 'lr': 0.014577452080100452, 'lambda_val': 5.126987874490199e-06, 'batch_size': 2750, 'optimizer': 'Adam'}. Best is trial 164 with value: 0.10487131574525042.
2026-05-19 21:06:45,042 - experiment_functions - INFO - Early stopping at epoch 1950. Best Recall: 0.0999
2026-05-19 21:06:45,132 - optuna.study.study - INFO - Trial 191 finished with value: 0.09985700414233557 and parameters: {'n_layers': 1, 'embedding_dim': 256, 'lr': 0.0009891628134464877, 'lambda_val': 1.357700915130587e-06, 'batch_size': 3304, 'optimizer': 'Adam'}. Best is trial 164 with value: 0.10487131574525042.
2026-05-19 21:06:53,530 - optuna.study._optimize - INFO - Trial 192 pruned. 
2026-05-19 21:07:00,763 - experiment_functions - INFO - Early stopping at epoch 1000. Best Recall: 0.0950
2026-05-19 21:07:00,904 - optuna.study.study - INFO - Trial 193 finished with value: 0.09496692236920996 and parameters: {'n_layers': 1, 'embedding_dim': 256, 'lr': 0.0014503341651909835, 'lambda_val': 2.9209701532552217e-06, 'batch_size': 3285, 'optimizer': 'Adam'}. Best is trial 164 with value: 0.10487131574525042.
2026-05-19 21:07:08,298 - optuna.study._optimize - INFO - Trial 194 pruned. 
2026-05-19 21:07:16,532 - optuna.study._optimize - INFO - Trial 195 pruned. 
2026-05-19 21:07:23,861 - optuna.study._optimize - INFO - Trial 196 pruned. 
2026-05-19 21:07:34,096 - optuna.study._optimize - INFO - Trial 197 pruned. 
2026-05-19 21:07:44,741 - optuna.study._optimize - INFO - Trial 198 pruned. 
2026-05-19 21:07:53,301 - optuna.study._optimize - INFO - Trial 199 pruned. 
2026-05-19 21:07:59,325 - optuna.study._optimize - INFO - Trial 200 pruned. 
2026-05-19 21:08:07,946 - optuna.study._optimize - INFO - Trial 201 pruned. 
2026-05-19 21:08:28,496 - experiment_functions - INFO - Early stopping at epoch 1800. Best Recall: 0.0950
2026-05-19 21:08:28,586 - optuna.study.study - INFO - Trial 202 finished with value: 0.09502657994317676 and parameters: {'n_layers': 1, 'embedding_dim': 256, 'lr': 0.0008139212157166934, 'lambda_val': 1.393036353877167e-06, 'batch_size': 3256, 'optimizer': 'Adam'}. Best is trial 164 with value: 0.10487131574525042.
2026-05-19 21:08:37,036 - experiment_functions - INFO - Early stopping at epoch 1150. Best Recall: 0.0980
2026-05-19 21:08:37,135 - optuna.study.study - INFO - Trial 203 finished with value: 0.09796385009666457 and parameters: {'n_layers': 1, 'embedding_dim': 256, 'lr': 0.0010949778306405154, 'lambda_val': 1.0219689198162993e-06, 'batch_size': 3347, 'optimizer': 'Adam'}. Best is trial 164 with value: 0.10487131574525042.
2026-05-19 21:08:45,600 - optuna.study._optimize - INFO - Trial 204 pruned. 
2026-05-19 21:08:56,772 - optuna.study._optimize - INFO - Trial 205 pruned. 
2026-05-19 21:09:05,048 - experiment_functions - INFO - Early stopping at epoch 1250. Best Recall: 0.1015
2026-05-19 21:09:05,137 - optuna.study.study - INFO - Trial 206 finished with value: 0.10152984316704773 and parameters: {'n_layers': 1, 'embedding_dim': 256, 'lr': 0.0010550402900931966, 'lambda_val': 1.763008683963378e-06, 'batch_size': 3353, 'optimizer': 'Adam'}. Best is trial 164 with value: 0.10487131574525042.
2026-05-19 21:09:17,768 - optuna.study._optimize - INFO - Trial 207 pruned. 
2026-05-19 21:09:24,748 - optuna.study._optimize - INFO - Trial 208 pruned. 
2026-05-19 21:09:30,232 - experiment_functions - INFO - Early stopping at epoch 600. Best Recall: 0.0359
2026-05-19 21:09:30,333 - optuna.study.study - INFO - Trial 209 finished with value: 0.03590077876407644 and parameters: {'n_layers': 3, 'embedding_dim': 256, 'lr': 0.0007852287731266789, 'lambda_val': 2.904960185826443e-06, 'batch_size': 3326, 'optimizer': 'Adam'}. Best is trial 164 with value: 0.10487131574525042.
2026-05-19 21:09:35,368 - experiment_functions - INFO - Early stopping at epoch 600. Best Recall: 0.0518
2026-05-19 21:09:35,472 - optuna.study.study - INFO - Trial 210 finished with value: 0.05181321801649186 and parameters: {'n_layers': 2, 'embedding_dim': 256, 'lr': 0.001646188513135945, 'lambda_val': 8.797213776075386e-06, 'batch_size': 3589, 'optimizer': 'Adam'}. Best is trial 164 with value: 0.10487131574525042.
2026-05-19 21:09:43,162 - optuna.study._optimize - INFO - Trial 211 pruned. 
2026-05-19 21:09:49,991 - optuna.study._optimize - INFO - Trial 212 pruned. 
2026-05-19 21:09:59,009 - optuna.study._optimize - INFO - Trial 213 pruned. 
2026-05-19 21:10:07,636 - optuna.study._optimize - INFO - Trial 214 pruned. 
2026-05-19 21:10:22,838 - experiment_functions - INFO - Early stopping at epoch 2350. Best Recall: 0.0976
2026-05-19 21:10:22,943 - optuna.study.study - INFO - Trial 215 finished with value: 0.0975997577834401 and parameters: {'n_layers': 1, 'embedding_dim': 256, 'lr': 0.0009465651533719789, 'lambda_val': 1.26098102427332e-06, 'batch_size': 2580, 'optimizer': 'Adam'}. Best is trial 164 with value: 0.10487131574525042.
2026-05-19 21:10:41,467 - optuna.study._optimize - INFO - Trial 216 pruned. 
2026-05-19 21:10:53,357 - experiment_functions - INFO - Early stopping at epoch 1350. Best Recall: 0.0949
2026-05-19 21:10:53,484 - optuna.study.study - INFO - Trial 217 finished with value: 0.09485866413407444 and parameters: {'n_layers': 1, 'embedding_dim': 256, 'lr': 0.0012480432770909879, 'lambda_val': 1.1228456361681899e-05, 'batch_size': 2644, 'optimizer': 'Adam'}. Best is trial 164 with value: 0.10487131574525042.
2026-05-19 21:11:01,852 - optuna.study._optimize - INFO - Trial 218 pruned. 
2026-05-19 21:11:11,950 - optuna.study._optimize - INFO - Trial 219 pruned. 
2026-05-19 21:11:22,282 - experiment_functions - INFO - Early stopping at epoch 1450. Best Recall: 0.1000
2026-05-19 21:11:22,408 - optuna.study.study - INFO - Trial 220 finished with value: 0.10003509607435207 and parameters: {'n_layers': 1, 'embedding_dim': 256, 'lr': 0.0009543908263862745, 'lambda_val': 1.5328223331939452e-05, 'batch_size': 3162, 'optimizer': 'Adam'}. Best is trial 164 with value: 0.10487131574525042.
2026-05-19 21:11:30,811 - optuna.study._optimize - INFO - Trial 221 pruned. 
2026-05-19 21:11:38,411 - optuna.study._optimize - INFO - Trial 222 pruned. 
2026-05-19 21:11:46,945 - optuna.study._optimize - INFO - Trial 223 pruned. 
2026-05-19 21:11:54,325 - optuna.study._optimize - INFO - Trial 224 pruned. 
2026-05-19 21:12:04,999 - experiment_functions - INFO - Early stopping at epoch 1350. Best Recall: 0.0973
2026-05-19 21:12:05,104 - optuna.study.study - INFO - Trial 225 finished with value: 0.09728788765469515 and parameters: {'n_layers': 1, 'embedding_dim': 256, 'lr': 0.0012210449693667651, 'lambda_val': 4.528924866593028e-06, 'batch_size': 3296, 'optimizer': 'Adam'}. Best is trial 164 with value: 0.10487131574525042.
2026-05-19 21:12:09,567 - experiment_functions - INFO - Early stopping at epoch 500. Best Recall: 0.0044
2026-05-19 21:12:09,683 - optuna.study.study - INFO - Trial 226 finished with value: 0.004444226633161728 and parameters: {'n_layers': 1, 'embedding_dim': 256, 'lr': 0.0009524224523224238, 'lambda_val': 9.189943402629433e-06, 'batch_size': 3032, 'optimizer': 'SGD'}. Best is trial 164 with value: 0.10487131574525042.
2026-05-19 21:12:16,809 - optuna.study._optimize - INFO - Trial 227 pruned. 
2026-05-19 21:12:22,896 - optuna.study._optimize - INFO - Trial 228 pruned. 
2026-05-19 21:12:30,522 - optuna.study._optimize - INFO - Trial 229 pruned. 
2026-05-19 21:12:36,664 - optuna.study._optimize - INFO - Trial 230 pruned. 
2026-05-19 21:12:45,392 - optuna.study._optimize - INFO - Trial 231 pruned. 
2026-05-19 21:12:56,376 - experiment_functions - INFO - Early stopping at epoch 1600. Best Recall: 0.1026
2026-05-19 21:12:56,481 - optuna.study.study - INFO - Trial 232 finished with value: 0.10259418129368066 and parameters: {'n_layers': 1, 'embedding_dim': 256, 'lr': 0.0013257586949719144, 'lambda_val': 1.3332824378097643e-06, 'batch_size': 2695, 'optimizer': 'Adam'}. Best is trial 164 with value: 0.10487131574525042.
2026-05-19 21:13:07,684 - optuna.study._optimize - INFO - Trial 233 pruned. 
2026-05-19 21:13:17,715 - optuna.study._optimize - INFO - Trial 234 pruned. 
2026-05-19 21:13:27,805 - experiment_functions - INFO - Early stopping at epoch 1550. Best Recall: 0.0972
2026-05-19 21:13:27,962 - optuna.study.study - INFO - Trial 235 finished with value: 0.09715330308447816 and parameters: {'n_layers': 1, 'embedding_dim': 256, 'lr': 0.0014483866763456144, 'lambda_val': 1.7377416154314711e-06, 'batch_size': 3403, 'optimizer': 'Adam'}. Best is trial 164 with value: 0.10487131574525042.
2026-05-19 21:13:35,187 - optuna.study._optimize - INFO - Trial 236 pruned. 
2026-05-19 21:13:43,903 - optuna.study._optimize - INFO - Trial 237 pruned. 
2026-05-19 21:13:51,331 - optuna.study._optimize - INFO - Trial 238 pruned. 
2026-05-19 21:13:58,972 - optuna.study._optimize - INFO - Trial 239 pruned. 
2026-05-19 21:14:05,800 - optuna.study._optimize - INFO - Trial 240 pruned. 
2026-05-19 21:14:16,989 - experiment_functions - INFO - Early stopping at epoch 1500. Best Recall: 0.0961
2026-05-19 21:14:17,085 - optuna.study.study - INFO - Trial 241 finished with value: 0.09605961176156598 and parameters: {'n_layers': 1, 'embedding_dim': 256, 'lr': 0.0010771728337969876, 'lambda_val': 1.613857774919395e-06, 'batch_size': 2814, 'optimizer': 'Adam'}. Best is trial 164 with value: 0.10487131574525042.
2026-05-19 21:14:33,006 - experiment_functions - INFO - Early stopping at epoch 2100. Best Recall: 0.1020
2026-05-19 21:14:33,100 - optuna.study.study - INFO - Trial 242 finished with value: 0.10197571115790711 and parameters: {'n_layers': 1, 'embedding_dim': 256, 'lr': 0.0008379054106340115, 'lambda_val': 1.3708092191170836e-06, 'batch_size': 2881, 'optimizer': 'Adam'}. Best is trial 164 with value: 0.10487131574525042.
2026-05-19 21:14:56,981 - experiment_functions - INFO - Early stopping at epoch 3400. Best Recall: 0.1092
2026-05-19 21:14:57,080 - optuna.study.study - INFO - Trial 243 finished with value: 0.10917472634437861 and parameters: {'n_layers': 1, 'embedding_dim': 256, 'lr': 0.0008886894769139526, 'lambda_val': 1.2010599773504902e-06, 'batch_size': 1821, 'optimizer': 'Adam'}. Best is trial 243 with value: 0.10917472634437861.
2026-05-19 21:15:04,219 - optuna.study._optimize - INFO - Trial 244 pruned. 
2026-05-19 21:15:13,640 - optuna.study._optimize - INFO - Trial 245 pruned. 
2026-05-19 21:15:21,087 - optuna.study._optimize - INFO - Trial 246 pruned. 
2026-05-19 21:15:30,726 - optuna.study._optimize - INFO - Trial 247 pruned. 
2026-05-19 21:15:38,851 - optuna.study._optimize - INFO - Trial 248 pruned. 
2026-05-19 21:15:45,637 - optuna.study._optimize - INFO - Trial 249 pruned. 
2026-05-19 21:15:55,033 - experiment_functions - INFO - Early stopping at epoch 1300. Best Recall: 0.0969
2026-05-19 21:15:55,137 - optuna.study.study - INFO - Trial 250 finished with value: 0.09690330536446985 and parameters: {'n_layers': 1, 'embedding_dim': 256, 'lr': 0.0013643310606096708, 'lambda_val': 5.077373561774285e-06, 'batch_size': 3316, 'optimizer': 'Adam'}. Best is trial 243 with value: 0.10917472634437861.
2026-05-19 21:15:59,707 - experiment_functions - INFO - Early stopping at epoch 650. Best Recall: 0.0619
2026-05-19 21:15:59,823 - optuna.study.study - INFO - Trial 251 finished with value: 0.06187176711637666 and parameters: {'n_layers': 1, 'embedding_dim': 64, 'lr': 0.001121888219740116, 'lambda_val': 3.1136287904189486e-06, 'batch_size': 3206, 'optimizer': 'RMSprop'}. Best is trial 243 with value: 0.10917472634437861.
2026-05-19 21:16:07,160 - optuna.study._optimize - INFO - Trial 252 pruned. 
2026-05-19 21:16:14,392 - optuna.study._optimize - INFO - Trial 253 pruned. 
2026-05-19 21:16:25,158 - optuna.study._optimize - INFO - Trial 254 pruned. 
2026-05-19 21:16:32,919 - optuna.study._optimize - INFO - Trial 255 pruned. 
2026-05-19 21:16:39,933 - optuna.study._optimize - INFO - Trial 256 pruned. 
2026-05-19 21:16:46,882 - optuna.study._optimize - INFO - Trial 257 pruned. 
2026-05-19 21:16:58,194 - experiment_functions - INFO - Early stopping at epoch 1700. Best Recall: 0.0967
2026-05-19 21:16:58,287 - optuna.study.study - INFO - Trial 258 finished with value: 0.09665537979590583 and parameters: {'n_layers': 1, 'embedding_dim': 256, 'lr': 0.0009985740244268693, 'lambda_val': 1.2588682628519474e-06, 'batch_size': 3103, 'optimizer': 'Adam'}. Best is trial 243 with value: 0.10917472634437861.
2026-05-19 21:17:05,647 - optuna.study._optimize - INFO - Trial 259 pruned. 
2026-05-19 21:17:09,492 - experiment_functions - INFO - Early stopping at epoch 500. Best Recall: 0.0020
2026-05-19 21:17:09,597 - optuna.study.study - INFO - Trial 260 finished with value: 0.0019604519091542096 and parameters: {'n_layers': 1, 'embedding_dim': 256, 'lr': 0.0012961956030884982, 'lambda_val': 8.878579100978939e-06, 'batch_size': 1755, 'optimizer': 'SGD'}. Best is trial 243 with value: 0.10917472634437861.
2026-05-19 21:17:17,025 - optuna.study._optimize - INFO - Trial 261 pruned. 
2026-05-19 21:17:22,798 - experiment_functions - INFO - Early stopping at epoch 600. Best Recall: 0.0365
2026-05-19 21:17:22,891 - optuna.study.study - INFO - Trial 262 finished with value: 0.036451825183413285 and parameters: {'n_layers': 3, 'embedding_dim': 256, 'lr': 0.0008677034542829616, 'lambda_val': 2.315527911390201e-05, 'batch_size': 3372, 'optimizer': 'Adam'}. Best is trial 243 with value: 0.10917472634437861.
2026-05-19 21:17:36,726 - optuna.study._optimize - INFO - Trial 263 pruned. 
2026-05-19 21:17:46,555 - optuna.study._optimize - INFO - Trial 264 pruned. 
2026-05-19 21:17:53,317 - optuna.study._optimize - INFO - Trial 265 pruned. 
2026-05-19 21:18:00,524 - optuna.study._optimize - INFO - Trial 266 pruned. 
2026-05-19 21:18:09,464 - optuna.study._optimize - INFO - Trial 267 pruned. 
2026-05-19 21:18:16,358 - optuna.study._optimize - INFO - Trial 268 pruned. 
2026-05-19 21:18:25,137 - experiment_functions - INFO - Early stopping at epoch 1300. Best Recall: 0.0961
2026-05-19 21:18:25,241 - optuna.study.study - INFO - Trial 269 finished with value: 0.09609309436441964 and parameters: {'n_layers': 1, 'embedding_dim': 256, 'lr': 0.0011707893186548304, 'lambda_val': 2.552530740857207e-06, 'batch_size': 2991, 'optimizer': 'Adam'}. Best is trial 243 with value: 0.10917472634437861.
2026-05-19 21:18:34,892 - experiment_functions - INFO - Early stopping at epoch 1400. Best Recall: 0.0982
2026-05-19 21:18:35,059 - optuna.study.study - INFO - Trial 270 finished with value: 0.09822318979964852 and parameters: {'n_layers': 1, 'embedding_dim': 256, 'lr': 0.000947652852196376, 'lambda_val': 2.006236423854192e-06, 'batch_size': 2752, 'optimizer': 'Adam'}. Best is trial 243 with value: 0.10917472634437861.
2026-05-19 21:18:42,620 - optuna.study._optimize - INFO - Trial 271 pruned. 
2026-05-19 21:18:49,769 - optuna.study._optimize - INFO - Trial 272 pruned. 
2026-05-19 21:18:55,369 - experiment_functions - INFO - Early stopping at epoch 850. Best Recall: 0.0635
2026-05-19 21:18:55,472 - optuna.study.study - INFO - Trial 273 finished with value: 0.06351759899082167 and parameters: {'n_layers': 1, 'embedding_dim': 64, 'lr': 0.0008937526539370537, 'lambda_val': 2.5907149115009196e-06, 'batch_size': 2816, 'optimizer': 'Adam'}. Best is trial 243 with value: 0.10917472634437861.
2026-05-19 21:19:04,265 - optuna.study._optimize - INFO - Trial 274 pruned. 
2026-05-19 21:19:12,788 - experiment_functions - INFO - Early stopping at epoch 1000. Best Recall: 0.0968
2026-05-19 21:19:12,903 - optuna.study.study - INFO - Trial 275 finished with value: 0.09683058341771827 and parameters: {'n_layers': 1, 'embedding_dim': 256, 'lr': 0.0016548724706790274, 'lambda_val': 4.654022157305616e-06, 'batch_size': 2702, 'optimizer': 'Adam'}. Best is trial 243 with value: 0.10917472634437861.
2026-05-19 21:19:19,941 - optuna.study._optimize - INFO - Trial 276 pruned. 
2026-05-19 21:19:26,438 - experiment_functions - INFO - Early stopping at epoch 700. Best Recall: 0.0280
2026-05-19 21:19:26,532 - optuna.study.study - INFO - Trial 277 finished with value: 0.02796385400167355 and parameters: {'n_layers': 2, 'embedding_dim': 256, 'lr': 0.000983058733427566, 'lambda_val': 0.01577445470649161, 'batch_size': 3397, 'optimizer': 'Adam'}. Best is trial 243 with value: 0.10917472634437861.
2026-05-19 21:19:30,447 - experiment_functions - INFO - Early stopping at epoch 500. Best Recall: 0.0007
2026-05-19 21:19:30,552 - optuna.study.study - INFO - Trial 278 finished with value: 0.0006804680424078546 and parameters: {'n_layers': 1, 'embedding_dim': 256, 'lr': 1.0284188232610442e-05, 'lambda_val': 3.1212196507378387e-06, 'batch_size': 2624, 'optimizer': 'Adam'}. Best is trial 243 with value: 0.10917472634437861.
2026-05-19 21:19:40,027 - experiment_functions - INFO - Early stopping at epoch 500. Best Recall: 0.0018
2026-05-19 21:19:40,657 - optuna.study.study - INFO - Trial 279 finished with value: 0.0017598041613924571 and parameters: {'n_layers': 1, 'embedding_dim': 256, 'lr': 0.0013162724057128557, 'lambda_val': 1.6634484930387122e-06, 'batch_size': 2787, 'optimizer': 'SGD'}. Best is trial 243 with value: 0.10917472634437861.
2026-05-19 21:19:47,437 - optuna.study._optimize - INFO - Trial 280 pruned. 
2026-05-19 21:19:56,894 - experiment_functions - INFO - Early stopping at epoch 1450. Best Recall: 0.1025
2026-05-19 21:19:56,995 - optuna.study.study - INFO - Trial 281 finished with value: 0.10249083039659986 and parameters: {'n_layers': 1, 'embedding_dim': 256, 'lr': 0.0010353442943153016, 'lambda_val': 8.358018191691345e-06, 'batch_size': 3286, 'optimizer': 'Adam'}. Best is trial 243 with value: 0.10917472634437861.
2026-05-19 21:20:04,355 - optuna.study._optimize - INFO - Trial 282 pruned. 
2026-05-19 21:20:11,544 - optuna.study._optimize - INFO - Trial 283 pruned. 
2026-05-19 21:20:17,366 - experiment_functions - INFO - Early stopping at epoch 550. Best Recall: 0.0224
2026-05-19 21:20:17,457 - optuna.study.study - INFO - Trial 284 finished with value: 0.022431364604100876 and parameters: {'n_layers': 4, 'embedding_dim': 256, 'lr': 0.0012940897438423445, 'lambda_val': 9.763404727847115e-06, 'batch_size': 3174, 'optimizer': 'Adam'}. Best is trial 243 with value: 0.10917472634437861.
2026-05-19 21:20:24,616 - optuna.study._optimize - INFO - Trial 285 pruned. 
2026-05-19 21:20:31,612 - optuna.study._optimize - INFO - Trial 286 pruned. 
2026-05-19 21:20:38,122 - optuna.study._optimize - INFO - Trial 287 pruned. 
2026-05-19 21:20:47,465 - experiment_functions - INFO - Early stopping at epoch 1350. Best Recall: 0.1009
2026-05-19 21:20:47,556 - optuna.study.study - INFO - Trial 288 finished with value: 0.10089309172136504 and parameters: {'n_layers': 1, 'embedding_dim': 256, 'lr': 0.0015266455978391463, 'lambda_val': 3.814171836147029e-06, 'batch_size': 1317, 'optimizer': 'Adam'}. Best is trial 243 with value: 0.10917472634437861.
2026-05-19 21:20:55,573 - optuna.study._optimize - INFO - Trial 289 pruned. 
2026-05-19 21:21:02,909 - optuna.study._optimize - INFO - Trial 290 pruned. 
2026-05-19 21:21:08,708 - experiment_functions - INFO - Early stopping at epoch 850. Best Recall: 0.0681
2026-05-19 21:21:08,809 - optuna.study.study - INFO - Trial 291 finished with value: 0.06811334969386473 and parameters: {'n_layers': 1, 'embedding_dim': 96, 'lr': 0.0015204969636903429, 'lambda_val': 1.2971980425975159e-05, 'batch_size': 3110, 'optimizer': 'Adam'}. Best is trial 243 with value: 0.10917472634437861.
2026-05-19 21:21:15,938 - optuna.study._optimize - INFO - Trial 292 pruned. 
2026-05-19 21:21:22,855 - optuna.study._optimize - INFO - Trial 293 pruned. 
2026-05-19 21:21:28,661 - experiment_functions - INFO - Early stopping at epoch 950. Best Recall: 0.0581
2026-05-19 21:21:28,775 - optuna.study.study - INFO - Trial 294 finished with value: 0.058067712448700126 and parameters: {'n_layers': 1, 'embedding_dim': 32, 'lr': 0.0010706800912597264, 'lambda_val': 2.770885581310315e-06, 'batch_size': 2958, 'optimizer': 'Adam'}. Best is trial 243 with value: 0.10917472634437861.
2026-05-19 21:21:35,984 - optuna.study._optimize - INFO - Trial 295 pruned. 
2026-05-19 21:21:45,742 - experiment_functions - INFO - Early stopping at epoch 950. Best Recall: 0.0804
2026-05-19 21:21:45,833 - optuna.study.study - INFO - Trial 296 finished with value: 0.08040724624764695 and parameters: {'n_layers': 1, 'embedding_dim': 256, 'lr': 0.002438589412081454, 'lambda_val': 2.057859329108596e-05, 'batch_size': 2145, 'optimizer': 'Adam'}. Best is trial 243 with value: 0.10917472634437861.
2026-05-19 21:21:52,727 - optuna.study._optimize - INFO - Trial 297 pruned. 
2026-05-19 21:21:59,877 - optuna.study._optimize - INFO - Trial 298 pruned. 
2026-05-19 21:22:10,278 - experiment_functions - INFO - Early stopping at epoch 1500. Best Recall: 0.0974
2026-05-19 21:22:10,414 - optuna.study.study - INFO - Trial 299 finished with value: 0.09740673056842468 and parameters: {'n_layers': 1, 'embedding_dim': 256, 'lr': 0.001035716164361161, 'lambda_val': 3.6625340505076524e-06, 'batch_size': 3460, 'optimizer': 'Adam'}. Best is trial 243 with value: 0.10917472634437861.
2026-05-19 21:22:10,416 - experiment_functions - INFO - Training the best model ... for e_100K_1c3dcs
2026-05-19 21:22:20,306 - experiment_functions - INFO - Early stopping at epoch 2650. Best Recall: 0.0971
2026-05-19 21:22:20,418 - root - INFO -   **** Training e_100K_1c3dcs_rand1
2026-05-19 21:22:20,433 - root - INFO -   **** Getting 70319/81200 random edges
2026-05-19 21:22:20,446 - experiment_functions - INFO - Training the best model ... for e_100K_1c3dcs_rand1
2026-05-19 21:22:24,851 - experiment_functions - INFO - Early stopping at epoch 1200. Best Recall: 0.1137
2026-05-19 21:22:24,962 - root - INFO -   **** Training e_100K_1c3dcs_rand2
2026-05-19 21:22:24,976 - root - INFO -   **** Getting 70319/81200 random edges
2026-05-19 21:22:24,989 - experiment_functions - INFO - Training the best model ... for e_100K_1c3dcs_rand2
2026-05-19 21:22:29,210 - experiment_functions - INFO - Early stopping at epoch 1150. Best Recall: 0.1129
2026-05-19 21:22:29,322 - root - INFO -   **** Training e_100K_1c3dcs_rand3
2026-05-19 21:22:29,335 - root - INFO -   **** Getting 70319/81200 random edges
2026-05-19 21:22:29,349 - experiment_functions - INFO - Training the best model ... for e_100K_1c3dcs_rand3
2026-05-19 21:22:33,760 - experiment_functions - INFO - Early stopping at epoch 1200. Best Recall: 0.1265
2026-05-19 21:22:33,872 - root - INFO -   **** Training e_100K_1c3dcs_rand4
2026-05-19 21:22:33,885 - root - INFO -   **** Getting 70319/81200 random edges
2026-05-19 21:22:33,898 - experiment_functions - INFO - Training the best model ... for e_100K_1c3dcs_rand4
2026-05-19 21:22:37,936 - experiment_functions - INFO - Early stopping at epoch 1100. Best Recall: 0.1151
2026-05-19 21:22:38,049 - root - INFO -   **** Training e_100K_1c3dcs_rand5
2026-05-19 21:22:38,062 - root - INFO -   **** Getting 70319/81200 random edges
2026-05-19 21:22:38,076 - experiment_functions - INFO - Training the best model ... for e_100K_1c3dcs_rand5
2026-05-19 21:22:42,113 - experiment_functions - INFO - Early stopping at epoch 1100. Best Recall: 0.1097
