2026-05-15 03:31:28,247 - root - INFO - **** Training e_100K_full
2026-05-15 03:31:28,271 - helper_functions - INFO - Users: 610, Items: 9742
2026-05-15 03:31:28,403 - helper_functions - INFO - Edge index: torch.Size([2, 81763])
2026-05-15 03:31:28,403 - root - INFO - **** Generating the graph:
2026-05-15 03:31:28,471 - helper_functions - INFO - Number of unique users: 609
2026-05-15 03:31:28,472 - helper_functions - INFO - Number of unique items: 8452
2026-05-15 03:31:28,472 - helper_functions - INFO - Number of nodes: 9061
2026-05-15 03:31:28,473 - helper_functions - INFO - Number of edges: 81763
2026-05-15 03:31:30,971 - optuna.storages._rdb.storage - INFO - A new study created in RDB with name: Study_e_100K_full
2026-05-15 03:32:06,380 - optuna.study.study - INFO - Trial 0 finished with value: 0.018886449961176697 and parameters: {'n_layers': 3, 'embedding_dim': 64, 'lr': 0.001063222443437715, 'lambda_val': 3.110566352396817e-05, 'batch_size': 3576, 'optimizer': 'RMSprop'}. Best is trial 0 with value: 0.018886449961176697.
2026-05-15 03:32:40,161 - optuna.study.study - INFO - Trial 1 finished with value: 0.028488419778737218 and parameters: {'n_layers': 2, 'embedding_dim': 128, 'lr': 0.0026938753944455705, 'lambda_val': 0.00822795468883455, 'batch_size': 1655, 'optimizer': 'Adam'}. Best is trial 1 with value: 0.028488419778737218.
2026-05-15 03:33:22,638 - optuna.study.study - INFO - Trial 2 finished with value: 0.015734674003765436 and parameters: {'n_layers': 3, 'embedding_dim': 64, 'lr': 1.6555678820254026e-05, 'lambda_val': 5.4074576689841095e-05, 'batch_size': 659, 'optimizer': 'Adam'}. Best is trial 1 with value: 0.028488419778737218.
2026-05-15 03:34:00,947 - optuna.study.study - INFO - Trial 3 finished with value: 0.0014843015341929504 and parameters: {'n_layers': 3, 'embedding_dim': 128, 'lr': 0.05140182443791963, 'lambda_val': 0.07167173347962412, 'batch_size': 1221, 'optimizer': 'SGD'}. Best is trial 1 with value: 0.028488419778737218.
2026-05-15 03:34:27,411 - optuna.study.study - INFO - Trial 4 finished with value: 0.0010902506129310816 and parameters: {'n_layers': 1, 'embedding_dim': 32, 'lr': 0.00016433378868331163, 'lambda_val': 0.015544553376731003, 'batch_size': 2495, 'optimizer': 'SGD'}. Best is trial 1 with value: 0.028488419778737218.
2026-05-15 03:35:00,623 - optuna.study.study - INFO - Trial 5 finished with value: 0.015391752390497842 and parameters: {'n_layers': 3, 'embedding_dim': 32, 'lr': 0.010873425964050767, 'lambda_val': 4.28325887355215e-06, 'batch_size': 2938, 'optimizer': 'Adam'}. Best is trial 1 with value: 0.028488419778737218.
2026-05-15 03:35:04,064 - optuna.study._optimize - INFO - Trial 6 pruned. 
2026-05-15 03:35:09,329 - optuna.study._optimize - INFO - Trial 7 pruned. 
2026-05-15 03:35:53,258 - optuna.study.study - INFO - Trial 8 finished with value: 0.009415274790651618 and parameters: {'n_layers': 2, 'embedding_dim': 96, 'lr': 0.0002734107174396403, 'lambda_val': 0.04639315585182183, 'batch_size': 3688, 'optimizer': 'RMSprop'}. Best is trial 1 with value: 0.028488419778737218.
2026-05-15 03:36:35,896 - optuna.study.study - INFO - Trial 9 finished with value: 0.033351970320483704 and parameters: {'n_layers': 4, 'embedding_dim': 96, 'lr': 0.038871950270611265, 'lambda_val': 0.0003465580719424528, 'batch_size': 2324, 'optimizer': 'Adam'}. Best is trial 9 with value: 0.033351970320483704.
2026-05-15 03:37:36,943 - optuna.study.study - INFO - Trial 10 finished with value: 0.020597873065659012 and parameters: {'n_layers': 4, 'embedding_dim': 256, 'lr': 0.07221601205311659, 'lambda_val': 0.001085572920983762, 'batch_size': 1888, 'optimizer': 'Adam'}. Best is trial 9 with value: 0.033351970320483704.
2026-05-15 03:38:08,283 - optuna.study.study - INFO - Trial 11 finished with value: 0.04316358470088882 and parameters: {'n_layers': 2, 'embedding_dim': 96, 'lr': 0.014687019114474308, 'lambda_val': 0.002303801657639055, 'batch_size': 1853, 'optimizer': 'Adam'}. Best is trial 11 with value: 0.04316358470088882.
2026-05-15 03:38:37,700 - optuna.study.study - INFO - Trial 12 finished with value: 0.04667176207616858 and parameters: {'n_layers': 2, 'embedding_dim': 96, 'lr': 0.021382970373128925, 'lambda_val': 0.001170217195955813, 'batch_size': 2430, 'optimizer': 'Adam'}. Best is trial 12 with value: 0.04667176207616858.
2026-05-15 03:39:07,519 - optuna.study.study - INFO - Trial 13 finished with value: 0.033431801436243455 and parameters: {'n_layers': 2, 'embedding_dim': 96, 'lr': 0.012788456008554744, 'lambda_val': 0.004310886564256234, 'batch_size': 2884, 'optimizer': 'Adam'}. Best is trial 12 with value: 0.04667176207616858.
2026-05-15 03:39:33,778 - optuna.study.study - INFO - Trial 14 finished with value: 0.07843567354898687 and parameters: {'n_layers': 1, 'embedding_dim': 96, 'lr': 0.02539644820479049, 'lambda_val': 0.0013419292951122512, 'batch_size': 1812, 'optimizer': 'Adam'}. Best is trial 14 with value: 0.07843567354898687.
2026-05-15 03:39:37,354 - optuna.study._optimize - INFO - Trial 15 pruned. 
2026-05-15 03:40:11,728 - optuna.study.study - INFO - Trial 16 finished with value: 0.06440275965398048 and parameters: {'n_layers': 1, 'embedding_dim': 256, 'lr': 0.0037030789667506056, 'lambda_val': 0.00010584073866379355, 'batch_size': 2027, 'optimizer': 'Adam'}. Best is trial 14 with value: 0.07843567354898687.
2026-05-15 03:40:45,813 - optuna.study.study - INFO - Trial 17 finished with value: 0.053184919007919274 and parameters: {'n_layers': 1, 'embedding_dim': 256, 'lr': 0.00348278793020982, 'lambda_val': 1.0719073208367527e-06, 'batch_size': 1452, 'optimizer': 'Adam'}. Best is trial 14 with value: 0.07843567354898687.
2026-05-15 03:41:18,639 - optuna.study.study - INFO - Trial 18 finished with value: 0.06018248445404973 and parameters: {'n_layers': 1, 'embedding_dim': 256, 'lr': 0.0006535919013044153, 'lambda_val': 9.286518197514066e-05, 'batch_size': 2110, 'optimizer': 'Adam'}. Best is trial 14 with value: 0.07843567354898687.
2026-05-15 03:41:22,735 - optuna.study._optimize - INFO - Trial 19 pruned. 
2026-05-15 03:41:57,237 - optuna.study.study - INFO - Trial 20 finished with value: 0.07273535874073157 and parameters: {'n_layers': 1, 'embedding_dim': 256, 'lr': 0.005073647071127899, 'lambda_val': 0.0002087361638369453, 'batch_size': 1346, 'optimizer': 'Adam'}. Best is trial 14 with value: 0.07843567354898687.
2026-05-15 03:42:30,725 - optuna.study.study - INFO - Trial 21 finished with value: 0.06443782712011344 and parameters: {'n_layers': 1, 'embedding_dim': 256, 'lr': 0.006958753068808745, 'lambda_val': 0.00010901152707006057, 'batch_size': 1275, 'optimizer': 'Adam'}. Best is trial 14 with value: 0.07843567354898687.
2026-05-15 03:42:36,233 - optuna.study._optimize - INFO - Trial 22 pruned. 
2026-05-15 03:43:18,795 - optuna.study.study - INFO - Trial 23 finished with value: 0.035066469754353416 and parameters: {'n_layers': 2, 'embedding_dim': 256, 'lr': 0.001419601957545796, 'lambda_val': 0.00023331979835382799, 'batch_size': 1433, 'optimizer': 'Adam'}. Best is trial 14 with value: 0.07843567354898687.
2026-05-15 03:43:53,174 - optuna.study.study - INFO - Trial 24 finished with value: 0.09042587070425814 and parameters: {'n_layers': 1, 'embedding_dim': 256, 'lr': 0.0063238370498018125, 'lambda_val': 0.0013054477304789232, 'batch_size': 1563, 'optimizer': 'Adam'}. Best is trial 24 with value: 0.09042587070425814.
2026-05-15 03:44:29,521 - optuna.study.study - INFO - Trial 25 finished with value: 0.07459014630666516 and parameters: {'n_layers': 1, 'embedding_dim': 64, 'lr': 0.005706758880770508, 'lambda_val': 0.002015450351013243, 'batch_size': 1678, 'optimizer': 'Adam'}. Best is trial 24 with value: 0.09042587070425814.
2026-05-15 03:44:36,171 - optuna.study._optimize - INFO - Trial 26 pruned. 
2026-05-15 03:45:02,502 - optuna.study.study - INFO - Trial 27 finished with value: 0.04241837395251374 and parameters: {'n_layers': 1, 'embedding_dim': 64, 'lr': 0.00047788963339734657, 'lambda_val': 0.020889422076793836, 'batch_size': 1662, 'optimizer': 'Adam'}. Best is trial 24 with value: 0.09042587070425814.
2026-05-15 03:45:06,157 - optuna.study._optimize - INFO - Trial 28 pruned. 
2026-05-15 03:45:33,212 - optuna.study.study - INFO - Trial 29 finished with value: 0.06638786848452298 and parameters: {'n_layers': 1, 'embedding_dim': 64, 'lr': 0.007926392363744376, 'lambda_val': 0.008157374001180311, 'batch_size': 839, 'optimizer': 'RMSprop'}. Best is trial 24 with value: 0.09042587070425814.
2026-05-15 03:45:37,435 - optuna.study._optimize - INFO - Trial 30 pruned. 
2026-05-15 03:46:10,511 - optuna.study.study - INFO - Trial 31 finished with value: 0.07499950587285803 and parameters: {'n_layers': 1, 'embedding_dim': 256, 'lr': 0.004653897682631148, 'lambda_val': 0.0005498346288420034, 'batch_size': 1444, 'optimizer': 'Adam'}. Best is trial 24 with value: 0.09042587070425814.
2026-05-15 03:46:35,464 - optuna.study.study - INFO - Trial 32 finished with value: 0.060078012747031395 and parameters: {'n_layers': 1, 'embedding_dim': 128, 'lr': 0.0016734999927148152, 'lambda_val': 0.004732455857387431, 'batch_size': 1629, 'optimizer': 'Adam'}. Best is trial 24 with value: 0.09042587070425814.
2026-05-15 03:46:58,200 - optuna.study.study - INFO - Trial 33 finished with value: 0.05916172170917949 and parameters: {'n_layers': 1, 'embedding_dim': 64, 'lr': 0.0050735969572445055, 'lambda_val': 0.000648129628907156, 'batch_size': 2194, 'optimizer': 'Adam'}. Best is trial 24 with value: 0.09042587070425814.
2026-05-15 03:47:03,001 - optuna.study._optimize - INFO - Trial 34 pruned. 
2026-05-15 03:47:06,157 - optuna.study._optimize - INFO - Trial 35 pruned. 
2026-05-15 03:47:09,492 - optuna.study._optimize - INFO - Trial 36 pruned. 
2026-05-15 03:47:13,226 - optuna.study._optimize - INFO - Trial 37 pruned. 
2026-05-15 03:47:16,120 - optuna.study._optimize - INFO - Trial 38 pruned. 
2026-05-15 03:47:19,844 - optuna.study._optimize - INFO - Trial 39 pruned. 
2026-05-15 03:47:24,135 - optuna.study._optimize - INFO - Trial 40 pruned. 
2026-05-15 03:47:55,687 - optuna.study.study - INFO - Trial 41 finished with value: 0.0673458053916145 and parameters: {'n_layers': 1, 'embedding_dim': 256, 'lr': 0.006733861547634994, 'lambda_val': 0.00028540022255364554, 'batch_size': 1142, 'optimizer': 'Adam'}. Best is trial 24 with value: 0.09042587070425814.
2026-05-15 03:48:30,026 - optuna.study.study - INFO - Trial 42 finished with value: 0.07920804942272462 and parameters: {'n_layers': 1, 'embedding_dim': 256, 'lr': 0.002395234184696886, 'lambda_val': 0.00198445433045713, 'batch_size': 1415, 'optimizer': 'Adam'}. Best is trial 24 with value: 0.09042587070425814.
2026-05-15 03:49:03,991 - optuna.study.study - INFO - Trial 43 finished with value: 0.07624925594393565 and parameters: {'n_layers': 1, 'embedding_dim': 256, 'lr': 0.0020594532720113554, 'lambda_val': 0.0018081615159785476, 'batch_size': 1804, 'optimizer': 'Adam'}. Best is trial 24 with value: 0.09042587070425814.
2026-05-15 03:49:38,735 - optuna.study.study - INFO - Trial 44 finished with value: 0.07413277107744869 and parameters: {'n_layers': 1, 'embedding_dim': 256, 'lr': 0.0018756444961309058, 'lambda_val': 0.0038089608147795335, 'batch_size': 1875, 'optimizer': 'Adam'}. Best is trial 24 with value: 0.09042587070425814.
2026-05-15 03:50:13,435 - optuna.study.study - INFO - Trial 45 finished with value: 0.06901648141629807 and parameters: {'n_layers': 1, 'embedding_dim': 256, 'lr': 0.0009254609561924657, 'lambda_val': 0.0008437659737763065, 'batch_size': 2258, 'optimizer': 'Adam'}. Best is trial 24 with value: 0.09042587070425814.
2026-05-15 03:50:19,603 - optuna.study._optimize - INFO - Trial 46 pruned. 
2026-05-15 03:50:23,138 - optuna.study._optimize - INFO - Trial 47 pruned. 
2026-05-15 03:50:55,053 - optuna.study.study - INFO - Trial 48 finished with value: 0.06653286590540973 and parameters: {'n_layers': 1, 'embedding_dim': 256, 'lr': 0.0002857761891191457, 'lambda_val': 0.005156819412674447, 'batch_size': 854, 'optimizer': 'Adam'}. Best is trial 24 with value: 0.09042587070425814.
2026-05-15 03:50:59,139 - optuna.study._optimize - INFO - Trial 49 pruned. 
2026-05-15 03:51:04,045 - optuna.study._optimize - INFO - Trial 50 pruned. 
2026-05-15 03:51:48,095 - optuna.study.study - INFO - Trial 51 finished with value: 0.08309736843010164 and parameters: {'n_layers': 1, 'embedding_dim': 256, 'lr': 0.0029353872857309803, 'lambda_val': 0.0021771502839461293, 'batch_size': 1682, 'optimizer': 'Adam'}. Best is trial 24 with value: 0.09042587070425814.
2026-05-15 03:52:22,405 - optuna.study.study - INFO - Trial 52 finished with value: 0.06360979028764653 and parameters: {'n_layers': 1, 'embedding_dim': 256, 'lr': 0.0010256768299368151, 'lambda_val': 0.0018381227969378286, 'batch_size': 1354, 'optimizer': 'Adam'}. Best is trial 24 with value: 0.09042587070425814.
2026-05-15 03:52:58,231 - optuna.study.study - INFO - Trial 53 finished with value: 0.07351958026470759 and parameters: {'n_layers': 1, 'embedding_dim': 256, 'lr': 0.003693563361847663, 'lambda_val': 0.0005196741128007296, 'batch_size': 2093, 'optimizer': 'Adam'}. Best is trial 24 with value: 0.09042587070425814.
2026-05-15 03:53:34,144 - optuna.study.study - INFO - Trial 54 finished with value: 0.07038739600730377 and parameters: {'n_layers': 1, 'embedding_dim': 256, 'lr': 0.0025578364504618986, 'lambda_val': 0.0057632363136047825, 'batch_size': 1755, 'optimizer': 'Adam'}. Best is trial 24 with value: 0.09042587070425814.
2026-05-15 03:54:13,609 - optuna.study.study - INFO - Trial 55 finished with value: 0.07833413888655852 and parameters: {'n_layers': 1, 'embedding_dim': 256, 'lr': 0.008972018273608166, 'lambda_val': 0.003051915289751343, 'batch_size': 1178, 'optimizer': 'Adam'}. Best is trial 24 with value: 0.09042587070425814.
2026-05-15 03:54:18,060 - optuna.study._optimize - INFO - Trial 56 pruned. 
2026-05-15 03:54:22,151 - optuna.study._optimize - INFO - Trial 57 pruned. 
2026-05-15 03:54:26,571 - optuna.study._optimize - INFO - Trial 58 pruned. 
2026-05-15 03:54:31,581 - optuna.study._optimize - INFO - Trial 59 pruned. 
2026-05-15 03:54:36,264 - optuna.study._optimize - INFO - Trial 60 pruned. 
2026-05-15 03:55:10,460 - optuna.study.study - INFO - Trial 61 finished with value: 0.06014792887117463 and parameters: {'n_layers': 1, 'embedding_dim': 256, 'lr': 0.0034927407166651606, 'lambda_val': 0.00013147331829664418, 'batch_size': 1424, 'optimizer': 'Adam'}. Best is trial 24 with value: 0.09042587070425814.
2026-05-15 03:55:16,430 - optuna.study._optimize - INFO - Trial 62 pruned. 
2026-05-15 03:55:20,428 - optuna.study._optimize - INFO - Trial 63 pruned. 
2026-05-15 03:55:56,383 - optuna.study.study - INFO - Trial 64 finished with value: 0.07792013763682426 and parameters: {'n_layers': 1, 'embedding_dim': 256, 'lr': 0.004393461202352581, 'lambda_val': 0.0008969151916205984, 'batch_size': 1752, 'optimizer': 'Adam'}. Best is trial 24 with value: 0.09042587070425814.
2026-05-15 03:56:35,034 - optuna.study.study - INFO - Trial 65 finished with value: 0.08693890453666657 and parameters: {'n_layers': 1, 'embedding_dim': 256, 'lr': 0.006264041943775466, 'lambda_val': 0.0008367500548143908, 'batch_size': 2144, 'optimizer': 'Adam'}. Best is trial 24 with value: 0.09042587070425814.
2026-05-15 03:56:46,179 - optuna.study._optimize - INFO - Trial 66 pruned. 
2026-05-15 03:57:24,512 - optuna.study.study - INFO - Trial 67 finished with value: 0.09359820031111127 and parameters: {'n_layers': 1, 'embedding_dim': 256, 'lr': 0.00570992882643075, 'lambda_val': 0.001244274070479235, 'batch_size': 2096, 'optimizer': 'Adam'}. Best is trial 67 with value: 0.09359820031111127.
2026-05-15 03:57:28,699 - optuna.study._optimize - INFO - Trial 68 pruned. 
2026-05-15 03:57:32,575 - optuna.study._optimize - INFO - Trial 69 pruned. 
2026-05-15 03:57:41,748 - optuna.study._optimize - INFO - Trial 70 pruned. 
2026-05-15 03:58:19,548 - optuna.study.study - INFO - Trial 71 finished with value: 0.08558808953184657 and parameters: {'n_layers': 1, 'embedding_dim': 256, 'lr': 0.004353378552916469, 'lambda_val': 0.0014097010557961919, 'batch_size': 1658, 'optimizer': 'Adam'}. Best is trial 67 with value: 0.09359820031111127.
2026-05-15 03:58:56,736 - optuna.study.study - INFO - Trial 72 finished with value: 0.09402790817430869 and parameters: {'n_layers': 1, 'embedding_dim': 256, 'lr': 0.012827523841046082, 'lambda_val': 0.0013781320492717245, 'batch_size': 3136, 'optimizer': 'Adam'}. Best is trial 72 with value: 0.09402790817430869.
2026-05-15 03:59:35,688 - optuna.study.study - INFO - Trial 73 finished with value: 0.08914567724675519 and parameters: {'n_layers': 1, 'embedding_dim': 256, 'lr': 0.0203994042341365, 'lambda_val': 0.0012524161760936467, 'batch_size': 2963, 'optimizer': 'Adam'}. Best is trial 72 with value: 0.09402790817430869.
2026-05-15 04:00:11,435 - optuna.study.study - INFO - Trial 74 finished with value: 0.08002536612044918 and parameters: {'n_layers': 1, 'embedding_dim': 256, 'lr': 0.012833547374956915, 'lambda_val': 0.0001560276292406822, 'batch_size': 3453, 'optimizer': 'Adam'}. Best is trial 72 with value: 0.09402790817430869.
2026-05-15 04:00:26,969 - optuna.study._optimize - INFO - Trial 75 pruned. 
2026-05-15 04:00:31,369 - optuna.study._optimize - INFO - Trial 76 pruned. 
2026-05-15 04:00:39,674 - optuna.study._optimize - INFO - Trial 77 pruned. 
2026-05-15 04:00:49,381 - optuna.study._optimize - INFO - Trial 78 pruned. 
2026-05-15 04:00:56,582 - optuna.study._optimize - INFO - Trial 79 pruned. 
2026-05-15 04:01:01,165 - optuna.study._optimize - INFO - Trial 80 pruned. 
2026-05-15 04:01:45,840 - optuna.study.study - INFO - Trial 81 finished with value: 0.08730934768431065 and parameters: {'n_layers': 1, 'embedding_dim': 256, 'lr': 0.003931977534164029, 'lambda_val': 0.001293126185364291, 'batch_size': 2860, 'optimizer': 'Adam'}. Best is trial 72 with value: 0.09402790817430869.
2026-05-15 04:02:30,919 - optuna.study.study - INFO - Trial 82 finished with value: 0.08402915880226887 and parameters: {'n_layers': 1, 'embedding_dim': 256, 'lr': 0.004104786224148428, 'lambda_val': 0.0013667250537261195, 'batch_size': 2781, 'optimizer': 'Adam'}. Best is trial 72 with value: 0.09402790817430869.
2026-05-15 04:03:09,769 - optuna.study.study - INFO - Trial 83 finished with value: 0.08491560519434434 and parameters: {'n_layers': 1, 'embedding_dim': 256, 'lr': 0.003247824018709822, 'lambda_val': 0.00132731054618093, 'batch_size': 2897, 'optimizer': 'Adam'}. Best is trial 72 with value: 0.09402790817430869.
2026-05-15 04:03:47,822 - optuna.study.study - INFO - Trial 84 finished with value: 0.08783405079174855 and parameters: {'n_layers': 1, 'embedding_dim': 256, 'lr': 0.004105904988253733, 'lambda_val': 0.0011795952891047476, 'batch_size': 2779, 'optimizer': 'Adam'}. Best is trial 72 with value: 0.09402790817430869.
2026-05-15 04:03:51,987 - optuna.study._optimize - INFO - Trial 85 pruned. 
2026-05-15 04:04:32,679 - optuna.study.study - INFO - Trial 86 finished with value: 0.08010087685716759 and parameters: {'n_layers': 1, 'embedding_dim': 256, 'lr': 0.003120823875210829, 'lambda_val': 0.000695870770921587, 'batch_size': 3082, 'optimizer': 'Adam'}. Best is trial 72 with value: 0.09402790817430869.
2026-05-15 04:05:09,634 - optuna.study.study - INFO - Trial 87 finished with value: 0.08837963205150857 and parameters: {'n_layers': 1, 'embedding_dim': 256, 'lr': 0.007764377956337987, 'lambda_val': 0.0014580191354871131, 'batch_size': 2803, 'optimizer': 'Adam'}. Best is trial 72 with value: 0.09402790817430869.
2026-05-15 04:05:47,033 - optuna.study.study - INFO - Trial 88 finished with value: 0.07425215110783212 and parameters: {'n_layers': 1, 'embedding_dim': 256, 'lr': 0.010411808261354617, 'lambda_val': 0.003926719826313587, 'batch_size': 2740, 'optimizer': 'Adam'}. Best is trial 72 with value: 0.09402790817430869.
2026-05-15 04:06:25,225 - optuna.study.study - INFO - Trial 89 finished with value: 0.08950835700837365 and parameters: {'n_layers': 1, 'embedding_dim': 256, 'lr': 0.0071782875967707875, 'lambda_val': 0.0004167090470055552, 'batch_size': 2512, 'optimizer': 'Adam'}. Best is trial 72 with value: 0.09402790817430869.
2026-05-15 04:07:05,002 - optuna.study.study - INFO - Trial 90 finished with value: 0.09222469693571535 and parameters: {'n_layers': 1, 'embedding_dim': 256, 'lr': 0.007688526039267997, 'lambda_val': 0.0004842499975243946, 'batch_size': 2541, 'optimizer': 'RMSprop'}. Best is trial 72 with value: 0.09402790817430869.
2026-05-15 04:07:42,827 - optuna.study.study - INFO - Trial 91 finished with value: 0.08842378227723473 and parameters: {'n_layers': 1, 'embedding_dim': 256, 'lr': 0.007181848608945622, 'lambda_val': 0.000292710367936054, 'batch_size': 2568, 'optimizer': 'RMSprop'}. Best is trial 72 with value: 0.09402790817430869.
2026-05-15 04:07:47,219 - optuna.study._optimize - INFO - Trial 92 pruned. 
2026-05-15 04:07:50,632 - optuna.study._optimize - INFO - Trial 93 pruned. 
2026-05-15 04:08:28,306 - optuna.study.study - INFO - Trial 94 finished with value: 0.08736070829159023 and parameters: {'n_layers': 1, 'embedding_dim': 256, 'lr': 0.005244740743841478, 'lambda_val': 0.0005461991753988989, 'batch_size': 2523, 'optimizer': 'RMSprop'}. Best is trial 72 with value: 0.09402790817430869.
2026-05-15 04:09:08,944 - optuna.study.study - INFO - Trial 95 finished with value: 0.07790400617168294 and parameters: {'n_layers': 1, 'embedding_dim': 256, 'lr': 0.007548174034917323, 'lambda_val': 0.00023555495167906334, 'batch_size': 2514, 'optimizer': 'RMSprop'}. Best is trial 72 with value: 0.09402790817430869.
2026-05-15 04:09:48,345 - optuna.study.study - INFO - Trial 96 finished with value: 0.08651624080014707 and parameters: {'n_layers': 1, 'embedding_dim': 256, 'lr': 0.005184167029194967, 'lambda_val': 0.00041132091439693476, 'batch_size': 2425, 'optimizer': 'RMSprop'}. Best is trial 72 with value: 0.09402790817430869.
2026-05-15 04:09:52,883 - optuna.study._optimize - INFO - Trial 97 pruned. 
2026-05-15 04:10:05,807 - optuna.study._optimize - INFO - Trial 98 pruned. 
2026-05-15 04:10:14,620 - optuna.study._optimize - INFO - Trial 99 pruned. 
2026-05-15 04:10:40,158 - optuna.study._optimize - INFO - Trial 100 pruned. 
2026-05-15 04:12:14,439 - optuna.study.study - INFO - Trial 101 finished with value: 0.09293036166173069 and parameters: {'n_layers': 1, 'embedding_dim': 256, 'lr': 0.006084763974404179, 'lambda_val': 0.0009942165959405656, 'batch_size': 2869, 'optimizer': 'RMSprop'}. Best is trial 72 with value: 0.09402790817430869.
2026-05-15 04:12:55,461 - optuna.study.study - INFO - Trial 102 finished with value: 0.09477490890899676 and parameters: {'n_layers': 1, 'embedding_dim': 256, 'lr': 0.00885181538324648, 'lambda_val': 0.0005499699154934166, 'batch_size': 3211, 'optimizer': 'RMSprop'}. Best is trial 102 with value: 0.09477490890899676.
2026-05-15 04:13:03,080 - optuna.study._optimize - INFO - Trial 103 pruned. 
2026-05-15 04:13:39,961 - optuna.study.study - INFO - Trial 104 finished with value: 0.08838222035889445 and parameters: {'n_layers': 1, 'embedding_dim': 256, 'lr': 0.006761497141783553, 'lambda_val': 0.0017581007395626358, 'batch_size': 3257, 'optimizer': 'RMSprop'}. Best is trial 102 with value: 0.09477490890899676.
2026-05-15 04:14:10,770 - optuna.study.study - INFO - Trial 105 finished with value: 0.0850365684433391 and parameters: {'n_layers': 1, 'embedding_dim': 64, 'lr': 0.014777795428194821, 'lambda_val': 0.0017684658012433595, 'batch_size': 3204, 'optimizer': 'RMSprop'}. Best is trial 102 with value: 0.09477490890899676.
2026-05-15 04:14:15,168 - optuna.study._optimize - INFO - Trial 106 pruned. 
2026-05-15 04:14:19,950 - optuna.study._optimize - INFO - Trial 107 pruned. 
2026-05-15 04:15:02,973 - optuna.study.study - INFO - Trial 108 finished with value: 0.08404697675947093 and parameters: {'n_layers': 1, 'embedding_dim': 256, 'lr': 0.006971649589121334, 'lambda_val': 0.0002613738543121771, 'batch_size': 3224, 'optimizer': 'RMSprop'}. Best is trial 102 with value: 0.09477490890899676.
2026-05-15 04:15:43,549 - optuna.study.study - INFO - Trial 109 finished with value: 0.08957774366936976 and parameters: {'n_layers': 1, 'embedding_dim': 256, 'lr': 0.011121061176947231, 'lambda_val': 0.002437959292165541, 'batch_size': 2966, 'optimizer': 'RMSprop'}. Best is trial 102 with value: 0.09477490890899676.
2026-05-15 04:16:17,746 - optuna.study.study - INFO - Trial 110 finished with value: 0.08717507012068193 and parameters: {'n_layers': 1, 'embedding_dim': 128, 'lr': 0.011875037460224409, 'lambda_val': 0.002648615763009257, 'batch_size': 3365, 'optimizer': 'RMSprop'}. Best is trial 102 with value: 0.09477490890899676.
2026-05-15 04:16:55,316 - optuna.study.study - INFO - Trial 111 finished with value: 0.09363728859096652 and parameters: {'n_layers': 1, 'embedding_dim': 256, 'lr': 0.009769348372803483, 'lambda_val': 0.001553251317088582, 'batch_size': 2979, 'optimizer': 'RMSprop'}. Best is trial 102 with value: 0.09477490890899676.
2026-05-15 04:17:33,897 - optuna.study.study - INFO - Trial 112 finished with value: 0.09003546042897942 and parameters: {'n_layers': 1, 'embedding_dim': 256, 'lr': 0.009701645642365432, 'lambda_val': 0.0018496527074712394, 'batch_size': 2970, 'optimizer': 'RMSprop'}. Best is trial 102 with value: 0.09477490890899676.
2026-05-15 04:17:38,301 - optuna.study._optimize - INFO - Trial 113 pruned. 
2026-05-15 04:18:17,285 - optuna.study.study - INFO - Trial 114 finished with value: 0.088057125495644 and parameters: {'n_layers': 1, 'embedding_dim': 256, 'lr': 0.01628522418581198, 'lambda_val': 0.002173430618739504, 'batch_size': 2870, 'optimizer': 'RMSprop'}. Best is trial 102 with value: 0.09477490890899676.
2026-05-15 04:18:56,209 - optuna.study.study - INFO - Trial 115 finished with value: 0.09441660436766781 and parameters: {'n_layers': 1, 'embedding_dim': 256, 'lr': 0.010652524091022377, 'lambda_val': 0.0010091783971044276, 'batch_size': 3130, 'optimizer': 'RMSprop'}. Best is trial 102 with value: 0.09477490890899676.
2026-05-15 04:19:00,462 - optuna.study._optimize - INFO - Trial 116 pruned. 
2026-05-15 04:19:04,810 - optuna.study._optimize - INFO - Trial 117 pruned. 
2026-05-15 04:19:41,473 - optuna.study.study - INFO - Trial 118 finished with value: 0.08235659108891974 and parameters: {'n_layers': 1, 'embedding_dim': 256, 'lr': 0.014222676777234355, 'lambda_val': 0.0030161838481198274, 'batch_size': 3190, 'optimizer': 'RMSprop'}. Best is trial 102 with value: 0.09477490890899676.
2026-05-15 04:19:45,503 - optuna.study._optimize - INFO - Trial 119 pruned. 
2026-05-15 04:19:50,544 - optuna.study._optimize - INFO - Trial 120 pruned. 
2026-05-15 04:20:29,106 - optuna.study.study - INFO - Trial 121 finished with value: 0.0940618176664224 and parameters: {'n_layers': 1, 'embedding_dim': 256, 'lr': 0.01094595131882439, 'lambda_val': 0.0016965338164870389, 'batch_size': 2720, 'optimizer': 'RMSprop'}. Best is trial 102 with value: 0.09477490890899676.
2026-05-15 04:21:08,417 - optuna.study.study - INFO - Trial 122 finished with value: 0.09335925957084236 and parameters: {'n_layers': 1, 'embedding_dim': 256, 'lr': 0.011350716676077365, 'lambda_val': 0.0017103183404079386, 'batch_size': 2706, 'optimizer': 'RMSprop'}. Best is trial 102 with value: 0.09477490890899676.
2026-05-15 04:21:45,945 - optuna.study.study - INFO - Trial 123 finished with value: 0.08672708675551007 and parameters: {'n_layers': 1, 'embedding_dim': 256, 'lr': 0.011129345931970685, 'lambda_val': 0.0024266138364454383, 'batch_size': 2688, 'optimizer': 'RMSprop'}. Best is trial 102 with value: 0.09477490890899676.
2026-05-15 04:22:23,129 - optuna.study.study - INFO - Trial 124 finished with value: 0.08769445992056772 and parameters: {'n_layers': 1, 'embedding_dim': 256, 'lr': 0.006135105292498531, 'lambda_val': 0.0018549313973924757, 'batch_size': 2426, 'optimizer': 'RMSprop'}. Best is trial 102 with value: 0.09477490890899676.
2026-05-15 04:23:03,104 - optuna.study.study - INFO - Trial 125 finished with value: 0.09997199297730874 and parameters: {'n_layers': 1, 'embedding_dim': 256, 'lr': 0.011556092770268096, 'lambda_val': 0.001533305893665387, 'batch_size': 2833, 'optimizer': 'RMSprop'}. Best is trial 125 with value: 0.09997199297730874.
2026-05-15 04:23:07,217 - optuna.study._optimize - INFO - Trial 126 pruned. 
2026-05-15 04:23:44,163 - optuna.study.study - INFO - Trial 127 finished with value: 0.09683147828699744 and parameters: {'n_layers': 1, 'embedding_dim': 256, 'lr': 0.010741749434044467, 'lambda_val': 0.0015697929817276325, 'batch_size': 2743, 'optimizer': 'RMSprop'}. Best is trial 125 with value: 0.09997199297730874.
2026-05-15 04:24:21,402 - optuna.study.study - INFO - Trial 128 finished with value: 0.0961780783629361 and parameters: {'n_layers': 1, 'embedding_dim': 256, 'lr': 0.008690952486468137, 'lambda_val': 0.0017067535466319702, 'batch_size': 2700, 'optimizer': 'RMSprop'}. Best is trial 125 with value: 0.09997199297730874.
2026-05-15 04:24:26,160 - optuna.study._optimize - INFO - Trial 129 pruned. 
2026-05-15 04:25:04,307 - optuna.study.study - INFO - Trial 130 finished with value: 0.09841560940170135 and parameters: {'n_layers': 1, 'embedding_dim': 256, 'lr': 0.005821857726159603, 'lambda_val': 0.0010114227357382324, 'batch_size': 2621, 'optimizer': 'RMSprop'}. Best is trial 125 with value: 0.09997199297730874.
2026-05-15 04:25:41,446 - optuna.study.study - INFO - Trial 131 finished with value: 0.09892480013449903 and parameters: {'n_layers': 1, 'embedding_dim': 256, 'lr': 0.008663527449271584, 'lambda_val': 0.0010236370174553902, 'batch_size': 2604, 'optimizer': 'RMSprop'}. Best is trial 125 with value: 0.09997199297730874.
2026-05-15 04:26:16,719 - optuna.study.study - INFO - Trial 132 finished with value: 0.09489363442471667 and parameters: {'n_layers': 1, 'embedding_dim': 256, 'lr': 0.008662993390415643, 'lambda_val': 0.000988401718182281, 'batch_size': 2248, 'optimizer': 'RMSprop'}. Best is trial 125 with value: 0.09997199297730874.
2026-05-15 04:26:51,807 - optuna.study.study - INFO - Trial 133 finished with value: 0.10010218432874743 and parameters: {'n_layers': 1, 'embedding_dim': 256, 'lr': 0.009185993726638498, 'lambda_val': 0.0010835633152350848, 'batch_size': 2204, 'optimizer': 'RMSprop'}. Best is trial 133 with value: 0.10010218432874743.
2026-05-15 04:27:28,118 - optuna.study.study - INFO - Trial 134 finished with value: 0.08919446835927128 and parameters: {'n_layers': 1, 'embedding_dim': 256, 'lr': 0.008726372736156139, 'lambda_val': 0.0015496912406286502, 'batch_size': 2276, 'optimizer': 'RMSprop'}. Best is trial 133 with value: 0.10010218432874743.
2026-05-15 04:28:04,715 - optuna.study.study - INFO - Trial 135 finished with value: 0.09406717381252179 and parameters: {'n_layers': 1, 'embedding_dim': 256, 'lr': 0.011548959454420096, 'lambda_val': 0.0007944945764778949, 'batch_size': 2205, 'optimizer': 'RMSprop'}. Best is trial 133 with value: 0.10010218432874743.
2026-05-15 04:28:13,863 - optuna.study._optimize - INFO - Trial 136 pruned. 
2026-05-15 04:28:48,137 - optuna.study.study - INFO - Trial 137 finished with value: 0.09613223472233973 and parameters: {'n_layers': 1, 'embedding_dim': 256, 'lr': 0.004970332589570776, 'lambda_val': 0.0011203647094553725, 'batch_size': 2184, 'optimizer': 'RMSprop'}. Best is trial 133 with value: 0.10010218432874743.
2026-05-15 04:29:29,790 - optuna.study.study - INFO - Trial 138 finished with value: 0.09692490764491522 and parameters: {'n_layers': 1, 'embedding_dim': 256, 'lr': 0.013846981330060392, 'lambda_val': 0.0008684227350985875, 'batch_size': 2368, 'optimizer': 'RMSprop'}. Best is trial 133 with value: 0.10010218432874743.
2026-05-15 04:30:08,913 - optuna.study.study - INFO - Trial 139 finished with value: 0.09735148254436363 and parameters: {'n_layers': 1, 'embedding_dim': 256, 'lr': 0.014481464997064812, 'lambda_val': 0.0006397227121075626, 'batch_size': 2360, 'optimizer': 'RMSprop'}. Best is trial 133 with value: 0.10010218432874743.
2026-05-15 04:30:13,206 - optuna.study._optimize - INFO - Trial 140 pruned. 
2026-05-15 04:30:17,814 - optuna.study._optimize - INFO - Trial 141 pruned. 
2026-05-15 04:30:26,038 - optuna.study._optimize - INFO - Trial 142 pruned. 
2026-05-15 04:30:30,653 - optuna.study._optimize - INFO - Trial 143 pruned. 
2026-05-15 04:31:06,889 - optuna.study.study - INFO - Trial 144 finished with value: 0.09353818576085238 and parameters: {'n_layers': 1, 'embedding_dim': 256, 'lr': 0.008651609559813981, 'lambda_val': 0.0011294452443209298, 'batch_size': 2246, 'optimizer': 'RMSprop'}. Best is trial 133 with value: 0.10010218432874743.
2026-05-15 04:31:44,172 - optuna.study.study - INFO - Trial 145 finished with value: 0.09415316941188394 and parameters: {'n_layers': 1, 'embedding_dim': 256, 'lr': 0.005004292395833443, 'lambda_val': 0.0008422355212068051, 'batch_size': 2475, 'optimizer': 'RMSprop'}. Best is trial 133 with value: 0.10010218432874743.
2026-05-15 04:31:47,946 - optuna.study._optimize - INFO - Trial 146 pruned. 
2026-05-15 04:32:32,950 - optuna.study.study - INFO - Trial 147 finished with value: 0.09757756547794989 and parameters: {'n_layers': 1, 'embedding_dim': 256, 'lr': 0.0047096143701706745, 'lambda_val': 0.0008871918474598691, 'batch_size': 2593, 'optimizer': 'RMSprop'}. Best is trial 133 with value: 0.10010218432874743.
2026-05-15 04:33:07,982 - optuna.study.study - INFO - Trial 148 finished with value: 0.09333782140225254 and parameters: {'n_layers': 1, 'embedding_dim': 256, 'lr': 0.004640535781122225, 'lambda_val': 0.0008380842587598696, 'batch_size': 2620, 'optimizer': 'RMSprop'}. Best is trial 133 with value: 0.10010218432874743.
2026-05-15 04:33:41,610 - optuna.study.study - INFO - Trial 149 finished with value: 0.08857618047341895 and parameters: {'n_layers': 1, 'embedding_dim': 256, 'lr': 0.004558650602315516, 'lambda_val': 0.0006414501315922597, 'batch_size': 2304, 'optimizer': 'RMSprop'}. Best is trial 133 with value: 0.10010218432874743.
2026-05-15 04:34:15,811 - optuna.study.study - INFO - Trial 150 finished with value: 0.09325954201937839 and parameters: {'n_layers': 1, 'embedding_dim': 256, 'lr': 0.008187536017588072, 'lambda_val': 0.000891755751608179, 'batch_size': 2207, 'optimizer': 'RMSprop'}. Best is trial 133 with value: 0.10010218432874743.
2026-05-15 04:35:02,409 - optuna.study.study - INFO - Trial 151 finished with value: 0.09693088763927017 and parameters: {'n_layers': 1, 'embedding_dim': 256, 'lr': 0.010649137482288087, 'lambda_val': 0.001168632267701977, 'batch_size': 2467, 'optimizer': 'RMSprop'}. Best is trial 133 with value: 0.10010218432874743.
2026-05-15 04:35:37,334 - optuna.study.study - INFO - Trial 152 finished with value: 0.09436914555340982 and parameters: {'n_layers': 1, 'embedding_dim': 256, 'lr': 0.005082207885368522, 'lambda_val': 0.0011691677876962455, 'batch_size': 2387, 'optimizer': 'RMSprop'}. Best is trial 133 with value: 0.10010218432874743.
2026-05-15 04:36:16,179 - optuna.study.study - INFO - Trial 153 finished with value: 0.09026095996634546 and parameters: {'n_layers': 1, 'embedding_dim': 256, 'lr': 0.0037810787905593985, 'lambda_val': 0.0011575931254793666, 'batch_size': 2474, 'optimizer': 'RMSprop'}. Best is trial 133 with value: 0.10010218432874743.
2026-05-15 04:36:53,014 - optuna.study.study - INFO - Trial 154 finished with value: 0.08789062046345275 and parameters: {'n_layers': 1, 'embedding_dim': 256, 'lr': 0.0062486576579532434, 'lambda_val': 0.001015329242849268, 'batch_size': 2376, 'optimizer': 'RMSprop'}. Best is trial 133 with value: 0.10010218432874743.
2026-05-15 04:36:57,538 - optuna.study._optimize - INFO - Trial 155 pruned. 
2026-05-15 04:37:05,650 - optuna.study._optimize - INFO - Trial 156 pruned. 
2026-05-15 04:37:42,713 - optuna.study.study - INFO - Trial 157 finished with value: 0.09538651035670856 and parameters: {'n_layers': 1, 'embedding_dim': 256, 'lr': 0.00487384579456447, 'lambda_val': 0.0012921256468141026, 'batch_size': 2620, 'optimizer': 'RMSprop'}. Best is trial 133 with value: 0.10010218432874743.
2026-05-15 04:38:20,846 - optuna.study.study - INFO - Trial 158 finished with value: 0.09412402428370742 and parameters: {'n_layers': 1, 'embedding_dim': 256, 'lr': 0.007661025894085785, 'lambda_val': 0.001301009534147162, 'batch_size': 2616, 'optimizer': 'RMSprop'}. Best is trial 133 with value: 0.10010218432874743.
2026-05-15 04:39:12,267 - optuna.study.study - INFO - Trial 159 finished with value: 0.09647180449390136 and parameters: {'n_layers': 1, 'embedding_dim': 256, 'lr': 0.005207898175607533, 'lambda_val': 0.0020599380787999924, 'batch_size': 2314, 'optimizer': 'RMSprop'}. Best is trial 133 with value: 0.10010218432874743.
2026-05-15 04:39:17,024 - optuna.study._optimize - INFO - Trial 160 pruned. 
2026-05-15 04:39:21,843 - optuna.study._optimize - INFO - Trial 161 pruned. 
2026-05-15 04:39:26,508 - optuna.study._optimize - INFO - Trial 162 pruned. 
2026-05-15 04:40:01,080 - optuna.study.study - INFO - Trial 163 finished with value: 0.0939724272344792 and parameters: {'n_layers': 1, 'embedding_dim': 256, 'lr': 0.007077635294128783, 'lambda_val': 0.0012877080849323633, 'batch_size': 2288, 'optimizer': 'RMSprop'}. Best is trial 133 with value: 0.10010218432874743.
2026-05-15 04:40:40,067 - optuna.study.study - INFO - Trial 164 finished with value: 0.09077743912550842 and parameters: {'n_layers': 1, 'embedding_dim': 256, 'lr': 0.0061507434490045655, 'lambda_val': 0.0010243190565872291, 'batch_size': 2767, 'optimizer': 'RMSprop'}. Best is trial 133 with value: 0.10010218432874743.
2026-05-15 04:41:16,849 - optuna.study.study - INFO - Trial 165 finished with value: 0.08979455029799485 and parameters: {'n_layers': 1, 'embedding_dim': 256, 'lr': 0.008264531538316423, 'lambda_val': 0.0006800259136789267, 'batch_size': 2545, 'optimizer': 'RMSprop'}. Best is trial 133 with value: 0.10010218432874743.
2026-05-15 04:41:20,735 - optuna.study._optimize - INFO - Trial 166 pruned. 
2026-05-15 04:41:27,887 - optuna.study._optimize - INFO - Trial 167 pruned. 
2026-05-15 04:41:32,307 - optuna.study._optimize - INFO - Trial 168 pruned. 
2026-05-15 04:42:07,941 - optuna.study.study - INFO - Trial 169 finished with value: 0.08759737906655496 and parameters: {'n_layers': 1, 'embedding_dim': 256, 'lr': 0.006781194565710825, 'lambda_val': 0.00040449314407633953, 'batch_size': 2473, 'optimizer': 'RMSprop'}. Best is trial 133 with value: 0.10010218432874743.
2026-05-15 04:42:14,068 - optuna.study._optimize - INFO - Trial 170 pruned. 
2026-05-15 04:42:50,810 - optuna.study.study - INFO - Trial 171 finished with value: 0.09226332279250958 and parameters: {'n_layers': 1, 'embedding_dim': 256, 'lr': 0.004544528753257444, 'lambda_val': 0.0008752182243603168, 'batch_size': 2429, 'optimizer': 'RMSprop'}. Best is trial 133 with value: 0.10010218432874743.
2026-05-15 04:43:24,811 - optuna.study.study - INFO - Trial 172 finished with value: 0.09182522643495064 and parameters: {'n_layers': 1, 'embedding_dim': 256, 'lr': 0.0033800956951328637, 'lambda_val': 0.00060925966295329, 'batch_size': 2484, 'optimizer': 'RMSprop'}. Best is trial 133 with value: 0.10010218432874743.
2026-05-15 04:44:02,403 - optuna.study.study - INFO - Trial 173 finished with value: 0.09080887365109898 and parameters: {'n_layers': 1, 'embedding_dim': 256, 'lr': 0.004924255443527264, 'lambda_val': 0.0014384965226168947, 'batch_size': 2580, 'optimizer': 'RMSprop'}. Best is trial 133 with value: 0.10010218432874743.
2026-05-15 04:44:39,987 - optuna.study.study - INFO - Trial 174 finished with value: 0.10057781758305853 and parameters: {'n_layers': 1, 'embedding_dim': 256, 'lr': 0.007911177222025742, 'lambda_val': 0.0007997026861349108, 'batch_size': 2381, 'optimizer': 'RMSprop'}. Best is trial 174 with value: 0.10057781758305853.
2026-05-15 04:45:15,449 - optuna.study.study - INFO - Trial 175 finished with value: 0.097935495275923 and parameters: {'n_layers': 1, 'embedding_dim': 256, 'lr': 0.008263526370080765, 'lambda_val': 0.0011533180982208706, 'batch_size': 2173, 'optimizer': 'RMSprop'}. Best is trial 174 with value: 0.10057781758305853.
2026-05-15 04:45:20,773 - optuna.study._optimize - INFO - Trial 176 pruned. 
2026-05-15 04:45:25,222 - optuna.study._optimize - INFO - Trial 177 pruned. 
2026-05-15 04:45:29,527 - optuna.study._optimize - INFO - Trial 178 pruned. 
2026-05-15 04:46:05,099 - optuna.study.study - INFO - Trial 179 finished with value: 0.10340409334543613 and parameters: {'n_layers': 1, 'embedding_dim': 256, 'lr': 0.00012374458262572993, 'lambda_val': 0.0010051274717894586, 'batch_size': 2211, 'optimizer': 'RMSprop'}. Best is trial 179 with value: 0.10340409334543613.
2026-05-15 04:46:40,011 - optuna.study.study - INFO - Trial 180 finished with value: 0.058280503254271726 and parameters: {'n_layers': 1, 'embedding_dim': 256, 'lr': 0.0004595339632306927, 'lambda_val': 0.0015278843192810256, 'batch_size': 2218, 'optimizer': 'RMSprop'}. Best is trial 179 with value: 0.10340409334543613.
2026-05-15 04:47:15,327 - optuna.study.study - INFO - Trial 181 finished with value: 0.06926349363127868 and parameters: {'n_layers': 1, 'embedding_dim': 256, 'lr': 0.0001848041276724904, 'lambda_val': 0.001003019129742452, 'batch_size': 2137, 'optimizer': 'RMSprop'}. Best is trial 179 with value: 0.10340409334543613.
2026-05-15 04:47:19,476 - optuna.study._optimize - INFO - Trial 182 pruned. 
2026-05-15 04:47:25,236 - optuna.study._optimize - INFO - Trial 183 pruned. 
2026-05-15 04:47:29,642 - optuna.study._optimize - INFO - Trial 184 pruned. 
2026-05-15 04:48:04,618 - optuna.study.study - INFO - Trial 185 finished with value: 0.08931444239300015 and parameters: {'n_layers': 1, 'embedding_dim': 256, 'lr': 0.007379216943288403, 'lambda_val': 0.000965633538265826, 'batch_size': 1927, 'optimizer': 'RMSprop'}. Best is trial 179 with value: 0.10340409334543613.
2026-05-15 04:48:41,601 - optuna.study.study - INFO - Trial 186 finished with value: 0.08811671769477718 and parameters: {'n_layers': 1, 'embedding_dim': 256, 'lr': 0.009191078906393774, 'lambda_val': 0.0019690503105761923, 'batch_size': 2668, 'optimizer': 'RMSprop'}. Best is trial 179 with value: 0.10340409334543613.
2026-05-15 04:49:19,337 - optuna.study.study - INFO - Trial 187 finished with value: 0.09696489167643052 and parameters: {'n_layers': 1, 'embedding_dim': 256, 'lr': 0.006485318327970468, 'lambda_val': 0.0005351274420058381, 'batch_size': 2774, 'optimizer': 'RMSprop'}. Best is trial 179 with value: 0.10340409334543613.
2026-05-15 04:49:23,630 - optuna.study._optimize - INFO - Trial 188 pruned. 
2026-05-15 04:49:59,738 - optuna.study.study - INFO - Trial 189 finished with value: 0.08033846697425781 and parameters: {'n_layers': 1, 'embedding_dim': 256, 'lr': 0.007612189306261236, 'lambda_val': 0.000357872799621528, 'batch_size': 2567, 'optimizer': 'RMSprop'}. Best is trial 179 with value: 0.10340409334543613.
2026-05-15 04:50:05,449 - optuna.study._optimize - INFO - Trial 190 pruned. 
2026-05-15 04:50:41,927 - optuna.study.study - INFO - Trial 191 finished with value: 0.0957405452814869 and parameters: {'n_layers': 1, 'embedding_dim': 256, 'lr': 0.010037605473549652, 'lambda_val': 0.0011626580385903514, 'batch_size': 2733, 'optimizer': 'RMSprop'}. Best is trial 179 with value: 0.10340409334543613.
2026-05-15 04:51:20,854 - optuna.study.study - INFO - Trial 192 finished with value: 0.09087429666825585 and parameters: {'n_layers': 1, 'embedding_dim': 256, 'lr': 0.008739958223727473, 'lambda_val': 0.0012633812270269164, 'batch_size': 2825, 'optimizer': 'RMSprop'}. Best is trial 179 with value: 0.10340409334543613.
2026-05-15 04:51:56,913 - optuna.study.study - INFO - Trial 193 finished with value: 0.09118883013031531 and parameters: {'n_layers': 1, 'embedding_dim': 256, 'lr': 0.01237998711576506, 'lambda_val': 0.0008283243556393812, 'batch_size': 2735, 'optimizer': 'RMSprop'}. Best is trial 179 with value: 0.10340409334543613.
2026-05-15 04:52:35,110 - optuna.study.study - INFO - Trial 194 finished with value: 0.09238890612497733 and parameters: {'n_layers': 1, 'embedding_dim': 256, 'lr': 0.0071054322318037455, 'lambda_val': 0.0015535513019047922, 'batch_size': 2635, 'optimizer': 'RMSprop'}. Best is trial 179 with value: 0.10340409334543613.
2026-05-15 04:53:13,743 - optuna.study.study - INFO - Trial 195 finished with value: 0.08869249870776998 and parameters: {'n_layers': 1, 'embedding_dim': 256, 'lr': 0.009777230185569391, 'lambda_val': 0.0007275804925806088, 'batch_size': 2396, 'optimizer': 'RMSprop'}. Best is trial 179 with value: 0.10340409334543613.
2026-05-15 04:53:26,379 - optuna.study._optimize - INFO - Trial 196 pruned. 
2026-05-15 04:54:03,105 - optuna.study.study - INFO - Trial 197 finished with value: 0.09033287464487426 and parameters: {'n_layers': 1, 'embedding_dim': 256, 'lr': 0.005614769308214624, 'lambda_val': 0.0005777532986405819, 'batch_size': 2771, 'optimizer': 'RMSprop'}. Best is trial 179 with value: 0.10340409334543613.
2026-05-15 04:54:38,425 - optuna.study.study - INFO - Trial 198 finished with value: 0.09484381612694952 and parameters: {'n_layers': 1, 'embedding_dim': 256, 'lr': 0.003996588968368429, 'lambda_val': 0.0018837774665689145, 'batch_size': 2538, 'optimizer': 'RMSprop'}. Best is trial 179 with value: 0.10340409334543613.
2026-05-15 04:54:42,043 - optuna.study._optimize - INFO - Trial 199 pruned. 
2026-05-15 04:55:09,886 - root - INFO - **** Training e_100K_1c1dcs
2026-05-15 04:55:09,886 - root - INFO -   ** 1-Dominant stats:
2026-05-15 04:55:09,886 - root - INFO -   ** Finding the dominant set:
2026-05-15 04:55:24,026 - root - INFO -   ** Getting the trainable edges:
2026-05-15 04:55:24,030 - helper_functions - INFO -      Number of nodes: 547
2026-05-15 04:55:24,030 - helper_functions - INFO -      Ratio: 0.06036861273590111
2026-05-15 04:55:24,030 - helper_functions - INFO -      Number of unique users: 320
2026-05-15 04:55:24,030 - helper_functions - INFO -      Number of unique items: 227
2026-05-15 04:55:24,030 - helper_functions - INFO -      Total dominant set edge: 8057
2026-05-15 04:55:24,030 - helper_functions - INFO -      Trainable edges: 6445.6
2026-05-15 04:55:24,033 - root - INFO -   **** Getting 8057 dominant set edges
2026-05-15 04:55:24,419 - optuna.storages._rdb.storage - INFO - A new study created in RDB with name: Study_e_100K_1c1dcs_strict
2026-05-15 04:56:16,613 - optuna.study.study - INFO - Trial 0 finished with value: 0.00472823503088515 and parameters: {'n_layers': 3, 'embedding_dim': 32, 'lr': 0.00044052994267849917, 'lambda_val': 2.4420379915843637e-05, 'batch_size': 3116, 'optimizer': 'Adam'}. Best is trial 0 with value: 0.00472823503088515.
2026-05-15 04:57:10,793 - optuna.study.study - INFO - Trial 1 finished with value: 0.006155805301258569 and parameters: {'n_layers': 3, 'embedding_dim': 32, 'lr': 0.0009279045276106335, 'lambda_val': 1.8575299586131904e-05, 'batch_size': 4091, 'optimizer': 'RMSprop'}. Best is trial 1 with value: 0.006155805301258569.
2026-05-15 04:57:41,450 - optuna.study.study - INFO - Trial 2 finished with value: 0.022437956501262804 and parameters: {'n_layers': 3, 'embedding_dim': 128, 'lr': 0.0031303055691325877, 'lambda_val': 1.6052583144572633e-05, 'batch_size': 3768, 'optimizer': 'RMSprop'}. Best is trial 2 with value: 0.022437956501262804.
2026-05-15 04:58:10,226 - optuna.study.study - INFO - Trial 3 finished with value: 0.016098530342140517 and parameters: {'n_layers': 1, 'embedding_dim': 64, 'lr': 0.006133795284114148, 'lambda_val': 1.8416039931681865e-06, 'batch_size': 1926, 'optimizer': 'Adam'}. Best is trial 2 with value: 0.022437956501262804.
2026-05-15 04:58:33,367 - optuna.study.study - INFO - Trial 4 finished with value: 0.01069806279264645 and parameters: {'n_layers': 1, 'embedding_dim': 32, 'lr': 0.0638651541337745, 'lambda_val': 2.7461882198625516e-06, 'batch_size': 2588, 'optimizer': 'RMSprop'}. Best is trial 2 with value: 0.022437956501262804.
2026-05-15 04:58:54,878 - optuna.study._optimize - INFO - Trial 5 pruned. 
2026-05-15 04:58:59,477 - optuna.study._optimize - INFO - Trial 6 pruned. 
2026-05-15 04:59:03,905 - optuna.study._optimize - INFO - Trial 7 pruned. 
2026-05-15 04:59:07,646 - optuna.study._optimize - INFO - Trial 8 pruned. 
2026-05-15 04:59:10,763 - optuna.study._optimize - INFO - Trial 9 pruned. 
2026-05-15 04:59:14,231 - optuna.study._optimize - INFO - Trial 10 pruned. 
2026-05-15 04:59:41,737 - optuna.study.study - INFO - Trial 11 finished with value: 0.01637434414264552 and parameters: {'n_layers': 2, 'embedding_dim': 128, 'lr': 0.006114603810644637, 'lambda_val': 1.1351398627992634e-06, 'batch_size': 1261, 'optimizer': 'Adam'}. Best is trial 2 with value: 0.022437956501262804.
2026-05-15 05:00:10,643 - optuna.study.study - INFO - Trial 12 finished with value: 0.010868991856273328 and parameters: {'n_layers': 2, 'embedding_dim': 128, 'lr': 0.010432462779634196, 'lambda_val': 1.2628356606867277e-06, 'batch_size': 1123, 'optimizer': 'RMSprop'}. Best is trial 2 with value: 0.022437956501262804.
2026-05-15 05:00:15,375 - optuna.study._optimize - INFO - Trial 13 pruned. 
2026-05-15 05:00:19,037 - optuna.study._optimize - INFO - Trial 14 pruned. 
2026-05-15 05:00:22,600 - optuna.study._optimize - INFO - Trial 15 pruned. 
2026-05-15 05:00:26,152 - optuna.study._optimize - INFO - Trial 16 pruned. 
2026-05-15 05:00:30,913 - optuna.study._optimize - INFO - Trial 17 pruned. 
2026-05-15 05:00:42,227 - optuna.study._optimize - INFO - Trial 18 pruned. 
2026-05-15 05:00:45,773 - optuna.study._optimize - INFO - Trial 19 pruned. 
2026-05-15 05:00:49,391 - optuna.study._optimize - INFO - Trial 20 pruned. 
2026-05-15 05:01:16,567 - optuna.study.study - INFO - Trial 21 finished with value: 0.015024733449982966 and parameters: {'n_layers': 1, 'embedding_dim': 64, 'lr': 0.009641074970433115, 'lambda_val': 1.1380987684183832e-06, 'batch_size': 1920, 'optimizer': 'Adam'}. Best is trial 2 with value: 0.022437956501262804.
2026-05-15 05:01:44,254 - optuna.study.study - INFO - Trial 22 finished with value: 0.014614222230716989 and parameters: {'n_layers': 1, 'embedding_dim': 64, 'lr': 0.0067881097160854735, 'lambda_val': 3.215398129913672e-06, 'batch_size': 1978, 'optimizer': 'Adam'}. Best is trial 2 with value: 0.022437956501262804.
2026-05-15 05:01:51,132 - optuna.study._optimize - INFO - Trial 23 pruned. 
2026-05-15 05:01:55,155 - optuna.study._optimize - INFO - Trial 24 pruned. 
2026-05-15 05:02:32,159 - optuna.study.study - INFO - Trial 25 finished with value: 0.023670213947484524 and parameters: {'n_layers': 3, 'embedding_dim': 256, 'lr': 0.002863006152874357, 'lambda_val': 4.6895336003695554e-05, 'batch_size': 2552, 'optimizer': 'RMSprop'}. Best is trial 25 with value: 0.023670213947484524.
2026-05-15 05:02:36,504 - optuna.study._optimize - INFO - Trial 26 pruned. 
2026-05-15 05:02:41,095 - optuna.study._optimize - INFO - Trial 27 pruned. 
2026-05-15 05:03:21,082 - optuna.study.study - INFO - Trial 28 finished with value: 0.018896790928257152 and parameters: {'n_layers': 3, 'embedding_dim': 256, 'lr': 0.0034734703792818557, 'lambda_val': 0.00020331858077244063, 'batch_size': 2879, 'optimizer': 'RMSprop'}. Best is trial 25 with value: 0.023670213947484524.
2026-05-15 05:03:27,709 - optuna.study._optimize - INFO - Trial 29 pruned. 
2026-05-15 05:03:32,119 - optuna.study._optimize - INFO - Trial 30 pruned. 
2026-05-15 05:04:09,428 - optuna.study.study - INFO - Trial 31 finished with value: 0.02410528988360573 and parameters: {'n_layers': 3, 'embedding_dim': 256, 'lr': 0.0033598457932940895, 'lambda_val': 3.260277050261481e-05, 'batch_size': 3109, 'optimizer': 'RMSprop'}. Best is trial 31 with value: 0.02410528988360573.
2026-05-15 05:04:46,075 - optuna.study.study - INFO - Trial 32 finished with value: 0.020785375242948934 and parameters: {'n_layers': 3, 'embedding_dim': 256, 'lr': 0.0028080761241610955, 'lambda_val': 4.1265238376208243e-05, 'batch_size': 3094, 'optimizer': 'RMSprop'}. Best is trial 31 with value: 0.02410528988360573.
2026-05-15 05:04:50,204 - optuna.study._optimize - INFO - Trial 33 pruned. 
2026-05-15 05:04:56,353 - optuna.study._optimize - INFO - Trial 34 pruned. 
2026-05-15 05:05:37,579 - optuna.study.study - INFO - Trial 35 finished with value: 0.023353104506018785 and parameters: {'n_layers': 4, 'embedding_dim': 256, 'lr': 0.010939290913670085, 'lambda_val': 2.6985211756926674e-05, 'batch_size': 2353, 'optimizer': 'RMSprop'}. Best is trial 31 with value: 0.02410528988360573.
2026-05-15 05:06:11,166 - optuna.study.study - INFO - Trial 36 finished with value: 0.01995053776243503 and parameters: {'n_layers': 4, 'embedding_dim': 32, 'lr': 0.034709865979355534, 'lambda_val': 2.1219099721101712e-05, 'batch_size': 2333, 'optimizer': 'RMSprop'}. Best is trial 31 with value: 0.02410528988360573.
2026-05-15 05:06:54,528 - optuna.study.study - INFO - Trial 37 finished with value: 0.02211990678496727 and parameters: {'n_layers': 4, 'embedding_dim': 256, 'lr': 0.013666172865335996, 'lambda_val': 0.000140659326010103, 'batch_size': 2617, 'optimizer': 'RMSprop'}. Best is trial 31 with value: 0.02410528988360573.
2026-05-15 05:07:01,898 - optuna.study._optimize - INFO - Trial 38 pruned. 
2026-05-15 05:07:06,967 - optuna.study._optimize - INFO - Trial 39 pruned. 
2026-05-15 05:07:11,454 - optuna.study._optimize - INFO - Trial 40 pruned. 
2026-05-15 05:07:50,081 - optuna.study.study - INFO - Trial 41 finished with value: 0.02323343412512281 and parameters: {'n_layers': 4, 'embedding_dim': 256, 'lr': 0.011602144910811529, 'lambda_val': 0.00011571604449004538, 'batch_size': 2636, 'optimizer': 'RMSprop'}. Best is trial 31 with value: 0.02410528988360573.
2026-05-15 05:08:28,502 - optuna.study.study - INFO - Trial 42 finished with value: 0.0287930838515238 and parameters: {'n_layers': 4, 'embedding_dim': 256, 'lr': 0.004550984368885091, 'lambda_val': 2.5579304554057094e-05, 'batch_size': 2480, 'optimizer': 'RMSprop'}. Best is trial 42 with value: 0.0287930838515238.
2026-05-15 05:08:34,246 - optuna.study._optimize - INFO - Trial 43 pruned. 
2026-05-15 05:09:11,544 - optuna.study.study - INFO - Trial 44 finished with value: 0.02639869474827844 and parameters: {'n_layers': 4, 'embedding_dim': 256, 'lr': 0.010087588392394832, 'lambda_val': 0.00012302918363772002, 'batch_size': 2207, 'optimizer': 'RMSprop'}. Best is trial 42 with value: 0.0287930838515238.
2026-05-15 05:09:16,012 - optuna.study._optimize - INFO - Trial 45 pruned. 
2026-05-15 05:09:20,878 - optuna.study._optimize - INFO - Trial 46 pruned. 
2026-05-15 05:09:51,435 - optuna.study.study - INFO - Trial 47 finished with value: 0.02758810748471293 and parameters: {'n_layers': 4, 'embedding_dim': 96, 'lr': 0.007524398329584805, 'lambda_val': 5.084135906242332e-05, 'batch_size': 2470, 'optimizer': 'RMSprop'}. Best is trial 42 with value: 0.0287930838515238.
2026-05-15 05:09:57,301 - optuna.study._optimize - INFO - Trial 48 pruned. 
2026-05-15 05:10:01,986 - optuna.study._optimize - INFO - Trial 49 pruned. 
2026-05-15 05:10:05,931 - optuna.study._optimize - INFO - Trial 50 pruned. 
2026-05-15 05:10:44,096 - optuna.study.study - INFO - Trial 51 finished with value: 0.025108234612187766 and parameters: {'n_layers': 4, 'embedding_dim': 96, 'lr': 0.010652105215881185, 'lambda_val': 3.4033382336310247e-05, 'batch_size': 2503, 'optimizer': 'RMSprop'}. Best is trial 42 with value: 0.0287930838515238.
2026-05-15 05:11:18,896 - optuna.study.study - INFO - Trial 52 finished with value: 0.022553584333915078 and parameters: {'n_layers': 4, 'embedding_dim': 96, 'lr': 0.007553616147534293, 'lambda_val': 9.39455530880583e-06, 'batch_size': 2512, 'optimizer': 'RMSprop'}. Best is trial 42 with value: 0.0287930838515238.
2026-05-15 05:11:24,333 - optuna.study._optimize - INFO - Trial 53 pruned. 
2026-05-15 05:11:28,448 - optuna.study._optimize - INFO - Trial 54 pruned. 
2026-05-15 05:11:38,268 - optuna.study._optimize - INFO - Trial 55 pruned. 
2026-05-15 05:11:42,473 - optuna.study._optimize - INFO - Trial 56 pruned. 
2026-05-15 05:12:16,840 - optuna.study.study - INFO - Trial 57 finished with value: 0.02336259873013177 and parameters: {'n_layers': 4, 'embedding_dim': 96, 'lr': 0.014545652247239044, 'lambda_val': 0.00011000124556020596, 'batch_size': 2734, 'optimizer': 'RMSprop'}. Best is trial 42 with value: 0.0287930838515238.
2026-05-15 05:12:21,317 - optuna.study._optimize - INFO - Trial 58 pruned. 
2026-05-15 05:12:25,311 - optuna.study._optimize - INFO - Trial 59 pruned. 
2026-05-15 05:12:29,940 - optuna.study._optimize - INFO - Trial 60 pruned. 
2026-05-15 05:13:05,070 - optuna.study.study - INFO - Trial 61 finished with value: 0.024079146997971215 and parameters: {'n_layers': 4, 'embedding_dim': 96, 'lr': 0.014720001704248899, 'lambda_val': 0.00010987530240667364, 'batch_size': 2673, 'optimizer': 'RMSprop'}. Best is trial 42 with value: 0.0287930838515238.
2026-05-15 05:13:11,538 - optuna.study._optimize - INFO - Trial 62 pruned. 
2026-05-15 05:13:16,939 - optuna.study._optimize - INFO - Trial 63 pruned. 
2026-05-15 05:13:21,873 - optuna.study._optimize - INFO - Trial 64 pruned. 
2026-05-15 05:13:56,982 - optuna.study.study - INFO - Trial 65 finished with value: 0.02484244619102876 and parameters: {'n_layers': 4, 'embedding_dim': 96, 'lr': 0.015927281665189825, 'lambda_val': 0.00014737495313215564, 'batch_size': 3380, 'optimizer': 'RMSprop'}. Best is trial 42 with value: 0.0287930838515238.
2026-05-15 05:14:31,688 - optuna.study.study - INFO - Trial 66 finished with value: 0.02370960905678784 and parameters: {'n_layers': 4, 'embedding_dim': 96, 'lr': 0.05152299551878087, 'lambda_val': 0.00016248159840022699, 'batch_size': 3496, 'optimizer': 'RMSprop'}. Best is trial 42 with value: 0.0287930838515238.
2026-05-15 05:15:06,408 - optuna.study.study - INFO - Trial 67 finished with value: 0.026361280242406082 and parameters: {'n_layers': 4, 'embedding_dim': 96, 'lr': 0.014267728735345696, 'lambda_val': 9.962521623352517e-05, 'batch_size': 3442, 'optimizer': 'RMSprop'}. Best is trial 42 with value: 0.0287930838515238.
2026-05-15 05:15:37,828 - optuna.study.study - INFO - Trial 68 finished with value: 0.026946114690020142 and parameters: {'n_layers': 4, 'embedding_dim': 96, 'lr': 0.022067600192088057, 'lambda_val': 7.731680625827597e-05, 'batch_size': 3376, 'optimizer': 'RMSprop'}. Best is trial 42 with value: 0.0287930838515238.
2026-05-15 05:15:41,734 - optuna.study._optimize - INFO - Trial 69 pruned. 
2026-05-15 05:15:46,624 - optuna.study._optimize - INFO - Trial 70 pruned. 
2026-05-15 05:15:54,984 - optuna.study._optimize - INFO - Trial 71 pruned. 
2026-05-15 05:16:25,379 - optuna.study.study - INFO - Trial 72 finished with value: 0.024943374559789275 and parameters: {'n_layers': 4, 'embedding_dim': 96, 'lr': 0.011630765632644133, 'lambda_val': 4.674769529860245e-05, 'batch_size': 3777, 'optimizer': 'RMSprop'}. Best is trial 42 with value: 0.0287930838515238.
2026-05-15 05:16:56,845 - optuna.study.study - INFO - Trial 73 finished with value: 0.027889074471638697 and parameters: {'n_layers': 4, 'embedding_dim': 96, 'lr': 0.013428397715597208, 'lambda_val': 9.824809603066677e-05, 'batch_size': 3760, 'optimizer': 'RMSprop'}. Best is trial 42 with value: 0.0287930838515238.
2026-05-15 05:17:37,923 - optuna.study.study - INFO - Trial 74 finished with value: 0.02429899566000094 and parameters: {'n_layers': 4, 'embedding_dim': 96, 'lr': 0.02764840502351574, 'lambda_val': 9.039643507221229e-05, 'batch_size': 3792, 'optimizer': 'RMSprop'}. Best is trial 42 with value: 0.0287930838515238.
2026-05-15 05:18:08,265 - optuna.study.study - INFO - Trial 75 finished with value: 0.02525117177864304 and parameters: {'n_layers': 4, 'embedding_dim': 96, 'lr': 0.011984569435873015, 'lambda_val': 4.666260717648619e-05, 'batch_size': 3727, 'optimizer': 'RMSprop'}. Best is trial 42 with value: 0.0287930838515238.
2026-05-15 05:18:42,080 - optuna.study.study - INFO - Trial 76 finished with value: 0.02138644876301645 and parameters: {'n_layers': 4, 'embedding_dim': 96, 'lr': 0.009160739382396508, 'lambda_val': 2.0559429503247503e-05, 'batch_size': 3974, 'optimizer': 'RMSprop'}. Best is trial 42 with value: 0.0287930838515238.
2026-05-15 05:18:48,976 - optuna.study._optimize - INFO - Trial 77 pruned. 
2026-05-15 05:19:00,100 - optuna.study._optimize - INFO - Trial 78 pruned. 
2026-05-15 05:19:03,665 - optuna.study._optimize - INFO - Trial 79 pruned. 
2026-05-15 05:19:35,142 - optuna.study.study - INFO - Trial 80 finished with value: 0.02525792964158337 and parameters: {'n_layers': 4, 'embedding_dim': 128, 'lr': 0.01872222267932317, 'lambda_val': 9.432514939678131e-05, 'batch_size': 4089, 'optimizer': 'RMSprop'}. Best is trial 42 with value: 0.0287930838515238.
2026-05-15 05:19:45,607 - optuna.study._optimize - INFO - Trial 81 pruned. 
2026-05-15 05:20:29,100 - optuna.study.study - INFO - Trial 82 finished with value: 0.024103347833279123 and parameters: {'n_layers': 4, 'embedding_dim': 128, 'lr': 0.029525987277897597, 'lambda_val': 7.37728331906545e-05, 'batch_size': 4095, 'optimizer': 'RMSprop'}. Best is trial 42 with value: 0.0287930838515238.
2026-05-15 05:20:33,086 - optuna.study._optimize - INFO - Trial 83 pruned. 
2026-05-15 05:20:37,091 - optuna.study._optimize - INFO - Trial 84 pruned. 
2026-05-15 05:20:40,725 - optuna.study._optimize - INFO - Trial 85 pruned. 
2026-05-15 05:20:45,106 - optuna.study._optimize - INFO - Trial 86 pruned. 
2026-05-15 05:21:16,742 - optuna.study.study - INFO - Trial 87 finished with value: 0.023723790213359058 and parameters: {'n_layers': 4, 'embedding_dim': 128, 'lr': 0.01848954270782695, 'lambda_val': 6.0642600011984724e-05, 'batch_size': 3601, 'optimizer': 'RMSprop'}. Best is trial 42 with value: 0.0287930838515238.
2026-05-15 05:21:20,829 - optuna.study._optimize - INFO - Trial 88 pruned. 
2026-05-15 05:21:24,484 - optuna.study._optimize - INFO - Trial 89 pruned. 
2026-05-15 05:21:28,398 - optuna.study._optimize - INFO - Trial 90 pruned. 
2026-05-15 05:22:04,401 - optuna.study.study - INFO - Trial 91 finished with value: 0.026164726054069592 and parameters: {'n_layers': 4, 'embedding_dim': 96, 'lr': 0.012078371964121992, 'lambda_val': 4.1554770492967634e-05, 'batch_size': 3724, 'optimizer': 'RMSprop'}. Best is trial 42 with value: 0.0287930838515238.
2026-05-15 05:22:31,504 - optuna.study.study - INFO - Trial 92 finished with value: 0.024080983943328593 and parameters: {'n_layers': 4, 'embedding_dim': 96, 'lr': 0.013748811733544579, 'lambda_val': 4.7270870000548e-05, 'batch_size': 3581, 'optimizer': 'RMSprop'}. Best is trial 42 with value: 0.0287930838515238.
2026-05-15 05:23:15,264 - optuna.study.study - INFO - Trial 93 finished with value: 0.02768178992486734 and parameters: {'n_layers': 4, 'embedding_dim': 96, 'lr': 0.010314439821396579, 'lambda_val': 3.5793915102046054e-05, 'batch_size': 3719, 'optimizer': 'RMSprop'}. Best is trial 42 with value: 0.0287930838515238.
2026-05-15 05:23:21,426 - optuna.study._optimize - INFO - Trial 94 pruned. 
2026-05-15 05:23:51,557 - optuna.study.study - INFO - Trial 95 finished with value: 0.024235573327445366 and parameters: {'n_layers': 4, 'embedding_dim': 96, 'lr': 0.03560195839502179, 'lambda_val': 6.818930990302136e-05, 'batch_size': 3422, 'optimizer': 'RMSprop'}. Best is trial 42 with value: 0.0287930838515238.
2026-05-15 05:23:55,785 - optuna.study._optimize - INFO - Trial 96 pruned. 
2026-05-15 05:24:03,053 - optuna.study._optimize - INFO - Trial 97 pruned. 
2026-05-15 05:24:41,482 - optuna.study.study - INFO - Trial 98 finished with value: 0.023515392928985482 and parameters: {'n_layers': 4, 'embedding_dim': 128, 'lr': 0.009364704132982982, 'lambda_val': 3.9589747190966654e-05, 'batch_size': 3554, 'optimizer': 'RMSprop'}. Best is trial 42 with value: 0.0287930838515238.
2026-05-15 05:24:45,253 - optuna.study._optimize - INFO - Trial 99 pruned. 
2026-05-15 05:24:49,833 - optuna.study._optimize - INFO - Trial 100 pruned. 
2026-05-15 05:24:53,544 - optuna.study._optimize - INFO - Trial 101 pruned. 
2026-05-15 05:25:24,160 - optuna.study.study - INFO - Trial 102 finished with value: 0.021675709788728674 and parameters: {'n_layers': 4, 'embedding_dim': 96, 'lr': 0.016018502518581116, 'lambda_val': 1.7354494378475976e-05, 'batch_size': 2215, 'optimizer': 'RMSprop'}. Best is trial 42 with value: 0.0287930838515238.
2026-05-15 05:25:53,761 - optuna.study.study - INFO - Trial 103 finished with value: 0.023565632509573255 and parameters: {'n_layers': 4, 'embedding_dim': 96, 'lr': 0.021521558490867183, 'lambda_val': 5.2549805166870644e-05, 'batch_size': 3872, 'optimizer': 'RMSprop'}. Best is trial 42 with value: 0.0287930838515238.
2026-05-15 05:26:10,645 - optuna.study._optimize - INFO - Trial 104 pruned. 
2026-05-15 05:26:42,173 - optuna.study.study - INFO - Trial 105 finished with value: 0.022009961502548657 and parameters: {'n_layers': 4, 'embedding_dim': 96, 'lr': 0.01368879779866716, 'lambda_val': 3.9504005009850316e-05, 'batch_size': 3463, 'optimizer': 'RMSprop'}. Best is trial 42 with value: 0.0287930838515238.
2026-05-15 05:26:46,485 - optuna.study._optimize - INFO - Trial 106 pruned. 
2026-05-15 05:27:24,654 - optuna.study.study - INFO - Trial 107 finished with value: 0.022427381531966918 and parameters: {'n_layers': 4, 'embedding_dim': 256, 'lr': 0.011502366190952407, 'lambda_val': 3.3774460636770344e-05, 'batch_size': 3313, 'optimizer': 'RMSprop'}. Best is trial 42 with value: 0.0287930838515238.
2026-05-15 05:27:55,135 - optuna.study.study - INFO - Trial 108 finished with value: 0.023646072889363753 and parameters: {'n_layers': 4, 'embedding_dim': 96, 'lr': 0.018881390144251022, 'lambda_val': 5.794659220316092e-05, 'batch_size': 3933, 'optimizer': 'Adam'}. Best is trial 42 with value: 0.0287930838515238.
2026-05-15 05:27:58,868 - optuna.study._optimize - INFO - Trial 109 pruned. 
2026-05-15 05:28:03,707 - optuna.study._optimize - INFO - Trial 110 pruned. 
2026-05-15 05:28:34,334 - optuna.study.study - INFO - Trial 111 finished with value: 0.025658944981356218 and parameters: {'n_layers': 4, 'embedding_dim': 96, 'lr': 0.01061260145470511, 'lambda_val': 4.530471410004115e-05, 'batch_size': 3738, 'optimizer': 'RMSprop'}. Best is trial 42 with value: 0.0287930838515238.
2026-05-15 05:28:38,280 - optuna.study._optimize - INFO - Trial 112 pruned. 
2026-05-15 05:29:09,464 - optuna.study.study - INFO - Trial 113 finished with value: 0.024390018166640597 and parameters: {'n_layers': 4, 'embedding_dim': 96, 'lr': 0.012317679108875294, 'lambda_val': 8.011292395100321e-05, 'batch_size': 3744, 'optimizer': 'RMSprop'}. Best is trial 42 with value: 0.0287930838515238.
2026-05-15 05:29:13,264 - optuna.study._optimize - INFO - Trial 114 pruned. 
2026-05-15 05:29:18,296 - optuna.study._optimize - INFO - Trial 115 pruned. 
2026-05-15 05:29:25,002 - optuna.study._optimize - INFO - Trial 116 pruned. 
2026-05-15 05:29:28,819 - optuna.study._optimize - INFO - Trial 117 pruned. 
2026-05-15 05:29:32,780 - optuna.study._optimize - INFO - Trial 118 pruned. 
2026-05-15 05:29:36,155 - optuna.study._optimize - INFO - Trial 119 pruned. 
2026-05-15 05:30:09,972 - optuna.study.study - INFO - Trial 120 finished with value: 0.026881367280804275 and parameters: {'n_layers': 4, 'embedding_dim': 96, 'lr': 0.007835004249309918, 'lambda_val': 5.880961594483667e-05, 'batch_size': 4051, 'optimizer': 'RMSprop'}. Best is trial 42 with value: 0.0287930838515238.
2026-05-15 05:30:13,733 - optuna.study._optimize - INFO - Trial 121 pruned. 
2026-05-15 05:30:17,543 - optuna.study._optimize - INFO - Trial 122 pruned. 
2026-05-15 05:30:48,048 - optuna.study.study - INFO - Trial 123 finished with value: 0.02568909620605708 and parameters: {'n_layers': 4, 'embedding_dim': 96, 'lr': 0.014869639024855202, 'lambda_val': 4.318196997096127e-05, 'batch_size': 3977, 'optimizer': 'RMSprop'}. Best is trial 42 with value: 0.0287930838515238.
2026-05-15 05:31:15,184 - optuna.study.study - INFO - Trial 124 finished with value: 0.023066574131532194 and parameters: {'n_layers': 4, 'embedding_dim': 96, 'lr': 0.01463586436966802, 'lambda_val': 4.46732799872993e-05, 'batch_size': 3940, 'optimizer': 'RMSprop'}. Best is trial 42 with value: 0.0287930838515238.
2026-05-15 05:31:44,587 - optuna.study.study - INFO - Trial 125 finished with value: 0.025815996774750938 and parameters: {'n_layers': 4, 'embedding_dim': 96, 'lr': 0.012873230886671676, 'lambda_val': 0.00011470459783837319, 'batch_size': 4009, 'optimizer': 'RMSprop'}. Best is trial 42 with value: 0.0287930838515238.
2026-05-15 05:31:49,026 - optuna.study._optimize - INFO - Trial 126 pruned. 
2026-05-15 05:32:19,275 - optuna.study.study - INFO - Trial 127 finished with value: 0.025608960148000025 and parameters: {'n_layers': 4, 'embedding_dim': 96, 'lr': 0.017564331184151988, 'lambda_val': 8.517933083081933e-05, 'batch_size': 4009, 'optimizer': 'RMSprop'}. Best is trial 42 with value: 0.0287930838515238.
2026-05-15 05:32:22,987 - optuna.study._optimize - INFO - Trial 128 pruned. 
2026-05-15 05:32:26,859 - optuna.study._optimize - INFO - Trial 129 pruned. 
2026-05-15 05:32:30,853 - optuna.study._optimize - INFO - Trial 130 pruned. 
2026-05-15 05:33:00,642 - optuna.study.study - INFO - Trial 131 finished with value: 0.025439846851130276 and parameters: {'n_layers': 4, 'embedding_dim': 96, 'lr': 0.018508484814592857, 'lambda_val': 9.226374119918073e-05, 'batch_size': 4085, 'optimizer': 'RMSprop'}. Best is trial 42 with value: 0.0287930838515238.
2026-05-15 05:33:30,492 - optuna.study.study - INFO - Trial 132 finished with value: 0.027619712186544507 and parameters: {'n_layers': 4, 'embedding_dim': 96, 'lr': 0.013334875121048325, 'lambda_val': 8.208090338139512e-05, 'batch_size': 3909, 'optimizer': 'RMSprop'}. Best is trial 42 with value: 0.0287930838515238.
2026-05-15 05:33:58,985 - optuna.study.study - INFO - Trial 133 finished with value: 0.026452998886850602 and parameters: {'n_layers': 4, 'embedding_dim': 96, 'lr': 0.013042233192174976, 'lambda_val': 0.00012502758861515493, 'batch_size': 3888, 'optimizer': 'RMSprop'}. Best is trial 42 with value: 0.0287930838515238.
2026-05-15 05:34:26,995 - optuna.study.study - INFO - Trial 134 finished with value: 0.026105410810151542 and parameters: {'n_layers': 4, 'embedding_dim': 96, 'lr': 0.013148209474994283, 'lambda_val': 0.0001252169095170049, 'batch_size': 3818, 'optimizer': 'RMSprop'}. Best is trial 42 with value: 0.0287930838515238.
2026-05-15 05:34:31,309 - optuna.study._optimize - INFO - Trial 135 pruned. 
2026-05-15 05:34:35,027 - optuna.study._optimize - INFO - Trial 136 pruned. 
2026-05-15 05:34:38,998 - optuna.study._optimize - INFO - Trial 137 pruned. 
2026-05-15 05:34:43,071 - optuna.study._optimize - INFO - Trial 138 pruned. 
2026-05-15 05:34:46,893 - optuna.study._optimize - INFO - Trial 139 pruned. 
2026-05-15 05:35:25,791 - optuna.study.study - INFO - Trial 140 finished with value: 0.02432229551766303 and parameters: {'n_layers': 4, 'embedding_dim': 256, 'lr': 0.00931853812696229, 'lambda_val': 6.303369332301317e-05, 'batch_size': 3905, 'optimizer': 'RMSprop'}. Best is trial 42 with value: 0.0287930838515238.
2026-05-15 05:35:55,709 - optuna.study.study - INFO - Trial 141 finished with value: 0.020953318287491404 and parameters: {'n_layers': 4, 'embedding_dim': 96, 'lr': 0.010498954498615199, 'lambda_val': 2.8948968769789142e-05, 'batch_size': 3801, 'optimizer': 'RMSprop'}. Best is trial 42 with value: 0.0287930838515238.
2026-05-15 05:36:25,615 - optuna.study.study - INFO - Trial 142 finished with value: 0.023764687883619087 and parameters: {'n_layers': 4, 'embedding_dim': 96, 'lr': 0.01156914121035496, 'lambda_val': 4.921764017717612e-05, 'batch_size': 3674, 'optimizer': 'RMSprop'}. Best is trial 42 with value: 0.0287930838515238.
2026-05-15 05:36:29,894 - optuna.study._optimize - INFO - Trial 143 pruned. 
2026-05-15 05:37:00,362 - optuna.study.study - INFO - Trial 144 finished with value: 0.02672253334270575 and parameters: {'n_layers': 4, 'embedding_dim': 96, 'lr': 0.016030159172628723, 'lambda_val': 0.00010787084662674956, 'batch_size': 3972, 'optimizer': 'RMSprop'}. Best is trial 42 with value: 0.0287930838515238.
2026-05-15 05:37:32,442 - optuna.study.study - INFO - Trial 145 finished with value: 0.025560325025905092 and parameters: {'n_layers': 4, 'embedding_dim': 96, 'lr': 0.014393978710516741, 'lambda_val': 0.00012058189937125331, 'batch_size': 3996, 'optimizer': 'RMSprop'}. Best is trial 42 with value: 0.0287930838515238.
2026-05-15 05:37:36,318 - optuna.study._optimize - INFO - Trial 146 pruned. 
2026-05-15 05:37:40,765 - optuna.study._optimize - INFO - Trial 147 pruned. 
2026-05-15 05:37:44,991 - optuna.study._optimize - INFO - Trial 148 pruned. 
2026-05-15 05:37:49,637 - optuna.study._optimize - INFO - Trial 149 pruned. 
2026-05-15 05:37:53,746 - optuna.study._optimize - INFO - Trial 150 pruned. 
2026-05-15 05:38:24,311 - optuna.study.study - INFO - Trial 151 finished with value: 0.025830765255556852 and parameters: {'n_layers': 4, 'embedding_dim': 96, 'lr': 0.009956554291477718, 'lambda_val': 3.983552017605752e-05, 'batch_size': 3592, 'optimizer': 'RMSprop'}. Best is trial 42 with value: 0.0287930838515238.
2026-05-15 05:38:28,268 - optuna.study._optimize - INFO - Trial 152 pruned. 
2026-05-15 05:39:00,517 - optuna.study.study - INFO - Trial 153 finished with value: 0.027912958931581293 and parameters: {'n_layers': 4, 'embedding_dim': 96, 'lr': 0.00933142308209736, 'lambda_val': 6.761755420567838e-05, 'batch_size': 3574, 'optimizer': 'RMSprop'}. Best is trial 42 with value: 0.0287930838515238.
2026-05-15 05:39:04,342 - optuna.study._optimize - INFO - Trial 154 pruned. 
2026-05-15 05:39:34,848 - optuna.study.study - INFO - Trial 155 finished with value: 0.025845823136607243 and parameters: {'n_layers': 4, 'embedding_dim': 96, 'lr': 0.010389581609879905, 'lambda_val': 7.102131095066098e-05, 'batch_size': 3620, 'optimizer': 'RMSprop'}. Best is trial 42 with value: 0.0287930838515238.
2026-05-15 05:39:39,636 - optuna.study._optimize - INFO - Trial 156 pruned. 
2026-05-15 05:39:44,204 - optuna.study._optimize - INFO - Trial 157 pruned. 
2026-05-15 05:40:16,865 - optuna.study.study - INFO - Trial 158 finished with value: 0.022330086222684946 and parameters: {'n_layers': 4, 'embedding_dim': 96, 'lr': 0.01035223984055608, 'lambda_val': 2.800956167440212e-05, 'batch_size': 3436, 'optimizer': 'RMSprop'}. Best is trial 42 with value: 0.0287930838515238.
2026-05-15 05:40:21,045 - optuna.study._optimize - INFO - Trial 159 pruned. 
2026-05-15 05:40:24,829 - optuna.study._optimize - INFO - Trial 160 pruned. 
2026-05-15 05:40:28,691 - optuna.study._optimize - INFO - Trial 161 pruned. 
2026-05-15 05:40:33,021 - optuna.study._optimize - INFO - Trial 162 pruned. 
2026-05-15 05:40:36,830 - optuna.study._optimize - INFO - Trial 163 pruned. 
2026-05-15 05:40:41,279 - optuna.study._optimize - INFO - Trial 164 pruned. 
2026-05-15 05:40:45,985 - optuna.study._optimize - INFO - Trial 165 pruned. 
2026-05-15 05:41:17,663 - optuna.study.study - INFO - Trial 166 finished with value: 0.02419629533726047 and parameters: {'n_layers': 4, 'embedding_dim': 96, 'lr': 0.010746382181625552, 'lambda_val': 3.6940877096187335e-05, 'batch_size': 3498, 'optimizer': 'RMSprop'}. Best is trial 42 with value: 0.0287930838515238.
2026-05-15 05:41:21,726 - optuna.study._optimize - INFO - Trial 167 pruned. 
2026-05-15 05:41:25,665 - optuna.study._optimize - INFO - Trial 168 pruned. 
2026-05-15 05:41:30,393 - optuna.study._optimize - INFO - Trial 169 pruned. 
2026-05-15 05:42:04,711 - optuna.study.study - INFO - Trial 170 finished with value: 0.02642237851876493 and parameters: {'n_layers': 4, 'embedding_dim': 96, 'lr': 0.029600379259852583, 'lambda_val': 9.453206558733283e-05, 'batch_size': 3396, 'optimizer': 'RMSprop'}. Best is trial 42 with value: 0.0287930838515238.
2026-05-15 05:42:36,566 - optuna.study.study - INFO - Trial 171 finished with value: 0.026506496893601565 and parameters: {'n_layers': 4, 'embedding_dim': 96, 'lr': 0.030668950388861374, 'lambda_val': 0.00010460539665005234, 'batch_size': 3398, 'optimizer': 'RMSprop'}. Best is trial 42 with value: 0.0287930838515238.
2026-05-15 05:42:40,806 - optuna.study._optimize - INFO - Trial 172 pruned. 
2026-05-15 05:42:45,325 - optuna.study._optimize - INFO - Trial 173 pruned. 
2026-05-15 05:42:51,203 - optuna.study._optimize - INFO - Trial 174 pruned. 
2026-05-15 05:42:59,270 - optuna.study._optimize - INFO - Trial 175 pruned. 
2026-05-15 05:43:03,888 - optuna.study._optimize - INFO - Trial 176 pruned. 
2026-05-15 05:43:08,307 - optuna.study._optimize - INFO - Trial 177 pruned. 
2026-05-15 05:43:12,168 - optuna.study._optimize - INFO - Trial 178 pruned. 
2026-05-15 05:43:16,169 - optuna.study._optimize - INFO - Trial 179 pruned. 
2026-05-15 05:43:47,729 - optuna.study.study - INFO - Trial 180 finished with value: 0.021368848451172307 and parameters: {'n_layers': 4, 'embedding_dim': 96, 'lr': 0.01760264496739415, 'lambda_val': 3.0243775753016307e-05, 'batch_size': 3125, 'optimizer': 'RMSprop'}. Best is trial 42 with value: 0.0287930838515238.
2026-05-15 05:43:54,743 - optuna.study._optimize - INFO - Trial 181 pruned. 
2026-05-15 05:44:27,408 - optuna.study.study - INFO - Trial 182 finished with value: 0.026348048253118102 and parameters: {'n_layers': 4, 'embedding_dim': 96, 'lr': 0.010971369796859445, 'lambda_val': 7.765673860046122e-05, 'batch_size': 3704, 'optimizer': 'RMSprop'}. Best is trial 42 with value: 0.0287930838515238.
2026-05-15 05:44:31,802 - optuna.study._optimize - INFO - Trial 183 pruned. 
2026-05-15 05:44:35,745 - optuna.study._optimize - INFO - Trial 184 pruned. 
2026-05-15 05:44:48,545 - optuna.study._optimize - INFO - Trial 185 pruned. 
2026-05-15 05:44:54,833 - optuna.study._optimize - INFO - Trial 186 pruned. 
2026-05-15 05:44:59,111 - optuna.study._optimize - INFO - Trial 187 pruned. 
2026-05-15 05:45:02,965 - optuna.study._optimize - INFO - Trial 188 pruned. 
2026-05-15 05:45:09,788 - optuna.study._optimize - INFO - Trial 189 pruned. 
2026-05-15 05:45:13,887 - optuna.study._optimize - INFO - Trial 190 pruned. 
2026-05-15 05:45:46,554 - optuna.study.study - INFO - Trial 191 finished with value: 0.027875311728327263 and parameters: {'n_layers': 4, 'embedding_dim': 96, 'lr': 0.012760111130139062, 'lambda_val': 9.998667071784201e-05, 'batch_size': 4013, 'optimizer': 'RMSprop'}. Best is trial 42 with value: 0.0287930838515238.
2026-05-15 05:45:50,396 - optuna.study._optimize - INFO - Trial 192 pruned. 
2026-05-15 05:45:54,675 - optuna.study._optimize - INFO - Trial 193 pruned. 
2026-05-15 05:46:26,410 - optuna.study.study - INFO - Trial 194 finished with value: 0.024814563724532553 and parameters: {'n_layers': 4, 'embedding_dim': 96, 'lr': 0.019904038361654178, 'lambda_val': 7.963455140120213e-05, 'batch_size': 4050, 'optimizer': 'RMSprop'}. Best is trial 42 with value: 0.0287930838515238.
2026-05-15 05:46:30,012 - optuna.study._optimize - INFO - Trial 195 pruned. 
2026-05-15 05:46:34,327 - optuna.study._optimize - INFO - Trial 196 pruned. 
2026-05-15 05:46:38,636 - optuna.study._optimize - INFO - Trial 197 pruned. 
2026-05-15 05:46:43,511 - optuna.study._optimize - INFO - Trial 198 pruned. 
2026-05-15 05:47:19,670 - optuna.study.study - INFO - Trial 199 finished with value: 0.025762083709056045 and parameters: {'n_layers': 4, 'embedding_dim': 96, 'lr': 0.015348821127687186, 'lambda_val': 8.888308912308326e-05, 'batch_size': 3841, 'optimizer': 'RMSprop'}. Best is trial 42 with value: 0.0287930838515238.
2026-05-15 05:47:51,590 - root - INFO -   ** Getting the trainable edges:
2026-05-15 05:47:51,595 - helper_functions - INFO -      Number of nodes: 547
2026-05-15 05:47:51,595 - helper_functions - INFO -      Ratio: 0.06036861273590111
2026-05-15 05:47:51,595 - helper_functions - INFO -      Number of unique users: 320
2026-05-15 05:47:51,595 - helper_functions - INFO -      Number of unique items: 227
2026-05-15 05:47:51,595 - helper_functions - INFO -      Total dominant set edge: 66391
2026-05-15 05:47:51,595 - helper_functions - INFO -      Trainable edges: 53112.8
2026-05-15 05:47:51,603 - root - INFO -   **** Getting 66391 dominant set edges
2026-05-15 05:47:52,755 - optuna.storages._rdb.storage - INFO - A new study created in RDB with name: Study_e_100K_1c1dcs
2026-05-15 05:48:51,507 - optuna.study.study - INFO - Trial 0 finished with value: 0.01504731794470007 and parameters: {'n_layers': 4, 'embedding_dim': 128, 'lr': 8.117862054025959e-05, 'lambda_val': 1.1253869971658308e-06, 'batch_size': 2088, 'optimizer': 'RMSprop'}. Best is trial 0 with value: 0.01504731794470007.
2026-05-15 05:49:44,209 - optuna.study.study - INFO - Trial 1 finished with value: 0.00493960781083622 and parameters: {'n_layers': 3, 'embedding_dim': 96, 'lr': 1.079667121439353e-05, 'lambda_val': 1.4383520123270266e-06, 'batch_size': 1061, 'optimizer': 'Adam'}. Best is trial 0 with value: 0.01504731794470007.
2026-05-15 05:50:19,432 - optuna.study.study - INFO - Trial 2 finished with value: 0.00122213797732412 and parameters: {'n_layers': 2, 'embedding_dim': 128, 'lr': 0.00017064629599367287, 'lambda_val': 0.03895097899605371, 'batch_size': 1746, 'optimizer': 'SGD'}. Best is trial 0 with value: 0.01504731794470007.
2026-05-15 05:50:45,874 - optuna.study.study - INFO - Trial 3 finished with value: 0.001715546560676835 and parameters: {'n_layers': 1, 'embedding_dim': 128, 'lr': 0.0005187345121617017, 'lambda_val': 3.580810594986037e-05, 'batch_size': 3126, 'optimizer': 'SGD'}. Best is trial 0 with value: 0.01504731794470007.
2026-05-15 05:51:45,388 - optuna.study.study - INFO - Trial 4 finished with value: 0.010009099685643752 and parameters: {'n_layers': 4, 'embedding_dim': 256, 'lr': 0.0022597935920765557, 'lambda_val': 0.01767084705080306, 'batch_size': 1417, 'optimizer': 'RMSprop'}. Best is trial 0 with value: 0.01504731794470007.
2026-05-15 05:52:01,954 - optuna.study._optimize - INFO - Trial 5 pruned. 
2026-05-15 05:52:09,793 - optuna.study._optimize - INFO - Trial 6 pruned. 
2026-05-15 05:53:02,172 - optuna.study.study - INFO - Trial 7 finished with value: 0.051708280072714656 and parameters: {'n_layers': 1, 'embedding_dim': 64, 'lr': 0.00033934968380389314, 'lambda_val': 3.348790017251595e-05, 'batch_size': 2669, 'optimizer': 'RMSprop'}. Best is trial 7 with value: 0.051708280072714656.
2026-05-15 05:53:10,839 - optuna.study._optimize - INFO - Trial 8 pruned. 
2026-05-15 05:53:54,674 - optuna.study.study - INFO - Trial 9 finished with value: 0.037673119610006016 and parameters: {'n_layers': 1, 'embedding_dim': 64, 'lr': 0.04552014118187994, 'lambda_val': 7.307470437828412e-05, 'batch_size': 1254, 'optimizer': 'Adam'}. Best is trial 7 with value: 0.051708280072714656.
2026-05-15 05:54:29,487 - optuna.study.study - INFO - Trial 10 finished with value: 0.020667219115389233 and parameters: {'n_layers': 1, 'embedding_dim': 32, 'lr': 0.004107062588873061, 'lambda_val': 1.158438777422905e-05, 'batch_size': 2988, 'optimizer': 'RMSprop'}. Best is trial 7 with value: 0.051708280072714656.
2026-05-15 05:54:56,830 - optuna.study.study - INFO - Trial 11 finished with value: 0.04019993088620903 and parameters: {'n_layers': 1, 'embedding_dim': 64, 'lr': 0.02206230426956253, 'lambda_val': 5.6652779030288573e-05, 'batch_size': 592, 'optimizer': 'Adam'}. Best is trial 7 with value: 0.051708280072714656.
2026-05-15 05:55:00,692 - optuna.study._optimize - INFO - Trial 12 pruned. 
2026-05-15 05:55:30,841 - optuna.study.study - INFO - Trial 13 finished with value: 0.048371322537615724 and parameters: {'n_layers': 1, 'embedding_dim': 64, 'lr': 0.0007418611039227121, 'lambda_val': 0.00293593101555426, 'batch_size': 3873, 'optimizer': 'Adam'}. Best is trial 7 with value: 0.051708280072714656.
2026-05-15 05:56:00,947 - optuna.study.study - INFO - Trial 14 finished with value: 0.05007503743657962 and parameters: {'n_layers': 1, 'embedding_dim': 64, 'lr': 0.0004426125075563598, 'lambda_val': 0.002438529461058461, 'batch_size': 3951, 'optimizer': 'RMSprop'}. Best is trial 7 with value: 0.051708280072714656.
2026-05-15 05:56:49,013 - optuna.study.study - INFO - Trial 15 finished with value: 0.02905194925124002 and parameters: {'n_layers': 2, 'embedding_dim': 256, 'lr': 0.00022541926211006236, 'lambda_val': 0.0030262898209564362, 'batch_size': 3997, 'optimizer': 'RMSprop'}. Best is trial 7 with value: 0.051708280072714656.
2026-05-15 05:57:19,411 - optuna.study.study - INFO - Trial 16 finished with value: 0.035516483245908184 and parameters: {'n_layers': 1, 'embedding_dim': 32, 'lr': 0.0015404396382163645, 'lambda_val': 0.0001933392044921589, 'batch_size': 2792, 'optimizer': 'RMSprop'}. Best is trial 7 with value: 0.051708280072714656.
2026-05-15 05:57:23,608 - optuna.study._optimize - INFO - Trial 17 pruned. 
2026-05-15 05:57:52,570 - optuna.study.study - INFO - Trial 18 finished with value: 0.049795513828061445 and parameters: {'n_layers': 1, 'embedding_dim': 64, 'lr': 0.0003409716041629152, 'lambda_val': 0.0002075307226159012, 'batch_size': 3551, 'optimizer': 'RMSprop'}. Best is trial 7 with value: 0.051708280072714656.
2026-05-15 05:57:56,594 - optuna.study._optimize - INFO - Trial 19 pruned. 
2026-05-15 05:58:26,088 - optuna.study.study - INFO - Trial 20 finished with value: 0.05033889438223414 and parameters: {'n_layers': 1, 'embedding_dim': 64, 'lr': 0.00015076878256939952, 'lambda_val': 0.009264031062766954, 'batch_size': 2512, 'optimizer': 'RMSprop'}. Best is trial 7 with value: 0.051708280072714656.
2026-05-15 05:58:29,680 - optuna.study._optimize - INFO - Trial 21 pruned. 
2026-05-15 05:59:02,203 - optuna.study.study - INFO - Trial 22 finished with value: 0.0601172269488754 and parameters: {'n_layers': 1, 'embedding_dim': 64, 'lr': 0.000133257859425539, 'lambda_val': 0.0014407469119998217, 'batch_size': 3184, 'optimizer': 'RMSprop'}. Best is trial 22 with value: 0.0601172269488754.
2026-05-15 05:59:34,130 - optuna.study.study - INFO - Trial 23 finished with value: 0.057790056354347974 and parameters: {'n_layers': 1, 'embedding_dim': 64, 'lr': 0.00011033277362056594, 'lambda_val': 0.0005583802228702515, 'batch_size': 3151, 'optimizer': 'RMSprop'}. Best is trial 22 with value: 0.0601172269488754.
2026-05-15 05:59:38,969 - optuna.study._optimize - INFO - Trial 24 pruned. 
2026-05-15 06:00:16,704 - optuna.study.study - INFO - Trial 25 finished with value: 0.08080075086879152 and parameters: {'n_layers': 1, 'embedding_dim': 256, 'lr': 0.00011006559219945043, 'lambda_val': 0.00015909509291681088, 'batch_size': 2904, 'optimizer': 'RMSprop'}. Best is trial 25 with value: 0.08080075086879152.
2026-05-15 06:00:22,280 - optuna.study._optimize - INFO - Trial 26 pruned. 
2026-05-15 06:00:57,401 - optuna.study.study - INFO - Trial 27 finished with value: 0.07378262339003949 and parameters: {'n_layers': 1, 'embedding_dim': 256, 'lr': 0.0001230850357180827, 'lambda_val': 0.0001356631755655665, 'batch_size': 3605, 'optimizer': 'RMSprop'}. Best is trial 25 with value: 0.08080075086879152.
2026-05-15 06:01:09,318 - optuna.study._optimize - INFO - Trial 28 pruned. 
2026-05-15 06:01:19,034 - optuna.study._optimize - INFO - Trial 29 pruned. 
2026-05-15 06:01:53,775 - optuna.study.study - INFO - Trial 30 finished with value: 0.08207126678584323 and parameters: {'n_layers': 1, 'embedding_dim': 256, 'lr': 0.00020198489865766385, 'lambda_val': 8.039022700398173e-05, 'batch_size': 3345, 'optimizer': 'RMSprop'}. Best is trial 30 with value: 0.08207126678584323.
2026-05-15 06:02:29,862 - optuna.study.study - INFO - Trial 31 finished with value: 0.07692328347105239 and parameters: {'n_layers': 1, 'embedding_dim': 256, 'lr': 0.0002110164292401318, 'lambda_val': 8.815183458826227e-05, 'batch_size': 2840, 'optimizer': 'RMSprop'}. Best is trial 30 with value: 0.08207126678584323.
2026-05-15 06:02:33,849 - optuna.study._optimize - INFO - Trial 32 pruned. 
2026-05-15 06:03:19,966 - optuna.study.study - INFO - Trial 33 finished with value: 0.07050960176341628 and parameters: {'n_layers': 1, 'embedding_dim': 256, 'lr': 0.00019825608103065385, 'lambda_val': 2.1094518935023057e-05, 'batch_size': 3355, 'optimizer': 'RMSprop'}. Best is trial 30 with value: 0.08207126678584323.
2026-05-15 06:03:28,057 - optuna.study._optimize - INFO - Trial 34 pruned. 
2026-05-15 06:04:03,144 - optuna.study.study - INFO - Trial 35 finished with value: 0.060618130684535934 and parameters: {'n_layers': 1, 'embedding_dim': 256, 'lr': 0.0006900224935918826, 'lambda_val': 0.00011730885527686999, 'batch_size': 2956, 'optimizer': 'RMSprop'}. Best is trial 30 with value: 0.08207126678584323.
2026-05-15 06:04:06,989 - optuna.study._optimize - INFO - Trial 36 pruned. 
2026-05-15 06:04:11,057 - optuna.study._optimize - INFO - Trial 37 pruned. 
2026-05-15 06:04:18,153 - optuna.study._optimize - INFO - Trial 38 pruned. 
2026-05-15 06:04:23,301 - optuna.study._optimize - INFO - Trial 39 pruned. 
2026-05-15 06:04:28,159 - optuna.study._optimize - INFO - Trial 40 pruned. 
2026-05-15 06:05:05,433 - optuna.study.study - INFO - Trial 41 finished with value: 0.07534962855543069 and parameters: {'n_layers': 1, 'embedding_dim': 256, 'lr': 0.00019515244841341394, 'lambda_val': 1.8537840356808543e-05, 'batch_size': 3428, 'optimizer': 'RMSprop'}. Best is trial 30 with value: 0.08207126678584323.
2026-05-15 06:05:41,564 - optuna.study.study - INFO - Trial 42 finished with value: 0.08364836549281252 and parameters: {'n_layers': 1, 'embedding_dim': 256, 'lr': 0.00017854774138153996, 'lambda_val': 4.350422691559574e-05, 'batch_size': 3310, 'optimizer': 'RMSprop'}. Best is trial 42 with value: 0.08364836549281252.
2026-05-15 06:06:28,802 - optuna.study.study - INFO - Trial 43 finished with value: 0.0847902001530553 and parameters: {'n_layers': 1, 'embedding_dim': 256, 'lr': 0.00020421210116026092, 'lambda_val': 1.3366607538651176e-05, 'batch_size': 3293, 'optimizer': 'RMSprop'}. Best is trial 43 with value: 0.0847902001530553.
2026-05-15 06:06:32,758 - optuna.study._optimize - INFO - Trial 44 pruned. 
2026-05-15 06:06:36,194 - optuna.study._optimize - INFO - Trial 45 pruned. 
2026-05-15 06:07:04,784 - optuna.study.study - INFO - Trial 46 finished with value: 0.060059450085419144 and parameters: {'n_layers': 1, 'embedding_dim': 96, 'lr': 0.0008026292012493686, 'lambda_val': 4.1093170145440856e-05, 'batch_size': 2704, 'optimizer': 'Adam'}. Best is trial 43 with value: 0.0847902001530553.
2026-05-15 06:07:32,256 - optuna.study.study - INFO - Trial 47 finished with value: 0.05426518528035046 and parameters: {'n_layers': 1, 'embedding_dim': 128, 'lr': 0.0005317579654192262, 'lambda_val': 2.8757765963160973e-06, 'batch_size': 2138, 'optimizer': 'RMSprop'}. Best is trial 43 with value: 0.0847902001530553.
2026-05-15 06:08:15,421 - optuna.study.study - INFO - Trial 48 finished with value: 0.078651637941843 and parameters: {'n_layers': 1, 'embedding_dim': 256, 'lr': 0.00022533175949999767, 'lambda_val': 6.184285624886536e-05, 'batch_size': 2904, 'optimizer': 'RMSprop'}. Best is trial 43 with value: 0.0847902001530553.
2026-05-15 06:08:20,523 - optuna.study._optimize - INFO - Trial 49 pruned. 
2026-05-15 06:08:24,809 - optuna.study._optimize - INFO - Trial 50 pruned. 
2026-05-15 06:09:08,612 - optuna.study.study - INFO - Trial 51 finished with value: 0.07175882165098371 and parameters: {'n_layers': 1, 'embedding_dim': 256, 'lr': 0.0002151849731347845, 'lambda_val': 6.628917580245883e-05, 'batch_size': 2975, 'optimizer': 'RMSprop'}. Best is trial 43 with value: 0.0847902001530553.
2026-05-15 06:09:13,135 - optuna.study._optimize - INFO - Trial 52 pruned. 
2026-05-15 06:09:48,738 - optuna.study.study - INFO - Trial 53 finished with value: 0.07038353242881386 and parameters: {'n_layers': 1, 'embedding_dim': 256, 'lr': 0.0003096410928718706, 'lambda_val': 0.00033099509592017924, 'batch_size': 3040, 'optimizer': 'RMSprop'}. Best is trial 43 with value: 0.0847902001530553.
2026-05-15 06:10:34,979 - optuna.study.study - INFO - Trial 54 finished with value: 0.08250696626578312 and parameters: {'n_layers': 1, 'embedding_dim': 256, 'lr': 0.00014443302925353, 'lambda_val': 5.1514269418298545e-05, 'batch_size': 3328, 'optimizer': 'RMSprop'}. Best is trial 43 with value: 0.0847902001530553.
2026-05-15 06:10:39,357 - optuna.study._optimize - INFO - Trial 55 pruned. 
2026-05-15 06:11:14,853 - optuna.study.study - INFO - Trial 56 finished with value: 0.05977512440922904 and parameters: {'n_layers': 1, 'embedding_dim': 256, 'lr': 0.00042148383825928415, 'lambda_val': 2.9116208494394177e-05, 'batch_size': 3328, 'optimizer': 'RMSprop'}. Best is trial 43 with value: 0.0847902001530553.
2026-05-15 06:11:18,849 - optuna.study._optimize - INFO - Trial 57 pruned. 
2026-05-15 06:11:23,155 - optuna.study._optimize - INFO - Trial 58 pruned. 
2026-05-15 06:11:28,380 - optuna.study._optimize - INFO - Trial 59 pruned. 
2026-05-15 06:11:34,976 - optuna.study._optimize - INFO - Trial 60 pruned. 
2026-05-15 06:12:16,675 - optuna.study.study - INFO - Trial 61 finished with value: 0.0762499029728458 and parameters: {'n_layers': 1, 'embedding_dim': 256, 'lr': 0.00023864124100419614, 'lambda_val': 9.423648887431174e-05, 'batch_size': 2712, 'optimizer': 'RMSprop'}. Best is trial 43 with value: 0.0847902001530553.
2026-05-15 06:12:21,018 - optuna.study._optimize - INFO - Trial 62 pruned. 
2026-05-15 06:12:55,471 - optuna.study.study - INFO - Trial 63 finished with value: 0.08346920359336499 and parameters: {'n_layers': 1, 'embedding_dim': 256, 'lr': 0.00015749678959939167, 'lambda_val': 7.451831048814879e-05, 'batch_size': 2385, 'optimizer': 'RMSprop'}. Best is trial 43 with value: 0.0847902001530553.
2026-05-15 06:12:59,489 - optuna.study._optimize - INFO - Trial 64 pruned. 
2026-05-15 06:13:34,473 - optuna.study.study - INFO - Trial 65 finished with value: 0.08464718901489063 and parameters: {'n_layers': 1, 'embedding_dim': 256, 'lr': 0.00012289400027998761, 'lambda_val': 0.0007874906257827884, 'batch_size': 2450, 'optimizer': 'RMSprop'}. Best is trial 43 with value: 0.0847902001530553.
2026-05-15 06:13:38,898 - optuna.study._optimize - INFO - Trial 66 pruned. 
2026-05-15 06:13:43,223 - optuna.study._optimize - INFO - Trial 67 pruned. 
2026-05-15 06:14:30,018 - optuna.study.study - INFO - Trial 68 finished with value: 0.07028345268317972 and parameters: {'n_layers': 1, 'embedding_dim': 256, 'lr': 0.0003807811151417334, 'lambda_val': 0.0007156533220415905, 'batch_size': 2458, 'optimizer': 'RMSprop'}. Best is trial 43 with value: 0.0847902001530553.
2026-05-15 06:14:34,467 - optuna.study._optimize - INFO - Trial 69 pruned. 
2026-05-15 06:14:38,598 - optuna.study._optimize - INFO - Trial 70 pruned. 
2026-05-15 06:15:14,137 - optuna.study.study - INFO - Trial 71 finished with value: 0.0790295725891447 and parameters: {'n_layers': 1, 'embedding_dim': 256, 'lr': 0.00016868270199238975, 'lambda_val': 2.8448112092032934e-05, 'batch_size': 3109, 'optimizer': 'RMSprop'}. Best is trial 43 with value: 0.0847902001530553.
2026-05-15 06:16:01,993 - optuna.study.study - INFO - Trial 72 finished with value: 0.07542898849386442 and parameters: {'n_layers': 1, 'embedding_dim': 256, 'lr': 0.00017199111635379672, 'lambda_val': 2.6304786765638425e-05, 'batch_size': 3102, 'optimizer': 'RMSprop'}. Best is trial 43 with value: 0.0847902001530553.
2026-05-15 06:16:06,310 - optuna.study._optimize - INFO - Trial 73 pruned. 
2026-05-15 06:16:10,540 - optuna.study._optimize - INFO - Trial 74 pruned. 
2026-05-15 06:16:14,869 - optuna.study._optimize - INFO - Trial 75 pruned. 
2026-05-15 06:16:18,987 - optuna.study._optimize - INFO - Trial 76 pruned. 
2026-05-15 06:16:49,519 - optuna.study.study - INFO - Trial 77 finished with value: 0.07077371069406589 and parameters: {'n_layers': 1, 'embedding_dim': 128, 'lr': 0.0002740577722116477, 'lambda_val': 0.00014880717330404428, 'batch_size': 3477, 'optimizer': 'RMSprop'}. Best is trial 43 with value: 0.0847902001530553.
2026-05-15 06:16:54,586 - optuna.study._optimize - INFO - Trial 78 pruned. 
2026-05-15 06:16:59,225 - optuna.study._optimize - INFO - Trial 79 pruned. 
2026-05-15 06:17:03,013 - optuna.study._optimize - INFO - Trial 80 pruned. 
2026-05-15 06:17:38,890 - optuna.study.study - INFO - Trial 81 finished with value: 0.07471082212711407 and parameters: {'n_layers': 1, 'embedding_dim': 256, 'lr': 0.0002631102514410725, 'lambda_val': 7.27731852432406e-05, 'batch_size': 2903, 'optimizer': 'RMSprop'}. Best is trial 43 with value: 0.0847902001530553.
2026-05-15 06:17:43,770 - optuna.study._optimize - INFO - Trial 82 pruned. 
2026-05-15 06:18:18,555 - optuna.study.study - INFO - Trial 83 finished with value: 0.06948111782722509 and parameters: {'n_layers': 1, 'embedding_dim': 256, 'lr': 0.0003497492627679653, 'lambda_val': 0.00011587408186929025, 'batch_size': 3175, 'optimizer': 'RMSprop'}. Best is trial 43 with value: 0.0847902001530553.
2026-05-15 06:18:25,691 - optuna.study._optimize - INFO - Trial 84 pruned. 
2026-05-15 06:18:30,059 - optuna.study._optimize - INFO - Trial 85 pruned. 
2026-05-15 06:19:14,535 - optuna.study.study - INFO - Trial 86 finished with value: 0.06848062152764384 and parameters: {'n_layers': 1, 'embedding_dim': 256, 'lr': 0.00023158256567380717, 'lambda_val': 6.082724619002523e-05, 'batch_size': 2911, 'optimizer': 'RMSprop'}. Best is trial 43 with value: 0.0847902001530553.
2026-05-15 06:19:19,898 - optuna.study._optimize - INFO - Trial 87 pruned. 
2026-05-15 06:19:24,305 - optuna.study._optimize - INFO - Trial 88 pruned. 
2026-05-15 06:19:29,236 - optuna.study._optimize - INFO - Trial 89 pruned. 
2026-05-15 06:19:33,631 - optuna.study._optimize - INFO - Trial 90 pruned. 
2026-05-15 06:20:08,211 - optuna.study.study - INFO - Trial 91 finished with value: 0.08259379081256943 and parameters: {'n_layers': 1, 'embedding_dim': 256, 'lr': 0.00018492096409321307, 'lambda_val': 0.0003013374483977809, 'batch_size': 2866, 'optimizer': 'RMSprop'}. Best is trial 43 with value: 0.0847902001530553.
2026-05-15 06:20:12,582 - optuna.study._optimize - INFO - Trial 92 pruned. 
2026-05-15 06:20:16,933 - optuna.study._optimize - INFO - Trial 93 pruned. 
2026-05-15 06:20:50,913 - optuna.study.study - INFO - Trial 94 finished with value: 0.06542754566277682 and parameters: {'n_layers': 1, 'embedding_dim': 256, 'lr': 0.0003126306466077138, 'lambda_val': 0.0012245650448814355, 'batch_size': 2927, 'optimizer': 'RMSprop'}. Best is trial 43 with value: 0.0847902001530553.
2026-05-15 06:20:54,522 - optuna.study._optimize - INFO - Trial 95 pruned. 
2026-05-15 06:20:58,795 - optuna.study._optimize - INFO - Trial 96 pruned. 
2026-05-15 06:21:28,697 - optuna.study.study - INFO - Trial 97 finished with value: 0.07572009801310091 and parameters: {'n_layers': 1, 'embedding_dim': 128, 'lr': 0.0002648447781528165, 'lambda_val': 0.00013684965309153374, 'batch_size': 2306, 'optimizer': 'RMSprop'}. Best is trial 43 with value: 0.0847902001530553.
2026-05-15 06:21:32,814 - optuna.study._optimize - INFO - Trial 98 pruned. 
2026-05-15 06:22:07,341 - optuna.study.study - INFO - Trial 99 finished with value: 0.0676994474701036 and parameters: {'n_layers': 1, 'embedding_dim': 256, 'lr': 0.0005614908216470888, 'lambda_val': 3.379120496072189e-05, 'batch_size': 3322, 'optimizer': 'Adam'}. Best is trial 43 with value: 0.0847902001530553.
2026-05-15 06:22:10,998 - optuna.study._optimize - INFO - Trial 100 pruned. 
2026-05-15 06:22:15,372 - optuna.study._optimize - INFO - Trial 101 pruned. 
2026-05-15 06:22:50,718 - optuna.study.study - INFO - Trial 102 finished with value: 0.06826724097471909 and parameters: {'n_layers': 1, 'embedding_dim': 256, 'lr': 0.0003889645842048444, 'lambda_val': 7.738411746737887e-05, 'batch_size': 2902, 'optimizer': 'RMSprop'}. Best is trial 43 with value: 0.0847902001530553.
2026-05-15 06:22:55,079 - optuna.study._optimize - INFO - Trial 103 pruned. 
2026-05-15 06:22:59,486 - optuna.study._optimize - INFO - Trial 104 pruned. 
2026-05-15 06:23:03,627 - optuna.study._optimize - INFO - Trial 105 pruned. 
2026-05-15 06:23:07,957 - optuna.study._optimize - INFO - Trial 106 pruned. 
2026-05-15 06:23:14,164 - optuna.study._optimize - INFO - Trial 107 pruned. 
2026-05-15 06:23:19,035 - optuna.study._optimize - INFO - Trial 108 pruned. 
2026-05-15 06:23:27,153 - optuna.study._optimize - INFO - Trial 109 pruned. 
2026-05-15 06:23:31,416 - optuna.study._optimize - INFO - Trial 110 pruned. 
2026-05-15 06:24:07,098 - optuna.study.study - INFO - Trial 111 finished with value: 0.07533027507165187 and parameters: {'n_layers': 1, 'embedding_dim': 256, 'lr': 0.00022360154600178155, 'lambda_val': 9.017570718971007e-05, 'batch_size': 2863, 'optimizer': 'RMSprop'}. Best is trial 43 with value: 0.0847902001530553.
2026-05-15 06:24:42,586 - optuna.study.study - INFO - Trial 112 finished with value: 0.07632095756540676 and parameters: {'n_layers': 1, 'embedding_dim': 256, 'lr': 0.00024376137092779537, 'lambda_val': 0.00012401008149226405, 'batch_size': 2357, 'optimizer': 'RMSprop'}. Best is trial 43 with value: 0.0847902001530553.
2026-05-15 06:25:19,272 - optuna.study.study - INFO - Trial 113 finished with value: 0.07762214133636383 and parameters: {'n_layers': 1, 'embedding_dim': 256, 'lr': 0.0002862648747339718, 'lambda_val': 0.0001511023756993812, 'batch_size': 3401, 'optimizer': 'RMSprop'}. Best is trial 43 with value: 0.0847902001530553.
2026-05-15 06:25:23,751 - optuna.study._optimize - INFO - Trial 114 pruned. 
2026-05-15 06:25:28,707 - optuna.study._optimize - INFO - Trial 115 pruned. 
2026-05-15 06:25:33,041 - optuna.study._optimize - INFO - Trial 116 pruned. 
2026-05-15 06:26:10,446 - optuna.study.study - INFO - Trial 117 finished with value: 0.07175195447906185 and parameters: {'n_layers': 1, 'embedding_dim': 256, 'lr': 0.0006678497136740864, 'lambda_val': 0.00025285426967182524, 'batch_size': 2065, 'optimizer': 'RMSprop'}. Best is trial 43 with value: 0.0847902001530553.
2026-05-15 06:26:20,923 - optuna.study._optimize - INFO - Trial 118 pruned. 
2026-05-15 06:26:55,956 - optuna.study.study - INFO - Trial 119 finished with value: 0.07019768112200662 and parameters: {'n_layers': 1, 'embedding_dim': 256, 'lr': 0.00045791168983348957, 'lambda_val': 1.5835434745863116e-05, 'batch_size': 2985, 'optimizer': 'Adam'}. Best is trial 43 with value: 0.0847902001530553.
2026-05-15 06:27:01,976 - optuna.study._optimize - INFO - Trial 120 pruned. 
2026-05-15 06:27:36,407 - optuna.study.study - INFO - Trial 121 finished with value: 0.07470056207942001 and parameters: {'n_layers': 1, 'embedding_dim': 256, 'lr': 0.0002599156394252319, 'lambda_val': 0.0001249415639842903, 'batch_size': 2355, 'optimizer': 'RMSprop'}. Best is trial 43 with value: 0.0847902001530553.
2026-05-15 06:27:41,196 - optuna.study._optimize - INFO - Trial 122 pruned. 
2026-05-15 06:27:45,744 - optuna.study._optimize - INFO - Trial 123 pruned. 
2026-05-15 06:28:21,055 - optuna.study.study - INFO - Trial 124 finished with value: 0.07988415089642582 and parameters: {'n_layers': 1, 'embedding_dim': 256, 'lr': 0.0002534638129910689, 'lambda_val': 0.00019472652090597278, 'batch_size': 3173, 'optimizer': 'RMSprop'}. Best is trial 43 with value: 0.0847902001530553.
2026-05-15 06:28:25,776 - optuna.study._optimize - INFO - Trial 125 pruned. 
2026-05-15 06:29:02,504 - optuna.study.study - INFO - Trial 126 finished with value: 0.0654633711962896 and parameters: {'n_layers': 1, 'embedding_dim': 256, 'lr': 0.0003922181927363662, 'lambda_val': 0.00021821646077792843, 'batch_size': 3137, 'optimizer': 'RMSprop'}. Best is trial 43 with value: 0.0847902001530553.
2026-05-15 06:29:06,766 - optuna.study._optimize - INFO - Trial 127 pruned. 
2026-05-15 06:29:11,150 - optuna.study._optimize - INFO - Trial 128 pruned. 
2026-05-15 06:29:15,446 - optuna.study._optimize - INFO - Trial 129 pruned. 
2026-05-15 06:29:19,797 - optuna.study._optimize - INFO - Trial 130 pruned. 
2026-05-15 06:29:57,076 - optuna.study.study - INFO - Trial 131 finished with value: 0.07785231611115909 and parameters: {'n_layers': 1, 'embedding_dim': 256, 'lr': 0.000239430126579234, 'lambda_val': 0.00017616776859890343, 'batch_size': 2167, 'optimizer': 'RMSprop'}. Best is trial 43 with value: 0.0847902001530553.
2026-05-15 06:30:31,185 - optuna.study.study - INFO - Trial 132 finished with value: 0.08120610173175696 and parameters: {'n_layers': 1, 'embedding_dim': 256, 'lr': 0.00026838622893871923, 'lambda_val': 0.000280247729675973, 'batch_size': 2146, 'optimizer': 'RMSprop'}. Best is trial 43 with value: 0.0847902001530553.
2026-05-15 06:30:43,601 - optuna.study._optimize - INFO - Trial 133 pruned. 
2026-05-15 06:30:51,029 - optuna.study._optimize - INFO - Trial 134 pruned. 
2026-05-15 06:30:55,311 - optuna.study._optimize - INFO - Trial 135 pruned. 
2026-05-15 06:31:29,812 - optuna.study.study - INFO - Trial 136 finished with value: 0.07221074758986903 and parameters: {'n_layers': 1, 'embedding_dim': 256, 'lr': 0.00030333565023821414, 'lambda_val': 0.0001740978904145901, 'batch_size': 2164, 'optimizer': 'RMSprop'}. Best is trial 43 with value: 0.0847902001530553.
2026-05-15 06:32:03,838 - optuna.study.study - INFO - Trial 137 finished with value: 0.07751529773780418 and parameters: {'n_layers': 1, 'embedding_dim': 256, 'lr': 0.0002340299948686309, 'lambda_val': 0.0007023642461942275, 'batch_size': 1762, 'optimizer': 'RMSprop'}. Best is trial 43 with value: 0.0847902001530553.
2026-05-15 06:32:07,745 - optuna.study._optimize - INFO - Trial 138 pruned. 
2026-05-15 06:32:14,793 - optuna.study._optimize - INFO - Trial 139 pruned. 
2026-05-15 06:32:50,897 - optuna.study.study - INFO - Trial 140 finished with value: 0.07120751362592542 and parameters: {'n_layers': 1, 'embedding_dim': 256, 'lr': 0.0003737311185136975, 'lambda_val': 0.0001876981227924336, 'batch_size': 3498, 'optimizer': 'RMSprop'}. Best is trial 43 with value: 0.0847902001530553.
2026-05-15 06:32:55,003 - optuna.study._optimize - INFO - Trial 141 pruned. 
2026-05-15 06:32:59,321 - optuna.study._optimize - INFO - Trial 142 pruned. 
2026-05-15 06:33:03,594 - optuna.study._optimize - INFO - Trial 143 pruned. 
2026-05-15 06:33:37,233 - optuna.study.study - INFO - Trial 144 finished with value: 0.07788631391991956 and parameters: {'n_layers': 1, 'embedding_dim': 256, 'lr': 0.00022769174683283274, 'lambda_val': 0.0005313559845213063, 'batch_size': 2132, 'optimizer': 'RMSprop'}. Best is trial 43 with value: 0.0847902001530553.
2026-05-15 06:33:41,405 - optuna.study._optimize - INFO - Trial 145 pruned. 
2026-05-15 06:33:44,932 - optuna.study._optimize - INFO - Trial 146 pruned. 
2026-05-15 06:33:49,333 - optuna.study._optimize - INFO - Trial 147 pruned. 
2026-05-15 06:33:54,088 - optuna.study._optimize - INFO - Trial 148 pruned. 
2026-05-15 06:33:57,851 - optuna.study._optimize - INFO - Trial 149 pruned. 
2026-05-15 06:34:02,782 - optuna.study._optimize - INFO - Trial 150 pruned. 
2026-05-15 06:34:35,924 - optuna.study.study - INFO - Trial 151 finished with value: 0.08081268413839417 and parameters: {'n_layers': 1, 'embedding_dim': 256, 'lr': 0.00022878174839832872, 'lambda_val': 0.0008747054813370368, 'batch_size': 1433, 'optimizer': 'RMSprop'}. Best is trial 43 with value: 0.0847902001530553.
2026-05-15 06:34:40,037 - optuna.study._optimize - INFO - Trial 152 pruned. 
2026-05-15 06:34:44,274 - optuna.study._optimize - INFO - Trial 153 pruned. 
2026-05-15 06:34:48,764 - optuna.study._optimize - INFO - Trial 154 pruned. 
2026-05-15 06:34:53,203 - optuna.study._optimize - INFO - Trial 155 pruned. 
2026-05-15 06:34:57,500 - optuna.study._optimize - INFO - Trial 156 pruned. 
2026-05-15 06:35:01,006 - optuna.study._optimize - INFO - Trial 157 pruned. 
2026-05-15 06:35:34,139 - optuna.study.study - INFO - Trial 158 finished with value: 0.07776559625930765 and parameters: {'n_layers': 1, 'embedding_dim': 256, 'lr': 0.0002685882358745811, 'lambda_val': 0.0007720202802451382, 'batch_size': 1190, 'optimizer': 'RMSprop'}. Best is trial 43 with value: 0.0847902001530553.
2026-05-15 06:35:38,705 - optuna.study._optimize - INFO - Trial 159 pruned. 
2026-05-15 06:35:42,798 - optuna.study._optimize - INFO - Trial 160 pruned. 
2026-05-15 06:36:23,050 - optuna.study.study - INFO - Trial 161 finished with value: 0.08123136897088148 and parameters: {'n_layers': 1, 'embedding_dim': 256, 'lr': 0.0002756658112784762, 'lambda_val': 0.0005078497974038198, 'batch_size': 1578, 'optimizer': 'RMSprop'}. Best is trial 43 with value: 0.0847902001530553.
2026-05-15 06:36:31,303 - optuna.study._optimize - INFO - Trial 162 pruned. 
2026-05-15 06:37:07,020 - optuna.study.study - INFO - Trial 163 finished with value: 0.07996207996856985 and parameters: {'n_layers': 1, 'embedding_dim': 256, 'lr': 0.00027776965216035694, 'lambda_val': 0.0004951663239582549, 'batch_size': 1342, 'optimizer': 'RMSprop'}. Best is trial 43 with value: 0.0847902001530553.
2026-05-15 06:37:43,148 - optuna.study.study - INFO - Trial 164 finished with value: 0.06587623556927508 and parameters: {'n_layers': 1, 'embedding_dim': 256, 'lr': 0.00033943588140849715, 'lambda_val': 0.00043906201385214815, 'batch_size': 1567, 'optimizer': 'RMSprop'}. Best is trial 43 with value: 0.0847902001530553.
2026-05-15 06:37:52,631 - optuna.study._optimize - INFO - Trial 165 pruned. 
2026-05-15 06:37:56,530 - optuna.study._optimize - INFO - Trial 166 pruned. 
2026-05-15 06:39:10,838 - optuna.study.study - INFO - Trial 167 finished with value: 0.07560991507991643 and parameters: {'n_layers': 1, 'embedding_dim': 256, 'lr': 0.00043981479768979124, 'lambda_val': 1.1908625537531706e-06, 'batch_size': 1279, 'optimizer': 'RMSprop'}. Best is trial 43 with value: 0.0847902001530553.
2026-05-15 06:39:21,220 - optuna.study._optimize - INFO - Trial 168 pruned. 
2026-05-15 06:39:31,341 - optuna.study._optimize - INFO - Trial 169 pruned. 
2026-05-15 06:40:24,175 - optuna.study.study - INFO - Trial 170 finished with value: 0.08332828343979931 and parameters: {'n_layers': 1, 'embedding_dim': 256, 'lr': 0.0002065794674338114, 'lambda_val': 2.0889619752616393e-05, 'batch_size': 2207, 'optimizer': 'RMSprop'}. Best is trial 43 with value: 0.0847902001530553.
2026-05-15 06:40:32,491 - optuna.study._optimize - INFO - Trial 171 pruned. 
2026-05-15 06:40:42,822 - optuna.study._optimize - INFO - Trial 172 pruned. 
2026-05-15 06:40:53,866 - optuna.study._optimize - INFO - Trial 173 pruned. 
2026-05-15 06:41:39,806 - optuna.study.study - INFO - Trial 174 finished with value: 0.08235217291548408 and parameters: {'n_layers': 1, 'embedding_dim': 256, 'lr': 0.0002557235842647935, 'lambda_val': 3.346448474821262e-05, 'batch_size': 2520, 'optimizer': 'RMSprop'}. Best is trial 43 with value: 0.0847902001530553.
2026-05-15 06:41:46,496 - optuna.study._optimize - INFO - Trial 175 pruned. 
2026-05-15 06:42:46,188 - optuna.study.study - INFO - Trial 176 finished with value: 0.09667886028792533 and parameters: {'n_layers': 1, 'embedding_dim': 256, 'lr': 0.00015307634158511117, 'lambda_val': 2.1353196343566097e-05, 'batch_size': 2414, 'optimizer': 'RMSprop'}. Best is trial 176 with value: 0.09667886028792533.
2026-05-15 06:42:55,847 - optuna.study._optimize - INFO - Trial 177 pruned. 
2026-05-15 06:43:02,319 - optuna.study._optimize - INFO - Trial 178 pruned. 
2026-05-15 06:43:07,397 - optuna.study._optimize - INFO - Trial 179 pruned. 
2026-05-15 06:44:23,474 - optuna.study.study - INFO - Trial 180 finished with value: 0.0896507319558193 and parameters: {'n_layers': 1, 'embedding_dim': 256, 'lr': 0.00013838060005636783, 'lambda_val': 1.1801069397416312e-05, 'batch_size': 2501, 'optimizer': 'RMSprop'}. Best is trial 176 with value: 0.09667886028792533.
2026-05-15 06:44:28,147 - optuna.study._optimize - INFO - Trial 181 pruned. 
2026-05-15 06:45:40,078 - optuna.study.study - INFO - Trial 182 finished with value: 0.08054785554447053 and parameters: {'n_layers': 1, 'embedding_dim': 256, 'lr': 0.00017846379964222143, 'lambda_val': 1.2245247138507464e-05, 'batch_size': 2704, 'optimizer': 'RMSprop'}. Best is trial 176 with value: 0.09667886028792533.
2026-05-15 06:45:44,363 - optuna.study._optimize - INFO - Trial 183 pruned. 
2026-05-15 06:45:51,893 - optuna.study._optimize - INFO - Trial 184 pruned. 
2026-05-15 06:45:59,181 - optuna.study._optimize - INFO - Trial 185 pruned. 
2026-05-15 06:46:05,447 - optuna.study._optimize - INFO - Trial 186 pruned. 
2026-05-15 06:46:11,622 - optuna.study._optimize - INFO - Trial 187 pruned. 
2026-05-15 06:46:20,522 - optuna.study._optimize - INFO - Trial 188 pruned. 
2026-05-15 06:47:17,927 - optuna.study.study - INFO - Trial 189 finished with value: 0.07742077843672543 and parameters: {'n_layers': 1, 'embedding_dim': 256, 'lr': 0.0002683052137647997, 'lambda_val': 1.722264391308501e-05, 'batch_size': 2746, 'optimizer': 'RMSprop'}. Best is trial 176 with value: 0.09667886028792533.
2026-05-15 06:47:24,744 - optuna.study._optimize - INFO - Trial 190 pruned. 
2026-05-15 06:48:09,997 - optuna.study.study - INFO - Trial 191 finished with value: 0.07529173026500179 and parameters: {'n_layers': 1, 'embedding_dim': 256, 'lr': 0.00020397508030564558, 'lambda_val': 2.04952993565545e-05, 'batch_size': 2879, 'optimizer': 'RMSprop'}. Best is trial 176 with value: 0.09667886028792533.
2026-05-15 06:48:56,993 - optuna.study.study - INFO - Trial 192 finished with value: 0.07092429232533597 and parameters: {'n_layers': 1, 'embedding_dim': 256, 'lr': 0.0002480372373179926, 'lambda_val': 2.6405799641587546e-05, 'batch_size': 2944, 'optimizer': 'RMSprop'}. Best is trial 176 with value: 0.09667886028792533.
2026-05-15 06:49:05,767 - optuna.study._optimize - INFO - Trial 193 pruned. 
2026-05-15 06:49:13,331 - optuna.study._optimize - INFO - Trial 194 pruned. 
2026-05-15 06:50:14,447 - optuna.study.study - INFO - Trial 195 finished with value: 0.0773567435983175 and parameters: {'n_layers': 1, 'embedding_dim': 256, 'lr': 0.0003113694929193965, 'lambda_val': 4.873218507937935e-05, 'batch_size': 2789, 'optimizer': 'RMSprop'}. Best is trial 176 with value: 0.09667886028792533.
2026-05-15 06:50:18,858 - optuna.study._optimize - INFO - Trial 196 pruned. 
2026-05-15 06:50:27,682 - optuna.study._optimize - INFO - Trial 197 pruned. 
2026-05-15 06:50:47,216 - optuna.study._optimize - INFO - Trial 198 pruned. 
2026-05-15 06:50:54,830 - optuna.study._optimize - INFO - Trial 199 pruned. 
2026-05-15 06:51:23,980 - root - INFO - **** Training e_100K_1c2dcs
2026-05-15 06:51:23,980 - root - INFO -   ** 2-Dominant stats:
2026-05-15 06:51:23,980 - root - INFO -   ** Finding the dominant set:
2026-05-15 06:51:42,940 - root - INFO -   ** Getting the trainable edges:
2026-05-15 06:51:42,945 - helper_functions - INFO -      Number of nodes: 3657
2026-05-15 06:51:42,945 - helper_functions - INFO -      Ratio: 0.4035978368833462
2026-05-15 06:51:42,945 - helper_functions - INFO -      Number of unique users: 325
2026-05-15 06:51:42,945 - helper_functions - INFO -      Number of unique items: 3332
2026-05-15 06:51:42,945 - helper_functions - INFO -      Total dominant set edge: 11366
2026-05-15 06:51:42,945 - helper_functions - INFO -      Trainable edges: 9092.800000000001
2026-05-15 06:51:42,948 - root - INFO -   **** Getting 11366 dominant set edges
2026-05-15 06:51:43,070 - optuna.storages._rdb.storage - INFO - A new study created in RDB with name: Study_e_100K_1c2dcs_strict
2026-05-15 06:52:24,296 - optuna.study.study - INFO - Trial 0 finished with value: 0.00931398352205282 and parameters: {'n_layers': 1, 'embedding_dim': 32, 'lr': 0.006359231814093954, 'lambda_val': 0.002187077553055139, 'batch_size': 1182, 'optimizer': 'RMSprop'}. Best is trial 0 with value: 0.00931398352205282.
2026-05-15 06:53:29,120 - optuna.study.study - INFO - Trial 1 finished with value: 0.008829888105659319 and parameters: {'n_layers': 3, 'embedding_dim': 256, 'lr': 4.002883750829943e-05, 'lambda_val': 5.735424795088957e-05, 'batch_size': 2710, 'optimizer': 'Adam'}. Best is trial 0 with value: 0.00931398352205282.
2026-05-15 06:54:15,927 - optuna.study.study - INFO - Trial 2 finished with value: 0.0027252395413516093 and parameters: {'n_layers': 1, 'embedding_dim': 32, 'lr': 0.0004126871082415558, 'lambda_val': 0.05847426569359775, 'batch_size': 3356, 'optimizer': 'SGD'}. Best is trial 0 with value: 0.00931398352205282.
2026-05-15 06:55:07,274 - optuna.study.study - INFO - Trial 3 finished with value: 0.000831992941476446 and parameters: {'n_layers': 4, 'embedding_dim': 128, 'lr': 0.0019699257815028277, 'lambda_val': 0.0001253598370986951, 'batch_size': 2573, 'optimizer': 'SGD'}. Best is trial 0 with value: 0.00931398352205282.
2026-05-15 06:55:34,797 - optuna.study.study - INFO - Trial 4 finished with value: 0.002518115276078732 and parameters: {'n_layers': 2, 'embedding_dim': 32, 'lr': 0.0006071596106002913, 'lambda_val': 0.010151258644202747, 'batch_size': 3836, 'optimizer': 'SGD'}. Best is trial 0 with value: 0.00931398352205282.
2026-05-15 06:55:39,004 - optuna.study._optimize - INFO - Trial 5 pruned. 
2026-05-15 06:55:43,047 - optuna.study._optimize - INFO - Trial 6 pruned. 
2026-05-15 06:56:10,638 - optuna.study.study - INFO - Trial 7 finished with value: 1.6586223482775207e-05 and parameters: {'n_layers': 4, 'embedding_dim': 32, 'lr': 0.000418934096766058, 'lambda_val': 0.01279514283428722, 'batch_size': 1094, 'optimizer': 'Adam'}. Best is trial 0 with value: 0.00931398352205282.
2026-05-15 06:56:50,307 - optuna.study.study - INFO - Trial 8 finished with value: 0.004834863966545037 and parameters: {'n_layers': 2, 'embedding_dim': 256, 'lr': 0.000614190425753399, 'lambda_val': 2.441598746324862e-06, 'batch_size': 2965, 'optimizer': 'Adam'}. Best is trial 0 with value: 0.00931398352205282.
2026-05-15 06:57:31,330 - optuna.study.study - INFO - Trial 9 finished with value: 0.009120401016216358 and parameters: {'n_layers': 2, 'embedding_dim': 96, 'lr': 2.479188041007646e-05, 'lambda_val': 0.00020761634978687192, 'batch_size': 2722, 'optimizer': 'RMSprop'}. Best is trial 0 with value: 0.00931398352205282.
2026-05-15 06:58:27,349 - optuna.study.study - INFO - Trial 10 finished with value: 0.010559909649696136 and parameters: {'n_layers': 1, 'embedding_dim': 64, 'lr': 0.025304825600796315, 'lambda_val': 0.001835163529525667, 'batch_size': 1381, 'optimizer': 'RMSprop'}. Best is trial 10 with value: 0.010559909649696136.
2026-05-15 06:59:07,898 - optuna.study.study - INFO - Trial 11 finished with value: 0.010362005794774524 and parameters: {'n_layers': 1, 'embedding_dim': 64, 'lr': 0.03538945583440119, 'lambda_val': 0.0023991545671310914, 'batch_size': 1287, 'optimizer': 'RMSprop'}. Best is trial 10 with value: 0.010559909649696136.
2026-05-15 06:59:40,873 - optuna.study.study - INFO - Trial 12 finished with value: 0.010474174000672508 and parameters: {'n_layers': 1, 'embedding_dim': 64, 'lr': 0.09066039364101645, 'lambda_val': 0.0014326008415542644, 'batch_size': 1764, 'optimizer': 'RMSprop'}. Best is trial 10 with value: 0.010559909649696136.
2026-05-15 07:00:23,434 - optuna.study.study - INFO - Trial 13 finished with value: 0.010609171023198494 and parameters: {'n_layers': 1, 'embedding_dim': 64, 'lr': 0.09777026212257425, 'lambda_val': 0.0012347246896610216, 'batch_size': 1946, 'optimizer': 'RMSprop'}. Best is trial 13 with value: 0.010609171023198494.
2026-05-15 07:00:37,373 - optuna.study._optimize - INFO - Trial 14 pruned. 
2026-05-15 07:00:42,717 - optuna.study._optimize - INFO - Trial 15 pruned. 
2026-05-15 07:00:58,231 - optuna.study._optimize - INFO - Trial 16 pruned. 
2026-05-15 07:01:36,396 - optuna.study.study - INFO - Trial 17 finished with value: 0.011527973944983826 and parameters: {'n_layers': 1, 'embedding_dim': 96, 'lr': 0.013939034252203138, 'lambda_val': 0.0004175351229535752, 'batch_size': 1635, 'optimizer': 'RMSprop'}. Best is trial 17 with value: 0.011527973944983826.
2026-05-15 07:01:42,220 - optuna.study._optimize - INFO - Trial 18 pruned. 
2026-05-15 07:02:33,421 - optuna.study.study - INFO - Trial 19 finished with value: 0.007218655238165728 and parameters: {'n_layers': 2, 'embedding_dim': 96, 'lr': 0.043180395872877024, 'lambda_val': 1.4403470741321052e-05, 'batch_size': 1600, 'optimizer': 'RMSprop'}. Best is trial 17 with value: 0.011527973944983826.
2026-05-15 07:02:37,606 - optuna.study._optimize - INFO - Trial 20 pruned. 
2026-05-15 07:03:20,577 - optuna.study.study - INFO - Trial 21 finished with value: 0.010929989811467778 and parameters: {'n_layers': 1, 'embedding_dim': 64, 'lr': 0.02021615226624062, 'lambda_val': 0.00041593453661860363, 'batch_size': 1609, 'optimizer': 'RMSprop'}. Best is trial 17 with value: 0.011527973944983826.
2026-05-15 07:04:02,197 - optuna.study.study - INFO - Trial 22 finished with value: 0.01080417165598072 and parameters: {'n_layers': 1, 'embedding_dim': 64, 'lr': 0.013134428699576857, 'lambda_val': 0.0003757022049269492, 'batch_size': 2305, 'optimizer': 'RMSprop'}. Best is trial 17 with value: 0.011527973944983826.
2026-05-15 07:04:17,666 - optuna.study._optimize - INFO - Trial 23 pruned. 
2026-05-15 07:04:59,009 - optuna.study.study - INFO - Trial 24 finished with value: 0.010439563484960302 and parameters: {'n_layers': 1, 'embedding_dim': 64, 'lr': 0.0013356040481504975, 'lambda_val': 0.00014697974884525083, 'batch_size': 1571, 'optimizer': 'RMSprop'}. Best is trial 17 with value: 0.011527973944983826.
2026-05-15 07:05:43,605 - optuna.study.study - INFO - Trial 25 finished with value: 0.012002857631825513 and parameters: {'n_layers': 1, 'embedding_dim': 256, 'lr': 0.003878207826071564, 'lambda_val': 0.0006206893010627479, 'batch_size': 2362, 'optimizer': 'RMSprop'}. Best is trial 25 with value: 0.012002857631825513.
2026-05-15 07:05:50,011 - optuna.study._optimize - INFO - Trial 26 pruned. 
2026-05-15 07:06:43,060 - optuna.study.study - INFO - Trial 27 finished with value: 0.010502717980965179 and parameters: {'n_layers': 1, 'embedding_dim': 256, 'lr': 0.006508816528273843, 'lambda_val': 2.2119108859663047e-05, 'batch_size': 1580, 'optimizer': 'RMSprop'}. Best is trial 25 with value: 0.012002857631825513.
2026-05-15 07:06:59,901 - optuna.study._optimize - INFO - Trial 28 pruned. 
2026-05-15 07:07:22,207 - optuna.study.study - INFO - Trial 29 finished with value: 0.009667898782389144 and parameters: {'n_layers': 1, 'embedding_dim': 96, 'lr': 0.006786701038155347, 'lambda_val': 0.0029812789441431634, 'batch_size': 919, 'optimizer': 'Adam'}. Best is trial 25 with value: 0.012002857631825513.
2026-05-15 07:07:25,195 - optuna.study._optimize - INFO - Trial 30 pruned. 
2026-05-15 07:07:52,338 - optuna.study.study - INFO - Trial 31 finished with value: 0.010688064262200047 and parameters: {'n_layers': 1, 'embedding_dim': 256, 'lr': 0.01258292700583214, 'lambda_val': 0.00026888472672367445, 'batch_size': 2348, 'optimizer': 'RMSprop'}. Best is trial 25 with value: 0.012002857631825513.
2026-05-15 07:08:18,503 - optuna.study.study - INFO - Trial 32 finished with value: 0.010273635397158766 and parameters: {'n_layers': 1, 'embedding_dim': 64, 'lr': 0.003430779675351842, 'lambda_val': 8.872084853828521e-05, 'batch_size': 2528, 'optimizer': 'RMSprop'}. Best is trial 25 with value: 0.012002857631825513.
2026-05-15 07:08:46,860 - optuna.study.study - INFO - Trial 33 finished with value: 0.011458494596732401 and parameters: {'n_layers': 1, 'embedding_dim': 256, 'lr': 0.020451138426665415, 'lambda_val': 0.0004996961618637099, 'batch_size': 1773, 'optimizer': 'RMSprop'}. Best is trial 25 with value: 0.012002857631825513.
2026-05-15 07:09:26,602 - optuna.study.study - INFO - Trial 34 finished with value: 0.011246579821928587 and parameters: {'n_layers': 1, 'embedding_dim': 256, 'lr': 0.0015690558773767346, 'lambda_val': 0.0007777955253110003, 'batch_size': 1823, 'optimizer': 'RMSprop'}. Best is trial 25 with value: 0.012002857631825513.
2026-05-15 07:09:31,121 - optuna.study._optimize - INFO - Trial 35 pruned. 
2026-05-15 07:09:58,041 - optuna.study.study - INFO - Trial 36 finished with value: 0.007348448748307244 and parameters: {'n_layers': 1, 'embedding_dim': 256, 'lr': 7.991203831691605e-05, 'lambda_val': 0.005118611299699784, 'batch_size': 1827, 'optimizer': 'RMSprop'}. Best is trial 25 with value: 0.012002857631825513.
2026-05-15 07:10:04,580 - optuna.study._optimize - INFO - Trial 37 pruned. 
2026-05-15 07:10:16,769 - optuna.study._optimize - INFO - Trial 38 pruned. 
2026-05-15 07:10:20,484 - optuna.study._optimize - INFO - Trial 39 pruned. 
2026-05-15 07:10:24,779 - optuna.study._optimize - INFO - Trial 40 pruned. 
2026-05-15 07:10:50,093 - optuna.study.study - INFO - Trial 41 finished with value: 0.011411172241977475 and parameters: {'n_layers': 1, 'embedding_dim': 32, 'lr': 0.007940532366598254, 'lambda_val': 0.0005415432883407605, 'batch_size': 1727, 'optimizer': 'RMSprop'}. Best is trial 25 with value: 0.012002857631825513.
2026-05-15 07:10:55,251 - optuna.study._optimize - INFO - Trial 42 pruned. 
2026-05-15 07:11:25,597 - optuna.study.study - INFO - Trial 43 finished with value: 0.009300657903296776 and parameters: {'n_layers': 1, 'embedding_dim': 32, 'lr': 0.00915420340092007, 'lambda_val': 0.0006027577938860602, 'batch_size': 1124, 'optimizer': 'RMSprop'}. Best is trial 25 with value: 0.012002857631825513.
2026-05-15 07:11:51,946 - optuna.study.study - INFO - Trial 44 finished with value: 0.0060062239578786815 and parameters: {'n_layers': 1, 'embedding_dim': 32, 'lr': 0.00029716091154841805, 'lambda_val': 0.002133425604451176, 'batch_size': 1385, 'optimizer': 'RMSprop'}. Best is trial 25 with value: 0.012002857631825513.
2026-05-15 07:11:56,442 - optuna.study._optimize - INFO - Trial 45 pruned. 
2026-05-15 07:12:00,635 - optuna.study._optimize - INFO - Trial 46 pruned. 
2026-05-15 07:12:05,026 - optuna.study._optimize - INFO - Trial 47 pruned. 
2026-05-15 07:12:08,596 - optuna.study._optimize - INFO - Trial 48 pruned. 
2026-05-15 07:12:39,445 - optuna.study.study - INFO - Trial 49 finished with value: 0.002803573463247696 and parameters: {'n_layers': 3, 'embedding_dim': 128, 'lr': 0.030365956781672438, 'lambda_val': 0.00010175298857679632, 'batch_size': 2148, 'optimizer': 'RMSprop'}. Best is trial 25 with value: 0.012002857631825513.
2026-05-15 07:12:43,290 - optuna.study._optimize - INFO - Trial 50 pruned. 
2026-05-15 07:13:09,313 - optuna.study.study - INFO - Trial 51 finished with value: 0.011488071238262575 and parameters: {'n_layers': 1, 'embedding_dim': 256, 'lr': 0.01930535275486278, 'lambda_val': 0.0005542000069707294, 'batch_size': 1853, 'optimizer': 'RMSprop'}. Best is trial 25 with value: 0.012002857631825513.
2026-05-15 07:13:37,716 - optuna.study.study - INFO - Trial 52 finished with value: 0.010737204877530427 and parameters: {'n_layers': 1, 'embedding_dim': 256, 'lr': 0.019744512771587307, 'lambda_val': 0.000680313276142998, 'batch_size': 1876, 'optimizer': 'RMSprop'}. Best is trial 25 with value: 0.012002857631825513.
2026-05-15 07:14:05,282 - optuna.study.study - INFO - Trial 53 finished with value: 0.010972978348928098 and parameters: {'n_layers': 1, 'embedding_dim': 256, 'lr': 0.009916239087724547, 'lambda_val': 0.0010963128632936266, 'batch_size': 1752, 'optimizer': 'RMSprop'}. Best is trial 25 with value: 0.012002857631825513.
2026-05-15 07:14:42,361 - optuna.study.study - INFO - Trial 54 finished with value: 0.011497367003813928 and parameters: {'n_layers': 1, 'embedding_dim': 256, 'lr': 0.0005336650970725389, 'lambda_val': 0.0002970406063440669, 'batch_size': 1891, 'optimizer': 'RMSprop'}. Best is trial 25 with value: 0.012002857631825513.
2026-05-15 07:14:46,504 - optuna.study._optimize - INFO - Trial 55 pruned. 
2026-05-15 07:15:12,801 - optuna.study.study - INFO - Trial 56 finished with value: 0.005828102944000419 and parameters: {'n_layers': 1, 'embedding_dim': 96, 'lr': 0.00014943501789174685, 'lambda_val': 0.00042769116248018654, 'batch_size': 2161, 'optimizer': 'RMSprop'}. Best is trial 25 with value: 0.012002857631825513.
2026-05-15 07:15:39,543 - optuna.study.study - INFO - Trial 57 finished with value: 0.006550593499947594 and parameters: {'n_layers': 1, 'embedding_dim': 32, 'lr': 0.0005400014388119544, 'lambda_val': 0.0016318227756643702, 'batch_size': 2473, 'optimizer': 'RMSprop'}. Best is trial 25 with value: 0.012002857631825513.
2026-05-15 07:15:43,672 - optuna.study._optimize - INFO - Trial 58 pruned. 
2026-05-15 07:15:51,382 - optuna.study._optimize - INFO - Trial 59 pruned. 
2026-05-15 07:16:20,713 - optuna.study.study - INFO - Trial 60 finished with value: 0.01157481632628001 and parameters: {'n_layers': 1, 'embedding_dim': 256, 'lr': 0.006204259300427923, 'lambda_val': 0.00048324104151642076, 'batch_size': 1933, 'optimizer': 'RMSprop'}. Best is trial 25 with value: 0.012002857631825513.
2026-05-15 07:16:49,114 - optuna.study.study - INFO - Trial 61 finished with value: 0.011498645540175045 and parameters: {'n_layers': 1, 'embedding_dim': 256, 'lr': 0.005697462852515707, 'lambda_val': 0.0005623335645538933, 'batch_size': 1943, 'optimizer': 'RMSprop'}. Best is trial 25 with value: 0.012002857631825513.
2026-05-15 07:17:18,556 - optuna.study.study - INFO - Trial 62 finished with value: 0.010907370339167076 and parameters: {'n_layers': 1, 'embedding_dim': 256, 'lr': 0.005868234650002794, 'lambda_val': 0.0003586482469827837, 'batch_size': 1937, 'optimizer': 'RMSprop'}. Best is trial 25 with value: 0.012002857631825513.
2026-05-15 07:17:22,175 - optuna.study._optimize - INFO - Trial 63 pruned. 
2026-05-15 07:17:52,301 - optuna.study.study - INFO - Trial 64 finished with value: 0.010405178108245004 and parameters: {'n_layers': 1, 'embedding_dim': 256, 'lr': 0.002827743523770108, 'lambda_val': 0.000153304223802975, 'batch_size': 2418, 'optimizer': 'RMSprop'}. Best is trial 25 with value: 0.012002857631825513.
2026-05-15 07:18:26,197 - optuna.study.study - INFO - Trial 65 finished with value: 0.011012389255832207 and parameters: {'n_layers': 1, 'embedding_dim': 256, 'lr': 0.011074397410286835, 'lambda_val': 0.000533837829576178, 'batch_size': 1602, 'optimizer': 'RMSprop'}. Best is trial 25 with value: 0.012002857631825513.
2026-05-15 07:18:51,595 - optuna.study.study - INFO - Trial 66 finished with value: 0.011687810228932645 and parameters: {'n_layers': 1, 'embedding_dim': 256, 'lr': 0.0006732558572323754, 'lambda_val': 0.00027046927804757614, 'batch_size': 1995, 'optimizer': 'RMSprop'}. Best is trial 25 with value: 0.012002857631825513.
2026-05-15 07:18:55,750 - optuna.study._optimize - INFO - Trial 67 pruned. 
2026-05-15 07:19:21,581 - optuna.study.study - INFO - Trial 68 finished with value: 0.011369208532671921 and parameters: {'n_layers': 1, 'embedding_dim': 256, 'lr': 0.00038099114748449083, 'lambda_val': 0.0011523413734397653, 'batch_size': 2212, 'optimizer': 'RMSprop'}. Best is trial 25 with value: 0.012002857631825513.
2026-05-15 07:19:24,815 - optuna.study._optimize - INFO - Trial 69 pruned. 
2026-05-15 07:19:46,995 - optuna.study.study - INFO - Trial 70 finished with value: 0.005611439233822415 and parameters: {'n_layers': 1, 'embedding_dim': 96, 'lr': 0.00018320299599316548, 'lambda_val': 0.000250707854489605, 'batch_size': 2627, 'optimizer': 'RMSprop'}. Best is trial 25 with value: 0.012002857631825513.
2026-05-15 07:20:14,970 - optuna.study.study - INFO - Trial 71 finished with value: 0.01105443810911333 and parameters: {'n_layers': 1, 'embedding_dim': 256, 'lr': 0.005784721472596675, 'lambda_val': 0.000447309455323711, 'batch_size': 1655, 'optimizer': 'RMSprop'}. Best is trial 25 with value: 0.012002857631825513.
2026-05-15 07:20:44,018 - optuna.study.study - INFO - Trial 72 finished with value: 0.011049274841082465 and parameters: {'n_layers': 1, 'embedding_dim': 256, 'lr': 0.0005087184335477747, 'lambda_val': 0.0008127770379191223, 'batch_size': 2134, 'optimizer': 'RMSprop'}. Best is trial 25 with value: 0.012002857631825513.
2026-05-15 07:20:47,715 - optuna.study._optimize - INFO - Trial 73 pruned. 
2026-05-15 07:20:51,382 - optuna.study._optimize - INFO - Trial 74 pruned. 
2026-05-15 07:20:54,859 - optuna.study._optimize - INFO - Trial 75 pruned. 
2026-05-15 07:21:24,079 - optuna.study.study - INFO - Trial 76 finished with value: 0.011746485038487521 and parameters: {'n_layers': 1, 'embedding_dim': 256, 'lr': 0.0002974226844355777, 'lambda_val': 0.0009327648081774448, 'batch_size': 1503, 'optimizer': 'Adam'}. Best is trial 25 with value: 0.012002857631825513.
2026-05-15 07:21:53,883 - optuna.study.study - INFO - Trial 77 finished with value: 0.009255947908535312 and parameters: {'n_layers': 1, 'embedding_dim': 256, 'lr': 0.0003573912969334173, 'lambda_val': 0.0013153107534351338, 'batch_size': 1493, 'optimizer': 'Adam'}. Best is trial 25 with value: 0.012002857631825513.
2026-05-15 07:22:22,882 - optuna.study.study - INFO - Trial 78 finished with value: 0.00948699367887562 and parameters: {'n_layers': 1, 'embedding_dim': 256, 'lr': 0.0006798828047017385, 'lambda_val': 0.002214564251206407, 'batch_size': 1677, 'optimizer': 'Adam'}. Best is trial 25 with value: 0.012002857631825513.
2026-05-15 07:22:50,358 - optuna.study.study - INFO - Trial 79 finished with value: 0.0048535886531343225 and parameters: {'n_layers': 2, 'embedding_dim': 96, 'lr': 0.00014257335920352741, 'lambda_val': 0.0009444624781013782, 'batch_size': 1192, 'optimizer': 'Adam'}. Best is trial 25 with value: 0.012002857631825513.
2026-05-15 07:23:19,372 - optuna.study.study - INFO - Trial 80 finished with value: 0.010266232689988516 and parameters: {'n_layers': 1, 'embedding_dim': 256, 'lr': 0.00027998937965085634, 'lambda_val': 0.0007075359079027777, 'batch_size': 1352, 'optimizer': 'Adam'}. Best is trial 25 with value: 0.012002857631825513.
2026-05-15 07:23:51,797 - optuna.study.study - INFO - Trial 81 finished with value: 0.011037562336822033 and parameters: {'n_layers': 1, 'embedding_dim': 256, 'lr': 0.00022749467055333827, 'lambda_val': 0.0005199403048401674, 'batch_size': 1812, 'optimizer': 'Adam'}. Best is trial 25 with value: 0.012002857631825513.
2026-05-15 07:23:57,275 - optuna.study._optimize - INFO - Trial 82 pruned. 
2026-05-15 07:24:31,353 - optuna.study.study - INFO - Trial 83 finished with value: 0.01140915443743913 and parameters: {'n_layers': 1, 'embedding_dim': 256, 'lr': 0.003995168176619826, 'lambda_val': 0.000585738797410105, 'batch_size': 1563, 'optimizer': 'RMSprop'}. Best is trial 25 with value: 0.012002857631825513.
2026-05-15 07:25:00,175 - optuna.study.study - INFO - Trial 84 finished with value: 0.011206950119288467 and parameters: {'n_layers': 1, 'embedding_dim': 256, 'lr': 0.007353079113910168, 'lambda_val': 0.0002260718427927929, 'batch_size': 1931, 'optimizer': 'RMSprop'}. Best is trial 25 with value: 0.012002857631825513.
2026-05-15 07:25:03,730 - optuna.study._optimize - INFO - Trial 85 pruned. 
2026-05-15 07:25:07,396 - optuna.study._optimize - INFO - Trial 86 pruned. 
2026-05-15 07:25:34,407 - optuna.study.study - INFO - Trial 87 finished with value: 0.011169924320097023 and parameters: {'n_layers': 1, 'embedding_dim': 128, 'lr': 0.011413580367620456, 'lambda_val': 0.0009099951179012732, 'batch_size': 2277, 'optimizer': 'RMSprop'}. Best is trial 25 with value: 0.012002857631825513.
2026-05-15 07:26:03,735 - optuna.study.study - INFO - Trial 88 finished with value: 0.01205308773745135 and parameters: {'n_layers': 1, 'embedding_dim': 256, 'lr': 0.002782505603994606, 'lambda_val': 0.000486190625481531, 'batch_size': 1312, 'optimizer': 'Adam'}. Best is trial 88 with value: 0.01205308773745135.
2026-05-15 07:26:07,023 - optuna.study._optimize - INFO - Trial 89 pruned. 
2026-05-15 07:26:50,616 - optuna.study.study - INFO - Trial 90 finished with value: 0.010817011194329687 and parameters: {'n_layers': 1, 'embedding_dim': 256, 'lr': 0.0024572054199394617, 'lambda_val': 0.0011855523017857933, 'batch_size': 957, 'optimizer': 'Adam'}. Best is trial 88 with value: 0.01205308773745135.
2026-05-15 07:27:19,007 - optuna.study.study - INFO - Trial 91 finished with value: 0.01238839070890167 and parameters: {'n_layers': 1, 'embedding_dim': 256, 'lr': 0.005643152425914126, 'lambda_val': 0.0004607402886585242, 'batch_size': 1515, 'optimizer': 'Adam'}. Best is trial 91 with value: 0.01238839070890167.
2026-05-15 07:27:49,196 - optuna.study.study - INFO - Trial 92 finished with value: 0.01155353209170308 and parameters: {'n_layers': 1, 'embedding_dim': 256, 'lr': 0.005173045752623921, 'lambda_val': 0.000657452259607896, 'batch_size': 1456, 'optimizer': 'Adam'}. Best is trial 91 with value: 0.01238839070890167.
2026-05-15 07:28:18,716 - optuna.study.study - INFO - Trial 93 finished with value: 0.011538560324089444 and parameters: {'n_layers': 1, 'embedding_dim': 256, 'lr': 0.0051758154444795, 'lambda_val': 0.0007029398036843195, 'batch_size': 1065, 'optimizer': 'Adam'}. Best is trial 91 with value: 0.01238839070890167.
2026-05-15 07:28:45,472 - optuna.study.study - INFO - Trial 94 finished with value: 0.011193108722268044 and parameters: {'n_layers': 1, 'embedding_dim': 256, 'lr': 0.005290650436449978, 'lambda_val': 0.0006833627707939872, 'batch_size': 1304, 'optimizer': 'Adam'}. Best is trial 91 with value: 0.01238839070890167.
2026-05-15 07:28:48,772 - optuna.study._optimize - INFO - Trial 95 pruned. 
2026-05-15 07:29:17,571 - optuna.study.study - INFO - Trial 96 finished with value: 0.011030068097154679 and parameters: {'n_layers': 1, 'embedding_dim': 256, 'lr': 0.007632605134851345, 'lambda_val': 0.00043927691292606417, 'batch_size': 1056, 'optimizer': 'Adam'}. Best is trial 91 with value: 0.01238839070890167.
2026-05-15 07:29:25,231 - optuna.study._optimize - INFO - Trial 97 pruned. 
2026-05-15 07:29:31,467 - optuna.study._optimize - INFO - Trial 98 pruned. 
2026-05-15 07:30:00,222 - optuna.study.study - INFO - Trial 99 finished with value: 0.01029377405879548 and parameters: {'n_layers': 1, 'embedding_dim': 256, 'lr': 0.005025495898411814, 'lambda_val': 0.001999572102070915, 'batch_size': 1452, 'optimizer': 'Adam'}. Best is trial 91 with value: 0.01238839070890167.
2026-05-15 07:30:29,831 - optuna.study.study - INFO - Trial 100 finished with value: 0.011211971583388656 and parameters: {'n_layers': 1, 'embedding_dim': 96, 'lr': 0.002485670971065756, 'lambda_val': 6.614580122439588e-06, 'batch_size': 1246, 'optimizer': 'Adam'}. Best is trial 91 with value: 0.01238839070890167.
2026-05-15 07:30:59,527 - optuna.study.study - INFO - Trial 101 finished with value: 0.012396203807607354 and parameters: {'n_layers': 1, 'embedding_dim': 256, 'lr': 0.0036006716372118967, 'lambda_val': 0.00025051817030978426, 'batch_size': 1515, 'optimizer': 'Adam'}. Best is trial 101 with value: 0.012396203807607354.
2026-05-15 07:31:28,928 - optuna.study.study - INFO - Trial 102 finished with value: 0.011221057608677707 and parameters: {'n_layers': 1, 'embedding_dim': 256, 'lr': 0.003516712987129052, 'lambda_val': 0.0004047926342643526, 'batch_size': 1520, 'optimizer': 'Adam'}. Best is trial 101 with value: 0.012396203807607354.
2026-05-15 07:31:58,607 - optuna.study.study - INFO - Trial 103 finished with value: 0.009301700123574756 and parameters: {'n_layers': 1, 'embedding_dim': 256, 'lr': 0.004175002869209557, 'lambda_val': 0.00022110408161025102, 'batch_size': 1665, 'optimizer': 'Adam'}. Best is trial 101 with value: 0.012396203807607354.
2026-05-15 07:32:27,676 - optuna.study.study - INFO - Trial 104 finished with value: 0.011977240420504236 and parameters: {'n_layers': 1, 'embedding_dim': 256, 'lr': 0.0028474610807741126, 'lambda_val': 0.000644367861920653, 'batch_size': 1413, 'optimizer': 'Adam'}. Best is trial 101 with value: 0.012396203807607354.
2026-05-15 07:33:03,069 - optuna.study.study - INFO - Trial 105 finished with value: 0.011704180307654702 and parameters: {'n_layers': 1, 'embedding_dim': 256, 'lr': 0.002751820564516123, 'lambda_val': 0.000700450255603479, 'batch_size': 1429, 'optimizer': 'Adam'}. Best is trial 101 with value: 0.012396203807607354.
2026-05-15 07:33:33,082 - optuna.study.study - INFO - Trial 106 finished with value: 0.011589242007370378 and parameters: {'n_layers': 1, 'embedding_dim': 256, 'lr': 0.0013824221798770984, 'lambda_val': 0.0007168977540128116, 'batch_size': 1020, 'optimizer': 'Adam'}. Best is trial 101 with value: 0.012396203807607354.
2026-05-15 07:34:02,368 - optuna.study.study - INFO - Trial 107 finished with value: 0.012328116923997767 and parameters: {'n_layers': 1, 'embedding_dim': 256, 'lr': 0.0014590267948567045, 'lambda_val': 0.0010012891252252855, 'batch_size': 1435, 'optimizer': 'Adam'}. Best is trial 101 with value: 0.012396203807607354.
2026-05-15 07:34:31,019 - optuna.study.study - INFO - Trial 108 finished with value: 0.011490543309530152 and parameters: {'n_layers': 1, 'embedding_dim': 256, 'lr': 0.002026337250749898, 'lambda_val': 0.0010200520281461497, 'batch_size': 1225, 'optimizer': 'Adam'}. Best is trial 101 with value: 0.012396203807607354.
2026-05-15 07:34:59,968 - optuna.study.study - INFO - Trial 109 finished with value: 0.012701001715824094 and parameters: {'n_layers': 1, 'embedding_dim': 256, 'lr': 0.0012691856410374453, 'lambda_val': 0.00017369525829138307, 'batch_size': 1270, 'optimizer': 'Adam'}. Best is trial 109 with value: 0.012701001715824094.
2026-05-15 07:35:37,134 - optuna.study.study - INFO - Trial 110 finished with value: 0.011367300012283981 and parameters: {'n_layers': 1, 'embedding_dim': 256, 'lr': 0.00149951687504863, 'lambda_val': 0.0001661953006131619, 'batch_size': 1295, 'optimizer': 'Adam'}. Best is trial 109 with value: 0.012701001715824094.
2026-05-15 07:36:08,939 - optuna.study.study - INFO - Trial 111 finished with value: 0.011714514476618922 and parameters: {'n_layers': 1, 'embedding_dim': 256, 'lr': 0.0012842217494064784, 'lambda_val': 8.464890301698385e-05, 'batch_size': 1405, 'optimizer': 'Adam'}. Best is trial 109 with value: 0.012701001715824094.
2026-05-15 07:36:41,743 - optuna.study.study - INFO - Trial 112 finished with value: 0.01063098473515196 and parameters: {'n_layers': 1, 'embedding_dim': 256, 'lr': 0.0011933727629213533, 'lambda_val': 0.0001040056497074707, 'batch_size': 1151, 'optimizer': 'Adam'}. Best is trial 109 with value: 0.012701001715824094.
2026-05-15 07:37:17,846 - optuna.study.study - INFO - Trial 113 finished with value: 0.011890023379224035 and parameters: {'n_layers': 1, 'embedding_dim': 256, 'lr': 0.001404579829253537, 'lambda_val': 4.847704935590297e-05, 'batch_size': 993, 'optimizer': 'Adam'}. Best is trial 109 with value: 0.012701001715824094.
2026-05-15 07:37:52,434 - optuna.study.study - INFO - Trial 114 finished with value: 0.013515416473770097 and parameters: {'n_layers': 1, 'embedding_dim': 256, 'lr': 0.0027816926346878163, 'lambda_val': 2.8721672822381886e-05, 'batch_size': 1407, 'optimizer': 'Adam'}. Best is trial 114 with value: 0.013515416473770097.
2026-05-15 07:38:28,121 - optuna.study.study - INFO - Trial 115 finished with value: 0.012718914549941628 and parameters: {'n_layers': 1, 'embedding_dim': 256, 'lr': 0.0008927192954389007, 'lambda_val': 3.1223580476898986e-05, 'batch_size': 841, 'optimizer': 'Adam'}. Best is trial 114 with value: 0.013515416473770097.
2026-05-15 07:39:01,924 - optuna.study.study - INFO - Trial 116 finished with value: 0.010354505793106717 and parameters: {'n_layers': 1, 'embedding_dim': 256, 'lr': 0.0009174692260235458, 'lambda_val': 3.188038196432786e-05, 'batch_size': 769, 'optimizer': 'Adam'}. Best is trial 114 with value: 0.013515416473770097.
2026-05-15 07:39:42,061 - optuna.study.study - INFO - Trial 117 finished with value: 0.011641049558827424 and parameters: {'n_layers': 1, 'embedding_dim': 256, 'lr': 0.0019621833116499434, 'lambda_val': 1.6921328032473187e-05, 'batch_size': 895, 'optimizer': 'Adam'}. Best is trial 114 with value: 0.013515416473770097.
2026-05-15 07:40:11,281 - optuna.study.study - INFO - Trial 118 finished with value: 0.008972498775862854 and parameters: {'n_layers': 1, 'embedding_dim': 128, 'lr': 0.0010888437699808594, 'lambda_val': 2.772113900556831e-05, 'batch_size': 687, 'optimizer': 'Adam'}. Best is trial 114 with value: 0.013515416473770097.
2026-05-15 07:40:45,128 - optuna.study.study - INFO - Trial 119 finished with value: 0.009998122135485456 and parameters: {'n_layers': 1, 'embedding_dim': 64, 'lr': 0.0016734570088226012, 'lambda_val': 7.876692379016505e-05, 'batch_size': 846, 'optimizer': 'Adam'}. Best is trial 114 with value: 0.013515416473770097.
2026-05-15 07:41:16,190 - optuna.study.study - INFO - Trial 120 finished with value: 0.010595890686817723 and parameters: {'n_layers': 1, 'embedding_dim': 256, 'lr': 0.002978728034376637, 'lambda_val': 1.1209501968452484e-05, 'batch_size': 1334, 'optimizer': 'Adam'}. Best is trial 114 with value: 0.013515416473770097.
2026-05-15 07:41:45,541 - optuna.study.study - INFO - Trial 121 finished with value: 0.011373705048325149 and parameters: {'n_layers': 1, 'embedding_dim': 256, 'lr': 0.0024556729731620383, 'lambda_val': 2.237380396823868e-05, 'batch_size': 1402, 'optimizer': 'Adam'}. Best is trial 114 with value: 0.013515416473770097.
2026-05-15 07:42:11,917 - optuna.study.study - INFO - Trial 122 finished with value: 0.012331189246877311 and parameters: {'n_layers': 1, 'embedding_dim': 256, 'lr': 0.002714270956095733, 'lambda_val': 5.400454877355221e-05, 'batch_size': 1401, 'optimizer': 'Adam'}. Best is trial 114 with value: 0.013515416473770097.
2026-05-15 07:42:40,225 - optuna.study.study - INFO - Trial 123 finished with value: 0.01065099764665748 and parameters: {'n_layers': 1, 'embedding_dim': 256, 'lr': 0.0008005400832600812, 'lambda_val': 4.366377936493568e-05, 'batch_size': 1547, 'optimizer': 'Adam'}. Best is trial 114 with value: 0.013515416473770097.
2026-05-15 07:43:18,418 - optuna.study.study - INFO - Trial 124 finished with value: 0.012842539034241677 and parameters: {'n_layers': 1, 'embedding_dim': 256, 'lr': 0.0020443136958223935, 'lambda_val': 3.661919763520588e-05, 'batch_size': 1001, 'optimizer': 'Adam'}. Best is trial 114 with value: 0.013515416473770097.
2026-05-15 07:43:48,251 - optuna.study.study - INFO - Trial 125 finished with value: 0.011523129443293341 and parameters: {'n_layers': 1, 'embedding_dim': 256, 'lr': 0.0022164579204578716, 'lambda_val': 1.5688133203498415e-05, 'batch_size': 981, 'optimizer': 'Adam'}. Best is trial 114 with value: 0.013515416473770097.
2026-05-15 07:44:17,338 - optuna.study.study - INFO - Trial 126 finished with value: 0.011172334037222162 and parameters: {'n_layers': 1, 'embedding_dim': 256, 'lr': 0.0019832956383824814, 'lambda_val': 6.0160281877324406e-05, 'batch_size': 1199, 'optimizer': 'Adam'}. Best is trial 114 with value: 0.013515416473770097.
2026-05-15 07:44:57,434 - optuna.study.study - INFO - Trial 127 finished with value: 0.010372006280490132 and parameters: {'n_layers': 1, 'embedding_dim': 256, 'lr': 0.0038496759485358283, 'lambda_val': 4.456010470266349e-05, 'batch_size': 1117, 'optimizer': 'Adam'}. Best is trial 114 with value: 0.013515416473770097.
2026-05-15 07:45:25,811 - optuna.study.study - INFO - Trial 128 finished with value: 0.010438997950373658 and parameters: {'n_layers': 1, 'embedding_dim': 256, 'lr': 0.0030820360245446873, 'lambda_val': 2.8561930393698275e-05, 'batch_size': 687, 'optimizer': 'Adam'}. Best is trial 114 with value: 0.013515416473770097.
2026-05-15 07:45:55,067 - optuna.study.study - INFO - Trial 129 finished with value: 0.01168201116074195 and parameters: {'n_layers': 1, 'embedding_dim': 256, 'lr': 0.0016332609445013923, 'lambda_val': 5.544079632553093e-05, 'batch_size': 1269, 'optimizer': 'Adam'}. Best is trial 114 with value: 0.013515416473770097.
2026-05-15 07:46:24,815 - optuna.study.study - INFO - Trial 130 finished with value: 0.012157590818583934 and parameters: {'n_layers': 1, 'embedding_dim': 256, 'lr': 0.0009542739862748556, 'lambda_val': 1.9628583216463136e-05, 'batch_size': 902, 'optimizer': 'Adam'}. Best is trial 114 with value: 0.013515416473770097.
2026-05-15 07:46:58,903 - optuna.study.study - INFO - Trial 131 finished with value: 0.012800762330522382 and parameters: {'n_layers': 1, 'embedding_dim': 256, 'lr': 0.0009028714610047324, 'lambda_val': 1.0682722313869245e-05, 'batch_size': 896, 'optimizer': 'Adam'}. Best is trial 114 with value: 0.013515416473770097.
2026-05-15 07:47:27,474 - optuna.study.study - INFO - Trial 132 finished with value: 0.010135714297245154 and parameters: {'n_layers': 1, 'embedding_dim': 256, 'lr': 0.0008906912644426737, 'lambda_val': 5.86219885132252e-06, 'batch_size': 551, 'optimizer': 'Adam'}. Best is trial 114 with value: 0.013515416473770097.
2026-05-15 07:47:56,353 - optuna.study.study - INFO - Trial 133 finished with value: 0.011755101217891351 and parameters: {'n_layers': 1, 'embedding_dim': 256, 'lr': 0.0013777657788620846, 'lambda_val': 2.099585855535792e-05, 'batch_size': 906, 'optimizer': 'Adam'}. Best is trial 114 with value: 0.013515416473770097.
2026-05-15 07:48:25,015 - optuna.study.study - INFO - Trial 134 finished with value: 0.010463032134079666 and parameters: {'n_layers': 1, 'embedding_dim': 256, 'lr': 0.0006038722191782445, 'lambda_val': 1.2701148073931655e-05, 'batch_size': 825, 'optimizer': 'Adam'}. Best is trial 114 with value: 0.013515416473770097.
2026-05-15 07:48:49,812 - optuna.study.study - INFO - Trial 135 finished with value: 0.007660573405969847 and parameters: {'n_layers': 1, 'embedding_dim': 32, 'lr': 0.0007638267632054856, 'lambda_val': 4.377734786499578e-06, 'batch_size': 968, 'optimizer': 'Adam'}. Best is trial 114 with value: 0.013515416473770097.
2026-05-15 07:49:18,615 - optuna.study.study - INFO - Trial 136 finished with value: 0.011476322071831444 and parameters: {'n_layers': 1, 'embedding_dim': 256, 'lr': 0.0011412178710682444, 'lambda_val': 3.3816499149688016e-05, 'batch_size': 717, 'optimizer': 'Adam'}. Best is trial 114 with value: 0.013515416473770097.
2026-05-15 07:49:48,104 - optuna.study.study - INFO - Trial 137 finished with value: 0.013255984389985154 and parameters: {'n_layers': 1, 'embedding_dim': 256, 'lr': 0.0010128730712067723, 'lambda_val': 9.330525584452795e-06, 'batch_size': 1171, 'optimizer': 'Adam'}. Best is trial 114 with value: 0.013515416473770097.
2026-05-15 07:50:17,543 - optuna.study.study - INFO - Trial 138 finished with value: 0.012599059155748722 and parameters: {'n_layers': 1, 'embedding_dim': 256, 'lr': 0.0009633776090359847, 'lambda_val': 1.1000208645238568e-05, 'batch_size': 1072, 'optimizer': 'Adam'}. Best is trial 114 with value: 0.013515416473770097.
2026-05-15 07:50:46,390 - optuna.study.study - INFO - Trial 139 finished with value: 0.010724828215917496 and parameters: {'n_layers': 1, 'embedding_dim': 256, 'lr': 0.00044625287392246766, 'lambda_val': 1.027870382827191e-05, 'batch_size': 1163, 'optimizer': 'Adam'}. Best is trial 114 with value: 0.013515416473770097.
2026-05-15 07:51:15,626 - optuna.study.study - INFO - Trial 140 finished with value: 0.012090262757139177 and parameters: {'n_layers': 1, 'embedding_dim': 256, 'lr': 0.0010321955055092255, 'lambda_val': 3.621948063836569e-06, 'batch_size': 882, 'optimizer': 'Adam'}. Best is trial 114 with value: 0.013515416473770097.
2026-05-15 07:51:44,484 - optuna.study.study - INFO - Trial 141 finished with value: 0.010137399830674354 and parameters: {'n_layers': 1, 'embedding_dim': 256, 'lr': 0.0009717816622095151, 'lambda_val': 3.0826096549566754e-06, 'batch_size': 874, 'optimizer': 'Adam'}. Best is trial 114 with value: 0.013515416473770097.
2026-05-15 07:52:13,773 - optuna.study.study - INFO - Trial 142 finished with value: 0.013192938733650794 and parameters: {'n_layers': 1, 'embedding_dim': 256, 'lr': 0.0008579968768944076, 'lambda_val': 8.190167526997792e-06, 'batch_size': 1053, 'optimizer': 'Adam'}. Best is trial 114 with value: 0.013515416473770097.
2026-05-15 07:52:42,725 - optuna.study.study - INFO - Trial 143 finished with value: 0.012776286482019387 and parameters: {'n_layers': 1, 'embedding_dim': 256, 'lr': 0.0007732483245615563, 'lambda_val': 9.041530366391693e-06, 'batch_size': 1073, 'optimizer': 'Adam'}. Best is trial 114 with value: 0.013515416473770097.
2026-05-15 07:53:11,717 - optuna.study.study - INFO - Trial 144 finished with value: 0.010833267148927527 and parameters: {'n_layers': 1, 'embedding_dim': 256, 'lr': 0.0006508269560119536, 'lambda_val': 8.767907625749563e-06, 'batch_size': 1073, 'optimizer': 'Adam'}. Best is trial 114 with value: 0.013515416473770097.
2026-05-15 07:53:48,622 - optuna.study.study - INFO - Trial 145 finished with value: 0.012378996227797928 and parameters: {'n_layers': 1, 'embedding_dim': 256, 'lr': 0.0008165497656449225, 'lambda_val': 6.961736217952219e-06, 'batch_size': 922, 'optimizer': 'Adam'}. Best is trial 114 with value: 0.013515416473770097.
2026-05-15 07:54:35,314 - optuna.study.study - INFO - Trial 146 finished with value: 0.009102753024058005 and parameters: {'n_layers': 1, 'embedding_dim': 256, 'lr': 0.000530356269779638, 'lambda_val': 6.495064223842877e-06, 'batch_size': 1018, 'optimizer': 'Adam'}. Best is trial 114 with value: 0.013515416473770097.
2026-05-15 07:54:40,304 - optuna.study._optimize - INFO - Trial 147 pruned. 
2026-05-15 07:54:44,000 - optuna.study._optimize - INFO - Trial 148 pruned. 
2026-05-15 07:55:31,653 - optuna.study.study - INFO - Trial 149 finished with value: 0.009985490518921964 and parameters: {'n_layers': 1, 'embedding_dim': 256, 'lr': 0.0004590230943073221, 'lambda_val': 1.3156649443035356e-05, 'batch_size': 1079, 'optimizer': 'Adam'}. Best is trial 114 with value: 0.013515416473770097.
2026-05-15 07:56:06,560 - optuna.study.study - INFO - Trial 150 finished with value: 0.012402922665582447 and parameters: {'n_layers': 1, 'embedding_dim': 256, 'lr': 0.0009521277435417936, 'lambda_val': 5.411727275814325e-06, 'batch_size': 795, 'optimizer': 'Adam'}. Best is trial 114 with value: 0.013515416473770097.
2026-05-15 07:56:46,437 - optuna.study.study - INFO - Trial 151 finished with value: 0.009638850661717413 and parameters: {'n_layers': 1, 'embedding_dim': 256, 'lr': 0.0009163087065514515, 'lambda_val': 7.437587736806182e-06, 'batch_size': 763, 'optimizer': 'Adam'}. Best is trial 114 with value: 0.013515416473770097.
2026-05-15 07:57:25,434 - optuna.study.study - INFO - Trial 152 finished with value: 0.011092631077937476 and parameters: {'n_layers': 1, 'embedding_dim': 256, 'lr': 0.0005796911163371439, 'lambda_val': 5.000179618006895e-06, 'batch_size': 946, 'optimizer': 'Adam'}. Best is trial 114 with value: 0.013515416473770097.
2026-05-15 07:58:00,734 - optuna.study.study - INFO - Trial 153 finished with value: 0.010605763301334508 and parameters: {'n_layers': 1, 'embedding_dim': 256, 'lr': 0.001092868994494378, 'lambda_val': 2.3533814952658826e-05, 'batch_size': 806, 'optimizer': 'Adam'}. Best is trial 114 with value: 0.013515416473770097.
2026-05-15 07:58:37,784 - optuna.study.study - INFO - Trial 154 finished with value: 0.011840946893334703 and parameters: {'n_layers': 1, 'embedding_dim': 256, 'lr': 0.001359943357062487, 'lambda_val': 1.004504410120892e-06, 'batch_size': 1242, 'optimizer': 'Adam'}. Best is trial 114 with value: 0.013515416473770097.
2026-05-15 07:59:12,802 - optuna.study.study - INFO - Trial 155 finished with value: 0.01114921355131915 and parameters: {'n_layers': 1, 'embedding_dim': 256, 'lr': 0.0006671304210132407, 'lambda_val': 8.086440671313823e-06, 'batch_size': 1047, 'optimizer': 'Adam'}. Best is trial 114 with value: 0.013515416473770097.
2026-05-15 07:59:51,515 - optuna.study.study - INFO - Trial 156 finished with value: 0.012175309950263663 and parameters: {'n_layers': 1, 'embedding_dim': 256, 'lr': 0.001789433612254924, 'lambda_val': 1.2198921153916514e-05, 'batch_size': 947, 'optimizer': 'Adam'}. Best is trial 114 with value: 0.013515416473770097.
2026-05-15 08:00:24,774 - optuna.study.study - INFO - Trial 157 finished with value: 0.012136185343018442 and parameters: {'n_layers': 1, 'embedding_dim': 256, 'lr': 0.001654247330655721, 'lambda_val': 5.135688809239e-06, 'batch_size': 1116, 'optimizer': 'Adam'}. Best is trial 114 with value: 0.013515416473770097.
2026-05-15 08:00:59,647 - optuna.study.study - INFO - Trial 158 finished with value: 0.011949165103719257 and parameters: {'n_layers': 1, 'embedding_dim': 256, 'lr': 0.001948319948828741, 'lambda_val': 1.1232451228100856e-05, 'batch_size': 1008, 'optimizer': 'Adam'}. Best is trial 114 with value: 0.013515416473770097.
2026-05-15 08:01:29,100 - optuna.study.study - INFO - Trial 159 finished with value: 0.011917129099476328 and parameters: {'n_layers': 1, 'embedding_dim': 256, 'lr': 0.0012240302788684345, 'lambda_val': 4.316889204326931e-06, 'batch_size': 1203, 'optimizer': 'Adam'}. Best is trial 114 with value: 0.013515416473770097.
2026-05-15 08:01:56,232 - optuna.study.study - INFO - Trial 160 finished with value: 0.010184958234607192 and parameters: {'n_layers': 1, 'embedding_dim': 256, 'lr': 0.0008137269597579285, 'lambda_val': 1.4996193312203325e-05, 'batch_size': 634, 'optimizer': 'Adam'}. Best is trial 114 with value: 0.013515416473770097.
2026-05-15 08:02:25,068 - optuna.study.study - INFO - Trial 161 finished with value: 0.012115485775871017 and parameters: {'n_layers': 1, 'embedding_dim': 256, 'lr': 0.001016767642350845, 'lambda_val': 1.7645225093563497e-05, 'batch_size': 868, 'optimizer': 'Adam'}. Best is trial 114 with value: 0.013515416473770097.
2026-05-15 08:02:54,557 - optuna.study.study - INFO - Trial 162 finished with value: 0.010656173448179497 and parameters: {'n_layers': 1, 'embedding_dim': 256, 'lr': 0.0014916837069683807, 'lambda_val': 9.149901767409863e-06, 'batch_size': 922, 'optimizer': 'Adam'}. Best is trial 114 with value: 0.013515416473770097.
2026-05-15 08:03:23,562 - optuna.study.study - INFO - Trial 163 finished with value: 0.011884608446206216 and parameters: {'n_layers': 1, 'embedding_dim': 256, 'lr': 0.000905213637706437, 'lambda_val': 1.3716189897992763e-05, 'batch_size': 795, 'optimizer': 'Adam'}. Best is trial 114 with value: 0.013515416473770097.
2026-05-15 08:03:52,819 - optuna.study.study - INFO - Trial 164 finished with value: 0.011495209470356718 and parameters: {'n_layers': 1, 'embedding_dim': 256, 'lr': 0.0011956401770619178, 'lambda_val': 6.781149609426714e-06, 'batch_size': 923, 'optimizer': 'Adam'}. Best is trial 114 with value: 0.013515416473770097.
2026-05-15 08:04:22,159 - optuna.study.study - INFO - Trial 165 finished with value: 0.012724260069565622 and parameters: {'n_layers': 1, 'embedding_dim': 256, 'lr': 0.0022099588084930188, 'lambda_val': 2.444475516997632e-05, 'batch_size': 743, 'optimizer': 'Adam'}. Best is trial 114 with value: 0.013515416473770097.
2026-05-15 08:04:48,046 - optuna.study.study - INFO - Trial 166 finished with value: 0.01143008754255519 and parameters: {'n_layers': 1, 'embedding_dim': 256, 'lr': 0.002210651911153898, 'lambda_val': 2.6116458196604555e-05, 'batch_size': 728, 'optimizer': 'Adam'}. Best is trial 114 with value: 0.013515416473770097.
2026-05-15 08:05:18,432 - optuna.study.study - INFO - Trial 167 finished with value: 0.01195928202295492 and parameters: {'n_layers': 1, 'embedding_dim': 256, 'lr': 0.0017720888141386372, 'lambda_val': 1.1603082969463304e-05, 'batch_size': 1324, 'optimizer': 'Adam'}. Best is trial 114 with value: 0.013515416473770097.
2026-05-15 08:05:22,581 - optuna.study._optimize - INFO - Trial 168 pruned. 
2026-05-15 08:05:26,045 - optuna.study._optimize - INFO - Trial 169 pruned. 
2026-05-15 08:05:54,559 - optuna.study.study - INFO - Trial 170 finished with value: 0.011433728472082596 and parameters: {'n_layers': 1, 'embedding_dim': 256, 'lr': 0.0015678043927694057, 'lambda_val': 2.568395985938245e-06, 'batch_size': 663, 'optimizer': 'Adam'}. Best is trial 114 with value: 0.013515416473770097.
2026-05-15 08:06:22,678 - optuna.study.study - INFO - Trial 171 finished with value: 0.01034216836743484 and parameters: {'n_layers': 1, 'embedding_dim': 256, 'lr': 0.000729572027187155, 'lambda_val': 2.167681036519254e-05, 'batch_size': 838, 'optimizer': 'Adam'}. Best is trial 114 with value: 0.013515416473770097.
2026-05-15 08:06:51,980 - optuna.study.study - INFO - Trial 172 finished with value: 0.01107910019021881 and parameters: {'n_layers': 1, 'embedding_dim': 256, 'lr': 0.001030225904981113, 'lambda_val': 1.7661356490730587e-05, 'batch_size': 525, 'optimizer': 'Adam'}. Best is trial 114 with value: 0.013515416473770097.
2026-05-15 08:07:20,373 - optuna.study.study - INFO - Trial 173 finished with value: 0.012958347574924495 and parameters: {'n_layers': 1, 'embedding_dim': 256, 'lr': 0.0012422496377351645, 'lambda_val': 3.49948804250901e-05, 'batch_size': 754, 'optimizer': 'Adam'}. Best is trial 114 with value: 0.013515416473770097.
2026-05-15 08:07:48,794 - optuna.study.study - INFO - Trial 174 finished with value: 0.011476581585347959 and parameters: {'n_layers': 1, 'embedding_dim': 256, 'lr': 0.001957254819898379, 'lambda_val': 5.9414290375359964e-05, 'batch_size': 744, 'optimizer': 'Adam'}. Best is trial 114 with value: 0.013515416473770097.
2026-05-15 08:08:17,783 - optuna.study.study - INFO - Trial 175 finished with value: 0.0108613213018941 and parameters: {'n_layers': 1, 'embedding_dim': 256, 'lr': 0.0012933250698594133, 'lambda_val': 3.7655312993904216e-05, 'batch_size': 979, 'optimizer': 'Adam'}. Best is trial 114 with value: 0.013515416473770097.
2026-05-15 08:08:44,783 - optuna.study.study - INFO - Trial 176 finished with value: 0.013188476058319645 and parameters: {'n_layers': 1, 'embedding_dim': 256, 'lr': 0.0014054401333505721, 'lambda_val': 7.651020351648254e-06, 'batch_size': 1266, 'optimizer': 'Adam'}. Best is trial 114 with value: 0.013515416473770097.
2026-05-15 08:09:10,991 - optuna.study.study - INFO - Trial 177 finished with value: 0.010814517076841432 and parameters: {'n_layers': 1, 'embedding_dim': 256, 'lr': 0.0008381313683280581, 'lambda_val': 7.87490264202996e-06, 'batch_size': 1264, 'optimizer': 'Adam'}. Best is trial 114 with value: 0.013515416473770097.
2026-05-15 08:09:37,630 - optuna.study.study - INFO - Trial 178 finished with value: 0.01124875461263053 and parameters: {'n_layers': 1, 'embedding_dim': 256, 'lr': 0.0011532954616754296, 'lambda_val': 3.870536852458153e-06, 'batch_size': 1578, 'optimizer': 'Adam'}. Best is trial 114 with value: 0.013515416473770097.
2026-05-15 08:10:05,092 - optuna.study.study - INFO - Trial 179 finished with value: 0.012497797571200873 and parameters: {'n_layers': 1, 'embedding_dim': 256, 'lr': 0.0006387373163884702, 'lambda_val': 9.48110238625882e-06, 'batch_size': 1372, 'optimizer': 'Adam'}. Best is trial 114 with value: 0.013515416473770097.
2026-05-15 08:10:31,064 - optuna.study.study - INFO - Trial 180 finished with value: 0.009531867728480373 and parameters: {'n_layers': 1, 'embedding_dim': 64, 'lr': 0.0005858899704565922, 'lambda_val': 1.0419763671656233e-05, 'batch_size': 1369, 'optimizer': 'Adam'}. Best is trial 114 with value: 0.013515416473770097.
2026-05-15 08:11:00,241 - optuna.study.study - INFO - Trial 181 finished with value: 0.009601665685392582 and parameters: {'n_layers': 1, 'embedding_dim': 256, 'lr': 0.0006771025494870771, 'lambda_val': 5.891904056560761e-06, 'batch_size': 1488, 'optimizer': 'Adam'}. Best is trial 114 with value: 0.013515416473770097.
2026-05-15 08:11:27,642 - optuna.study.study - INFO - Trial 182 finished with value: 0.011660778127687415 and parameters: {'n_layers': 1, 'embedding_dim': 256, 'lr': 0.0004606718460253486, 'lambda_val': 2.6395305657519786e-05, 'batch_size': 1320, 'optimizer': 'Adam'}. Best is trial 114 with value: 0.013515416473770097.
2026-05-15 08:12:05,822 - optuna.study.study - INFO - Trial 183 finished with value: 0.01252020672981197 and parameters: {'n_layers': 1, 'embedding_dim': 256, 'lr': 0.0014028190428089615, 'lambda_val': 7.5915189721833105e-06, 'batch_size': 1201, 'optimizer': 'Adam'}. Best is trial 114 with value: 0.013515416473770097.
2026-05-15 08:12:34,105 - optuna.study.study - INFO - Trial 184 finished with value: 0.011755415223960123 and parameters: {'n_layers': 1, 'embedding_dim': 256, 'lr': 0.0008325821147748663, 'lambda_val': 8.08954052894968e-06, 'batch_size': 1206, 'optimizer': 'Adam'}. Best is trial 114 with value: 0.013515416473770097.
2026-05-15 08:12:58,811 - optuna.study.study - INFO - Trial 185 finished with value: 0.009741977552436477 and parameters: {'n_layers': 1, 'embedding_dim': 128, 'lr': 0.0010611779218217563, 'lambda_val': 6.978448698702208e-06, 'batch_size': 1090, 'optimizer': 'Adam'}. Best is trial 114 with value: 0.013515416473770097.
2026-05-15 08:13:38,332 - optuna.study.study - INFO - Trial 186 finished with value: 0.01117547559062419 and parameters: {'n_layers': 1, 'embedding_dim': 256, 'lr': 0.0013401901912789196, 'lambda_val': 1.4189935674528276e-05, 'batch_size': 1139, 'optimizer': 'Adam'}. Best is trial 114 with value: 0.013515416473770097.
2026-05-15 08:13:43,289 - optuna.study._optimize - INFO - Trial 187 pruned. 
2026-05-15 08:14:12,464 - optuna.study.study - INFO - Trial 188 finished with value: 0.011700587950017521 and parameters: {'n_layers': 1, 'embedding_dim': 256, 'lr': 0.002197600255885864, 'lambda_val': 4.910042982147894e-06, 'batch_size': 1366, 'optimizer': 'Adam'}. Best is trial 114 with value: 0.013515416473770097.
2026-05-15 08:14:40,090 - optuna.study.study - INFO - Trial 189 finished with value: 0.012175061346526636 and parameters: {'n_layers': 1, 'embedding_dim': 256, 'lr': 0.0007236348428964415, 'lambda_val': 3.151823335925245e-06, 'batch_size': 1277, 'optimizer': 'Adam'}. Best is trial 114 with value: 0.013515416473770097.
2026-05-15 08:15:10,047 - optuna.study.study - INFO - Trial 190 finished with value: 0.011181155426517844 and parameters: {'n_layers': 1, 'embedding_dim': 256, 'lr': 0.0009912675472964426, 'lambda_val': 4.4132898821897184e-05, 'batch_size': 3128, 'optimizer': 'Adam'}. Best is trial 114 with value: 0.013515416473770097.
2026-05-15 08:15:38,721 - optuna.study.study - INFO - Trial 191 finished with value: 0.00945957843313824 and parameters: {'n_layers': 1, 'embedding_dim': 256, 'lr': 0.0015153084247813246, 'lambda_val': 1.0027197488479585e-05, 'batch_size': 1418, 'optimizer': 'Adam'}. Best is trial 114 with value: 0.013515416473770097.
2026-05-15 08:16:07,443 - optuna.study.study - INFO - Trial 192 finished with value: 0.01103309355643799 and parameters: {'n_layers': 1, 'embedding_dim': 256, 'lr': 0.0012629891405922294, 'lambda_val': 6.322937542236127e-06, 'batch_size': 1449, 'optimizer': 'Adam'}. Best is trial 114 with value: 0.013515416473770097.
2026-05-15 08:16:36,151 - optuna.study.study - INFO - Trial 193 finished with value: 0.011942314047938404 and parameters: {'n_layers': 1, 'embedding_dim': 256, 'lr': 0.00035642071321418447, 'lambda_val': 0.0001329176558942357, 'batch_size': 1525, 'optimizer': 'Adam'}. Best is trial 114 with value: 0.013515416473770097.
2026-05-15 08:17:15,540 - optuna.study.study - INFO - Trial 194 finished with value: 0.011242400452752885 and parameters: {'n_layers': 1, 'embedding_dim': 256, 'lr': 0.001549823893715531, 'lambda_val': 3.490572553487075e-05, 'batch_size': 1058, 'optimizer': 'Adam'}. Best is trial 114 with value: 0.013515416473770097.
2026-05-15 08:17:43,953 - optuna.study.study - INFO - Trial 195 finished with value: 0.008561732014432305 and parameters: {'n_layers': 1, 'embedding_dim': 256, 'lr': 0.0043493019775059085, 'lambda_val': 7.62065082197514e-06, 'batch_size': 788, 'optimizer': 'Adam'}. Best is trial 114 with value: 0.013515416473770097.
2026-05-15 08:18:25,465 - optuna.study.study - INFO - Trial 196 finished with value: 0.011535218349073713 and parameters: {'n_layers': 1, 'embedding_dim': 256, 'lr': 0.0024418736549339797, 'lambda_val': 2.9278291851517075e-05, 'batch_size': 1194, 'optimizer': 'Adam'}. Best is trial 114 with value: 0.013515416473770097.
2026-05-15 08:18:29,270 - optuna.study._optimize - INFO - Trial 197 pruned. 
2026-05-15 08:18:57,877 - optuna.study.study - INFO - Trial 198 finished with value: 0.011722605930587451 and parameters: {'n_layers': 1, 'embedding_dim': 256, 'lr': 0.0008849628100810095, 'lambda_val': 1.0119315224420503e-05, 'batch_size': 1140, 'optimizer': 'Adam'}. Best is trial 114 with value: 0.013515416473770097.
2026-05-15 08:19:26,645 - optuna.study.study - INFO - Trial 199 finished with value: 0.012623398223515658 and parameters: {'n_layers': 1, 'embedding_dim': 256, 'lr': 0.0017819738146687492, 'lambda_val': 6.521461653494907e-05, 'batch_size': 844, 'optimizer': 'Adam'}. Best is trial 114 with value: 0.013515416473770097.
2026-05-15 08:19:49,691 - root - INFO -   ** Getting the trainable edges:
2026-05-15 08:19:49,699 - helper_functions - INFO -      Number of nodes: 3657
2026-05-15 08:19:49,699 - helper_functions - INFO -      Ratio: 0.4035978368833462
2026-05-15 08:19:49,699 - helper_functions - INFO -      Number of unique users: 325
2026-05-15 08:19:49,699 - helper_functions - INFO -      Number of unique items: 3332
2026-05-15 08:19:49,699 - helper_functions - INFO -      Total dominant set edge: 67989
2026-05-15 08:19:49,699 - helper_functions - INFO -      Trainable edges: 54391.200000000004
2026-05-15 08:19:49,707 - root - INFO -   **** Getting 67989 dominant set edges
2026-05-15 08:19:49,816 - optuna.storages._rdb.storage - INFO - A new study created in RDB with name: Study_e_100K_1c2dcs
2026-05-15 08:20:39,724 - optuna.study.study - INFO - Trial 0 finished with value: 0.03913033297555629 and parameters: {'n_layers': 2, 'embedding_dim': 128, 'lr': 0.06652006913120358, 'lambda_val': 0.0001365142215091956, 'batch_size': 2946, 'optimizer': 'Adam'}. Best is trial 0 with value: 0.03913033297555629.
2026-05-15 08:21:33,696 - optuna.study.study - INFO - Trial 1 finished with value: 0.020837281183338913 and parameters: {'n_layers': 1, 'embedding_dim': 64, 'lr': 2.502995114742546e-05, 'lambda_val': 0.00014628149954826772, 'batch_size': 2600, 'optimizer': 'RMSprop'}. Best is trial 0 with value: 0.03913033297555629.
2026-05-15 08:22:34,876 - optuna.study.study - INFO - Trial 2 finished with value: 0.0037674188070777035 and parameters: {'n_layers': 3, 'embedding_dim': 256, 'lr': 0.09160475975357203, 'lambda_val': 9.512283782188633e-05, 'batch_size': 3185, 'optimizer': 'SGD'}. Best is trial 0 with value: 0.03913033297555629.
2026-05-15 08:23:22,356 - optuna.study.study - INFO - Trial 3 finished with value: 0.002503564330638805 and parameters: {'n_layers': 2, 'embedding_dim': 32, 'lr': 0.00018522933692892554, 'lambda_val': 0.016733275814555897, 'batch_size': 1825, 'optimizer': 'SGD'}. Best is trial 0 with value: 0.03913033297555629.
2026-05-15 08:24:29,712 - optuna.study.study - INFO - Trial 4 finished with value: 0.01837096255423876 and parameters: {'n_layers': 4, 'embedding_dim': 256, 'lr': 0.00025069901786832385, 'lambda_val': 4.616953126998941e-06, 'batch_size': 2887, 'optimizer': 'RMSprop'}. Best is trial 0 with value: 0.03913033297555629.
2026-05-15 08:24:38,160 - optuna.study._optimize - INFO - Trial 5 pruned. 
2026-05-15 08:24:43,304 - optuna.study._optimize - INFO - Trial 6 pruned. 
2026-05-15 08:24:49,277 - optuna.study._optimize - INFO - Trial 7 pruned. 
2026-05-15 08:24:58,612 - optuna.study._optimize - INFO - Trial 8 pruned. 
2026-05-15 08:25:47,987 - optuna.study.study - INFO - Trial 9 finished with value: 0.01716471420056421 and parameters: {'n_layers': 4, 'embedding_dim': 64, 'lr': 0.00041820350540802426, 'lambda_val': 1.1399295614670064e-06, 'batch_size': 2745, 'optimizer': 'RMSprop'}. Best is trial 0 with value: 0.03913033297555629.
2026-05-15 08:26:21,935 - optuna.study._optimize - INFO - Trial 10 pruned. 
2026-05-15 08:26:26,680 - optuna.study._optimize - INFO - Trial 11 pruned. 
2026-05-15 08:27:08,158 - optuna.study.study - INFO - Trial 12 finished with value: 0.032154436164664964 and parameters: {'n_layers': 1, 'embedding_dim': 128, 'lr': 0.003314283140363573, 'lambda_val': 1.8698483504142352e-05, 'batch_size': 1447, 'optimizer': 'Adam'}. Best is trial 0 with value: 0.03913033297555629.
2026-05-15 08:27:56,083 - optuna.study.study - INFO - Trial 13 finished with value: 0.03136736183843773 and parameters: {'n_layers': 2, 'embedding_dim': 128, 'lr': 0.009289868674132775, 'lambda_val': 1.6017327103461412e-05, 'batch_size': 1293, 'optimizer': 'Adam'}. Best is trial 0 with value: 0.03913033297555629.
2026-05-15 08:28:40,063 - optuna.study.study - INFO - Trial 14 finished with value: 0.04240548515734444 and parameters: {'n_layers': 1, 'embedding_dim': 128, 'lr': 0.01930366061355305, 'lambda_val': 9.311810018556949e-06, 'batch_size': 1467, 'optimizer': 'Adam'}. Best is trial 14 with value: 0.04240548515734444.
2026-05-15 08:29:16,347 - optuna.study.study - INFO - Trial 15 finished with value: 0.03359826738098336 and parameters: {'n_layers': 2, 'embedding_dim': 128, 'lr': 0.02126878647575869, 'lambda_val': 0.0011150233784695185, 'batch_size': 686, 'optimizer': 'Adam'}. Best is trial 14 with value: 0.04240548515734444.
2026-05-15 08:29:24,660 - optuna.study._optimize - INFO - Trial 16 pruned. 
2026-05-15 08:29:52,610 - optuna.study.study - INFO - Trial 17 finished with value: 0.04199869873667099 and parameters: {'n_layers': 1, 'embedding_dim': 96, 'lr': 0.001274560726771871, 'lambda_val': 0.0008692738409644293, 'batch_size': 2134, 'optimizer': 'Adam'}. Best is trial 14 with value: 0.04240548515734444.
2026-05-15 08:30:20,026 - optuna.study.study - INFO - Trial 18 finished with value: 0.04655163741880719 and parameters: {'n_layers': 1, 'embedding_dim': 96, 'lr': 0.0016830976776140195, 'lambda_val': 0.0006204993595497764, 'batch_size': 2252, 'optimizer': 'Adam'}. Best is trial 18 with value: 0.04655163741880719.
2026-05-15 08:30:47,871 - optuna.study.study - INFO - Trial 19 finished with value: 0.05625355965483205 and parameters: {'n_layers': 1, 'embedding_dim': 96, 'lr': 0.001525850035224581, 'lambda_val': 0.009279840520751887, 'batch_size': 1125, 'optimizer': 'Adam'}. Best is trial 19 with value: 0.05625355965483205.
2026-05-15 08:31:15,295 - optuna.study.study - INFO - Trial 20 finished with value: 0.05899843684477314 and parameters: {'n_layers': 1, 'embedding_dim': 96, 'lr': 0.00126807846644336, 'lambda_val': 0.01863207679545606, 'batch_size': 1125, 'optimizer': 'Adam'}. Best is trial 20 with value: 0.05899843684477314.
2026-05-15 08:31:54,256 - optuna.study.study - INFO - Trial 21 finished with value: 0.05620062850157364 and parameters: {'n_layers': 1, 'embedding_dim': 96, 'lr': 0.0018818343655134363, 'lambda_val': 0.03133035811095324, 'batch_size': 1066, 'optimizer': 'Adam'}. Best is trial 20 with value: 0.05899843684477314.
2026-05-15 08:32:21,574 - optuna.study.study - INFO - Trial 22 finished with value: 0.04259040926924702 and parameters: {'n_layers': 1, 'embedding_dim': 96, 'lr': 0.0006245306178444715, 'lambda_val': 0.058618236634731265, 'batch_size': 1044, 'optimizer': 'Adam'}. Best is trial 20 with value: 0.05899843684477314.
2026-05-15 08:32:25,539 - optuna.study._optimize - INFO - Trial 23 pruned. 
2026-05-15 08:32:53,653 - optuna.study.study - INFO - Trial 24 finished with value: 0.057615082269845894 and parameters: {'n_layers': 1, 'embedding_dim': 96, 'lr': 0.000714456754093743, 'lambda_val': 0.01975205959557207, 'batch_size': 1125, 'optimizer': 'Adam'}. Best is trial 20 with value: 0.05899843684477314.
2026-05-15 08:32:57,104 - optuna.study._optimize - INFO - Trial 25 pruned. 
2026-05-15 08:33:12,223 - optuna.study._optimize - INFO - Trial 26 pruned. 
2026-05-15 08:33:40,314 - optuna.study.study - INFO - Trial 27 finished with value: 0.05530663319142915 and parameters: {'n_layers': 1, 'embedding_dim': 96, 'lr': 0.0007459580243808423, 'lambda_val': 0.01307006817739222, 'batch_size': 515, 'optimizer': 'Adam'}. Best is trial 20 with value: 0.05899843684477314.
2026-05-15 08:34:12,307 - optuna.study.study - INFO - Trial 28 finished with value: 0.03273715222315185 and parameters: {'n_layers': 2, 'embedding_dim': 96, 'lr': 0.00023691133054425692, 'lambda_val': 0.0022392446737595625, 'batch_size': 987, 'optimizer': 'Adam'}. Best is trial 20 with value: 0.05899843684477314.
2026-05-15 08:34:21,696 - optuna.study._optimize - INFO - Trial 29 pruned. 
2026-05-15 08:34:30,812 - optuna.study._optimize - INFO - Trial 30 pruned. 
2026-05-15 08:34:58,357 - optuna.study.study - INFO - Trial 31 finished with value: 0.056681780949230064 and parameters: {'n_layers': 1, 'embedding_dim': 96, 'lr': 0.0022053420478998008, 'lambda_val': 0.039219735397715956, 'batch_size': 1180, 'optimizer': 'Adam'}. Best is trial 20 with value: 0.05899843684477314.
2026-05-15 08:35:26,256 - optuna.study.study - INFO - Trial 32 finished with value: 0.05955453186651269 and parameters: {'n_layers': 1, 'embedding_dim': 96, 'lr': 0.002900217844630624, 'lambda_val': 0.010462652973621306, 'batch_size': 1308, 'optimizer': 'Adam'}. Best is trial 32 with value: 0.05955453186651269.
2026-05-15 08:35:30,036 - optuna.study._optimize - INFO - Trial 33 pruned. 
2026-05-15 08:35:57,702 - optuna.study.study - INFO - Trial 34 finished with value: 0.05740733525579752 and parameters: {'n_layers': 1, 'embedding_dim': 96, 'lr': 0.0031629197507654057, 'lambda_val': 0.0029913014306440014, 'batch_size': 1365, 'optimizer': 'Adam'}. Best is trial 32 with value: 0.05955453186651269.
2026-05-15 08:36:32,215 - optuna.study.study - INFO - Trial 35 finished with value: 0.06643112234007878 and parameters: {'n_layers': 1, 'embedding_dim': 256, 'lr': 0.0034746942191311017, 'lambda_val': 0.0026158045777708266, 'batch_size': 1352, 'optimizer': 'Adam'}. Best is trial 35 with value: 0.06643112234007878.
2026-05-15 08:36:38,196 - optuna.study._optimize - INFO - Trial 36 pruned. 
2026-05-15 08:37:12,276 - optuna.study.study - INFO - Trial 37 finished with value: 0.06618566473548491 and parameters: {'n_layers': 1, 'embedding_dim': 256, 'lr': 0.00036576716005929787, 'lambda_val': 0.005726539325445217, 'batch_size': 1897, 'optimizer': 'Adam'}. Best is trial 35 with value: 0.06643112234007878.
2026-05-15 08:37:17,618 - optuna.study._optimize - INFO - Trial 38 pruned. 
2026-05-15 08:37:21,767 - optuna.study._optimize - INFO - Trial 39 pruned. 
2026-05-15 08:37:26,535 - optuna.study._optimize - INFO - Trial 40 pruned. 
2026-05-15 08:38:00,520 - optuna.study.study - INFO - Trial 41 finished with value: 0.06296481937569536 and parameters: {'n_layers': 1, 'embedding_dim': 256, 'lr': 0.0008637711285508425, 'lambda_val': 0.01198874226874456, 'batch_size': 1339, 'optimizer': 'Adam'}. Best is trial 35 with value: 0.06643112234007878.
2026-05-15 08:38:34,578 - optuna.study.study - INFO - Trial 42 finished with value: 0.05891863870658871 and parameters: {'n_layers': 1, 'embedding_dim': 256, 'lr': 0.0010576358860249306, 'lambda_val': 0.0035026663301912235, 'batch_size': 1900, 'optimizer': 'Adam'}. Best is trial 35 with value: 0.06643112234007878.
2026-05-15 08:38:39,123 - optuna.study._optimize - INFO - Trial 43 pruned. 
2026-05-15 08:39:13,344 - optuna.study.study - INFO - Trial 44 finished with value: 0.059778868995354256 and parameters: {'n_layers': 1, 'embedding_dim': 256, 'lr': 0.005414378828783008, 'lambda_val': 8.444597101020106e-05, 'batch_size': 1311, 'optimizer': 'Adam'}. Best is trial 35 with value: 0.06643112234007878.
2026-05-15 08:39:49,341 - optuna.study.study - INFO - Trial 45 finished with value: 0.0656489085925127 and parameters: {'n_layers': 1, 'embedding_dim': 256, 'lr': 0.005331357910093011, 'lambda_val': 0.00013351793078320717, 'batch_size': 3657, 'optimizer': 'RMSprop'}. Best is trial 35 with value: 0.06643112234007878.
2026-05-15 08:40:24,882 - optuna.study.study - INFO - Trial 46 finished with value: 0.05379124756004672 and parameters: {'n_layers': 1, 'embedding_dim': 256, 'lr': 0.005108020364629967, 'lambda_val': 6.933184124732494e-05, 'batch_size': 3566, 'optimizer': 'RMSprop'}. Best is trial 35 with value: 0.06643112234007878.
2026-05-15 08:41:00,171 - optuna.study.study - INFO - Trial 47 finished with value: 0.060027808108857494 and parameters: {'n_layers': 1, 'embedding_dim': 256, 'lr': 0.013297071372168064, 'lambda_val': 0.0001138664693168566, 'batch_size': 3202, 'optimizer': 'RMSprop'}. Best is trial 35 with value: 0.06643112234007878.
2026-05-15 08:41:35,640 - optuna.study.study - INFO - Trial 48 finished with value: 0.06431013713977676 and parameters: {'n_layers': 1, 'embedding_dim': 256, 'lr': 0.011209299717006634, 'lambda_val': 0.00016098487565058202, 'batch_size': 3467, 'optimizer': 'RMSprop'}. Best is trial 35 with value: 0.06643112234007878.
2026-05-15 08:41:41,424 - optuna.study._optimize - INFO - Trial 49 pruned. 
2026-05-15 08:41:45,500 - optuna.study._optimize - INFO - Trial 50 pruned. 
2026-05-15 08:41:49,520 - optuna.study._optimize - INFO - Trial 51 pruned. 
2026-05-15 08:42:23,552 - optuna.study.study - INFO - Trial 52 finished with value: 0.07154134574337437 and parameters: {'n_layers': 1, 'embedding_dim': 256, 'lr': 0.01403111555785316, 'lambda_val': 0.0005967438968569646, 'batch_size': 3352, 'optimizer': 'RMSprop'}. Best is trial 52 with value: 0.07154134574337437.
2026-05-15 08:42:27,797 - optuna.study._optimize - INFO - Trial 53 pruned. 
2026-05-15 08:43:01,183 - optuna.study.study - INFO - Trial 54 finished with value: 0.07034579781045008 and parameters: {'n_layers': 1, 'embedding_dim': 256, 'lr': 0.008666439391991748, 'lambda_val': 0.0003907834424700405, 'batch_size': 2994, 'optimizer': 'RMSprop'}. Best is trial 52 with value: 0.07154134574337437.
2026-05-15 08:43:36,348 - optuna.study.study - INFO - Trial 55 finished with value: 0.0674874657164172 and parameters: {'n_layers': 1, 'embedding_dim': 256, 'lr': 0.00789291625476325, 'lambda_val': 0.00039084411476488, 'batch_size': 2942, 'optimizer': 'RMSprop'}. Best is trial 52 with value: 0.07154134574337437.
2026-05-15 08:43:44,433 - optuna.study._optimize - INFO - Trial 56 pruned. 
2026-05-15 08:43:49,328 - optuna.study._optimize - INFO - Trial 57 pruned. 
2026-05-15 08:43:53,632 - optuna.study._optimize - INFO - Trial 58 pruned. 
2026-05-15 08:43:57,493 - optuna.study._optimize - INFO - Trial 59 pruned. 
2026-05-15 08:44:02,593 - optuna.study._optimize - INFO - Trial 60 pruned. 
2026-05-15 08:44:13,744 - optuna.study._optimize - INFO - Trial 61 pruned. 
2026-05-15 08:44:22,338 - optuna.study._optimize - INFO - Trial 62 pruned. 
2026-05-15 08:44:57,152 - optuna.study.study - INFO - Trial 63 finished with value: 0.0614499334352799 and parameters: {'n_layers': 1, 'embedding_dim': 256, 'lr': 0.004558758791834335, 'lambda_val': 0.00039940843234899804, 'batch_size': 3004, 'optimizer': 'RMSprop'}. Best is trial 52 with value: 0.07154134574337437.
2026-05-15 08:45:31,730 - optuna.study.study - INFO - Trial 64 finished with value: 0.07055364766152837 and parameters: {'n_layers': 1, 'embedding_dim': 256, 'lr': 0.013858995059506695, 'lambda_val': 0.0002540074893657222, 'batch_size': 2787, 'optimizer': 'RMSprop'}. Best is trial 52 with value: 0.07154134574337437.
2026-05-15 08:45:35,927 - optuna.study._optimize - INFO - Trial 65 pruned. 
2026-05-15 08:45:40,043 - optuna.study._optimize - INFO - Trial 66 pruned. 
2026-05-15 08:45:43,627 - optuna.study._optimize - INFO - Trial 67 pruned. 
2026-05-15 08:45:47,920 - optuna.study._optimize - INFO - Trial 68 pruned. 
2026-05-15 08:46:07,618 - optuna.study._optimize - INFO - Trial 69 pruned. 
2026-05-15 08:46:36,266 - optuna.study.study - INFO - Trial 70 finished with value: 0.03575468365275521 and parameters: {'n_layers': 1, 'embedding_dim': 64, 'lr': 0.0025119880866644336, 'lambda_val': 0.00046237984622004544, 'batch_size': 3792, 'optimizer': 'RMSprop'}. Best is trial 52 with value: 0.07154134574337437.
2026-05-15 08:47:11,267 - optuna.study.study - INFO - Trial 71 finished with value: 0.06610749627249203 and parameters: {'n_layers': 1, 'embedding_dim': 256, 'lr': 0.011098717853755602, 'lambda_val': 0.0001482440503619902, 'batch_size': 3510, 'optimizer': 'RMSprop'}. Best is trial 52 with value: 0.07154134574337437.
2026-05-15 08:47:17,997 - optuna.study._optimize - INFO - Trial 72 pruned. 
2026-05-15 08:47:24,355 - optuna.study._optimize - INFO - Trial 73 pruned. 
2026-05-15 08:47:59,621 - optuna.study.study - INFO - Trial 74 finished with value: 0.06886591377690582 and parameters: {'n_layers': 1, 'embedding_dim': 256, 'lr': 0.018351334099900498, 'lambda_val': 0.0006228135007454861, 'batch_size': 3092, 'optimizer': 'RMSprop'}. Best is trial 52 with value: 0.07154134574337437.
2026-05-15 08:48:03,724 - optuna.study._optimize - INFO - Trial 75 pruned. 
2026-05-15 08:48:07,972 - optuna.study._optimize - INFO - Trial 76 pruned. 
2026-05-15 08:48:14,890 - optuna.study._optimize - INFO - Trial 77 pruned. 
2026-05-15 08:48:43,543 - optuna.study.study - INFO - Trial 78 finished with value: 0.06750506828815063 and parameters: {'n_layers': 1, 'embedding_dim': 128, 'lr': 0.01603046688536346, 'lambda_val': 0.0011046555780369262, 'batch_size': 2158, 'optimizer': 'RMSprop'}. Best is trial 52 with value: 0.07154134574337437.
2026-05-15 08:48:47,679 - optuna.study._optimize - INFO - Trial 79 pruned. 
2026-05-15 08:48:51,276 - optuna.study._optimize - INFO - Trial 80 pruned. 
2026-05-15 08:48:55,060 - optuna.study._optimize - INFO - Trial 81 pruned. 
2026-05-15 08:49:01,058 - optuna.study._optimize - INFO - Trial 82 pruned. 
2026-05-15 08:49:33,925 - optuna.study.study - INFO - Trial 83 finished with value: 0.06885601697840132 and parameters: {'n_layers': 1, 'embedding_dim': 256, 'lr': 0.008559998380138498, 'lambda_val': 0.0006121178298652499, 'batch_size': 1992, 'optimizer': 'RMSprop'}. Best is trial 52 with value: 0.07154134574337437.
2026-05-15 08:50:07,556 - optuna.study.study - INFO - Trial 84 finished with value: 0.07268277184987448 and parameters: {'n_layers': 1, 'embedding_dim': 256, 'lr': 0.008751723326315606, 'lambda_val': 0.0009846465028376427, 'batch_size': 1956, 'optimizer': 'RMSprop'}. Best is trial 84 with value: 0.07268277184987448.
2026-05-15 08:50:11,994 - optuna.study._optimize - INFO - Trial 85 pruned. 
2026-05-15 08:50:16,121 - optuna.study._optimize - INFO - Trial 86 pruned. 
2026-05-15 08:50:50,925 - optuna.study.study - INFO - Trial 87 finished with value: 0.07335822865275944 and parameters: {'n_layers': 1, 'embedding_dim': 256, 'lr': 0.007978722152944996, 'lambda_val': 0.0004295508525865246, 'batch_size': 2512, 'optimizer': 'RMSprop'}. Best is trial 87 with value: 0.07335822865275944.
2026-05-15 08:50:54,917 - optuna.study._optimize - INFO - Trial 88 pruned. 
2026-05-15 08:50:59,696 - optuna.study._optimize - INFO - Trial 89 pruned. 
2026-05-15 08:51:04,703 - optuna.study._optimize - INFO - Trial 90 pruned. 
2026-05-15 08:51:39,696 - optuna.study.study - INFO - Trial 91 finished with value: 0.06556085124723311 and parameters: {'n_layers': 1, 'embedding_dim': 256, 'lr': 0.009783912973914562, 'lambda_val': 0.0010688841563497554, 'batch_size': 2674, 'optimizer': 'RMSprop'}. Best is trial 87 with value: 0.07335822865275944.
2026-05-15 08:51:44,638 - optuna.study._optimize - INFO - Trial 92 pruned. 
2026-05-15 08:52:19,182 - optuna.study.study - INFO - Trial 93 finished with value: 0.0709220322932446 and parameters: {'n_layers': 1, 'embedding_dim': 256, 'lr': 0.011314901446093524, 'lambda_val': 0.0003801546940896274, 'batch_size': 2912, 'optimizer': 'RMSprop'}. Best is trial 87 with value: 0.07335822865275944.
2026-05-15 08:52:54,083 - optuna.study.study - INFO - Trial 94 finished with value: 0.07186309915383504 and parameters: {'n_layers': 1, 'embedding_dim': 256, 'lr': 0.01162410699852633, 'lambda_val': 0.00041688973931183494, 'batch_size': 2798, 'optimizer': 'RMSprop'}. Best is trial 87 with value: 0.07335822865275944.
2026-05-15 08:52:58,516 - optuna.study._optimize - INFO - Trial 95 pruned. 
2026-05-15 08:53:02,477 - optuna.study._optimize - INFO - Trial 96 pruned. 
2026-05-15 08:53:35,773 - optuna.study.study - INFO - Trial 97 finished with value: 0.06768162185280913 and parameters: {'n_layers': 1, 'embedding_dim': 256, 'lr': 0.004324950036219833, 'lambda_val': 0.0007173961474984642, 'batch_size': 2028, 'optimizer': 'RMSprop'}. Best is trial 87 with value: 0.07335822865275944.
2026-05-15 08:53:52,297 - optuna.study._optimize - INFO - Trial 98 pruned. 
2026-05-15 08:53:58,336 - optuna.study._optimize - INFO - Trial 99 pruned. 
2026-05-15 08:54:32,663 - optuna.study.study - INFO - Trial 100 finished with value: 0.03738655447480015 and parameters: {'n_layers': 1, 'embedding_dim': 256, 'lr': 0.002757421438706075, 'lambda_val': 9.039730321309552e-05, 'batch_size': 2762, 'optimizer': 'RMSprop'}. Best is trial 87 with value: 0.07335822865275944.
2026-05-15 08:55:06,990 - optuna.study.study - INFO - Trial 101 finished with value: 0.0635787959006666 and parameters: {'n_layers': 1, 'embedding_dim': 256, 'lr': 0.008936002141690911, 'lambda_val': 0.001181061962729326, 'batch_size': 2185, 'optimizer': 'RMSprop'}. Best is trial 87 with value: 0.07335822865275944.
2026-05-15 08:55:40,772 - optuna.study.study - INFO - Trial 102 finished with value: 0.07185077577200202 and parameters: {'n_layers': 1, 'embedding_dim': 256, 'lr': 0.011401003556756795, 'lambda_val': 0.0008061007768067832, 'batch_size': 2289, 'optimizer': 'RMSprop'}. Best is trial 87 with value: 0.07335822865275944.
2026-05-15 08:56:14,187 - optuna.study.study - INFO - Trial 103 finished with value: 0.0690885119162894 and parameters: {'n_layers': 1, 'embedding_dim': 256, 'lr': 0.010440866928990863, 'lambda_val': 0.0004384962057978653, 'batch_size': 2296, 'optimizer': 'RMSprop'}. Best is trial 87 with value: 0.07335822865275944.
2026-05-15 08:56:18,284 - optuna.study._optimize - INFO - Trial 104 pruned. 
2026-05-15 08:56:22,715 - optuna.study._optimize - INFO - Trial 105 pruned. 
2026-05-15 08:56:57,602 - optuna.study.study - INFO - Trial 106 finished with value: 0.06595104714177713 and parameters: {'n_layers': 1, 'embedding_dim': 256, 'lr': 0.01427842634514014, 'lambda_val': 0.00019396870991295992, 'batch_size': 2591, 'optimizer': 'RMSprop'}. Best is trial 87 with value: 0.07335822865275944.
2026-05-15 08:57:37,113 - optuna.study.study - INFO - Trial 107 finished with value: 0.06580664127250556 and parameters: {'n_layers': 1, 'embedding_dim': 256, 'lr': 0.010034813173659278, 'lambda_val': 0.0017214082912610157, 'batch_size': 3125, 'optimizer': 'RMSprop'}. Best is trial 87 with value: 0.07335822865275944.
2026-05-15 08:58:17,500 - optuna.study.study - INFO - Trial 108 finished with value: 0.0682649579028632 and parameters: {'n_layers': 1, 'embedding_dim': 256, 'lr': 0.0067897049986317595, 'lambda_val': 0.00033550318339689816, 'batch_size': 3246, 'optimizer': 'RMSprop'}. Best is trial 87 with value: 0.07335822865275944.
2026-05-15 08:58:21,703 - optuna.study._optimize - INFO - Trial 109 pruned. 
2026-05-15 08:58:25,903 - optuna.study._optimize - INFO - Trial 110 pruned. 
2026-05-15 08:59:01,197 - optuna.study.study - INFO - Trial 111 finished with value: 0.07472210114927892 and parameters: {'n_layers': 1, 'embedding_dim': 256, 'lr': 0.007765105877867583, 'lambda_val': 0.00030726097667072786, 'batch_size': 3051, 'optimizer': 'RMSprop'}. Best is trial 111 with value: 0.07472210114927892.
2026-05-15 08:59:05,454 - optuna.study._optimize - INFO - Trial 112 pruned. 
2026-05-15 08:59:40,923 - optuna.study.study - INFO - Trial 113 finished with value: 0.07444579814053238 and parameters: {'n_layers': 1, 'embedding_dim': 256, 'lr': 0.008223383946890532, 'lambda_val': 0.0006056777751769507, 'batch_size': 2950, 'optimizer': 'RMSprop'}. Best is trial 111 with value: 0.07472210114927892.
2026-05-15 08:59:45,493 - optuna.study._optimize - INFO - Trial 114 pruned. 
2026-05-15 08:59:49,631 - optuna.study._optimize - INFO - Trial 115 pruned. 
2026-05-15 08:59:54,034 - optuna.study._optimize - INFO - Trial 116 pruned. 
2026-05-15 09:00:28,370 - optuna.study.study - INFO - Trial 117 finished with value: 0.06454947044092654 and parameters: {'n_layers': 1, 'embedding_dim': 256, 'lr': 0.007389396121397702, 'lambda_val': 0.0013951824703868495, 'batch_size': 3187, 'optimizer': 'RMSprop'}. Best is trial 111 with value: 0.07472210114927892.
2026-05-15 09:00:32,659 - optuna.study._optimize - INFO - Trial 118 pruned. 
2026-05-15 09:01:07,165 - optuna.study.study - INFO - Trial 119 finished with value: 0.06832640002638721 and parameters: {'n_layers': 1, 'embedding_dim': 256, 'lr': 0.010513977591895847, 'lambda_val': 0.00031425009647216936, 'batch_size': 3387, 'optimizer': 'RMSprop'}. Best is trial 111 with value: 0.07472210114927892.
2026-05-15 09:01:36,085 - optuna.study.study - INFO - Trial 120 finished with value: 0.04930963352088778 and parameters: {'n_layers': 1, 'embedding_dim': 64, 'lr': 0.003897081592690103, 'lambda_val': 0.0005426472328218477, 'batch_size': 2766, 'optimizer': 'RMSprop'}. Best is trial 111 with value: 0.07472210114927892.
2026-05-15 09:02:11,306 - optuna.study.study - INFO - Trial 121 finished with value: 0.06975395278135707 and parameters: {'n_layers': 1, 'embedding_dim': 256, 'lr': 0.008560710652567055, 'lambda_val': 0.0009063867217037586, 'batch_size': 3264, 'optimizer': 'RMSprop'}. Best is trial 111 with value: 0.07472210114927892.
2026-05-15 09:02:46,696 - optuna.study.study - INFO - Trial 122 finished with value: 0.07272126400634324 and parameters: {'n_layers': 1, 'embedding_dim': 256, 'lr': 0.008450375888999252, 'lambda_val': 0.0008589713418966785, 'batch_size': 2971, 'optimizer': 'RMSprop'}. Best is trial 111 with value: 0.07472210114927892.
2026-05-15 09:03:21,656 - optuna.study.study - INFO - Trial 123 finished with value: 0.07416980007591022 and parameters: {'n_layers': 1, 'embedding_dim': 256, 'lr': 0.007867129317867394, 'lambda_val': 0.0008844757680786149, 'batch_size': 2911, 'optimizer': 'RMSprop'}. Best is trial 111 with value: 0.07472210114927892.
2026-05-15 09:03:57,192 - optuna.study.study - INFO - Trial 124 finished with value: 0.06506493500645028 and parameters: {'n_layers': 1, 'embedding_dim': 256, 'lr': 0.0076258345695106085, 'lambda_val': 0.0018739821557252723, 'batch_size': 3016, 'optimizer': 'RMSprop'}. Best is trial 111 with value: 0.07472210114927892.
2026-05-15 09:04:31,818 - optuna.study.study - INFO - Trial 125 finished with value: 0.06690253545710957 and parameters: {'n_layers': 1, 'embedding_dim': 256, 'lr': 0.005060350830141759, 'lambda_val': 0.0009016297846188888, 'batch_size': 2954, 'optimizer': 'RMSprop'}. Best is trial 111 with value: 0.07472210114927892.
2026-05-15 09:05:06,722 - optuna.study.study - INFO - Trial 126 finished with value: 0.06656394637650516 and parameters: {'n_layers': 1, 'embedding_dim': 256, 'lr': 0.008767141520427955, 'lambda_val': 0.0012971410888824762, 'batch_size': 3238, 'optimizer': 'RMSprop'}. Best is trial 111 with value: 0.07472210114927892.
2026-05-15 09:05:41,562 - optuna.study.study - INFO - Trial 127 finished with value: 0.07541528397874628 and parameters: {'n_layers': 1, 'embedding_dim': 256, 'lr': 0.006314179000766532, 'lambda_val': 0.0007757876047773694, 'batch_size': 2897, 'optimizer': 'RMSprop'}. Best is trial 127 with value: 0.07541528397874628.
2026-05-15 09:06:16,241 - optuna.study.study - INFO - Trial 128 finished with value: 0.06497225066381254 and parameters: {'n_layers': 1, 'embedding_dim': 256, 'lr': 0.006924355732092859, 'lambda_val': 0.0003780837061238437, 'batch_size': 2863, 'optimizer': 'RMSprop'}. Best is trial 127 with value: 0.07541528397874628.
2026-05-15 09:06:20,957 - optuna.study._optimize - INFO - Trial 129 pruned. 
2026-05-15 09:06:55,977 - optuna.study.study - INFO - Trial 130 finished with value: 0.06501031040142617 and parameters: {'n_layers': 1, 'embedding_dim': 256, 'lr': 0.012522444442569877, 'lambda_val': 0.00217978166235789, 'batch_size': 2943, 'optimizer': 'RMSprop'}. Best is trial 127 with value: 0.07541528397874628.
2026-05-15 09:07:30,781 - optuna.study.study - INFO - Trial 131 finished with value: 0.06804855223708141 and parameters: {'n_layers': 1, 'embedding_dim': 256, 'lr': 0.008311796561271673, 'lambda_val': 0.0009525229018675877, 'batch_size': 3099, 'optimizer': 'RMSprop'}. Best is trial 127 with value: 0.07541528397874628.
2026-05-15 09:08:05,685 - optuna.study.study - INFO - Trial 132 finished with value: 0.06862009496460211 and parameters: {'n_layers': 1, 'embedding_dim': 256, 'lr': 0.013880824717720426, 'lambda_val': 0.0007397497759493806, 'batch_size': 3165, 'optimizer': 'RMSprop'}. Best is trial 127 with value: 0.07541528397874628.
2026-05-15 09:08:40,683 - optuna.study.study - INFO - Trial 133 finished with value: 0.07302232701471208 and parameters: {'n_layers': 1, 'embedding_dim': 256, 'lr': 0.009644155251043755, 'lambda_val': 0.000552305269874838, 'batch_size': 2814, 'optimizer': 'RMSprop'}. Best is trial 127 with value: 0.07541528397874628.
2026-05-15 09:08:45,068 - optuna.study._optimize - INFO - Trial 134 pruned. 
2026-05-15 09:09:19,762 - optuna.study.study - INFO - Trial 135 finished with value: 0.0678023082157062 and parameters: {'n_layers': 1, 'embedding_dim': 256, 'lr': 0.010170400924706936, 'lambda_val': 0.0002822110328052698, 'batch_size': 2607, 'optimizer': 'RMSprop'}. Best is trial 127 with value: 0.07541528397874628.
2026-05-15 09:09:24,300 - optuna.study._optimize - INFO - Trial 136 pruned. 
2026-05-15 09:09:28,066 - optuna.study._optimize - INFO - Trial 137 pruned. 
2026-05-15 09:10:02,751 - optuna.study.study - INFO - Trial 138 finished with value: 0.07635289840784933 and parameters: {'n_layers': 1, 'embedding_dim': 256, 'lr': 0.011993639455528905, 'lambda_val': 0.0005273274752567814, 'batch_size': 2983, 'optimizer': 'RMSprop'}. Best is trial 138 with value: 0.07635289840784933.
2026-05-15 09:10:06,748 - optuna.study._optimize - INFO - Trial 139 pruned. 
2026-05-15 09:10:10,757 - optuna.study._optimize - INFO - Trial 140 pruned. 
2026-05-15 09:10:44,853 - optuna.study.study - INFO - Trial 141 finished with value: 0.06778859765653693 and parameters: {'n_layers': 1, 'embedding_dim': 256, 'lr': 0.010078630436126917, 'lambda_val': 0.0005289833957117619, 'batch_size': 2994, 'optimizer': 'RMSprop'}. Best is trial 138 with value: 0.07635289840784933.
2026-05-15 09:11:19,259 - optuna.study.study - INFO - Trial 142 finished with value: 0.0680770684609599 and parameters: {'n_layers': 1, 'embedding_dim': 256, 'lr': 0.005743500934229247, 'lambda_val': 0.00033098006282288137, 'batch_size': 2813, 'optimizer': 'RMSprop'}. Best is trial 138 with value: 0.07635289840784933.
2026-05-15 09:11:23,543 - optuna.study._optimize - INFO - Trial 143 pruned. 
2026-05-15 09:11:58,998 - optuna.study.study - INFO - Trial 144 finished with value: 0.07127769034224304 and parameters: {'n_layers': 1, 'embedding_dim': 256, 'lr': 0.007569119545769129, 'lambda_val': 0.000713826177968776, 'batch_size': 3090, 'optimizer': 'RMSprop'}. Best is trial 138 with value: 0.07635289840784933.
2026-05-15 09:12:34,806 - optuna.study.study - INFO - Trial 145 finished with value: 0.06914615668261286 and parameters: {'n_layers': 1, 'embedding_dim': 256, 'lr': 0.007222337083418334, 'lambda_val': 0.0006756292768090902, 'batch_size': 3061, 'optimizer': 'RMSprop'}. Best is trial 138 with value: 0.07635289840784933.
2026-05-15 09:13:10,093 - optuna.study.study - INFO - Trial 146 finished with value: 0.06854438862772659 and parameters: {'n_layers': 1, 'embedding_dim': 256, 'lr': 0.014434350863313886, 'lambda_val': 0.0008039462147168385, 'batch_size': 3127, 'optimizer': 'RMSprop'}. Best is trial 138 with value: 0.07635289840784933.
2026-05-15 09:13:13,685 - optuna.study._optimize - INFO - Trial 147 pruned. 
2026-05-15 09:13:48,734 - optuna.study.study - INFO - Trial 148 finished with value: 0.06373644548772323 and parameters: {'n_layers': 1, 'embedding_dim': 256, 'lr': 0.004257201642920393, 'lambda_val': 0.001533101895414928, 'batch_size': 2712, 'optimizer': 'RMSprop'}. Best is trial 138 with value: 0.07635289840784933.
2026-05-15 09:13:54,845 - optuna.study._optimize - INFO - Trial 149 pruned. 
2026-05-15 09:14:40,731 - optuna.study.study - INFO - Trial 150 finished with value: 0.06609043667979027 and parameters: {'n_layers': 1, 'embedding_dim': 256, 'lr': 0.0032790157839991635, 'lambda_val': 0.0005690142047779474, 'batch_size': 2659, 'optimizer': 'RMSprop'}. Best is trial 138 with value: 0.07635289840784933.
2026-05-15 09:14:45,446 - optuna.study._optimize - INFO - Trial 151 pruned. 
2026-05-15 09:15:19,710 - optuna.study.study - INFO - Trial 152 finished with value: 0.07063968804585595 and parameters: {'n_layers': 1, 'embedding_dim': 256, 'lr': 0.008056006268553191, 'lambda_val': 0.0011539926182857496, 'batch_size': 2838, 'optimizer': 'RMSprop'}. Best is trial 138 with value: 0.07635289840784933.
2026-05-15 09:15:54,696 - optuna.study.study - INFO - Trial 153 finished with value: 0.07055996909121702 and parameters: {'n_layers': 1, 'embedding_dim': 256, 'lr': 0.006351266643956989, 'lambda_val': 0.0012055927255144718, 'batch_size': 2863, 'optimizer': 'RMSprop'}. Best is trial 138 with value: 0.07635289840784933.
2026-05-15 09:16:29,516 - optuna.study.study - INFO - Trial 154 finished with value: 0.0690362495241523 and parameters: {'n_layers': 1, 'embedding_dim': 256, 'lr': 0.006004788074247307, 'lambda_val': 0.0010948209301943335, 'batch_size': 2923, 'optimizer': 'RMSprop'}. Best is trial 138 with value: 0.07635289840784933.
2026-05-15 09:17:04,135 - optuna.study.study - INFO - Trial 155 finished with value: 0.06913515433539097 and parameters: {'n_layers': 1, 'embedding_dim': 256, 'lr': 0.006979088825755725, 'lambda_val': 0.0008330450729495606, 'batch_size': 2851, 'optimizer': 'RMSprop'}. Best is trial 138 with value: 0.07635289840784933.
2026-05-15 09:17:31,134 - optuna.study._optimize - INFO - Trial 156 pruned. 
2026-05-15 09:18:06,115 - optuna.study.study - INFO - Trial 157 finished with value: 0.0689933011206212 and parameters: {'n_layers': 1, 'embedding_dim': 256, 'lr': 0.00789671918633075, 'lambda_val': 0.0012705771892025013, 'batch_size': 3084, 'optimizer': 'RMSprop'}. Best is trial 138 with value: 0.07635289840784933.
2026-05-15 09:18:17,896 - optuna.study._optimize - INFO - Trial 158 pruned. 
2026-05-15 09:18:24,885 - optuna.study._optimize - INFO - Trial 159 pruned. 
2026-05-15 09:18:29,271 - optuna.study._optimize - INFO - Trial 160 pruned. 
2026-05-15 09:18:34,123 - optuna.study._optimize - INFO - Trial 161 pruned. 
2026-05-15 09:19:08,343 - optuna.study.study - INFO - Trial 162 finished with value: 0.07493865452349091 and parameters: {'n_layers': 1, 'embedding_dim': 256, 'lr': 0.01159872626752958, 'lambda_val': 0.0006235806546014209, 'batch_size': 2795, 'optimizer': 'RMSprop'}. Best is trial 138 with value: 0.07635289840784933.
2026-05-15 09:19:43,400 - optuna.study.study - INFO - Trial 163 finished with value: 0.07024955728030252 and parameters: {'n_layers': 1, 'embedding_dim': 256, 'lr': 0.009897029487369109, 'lambda_val': 0.0006074183566510483, 'batch_size': 2617, 'optimizer': 'RMSprop'}. Best is trial 138 with value: 0.07635289840784933.
2026-05-15 09:20:18,716 - optuna.study.study - INFO - Trial 164 finished with value: 0.07271434472323286 and parameters: {'n_layers': 1, 'embedding_dim': 256, 'lr': 0.01184721623679432, 'lambda_val': 0.0008120813888544422, 'batch_size': 2915, 'optimizer': 'RMSprop'}. Best is trial 138 with value: 0.07635289840784933.
2026-05-15 09:20:25,784 - optuna.study._optimize - INFO - Trial 165 pruned. 
2026-05-15 09:20:30,103 - optuna.study._optimize - INFO - Trial 166 pruned. 
2026-05-15 09:21:07,444 - optuna.study.study - INFO - Trial 167 finished with value: 0.07013644925935891 and parameters: {'n_layers': 1, 'embedding_dim': 256, 'lr': 0.007943659219247163, 'lambda_val': 0.0005918858051902889, 'batch_size': 2741, 'optimizer': 'RMSprop'}. Best is trial 138 with value: 0.07635289840784933.
2026-05-15 09:21:11,673 - optuna.study._optimize - INFO - Trial 168 pruned. 
2026-05-15 09:21:15,815 - optuna.study._optimize - INFO - Trial 169 pruned. 
2026-05-15 09:21:51,222 - optuna.study.study - INFO - Trial 170 finished with value: 0.07691083293442355 and parameters: {'n_layers': 1, 'embedding_dim': 256, 'lr': 0.008806098197844902, 'lambda_val': 0.0003109121965881589, 'batch_size': 2984, 'optimizer': 'RMSprop'}. Best is trial 170 with value: 0.07691083293442355.
2026-05-15 09:21:55,297 - optuna.study._optimize - INFO - Trial 171 pruned. 
2026-05-15 09:22:29,174 - optuna.study.study - INFO - Trial 172 finished with value: 0.0765519021741374 and parameters: {'n_layers': 1, 'embedding_dim': 256, 'lr': 0.007963336866120161, 'lambda_val': 0.0005403618163119506, 'batch_size': 3070, 'optimizer': 'RMSprop'}. Best is trial 170 with value: 0.07691083293442355.
2026-05-15 09:23:04,560 - optuna.study.study - INFO - Trial 173 finished with value: 0.07189640730154309 and parameters: {'n_layers': 1, 'embedding_dim': 256, 'lr': 0.013660507887391142, 'lambda_val': 0.00047196487846364174, 'batch_size': 3190, 'optimizer': 'RMSprop'}. Best is trial 170 with value: 0.07691083293442355.
2026-05-15 09:23:39,663 - optuna.study.study - INFO - Trial 174 finished with value: 0.06795856844177674 and parameters: {'n_layers': 1, 'embedding_dim': 256, 'lr': 0.013909426860648864, 'lambda_val': 0.0005098307833523991, 'batch_size': 3193, 'optimizer': 'RMSprop'}. Best is trial 170 with value: 0.07691083293442355.
2026-05-15 09:23:45,804 - optuna.study._optimize - INFO - Trial 175 pruned. 
2026-05-15 09:24:21,712 - optuna.study.study - INFO - Trial 176 finished with value: 0.0705758583144185 and parameters: {'n_layers': 1, 'embedding_dim': 256, 'lr': 0.0069952803103225806, 'lambda_val': 0.0007984952736303179, 'batch_size': 3241, 'optimizer': 'RMSprop'}. Best is trial 170 with value: 0.07691083293442355.
2026-05-15 09:24:32,790 - optuna.study._optimize - INFO - Trial 177 pruned. 
2026-05-15 09:25:07,794 - optuna.study.study - INFO - Trial 178 finished with value: 0.07437900993667769 and parameters: {'n_layers': 1, 'embedding_dim': 256, 'lr': 0.008746606533579495, 'lambda_val': 0.00040952190416855636, 'batch_size': 3060, 'optimizer': 'RMSprop'}. Best is trial 170 with value: 0.07691083293442355.
2026-05-15 09:25:12,285 - optuna.study._optimize - INFO - Trial 179 pruned. 
2026-05-15 09:25:16,854 - optuna.study._optimize - INFO - Trial 180 pruned. 
2026-05-15 09:25:21,564 - optuna.study._optimize - INFO - Trial 181 pruned. 
2026-05-15 09:25:57,249 - optuna.study.study - INFO - Trial 182 finished with value: 0.07152597713245389 and parameters: {'n_layers': 1, 'embedding_dim': 256, 'lr': 0.010992860656866334, 'lambda_val': 0.0006189829772188553, 'batch_size': 3013, 'optimizer': 'RMSprop'}. Best is trial 170 with value: 0.07691083293442355.
2026-05-15 09:26:01,587 - optuna.study._optimize - INFO - Trial 183 pruned. 
2026-05-15 09:26:36,701 - optuna.study.study - INFO - Trial 184 finished with value: 0.07466253377217393 and parameters: {'n_layers': 1, 'embedding_dim': 256, 'lr': 0.014674117864440213, 'lambda_val': 0.0005521127417798524, 'batch_size': 3480, 'optimizer': 'RMSprop'}. Best is trial 170 with value: 0.07691083293442355.
2026-05-15 09:26:41,471 - optuna.study._optimize - INFO - Trial 185 pruned. 
2026-05-15 09:26:45,845 - optuna.study._optimize - INFO - Trial 186 pruned. 
2026-05-15 09:26:59,799 - optuna.study._optimize - INFO - Trial 187 pruned. 
2026-05-15 09:27:35,651 - optuna.study.study - INFO - Trial 188 finished with value: 0.07656971680255314 and parameters: {'n_layers': 1, 'embedding_dim': 256, 'lr': 0.009389815057415561, 'lambda_val': 0.0005686927472661669, 'batch_size': 3192, 'optimizer': 'RMSprop'}. Best is trial 170 with value: 0.07691083293442355.
2026-05-15 09:27:39,999 - optuna.study._optimize - INFO - Trial 189 pruned. 
2026-05-15 09:27:44,350 - optuna.study._optimize - INFO - Trial 190 pruned. 
2026-05-15 09:28:19,607 - optuna.study.study - INFO - Trial 191 finished with value: 0.04557808753976549 and parameters: {'n_layers': 1, 'embedding_dim': 256, 'lr': 0.0005340048520053919, 'lambda_val': 0.0005868789991548307, 'batch_size': 3220, 'optimizer': 'RMSprop'}. Best is trial 170 with value: 0.07691083293442355.
2026-05-15 09:28:55,571 - optuna.study.study - INFO - Trial 192 finished with value: 0.07740376136571693 and parameters: {'n_layers': 1, 'embedding_dim': 256, 'lr': 0.013836294474971499, 'lambda_val': 0.0004531339956068042, 'batch_size': 3476, 'optimizer': 'RMSprop'}. Best is trial 192 with value: 0.07740376136571693.
2026-05-15 09:28:59,975 - optuna.study._optimize - INFO - Trial 193 pruned. 
2026-05-15 09:29:35,854 - optuna.study.study - INFO - Trial 194 finished with value: 0.0747284973762219 and parameters: {'n_layers': 1, 'embedding_dim': 256, 'lr': 0.009774729066230118, 'lambda_val': 0.000791780003022177, 'batch_size': 2965, 'optimizer': 'RMSprop'}. Best is trial 192 with value: 0.07740376136571693.
2026-05-15 09:29:40,333 - optuna.study._optimize - INFO - Trial 195 pruned. 
2026-05-15 09:29:44,859 - optuna.study._optimize - INFO - Trial 196 pruned. 
2026-05-15 09:29:49,122 - optuna.study._optimize - INFO - Trial 197 pruned. 
2026-05-15 09:29:53,440 - optuna.study._optimize - INFO - Trial 198 pruned. 
2026-05-15 09:30:00,479 - optuna.study._optimize - INFO - Trial 199 pruned. 
2026-05-15 09:30:30,098 - root - INFO - **** Training e_100K_1c3dcs
2026-05-15 09:30:30,098 - root - INFO -   ** 3-Dominant stats:
2026-05-15 09:30:30,098 - root - INFO -   ** Finding the dominant set:
2026-05-15 09:30:50,146 - root - INFO -   ** Getting the trainable edges:
2026-05-15 09:30:50,152 - helper_functions - INFO -      Number of nodes: 4883
2026-05-15 09:30:50,152 - helper_functions - INFO -      Ratio: 0.5389029908398631
2026-05-15 09:30:50,152 - helper_functions - INFO -      Number of unique users: 343
2026-05-15 09:30:50,152 - helper_functions - INFO -      Number of unique items: 4540
2026-05-15 09:30:50,152 - helper_functions - INFO -      Total dominant set edge: 15830
2026-05-15 09:30:50,152 - helper_functions - INFO -      Trainable edges: 12664.0
2026-05-15 09:30:50,155 - root - INFO -   **** Getting 15830 dominant set edges
2026-05-15 09:30:51,168 - optuna.storages._rdb.storage - INFO - A new study created in RDB with name: Study_e_100K_1c3dcs_strict
2026-05-15 09:31:38,014 - optuna.study.study - INFO - Trial 0 finished with value: 0.006342825421923408 and parameters: {'n_layers': 3, 'embedding_dim': 96, 'lr': 0.026250588475002442, 'lambda_val': 5.446257482603423e-05, 'batch_size': 1458, 'optimizer': 'Adam'}. Best is trial 0 with value: 0.006342825421923408.
2026-05-15 09:32:29,572 - optuna.study.study - INFO - Trial 1 finished with value: 0.004983481383375753 and parameters: {'n_layers': 4, 'embedding_dim': 96, 'lr': 0.03268913924335081, 'lambda_val': 1.021680185435239e-06, 'batch_size': 3749, 'optimizer': 'Adam'}. Best is trial 0 with value: 0.006342825421923408.
2026-05-15 09:32:57,210 - optuna.study.study - INFO - Trial 2 finished with value: 0.0014833414758829314 and parameters: {'n_layers': 1, 'embedding_dim': 32, 'lr': 1.4586473030622365e-05, 'lambda_val': 0.06065435028251536, 'batch_size': 4022, 'optimizer': 'RMSprop'}. Best is trial 0 with value: 0.006342825421923408.
2026-05-15 09:33:25,163 - optuna.study.study - INFO - Trial 3 finished with value: 0.002346761072464143 and parameters: {'n_layers': 3, 'embedding_dim': 64, 'lr': 0.002374369779673477, 'lambda_val': 0.00020621855804954886, 'batch_size': 957, 'optimizer': 'SGD'}. Best is trial 0 with value: 0.006342825421923408.
2026-05-15 09:34:09,867 - optuna.study.study - INFO - Trial 4 finished with value: 0.005322459777306927 and parameters: {'n_layers': 3, 'embedding_dim': 128, 'lr': 0.009654376934631923, 'lambda_val': 6.147252060644959e-05, 'batch_size': 1665, 'optimizer': 'RMSprop'}. Best is trial 0 with value: 0.006342825421923408.
2026-05-15 09:34:13,510 - optuna.study._optimize - INFO - Trial 5 pruned. 
2026-05-15 09:34:17,883 - optuna.study._optimize - INFO - Trial 6 pruned. 
2026-05-15 09:34:22,699 - optuna.study._optimize - INFO - Trial 7 pruned. 
2026-05-15 09:34:26,672 - optuna.study._optimize - INFO - Trial 8 pruned. 
2026-05-15 09:34:56,658 - optuna.study.study - INFO - Trial 9 finished with value: 0.019661945647404273 and parameters: {'n_layers': 3, 'embedding_dim': 96, 'lr': 7.119536139926732e-05, 'lambda_val': 0.0002905210808736128, 'batch_size': 1811, 'optimizer': 'RMSprop'}. Best is trial 9 with value: 0.019661945647404273.
2026-05-15 09:35:24,632 - optuna.study.study - INFO - Trial 10 finished with value: 0.006489755596794031 and parameters: {'n_layers': 1, 'embedding_dim': 96, 'lr': 0.00017971136979907717, 'lambda_val': 0.005353986928723986, 'batch_size': 2517, 'optimizer': 'RMSprop'}. Best is trial 9 with value: 0.019661945647404273.
2026-05-15 09:35:52,541 - optuna.study.study - INFO - Trial 11 finished with value: 0.007472681857877953 and parameters: {'n_layers': 1, 'embedding_dim': 96, 'lr': 0.00023527441045302473, 'lambda_val': 0.0023310205189949564, 'batch_size': 2617, 'optimizer': 'RMSprop'}. Best is trial 9 with value: 0.019661945647404273.
2026-05-15 09:36:21,831 - optuna.study.study - INFO - Trial 12 finished with value: 0.003549489039042224 and parameters: {'n_layers': 2, 'embedding_dim': 96, 'lr': 0.00034708577182834436, 'lambda_val': 0.002723139703855603, 'batch_size': 2590, 'optimizer': 'RMSprop'}. Best is trial 9 with value: 0.019661945647404273.
2026-05-15 09:36:25,606 - optuna.study._optimize - INFO - Trial 13 pruned. 
2026-05-15 09:36:57,220 - optuna.study.study - INFO - Trial 14 finished with value: 0.017222407361254972 and parameters: {'n_layers': 1, 'embedding_dim': 256, 'lr': 3.976340785320041e-05, 'lambda_val': 0.006096725098169076, 'batch_size': 3125, 'optimizer': 'RMSprop'}. Best is trial 9 with value: 0.019661945647404273.
2026-05-15 09:37:33,963 - optuna.study.study - INFO - Trial 15 finished with value: 0.004450195235809358 and parameters: {'n_layers': 2, 'embedding_dim': 256, 'lr': 4.139738141010479e-05, 'lambda_val': 0.013543043709417116, 'batch_size': 3205, 'optimizer': 'Adam'}. Best is trial 9 with value: 0.019661945647404273.
2026-05-15 09:37:39,794 - optuna.study._optimize - INFO - Trial 16 pruned. 
2026-05-15 09:38:07,098 - optuna.study.study - INFO - Trial 17 finished with value: 0.011170463810881878 and parameters: {'n_layers': 1, 'embedding_dim': 128, 'lr': 0.0006012930243752423, 'lambda_val': 0.000928804829232145, 'batch_size': 3080, 'optimizer': 'RMSprop'}. Best is trial 9 with value: 0.019661945647404273.
2026-05-15 09:38:41,523 - optuna.study.study - INFO - Trial 18 finished with value: 0.006855658762954261 and parameters: {'n_layers': 2, 'embedding_dim': 256, 'lr': 6.697927527298272e-05, 'lambda_val': 0.00910439925618589, 'batch_size': 2106, 'optimizer': 'RMSprop'}. Best is trial 9 with value: 0.019661945647404273.
2026-05-15 09:38:46,825 - optuna.study._optimize - INFO - Trial 19 pruned. 
2026-05-15 09:39:14,526 - optuna.study.study - INFO - Trial 20 finished with value: 0.008862657272440786 and parameters: {'n_layers': 1, 'embedding_dim': 64, 'lr': 0.0001401634173126274, 'lambda_val': 0.0014535608673251494, 'batch_size': 2888, 'optimizer': 'RMSprop'}. Best is trial 9 with value: 0.019661945647404273.
2026-05-15 09:39:42,711 - optuna.study.study - INFO - Trial 21 finished with value: 0.010368502688004742 and parameters: {'n_layers': 1, 'embedding_dim': 128, 'lr': 0.0007185490833475131, 'lambda_val': 0.0005087063489776453, 'batch_size': 3089, 'optimizer': 'RMSprop'}. Best is trial 9 with value: 0.019661945647404273.
2026-05-15 09:40:09,714 - optuna.study.study - INFO - Trial 22 finished with value: 0.010955758737043944 and parameters: {'n_layers': 1, 'embedding_dim': 128, 'lr': 0.0005596935216421601, 'lambda_val': 0.0011411148092122564, 'batch_size': 3476, 'optimizer': 'RMSprop'}. Best is trial 9 with value: 0.019661945647404273.
2026-05-15 09:40:13,964 - optuna.study._optimize - INFO - Trial 23 pruned. 
2026-05-15 09:40:41,398 - optuna.study.study - INFO - Trial 24 finished with value: 0.021206044591707683 and parameters: {'n_layers': 1, 'embedding_dim': 128, 'lr': 8.362115207924443e-05, 'lambda_val': 0.00011043677453435291, 'batch_size': 2347, 'optimizer': 'RMSprop'}. Best is trial 24 with value: 0.021206044591707683.
2026-05-15 09:40:45,227 - optuna.study._optimize - INFO - Trial 25 pruned. 
2026-05-15 09:41:23,640 - optuna.study.study - INFO - Trial 26 finished with value: 0.005565895925592352 and parameters: {'n_layers': 3, 'embedding_dim': 256, 'lr': 0.00010434096295033322, 'lambda_val': 0.00010226898929581404, 'batch_size': 1676, 'optimizer': 'RMSprop'}. Best is trial 24 with value: 0.021206044591707683.
2026-05-15 09:41:49,616 - optuna.study.study - INFO - Trial 27 finished with value: 0.02385444583663265 and parameters: {'n_layers': 1, 'embedding_dim': 128, 'lr': 7.521040635419154e-05, 'lambda_val': 6.35266491119149e-06, 'batch_size': 1898, 'optimizer': 'RMSprop'}. Best is trial 27 with value: 0.02385444583663265.
2026-05-15 09:42:18,391 - optuna.study.study - INFO - Trial 28 finished with value: 0.007164225911482757 and parameters: {'n_layers': 2, 'embedding_dim': 128, 'lr': 9.127796248922034e-05, 'lambda_val': 6.109500000817519e-06, 'batch_size': 1321, 'optimizer': 'Adam'}. Best is trial 27 with value: 0.02385444583663265.
2026-05-15 09:42:22,498 - optuna.study._optimize - INFO - Trial 29 pruned. 
2026-05-15 09:42:48,683 - optuna.study.study - INFO - Trial 30 finished with value: 0.00822051588854057 and parameters: {'n_layers': 1, 'embedding_dim': 96, 'lr': 0.00032809200849147785, 'lambda_val': 1.9699021597626565e-06, 'batch_size': 1437, 'optimizer': 'Adam'}. Best is trial 27 with value: 0.02385444583663265.
2026-05-15 09:42:52,160 - optuna.study._optimize - INFO - Trial 31 pruned. 
2026-05-15 09:43:18,796 - optuna.study.study - INFO - Trial 32 finished with value: 0.030183700725021665 and parameters: {'n_layers': 1, 'embedding_dim': 96, 'lr': 7.275759371782818e-05, 'lambda_val': 1.4342378233360572e-05, 'batch_size': 2019, 'optimizer': 'RMSprop'}. Best is trial 32 with value: 0.030183700725021665.
2026-05-15 09:43:44,932 - optuna.study.study - INFO - Trial 33 finished with value: 0.030986598774959583 and parameters: {'n_layers': 1, 'embedding_dim': 96, 'lr': 7.873998647023453e-05, 'lambda_val': 1.1713347226808103e-05, 'batch_size': 1955, 'optimizer': 'RMSprop'}. Best is trial 33 with value: 0.030986598774959583.
2026-05-15 09:43:48,858 - optuna.study._optimize - INFO - Trial 34 pruned. 
2026-05-15 09:44:15,997 - optuna.study.study - INFO - Trial 35 finished with value: 0.01852898182167942 and parameters: {'n_layers': 1, 'embedding_dim': 96, 'lr': 0.00011647029740562648, 'lambda_val': 1.2606139198766114e-06, 'batch_size': 1981, 'optimizer': 'RMSprop'}. Best is trial 33 with value: 0.030986598774959583.
2026-05-15 09:44:42,384 - optuna.study.study - INFO - Trial 36 finished with value: 0.010278456001887249 and parameters: {'n_layers': 1, 'embedding_dim': 32, 'lr': 0.00036700276729289107, 'lambda_val': 3.1742023927703297e-06, 'batch_size': 2188, 'optimizer': 'RMSprop'}. Best is trial 33 with value: 0.030986598774959583.
2026-05-15 09:44:45,958 - optuna.study._optimize - INFO - Trial 37 pruned. 
2026-05-15 09:45:13,061 - optuna.study.study - INFO - Trial 38 finished with value: 0.011474309410777607 and parameters: {'n_layers': 1, 'embedding_dim': 96, 'lr': 0.001118463443992664, 'lambda_val': 4.071835411357335e-05, 'batch_size': 2760, 'optimizer': 'Adam'}. Best is trial 33 with value: 0.030986598774959583.
2026-05-15 09:45:16,509 - optuna.study._optimize - INFO - Trial 39 pruned. 
2026-05-15 09:45:20,111 - optuna.study._optimize - INFO - Trial 40 pruned. 
2026-05-15 09:45:23,867 - optuna.study._optimize - INFO - Trial 41 pruned. 
2026-05-15 09:45:53,281 - optuna.study.study - INFO - Trial 42 finished with value: 0.005696211695190574 and parameters: {'n_layers': 3, 'embedding_dim': 96, 'lr': 0.00017740173455866782, 'lambda_val': 2.8097800952030013e-06, 'batch_size': 1819, 'optimizer': 'RMSprop'}. Best is trial 33 with value: 0.030986598774959583.
2026-05-15 09:45:56,757 - optuna.study._optimize - INFO - Trial 43 pruned. 
2026-05-15 09:46:23,606 - optuna.study.study - INFO - Trial 44 finished with value: 0.00952869363203775 and parameters: {'n_layers': 1, 'embedding_dim': 96, 'lr': 0.00024435522499834485, 'lambda_val': 8.515744852128881e-06, 'batch_size': 1518, 'optimizer': 'RMSprop'}. Best is trial 33 with value: 0.030986598774959583.
2026-05-15 09:46:27,115 - optuna.study._optimize - INFO - Trial 45 pruned. 
2026-05-15 09:46:56,119 - optuna.study.study - INFO - Trial 46 finished with value: 0.02313837571768997 and parameters: {'n_layers': 3, 'embedding_dim': 64, 'lr': 0.00010563807913832006, 'lambda_val': 7.379234869813988e-05, 'batch_size': 1270, 'optimizer': 'RMSprop'}. Best is trial 33 with value: 0.030986598774959583.
2026-05-15 09:47:21,689 - optuna.study.study - INFO - Trial 47 finished with value: 0.0258606038064109 and parameters: {'n_layers': 1, 'embedding_dim': 64, 'lr': 0.0001267349955459613, 'lambda_val': 5.510739587382975e-05, 'batch_size': 1195, 'optimizer': 'RMSprop'}. Best is trial 33 with value: 0.030986598774959583.
2026-05-15 09:47:25,747 - optuna.study._optimize - INFO - Trial 48 pruned. 
2026-05-15 09:47:54,606 - optuna.study.study - INFO - Trial 49 finished with value: 0.006187554212738183 and parameters: {'n_layers': 3, 'embedding_dim': 64, 'lr': 0.0002280354395409157, 'lambda_val': 5.69528841444833e-06, 'batch_size': 926, 'optimizer': 'RMSprop'}. Best is trial 33 with value: 0.030986598774959583.
2026-05-15 09:48:21,221 - optuna.study.study - INFO - Trial 50 finished with value: 0.021968147209548965 and parameters: {'n_layers': 1, 'embedding_dim': 64, 'lr': 0.00014726476739325328, 'lambda_val': 1.68820956467163e-05, 'batch_size': 1185, 'optimizer': 'RMSprop'}. Best is trial 33 with value: 0.030986598774959583.
2026-05-15 09:48:47,362 - optuna.study.study - INFO - Trial 51 finished with value: 0.02707024017990186 and parameters: {'n_layers': 1, 'embedding_dim': 64, 'lr': 0.00014074763077784913, 'lambda_val': 1.943399915917444e-05, 'batch_size': 1163, 'optimizer': 'RMSprop'}. Best is trial 33 with value: 0.030986598774959583.
2026-05-15 09:48:50,917 - optuna.study._optimize - INFO - Trial 52 pruned. 
2026-05-15 09:48:54,186 - optuna.study._optimize - INFO - Trial 53 pruned. 
2026-05-15 09:48:57,797 - optuna.study._optimize - INFO - Trial 54 pruned. 
2026-05-15 09:49:22,753 - optuna.study.study - INFO - Trial 55 finished with value: 0.015540876622138544 and parameters: {'n_layers': 2, 'embedding_dim': 64, 'lr': 0.00012079263930544569, 'lambda_val': 6.690891072851322e-05, 'batch_size': 683, 'optimizer': 'RMSprop'}. Best is trial 33 with value: 0.030986598774959583.
2026-05-15 09:49:49,091 - optuna.study.study - INFO - Trial 56 finished with value: 0.008414130026675879 and parameters: {'n_layers': 1, 'embedding_dim': 64, 'lr': 0.00025100631203389586, 'lambda_val': 4.082281050344104e-06, 'batch_size': 1571, 'optimizer': 'RMSprop'}. Best is trial 33 with value: 0.030986598774959583.
2026-05-15 09:50:15,467 - optuna.study.study - INFO - Trial 57 finished with value: 0.006374619302523661 and parameters: {'n_layers': 1, 'embedding_dim': 64, 'lr': 0.000394891100103604, 'lambda_val': 3.7751750107727287e-05, 'batch_size': 1623, 'optimizer': 'RMSprop'}. Best is trial 33 with value: 0.030986598774959583.
2026-05-15 09:50:18,768 - optuna.study._optimize - INFO - Trial 58 pruned. 
2026-05-15 09:50:22,547 - optuna.study._optimize - INFO - Trial 59 pruned. 
2026-05-15 09:50:26,313 - optuna.study._optimize - INFO - Trial 60 pruned. 
2026-05-15 09:50:53,112 - optuna.study.study - INFO - Trial 61 finished with value: 0.025237241377793346 and parameters: {'n_layers': 1, 'embedding_dim': 64, 'lr': 0.00013850285833286896, 'lambda_val': 2.0056198413752353e-05, 'batch_size': 1198, 'optimizer': 'RMSprop'}. Best is trial 33 with value: 0.030986598774959583.
2026-05-15 09:50:56,771 - optuna.study._optimize - INFO - Trial 62 pruned. 
2026-05-15 09:51:23,181 - optuna.study.study - INFO - Trial 63 finished with value: 0.012295235286980776 and parameters: {'n_layers': 1, 'embedding_dim': 64, 'lr': 0.00017220439549531653, 'lambda_val': 2.941493152773361e-05, 'batch_size': 1373, 'optimizer': 'RMSprop'}. Best is trial 33 with value: 0.030986598774959583.
2026-05-15 09:51:48,929 - optuna.study.study - INFO - Trial 64 finished with value: 0.029943946612282512 and parameters: {'n_layers': 1, 'embedding_dim': 64, 'lr': 0.0001255874596948841, 'lambda_val': 6.877647967408725e-05, 'batch_size': 1176, 'optimizer': 'RMSprop'}. Best is trial 33 with value: 0.030986598774959583.
2026-05-15 09:51:53,144 - optuna.study._optimize - INFO - Trial 65 pruned. 
2026-05-15 09:52:18,990 - optuna.study.study - INFO - Trial 66 finished with value: 0.03379145443536389 and parameters: {'n_layers': 1, 'embedding_dim': 64, 'lr': 0.00014324207150033213, 'lambda_val': 1.2432680349382486e-05, 'batch_size': 951, 'optimizer': 'RMSprop'}. Best is trial 66 with value: 0.03379145443536389.
2026-05-15 09:52:45,002 - optuna.study.study - INFO - Trial 67 finished with value: 0.009744504175823683 and parameters: {'n_layers': 1, 'embedding_dim': 64, 'lr': 0.0005256688560687385, 'lambda_val': 1.3293877312488781e-05, 'batch_size': 918, 'optimizer': 'RMSprop'}. Best is trial 66 with value: 0.03379145443536389.
2026-05-15 09:52:48,499 - optuna.study._optimize - INFO - Trial 68 pruned. 
2026-05-15 09:53:14,421 - optuna.study.study - INFO - Trial 69 finished with value: 0.02765087709351254 and parameters: {'n_layers': 1, 'embedding_dim': 64, 'lr': 0.00014590935597554895, 'lambda_val': 0.0001657001590032838, 'batch_size': 1104, 'optimizer': 'RMSprop'}. Best is trial 66 with value: 0.03379145443536389.
2026-05-15 09:53:40,993 - optuna.study.study - INFO - Trial 70 finished with value: 0.00914450089146457 and parameters: {'n_layers': 1, 'embedding_dim': 64, 'lr': 0.0002965058854036888, 'lambda_val': 0.0001466948785856444, 'batch_size': 1060, 'optimizer': 'Adam'}. Best is trial 66 with value: 0.03379145443536389.
2026-05-15 09:54:07,454 - optuna.study.study - INFO - Trial 71 finished with value: 0.029941162490507055 and parameters: {'n_layers': 1, 'embedding_dim': 64, 'lr': 0.00013831429797922374, 'lambda_val': 5.073663010714293e-05, 'batch_size': 1166, 'optimizer': 'RMSprop'}. Best is trial 66 with value: 0.03379145443536389.
2026-05-15 09:54:28,617 - optuna.study.study - INFO - Trial 72 finished with value: 0.018637895827731323 and parameters: {'n_layers': 1, 'embedding_dim': 64, 'lr': 0.00018184967462557273, 'lambda_val': 0.0004276463753375671, 'batch_size': 974, 'optimizer': 'RMSprop'}. Best is trial 66 with value: 0.03379145443536389.
2026-05-15 09:54:51,890 - optuna.study.study - INFO - Trial 73 finished with value: 0.007899016479521981 and parameters: {'n_layers': 1, 'embedding_dim': 64, 'lr': 0.00042424213746474675, 'lambda_val': 8.246350188735001e-05, 'batch_size': 679, 'optimizer': 'RMSprop'}. Best is trial 66 with value: 0.03379145443536389.
2026-05-15 09:55:20,741 - optuna.study.study - INFO - Trial 74 finished with value: 0.01813178233544274 and parameters: {'n_layers': 1, 'embedding_dim': 256, 'lr': 8.853869608623252e-05, 'lambda_val': 4.5491324254459934e-05, 'batch_size': 1132, 'optimizer': 'RMSprop'}. Best is trial 66 with value: 0.03379145443536389.
2026-05-15 09:55:46,444 - optuna.study.study - INFO - Trial 75 finished with value: 0.021363755407731885 and parameters: {'n_layers': 1, 'embedding_dim': 64, 'lr': 0.00013351645902954002, 'lambda_val': 0.00014912899627220937, 'batch_size': 1388, 'optimizer': 'RMSprop'}. Best is trial 66 with value: 0.03379145443536389.
2026-05-15 09:56:11,823 - optuna.study.study - INFO - Trial 76 finished with value: 0.012194872061180709 and parameters: {'n_layers': 1, 'embedding_dim': 96, 'lr': 0.0007412151780419667, 'lambda_val': 0.0002241640048867275, 'batch_size': 1031, 'optimizer': 'RMSprop'}. Best is trial 66 with value: 0.03379145443536389.
2026-05-15 09:56:15,732 - optuna.study._optimize - INFO - Trial 77 pruned. 
2026-05-15 09:56:19,309 - optuna.study._optimize - INFO - Trial 78 pruned. 
2026-05-15 09:56:23,456 - optuna.study._optimize - INFO - Trial 79 pruned. 
2026-05-15 09:56:26,766 - optuna.study._optimize - INFO - Trial 80 pruned. 
2026-05-15 09:56:52,887 - optuna.study.study - INFO - Trial 81 finished with value: 0.01822297455173134 and parameters: {'n_layers': 1, 'embedding_dim': 64, 'lr': 0.0001657974921579051, 'lambda_val': 3.549505439282252e-05, 'batch_size': 1248, 'optimizer': 'RMSprop'}. Best is trial 66 with value: 0.03379145443536389.
2026-05-15 09:57:20,137 - optuna.study.study - INFO - Trial 82 finished with value: 0.005725553493366991 and parameters: {'n_layers': 1, 'embedding_dim': 64, 'lr': 0.0003058198719272366, 'lambda_val': 0.00010571846657724568, 'batch_size': 1178, 'optimizer': 'RMSprop'}. Best is trial 66 with value: 0.03379145443536389.
2026-05-15 09:57:45,535 - optuna.study.study - INFO - Trial 83 finished with value: 0.0325988168074725 and parameters: {'n_layers': 1, 'embedding_dim': 64, 'lr': 0.0001340742688411766, 'lambda_val': 1.5703926654996407e-05, 'batch_size': 912, 'optimizer': 'RMSprop'}. Best is trial 66 with value: 0.03379145443536389.
2026-05-15 09:58:11,029 - optuna.study.study - INFO - Trial 84 finished with value: 0.01840609743902576 and parameters: {'n_layers': 1, 'embedding_dim': 64, 'lr': 0.00019401466324355445, 'lambda_val': 1.4196989412695155e-05, 'batch_size': 878, 'optimizer': 'RMSprop'}. Best is trial 66 with value: 0.03379145443536389.
2026-05-15 09:58:14,151 - optuna.study._optimize - INFO - Trial 85 pruned. 
2026-05-15 09:58:37,886 - optuna.study.study - INFO - Trial 86 finished with value: 0.03310475649634704 and parameters: {'n_layers': 1, 'embedding_dim': 64, 'lr': 0.00012270839778764206, 'lambda_val': 5.6161706088750585e-05, 'batch_size': 978, 'optimizer': 'RMSprop'}. Best is trial 66 with value: 0.03379145443536389.
2026-05-15 09:59:07,134 - optuna.study.study - INFO - Trial 87 finished with value: 0.013114945890581972 and parameters: {'n_layers': 1, 'embedding_dim': 256, 'lr': 0.00027729236277398934, 'lambda_val': 7.764385090312601e-06, 'batch_size': 976, 'optimizer': 'Adam'}. Best is trial 66 with value: 0.03379145443536389.
2026-05-15 09:59:10,842 - optuna.study._optimize - INFO - Trial 88 pruned. 
2026-05-15 09:59:14,620 - optuna.study._optimize - INFO - Trial 89 pruned. 
2026-05-15 09:59:41,808 - optuna.study.study - INFO - Trial 90 finished with value: 0.03619690984232906 and parameters: {'n_layers': 1, 'embedding_dim': 64, 'lr': 0.0001557529481421456, 'lambda_val': 0.00017882133318776277, 'batch_size': 516, 'optimizer': 'RMSprop'}. Best is trial 90 with value: 0.03619690984232906.
2026-05-15 09:59:45,594 - optuna.study._optimize - INFO - Trial 91 pruned. 
2026-05-15 10:00:11,780 - optuna.study.study - INFO - Trial 92 finished with value: 0.028667737668801326 and parameters: {'n_layers': 1, 'embedding_dim': 64, 'lr': 0.00020731390409816825, 'lambda_val': 0.00018604661704918645, 'batch_size': 665, 'optimizer': 'RMSprop'}. Best is trial 90 with value: 0.03619690984232906.
2026-05-15 10:00:36,790 - optuna.study.study - INFO - Trial 93 finished with value: 0.01841106642505266 and parameters: {'n_layers': 1, 'embedding_dim': 64, 'lr': 0.00020470188300285923, 'lambda_val': 0.00017666084920626285, 'batch_size': 620, 'optimizer': 'RMSprop'}. Best is trial 90 with value: 0.03619690984232906.
2026-05-15 10:01:02,511 - optuna.study.study - INFO - Trial 94 finished with value: 0.007371153192782608 and parameters: {'n_layers': 1, 'embedding_dim': 64, 'lr': 0.0004723936766499971, 'lambda_val': 0.00012446030256431476, 'batch_size': 700, 'optimizer': 'RMSprop'}. Best is trial 90 with value: 0.03619690984232906.
2026-05-15 10:01:05,839 - optuna.study._optimize - INFO - Trial 95 pruned. 
2026-05-15 10:01:32,268 - optuna.study.study - INFO - Trial 96 finished with value: 0.0268003867341559 and parameters: {'n_layers': 1, 'embedding_dim': 96, 'lr': 0.00015695896305157657, 'lambda_val': 6.297724946571994e-05, 'batch_size': 607, 'optimizer': 'RMSprop'}. Best is trial 90 with value: 0.03619690984232906.
2026-05-15 10:01:35,503 - optuna.study._optimize - INFO - Trial 97 pruned. 
2026-05-15 10:01:39,037 - optuna.study._optimize - INFO - Trial 98 pruned. 
2026-05-15 10:01:42,339 - optuna.study._optimize - INFO - Trial 99 pruned. 
2026-05-15 10:02:09,192 - optuna.study.study - INFO - Trial 100 finished with value: 0.00860462757765234 and parameters: {'n_layers': 1, 'embedding_dim': 64, 'lr': 0.0002353944317834117, 'lambda_val': 0.00016587654759921548, 'batch_size': 2172, 'optimizer': 'RMSprop'}. Best is trial 90 with value: 0.03619690984232906.
2026-05-15 10:02:35,794 - optuna.study.study - INFO - Trial 101 finished with value: 0.02834048509032661 and parameters: {'n_layers': 1, 'embedding_dim': 64, 'lr': 0.0001500878572741467, 'lambda_val': 1.7773600162864695e-05, 'batch_size': 1085, 'optimizer': 'RMSprop'}. Best is trial 90 with value: 0.03619690984232906.
2026-05-15 10:02:39,472 - optuna.study._optimize - INFO - Trial 102 pruned. 
2026-05-15 10:02:42,818 - optuna.study._optimize - INFO - Trial 103 pruned. 
2026-05-15 10:02:46,100 - optuna.study._optimize - INFO - Trial 104 pruned. 
2026-05-15 10:03:13,032 - optuna.study.study - INFO - Trial 105 finished with value: 0.00899347075620293 and parameters: {'n_layers': 1, 'embedding_dim': 96, 'lr': 0.00020085447264695956, 'lambda_val': 0.0001224538856802062, 'batch_size': 999, 'optimizer': 'RMSprop'}. Best is trial 90 with value: 0.03619690984232906.
2026-05-15 10:03:39,563 - optuna.study.study - INFO - Trial 106 finished with value: 0.010371160632233057 and parameters: {'n_layers': 1, 'embedding_dim': 64, 'lr': 0.0014242045118110112, 'lambda_val': 3.527361906950804e-05, 'batch_size': 636, 'optimizer': 'RMSprop'}. Best is trial 90 with value: 0.03619690984232906.
2026-05-15 10:03:43,324 - optuna.study._optimize - INFO - Trial 107 pruned. 
2026-05-15 10:04:12,684 - optuna.study.study - INFO - Trial 108 finished with value: 0.011969343600328579 and parameters: {'n_layers': 1, 'embedding_dim': 256, 'lr': 0.0002584368229075221, 'lambda_val': 2.3320007971806534e-05, 'batch_size': 1589, 'optimizer': 'RMSprop'}. Best is trial 90 with value: 0.03619690984232906.
2026-05-15 10:04:16,064 - optuna.study._optimize - INFO - Trial 109 pruned. 
2026-05-15 10:04:40,187 - optuna.study.study - INFO - Trial 110 finished with value: 0.010991220345766533 and parameters: {'n_layers': 1, 'embedding_dim': 96, 'lr': 0.0007203635754466002, 'lambda_val': 4.2575164909767745e-06, 'batch_size': 782, 'optimizer': 'RMSprop'}. Best is trial 90 with value: 0.03619690984232906.
2026-05-15 10:04:43,951 - optuna.study._optimize - INFO - Trial 111 pruned. 
2026-05-15 10:04:47,657 - optuna.study._optimize - INFO - Trial 112 pruned. 
2026-05-15 10:04:51,386 - optuna.study._optimize - INFO - Trial 113 pruned. 
2026-05-15 10:04:54,665 - optuna.study._optimize - INFO - Trial 114 pruned. 
2026-05-15 10:05:20,016 - optuna.study.study - INFO - Trial 115 finished with value: 0.014493224514494484 and parameters: {'n_layers': 1, 'embedding_dim': 64, 'lr': 0.00015590139831081056, 'lambda_val': 8.880636862019665e-06, 'batch_size': 1900, 'optimizer': 'RMSprop'}. Best is trial 90 with value: 0.03619690984232906.
2026-05-15 10:05:47,425 - optuna.study.study - INFO - Trial 116 finished with value: 0.006280341318948275 and parameters: {'n_layers': 1, 'embedding_dim': 64, 'lr': 0.00018967805626680286, 'lambda_val': 2.2429256062221125e-05, 'batch_size': 2639, 'optimizer': 'RMSprop'}. Best is trial 90 with value: 0.03619690984232906.
2026-05-15 10:06:13,363 - optuna.study.study - INFO - Trial 117 finished with value: 0.009291204783724302 and parameters: {'n_layers': 1, 'embedding_dim': 128, 'lr': 0.00013270467845434127, 'lambda_val': 0.00042724167471944186, 'batch_size': 1193, 'optimizer': 'RMSprop'}. Best is trial 90 with value: 0.03619690984232906.
2026-05-15 10:06:16,695 - optuna.study._optimize - INFO - Trial 118 pruned. 
2026-05-15 10:06:20,748 - optuna.study._optimize - INFO - Trial 119 pruned. 
2026-05-15 10:06:24,159 - optuna.study._optimize - INFO - Trial 120 pruned. 
2026-05-15 10:06:56,845 - optuna.study.study - INFO - Trial 121 finished with value: 0.02790210018671755 and parameters: {'n_layers': 1, 'embedding_dim': 96, 'lr': 0.00016545484028303208, 'lambda_val': 7.826051883886355e-05, 'batch_size': 566, 'optimizer': 'RMSprop'}. Best is trial 90 with value: 0.03619690984232906.
2026-05-15 10:07:02,124 - optuna.study._optimize - INFO - Trial 122 pruned. 
2026-05-15 10:07:41,841 - optuna.study.study - INFO - Trial 123 finished with value: 0.02143922254570948 and parameters: {'n_layers': 1, 'embedding_dim': 96, 'lr': 0.00017117147996307204, 'lambda_val': 5.490644802035283e-06, 'batch_size': 688, 'optimizer': 'RMSprop'}. Best is trial 90 with value: 0.03619690984232906.
2026-05-15 10:08:13,299 - optuna.study.study - INFO - Trial 124 finished with value: 0.007799521029263246 and parameters: {'n_layers': 1, 'embedding_dim': 96, 'lr': 0.00027254069138853935, 'lambda_val': 0.00020283570075947113, 'batch_size': 523, 'optimizer': 'RMSprop'}. Best is trial 90 with value: 0.03619690984232906.
2026-05-15 10:08:16,881 - optuna.study._optimize - INFO - Trial 125 pruned. 
2026-05-15 10:08:43,455 - optuna.study.study - INFO - Trial 126 finished with value: 0.011476670464994005 and parameters: {'n_layers': 1, 'embedding_dim': 96, 'lr': 0.00014316290683855416, 'lambda_val': 7.040063262434788e-05, 'batch_size': 1234, 'optimizer': 'RMSprop'}. Best is trial 90 with value: 0.03619690984232906.
2026-05-15 10:08:47,076 - optuna.study._optimize - INFO - Trial 127 pruned. 
2026-05-15 10:09:13,577 - optuna.study.study - INFO - Trial 128 finished with value: 0.015374460997609541 and parameters: {'n_layers': 1, 'embedding_dim': 64, 'lr': 0.00019152489577345941, 'lambda_val': 5.557130661532529e-05, 'batch_size': 751, 'optimizer': 'Adam'}. Best is trial 90 with value: 0.03619690984232906.
2026-05-15 10:09:38,342 - optuna.study.study - INFO - Trial 129 finished with value: 0.009031001087533309 and parameters: {'n_layers': 1, 'embedding_dim': 64, 'lr': 0.0003773440711404713, 'lambda_val': 1.3082626705458638e-05, 'batch_size': 980, 'optimizer': 'RMSprop'}. Best is trial 90 with value: 0.03619690984232906.
2026-05-15 10:09:42,376 - optuna.study._optimize - INFO - Trial 130 pruned. 
2026-05-15 10:10:08,072 - optuna.study.study - INFO - Trial 131 finished with value: 0.033450259993646765 and parameters: {'n_layers': 1, 'embedding_dim': 96, 'lr': 0.00014765660805838551, 'lambda_val': 6.250805345656682e-05, 'batch_size': 583, 'optimizer': 'RMSprop'}. Best is trial 90 with value: 0.03619690984232906.
2026-05-15 10:10:11,500 - optuna.study._optimize - INFO - Trial 132 pruned. 
2026-05-15 10:10:37,577 - optuna.study.study - INFO - Trial 133 finished with value: 0.022099291874146068 and parameters: {'n_layers': 1, 'embedding_dim': 96, 'lr': 0.0001572266556418901, 'lambda_val': 4.34785803892118e-05, 'batch_size': 862, 'optimizer': 'RMSprop'}. Best is trial 90 with value: 0.03619690984232906.
2026-05-15 10:10:40,987 - optuna.study._optimize - INFO - Trial 134 pruned. 
2026-05-15 10:11:07,082 - optuna.study.study - INFO - Trial 135 finished with value: 0.008866659849455854 and parameters: {'n_layers': 1, 'embedding_dim': 64, 'lr': 0.0002135457325103524, 'lambda_val': 0.00011659954162552217, 'batch_size': 1051, 'optimizer': 'RMSprop'}. Best is trial 90 with value: 0.03619690984232906.
2026-05-15 10:11:10,747 - optuna.study._optimize - INFO - Trial 136 pruned. 
2026-05-15 10:11:36,566 - optuna.study.study - INFO - Trial 137 finished with value: 0.00884929987621306 and parameters: {'n_layers': 1, 'embedding_dim': 96, 'lr': 0.0003127199597206355, 'lambda_val': 9.381716488466066e-06, 'batch_size': 640, 'optimizer': 'RMSprop'}. Best is trial 90 with value: 0.03619690984232906.
2026-05-15 10:11:40,209 - optuna.study._optimize - INFO - Trial 138 pruned. 
2026-05-15 10:11:43,487 - optuna.study._optimize - INFO - Trial 139 pruned. 
2026-05-15 10:11:47,713 - optuna.study._optimize - INFO - Trial 140 pruned. 
2026-05-15 10:12:13,589 - optuna.study.study - INFO - Trial 141 finished with value: 0.02752452132689727 and parameters: {'n_layers': 1, 'embedding_dim': 96, 'lr': 0.00015145174030632653, 'lambda_val': 6.47733586314606e-05, 'batch_size': 700, 'optimizer': 'RMSprop'}. Best is trial 90 with value: 0.03619690984232906.
2026-05-15 10:12:39,110 - optuna.study.study - INFO - Trial 142 finished with value: 0.027136795231109005 and parameters: {'n_layers': 1, 'embedding_dim': 96, 'lr': 0.00013934229035269483, 'lambda_val': 6.775965120947628e-05, 'batch_size': 700, 'optimizer': 'RMSprop'}. Best is trial 90 with value: 0.03619690984232906.
2026-05-15 10:12:42,918 - optuna.study._optimize - INFO - Trial 143 pruned. 
2026-05-15 10:12:46,241 - optuna.study._optimize - INFO - Trial 144 pruned. 
2026-05-15 10:12:50,153 - optuna.study._optimize - INFO - Trial 145 pruned. 
2026-05-15 10:12:53,749 - optuna.study._optimize - INFO - Trial 146 pruned. 
2026-05-15 10:12:57,256 - optuna.study._optimize - INFO - Trial 147 pruned. 
2026-05-15 10:13:23,852 - optuna.study.study - INFO - Trial 148 finished with value: 0.011191103784281073 and parameters: {'n_layers': 1, 'embedding_dim': 96, 'lr': 0.00026278613941578977, 'lambda_val': 3.181750466174159e-05, 'batch_size': 708, 'optimizer': 'RMSprop'}. Best is trial 90 with value: 0.03619690984232906.
2026-05-15 10:13:27,164 - optuna.study._optimize - INFO - Trial 149 pruned. 
2026-05-15 10:13:30,487 - optuna.study._optimize - INFO - Trial 150 pruned. 
2026-05-15 10:13:34,218 - optuna.study._optimize - INFO - Trial 151 pruned. 
2026-05-15 10:13:37,992 - optuna.study._optimize - INFO - Trial 152 pruned. 
2026-05-15 10:13:41,599 - optuna.study._optimize - INFO - Trial 153 pruned. 
2026-05-15 10:14:07,727 - optuna.study.study - INFO - Trial 154 finished with value: 0.012060329256811783 and parameters: {'n_layers': 1, 'embedding_dim': 64, 'lr': 0.0001914780403566284, 'lambda_val': 2.6263455507322043e-05, 'batch_size': 1025, 'optimizer': 'RMSprop'}. Best is trial 90 with value: 0.03619690984232906.
2026-05-15 10:14:10,611 - optuna.study._optimize - INFO - Trial 155 pruned. 
2026-05-15 10:14:13,814 - optuna.study._optimize - INFO - Trial 156 pruned. 
2026-05-15 10:14:34,140 - optuna.study.study - INFO - Trial 157 finished with value: 0.009977987609770029 and parameters: {'n_layers': 1, 'embedding_dim': 64, 'lr': 0.0002214011838638088, 'lambda_val': 1.2045379712954014e-05, 'batch_size': 1227, 'optimizer': 'Adam'}. Best is trial 90 with value: 0.03619690984232906.
2026-05-15 10:14:58,205 - optuna.study.study - INFO - Trial 158 finished with value: 0.009312871146643134 and parameters: {'n_layers': 1, 'embedding_dim': 96, 'lr': 0.00014405184832587192, 'lambda_val': 0.003917336358541864, 'batch_size': 513, 'optimizer': 'RMSprop'}. Best is trial 90 with value: 0.03619690984232906.
2026-05-15 10:15:01,759 - optuna.study._optimize - INFO - Trial 159 pruned. 
2026-05-15 10:15:05,347 - optuna.study._optimize - INFO - Trial 160 pruned. 
2026-05-15 10:15:31,705 - optuna.study.study - INFO - Trial 161 finished with value: 0.02058962372460044 and parameters: {'n_layers': 1, 'embedding_dim': 96, 'lr': 0.00017261647149448953, 'lambda_val': 6.119040377889307e-05, 'batch_size': 698, 'optimizer': 'RMSprop'}. Best is trial 90 with value: 0.03619690984232906.
2026-05-15 10:15:35,128 - optuna.study._optimize - INFO - Trial 162 pruned. 
2026-05-15 10:16:01,161 - optuna.study.study - INFO - Trial 163 finished with value: 0.03704138011102343 and parameters: {'n_layers': 1, 'embedding_dim': 96, 'lr': 0.0001091264419597173, 'lambda_val': 6.392230367277012e-05, 'batch_size': 829, 'optimizer': 'RMSprop'}. Best is trial 163 with value: 0.03704138011102343.
2026-05-15 10:16:04,861 - optuna.study._optimize - INFO - Trial 164 pruned. 
2026-05-15 10:16:08,295 - optuna.study._optimize - INFO - Trial 165 pruned. 
2026-05-15 10:16:12,401 - optuna.study._optimize - INFO - Trial 166 pruned. 
2026-05-15 10:16:17,250 - optuna.study._optimize - INFO - Trial 167 pruned. 
2026-05-15 10:17:04,745 - optuna.study.study - INFO - Trial 168 finished with value: 0.008632034048224602 and parameters: {'n_layers': 1, 'embedding_dim': 64, 'lr': 0.00019239179215830985, 'lambda_val': 9.764833527776772e-06, 'batch_size': 1142, 'optimizer': 'RMSprop'}. Best is trial 163 with value: 0.03704138011102343.
2026-05-15 10:17:43,618 - optuna.study.study - INFO - Trial 169 finished with value: 0.0063677679692364 and parameters: {'n_layers': 1, 'embedding_dim': 64, 'lr': 0.0002717559402822145, 'lambda_val': 6.625823710347431e-05, 'batch_size': 1041, 'optimizer': 'RMSprop'}. Best is trial 163 with value: 0.03704138011102343.
2026-05-15 10:18:36,735 - optuna.study.study - INFO - Trial 170 finished with value: 0.028154271209493983 and parameters: {'n_layers': 1, 'embedding_dim': 96, 'lr': 0.00016298703699771573, 'lambda_val': 2.4832635502648737e-05, 'batch_size': 667, 'optimizer': 'RMSprop'}. Best is trial 163 with value: 0.03704138011102343.
2026-05-15 10:19:05,274 - optuna.study.study - INFO - Trial 171 finished with value: 0.02731587141567882 and parameters: {'n_layers': 1, 'embedding_dim': 96, 'lr': 0.00015618448940562022, 'lambda_val': 2.2616013002127947e-05, 'batch_size': 768, 'optimizer': 'RMSprop'}. Best is trial 163 with value: 0.03704138011102343.
2026-05-15 10:19:31,163 - optuna.study.study - INFO - Trial 172 finished with value: 0.006911125165415931 and parameters: {'n_layers': 1, 'embedding_dim': 96, 'lr': 0.0002310908305634235, 'lambda_val': 2.221622697561349e-05, 'batch_size': 669, 'optimizer': 'RMSprop'}. Best is trial 163 with value: 0.03704138011102343.
2026-05-15 10:20:09,170 - optuna.study.study - INFO - Trial 173 finished with value: 0.023600566503518286 and parameters: {'n_layers': 1, 'embedding_dim': 96, 'lr': 0.00015871411627734996, 'lambda_val': 3.62516908121897e-05, 'batch_size': 801, 'optimizer': 'RMSprop'}. Best is trial 163 with value: 0.03704138011102343.
2026-05-15 10:20:12,050 - optuna.study._optimize - INFO - Trial 174 pruned. 
2026-05-15 10:20:32,442 - optuna.study.study - INFO - Trial 175 finished with value: 0.014957689261883806 and parameters: {'n_layers': 1, 'embedding_dim': 96, 'lr': 0.00019955519883459202, 'lambda_val': 1.4210801369626158e-05, 'batch_size': 870, 'optimizer': 'RMSprop'}. Best is trial 163 with value: 0.03704138011102343.
2026-05-15 10:20:35,296 - optuna.study._optimize - INFO - Trial 176 pruned. 
2026-05-15 10:20:56,182 - optuna.study.study - INFO - Trial 177 finished with value: 0.03310327332067253 and parameters: {'n_layers': 1, 'embedding_dim': 96, 'lr': 0.00016546978258766444, 'lambda_val': 0.00012938389064958612, 'batch_size': 559, 'optimizer': 'RMSprop'}. Best is trial 163 with value: 0.03704138011102343.
2026-05-15 10:20:58,884 - optuna.study._optimize - INFO - Trial 178 pruned. 
2026-05-15 10:21:21,380 - optuna.study.study - INFO - Trial 179 finished with value: 0.044044571354761315 and parameters: {'n_layers': 1, 'embedding_dim': 96, 'lr': 0.0001158705045876225, 'lambda_val': 0.00024854533712462317, 'batch_size': 609, 'optimizer': 'RMSprop'}. Best is trial 179 with value: 0.044044571354761315.
2026-05-15 10:21:24,418 - optuna.study._optimize - INFO - Trial 180 pruned. 
2026-05-15 10:21:27,225 - optuna.study._optimize - INFO - Trial 181 pruned. 
2026-05-15 10:21:49,611 - optuna.study.study - INFO - Trial 182 finished with value: 0.031452189012210106 and parameters: {'n_layers': 1, 'embedding_dim': 96, 'lr': 0.00015522239638766065, 'lambda_val': 0.00010826127320533218, 'batch_size': 579, 'optimizer': 'RMSprop'}. Best is trial 179 with value: 0.044044571354761315.
2026-05-15 10:21:54,992 - optuna.study._optimize - INFO - Trial 183 pruned. 
2026-05-15 10:21:59,622 - optuna.study._optimize - INFO - Trial 184 pruned. 
2026-05-15 10:22:24,801 - optuna.study.study - INFO - Trial 185 finished with value: 0.009355667543907223 and parameters: {'n_layers': 1, 'embedding_dim': 96, 'lr': 0.0002418360143730503, 'lambda_val': 0.00012204102592858284, 'batch_size': 653, 'optimizer': 'RMSprop'}. Best is trial 179 with value: 0.044044571354761315.
2026-05-15 10:22:29,069 - optuna.study._optimize - INFO - Trial 186 pruned. 
2026-05-15 10:22:54,956 - optuna.study.study - INFO - Trial 187 finished with value: 0.020932198473126648 and parameters: {'n_layers': 1, 'embedding_dim': 128, 'lr': 0.00017717875999537894, 'lambda_val': 8.807085283338532e-05, 'batch_size': 566, 'optimizer': 'RMSprop'}. Best is trial 179 with value: 0.044044571354761315.
2026-05-15 10:22:58,026 - optuna.study._optimize - INFO - Trial 188 pruned. 
2026-05-15 10:23:22,939 - optuna.study.study - INFO - Trial 189 finished with value: 0.008499679779335327 and parameters: {'n_layers': 1, 'embedding_dim': 96, 'lr': 0.00020149144249573565, 'lambda_val': 0.00013255203977420154, 'batch_size': 731, 'optimizer': 'Adam'}. Best is trial 179 with value: 0.044044571354761315.
2026-05-15 10:23:48,243 - optuna.study.study - INFO - Trial 190 finished with value: 0.01020109634359666 and parameters: {'n_layers': 1, 'embedding_dim': 96, 'lr': 0.00015206393127706788, 'lambda_val': 0.00030147648688836877, 'batch_size': 1798, 'optimizer': 'RMSprop'}. Best is trial 179 with value: 0.044044571354761315.
2026-05-15 10:24:13,894 - optuna.study.study - INFO - Trial 191 finished with value: 0.01908248940840505 and parameters: {'n_layers': 1, 'embedding_dim': 96, 'lr': 0.0001646940637986107, 'lambda_val': 1.2580057993974796e-05, 'batch_size': 797, 'optimizer': 'RMSprop'}. Best is trial 179 with value: 0.044044571354761315.
2026-05-15 10:24:17,956 - optuna.study._optimize - INFO - Trial 192 pruned. 
2026-05-15 10:24:21,337 - optuna.study._optimize - INFO - Trial 193 pruned. 
2026-05-15 10:24:25,032 - optuna.study._optimize - INFO - Trial 194 pruned. 
2026-05-15 10:24:28,693 - optuna.study._optimize - INFO - Trial 195 pruned. 
2026-05-15 10:24:32,138 - optuna.study._optimize - INFO - Trial 196 pruned. 
2026-05-15 10:24:58,746 - optuna.study.study - INFO - Trial 197 finished with value: 0.01754312801964077 and parameters: {'n_layers': 1, 'embedding_dim': 96, 'lr': 0.00019754646128914257, 'lambda_val': 0.00010327516056617275, 'batch_size': 718, 'optimizer': 'RMSprop'}. Best is trial 179 with value: 0.044044571354761315.
2026-05-15 10:25:02,574 - optuna.study._optimize - INFO - Trial 198 pruned. 
2026-05-15 10:25:29,909 - optuna.study.study - INFO - Trial 199 finished with value: 0.008812723983245816 and parameters: {'n_layers': 1, 'embedding_dim': 96, 'lr': 0.0003070684707449671, 'lambda_val': 1.5122133784239956e-05, 'batch_size': 607, 'optimizer': 'RMSprop'}. Best is trial 179 with value: 0.044044571354761315.
2026-05-15 10:25:49,884 - root - INFO -   ** Getting the trainable edges:
2026-05-15 10:25:49,890 - helper_functions - INFO -      Number of nodes: 4883
2026-05-15 10:25:49,890 - helper_functions - INFO -      Ratio: 0.5389029908398631
2026-05-15 10:25:49,890 - helper_functions - INFO -      Number of unique users: 343
2026-05-15 10:25:49,890 - helper_functions - INFO -      Number of unique items: 4540
2026-05-15 10:25:49,890 - helper_functions - INFO -      Total dominant set edge: 70473
2026-05-15 10:25:49,890 - helper_functions - INFO -      Trainable edges: 56378.4
2026-05-15 10:25:49,898 - root - INFO -   **** Getting 70473 dominant set edges
2026-05-15 10:25:50,448 - optuna.storages._rdb.storage - INFO - A new study created in RDB with name: Study_e_100K_1c3dcs
2026-05-15 10:26:34,023 - optuna.study.study - INFO - Trial 0 finished with value: 0.0016042509573673258 and parameters: {'n_layers': 1, 'embedding_dim': 128, 'lr': 0.010630598403599647, 'lambda_val': 0.0014732595749095154, 'batch_size': 1706, 'optimizer': 'SGD'}. Best is trial 0 with value: 0.0016042509573673258.
2026-05-15 10:27:28,245 - optuna.study.study - INFO - Trial 1 finished with value: 0.0008717232853110189 and parameters: {'n_layers': 4, 'embedding_dim': 96, 'lr': 0.00738500452231347, 'lambda_val': 0.00011593398574042417, 'batch_size': 3105, 'optimizer': 'SGD'}. Best is trial 0 with value: 0.0016042509573673258.
2026-05-15 10:28:21,031 - optuna.study.study - INFO - Trial 2 finished with value: 0.006524169668080244 and parameters: {'n_layers': 3, 'embedding_dim': 64, 'lr': 1.126393465318375e-05, 'lambda_val': 0.006115591935949764, 'batch_size': 716, 'optimizer': 'RMSprop'}. Best is trial 2 with value: 0.006524169668080244.
2026-05-15 10:28:54,282 - optuna.study.study - INFO - Trial 3 finished with value: 0.0016647525367311771 and parameters: {'n_layers': 3, 'embedding_dim': 32, 'lr': 0.0031463641161153665, 'lambda_val': 0.0005062008982935692, 'batch_size': 2356, 'optimizer': 'SGD'}. Best is trial 2 with value: 0.006524169668080244.
2026-05-15 10:30:02,203 - optuna.study.study - INFO - Trial 4 finished with value: 0.014154511114015805 and parameters: {'n_layers': 4, 'embedding_dim': 256, 'lr': 1.2525550932890933e-05, 'lambda_val': 1.0447006728783514e-05, 'batch_size': 3154, 'optimizer': 'Adam'}. Best is trial 4 with value: 0.014154511114015805.
2026-05-15 10:30:34,394 - optuna.study.study - INFO - Trial 5 finished with value: 0.026512332679899952 and parameters: {'n_layers': 2, 'embedding_dim': 64, 'lr': 0.0001588609351274701, 'lambda_val': 0.0015358001534570953, 'batch_size': 2762, 'optimizer': 'Adam'}. Best is trial 5 with value: 0.026512332679899952.
2026-05-15 10:31:09,503 - optuna.study.study - INFO - Trial 6 finished with value: 0.028447139482824946 and parameters: {'n_layers': 3, 'embedding_dim': 64, 'lr': 0.06044881988526905, 'lambda_val': 0.0002366856771391181, 'batch_size': 2353, 'optimizer': 'Adam'}. Best is trial 6 with value: 0.028447139482824946.
2026-05-15 10:31:14,300 - optuna.study._optimize - INFO - Trial 7 pruned. 
2026-05-15 10:31:48,720 - optuna.study.study - INFO - Trial 8 finished with value: 0.024017455194146223 and parameters: {'n_layers': 4, 'embedding_dim': 32, 'lr': 4.8611063056835306e-05, 'lambda_val': 1.2966117319414087e-05, 'batch_size': 1939, 'optimizer': 'Adam'}. Best is trial 6 with value: 0.028447139482824946.
2026-05-15 10:32:18,184 - optuna.study.study - INFO - Trial 9 finished with value: 0.028675703062081823 and parameters: {'n_layers': 2, 'embedding_dim': 32, 'lr': 0.07303898704267235, 'lambda_val': 5.9936516860333704e-05, 'batch_size': 2139, 'optimizer': 'Adam'}. Best is trial 9 with value: 0.028675703062081823.
2026-05-15 10:32:46,300 - optuna.study.study - INFO - Trial 10 finished with value: 0.021303740076999447 and parameters: {'n_layers': 1, 'embedding_dim': 32, 'lr': 0.09144904854829164, 'lambda_val': 2.182594742421885e-06, 'batch_size': 4021, 'optimizer': 'Adam'}. Best is trial 9 with value: 0.028675703062081823.
2026-05-15 10:33:15,904 - optuna.study.study - INFO - Trial 11 finished with value: 0.03478070067803037 and parameters: {'n_layers': 2, 'embedding_dim': 64, 'lr': 0.03662413213086298, 'lambda_val': 4.564326679462568e-05, 'batch_size': 1177, 'optimizer': 'Adam'}. Best is trial 11 with value: 0.03478070067803037.
2026-05-15 10:33:47,815 - optuna.study.study - INFO - Trial 12 finished with value: 0.03848501402082327 and parameters: {'n_layers': 2, 'embedding_dim': 96, 'lr': 0.02329252140208096, 'lambda_val': 2.764432686158109e-05, 'batch_size': 1045, 'optimizer': 'Adam'}. Best is trial 12 with value: 0.03848501402082327.
2026-05-15 10:34:19,784 - optuna.study.study - INFO - Trial 13 finished with value: 0.025295742651513332 and parameters: {'n_layers': 2, 'embedding_dim': 96, 'lr': 0.0006502706849638725, 'lambda_val': 1.4651131440979871e-05, 'batch_size': 969, 'optimizer': 'Adam'}. Best is trial 12 with value: 0.03848501402082327.
2026-05-15 10:34:23,237 - optuna.study._optimize - INFO - Trial 14 pruned. 
2026-05-15 10:35:04,219 - optuna.study.study - INFO - Trial 15 finished with value: 0.032852880713674794 and parameters: {'n_layers': 2, 'embedding_dim': 256, 'lr': 0.0016188366334945559, 'lambda_val': 1.5418307412839034e-06, 'batch_size': 517, 'optimizer': 'RMSprop'}. Best is trial 12 with value: 0.03848501402082327.
2026-05-15 10:35:08,730 - optuna.study._optimize - INFO - Trial 16 pruned. 
2026-05-15 10:35:35,787 - optuna.study.study - INFO - Trial 17 finished with value: 0.030019463118265158 and parameters: {'n_layers': 1, 'embedding_dim': 64, 'lr': 0.004731293217734138, 'lambda_val': 5.1605226504402324e-06, 'batch_size': 1416, 'optimizer': 'Adam'}. Best is trial 12 with value: 0.03848501402082327.
2026-05-15 10:35:39,781 - optuna.study._optimize - INFO - Trial 18 pruned. 
2026-05-15 10:35:46,689 - optuna.study._optimize - INFO - Trial 19 pruned. 
2026-05-15 10:36:21,342 - optuna.study.study - INFO - Trial 20 finished with value: 0.06610463738890332 and parameters: {'n_layers': 1, 'embedding_dim': 256, 'lr': 0.001941316553247658, 'lambda_val': 0.012022746478201377, 'batch_size': 920, 'optimizer': 'Adam'}. Best is trial 20 with value: 0.06610463738890332.
2026-05-15 10:36:25,435 - optuna.study._optimize - INFO - Trial 21 pruned. 
2026-05-15 10:36:58,534 - optuna.study.study - INFO - Trial 22 finished with value: 0.06266170713757165 and parameters: {'n_layers': 1, 'embedding_dim': 256, 'lr': 0.011011257790073427, 'lambda_val': 0.013601504078022226, 'batch_size': 575, 'optimizer': 'Adam'}. Best is trial 20 with value: 0.06610463738890332.
2026-05-15 10:37:30,726 - optuna.study.study - INFO - Trial 23 finished with value: 0.0688799498331916 and parameters: {'n_layers': 1, 'embedding_dim': 256, 'lr': 0.011808282341780314, 'lambda_val': 0.012479019005535484, 'batch_size': 544, 'optimizer': 'Adam'}. Best is trial 23 with value: 0.0688799498331916.
2026-05-15 10:38:04,142 - optuna.study.study - INFO - Trial 24 finished with value: 0.0570836758715597 and parameters: {'n_layers': 1, 'embedding_dim': 256, 'lr': 0.009691308754441413, 'lambda_val': 0.017051599886644682, 'batch_size': 560, 'optimizer': 'Adam'}. Best is trial 23 with value: 0.0688799498331916.
2026-05-15 10:38:37,647 - optuna.study.study - INFO - Trial 25 finished with value: 0.0706783691692522 and parameters: {'n_layers': 1, 'embedding_dim': 256, 'lr': 0.0012686162745392116, 'lambda_val': 0.009463361299489525, 'batch_size': 732, 'optimizer': 'Adam'}. Best is trial 25 with value: 0.0706783691692522.
2026-05-15 10:39:10,845 - optuna.study.study - INFO - Trial 26 finished with value: 0.079552923493468 and parameters: {'n_layers': 1, 'embedding_dim': 256, 'lr': 0.00024254619694813684, 'lambda_val': 0.005241411401583643, 'batch_size': 792, 'optimizer': 'Adam'}. Best is trial 26 with value: 0.079552923493468.
2026-05-15 10:39:44,689 - optuna.study.study - INFO - Trial 27 finished with value: 0.07530969972196698 and parameters: {'n_layers': 1, 'embedding_dim': 256, 'lr': 0.00023600803391208541, 'lambda_val': 0.004077375300455986, 'batch_size': 1490, 'optimizer': 'Adam'}. Best is trial 26 with value: 0.079552923493468.
2026-05-15 10:40:17,797 - optuna.study.study - INFO - Trial 28 finished with value: 0.08689335864554718 and parameters: {'n_layers': 1, 'embedding_dim': 256, 'lr': 0.00021103800693925834, 'lambda_val': 0.00215054322801173, 'batch_size': 1554, 'optimizer': 'RMSprop'}. Best is trial 28 with value: 0.08689335864554718.
2026-05-15 10:40:51,115 - optuna.study.study - INFO - Trial 29 finished with value: 0.07432348357280016 and parameters: {'n_layers': 1, 'embedding_dim': 128, 'lr': 0.00017022636831437048, 'lambda_val': 0.0027507909708128914, 'batch_size': 1533, 'optimizer': 'RMSprop'}. Best is trial 28 with value: 0.08689335864554718.
2026-05-15 10:41:23,654 - optuna.study.study - INFO - Trial 30 finished with value: 0.06512942263326739 and parameters: {'n_layers': 1, 'embedding_dim': 256, 'lr': 0.00021914266345782722, 'lambda_val': 0.0038000272957195705, 'batch_size': 1816, 'optimizer': 'RMSprop'}. Best is trial 28 with value: 0.08689335864554718.
2026-05-15 10:41:27,185 - optuna.study._optimize - INFO - Trial 31 pruned. 
2026-05-15 10:41:55,790 - optuna.study.study - INFO - Trial 32 finished with value: 0.058062517673715654 and parameters: {'n_layers': 1, 'embedding_dim': 128, 'lr': 0.0003301517155217137, 'lambda_val': 0.003327044124743575, 'batch_size': 1485, 'optimizer': 'RMSprop'}. Best is trial 28 with value: 0.08689335864554718.
2026-05-15 10:41:59,428 - optuna.study._optimize - INFO - Trial 33 pruned. 
2026-05-15 10:42:02,551 - optuna.study._optimize - INFO - Trial 34 pruned. 
2026-05-15 10:42:37,153 - optuna.study.study - INFO - Trial 35 finished with value: 0.06720327635994043 and parameters: {'n_layers': 1, 'embedding_dim': 256, 'lr': 0.0007156395996857943, 'lambda_val': 0.003350155845223131, 'batch_size': 1243, 'optimizer': 'RMSprop'}. Best is trial 28 with value: 0.08689335864554718.
2026-05-15 10:42:41,237 - optuna.study._optimize - INFO - Trial 36 pruned. 
2026-05-15 10:42:46,206 - optuna.study._optimize - INFO - Trial 37 pruned. 
2026-05-15 10:43:16,858 - optuna.study.study - INFO - Trial 38 finished with value: 0.06154800780828524 and parameters: {'n_layers': 1, 'embedding_dim': 128, 'lr': 0.00030342312489068925, 'lambda_val': 0.03273482329881403, 'batch_size': 3312, 'optimizer': 'RMSprop'}. Best is trial 28 with value: 0.08689335864554718.
2026-05-15 10:43:59,326 - optuna.study.study - INFO - Trial 39 finished with value: 0.032684857451028615 and parameters: {'n_layers': 2, 'embedding_dim': 256, 'lr': 0.00011362704547751919, 'lambda_val': 0.0010659805103458368, 'batch_size': 1983, 'optimizer': 'RMSprop'}. Best is trial 28 with value: 0.08689335864554718.
2026-05-15 10:44:04,438 - optuna.study._optimize - INFO - Trial 40 pruned. 
2026-05-15 10:44:37,538 - optuna.study.study - INFO - Trial 41 finished with value: 0.0685233676555733 and parameters: {'n_layers': 1, 'embedding_dim': 256, 'lr': 0.0010796893724939795, 'lambda_val': 0.006047598631292251, 'batch_size': 783, 'optimizer': 'RMSprop'}. Best is trial 28 with value: 0.08689335864554718.
2026-05-15 10:45:11,472 - optuna.study.study - INFO - Trial 42 finished with value: 0.07028080106299528 and parameters: {'n_layers': 1, 'embedding_dim': 256, 'lr': 0.0002658666014632497, 'lambda_val': 0.007798485882562161, 'batch_size': 1102, 'optimizer': 'Adam'}. Best is trial 28 with value: 0.08689335864554718.
2026-05-15 10:45:46,213 - optuna.study.study - INFO - Trial 43 finished with value: 0.0653321461912011 and parameters: {'n_layers': 1, 'embedding_dim': 256, 'lr': 0.00048335647107792986, 'lambda_val': 0.001999735953341566, 'batch_size': 1454, 'optimizer': 'Adam'}. Best is trial 28 with value: 0.08689335864554718.
2026-05-15 10:46:13,267 - optuna.study.study - INFO - Trial 44 finished with value: 0.09822568122403967 and parameters: {'n_layers': 1, 'embedding_dim': 32, 'lr': 0.0001927888272371531, 'lambda_val': 0.00011731131362415356, 'batch_size': 798, 'optimizer': 'RMSprop'}. Best is trial 44 with value: 0.09822568122403967.
2026-05-15 10:46:17,000 - optuna.study._optimize - INFO - Trial 45 pruned. 
2026-05-15 10:46:45,110 - optuna.study.study - INFO - Trial 46 finished with value: 0.07005410376114969 and parameters: {'n_layers': 1, 'embedding_dim': 32, 'lr': 0.00017935019673078143, 'lambda_val': 0.0005497492503512225, 'batch_size': 1551, 'optimizer': 'RMSprop'}. Best is trial 44 with value: 0.09822568122403967.
2026-05-15 10:47:11,490 - optuna.study.study - INFO - Trial 47 finished with value: 0.035771840061822886 and parameters: {'n_layers': 1, 'embedding_dim': 32, 'lr': 0.00042318642138874094, 'lambda_val': 0.00010628291818435744, 'batch_size': 2116, 'optimizer': 'RMSprop'}. Best is trial 44 with value: 0.09822568122403967.
2026-05-15 10:47:15,429 - optuna.study._optimize - INFO - Trial 48 pruned. 
2026-05-15 10:47:19,331 - optuna.study._optimize - INFO - Trial 49 pruned. 
2026-05-15 10:47:24,145 - optuna.study._optimize - INFO - Trial 50 pruned. 
2026-05-15 10:47:57,568 - optuna.study.study - INFO - Trial 51 finished with value: 0.0696059309049408 and parameters: {'n_layers': 1, 'embedding_dim': 256, 'lr': 0.0010822578673777212, 'lambda_val': 0.030685262419721502, 'batch_size': 721, 'optimizer': 'Adam'}. Best is trial 44 with value: 0.09822568122403967.
2026-05-15 10:48:31,300 - optuna.study.study - INFO - Trial 52 finished with value: 0.0738250465908086 and parameters: {'n_layers': 1, 'embedding_dim': 256, 'lr': 0.0007070118724480346, 'lambda_val': 0.007513829214159744, 'batch_size': 832, 'optimizer': 'Adam'}. Best is trial 44 with value: 0.09822568122403967.
2026-05-15 10:48:57,547 - optuna.study.study - INFO - Trial 53 finished with value: 0.06499342105166989 and parameters: {'n_layers': 1, 'embedding_dim': 64, 'lr': 0.0007009519660652572, 'lambda_val': 0.0014065620920631877, 'batch_size': 900, 'optimizer': 'Adam'}. Best is trial 44 with value: 0.09822568122403967.
2026-05-15 10:49:30,819 - optuna.study.study - INFO - Trial 54 finished with value: 0.08045652864426732 and parameters: {'n_layers': 1, 'embedding_dim': 256, 'lr': 0.00020531150662527335, 'lambda_val': 0.004382386380568259, 'batch_size': 1123, 'optimizer': 'Adam'}. Best is trial 44 with value: 0.09822568122403967.
2026-05-15 10:49:33,919 - optuna.study._optimize - INFO - Trial 55 pruned. 
2026-05-15 10:49:58,879 - optuna.study._optimize - INFO - Trial 56 pruned. 
2026-05-15 10:50:02,034 - optuna.study._optimize - INFO - Trial 57 pruned. 
2026-05-15 10:50:05,898 - optuna.study._optimize - INFO - Trial 58 pruned. 
2026-05-15 10:50:28,715 - optuna.study.study - INFO - Trial 59 finished with value: 0.07028479868063403 and parameters: {'n_layers': 1, 'embedding_dim': 64, 'lr': 0.0002209089420858481, 'lambda_val': 0.00020851334101597995, 'batch_size': 1227, 'optimizer': 'Adam'}. Best is trial 44 with value: 0.09822568122403967.
2026-05-15 10:50:32,577 - optuna.study._optimize - INFO - Trial 60 pruned. 
2026-05-15 10:51:05,272 - optuna.study.study - INFO - Trial 61 finished with value: 0.07450184472193515 and parameters: {'n_layers': 1, 'embedding_dim': 256, 'lr': 0.0005611073394981786, 'lambda_val': 0.0097967206121049, 'batch_size': 820, 'optimizer': 'Adam'}. Best is trial 44 with value: 0.09822568122403967.
2026-05-15 10:51:39,135 - optuna.study.study - INFO - Trial 62 finished with value: 0.07663114923122924 and parameters: {'n_layers': 1, 'embedding_dim': 256, 'lr': 0.0005616236759021986, 'lambda_val': 0.021002313264741414, 'batch_size': 923, 'optimizer': 'Adam'}. Best is trial 44 with value: 0.09822568122403967.
2026-05-15 10:52:12,129 - optuna.study.study - INFO - Trial 63 finished with value: 0.08074558607069075 and parameters: {'n_layers': 1, 'embedding_dim': 256, 'lr': 0.0005345002954786924, 'lambda_val': 0.015137939460581167, 'batch_size': 895, 'optimizer': 'Adam'}. Best is trial 44 with value: 0.09822568122403967.
2026-05-15 10:52:16,513 - optuna.study._optimize - INFO - Trial 64 pruned. 
2026-05-15 10:52:20,232 - optuna.study._optimize - INFO - Trial 65 pruned. 
2026-05-15 10:52:25,322 - optuna.study._optimize - INFO - Trial 66 pruned. 
2026-05-15 10:52:57,638 - optuna.study.study - INFO - Trial 67 finished with value: 0.06536281371559867 and parameters: {'n_layers': 1, 'embedding_dim': 256, 'lr': 0.001652285416074054, 'lambda_val': 0.00476314285216452, 'batch_size': 881, 'optimizer': 'Adam'}. Best is trial 44 with value: 0.09822568122403967.
2026-05-15 10:53:29,812 - optuna.study.study - INFO - Trial 68 finished with value: 0.07367689304836265 and parameters: {'n_layers': 1, 'embedding_dim': 256, 'lr': 0.0007987594433671758, 'lambda_val': 2.0792578345803113e-05, 'batch_size': 1316, 'optimizer': 'Adam'}. Best is trial 44 with value: 0.09822568122403967.
2026-05-15 10:53:34,229 - optuna.study._optimize - INFO - Trial 69 pruned. 
2026-05-15 10:53:37,704 - optuna.study._optimize - INFO - Trial 70 pruned. 
2026-05-15 10:54:08,444 - optuna.study.study - INFO - Trial 71 finished with value: 0.07090010603713803 and parameters: {'n_layers': 1, 'embedding_dim': 256, 'lr': 0.00048497852582544694, 'lambda_val': 0.012725599234652586, 'batch_size': 846, 'optimizer': 'Adam'}. Best is trial 44 with value: 0.09822568122403967.
2026-05-15 10:54:15,105 - optuna.study._optimize - INFO - Trial 72 pruned. 
2026-05-15 10:54:19,419 - optuna.study._optimize - INFO - Trial 73 pruned. 
2026-05-15 10:54:23,771 - optuna.study._optimize - INFO - Trial 74 pruned. 
2026-05-15 10:54:28,919 - optuna.study._optimize - INFO - Trial 75 pruned. 
2026-05-15 10:54:32,885 - optuna.study._optimize - INFO - Trial 76 pruned. 
2026-05-15 10:54:36,494 - optuna.study._optimize - INFO - Trial 77 pruned. 
2026-05-15 10:54:53,225 - optuna.study._optimize - INFO - Trial 78 pruned. 
2026-05-15 10:55:24,838 - optuna.study.study - INFO - Trial 79 finished with value: 0.07996038192835062 and parameters: {'n_layers': 1, 'embedding_dim': 256, 'lr': 0.0002671499490540698, 'lambda_val': 0.008939709025768745, 'batch_size': 952, 'optimizer': 'Adam'}. Best is trial 44 with value: 0.09822568122403967.
2026-05-15 10:55:27,869 - optuna.study._optimize - INFO - Trial 80 pruned. 
2026-05-15 10:55:59,981 - optuna.study.study - INFO - Trial 81 finished with value: 0.07291390748050486 and parameters: {'n_layers': 1, 'embedding_dim': 256, 'lr': 0.0002835766330176445, 'lambda_val': 0.008083885408605582, 'batch_size': 959, 'optimizer': 'Adam'}. Best is trial 44 with value: 0.09822568122403967.
2026-05-15 10:56:33,651 - optuna.study.study - INFO - Trial 82 finished with value: 0.06442109801427141 and parameters: {'n_layers': 1, 'embedding_dim': 256, 'lr': 0.00036640770647492556, 'lambda_val': 0.004174449454130985, 'batch_size': 1066, 'optimizer': 'Adam'}. Best is trial 44 with value: 0.09822568122403967.
2026-05-15 10:56:37,800 - optuna.study._optimize - INFO - Trial 83 pruned. 
2026-05-15 10:57:24,633 - optuna.study.study - INFO - Trial 84 finished with value: 0.07334563705640582 and parameters: {'n_layers': 1, 'embedding_dim': 256, 'lr': 0.0005211923580051175, 'lambda_val': 0.011609972763458959, 'batch_size': 808, 'optimizer': 'Adam'}. Best is trial 44 with value: 0.09822568122403967.
2026-05-15 10:57:31,906 - optuna.study._optimize - INFO - Trial 85 pruned. 
2026-05-15 10:57:36,044 - optuna.study._optimize - INFO - Trial 86 pruned. 
2026-05-15 10:57:41,138 - optuna.study._optimize - INFO - Trial 87 pruned. 
2026-05-15 10:58:27,870 - optuna.study.study - INFO - Trial 88 finished with value: 0.06970748357357524 and parameters: {'n_layers': 1, 'embedding_dim': 256, 'lr': 0.0009329720408769599, 'lambda_val': 0.003164148818457177, 'batch_size': 713, 'optimizer': 'RMSprop'}. Best is trial 44 with value: 0.09822568122403967.
2026-05-15 10:58:55,721 - optuna.study.study - INFO - Trial 89 finished with value: 0.07940935120496966 and parameters: {'n_layers': 1, 'embedding_dim': 96, 'lr': 0.0003913530145706442, 'lambda_val': 5.793562787752096e-05, 'batch_size': 1399, 'optimizer': 'Adam'}. Best is trial 44 with value: 0.09822568122403967.
2026-05-15 10:59:23,017 - optuna.study.study - INFO - Trial 90 finished with value: 0.07418927408061786 and parameters: {'n_layers': 1, 'embedding_dim': 96, 'lr': 0.00039496255661302775, 'lambda_val': 5.4866405960491344e-05, 'batch_size': 1514, 'optimizer': 'RMSprop'}. Best is trial 44 with value: 0.09822568122403967.
2026-05-15 10:59:50,645 - optuna.study.study - INFO - Trial 91 finished with value: 0.06770664464070052 and parameters: {'n_layers': 1, 'embedding_dim': 96, 'lr': 0.0002747978779905543, 'lambda_val': 0.0001371785508779341, 'batch_size': 1386, 'optimizer': 'Adam'}. Best is trial 44 with value: 0.09822568122403967.
2026-05-15 11:00:18,595 - optuna.study.study - INFO - Trial 92 finished with value: 0.0748086882141897 and parameters: {'n_layers': 1, 'embedding_dim': 96, 'lr': 0.00033983518094344716, 'lambda_val': 2.699594511284386e-05, 'batch_size': 1773, 'optimizer': 'Adam'}. Best is trial 44 with value: 0.09822568122403967.
2026-05-15 11:00:43,477 - optuna.study.study - INFO - Trial 93 finished with value: 0.0966801878563703 and parameters: {'n_layers': 1, 'embedding_dim': 96, 'lr': 0.00018261034413328056, 'lambda_val': 2.2340422536524673e-05, 'batch_size': 1748, 'optimizer': 'Adam'}. Best is trial 44 with value: 0.09822568122403967.
2026-05-15 11:00:47,109 - optuna.study._optimize - INFO - Trial 94 pruned. 
2026-05-15 11:01:12,803 - optuna.study.study - INFO - Trial 95 finished with value: 0.08318662112452868 and parameters: {'n_layers': 1, 'embedding_dim': 96, 'lr': 0.000149220172914232, 'lambda_val': 8.436045960037177e-05, 'batch_size': 1690, 'optimizer': 'Adam'}. Best is trial 44 with value: 0.09822568122403967.
2026-05-15 11:01:16,863 - optuna.study._optimize - INFO - Trial 96 pruned. 
2026-05-15 11:01:20,361 - optuna.study._optimize - INFO - Trial 97 pruned. 
2026-05-15 11:01:23,836 - optuna.study._optimize - INFO - Trial 98 pruned. 
2026-05-15 11:01:50,956 - optuna.study.study - INFO - Trial 99 finished with value: 0.07893101248439206 and parameters: {'n_layers': 1, 'embedding_dim': 96, 'lr': 0.00025112681182587585, 'lambda_val': 7.403336719100479e-05, 'batch_size': 1292, 'optimizer': 'RMSprop'}. Best is trial 44 with value: 0.09822568122403967.
2026-05-15 11:01:55,802 - optuna.study._optimize - INFO - Trial 100 pruned. 
2026-05-15 11:02:31,901 - optuna.study.study - INFO - Trial 101 finished with value: 0.061186326093875115 and parameters: {'n_layers': 1, 'embedding_dim': 96, 'lr': 0.00025892813583577396, 'lambda_val': 7.751895997774728e-05, 'batch_size': 2455, 'optimizer': 'RMSprop'}. Best is trial 44 with value: 0.09822568122403967.
2026-05-15 11:02:58,779 - optuna.study.study - INFO - Trial 102 finished with value: 0.07456205931618322 and parameters: {'n_layers': 1, 'embedding_dim': 96, 'lr': 0.0001679650025018517, 'lambda_val': 0.00010697701343037648, 'batch_size': 1279, 'optimizer': 'RMSprop'}. Best is trial 44 with value: 0.09822568122403967.
2026-05-15 11:03:27,502 - optuna.study.study - INFO - Trial 103 finished with value: 0.05285557155426868 and parameters: {'n_layers': 1, 'embedding_dim': 96, 'lr': 0.00041551920685958864, 'lambda_val': 1.7825962415380923e-05, 'batch_size': 2816, 'optimizer': 'RMSprop'}. Best is trial 44 with value: 0.09822568122403967.
2026-05-15 11:03:54,829 - optuna.study.study - INFO - Trial 104 finished with value: 0.07530994119794114 and parameters: {'n_layers': 1, 'embedding_dim': 96, 'lr': 0.0003153899867898039, 'lambda_val': 0.00015443285478998015, 'batch_size': 1441, 'optimizer': 'RMSprop'}. Best is trial 44 with value: 0.09822568122403967.
2026-05-15 11:04:21,387 - optuna.study.study - INFO - Trial 105 finished with value: 0.07826570446606619 and parameters: {'n_layers': 1, 'embedding_dim': 96, 'lr': 0.000241045255206085, 'lambda_val': 5.535038229611335e-05, 'batch_size': 1167, 'optimizer': 'Adam'}. Best is trial 44 with value: 0.09822568122403967.
2026-05-15 11:04:44,514 - optuna.study.study - INFO - Trial 106 finished with value: 0.078712417729575 and parameters: {'n_layers': 1, 'embedding_dim': 96, 'lr': 0.00020031691895302188, 'lambda_val': 5.313120307415809e-05, 'batch_size': 1339, 'optimizer': 'RMSprop'}. Best is trial 44 with value: 0.09822568122403967.
2026-05-15 11:05:08,097 - optuna.study.study - INFO - Trial 107 finished with value: 0.07572437493672814 and parameters: {'n_layers': 1, 'embedding_dim': 96, 'lr': 0.0002052341661421345, 'lambda_val': 2.8904716091039062e-05, 'batch_size': 1349, 'optimizer': 'RMSprop'}. Best is trial 44 with value: 0.09822568122403967.
2026-05-15 11:05:11,383 - optuna.study._optimize - INFO - Trial 108 pruned. 
2026-05-15 11:05:14,846 - optuna.study._optimize - INFO - Trial 109 pruned. 
2026-05-15 11:05:18,677 - optuna.study._optimize - INFO - Trial 110 pruned. 
2026-05-15 11:05:42,649 - optuna.study.study - INFO - Trial 111 finished with value: 0.07280607815754041 and parameters: {'n_layers': 1, 'embedding_dim': 96, 'lr': 0.0002462628987146347, 'lambda_val': 5.710393874911334e-05, 'batch_size': 1155, 'optimizer': 'RMSprop'}. Best is trial 44 with value: 0.09822568122403967.
2026-05-15 11:05:46,161 - optuna.study._optimize - INFO - Trial 112 pruned. 
2026-05-15 11:06:11,724 - optuna.study.study - INFO - Trial 113 finished with value: 0.10007790247808293 and parameters: {'n_layers': 1, 'embedding_dim': 96, 'lr': 0.00021424260915201137, 'lambda_val': 2.2426900612175306e-05, 'batch_size': 1331, 'optimizer': 'Adam'}. Best is trial 113 with value: 0.10007790247808293.
2026-05-15 11:06:14,531 - optuna.study._optimize - INFO - Trial 114 pruned. 
2026-05-15 11:06:38,720 - optuna.study.study - INFO - Trial 115 finished with value: 0.09150590070664008 and parameters: {'n_layers': 1, 'embedding_dim': 96, 'lr': 0.0003037422754162229, 'lambda_val': 2.9760861754150602e-06, 'batch_size': 1600, 'optimizer': 'RMSprop'}. Best is trial 113 with value: 0.10007790247808293.
2026-05-15 11:06:45,766 - optuna.study._optimize - INFO - Trial 116 pruned. 
2026-05-15 11:07:10,741 - optuna.study.study - INFO - Trial 117 finished with value: 0.08320715480224765 and parameters: {'n_layers': 1, 'embedding_dim': 96, 'lr': 0.00031553991216402014, 'lambda_val': 4.60105389579493e-06, 'batch_size': 1837, 'optimizer': 'Adam'}. Best is trial 113 with value: 0.10007790247808293.
2026-05-15 11:07:13,820 - optuna.study._optimize - INFO - Trial 118 pruned. 
2026-05-15 11:07:30,026 - optuna.study._optimize - INFO - Trial 119 pruned. 
2026-05-15 11:07:54,272 - optuna.study.study - INFO - Trial 120 finished with value: 0.04928875026352333 and parameters: {'n_layers': 1, 'embedding_dim': 96, 'lr': 0.0006651295769239163, 'lambda_val': 5.865889835676699e-06, 'batch_size': 1725, 'optimizer': 'Adam'}. Best is trial 113 with value: 0.10007790247808293.
2026-05-15 11:08:17,974 - optuna.study.study - INFO - Trial 121 finished with value: 0.08195974403590285 and parameters: {'n_layers': 1, 'embedding_dim': 96, 'lr': 0.00037931658242677097, 'lambda_val': 7.10022777781835e-06, 'batch_size': 1813, 'optimizer': 'Adam'}. Best is trial 113 with value: 0.10007790247808293.
2026-05-15 11:08:44,680 - optuna.study.study - INFO - Trial 122 finished with value: 0.06377922000892014 and parameters: {'n_layers': 1, 'embedding_dim': 96, 'lr': 0.00037639178336166694, 'lambda_val': 3.6888602434902e-06, 'batch_size': 2077, 'optimizer': 'Adam'}. Best is trial 113 with value: 0.10007790247808293.
2026-05-15 11:09:12,510 - optuna.study.study - INFO - Trial 123 finished with value: 0.07948887323300785 and parameters: {'n_layers': 1, 'embedding_dim': 96, 'lr': 0.0004504780958029545, 'lambda_val': 4.719090182174374e-06, 'batch_size': 1795, 'optimizer': 'Adam'}. Best is trial 113 with value: 0.10007790247808293.
2026-05-15 11:09:40,090 - optuna.study.study - INFO - Trial 124 finished with value: 0.07599679511385143 and parameters: {'n_layers': 1, 'embedding_dim': 96, 'lr': 0.00047296827288342835, 'lambda_val': 8.445262781975025e-06, 'batch_size': 1843, 'optimizer': 'Adam'}. Best is trial 113 with value: 0.10007790247808293.
2026-05-15 11:09:46,201 - optuna.study._optimize - INFO - Trial 125 pruned. 
2026-05-15 11:10:14,317 - optuna.study.study - INFO - Trial 126 finished with value: 0.07470470461273405 and parameters: {'n_layers': 1, 'embedding_dim': 96, 'lr': 0.0003301123998518437, 'lambda_val': 2.169398484304849e-06, 'batch_size': 2014, 'optimizer': 'Adam'}. Best is trial 113 with value: 0.10007790247808293.
2026-05-15 11:10:20,698 - optuna.study._optimize - INFO - Trial 127 pruned. 
2026-05-15 11:10:26,266 - optuna.study._optimize - INFO - Trial 128 pruned. 
2026-05-15 11:10:55,365 - optuna.study.study - INFO - Trial 129 finished with value: 0.03993079679558517 and parameters: {'n_layers': 1, 'embedding_dim': 96, 'lr': 0.0008062581467762251, 'lambda_val': 4.0439111050604895e-06, 'batch_size': 3877, 'optimizer': 'Adam'}. Best is trial 113 with value: 0.10007790247808293.
2026-05-15 11:10:59,136 - optuna.study._optimize - INFO - Trial 130 pruned. 
2026-05-15 11:11:26,677 - optuna.study.study - INFO - Trial 131 finished with value: 0.08729547336283272 and parameters: {'n_layers': 1, 'embedding_dim': 96, 'lr': 0.0003951785186777083, 'lambda_val': 5.398591859448597e-06, 'batch_size': 1759, 'optimizer': 'Adam'}. Best is trial 113 with value: 0.10007790247808293.
2026-05-15 11:11:53,660 - optuna.study.study - INFO - Trial 132 finished with value: 0.07811160352295471 and parameters: {'n_layers': 1, 'embedding_dim': 96, 'lr': 0.00022262117001930793, 'lambda_val': 9.293881068603915e-06, 'batch_size': 1786, 'optimizer': 'Adam'}. Best is trial 113 with value: 0.10007790247808293.
2026-05-15 11:12:21,299 - optuna.study.study - INFO - Trial 133 finished with value: 0.0683515410580269 and parameters: {'n_layers': 1, 'embedding_dim': 96, 'lr': 0.00028722217171257657, 'lambda_val': 6.035524671177945e-06, 'batch_size': 2029, 'optimizer': 'Adam'}. Best is trial 113 with value: 0.10007790247808293.
2026-05-15 11:12:48,525 - optuna.study.study - INFO - Trial 134 finished with value: 0.06882920064949974 and parameters: {'n_layers': 1, 'embedding_dim': 96, 'lr': 0.0004414161921523268, 'lambda_val': 4.56688164542054e-06, 'batch_size': 1894, 'optimizer': 'Adam'}. Best is trial 113 with value: 0.10007790247808293.
2026-05-15 11:12:51,986 - optuna.study._optimize - INFO - Trial 135 pruned. 
2026-05-15 11:13:19,611 - optuna.study.study - INFO - Trial 136 finished with value: 0.06319530846121112 and parameters: {'n_layers': 1, 'embedding_dim': 96, 'lr': 0.0006485214861033727, 'lambda_val': 3.011973488958922e-06, 'batch_size': 1594, 'optimizer': 'Adam'}. Best is trial 113 with value: 0.10007790247808293.
2026-05-15 11:13:23,875 - optuna.study._optimize - INFO - Trial 137 pruned. 
2026-05-15 11:13:27,877 - optuna.study._optimize - INFO - Trial 138 pruned. 
2026-05-15 11:13:31,672 - optuna.study._optimize - INFO - Trial 139 pruned. 
2026-05-15 11:14:00,138 - optuna.study.study - INFO - Trial 140 finished with value: 0.07515888196179267 and parameters: {'n_layers': 1, 'embedding_dim': 128, 'lr': 0.0003728134246526817, 'lambda_val': 1.2804483847958505e-05, 'batch_size': 1683, 'optimizer': 'Adam'}. Best is trial 113 with value: 0.10007790247808293.
2026-05-15 11:14:28,328 - optuna.study.study - INFO - Trial 141 finished with value: 0.09160975633505435 and parameters: {'n_layers': 1, 'embedding_dim': 96, 'lr': 0.00026129320050196394, 'lambda_val': 0.0001599010661793128, 'batch_size': 1448, 'optimizer': 'Adam'}. Best is trial 113 with value: 0.10007790247808293.
2026-05-15 11:14:55,442 - optuna.study.study - INFO - Trial 142 finished with value: 0.08712685336610257 and parameters: {'n_layers': 1, 'embedding_dim': 96, 'lr': 0.0002655885783346998, 'lambda_val': 0.00042054418631367094, 'batch_size': 1468, 'optimizer': 'Adam'}. Best is trial 113 with value: 0.10007790247808293.
2026-05-15 11:14:59,547 - optuna.study._optimize - INFO - Trial 143 pruned. 
2026-05-15 11:15:03,548 - optuna.study._optimize - INFO - Trial 144 pruned. 
2026-05-15 11:15:07,181 - optuna.study._optimize - INFO - Trial 145 pruned. 
2026-05-15 11:15:11,341 - optuna.study._optimize - INFO - Trial 146 pruned. 
2026-05-15 11:15:14,860 - optuna.study._optimize - INFO - Trial 147 pruned. 
2026-05-15 11:15:48,794 - optuna.study.study - INFO - Trial 148 finished with value: 0.10034987973370264 and parameters: {'n_layers': 1, 'embedding_dim': 256, 'lr': 0.000271634339589946, 'lambda_val': 0.0001310959506871398, 'batch_size': 1638, 'optimizer': 'Adam'}. Best is trial 148 with value: 0.10034987973370264.
2026-05-15 11:16:16,454 - optuna.study.study - INFO - Trial 149 finished with value: 0.07113302220544952 and parameters: {'n_layers': 1, 'embedding_dim': 96, 'lr': 0.0003637036331583545, 'lambda_val': 0.00017729606172426789, 'batch_size': 1718, 'optimizer': 'Adam'}. Best is trial 148 with value: 0.10034987973370264.
2026-05-15 11:16:20,727 - optuna.study._optimize - INFO - Trial 150 pruned. 
2026-05-15 11:16:54,445 - optuna.study.study - INFO - Trial 151 finished with value: 0.09346925588983085 and parameters: {'n_layers': 1, 'embedding_dim': 256, 'lr': 0.0002564629595363313, 'lambda_val': 0.000128425514568688, 'batch_size': 1656, 'optimizer': 'Adam'}. Best is trial 148 with value: 0.10034987973370264.
2026-05-15 11:17:26,424 - optuna.study.study - INFO - Trial 152 finished with value: 0.09150758164880456 and parameters: {'n_layers': 1, 'embedding_dim': 256, 'lr': 0.0002755849977305638, 'lambda_val': 0.00027523035427668135, 'batch_size': 1624, 'optimizer': 'Adam'}. Best is trial 148 with value: 0.10034987973370264.
2026-05-15 11:17:58,946 - optuna.study.study - INFO - Trial 153 finished with value: 0.09574577816015742 and parameters: {'n_layers': 1, 'embedding_dim': 256, 'lr': 0.0002878754850464985, 'lambda_val': 0.00012060086205439589, 'batch_size': 1629, 'optimizer': 'Adam'}. Best is trial 148 with value: 0.10034987973370264.
2026-05-15 11:18:41,247 - optuna.study.study - INFO - Trial 154 finished with value: 0.0909127338976029 and parameters: {'n_layers': 1, 'embedding_dim': 256, 'lr': 0.00030163097230820855, 'lambda_val': 0.00011533133649521374, 'batch_size': 1623, 'optimizer': 'Adam'}. Best is trial 148 with value: 0.10034987973370264.
2026-05-15 11:19:13,526 - optuna.study.study - INFO - Trial 155 finished with value: 0.08984747633159287 and parameters: {'n_layers': 1, 'embedding_dim': 256, 'lr': 0.00029888979494216856, 'lambda_val': 0.00013059993361506505, 'batch_size': 1646, 'optimizer': 'Adam'}. Best is trial 148 with value: 0.10034987973370264.
2026-05-15 11:19:47,036 - optuna.study.study - INFO - Trial 156 finished with value: 0.08941691561979447 and parameters: {'n_layers': 1, 'embedding_dim': 256, 'lr': 0.00028963558948396625, 'lambda_val': 0.0001585708668677342, 'batch_size': 1624, 'optimizer': 'Adam'}. Best is trial 148 with value: 0.10034987973370264.
2026-05-15 11:20:22,241 - optuna.study.study - INFO - Trial 157 finished with value: 0.09517666083417105 and parameters: {'n_layers': 1, 'embedding_dim': 256, 'lr': 0.00027580595203985077, 'lambda_val': 0.00011181072361469957, 'batch_size': 1449, 'optimizer': 'Adam'}. Best is trial 148 with value: 0.10034987973370264.
2026-05-15 11:20:26,455 - optuna.study._optimize - INFO - Trial 158 pruned. 
2026-05-15 11:21:00,442 - optuna.study.study - INFO - Trial 159 finished with value: 0.09413428974755082 and parameters: {'n_layers': 1, 'embedding_dim': 256, 'lr': 0.00028460641356950635, 'lambda_val': 0.00027124483859850115, 'batch_size': 1426, 'optimizer': 'Adam'}. Best is trial 148 with value: 0.10034987973370264.
2026-05-15 11:21:34,539 - optuna.study.study - INFO - Trial 160 finished with value: 0.09811078448685623 and parameters: {'n_layers': 1, 'embedding_dim': 256, 'lr': 0.00029579131835796017, 'lambda_val': 0.00026648921262469884, 'batch_size': 1458, 'optimizer': 'Adam'}. Best is trial 148 with value: 0.10034987973370264.
2026-05-15 11:22:11,385 - optuna.study.study - INFO - Trial 161 finished with value: 0.09254585748364103 and parameters: {'n_layers': 1, 'embedding_dim': 256, 'lr': 0.00028866802853351177, 'lambda_val': 0.00026633181193380586, 'batch_size': 1427, 'optimizer': 'Adam'}. Best is trial 148 with value: 0.10034987973370264.
2026-05-15 11:22:49,054 - optuna.study.study - INFO - Trial 162 finished with value: 0.0938763887196467 and parameters: {'n_layers': 1, 'embedding_dim': 256, 'lr': 0.0003208781768264317, 'lambda_val': 0.00026924655603028443, 'batch_size': 1414, 'optimizer': 'Adam'}. Best is trial 148 with value: 0.10034987973370264.
2026-05-15 11:23:22,874 - optuna.study.study - INFO - Trial 163 finished with value: 0.09305443350268351 and parameters: {'n_layers': 1, 'embedding_dim': 256, 'lr': 0.0003044313713323977, 'lambda_val': 0.0002521811318813136, 'batch_size': 1452, 'optimizer': 'Adam'}. Best is trial 148 with value: 0.10034987973370264.
2026-05-15 11:23:56,350 - optuna.study.study - INFO - Trial 164 finished with value: 0.10146118367350325 and parameters: {'n_layers': 1, 'embedding_dim': 256, 'lr': 0.00022509712920875443, 'lambda_val': 0.00027105881487774923, 'batch_size': 1428, 'optimizer': 'Adam'}. Best is trial 164 with value: 0.10146118367350325.
2026-05-15 11:24:00,944 - optuna.study._optimize - INFO - Trial 165 pruned. 
2026-05-15 11:24:05,342 - optuna.study._optimize - INFO - Trial 166 pruned. 
2026-05-15 11:24:39,966 - optuna.study.study - INFO - Trial 167 finished with value: 0.09802534960437108 and parameters: {'n_layers': 1, 'embedding_dim': 256, 'lr': 0.00023036295288407055, 'lambda_val': 0.0002092639387056477, 'batch_size': 1517, 'optimizer': 'Adam'}. Best is trial 164 with value: 0.10146118367350325.
2026-05-15 11:25:15,160 - optuna.study.study - INFO - Trial 168 finished with value: 0.1025988193364468 and parameters: {'n_layers': 1, 'embedding_dim': 256, 'lr': 0.00022702242674719046, 'lambda_val': 0.00021823341488413017, 'batch_size': 1292, 'optimizer': 'Adam'}. Best is trial 168 with value: 0.1025988193364468.
2026-05-15 11:25:51,036 - optuna.study.study - INFO - Trial 169 finished with value: 0.0983255132304271 and parameters: {'n_layers': 1, 'embedding_dim': 256, 'lr': 0.0001971737981961996, 'lambda_val': 0.00021838738616589145, 'batch_size': 1277, 'optimizer': 'Adam'}. Best is trial 168 with value: 0.1025988193364468.
2026-05-15 11:25:55,821 - optuna.study._optimize - INFO - Trial 170 pruned. 
2026-05-15 11:26:31,035 - optuna.study.study - INFO - Trial 171 finished with value: 0.09616935368016974 and parameters: {'n_layers': 1, 'embedding_dim': 256, 'lr': 0.00023681149744483648, 'lambda_val': 0.0002527925715150149, 'batch_size': 1259, 'optimizer': 'Adam'}. Best is trial 168 with value: 0.1025988193364468.
2026-05-15 11:27:04,642 - optuna.study.study - INFO - Trial 172 finished with value: 0.09498632263676243 and parameters: {'n_layers': 1, 'embedding_dim': 256, 'lr': 0.00023220195419719554, 'lambda_val': 0.0003911385460628974, 'batch_size': 1252, 'optimizer': 'Adam'}. Best is trial 168 with value: 0.1025988193364468.
2026-05-15 11:27:08,844 - optuna.study._optimize - INFO - Trial 173 pruned. 
2026-05-15 11:27:42,297 - optuna.study.study - INFO - Trial 174 finished with value: 0.09029379997812205 and parameters: {'n_layers': 1, 'embedding_dim': 256, 'lr': 0.00020224183689930173, 'lambda_val': 0.0006271606514156464, 'batch_size': 1235, 'optimizer': 'Adam'}. Best is trial 168 with value: 0.1025988193364468.
2026-05-15 11:27:46,876 - optuna.study._optimize - INFO - Trial 175 pruned. 
2026-05-15 11:27:51,002 - optuna.study._optimize - INFO - Trial 176 pruned. 
2026-05-15 11:27:55,357 - optuna.study._optimize - INFO - Trial 177 pruned. 
2026-05-15 11:28:28,961 - optuna.study.study - INFO - Trial 178 finished with value: 0.09402640735620121 and parameters: {'n_layers': 1, 'embedding_dim': 256, 'lr': 0.00021580650589256173, 'lambda_val': 0.0001002141779135732, 'batch_size': 1360, 'optimizer': 'Adam'}. Best is trial 168 with value: 0.1025988193364468.
2026-05-15 11:28:33,201 - optuna.study._optimize - INFO - Trial 179 pruned. 
2026-05-15 11:29:07,263 - optuna.study.study - INFO - Trial 180 finished with value: 0.10271806287116927 and parameters: {'n_layers': 1, 'embedding_dim': 256, 'lr': 0.00022351400280457083, 'lambda_val': 0.0004336169477086758, 'batch_size': 1225, 'optimizer': 'Adam'}. Best is trial 180 with value: 0.10271806287116927.
2026-05-15 11:29:11,364 - optuna.study._optimize - INFO - Trial 181 pruned. 
2026-05-15 11:29:15,535 - optuna.study._optimize - INFO - Trial 182 pruned. 
2026-05-15 11:29:19,684 - optuna.study._optimize - INFO - Trial 183 pruned. 
2026-05-15 11:29:53,829 - optuna.study.study - INFO - Trial 184 finished with value: 0.10038907576216943 and parameters: {'n_layers': 1, 'embedding_dim': 256, 'lr': 0.0001923505914637116, 'lambda_val': 0.0001426366416177081, 'batch_size': 1087, 'optimizer': 'Adam'}. Best is trial 180 with value: 0.10271806287116927.
2026-05-15 11:29:57,988 - optuna.study._optimize - INFO - Trial 185 pruned. 
2026-05-15 11:30:29,956 - optuna.study.study - INFO - Trial 186 finished with value: 0.09861262971128447 and parameters: {'n_layers': 1, 'embedding_dim': 256, 'lr': 0.00021457673616223717, 'lambda_val': 0.00017728996998788888, 'batch_size': 1154, 'optimizer': 'Adam'}. Best is trial 180 with value: 0.10271806287116927.
2026-05-15 11:30:33,947 - optuna.study._optimize - INFO - Trial 187 pruned. 
2026-05-15 11:30:39,874 - optuna.study._optimize - INFO - Trial 188 pruned. 
2026-05-15 11:30:44,162 - optuna.study._optimize - INFO - Trial 189 pruned. 
2026-05-15 11:30:48,410 - optuna.study._optimize - INFO - Trial 190 pruned. 
2026-05-15 11:30:53,066 - optuna.study._optimize - INFO - Trial 191 pruned. 
2026-05-15 11:30:57,316 - optuna.study._optimize - INFO - Trial 192 pruned. 
2026-05-15 11:31:31,463 - optuna.study.study - INFO - Trial 193 finished with value: 0.09603270877944485 and parameters: {'n_layers': 1, 'embedding_dim': 256, 'lr': 0.0002303250408892948, 'lambda_val': 0.00023456843425733422, 'batch_size': 1529, 'optimizer': 'Adam'}. Best is trial 180 with value: 0.10271806287116927.
2026-05-15 11:31:35,668 - optuna.study._optimize - INFO - Trial 194 pruned. 
2026-05-15 11:32:16,877 - optuna.study.study - INFO - Trial 195 finished with value: 0.09172631985965342 and parameters: {'n_layers': 1, 'embedding_dim': 256, 'lr': 0.0003541602329741133, 'lambda_val': 0.00019940293318501025, 'batch_size': 1129, 'optimizer': 'Adam'}. Best is trial 180 with value: 0.10271806287116927.
2026-05-15 11:32:23,544 - optuna.study._optimize - INFO - Trial 196 pruned. 
2026-05-15 11:32:27,361 - optuna.study._optimize - INFO - Trial 197 pruned. 
2026-05-15 11:32:31,190 - optuna.study._optimize - INFO - Trial 198 pruned. 
2026-05-15 11:33:01,919 - optuna.study.study - INFO - Trial 199 finished with value: 0.09147260295357494 and parameters: {'n_layers': 1, 'embedding_dim': 256, 'lr': 0.00034710041562849335, 'lambda_val': 0.00010099245354019434, 'batch_size': 1512, 'optimizer': 'Adam'}. Best is trial 180 with value: 0.10271806287116927.
